00000000000000000000000000000000
00000000000000000000000000000000
00000000000000000000000000000000
00000000000000000000000000000000
00000000000000000000000000000000
00000000000000000000000000000000
00000000000000000000000000000000
00000000000000000000000000000000
00000000000000000000000000000000
00000000000000000000000000000000
00000000000000000000000000000000
00000000000000000000000000000000
00000000000000000000000000000000
00000000000000000000000000000000
00000000000000000000000000000000
00000000000000000000000000000000
00000000000000000000000000000000
00000000000000000000000000000000
00000000000000000000000000000000
00000000000000000000000000000000
00000000000000000000000000000000
00000000000000000000000000000000
00000000000000000000000000000000
00000000000000000000000000000000
00000000000000000000000000000000
00000000000000000000000000000000
00000000000000000000000000000000
00000000000000000000000000000000
00000000000000000000000000000000
00000000000000000000000000000000
00000000000000000000000000000000
00000000000000000000000000000000
00000000000000000000000000000000
00000000000000000000000000000000
00000000000000000000000000000000
00000000000000000000000000000000
00000000000000000000000000000000
00000000000000000000000000000000
00000000000000000000000000000000
00000000000000000000000000000000
00000000000000000000000000000000
00000000000000000000000000000000
00000000000000000000000000000000
00000000000000000000000000000000
00000000000000000000000000000000
00000000000000000000000000000000
00000000000000000000000000000000
00000000000000000000000000000000
00000000000000000000000000000000
00000000000000000000000000000000
00000000000000000000000000000000
00000000000000000000000000000000
00000000000000000000000000000000
00000000000000000000000000000000
00000000000000000000000000000000
00000000000000000000000000000000
00000000000000000000000000000000
00000000000000000000000000000000
00000000000000000000000000000000
00000000000000000000000000000000
00000000000000000000000000000000
00000000000000000000000000000000
00000000000000000000000000000000
00000000000000000000000000000000
5ECEB0C8FF6FFF46FFFFFF3EB9FF0000
FFFF71FFFFFFEE79FFFFFDD872E4CFFF
FF9FFFC1FFD3FFFFFFFFFFE0FFFF50FF
FFFFFFE2FFFFF4FFFFFFFFFF8394FFFF
FFFF80FFDFFFFFFFFF868EFFFFFFFFAD
DDFFFFFFFF3DFFFFEAFF9EF76EDFFFFF
FFFFFF99FFFFFFC5FFAEFFFFFFA1DFFF
90FFDFFFFFFFFFFFFF43FFFFFFFFFFFF
FFFFFFCAF0B6FFDCFFFFFFFFE1FA10FF
FFFFFFFFFFFFF4FFFFB4DB7EFFFFFFFF
C2FFFFFFC4FFA9FFF9FFC351FFFFFFD5
FFACFFFFFFFFFFFFFFFFFFFF8DFFFFAC
FFFFFFFF66F2B1F1A3FFFFFFFFE295F3
CAFFFDFF8492FFEFFFFFFFFFFF5FFF80
FFFFFFEE97D8DBAAFFD9E6FFFFE6FFFF
FF363AFFFFFBFFFFFFFFB25DFF21FFFF
FFFFFF8BEA53FFFFFFAEFFFFFFFFFF76
FFFFFFFFD09DFFFFA0FFFF8B37CE42FF
F1FFFFFFA0FFB4AFFFFFFFFF56FF65FF
FFFFFFFFE2FF25FFE9FFFFFF21FFFFFF
C61BFFFFFFFF86FFD5FF5189FFCEC3FF
FF83FF4A47FFFFA972E2FFFFFFFFFFFF
FFD571F6FFF3FFFFFFFFFFFFFFFFC39A
FFFFFFFFFFC9FFFFFF98FFFFFF90FFC6
CAFFFFFFFFFFFFFC8738E2FFFF8EFFFF
D5FFFFFFA87EFFD7FFFFC5FF2BFFFBFF
556FCBFF44FFFFE599F0FFFFFFA7FF42
2990FF8AFFFFFFFF373BFFAAFFFFD315
FF99FFFFFF0EE5FFC3FFFFFFFFFFFFFF
FF4013FFFFFFBCA6FFFFF8FFB5FFFFFF
FFFF8AFFFF3A78FF3DCBFFFFDA714BFF
FFFFFF54FFCCFF7AFFFFB3FFFFFFFFFA
912B30FF87D8FFFFFFFF36FFFFB10000
FFBFFBFFFFFFFFC4ACFFFFFFFFC3FFFF
FFFFFFFFFFFFFFFFB2FFFFD9FFFFFEFF
FF2C41F8DBFFFFACFFFFFFFF786231FC
C6FFFFDCFFFFFFFFFFFFFF96399B765A
B5FFFFFFED3EC1FF5D8BFFC4D1FFFFFF
FFFFFFFFFFFFFFB650E5C289F2FFFF98
FFFFFFFF2BFFFFFFFFFFFFFFF2FFFFCF
FF99FFFFFFFFFBFFCAFFACC8ADFFA0FF
FFFFFFFFDD5375FF8EFFBBFF7886FF79
80FFFFFFFFFFFFFF25FFFFFFFFFF80FF
FFB4FF80FFFFFF9BBEFFFFFF60FF9451
FFFFEDFBFF6665A6FFFFADF2FFFFFF89
FFFF1B57FFFFFFFFFF96FFFFFF7CFF4C
FFFFFFA0E2ADCFFFFF49FFFFD9D1FFFF
FFFF8FFFECCBFFFFDCFFFDFF68FFCDFF
FFFFB6FF95FFFF74FFFFFFFFFFFFFFFF
FFAF7FFFFFFF54FFFFFF47FFFFE3FFFF
FFFFFFFFFFA5FFFFF9FFFFFFE0FFFFFF
FFFFFFFFFFFFCBFFFFFFFFBDFFE2FFFF
B7FFFFFFFFFFFFFF3FFFFFE4AD87DF34
FFBCFF45C1BAFF50B3FFFFFFFFFFFFFF
FFFFFF85FFFFFFFFFFFFF764FFFFFFFF
DFD6FFCDFFFFFFFFFFFFFFFFFFFF75FF
BBFFFFFFFFFFFF0FDADBFFFFFFB2FFBC
FFFFF1FF547CFFFFFFFFFFFF52FFC6A1
73FFFF9CFFD6FFFFE6FFFFFFC7FFFFFF
FFCDFFFFFFD4FFFF63D3FFFFFFFFFFEE
FFFF89FFFFFFFFC847444BFFC52DFFEE
FFE2D6FFFFFF0C88BC5DFF9DFFFFFFFF
FF7AFF9CE3FFFF2DFFFFD1FF6FFFFFFF
FF66FFFF4FFFFFFF8FFFFFFFFFD8FCCD
FE3EDF2DA77CFFFFFFFFB0FFFF590000
FFFFFFC7FFFF86DDE7FFFFDC32B4FF93
E7FF98E4FFFFFFFFFFFFFFB5FFF4FFFF
FFFFFF9C3679ECFFFFFFFFFFFFFFD1FF
FFFFFFFFA2DD5BFFFFFFFFFFFF9EFFFF
FFFFFFFFB6FFFFFF46D6FF8BFFFF9BFF
D0FFFFFFFFC5B5FF42916E5D64FFFFFF
FFFFFFFFFFFFF3FFFFD2FFFFFFFFFFFF
7FD2CCF3D0FF89A9FFFFFFBCA7C0B246
FFFFFFFFC8FFFFFFFFFFFFFFFDEDFFFF
81FBFFAF41FFFFFFFFFFFFFFFFFFFF6B
FFF8FFFFFFEBFFFFF58EFFFFEEDF63B5
FF7BAB45FFA3D5FFFFFF8C5FFFFAF6D2
FFFFFF14FFFFFFC4E0F9FFFF6ED6FFFF
FFFF91FF54FFFFA5FFFFFFEEEFFFFFFF
F9BFFFFF9AFFC0FFDEFFEDFFFF78FFFF
FDFFFFCDECFFFFFF3530FFFFFFFFFFBE
94FFFF5FFFFF76BCFFFFFFC8E5FFFC88
FFFFFFFFFF4DBBFFFFFFFFDEFFFF87D8
FFFFFF69FFFFFFDFECDB4C86FF12FFEB
C6FFFFFFFFFFCEFFFFFFFFFF46FFFFFF
73FFFFDCBFEBFFFFDCFFFFFF45FFFFFF
FFFFFFFFFFFFDEFFFF93E2FFFFFFFFFF
FFFFFFFFFFFFB9FF97FFFFFF6FCEC3CA
FFFF91FFFFFFB1FFFFFFFFFFFF70FFFF
FFFFFFFFFF35FFFFFFFFD5FFBDFFAFFF
67FFE0FFFFFFFF8AFFEFFFFFE2F3FFFF
FFAFF6FFFFFFFFFF50A8FF78FFFFFFED
F4FFFFFFF7FFFF185DBBFDFF5B8EFFF1
FFFFE3ED59FFB8CDFFFF8DFFFFFF39BF
FFFFFFFFFFFFFFB8FFFFFFFFFEFFFFBE
FFFFFFEDFF88FFFFE5FFFFFFFFFFFFFF
FFFFFFFF22BFF198BBFFFFFFC5FF0000
F550FFFFFFFFFFEBFF43FFFFFFFFFFFF
FFFFFAFFFFFFFFFFFFFFECFFFFFFFFE9
FFFFFFFFC4FF48FFFFFFFFE3FF469CA9
FFFFFFFFFFFFFF86FFFFFFFFFFFF9D88
FFFFFFCDBEFFFFFFFFB3FFF0FFFFFFFF
D2D3FF3AFFFFDAFFFFFF6C66AFEBFFFF
FFFFF0FFB0B0EFFFB267FF40FFFFF66A
FFFFFFB5C4FFFFFFFFFFFFFFFFFFFFFF
9EFFFFFF86F1FFFFFFBFFFCFFFC068FF
CFA8F7FFFFFFFFFF5E1FFF34FFFFFFB1
FFFFFFFFFFFFFFFFFFA978FFFF95884D
69FDFFFF41FFFFFFFFFFBBFFFF9BFFFF
FFC4FFD1FFFFFFFFFFFF95FF2EFF9B67
FFFF7580D6FFFFFFFFFFFFFF7F8DAEFF
6DFFFFDEFF97EF59FFFFFFFFFFFFFFFF
FFBB678EFFFFC3FFFEFFFF88FFFF7359
FFFFFFFFFF3CA576A487FFD587FFFFFF
FFFFFFFFFF67E3FFFFFFFFFFFFFFFFFF
FFFFFFB9FF1BFFC44E9AD6FFFFFFFFFF
AAFFFFFFFFFA63FFFFFFFF95FFFF5FE3
FF6FFFFFFFFFFFFFEEFFE4CBFFFFFF94
FFA3FFF0A1ADECFFFFE7FFFFFFFFC5FF
D8FFFFFF6EFF85FF5EFFFFFF801EFFFF
FFFFFFFFFFFF5FADFFD996FFFFFF62FF
FF6EFFFFFFDADAFF7CC8FFFFFFFFB5FF
FFE5FFFFA3FFFFFFFFFFFFFFFFFFA7FF
FF4CFFFF96FF56ECFFFFFFFFFFFFFFDC
FFFFFFFFFFFFB07FACC069FF3F5AD8FF
C1C4FFFFFFFF006278EBFFFFF9FFB2FF
FFE2FFF99DFFB2FFFFFFFFB4E6FFFF75
D9FFCAFFC5FFFFFFFFFFFFFFFFFFFFFF
FFFFFFFFFF16F0D1FFB0A5FFFFC90000
8DFFFFE5FFEAFF9FFF73FFB34AFFF459
8B45FFFFA3FFFF7BFFFFAFFFAAFFFF5A
FFFF6CFF45FFEE68FFFFFF64FFFFD5FF
FFFFFFFF51B7BBFFBAFFFF94FFFFFFFF
FFF0FF8BFFB6FFFFADFFFDFFFFBFFFE8
E6C6FFFFFF94C2EBAEFFFFD4FFCEDCFF
FFFF59FFFFFFB4FFFFFFFFFFFFBDFFFF
FFFFFFFFFFFFFFFFEBFFB1C7FF60FFFF
FFFF3BFFFFFFFF6AE0FFFF969DFFFFFF
FF69FF9FFFFFFFFFFFCBFFF9C6B2DDE7
FFFFFFFFFFFFFFFFFF9DFFFFFF9CBE9C
FFFFFFFFFFFFFEFFB3E68FFF2AE9FFFF
FFFFFF8FA0FFFFEBFFD82BEAFFFFFFFF
64BDFFBC579EFFFFFFFFFFFF8F50FF78
9EFFFFFFFFFFFF88FFFFFFFFFFA2FFFF
FFFDFF61FFFBFFFF70FFF2FFFFFFA5A6
FFFFFF88FF9F5EFFFF7AFFFFFFFFFFFF
FFBDFF7EA0A1FFFFFFCAFFFFFFABFFFF
FFFFEA82FF67FF88AC576EFFE0FFFFFF
FFFFFFFFFFFFFFFFFFFFFFB66DFFE3EB
F8FFAD4F958AAEBC4BFFDDFFFFFF96FF
7BF7FFA78AD062FFFFF2CCBFFFFFFFD7
FFFFA0FF45FFE959FFFFFFE5FFFFFFFF
FFFFFFFFFFFF5FFFFFD6B5FFFFC7FFFF
29FFFFFEFFADFFFFD0FFF9FFFFDDFFFF
FFFFFF9DFF44FF47FFCB9387FFFFABFF
3893FF3EFFA08AFFFF47FFFBFFFFCBFF
DFBB93FFFF52BAF0E066FFFFFFE4FFFF
CFDCFFEAFFFFC2FFFF7FCBFFFFFFFFFF
FFC3FF74B2FFFFFFD4FFFFFFFFFFFF7D
B5FFFF89FFA4FF9EFF76FFFFFFFFFFFF
FFFFFFE2A6DACF8FFFEBAEFFC3DA0000
FFDCFFFFFF48FFBAFFD7FF88B170FFFF
E9D2FF6FFFFFFF7BFFFF9EFFFFFFFFFF
82FFFFFFFFA0FBFFFFFFF5D93C8EFF2A
FFFFB1B4FFFFFFFFFFFFFFFFFFFFFFFF
FFB6FFEDFFFF5FC1ECFF6EC3FFFFFFC9
FFFFFF8AFF5AE8FFB4A6FFFF8AE8DBFF
FFB383E3FF9EFFFFFFFFFF9FFFFF9CFF
FFFFFFFFFFFFFFFFFFFFBDFFE6FFFF88
FFB4FFFF3CFFFFFFC4FFFFF7A1E2E8FF
FFBDFFFFFFFF4CFFFFFFFFFFFFFFD2BB
FFFFFFACFF66B1FFFFFFB4FFFFFF5AD6
FF0F63FFFFFFA78FF9FFFFFFFF4AFFFF
F0FFFFFEFF64FFFFFFF7418AFFFFFFFF
FFFFFFBD94FFFFFFDDFFFFFFB7BFFFD5
D7C4E696C2B7E5FFFFFFFFFF91FFFFFF
FFB773FFFF577EFFC28A9DFFCAFFE2FF
BAFFFFF5FFFFFFFFFFFFFFCFFFFFE9FF
84DEF2ABFFFFFF31FFE3FFFFF7FFFF7D
E6CAB4F6FF87FFFFFFFFFFFF23FFFFFD
FFFFFAFF9BFFFFFFFFFFFF4ABBFFFFFF
E3FFFBD0FFE8EA47E1FFFFF659FF58FF
FF9BFFFF95F2A8DDFFFFFF3EFBFFFF44
F27997E0BBFF86B8FFFFFF85FFFFFFFF
FFFFFFCA54FF97FFFFFF91FFFF7EFFFF
F9D5FFFFFFFFFFFFFFFFFFFFFFB2FFFF
FFFF57A6FFFFCFFFBEC9D9B1E9FFD6FF
FFFFFFDC8DFFFFFFFFFFFF7AEB85FF6E
FFFFD9FFD7BFFFFFFF54FF8DFFDBFFFF
4CB2FFFFFFFFFFFFB194D88FFFFFFFFF
FFFFFFFFB2FF9DFFFFFFFFFFFFFFFFFF
FFFF7DFFFFFF92C8FFBBFFFFBAFFFFFF
FFFFFFFF92D7FFFFFFFFFFFF55E10000
FFFFFFFFFFFFFFFFF4376D841AB8FFFF
FFD8FFFFFFBFFFB8FFFFFFFFFF65FF1F
3CFFD2F16DFFFFFFFFDCFFE6A8FFB1FF
FFFFFF4FF9FFB7B6FFFF52FFF8FFB7EA
FFFFFFFFFFFFFFF2C9FF82FF5B89A1BD
FFEAFFCBFFFFFFFFFFFFFFFF9BFFFFFF
B141218FC4A0FFFFFFFFFFFFFFD1FFFF
C7FF91FFFF18FFFFFFFFFF6AFFFFFFFF
FFFFFFFFFFFFFFFFFFFFEADCA7783CFF
FFFFFFFFFFFF919EFFFFFFFFFFFFFFFF
FFFFFFFFFFFFFFFFFFFFFFFF77FFD5FF
FFFFFF6FF9FFFFB6D462FFFFC4FFFF99
FFFFFFFFFFFF50FFFFFFFF8A9589FFE3
FFFFFFFFC6FFDCFFFFDDFFFFFF19FFFF
B7567DFFFFFFAEFFFFFF93FFFF99FFFF
AFFF9878FFFFFFCEEBABA6FF82FFFFF2
FFFFFDDFB7FFA9FFFFFFFFFFFFFFFFFF
FFFFFFFF50FFFFFF75FF88F2C1D4FF73
F2F7D6FFFFFFFFFFB88397FFFF6846FF
FF96FFED8BFAFFFFE8FFBEF0FFFFD2FF
FFFFFF7598FFFF41FFFFEB639BF84CFF
C2C6FFFFFFFFFFE2FFD4FFFFFFFFFF96
FFFFDAFFFFFFC7FFFFFFFFFFFFFFFFE8
FFFFD9F8BEF5ED8E96D9FFFFFF9AFFFF
FF4EFFFF8DFFFFFFFF5BAF6EDB5FD1FF
FFFF29FF88FFFFFFE8FFFFFF87B8FFFF
FDA6FFFFFFD3FFFFD3FF5DEEFFFF9BFF
6F9EFFFFFFFFFFB0FFF4FFFFFFFCFFFF
A9FF89FFFFFFFFFFFFFFFF6BA1FFBEFF
FFFFFFDDFFFFFF5C63FFFF7CFF99FFFF
FFFFFFFFEAFFA964FFD6FFC77AFF85FF
FF74FF12C18FFFFFFFFFFF8AFFFF0000
FAC2FFFFFFFFFEFFFFC95A8187FFC2B7
FFFFFFFFFFF3FFFFFFFF66A4FFAFFFFF
FFFFFFFFFFFFFFFFFFFFFFFFCDB6FFF1
AEFFFFE27946FFFFFFFFFFFFFFFFFFFF
FF7BFFFFFFD2FFFFFFFF95FF13D8FFFF
40FFFFFFFFFFFFF4FFFF8BFF36FF49FF
E4335DD879FFFFB2FFEDFFFFDC839A7D
ECFFFFFFFFA6FFFFFFFFFFFF9DFFA4FF
FFA3FFE1CABCFF3CFF52FFFF97644BFB
FF64FFFFFCFFFFFF73FFFFFFFFFF87FF
FFFFFF8AFF7BD3FF479F98CAFF6DFF25
A7FFFFDBA2D7FFB746AAFFFFFFFFFF91
FFC0FFF1FFFFFFFFFFFFFF777463D5FF
FFFF78FFFFACFFFFDCE9FFFFFF6DFBFF
BDFFFFDFFFFFFFEDFFFFFFFFFF80FFFF
FFF8FFFFFFFF8FFFFF4BC2FFEBCCFFFF
C10AFF67FFFFFFFFFFFFFFD7FFFFFFFF
FF89FFFFF9FFFF68FFFFFFFFFFFFFFFF
EAE5FFFFFFFFFFFFFFCE44C0FFB4A9FF
F4FFFFFFCBFFACFFFFFFFFFFD9B05C75
D7FFFFFF3EFFEA5DB7CAADFFFB1DFFFF
FFFF81FFFFFFFFEAFFFF32FF59FF99F7
FFFEFF67FFFFFFFFFF61E3E0FFFF39FF
FFFFFFFFFFBAFFFFFFFF89FFFF818BFF
FF6CF3ACFFFF6D44FFFFFFFFFFFF2FFF
68D795D45EFF3EFF7EFFFFFD9AFFFF90
D18EFFFFFF75FFDFFFFFFFFF50FFFFFF
FFFFE8FFFFFFFFFFFFFFFFE1FFFFBEFF
FFFFFFFFA8FFB5FFFFFFFFFFFF7DFFFF
FFFDFF61FF83FFD5FFFFFB62FFC7FFFF
36FFBAFFFF0DFFFFFFB2FF6ED6FFFAFF
FFFFFFE7FFFFFFB394FFFFFFFFFF0000
C4BCF0FFD0FF8DFFC1FF53FFFA782AFF
FFF775FFFF5E91FFFFFFBFFFFFFFFFFF
39FFF8E09478FFFFEAFF9EFFFFFFFFFF
FFF7AA8EFF81FFFFC4ACFFABFFFFFFFF
9FFFEED0FFFFFF8CFFB0FFFFABE6FF67
FFFF99FFFFFFFFFFA9FFFFEDD569FFFF
A6ED90D7D1795B45FF32FFFF8856735D
FFFFE650FF62FFFFFFFFFFFFFFE0FF99
FFFFFFFF8699B1FFFFFFFFA0FFFFEBE3
FFBBBCFFFFAAFFFFFC519FFF8BB5DCFF
FF10FFFFFF7DFFFFFFFFFF73F538FFFF
FFFFFF91FF8EAC9E545CFF89FF9AE2D2
FFFFFF719BFFFFFFFFFFFFFFFFFFFFFF
27FFD2FFA8FFFF51B04DFFACFF8DFFFF
7AFFF4CC75FFC5FFFFE1FFFFFFCEFF52
BFFFFFFF6EFF55CDFEFF59F1ACFFFF9F
FFFF7DFFFFFFFF43FFFFF3A69233FFFF
FFFFE518FFFFFFFFFFFFFFC5FFFFC1FF
FFFFFFFFFFFFFFFF914734C4FFFFD5FF
FFFFAB24FFFF19FFFFF1FFFFFFA2BDFF
FFFFBDFFFFFF938DB2A34B688FFFFFA2
FFFFFF42FDFFFF67D7FFFFDCFFFF2FFF
FFFFFFC1FFBDFFFFFF7EFFFF7DCCFFFF
66FF8EFFABFFF8CEE0FFFFFFFF6FFFFF
9DA18ED7FF8AFFFFFFFFFFE4C8FF65FF
FFD4EAFB8BFFC0FFFF55FFFFE77BB9CB
FFFFFFFFFFDFFF708BFFFFC7FFFF62CF
68FFFFFFFFFFFFFFFFFFFFFCFFFFFFFF
FF43FFB0FFFFFFFFFFFFF2FFFFDBFFFF
5EFFFFFFFFFFFFFFFFBFF7FFFFB8FFFF
FF5EFFFFFFFFFFFFEDFFF2FF99FFFFFF
FFFFCABCF0FFFF71FFFFFFFFFFAD0000
C5FFFFFFFFFF83FFA5F3FFFFFFFFFFFF
FFFFFF21FFFFFF7BFFDEFFAE9CFFFFA8
B7FF82FFFFEE72B7FFFFB5FFFFCC88FF
37FFFFD5FFFFFFFFFFFFDF4BE8FFFFFF
FF65DCFFA2FFFFFFD8FFFFFFFFFF39FF
FFF4FFFFFFFFFFF7DD9948FFFFFFFFFF
2032FFF275FC5926FF98FFFFDBA288FF
91DFFFDDFFFFFFB8FFAFFFFFFFFFEF49
FDB25AFFC3FFFFFFFFFFFFA2FFA3FFFF
FFE486FFFFFFFFFF46FFFFFFFFFF7BFF
FFFFFFFFFF76FFFFFFFFFF6CFFFFFFD3
FFFFFFFFFF34B06F08FF5BBF5AE1EC98
54FFFFFFA0F2FFFFFF3C8E7C6517977C
D7F5B4EEA54FFFFFB4FFFFFF4CFFA0FF
415AFFE9FFFFFFFFFFFFFFFFFFE8FFFF
FFFFFFABE0AA90CAFFADB8FFFFFF93FF
FFB06AF3C9FFFFC89D4994FFFFE8FFFF
FFE5FF3AFFE9FA47FFFFFFFFFFFFFFF9
92FFFFFFFFFFFFBAFF64C1FFFDFFFFF8
E7FF95A0FFFFFFFFFFBD93FFFFFF2F89
FFFFFFB791918098FFFFFF7487FFE7FF
30C0FF8EFFFF5BF2BCFFFEFFFFFFFFFF
FF61FFFFFFFFFF2D94FFBDFFFFFFF1FF
FFFFFFC4FFFF94FFFFC8FFFFFFFF76FF
FFFFFFFFD3FF8BFFFFEFFFFFFF54FFFF
FFDFA0FFBAD9A3FFFFFFFDFF7DFFFFF1
FFFFFF5FFFFFEDFFFFFFFFAAFFFFFFCA
FFC2FFFFFFFFFF62C0DEA5FFCBFF7AFF
FFFFB1FFFFACFFFFFFD567FFFF9CE1FF
FFFFFFFFFFFFFF9847DCFFFFFF9675BA
FFFFFFFFFFFFFFE8FFE2FF56FFCAFFFF
FFFF37FFFF58FF71FFFFFFFF82FF0000
56ACD1C7FFFFFFFF6466FFFFFFFFFF83
FFFFFFFFFFC6FFFFFFFFFFFFE5168C62
FFFFFFFFFFFFFFB1CCFFD5FFB0407ED0
FFBEFFFFFF26FFFFD7FFCBFFFFFFFFFF
FFFF3DFFD4FFFFBDFFFFC8BAFFB5FFFF
FFF6FFFFFFFFFFBFFFFFFFFFFFFFFFFF
F6352AFFFF82FFFF92FFFFFFFF34C4D3
FFFFFFFFDFFFFFFFFFFF9CFFE6FFE9E4
FFFFFFFFFFCFFFFFFFFAFFFFA9FFB7FF
5BFFFFFF6DFF82FFC6FF5CFF8AFFFB8A
A0FFFFFFFF62FF09FFFFFFFF93FFFFFF
D4FFE9FFFFFFFFFFD9FFFFFF9EA2FFFF
BBFFFFB8FFFFFF20CA68FF7AFFFFFFF0
FFFFFFFFFFFFFFFFFFECFFEDFFFFFF41
F6B2CE94FF98FFF159CAFFFF1BFFFFBF
FFFFFFFFFF89FF66E044FFFFFFFFFFB3
B829FFFFFF9EFFE0ABB9DFFFFFFFFFFF
FFFFFFFFFFFFFFFFFFFFE2FFDDFFFFFF
FFFFFF26FFFFFFFFFF8CD0FFFFFFFFFF
FFFF88FFFFFFFFFFFF7FFDFFFFEAB2FF
FFC2C984E68A59FBFEFFFFFFA3FFFFCF
ECFFFFFFFFFFFFFF90D5FFFFFFFFFFFF
EDFFF4FFFFFFFFFFB8FFFFFFB9FFFFFF
CBFFFFD17FFFFFFF24FFFFFFFFFF107D
FFFFFFFFD47DFFFF7FFFFFFFFFFFB3C4
E6FFFFFFFFFFFFFFFFFFFFFFFFFFFFF7
7888FFFFFF60CCFFF3FFFFFF8AFF8542
FFFF6BFFFFFFDCFFFFFFFFFF91FFFFFF
0CFFFFFFFFEAFFEC3CF7FFFFFF9BFFFF
EEFFFFFFFFFFFFFFFFFFFFE6FFFFEBFF
FF6EC46FFFFFFFEEFFFFFFFFFFE9FFFF
FFFF5988FFFFFFD5FFFFFFFFFFFF0000
FFFFFFFFFFFF6D6BFFFFFF8DFFCAFFFF
B8FFFFFFFFFFFFFFFFFFFFFFC573FFEF
FFFFBAFFFFFFFFFFE6FFFFFFFFFFC469
61FFFFFFFBDA3BFFFFB0FFFFFFFFFFFF
8DFF96FFFFFFFFFFCBFF8FB0FF7EFFFF
FFFFFFC1B4FFFFFFFFD1FF83FF73FFFF
DCFFD6FFFF6D5A21E6FFFFFFFFBB8476
FFFFFFDEFFFFFFFFFFFFB6FF6BFFFFFF
FFFFF1FFFF1DA59DFFFFD2FFFFFFA0FF
FFD0FFFFFFFFFFFFFFFFFFFFFFF9BDFF
FFFFFFFFFFFFFFFFFFFFFFFFEBFFFFFF
6EC14CFFFFFFFFFFFFAC97FFB779BFFF
7EFFFFFFFF66FFFFFFFFDCFFFFE180FF
FFFFFFFFFFEAFFF7FFFFFA9980FFAB80
FFC7FFFFFFFFFFFF5ECAFFA4F2FFFFFF
FFFFFFFFFFFEFF854FC1FFFFB2FFFFFF
FFFFFFFFFFFFFFBA6AFFFFFFBB8BFFF8
FFFFFFFFF4FFFFFFFFFFFFFFFFFF5EFF
D8FF60FFFFFFFFFFFFFFFFFFFFFFFFCC
FF7391FFFFFFFFFFFFA0849EFFEBC0FF
FFE4FF79FFFFFFB9FFFFB9FF37FFB6FF
FFBBFFFFFF9CFFFFC35EFFFFFFFFFFFF
EDCD45FFFFFFFFFFE4FFFFFFFFF5FFE5
FF5DFFA898FFA87B2242F4FFFF5CFFFF
EDFFFFFF44FFFF84FF88E4FFDD62FFFF
96FFFFFFFFFFFFFFFFF39EFFFF77FFFF
D6BCFFE5FFFFFFFF69FFAEBDFFFF82A6
8B4885A1B7BBFCB2FFFFFFFFFFFFFF82
FFFFFFFFFFFFE6FFFFFFD1FFFFB8FFFF
DEFBFFFFFFDFFFFFCB8FB4F7FAFFFFFF
FFFFFFFFFFFFF1FBFFFFFF36CBFF4FFF
FFFFDFE9D3AFFFFFFFFFFFFFA8FF0000
FFFFFFD4B9FFFFFFFFFFFA2E6BF36EB5
A4FFFFFFEBFFFFB75AF9AEFFFFFFE7FF
64FFA148FFFFFFFFC5C5BEEAE9FFFF6B
FFFFFFEFFFC1A2F5DDFCD9FFFFFF618B
F5FFB514FFFFFFFFFFFFFFFFFF6EFFFF
D9FFF716FFFFF5FFFFFFFFFFFF856AFF
FFFFFFFFFFFFFFFFBF60FFFFFF2DFF94
FFFFDD9B66FFFFFFFFFFACFFFFFFFFFF
FFFFFFFFFFFFFFA0FFFF6B9DFFFFFFFF
FFFFFFFF90FFFFFFEDFF8BFF94FFF6FF
93FFFFFFA8FFFFFFEEFFFFD0FF5EFFFF
FFFFFFFFFFFFFFFFFFFFFFFFFDA1D8BA
FFFFFFFFFFE2FFD7FF2BFFEDFFFFFFFF
FFE4FF85FFFFFFD7FFE8C8ACFFE0BCFF
FF12FF26FFBFC7FFFFCFFFFFFFFFFFFF
FFB862FFFFEDFFFFFFFFC4E752FF69FF
A897ECFFFFFF61D93BFFFFFFFFFF3AC4
FF7BFF95ADFFFFFFFFFFE8FFFFFFFF50
8C3B6DFFFFF4FFFFCC5EFFFFFF8AFFFF
FFFF65FFFFE4FFFFFFFFE8FF6CFFFFFF
FFFFFFF2FFC1FFFFFFD4FFFFFFD7D69F
90789CFFAD935EFF82BFE5FF77DF8AFF
FFFFFFFFFFFFFFFFFF95FFFFFFFFFFFF
7AFFFFB6F8FFFFFFFFFFC149FFFFFFFF
DBFF54FFFEFF803BFFFFFFFFFFFFB6FF
BD7EFFFF90FFFFFFFCF3FF59FFFFFFFF
FFFF69E56FFFFFFFC5FFFFFFFDFF716A
FFFF62D3A4E4FFFFFFFFFFFFADFAFFF2
FFFFFF1DFFFFFFFFE194D4FF6CA1EDDC
FFFFFFB8FFA0DC3FE5FFFFFFFFFFFFDC
FFFFFFFFFFFFFFFFFFFFFF4CCAFCFFFF
FFA385FFFFFFFFFFFFFFB5FFFFD90000
FFFF8FFFFFFFFFFFFFAB41FFFF4FFFFF
37FFFFFFFFFFFFFFFFFFFFE661FFDEFF
FFFFFFFFC497FFFFB4FFFFFFFFF9FF2F
4AB4FF7887FFFFFFFFFFFFFFFFA0C3FF
E297FFFFFF5EFFD4FF6CFF9BFFFFFFFF
6194FF76FFC0B0FF86B9EFC6BFABFFFF
FFFFFFFFFFFFFFA9FFA2CA1BFF8CFF78
FFFFFFFFFF94FFFFBDFFFF86FFFFFFFF
FFFFFFFFE1FFFFFF73FF91248DC2FFFF
FFFFFFFFFFE5FFFFFFC16BFFA3FFFFFF
FFFFFFFFFFFFFFFFFFFFFFFFDAFFFFF4
FF7BE5E091FFFF93F09DFF6FFFFFFFFF
7AFFFFFF5D31FFFFFFF8F1FFFF57FFFF
93FFFFFFFFFFFFFFFFD2FFFFFFFF803D
FF7BFFFFFFFFFFFFFFFFCBFFFFFF8A4F
FFFFFFFFFFFFFF79FFFFFFFFFFFFCFFF
B7D774FFFF5ED865D3FFFFFFFFABFFF7
FFFFFFFFFF95FFFFFFFF74FFFFFFBEA3
FF9FFAFFFFFFFFFFFFFFFFFFFFFFFFFF
FFFFA5FFFFDAFFFFFFD8FFFF90FFFFFF
FFFF65B84AD9FFFF92FFFFD1FFC0FFFF
F8FFECFFFFC9FFFFFFFFFFD1FFFF86AA
FF6AFFFFFFFFAB51FF79FF79FFFFFFE9
FFFFFFFFFFFFFFFF48FFFFFFFFE7FFA7
FF94FFFFFEFF5EFFFF62F5FFFFFFFFFF
AAFFA8FF63FFFF3C6FE1FFFFFF6268FF
78FEFFD4973FF6FF4AFFFFFF53FFC86C
FFFF47FFFFFFFFFFFAC3FFFF898CFFFF
FFFFFFFFFFFF8365FFFFFFFFFFD9FFFF
FFFFFFFFFFFFFFF2FFFF8377FFFFFFFF
FFFF3AFFFF52F5FFFFFFFFAED6BAFFA5
FFFFFFFFFFFFFFFFFFFF95FFFFFF0000
FFFFFF78FFE3FFC6FFFFFFFF9FFFFFC2
ADFFFFFFFFFF37FFFFF6A8FFFF87FFFF
FBF2FFFFFFFFFFCA70B0FFFFFFFF7DE7
53FFDBF9C8FFFF88FFFFFFFFFFDD54FF
F1D2FFBEFF98E3FFFFFFFFFFFFFF2EFF
7B81FF20C1FFFFFF755DA670ECFEFFFF
FFFFFFFF89FFFFFFFF6AA4BF85FFA376
FFFFFFFFBABB55AFFCFFFF68FFFFBAA5
FFFFFFB8FFFFDD91FFFFFFFFFFFFFFFF
A7ECFFAEFFFFFFFFFFFF48F6FF6DFFE2
FFFF3D7AF5FFFFFFFF5EEFFF9CC4FFFF
FFFFFFFFFFFFFFFFFF3AFFFFFF4294E5
F3FFFF74FFFFBF97E1B842FFFFFFFFFF
FFFFA1FF5DF222FF6C9984C1D0FFFF7E
FFC7DEFFBBC331FFFF8539FFFFFFFFFF
FFFFFFFFFFFFFFFF8189FFFFFF91A5C1
1CF8FFEB1DDCB89DE5FFFFFF459EFFFF
FFBB809445FF31B6EEFFFFFFFF91FB9A
FFFFFFFFFF7D93FFFFFFFFFFFFFFFFFF
FFFFB0FFFFFFFFFFFFFFFFFF9484FFFF
FF552ABAAE96FFFFFFFEFFFFFFFFFFAB
D2FFFFD19E5283FFFF66FFF0FFFF8088
FFF3BFFFFFFFFF6AFFFFFFFFFF3CE2FF
FF818B6DFFCBFFFF34DC5FFBFFFFFFFF
FFFFF3FFFFFFFFFFFFFFC0FFFFEFFFFF
FF64FFFFFFFFFFFFFFFFECFF1F9BFFFF
F5A0FFCBFFFF4049FFA1E8FFFFFFFFFF
FF6FE73CFFEDFFD18BE7FFFDFFFFF8FF
FF78FFFFFFFFFFFFFF96FF60C4FEACFF
FFFFFFFF25DEFFFFFFFFFFFFFFFFFFFF
FFADB1FFDC56FFFFFFFFA9556EFFA0FF
FF8BFFFFFFFFFFFFFFFFFFFF65FF0000
FF76FFF3FFFFFBFFFFFF6B71E8FFFFFF
F5DAFFFFFFEE8509FF49FF6B55FFF62D
FFFFFFAEFFFFFFFFFFEAA8FFFFFDFFF3
E0FFFF5FFFFF62FFFFA2FFFFFF69FFBC
D2FFFFCCFFFFF290FFA6BFFFD9FF23FF
CD0DA5B8FFFF535142FFFFFFFFFFCBFF
66FFFFFFFF63FAFFFFBD2FFFFF15E816
94C0FFB83EFFFFFFFFD9FFFFD6FF4B68
FFFFFFFFFF87FFFFFFFFFFFF53FFFFFF
FFFFFFFFE5FFB7FF7AFFFF4CCA5DFFFF
FF4867ADFFB708FFDEE7E528FFFFFFFF
FFFFA8FFF2B2FFFFFF44FFFFF4FFECFF
FF45C4FFFFC4ED94F0FF2564C0FF74FF
308E7BFFFF44C7FFFFEB81B5E0FF9DFF
81F185FFFFFFFDFFB9FFFFFFFFFFFF5B
FFE0FFFFFFFFFFFFFFFFFFEAB6FFFFFF
FFFFFFFFFFFFD85F9CD4FF89FFFFFF8D
FFFFFFD8DEFFFFFFFFFF563365FF5FFF
FFE6FFFFFFFF14FFFFFFFFFFFFFFFFFF
FFB293FFA3E2FFFF90FFFFFF9AA7B3FF
FFFFFFAB9F57EBFFFFFF0EFFFF315DFF
FFFFFFFFFFFFFFFFFFFFFF32FFF1FFDB
FF43FFFFFFF7FFFFDEFFADFFDCFFFFF7
FFFFFFFFFFE5ED10FFFFFFFFFFEFFFFF
FF8AFFFF81FF64FFFFFFFFFFE7FFD6F0
FFFFFFCFFF83FFFFD860FFFF8492FFFF
9E27FFFBFF41FFFFFFFFFFFFFFFFDCFF
FFF6FFFFFFFFFFFF3AFFFF86FF7AFFFF
FFFFFFFFFFFFFF92FFFFFFFFFFFF91FF
FFFFF9FFD16743FFFFFFFF3A33DFAAFF
FFFF21E75ED5FFFF70FFFFFFFF4EFFFF
F265FFFFFFCDFFFFFFE87AFFFFFF0000
FFFFFFDB9DC2FFFFA1FF9AFFFFFFFFFF
FFFFFFFFFFB66CF5FFFFFFC6CEFFFFFF
FFFFFFDD2C5BFFFFE15171FF49FF90FF
FDFF1CFF68FFFFFFB2FFFFFF61FFFFFF
FFCD487669E8FFFFFFFF46FFFFFFFFFF
FFFFFFFFFFFFFFBFE6FF9DFFFFFFBEFE
D6C2FFFFFFCFBC86FFFFCDFFFFFFFFBA
FF6AFF8D53C5E1FFFFFFD3FFFFAEF08F
FC3DFFFFFFFF85FFFFFFCFE66EFFD9FF
FFA7FFFFA5FFFFF2FFFFFFFFABFFFFFF
FFFF6F69BFFFEFFF38FF8FFFFF5CD5FF
3FE2A9FFFFFFFFFFBAFFFFFF70FFFFFF
FFFFA846FFECFFA4FFFF8EB54FABEAF3
FFFFFFFFFFDFFFFF8BFFE6FFFF97FFC9
A7833B92C65982FFFFFFFFFFFFFF3BFE
FFFFFFA3FFFFFFFFFFFFFFFFFFFFFFFF
78C0FFFFFFFFD97DFF64FDFFF8FFB7DB
76FFC8FF8C8268FFFFA7FFFFFF9294FF
FFFFFFFF93FFFFFFFFFFFF88FFF4B3FF
FFFFFFFFFB68E3FFFFFFFFFFFFFFFFFF
FFFFD77FF1FFFFFFFFFFFFFFFFFFA5FF
FFFFFF7EFFFF612AFFFFFF52FF4FFFFF
E99AE0FF71FFFFFFFFFFFFFF83BE5791
97FFFFFF33FFFFFFB1FFFFFF5C579250
FFFFABFFFFFFEC8CC5DEFFFFFFFFD4FD
EDFF6EFFFFFFFFFFFFFFFFA9D4ADFFFF
8A71FFFFFFDBC0FFFF77FF9BFFFF65FF
FFC3FFFFFFFFFFFFFFF6FFFCFFFFFFD2
FFFFCEFFFF68FFFFFFFFFFFFCDFF55FF
3AFFFFFF7AF7CA67FF9431FFFFFFFF22
FFF4C4B598A5CBA1FFFFFFFFFFFDFFFF
FFE5D354FFFFCA97F0BC7072FF750000
EAFFCB2C2AFFFFFFFFFFFBFFFFCCABFF
CCFFE94AFFFFFFC3FFDCFBFFFF93FF8C
FFFFFFE0FFEBFFFFFF3D95FFFFA6FF6B
FFFFFFFFA9FFFFABFFFFE5FFDFFFFFFF
E7A22C5DC8FFFFFFFFE6FF9DB5FFFF96
FFFFFFFFFF5DFFB5FFFF82FFFFFFB85E
DDE157C7FFFFBDFF6B37FFFFFFD4FFFF
FFFFFF8B97FFFFFFFFFFE727FFFFFF92
FFFF7BFFD3FFFFFFFFF59EEBFFFFFFFF
FFFF44FFFFFFFF93FFFFC6FFFFFFFFFF
EDFFFF79FFFF1AFFFF2DFFFFFFFFFF74
BAFFFFE0FFC71AFFFFFFFF40FFFFC0FF
B390C6FF98F8FFFFFFF6EFFFC3FFFF8F
FFFFFFFFFF2AFFFFFFFFFFE3FFEBBCBB
FF9293FFFFFFFFFFECEAFFFFFFFFFFFF
FFFFF0FFFFFFFFFFFFFFB3FFBAE9FFFF
FFFFBBE1D0FFE9FFFFFFFFFF28A78CFF
FFFFFFFFC8F69CFF4FFFFFFFC1E5B4D8
B2FFC1FFFFFFFFFFFF9683FFFFFFDAFF
5EFFE35BFEFFFFFFFFD6FFFFD6FFFFFF
FFFFFF65D7FFFFE4FFFFFFEBFBFFFFFF
FFC6FFE07AFFFFFFFFFF9AFFFC766AFF
5AFFFF9FFFFFC9FFFF4AFFFFFFFFFF76
82FFFFFF18FFD3FFFFFFFFFFCC6EBCFF
FFFFFFFFE9FFFFFFFFFFFFFFFF92FFFF
89FFFFFF8599ADFFFFFFFFFFFFFFB8FF
FFFFFFF1FF30FFFFFFFFE7FFFFFFFF74
FFFFFFFFFFFFFFFFFFFFFFFFFFFFFFFF
D6FFFFFFFFFF90FFFFFFFFFFFFED48FF
FFFFE6FFFFFFFFFFFF7DBDFFFFFFFFFF
FF8FFFD6FFFFB9A0FFFFFFD7EEDDFF0D
A8FFFFFFFFD7C8EBFFFFFFFFFFFF0000
99C5FFFFFFFFFFEAFF5CFF288B64A3FF
BBFF988EFFFFFFCCFFD98AD7FFFF72ED
CECAFFFFFFF0FFFFFFFF8EC6FFFFFFFF
98FFD7FFFFA0FF8CFFFFFF75FF2F36B0
FFFFCCCB93FFFFFFFFFFFFFFFF3AFFFF
F5FFFFC2FFFFFFFF42FFE2FFFFFFFAB3
FFFF77FFFFFFBBFF28CC63E2A3D2FFFF
FFFFA2FFFFFFB7B2ECA2FFADF4FFDC57
A4FFFF78C7AED4E1FFBD75D085FFCEFF
FF6CFFFFFFAB40B0FFFFFFA0CAFFFFEC
FFFFFFFFFFFFFF32FFFFFFCCFFFFFFFF
FFFFFFFFFF92F9FFFF43FAFFA2EFFFFF
FFFFE7FFFFFF67FFFFF3B5FFFFF8FFFF
FFFFFFFFFFD4FF9DFFFFFFFFFFFFFFFF
FFFF88FFFFBAFFFFFFFFFFFFFF5E2A65
4484FFFFF1FF77FF7AFFFFFF69FFFFE6
FFFF9F91FFFFFF99B0FFFFFFFFFFFFFF
FF48FF15EA3A88FFFF68FFFFFFEA76FF
FFFFFFFFFFFFFFFFFFFFFFFFFFC29ACD
9EFFB7FFFFFFFFFFFFEBFFFFDAFFFFEE
C8A5FFFF93FFFF9CFFFFFFFFFFFF7EA0
FF43FF2DD4FFFF4EEAFFFF5AFFD8CFFF
2CFFFF63FFFFFFFFC3FFFFFFFFFFFFFF
8EFF42FFA227FFFFFFF0FFFF6BF24FFF
D0FFDAFFFFFFFFFFFF58FFFFFF97FFC4
FFE2FFFFFFFFFFFFFF6FC6FFFFFFFFFF
FFFFFBE3EFFF3AFFEDFFFF9BDEAAFFFF
FFFF97FFFFFFFFA3D187FFFFFFDFFFFF
FFFFFFFFACFFAFFFFFFFFF63FFFFFFFF
FFFFFFE6ACDDF3DEB875FFFFFFFFFFBA
FFFFFDFFFFC49CFFF47665CE94F8AAFF
FFFFFFFFFFFFFFFFFFFFFFFFFFFF0000
4ADEFFCA5BFFFFFFFFFFFFFFFFBA62AF
FFFFBC56F7FFFFC3FFFFDFB2FFFFD586
FFAFBDFFE7FFFFFFFFEDFFFFFFFFFFFC
FFFFFFE1FFFFFFB1BEFFFFFF71FFFFFF
FFFFFFB2DE63FFFFFF52FFFFFFFFFFCD
FFFFFFFFFFC0FF7859FFFFFF28FFFFFF
FFFFFFFFFFFFACB5FFFFF6FFFFFF36FF
FFFFE0FF69D655FFFFFFFFFFFFFFFF43
FFFFFFFFFFFFFFFFDC6450FFE7FFB3B1
FFFFFFABFF6667FFFFFF8AF972A6FFFF
FFFF854DDCFFFFFFFFFDFFFFFFFFFFFF
FF3368D8FF72FFFFFFFFFF6CFFFFFFFF
E7FFE2FFD8FFFFFFFFFFFF73FFFFFFFF
FFFFEE90FFFCFFFFFFFFFF86FFFF40FF
FFFF806BFFF4FFFFD2623ED63FFFFFFF
FFFFB79E6482FFFFFF19FCCDFFFFFFFF
FF7992FFFFFFFFFFB7FF3EFFFFFFFFFF
FFCAFFFFBBB3D4FFFFFFFFFFFFFFC3FF
D3BBFFFFFFFFFFFFFFFFFFFFFFFF75FF
21FFF7FFFFFFBCFF8BFFFFFF90CBFF59
8DFFFFFF3BFF6EEFFF96FFFFFFEFFF8E
FFFFFFFFFFFFC7B0E4FFD9FFFFFFF5FF
89BA6EF0FFFFFFFF1ED8FFFFFF44FFFF
9EB6FFFFFFC5FFFFFFFFFFFF76FFFFA3
D4FFFFFFFF3CFFFFFFFFFF3FA8DA60D9
FFFFFFFFFFFFFFFFED753DFFD7D8FFFF
FFFFFFFFD851FEB9FFFFFFFFFFFFFFCD
FFFFFFFFFFFFFFFFBBA2FFFFFFFFFFFF
FF5CFFFFFF99FFFFFFD4FFFFFFFFF4FF
8DFFFFBC54D2FFFFE4FF4AFFFFEDFFFF
41FFFF89FFFFFF6345FFFFF2FFFFFFFF
FFFFE1FFC2FFFFFFFFFFABCCFFB00000
8F6EFFA972A0FFFF49FFFFE164FF7B6D
FFB7FFFFFFFFFFFFACFFFFFFFF91FFFF
FFA0AAFF8AFF9EFFFFFFFFFFFFFF0BBE
FFE0FFFFFF779F74B3FFFFC8FFF9FFFF
FFA06EB3FF85FFA3FFE8ABF324FFFFFF
FFE481FFFF7657FFA0BCFFFFFFFFB3FF
FFFFFF64FF7A3FFF8FFFEBFFFFFFE7FF
5125FF98FFFF9DFFFFFF1657D583FFD3
FFD8B6FFFFFFFFFFE96AB6C2C0FFFFFF
92F9FFFFFF3691FFFFFFFFFFFDFFBFFF
E834FFFFF8DA58A3FFFFFFFFFFBAFFFF
93FFFFFFBEF4E0FFFFFFFFFFACFFFF4F
6FFFFFFFFFA5FFFFC537FFFFD3FFFFFF
FFFFFFFFFFFCE6FFFFFF9CFBFFFFFFFF
FFFFA194FF6F5EFFFCFFBDFFFFFFFFFF
F3FFE2F4FFE6FFFFFFFFE1FFFFFFFFFF
FFFFFFFFFFFFFFFFFFFFDEFFFFFFFFA4
FF9EEDFFFFD3F7FFFF41EDFFFFFFFF80
FFFFF6FFFF5BFFFB45FFD3FFFFFF36FF
F6FFFFFFACFFFFFFFFFFFFFF92FFFFFF
FF92639AE0FFFFFFFFFFA5FFFFA0FF91
FFFFFFFF96FFFFFF8EFFBFFFFFFFB5FF
C776FFFF9DFFFFFFFFFF7CFFDFFFFFFF
3EFF74FFC8865BFFFFFF8FEEFFFFFFAD
87FFFFFFFFFFBCFF4CECFFFFFFFF6EF2
FFFFBCFFFFFFFFFF8D9A8682FFFFFFFF
FFFD80FFE6FFFF34B0FF96C5EBFFFFFF
FFC0867FB9FFFFC779FFFFFFFF41FFFF
81FFFFFFFFFFFFFF75FFFFFFFF9DFFFF
FFFF75D3FF24FF49FFFFFFEA86E2FFFF
FFC8FFFFFF1991FFFFFFFFFF69E2FF73
FFFFFFFFFFFFFFBD94FFFFFFADFF0000
FAFFADFFB2EC8387FF79FFFFCC5CFFFF
FFFFFFFFFFF676FF67FFFFFFB97AE4FF
FF8A91FFFFFF3CFF84FFFFFFFFFF75FF
FFFF2DFFFFF8FFE5FFFFFFFFFFFFFFFF
FFECABC1FF95FFBEFFFFC46C97FFFFFF
FFE1FFFF8D56B6FFBBFFFFFFFFFFFFFF
FFFFFFDB64C9C3FFFFFFFF63FFFFEAFF
FFFFE4FFA0FF84FFF273B3D8DC83FFFB
82D3FFDBFFFFEFFFFFFFF8AAC8BF69DD
B64BCFE9A7FFFFB32BFFFFFFFFFFFFFF
ADFFFF998312C0FFFF86FFFFFFFF42FF
FFFFFFF4FFFFFFFFFFCFFFFFFFE9FFFF
2EFFFFFFFFB2FFFF9F6AFFFFFFFFFFFF
C4FFFFC4FF4391FFFFFFFFFFF9FFFFD1
FFF93EFFFFFFFFFFFFFFFF71FFFFA39D
FFFFFEFFFFFF19FFFF4FC8DFFFFFFFDA
FFFFFFAAFFA8F9FFAEFFFFB5FFFFFFFF
FFFFFFFFFFC0FFA3FF64FF97FF7FFFFF
4047FFFFFFFF7AFFFFFFFFFFFFBCF5FF
FFFFFFFFFF77FFCDFFFFD4FFC4FFFFBF
FFFFFFFFFFE59840FFFFFFFFFFD9FFFF
FF8FD1FFFF63EBFFFF9CFFDAB9FFFFFF
FFFFFFFFD3FFFF84B186C8FF9093FF71
FFFFFFFF9821D59587FFFFFFFFFFD2C0
76F6FF8CB8FF8FFFFFFFFFB734E1E2FF
8BFFFFFFFFFFFFFFC3C5FFFFFFAD404E
FFFFC2FFFFFFFFFFFFBAFFEF5AFFFF76
BCFFFFFFFFFFD6FFFFFFFFD6D8FF21FF
FFFFFFFFFFFFFF9DFFFFFFE01DFF64B3
FF65FD5A83FFF8BBFFA5FFBF98F5FFA1
FFFFFFFF4EFFFFFFFFFFFF79FFFFFFFA
FFFFF8CD9D44E7FFCDFFFFFFC92D0000
FFFFFFA1CAE1E9E2FFFFFFFF5BCEFFFF
ACFFFFFFAEFFFFFFDAFFFFFFFFFFFFB3
FFFF8CE4D871F6FFFFFF5DFFFFCF94CA
DDFFFFFFD945FFFF68FFDFFFFFFFFFFF
E395FFFFC1FFFFFFFFFFFFC0FFFFFFFF
FFFFFFD02BD3BDFFFF66FFFFFF7BFFFF
73D6C991E9F4B8FFFFFFFFABFFFFFFFF
80FDFFFFFFFFB1FFFF46436EAB5C64FF
FFFFFFC5FFFFFFF451FFFFFFFFFFFFFF
7A29CD22FFFFCA338BFFFFFFC3FFC683
FFA4E8FFFF32F69BFFFFB5FF29FFFFFF
FFFFFFE5FFFFFFFFFFAAFFFFFF35FDCC
FFD8FFFFFFFFFFE8FF96FFFFFF9974AE
FFFFFFFFFFFF90FFFFC2FFCDFFFFFFFF
89FFFFFFFFE9FFFFFFFFFFFFE0FF79FF
A88BD356FFBBEAFFFFFFFFFFFFA2FFFF
FFFFFFFFFFFFFAFFCBFFDF9DFFFFFFFF
38BED5FFC3FFCEFFFFFFFF96FF70AB92
FF88C3FFFFCDFF3BFFFFFFFFFFFFDCF1
88FFEBFF90FF74FFFFFFFFFFFFFFFFFF
FFFF59FFFFABFFFFFFA7FFFFFFFFFF84
CCE2FFFFFFC4BAFFFFFFFFFFFFFFFFFF
FFFFFFF5B68EFFE9FFFF58FFFFDAFBFF
FFFFFFFFFFFB59C87ED72EFFFFFFD8FF
D3BAFFFFFFFFFFFFFFFFD2FFF6FF31FF
FF31FF76FF70FF6AFF92A1FFDD67A7F1
FF95FFFFFFFFFFC2FFFFFFAFFF40FFFF
CF3BB5F0FFC4FFFFFFFFDCF5B9FF90F7
FFA4FFCBBDFFFFFFFFFF85FFFF7EFFFF
FFFFB3FF5FFFB634CCFFFFFFFFFFFFFF
FFE2FFFFFFFFCFBB90AFFFFFFF9BFFFF
E8FFFFFFFFFFFFFFA54FFBFFFFFF0000
E3DCFFFFFF67FFFFFF4CFFFFFFFFFFCB
FFFFFF669EC8FFFFFFFFFFFFC5B2FFFF
FFFFFFFFFFFFFFEBFFBAFFFFFFFFFFFF
FFFFE6FFFF6C9C5AFF85FFFFFFFFFFFF
FFFFFFFFFFFFFFFF6C7DFFFFFFFFFFFF
FFFFFF9736FFFFFFB7FFFFFFFFFFFFFF
E57D7510FFFFFFE0FFFFFFA8FFFF77FF
AC8982FFFF4CFFFFBDFFFF878D6DFFFE
FFFFB6A1FFA4ACFFFFFFB1FFFFC9CFB6
FFFFFFFFF57FFFEDB3FFD0AFFFFF8B72
FFFFFF5F81FF9CFFFF29FFFFFFFEFFFF
FFFF68B1FFFFFF73FFFFFFFFFFA0BCFF
FFFFF39EFFFFFFFFFFFFFFC9FFFBFFE7
92FF7FFFAFC3FFFFFFFFB870FF97FFFF
75FFFFFFFFFFBFFFFF69FFFFFFFF6BFF
5BB10FFFFFFFC9FFFF51FF8BFFFFFFFF
9EFFFFFFFFFAFFFFFFFF4CCB72FFA0FF
FFA0C3FFFFFFFFFFFFFFFFFFF75DE3FF
B0FFFFFFFFA07FFF98FFD4FBFFFF7C82
FFCCFFFFF9FFC7FFFFFFFFFFFFFFFFDC
F0FFFF48FFFFB8FFFFFFFFFFDAFF9ED0
52FFFFFFFF92FFFFC1EAFFFFFFFFFFFF
FF1EFFA2D6DFFFFFE3FF309EEEFFFF8B
FFFF8170ACFF93FFFFFFFFFFFFFFC0FD
FFC7D5FFFFFFE399FFFF33FFFFA5FFFF
ECFFFFFFFFD8FF7895FFB9FFF175AFFF
64C4FFCDFF79FFFFFFFFFFFFFFFFFF93
2BDBFFFFFFEBFF5EA774F2FFFF88FFFF
FFFFFFFFFFFFFFFFFFFFFF785BFFFBC0
FFFF9AFF5BC5C7EAFFFFD1FFFFFF5549
FFFFFF66FFFFFFCB74FDFFFFF8FFFFFF
FFEAFF74FFFFFFFFFFFFFFFFFFD00000
FFA9FFDF715DFFFFFFFF65FFFFFFFFFF
FFC3FFFFFFFFFFFFFFFFFFFF75FFFFFF
BBFFD5FFFF7EFFFFAAFFFF932D63FFBF
1CFF3CFFFAD6C6B3FFFFFF7DFFFFFFFF
FFFFFFFFFF5DFF30FFFFFF4EFFFFD3FF
FFFF48FFE8D8FFFF32FF95FFFFFFFFFF
FFFFFFBDFFFF9FFF82FF629E92FFFFFF
B167FFFF76DDC5FFA4FFFF9D82FF9B69
FF5EFF8BFFFFFF95FFFFFFFFFFFF3B9B
FFFF60FFC0FFC8D6EDFFFFFF6AFFFFFF
FFBFFFFFFFFFFFFFFF87FBD2FFFFFFA3
65FFFFF752B3FFFFFFFFC5FFAFA3BCFF
A9FFFFFFFFFDD16ADBB9FFFFFFFFFFFF
FEFFFFA5C1DBFFFFFFF9C9FFFFFFFFFF
FFFFFFFFF3D28697FF45BF42FFE5FFFF
FFFFE2FFFFDBFFFFFFFFFFFFFF6EFFFF
C1DEFBFF82FFCE8536AB9DFFF1FFFFFF
F1FF51FFCD53FFFFDDFFFFFFC0E5A482
FF6CF4FFA88660FFD5FF40FFFFE98BF1
FFD4ECFFC4FFFFC2DDFFFFFFFFFBFFFF
FFFFFFFFFFFFCEFFFFFFA6CA5EFFCDFF
55FFFFFFFFFFFFFFFFFF3AFF868DFFFF
FFE0FFFFFFFFFFFFFFFFBA6EFFFFFFA2
7EFFFFCD3FFFD6FF72FFFF9CFF78FFE1
BD888CFFFFFFFFFFFFFFFFFFFFFFFFFF
FFFFB6FFFFFFFFFFFFFFFFFFFFFFFFFF
609CFF64FF74FFFFFFFFFF16FFFFFFFF
FF84E8FFFFFFFF25F1F1FFA2FFFFA2D6
C6FFFF6CEFFFB0FFFFFFFF2538FFF5FF
BAFFF6FFFFB3FFFFFFFFFFADFFFFEFF7
7CD8FFFFFFFFFF40FFFFFF23B6FFFF65
FFFBFFF5FFFF959DDFFFFF70FFFF0000
FFC0BA7B686CFFFFFFFFC0FFFFD4FFFF
FFFFDBC8FF27FFFF7CFFFFB0FFFFA64E
FFFFFFFFFFFFAEFFFFFFFFFFCEFFFFFF
ADFFFFCF19FEFFFFFFB5DBFFFF8EFFFF
97FFFFFFFFFFFFFFFFFF3FFFFFFFFFFF
FFFFFFFFFFF5EEFFFFAFFFE9FBFF77FF
CBFFFFFFFFFFFFCBFFFFFFFFFFFFFFFF
FF9FFF7AFFFFDCFFFFEDFFF6FF81FFB6
99ADFF68A8FFBDFFFBFFFFFF8DFF8BFF
FFC6B2FF65FF3BFFFF7FFFFFFFFF38FF
71A6FFFFFFFFFF0BFFD5FFFF51FFFFFF
FFC2FFFFFFFFFFB3FFB3FFFFEEFFFFFF
FFA597FF8DFFF7FFFFFF3EFFFFFFFFFF
FFFFFF49FFFFFFC7FFFFFFFFFFFFFFFF
FCFFFFFFFF40B2FFF3DFFFFFFF88F059
A792F6C7FFFFFFFFFFFFFFFFFFFFFFFF
FFFF27FFFF516948C9B1FFFFFFFF7BFF
8EFFCCFFB9F3FFFFFFE2ECBAFFA6A4FF
FFFFFFFFFFFFFFD1D6FFFFFF955E8EE7
FFAEFFFFFFFFE7FFFFFFFF45FFFF96EA
FFFFFFFFDA3AFFFFFFFFFFFFC3DDFFFF
FFFFFD7CFFFFECFFC658FFFFFFFFFFDD
FFFFFFD8FFFFD2FFFFFFEAFFB8FFFF8E
FFF4FFA087FFFFFFFFB0FFB6FFE2A907
9E7C90FFFFA089FFFFFFB7FFFFFDFFFF
FFFFFFFFD5FFFF40FFFFDAFFE1FFFF86
95FFFF9EFF81FFFFFFFFFFD4FFFFFFFF
FFFFFFFFFFFFCCC79EFFFF40FFE1FF96
B5FFFFFFFF8B86FFFFFFFFFF92FF377D
4B9FB3FF68EAA3D4FFFFFFFF79FFFFFF
59657CFFFFFFFFE2FFFFA59BFFFF7BB1
25FF49FF91FFFFFFCCFFFFFFF7F90000
E9FFFFFFFFFFFFA2FF6FE3619398FFFF
ABFFFFFFFFFF8CBDFF8EFFFFFF7AFFFF
4EDFFFFFFFF1FFFF649FFFFFBFFFFFFF
FFAF09E4BDCDB472FFFFFFFFFFFFBFD7
B1FFFFFFD7A0FFC1E35EFFE4FFD0FFFF
57E9FF92FFFFFFFFFFFFE1EBFFB18E9E
FFCC69FEBEFF7CFFFFFFFF79FFFF484E
C25CFF4BFFFFFF4DFFFFFF52FFFFFFF9
EDABFF2BFFFFFFC2FF58A7C9D4F5D864
FFFFE0F7FFFFFFFFFFFFE5FFFFABFFFF
FFFFFFFFFFFFFFFFFFFFFFFFFFBAFFFF
FFFFFFFF4AFF60FFFFDAFF78FFFFFF77
FFFFFFFF22EDFFFF31E2FFF5FFFFFFFF
FFFFFFFFFFFFFFFF94FFAC74FFFFCB90
FFFFFFD0FFFFFFFFFBFFE3E2606DFFFF
FFFFFF88FFFFFF86FFFFBCFFFFFFFFFF
7DFFFF61FFFFFFD719FFD2FFD7FFD06E
FFFFD0FFFFFFFFFFFFFF9E4A969A9EFF
FFACCFFDFFFFFFFFFFFFFF8869A644E9
FFFFE8FFD5FF62FFFF7FFFFFB7FFFFFF
FFFFFFFFFFFFFFFFFF5CE061DCEAFFFF
FF2DFFFFFFFFDBFFFFFFFFFFFFFFFF0A
9CC06BE87BFFFF63FFFFFFFF8EFFFF86
DDFFFF84FFFFFFFFFFFFFFD0FFFFE0FF
2EE5FF82FFFFFFFFFFFFCF71FFEAFFFF
FFE5FFFFFFFFFFFFFFFB678FFF684A21
74CDC733FFB0FFF1FFFFF2C4ADCEFFFF
C9FFFFFFFF39FFFFFFFF4A80FFB1FFED
CA396DFFFFFFFFFFFFFFFFAFC85EBFFF
FFEAFFE37C54A455FFFFFF28FFDB6AFF
FFFFFFFFFFFFF5FFFFFFFFFF9EFFFFFF
FFFFFFFFC0FFF9FFFFFFFFFFAADB0000
FFFFFFFFFFFFFFFF55FFD5CDC7FFFFFF
FFFFFFFFA69571FFFFBCFFFFFFFFFFA4
FFAFFFFFFFC68D599F6DFFFFFFFFFFFF
FFFFB0CACC714CA3FFFFFFFFFFFFFFCD
A5FFFF9AFFFFE0FFFFFF10FFBDFFFFFF
FFFFFFFFB2FFFFFFCEFFCB6FFFC3FFA0
B7FFFF4FFFC7DE8AFFFFFF5EFFFF735A
C1E0FFFF9BE4FF704654FF638EFFFDFF
BEFFFF95FFFFFFC6F5F9B6ECEEAF3AFF
FFFFF4FFFFFFFFFFFFFF48FFFFFFFFFF
FFFF6EFFFFFFFFFFFFFFFFFFFF8AC9FF
FFFF79FFFFFFFFFF91FF32FFFFFFFF7F
BCFFFFFFFFD2FF6BFF5CFFA1FFFFFFF5
FFFFFFFFFFFFFFFFFFFFFFFFFF88FFFF
5AFFFFFFFF89FFFFC0FFFFFFFFFFFFB1
FFFFFF7BFFEAFF50DAFFC5FFFFFFBEFF
FFFFFFFFFFCCD5FFFFFFFFBEFFD9FFFF
83FFCFFFFFEFDAFFFFFF4FFFEEFFC4FF
87FFFFFFFFFFB4FF99FF9CFBFFFFDB9D
90FFFF8EFFFFE0FFFFADFF69FFFFFFFF
FFFFFFCBFFFFE8FF61D8FFCF6958FFFF
FFFEFFFFFFFF39CCC17BFFFFFFFFFFFF
FFFFFFFFFFFFAB2B9BFF72FFFF80FFFF
FFFFFF3770FFFFC6FFFFFFFFFFFF54FE
7FADE1FFFFD0FFFFFF75FFFFFFFFFFFF
AC78FFC8FFFFFFEBFF8FFFFF96FFFFA0
FFFFFFFFC5B4D4FFFFFFFFFDFFCFFFCC
F5FFCFFFE7BFFFFFFFFF77FFFFFFFFFF
93792EFFFFFFFFFFFFFFFF7C949CD6FF
FFFF72FFFFFFFFE2FFDDE8FFFFEC56E3
FFFFC1FFFF21DCFF90FFFFFFEFFFEDFF
80FF49FFF2D0FF78FFEBFFFFFFFF0000
FFFFFFC6FFFFFFFFFFFFC8D7FFFF7AFF
CFFFFF78F2FFFF9DFFFFFFD4FF7DFF7B
FF86FFA3FFFFFFB0FFFFFFFFFFFFFFDA
FFFFE0FFFFFFFFFF71FFDFFFFFFFFFFF
B9D3FFFFFF8EFFBEFF6BFFFFFFFFFFFF
FFFFFF75FFFFFFFFFFFFFF71FFCED2FF
FFFFFF88FFFFFFA8FF46FD80C6FFFFEF
3CC66AFFFFFFFFA5BCFFFFFFCAFFABFF
D9F9FFFFFFFFFFF66FBFC1B999FFFFFF
FFFFFF7BFFFFC5B8FFFFFFFFFF7CDA96
CDFFFF90FFF3FFFFFFFFB8FF7964FFFF
58FFFFFFFFFFFFE3FFA8E9FFFFFFFFFF
FFFF97FFFFFFFFFFFF2BFF1FFFFFFFFF
FFFFC0FFFFFFABFFFFE4FFFFFFFFE6FF
FF94FFF7FFFFFFFF29FFFFFFFF71FDD9
AAFFFF27FFBCFFB4FFFFFF99FFFFFFFF
2F80FF80FFFFFFDDA0FFFF4F5EFFFFB3
FFFF9E3EFFFF72FFFFFFFFFFC7FF7E85
FFC4FF2DFFFFFFFF8FFAFFFFDCFFBAFF
83FFF7BF76FF88FFFF51FFFFFF85FFFF
FFFFFFFFFFFFCCFFFCFFD7908AFFFFEF
36FFFFFFFF83FFFFFFFFFF66FFCAB3FF
75FF91FFC1FFFFFFFFFF60FFFFFFFFFF
FFFFFFFFD76FFFFFCCFFFFE8FF337FAD
FFFFFFDA62FF33FFFFFFFFFFFF7BFFC9
FFCCFFFF81FFEEFFFFFFFFFFFFD081C8
FFFFFFFF75FFFFFFFFFFFFFFFFFFFFC4
FFFFFFFFFFFFFFFFC0FFFFFFD0FFFFFF
2CB6D9FFFF65FF59FFFFFFB449FF8CCC
FFFFFFFFBEC7BCBED8CFFFFF51FFFFFF
FFFF765635D4FFFFFFFFFFFFFFB6FFFF
FFFF73EFFFFFFFA9FFFFFFFFB6FF0000
D4FFFF9BFFFFFFFFFFFFFFA4FFFFFFFF
FF76FFFFFFECE1FFFFFFFFFFFFFFFFFF
5654FFFFFFD3CFE2FFFFFFFFFF42B81D
F0B0FFFFFFFFFFFCFFF7FFDFDCFFFF74
77779343F6FF1BFFFFFFFFB8FFF3FFFF
FFCBFFFFFFCFFFFFFFFF60FF78FFFFFF
A5FF8E9D8EA5FFFF5251A9FFFFFFFFFF
64FFBBFFFFDFFFFFE9FFFFFF9ED4A8FF
FFE43FFFFFFFFF56FFFFFFFFFF71FFFF
FFFFD3FFFFFFFFEEFFFFFFFFFFFFFF94
E9EF19FFFFF6FFFFFFFFFFFFFFA6EEFF
FFFFFFF4E2FFFFFFFFC63BFFFFFFFFFF
FFFFFFFF51FFFFA0FFFFFF89FFF8FFFF
FFFFFFFFFFFFFFFFFFC9FFFFFFFFE3A6
60FFC4FFFFFFDDFFFFFFFFFFFF7BFFAC
FFFFFF63E850FF3EFFD1FFFFFF99FFA1
FFFFFFFFFF9EF3FEFFFF6CCA22FFFFFF
FFFF94E6E6FFFFFFB1FFFFFF85FFFBC9
96FF70B5FFDBB2FFFFDD34EEFF84FFFF
FFFFFF2FFFFF5DFFFFFFAEE3FFFFFFFF
FF2ACC57FFFFDA34FFFFFFC4FFFFCCFF
FFFFFFFFFFBDFFFFFFFF41FFFFFFFFFF
FFFF886C9B78FFFFFEFFFF61FFFFFFFF
F7FFF86DE8FFFFFFFFFFFFFFFFFFFFFF
FFFFD3B1FFFFC0C6B5FFFFFFFFFFFF86
FF5EFFC9FFFFFFFFFFFFFFFFFFF34EFF
EFE5E077FFFFFFFFFFFFB8FFFFD2DEE7
FFFFFFCA85FFAEC6FFFFFFFFFFFFFFFF
67FFFFFFD8FFFFFFFFCBFFE2FFFFFFFF
FFFFFFFF64B7FFFFFFFFFFFFFFFFFFFF
FFC9E052FFD2F5FFFFFFFFFFFFDEBBAB
BFFFFFFFFFFAFF98FFEDFFFFFFFF0000
FFDDFFFFD5EEB5D5FFFFFFFFFFFFFFFF
E0FFFFEEB6E4FFFFAEFF6A2FFFEBFFFF
FFFFFFB6FFA0DD7CADFFFFEDFFB5FFFF
FFD4CFA5879DFF21FFFFCF5CFF66B5FF
FF53E970A7B0FFFAFFFFFF90FF26FF47
F6FFF97682A3E5FFA7FFFFFFFFFFC8FF
FFFFFFFFA2FFBCB0A2FFFFFFFFFFFF13
F459FFFFFFFFFFFF7DFF59FF88FFFFFF
FFDFFFFFFF3DE54FFFFFFFFFFFB1FFFF
FFFFFFFFFFFFFFFFFFFFFFFFFFFFFFF9
FFFFFFFFEBFFFFFFFF41BA19FFFF9AFF
FFC8FFFFFF98FFFFA7D8FFFFFFFFFFFF
FFFFFFFFFFFFFFFFFFFFFFFFFFFFFFFF
FFFB6EE5FF3DFFFFB4F8CA96FFFFA9FF
CFFFFFFFFFFFFFFFFF6EFFFFFFFAFFFF
1CFFFFFFFFFFFF8CFFFFFFFFFFFFFFFF
7DFF2EFFDBE9FF74FFFFFFE942D875FF
FFFF19A1A8E0FFFFFFFFFFE044258445
97FF2A4EFFFFD4BEFFFF5F8EFFFF80FF
87FF44FFFFFFFFECFFFFFFA877FFFFFF
FFFFFFFFF3FFE1FFFFFFFFFFFFFFFFFF
FFFFFF8DFF1EFFFFFFFFFFFFFFFFFF86
FFFFD51944F1FF5CA9A1FFFFFFFFFFE9
FFDDFFBD8FCEEAFFDBFFFFFF56FAFFFF
B8F0FFFFFFFFFFFFFFFF863FFFFFFFCD
FFFFFFC697FFFFFFB5D2FFFFFFFFFFFB
FFFFFFA294FFFF93FFFFFFF3FFFFFFFF
FFFFFFA3ADFFB6FFFFC86567FFFFFFFF
F738A8FFFFFFFFFFFFFF4568FFB7FFFF
FFFFFFFFFF6AFFFFE3541DD8FFFFD3FF
FFAA26FFBCB1FF9AFFFFFFFFFFFF97FF
FFFFF4FFFFFFFFFFFF6D71FFFFFF0000
FFFFFFFF29FFFFFFE6FFFFFFFFE5FFFF
FFEB70FFFFF9BE93FFFFFF61F6F4FFFF
FFFCFF83F61CFFAA8778FF6AFFFFFFFF
FF87D8FFFFFFD1FF5AFFCEFF32FFFFFF
FFFBFFFFFFFFA9FFF8C5FFDBFFFFFFFF
A0E22E294515BFFFFFFFFFFFFF92FF4D
FFFFFFFFFFFFFF24F8FFFFE2FFFFFFAA
C7FFFF90A8FFFFB5A8FF73FFFFFFFFFF
FFFFFFFFFFFFF9C8FFFFFFFF9EFF3CFF
FFACFFFFFFFFAEFFFFFFE2FF865E7456
F3FFE5FF1D26FFFFFFDFFF6DFFE9F9FF
FFA4FFA4FFAAFFFFFFFFFF44FFFFFF42
FFFF3C378DE7B4FFFF72FF36FFFFFFFF
93FFD3FFFFFFC7D5FFAEA3FFFFB570FF
FFFFDCFF8DFFFFFFFF43FFFFF6F6FFFF
FFFFFFADFFFFC5F7DDFFFFFFA1FFFFFF
C58FFFFCFF339AAECCD77FFFA9A3FFFF
FFFFF1B978FFFFFFFFFFFF7BEEA4FFFF
FFFF9734FF7DFFB1907EB6FFFFFFFFFF
8AFFF925231FFFFFFF76FFAE94FFFFFF
FFFAD2FFA8FFFFFFFFFFFFFFFFFFFFFF
FFFFFF81FFFFFFFFA7FFFFFF8E7AFFFF
FFA7FFFF826CFFCDA342FFB1FFFFFFFF
FFFFFF7239FFFF94FFFFCE8FFFCD93FF
FFFFABFFFFFFFF72FFEAFFFF46FF71FF
FF6BFF46FFFFFFADC8A0FFFFFFE1FFFF
FFFFFFFFFFFFFFFFFFCDEBFFBAFFFFFF
FFFFFFFB5BFFFFFFFFFF98B0C5FFFFFF
F5ECE3FFFFFFFFF137FFFFF720FF41FF
A7FFFFFFFFFFFF32FFFFFFFFFFFFFF32
FFFFFFFFB37769FFA90B3B8AFFFFFFFF
FFFFFFFFFFFFCBFFC3FFFFDEF9750000
FFFFFFACFC54FFB6FFB9FFDDC2FFFF48
6A7798FF7AFF37B4FF89FF2AAFFF8FFF
91FFFFFFFFFFFFFFF1DCFFE5FFFFFFFF
E162DF6D99FFFFFFFFFFE4CEFFFFA6FF
D4FFFFFFDA5CBDFFFFFFFFFFFFFFFFFF
82F25A723AFFFFBFFFEFFFFFFFD8F2FF
88FFFFFFFFFFFFFFFFFFFFFFFFFFFF54
F4EC61D5FFFFFFFFE39AFBDCE795F7DF
FFFBC3FFFF6AFFFFD9FFFFFFC9F0FFFF
FFFFCDFFFFFFFFFFFFE27D521A92FFFF
BBFFFFCD4D3AFE5DA0FFFFFFFFFFFFFF
36FF6EFFCED9FFE0FFFF86FFFFFFFAFF
FF84FFFFFF65E1D0FF6DFF8DFFFFFFE7
98C58AFF90FFFFBCFFFFFFCBFFFFFFFF
FFA9C5FFD473FFFF6265FFFFFFFFFFC4
FFFFCDF6FFB6FFFFFFFFFFFF93FFFFFF
FFFFFF6FFFAEFFFFEEC8FFFFFF4FFFFF
FFFFFFFFDEFFA5FFEF848FFFFFFFFF3F
FFD2E3438BC7FF69FF68FFFFFFFFFFA6
CDECFFFFFFFFFFDCFFFFF882FFAADBE8
9BFFFFFFFFFFE0FFFFFFFFFFFFFFFFC0
6EFFFFFFFFFFFFFCFFB7FFD3FFFFFFFF
FFFFFFFFFFFFFF83CF1A4DFFFFFF4CFF
FFFFFF43F9B9FF11FFD4FFFFC0FF5BF9
CEFFFFFFFFFFFFFFFFE5FFFFF2FFD2DB
FFFFFFE9FF74FFF7FF9AFF4FABBBFFFF
FFFFFFFFFFFFFFFFDE3E76FFFFFFA6FF
FFFF19EA2CFFFF18E9EEFFC0DC92A2FF
39F4CDFFFFFFFFFF3DB6FAFFFFFFFFFF
FFDEFFFFFF4AFFFFFFFFACFFFF76FFB1
39FFFFFFD664FFFFFDD7FFA9B9FF3AFF
FFFFBDFFFCFF92FF8BFFFFFFFFFF0000
FFFFFFFFFF9BFFFFFFFFFFCEFFFFFFFF
FFFF55FFD1FFE1B6AFFCE630FFFFF6FF
FFADE7BDFFFFFFFFE1FF839594FFFFFF
FFF3FFFFB2FFFFFFC7FFFFFFFFDBFFFF
FFC7C7FFE53DFFFF0BFFFFFFFFFFFFFF
76EC97FFFF9EFF82FF4BFFEAFFFFFF9D
4EB6FFFFFFFFFFFF69FFFFFFFF52467B
FFFF9DDFFFC2FF643DFFFF9FFAC8FFFF
FFFFD9FFFFFFFF58D3FF36FF9236B446
DBC0FDFFFFF7FFFFFFFFD5FFD9D3FFC5
F3FFD3FFFFDE74FFFFAC93FFB0ECFFFF
FFFF5A56FFFF7899FFFFFF6EFFFFFFAE
FFDDFFFF56D5FFFFDCFFFFFFD3FF83FF
8EFEFBFF9DFFFFD3FFD1FFC2FFFFFFC0
FF72FFFFB6FF62FF7969FFFFFFFFFF4C
FF26DBFF20FFFFFFFFFF9DFFFFFFB3FF
4065FFFFFFFFFFFAFFFFFFFFFF94ABFF
876995FFFFFFFFFFAB7EFFFFFFFBFFFF
F6FFFFF9B27F8FFF54FFFFFFFFFF34FF
67FFFF7FDDFFFFB8FFFFFFCDFFFFD67B
D9C396FFFF63D9FFF2FFFFB8FFFFFFFF
FCB7FFFFFFFFC1FF7EFFAAFFB3FF21AC
FF4EFFFF7CFFFFFFFFE0FFFFEAFFFFFF
7F8C5EBCFFFFFFFFFFFFFFFFBDFF81A5
FF80AE3DFFFFFFFFFFFFE9E9FFFFF4FF
77FFE2FFFFFFFFA7A6FFFFFF8CA4FFFF
BAAAFFFFFFF3FFFFFF6CFFFFFF72FFFF
FFFFFF94A5FFFFFFFFCE5AFFFF3F4D99
FFED9668ACFF94FFC3FFFFE0FFFFFFFF
FFFFFFFFE5CF9CFFFFFFFFCE3990F0FF
B9FFFFCCFFF6FFFF64A7FFFFFFFFFFFF
D2FFFFFFFFFF9FFFFFFFB2FFADFF0000
FFFFFFFFFFFFB1FFFFFFD56993FFFFFF
5FFFE2FF87FFFFFFFFFFFFFFFFFFFFFF
8AFFFFE8FFFF5C5EFFFFE8FFFFFFFFED
FFBDFFFFFFFFC8FFFFFFFFFFFFFF60FF
FF68CDFFFFFFEBFFFD7FFFFF96FFFFFF
FFFF91FFA1FFFFFFFFFFFFF9FFFFB4FF
ABFFD9E677FFFFE4BA29FFFFFFFFB795
F6EF35FFEFFFFFFFFFFF3093FFFFC1FF
FFFF2FFF78FFFFFFFFFFFFDFCA9E7FFF
FFFF7BFFFFBD57FFFFFFFFE9FFFFFFFF
FFA8FEFFFF77FF9A59D2D4BF65FFFFFF
87FFFF95FFFFFFFFFFFFC1F6FFFFFFFF
F9FF42FF8E2AD8D1FFEEFFAFA89FFFFF
7F81FFFFA2AFFFFFFFFFDEFFB2FFFFFF
9FFFA7EAFFFFFFFFFFC6ECFF74FFFFFF
FFFFFFFFFFFF6AFF78FFFFFFF0FFC7FF
FFFFFFFFFFAFFFFFFFFFFFFFFFE083FF
6097FFFFFFFFFFE6C826FFFFFFFFEB9D
FFFFEAFFA2676896F5FF44FFFFFFFFFF
FF7B878FFFFF0E92635CD238FFFFFFFF
B1305A67EC81D4D5FFFFFFFFFFF2FFFF
90ACFF49FF54FF55FF85FFE6FF4E50CB
FFFFFFDCC3FFFFFCC6DC94FF7DFFFFFF
CE26B476F7FF73FF88FFFFFFFFFFFFFF
FFFFFFFFFFFFFF9BFFFFFF90FFFFCAFF
F340E5FFFFFFFFFFFFC7FFFFF8FFFFFF
FFFFFF3EFFFF45FFFFFF7DFFFFFF81FF
FFC2FF6DFFFFFFEAFFF9FFFFFFFFFFFF
93FFFF31A5FF31FFFFFFFFFFFFFFFFFF
FFFFFFFFFFFFFFFF1BFF3F1EFFD7FF7D
FFFFFFFFA9FFA1FFFFFFC0FFFFFF6D90
DBFFFFFFFFE0F67BFFFFFFFFFFFF0000
FF3ECAFFFFFF3AB4FFFFFFFFFFFFB4FF
59FFFFF7B093FFFFFFFFFF8DF1959941
C89CFFFFD9FF9829FFFFFFFFFFFFFFAD
FFFFFFFFFFFFFFA274E3FFFFFFFFFFFF
FF3E6DE3FFFFFFFFFFF7FFBCFF40FFFF
FF41FFFFFFFFFFFFFFFFA8FFFFFFFFFF
8BFF62FFFFFFD79C98C8ECFFFF24FF33
FFFFFF54FFFFDCFFFFFFFF2FFFFFFBFF
FFFFE5FF927FFFDCC7FFFFFFA85BCE31
FF6C48FFFFFFFFFFFFFF30FFD4FFFFFF
FF9C78FFFFFFFFFFF8E9FF1FFFFF5FFF
D8FFD683FFFFFFFFFFFFFF50FFFFFFFF
EAB7FFFFBBE8FFFFFFFFFFFFFFFFFFB1
82A91EFFFFB0FFFF3BFFFFFF65FFFF8A
3AFFC9EEFF53FF43FFF6FFFFFFFFFFFF
FFFFFFFFFFFFFFFFFFC89CFFA3E4B4FF
FFFFFFFF8CFFFFDDA8FFFFFF79FFFFFF
FFFFFFD1FFFFFFFFFFFFFFFFFFFFFFFF
FFFFFFB9B8FFFFBAC9FFFFFFFFFFFFFF
FFFFFFFFFFFFFFFFFFFFED5AFFFFFFFF
FFFFFF31B8FFFFFFFFFFECFFFFFFFFFF
D4FFABFFFF88FFFF63FFFFFFFFEDEEFF
C0B8FFFFDEFFFFFFFFFFFFFFFFFFFFFF
FCFF3AFFFFFFFFFF97FFFFFF7A6DFFFF
FFFF4FFF6DFFFFFFAFFF607CB0FF6EFF
FAB494FFFFF0FFFFFFFF6AFFFFFF4CD4
FFDEF3EDFFFF48FF5AFFFFFF69DCD2FF
FFFFFFFFFFFFFFFFB0FFFFFFFFFFFFFF
FFFF2FD8F1D472FFFFFFFFFFFFFFFF63
FFF3FF50ADFFFF6D3BFF48B8EF4D8BE2
C3FFFFFF49FF55FF73FFFFD7F0FFFFFF
FFFFFFFFFFFFFFFFB8D935E6FF890000
FF78FFFF37FFFFFDFFFFFFFFFFFF73FF
B8BAFFFF9EFFFFAEFF6FFFFFA9FFFFFF
FFB1FFD1F0FF6DC8FFFF52FFFFFFFF5F
3AB5FFFFD5FFFF41E2FFB0FFFFFFFFD7
FF6CFFFFFFFFFFCCA0FFFFFFFFE0FF50
4AFFFFFFFFFFD4FFB9FFFFFFFFFFE5FF
FFFF9ADCC8C1DCFFEDFFFF6CFF718DFF
FF27DE86FFFFFFFFFBA6FFC5FFF1FFFF
FFFFBAFF4EECFFFFFFFFFFFFFFFFFFFF
77E1B8FFFFFFAF8CFFFFFFFF98FFFFFF
E49EFFFFFFFFFFFFFFFFFFFFFFFFFFFF
FF55FFFFBEFFEFFFFFFFFFA6FFD62BFF
FFFFFF74FFFFFFFFFCFFFFFFFFFFFF96
49FFD2FF7EFF42FF89FFC4FFFCC8FFFF
FFFFFF23FFB7B2F7FFFAFF93FFFFFF65
FFFFFFFFECFFFFFFFFFF8BFFFFFFFFAD
FFCDFFFFFE48B9F1E2E4FFFFF6FFFFFF
78FFFFFFFFFFFFFFA4FFFFFFFFE7FFD1
FFFFFFFFFFFFD7FFF2E265FFFF8B24FF
FFFFF067C6F834B3FFF158B8FFFFFFFF
5ADBFFADFFFFFFFFFFFFFFFFDCFFFFFF
FFFFD33DBCB3FFFFFFFF4AE5CA5AFFB0
FFFFEDFFFFFFFFFFAF34FFFFFF7CFFCD
E7ABF2E6FFFFCBFFFFFFFFFFFFFFFFFF
FFFFEB76FFFF9FFFEBE3C20EE5FFF6FF
FFFFFCFFFFFD96FFFF75ACA7FFFFFFFF
E9EEFF97B8FF5DFFFFFFBDFFE3FFFFFF
988EFD85FFFFFF2BFFFF4FA9FFFFE8FF
FFFF944120F7FFFFC0FFFFFFFF62C9FF
FF60FFFFFFFFFA677CFFFFFFC360998A
F5FFD6FFFF76FFFFDFAD76FFFFB3FFEA
2DFDFFFFFFFFFFFFFFFF4CFF6C6E0000
FFFFC3FFEAFFFF42FFFFA6F6FFFF93FF
FFFFFFFFB6FFFF46FF4DFFFFFFFFFFFF
FFDEFFFF59FF943EFFFFFF6EFFFFFFFF
FFFFFFE6696AFFFFFFFFFFFF86FFFFFF
FFFFFFFFFF55FFFF51FFFFA4FFFFFFAD
EBFFFFFFFFEAFF84FF7AFFFFFFFB4AE4
FFFFFFFF62FFF7FFF4FFFFFF86B4E979
FFA7FFFFBFC8C8FFFFC3F239FFFF52D8
FFFF90FFFFAEFFFFFFFFFFCDFFFFFF9D
FFB65AFFFFFFFFFFFF45FF59A1FFD3FF
FFA1FFFF50CEA8FF74FFFFFFFFFFFFFF
FFFFFFEB6BCDE49B6BFFFFFF58FF6BFF
FFFFE3F4FFFFD5FFFFFFFFFFFFFFC1FF
FFFFD3FFFFB5ACFF75FFFFCEFFFFFF86
FFACFF80AEFFFFC3FFEAFEFFFF0CFFFF
FFFFAEFFFF32FFB79AFFC2FF3CFFFFB6
FFFFFFFFFFFFFDBBB2ACFFFF86FFFFFF
2FFFFFA7FFFFFFFFFFFFFFD6FFFFFFFF
FFFFFFB7A3DD0DFFFFC8FFFFFFFF6AFF
C3FFCFFFEBFFFFFFFFFFFFFFFFFFFFDA
FFFFFFFFFFF951FF56FF4FFFFFFFFFB1
FF92BFFFFF9BFFFFFFFFFFFFFFFFE3D8
FFE4FFFFDBFF88C8FFFFFFFFF9FF8284
FFFFA0B35CFFFFFFFFFFFFAED9FFFFDD
FFFFB414FFFFFFFFFF29FFFFFFFFFFFF
FFDB83FF06FFFFFFFFFF7DFF78FED998
CDFF88FFB0FFFFFFFFB0FFC2FFD5D4FF
FFFFFFFF98FFFFFF7EFFFFC9FFFFFF5F
FFFF7EFFD1FFFFFFFFFFFFFFFF70FFE9
74FF7FFFFFFFFF2B56E6FFFFFFB4979A
FFFFFFFFFFFFFFDFFFFFFFFF42FFFFFF
FFFFFFFFFFAFFFFF4DCF6CFF8DFF0000
FF76FFFFFFFF7EFFFFFFFFFFFF3AA6FF
568A5D4193FFA2C9FFAC633FD2FFFFFF
FFFFBFFFFFFFFFFFB6FFEBFFFF90FFFF
FFFFFFFFFFFFFFEFFFFF96FF67FFFFFF
F72DFFFFFFFFFF6D6CFFFFFFFFFFDDFF
FFDCFF7BFFFFFFFFD1EDFFFF60FFFF5E
FFFFFFFFFFFFFFFFC2FFD0FFFFFFFFFF
FFC9FFBDFFFFFFFDFF43FCFFC0EBFF99
FFFFFFFFF4FCFFF9FFFFFFFFFFFFAFA2
786AFF3DFFFFFF97FFFFAD9B618D4AFF
FFFFFFFFFFFFFFFFFFFFFFFFEAFFFFFF
FF89FFFFE7FFDD80FFE69BFF4FFF927F
FFFFD1FFFFFFD3FFFFFFA4FFB332FFE6
FFFFFFFFFFDCC850FF32FFFFFFDEFFFF
FFFFFFFFFFFFFFDEFFFFAFFF73AFC5F4
6DFFFFA7CFCB19FFFFFFFFFFFFFFFFBC
FFFC8AFFFFFF95FFFFBC77FFFFFFFF26
90FFFFFFFFFFFFFFFFFF8E90A9FFFF63
FFFFFFFFFFFFFFFFFFFFCB28FF62FFFF
FFFF8EC9FFFFFFE2FFFFFFF5FFFFFFFF
FFFFFFDDECFF49FFFFFFFFFFFFFFFFFF
BCADD0FFA1FFFF909DB6FFFFFFFF60FF
FFFFFFFFFFFF9BFFFF9BC3FFFFF43861
FFCCFCFFFFFF5AFFFFFFDFFFFF436DFF
FFE6FF82EDFFFF2BFF6AFFFFFFFFFF28
22FFB4FFFFFFFFFFFF74FFFFFFFFFCFF
AFAEFFFFFFFFFFFFFFFFCBFFFFFFFFC8
F8FFE38780EFA1FFFFFFFFFFFFFFFFFF
71FCA357FFBA8048FFAFFFFFFFBEFFFF
9669FF73FFFFE48483DCFFFF8BFFD0BE
B4FFFFFFFFFFFFFFFFADFF2BFFFFFFCB
F9FFFF93FF5BFFFF4FFFFF43FFFF0000
FFFFFFFFFFC8F290FF65EEFFBCFFFFD6
C059FFFBDEFFFF926FF3FFB132FFFFFF
FFFFFFFFFFFFBADAFFFFA8FFFF9BFFFF
E4FFFF4CFFFFFF152E7A9BFFFFD8FFF6
FFFFFF5A7DFFFFE4FFFFC4AAFFFF82FF
FF67FFFF97FF1DAE7684A8FFFFFF7398
FFFFFFFF46FFFFFFFFFFFFFFFFBBFFFF
FFFFFFFF0E81FFFFFF5DFFFFFFFFFFDF
FFFFFFFFFFFFFFFFFFF7FFFFA5FFFFFF
FFFFDAFFFFFFFFFF11FFFF88E2FFFF72
C8FFD6FFFFB0A3FFFFB4FFFFE9FFFFFF
FFFFFFFF86FFFFFFFFFF54FFFFFF2BAB
C4C1E4FFFFFFFFFEFFFFE4FFFF88FFFF
E1ABFFFFFF8789FFFED04D42F2E2A8FF
FFFFFFFF76FFE1FFAEA2FFFF63B464FF
CB7EFFFFFFFFFFFFFFFFFFFFFFEE4AFF
FFFFFF1FFFFFFFE2FFFF99FF42FFD27A
D8FF33A2FFFF68FFFDFFFFFFFFFF91FB
FFFFFFFFFFFFFFFFFFFFFBFFFFFFFF0E
FFFF97FFE9FFFF77FFFFFF2FFFFFFFFF
FFFFFFADFFFFFFFF1D8DFFA3FFFFFFFF
FFA47D88FF54FFFFFF81FFFFFFFF7EFF
FFFFFFFFFFFFECFFFFFFFFFF85FF3A8E
FFFFFF95FFFFBA41FFD2FFFFFFFF4CFF
FFFFFFFFFFE6FFBEFFFFFFFFFFFFC7FF
7CFFFFF1FFFFFFFFFF7BFDFF47FFFFFF
B756FF6EFFFFFFFFFFFFFFFFFFFFFFE5
FFFF9AFF968F38E5F2FF79FF59FFD5FF
FFFFFFFFFF9E9E48FFFFFFFFFFFFFF10
FDFF907B0E80FF73E3FFFF8CFFFFD1FF
FFFF7EFFFF59FFFDFDFAFFA5FFFFFF8F
46BCB5FFFFFFFFFFFFFFFFFFFFFF0000
FF37A8FFD9FF4990FBFF72FFE192C3FF
FFC80E724E4DFFF337FF27FF9BB5FFFF
F7FFFFFFFFFFCEFF62FFFFFFD883FF81
FFFFFF4AFFFFFF71FFFFFF75FFFFFFFF
FFFFFFFFFFFFFFFFFF598FBDFFFFECFF
A7FF5CFDFFFFACE09FFFFFFFB25F3A8D
FFFFE5FFFFFFFFFFFFFFD0FFFFFFFFFF
FF85FFFFFFFF42FF588CFFFFFFCF95FF
FFFF9EFF79FFFFD6FFFFFFFFFFFFFFFF
E67FE1FFFFFFFF94FFFFFF95FFFFFFFF
DBFFFF87FFFFFFFFFF97FFB6FF52FFFF
FFFFFFFFFFE8FFC52EFFB5FFE9FFFFFF
FF66EFC2FFF4DDFFFFFFFFFFFFFFFFFF
7453FFFFFFDE6CFFD01EFFFFCED65CFF
E2E6EFFFFF91FFFFFFFFF9FFFFFFFFFF
FFFFFFFFFFFFE9FFFFFFFFFFBEC3FFFF
FFFFFFFFFFFF3FFFFF8F7FEDFDFFFFFF
D4FFFFFFFFFFB5FF24DEB5FFFFFFEEFF
FFFFFFE4FFFFFFFF14B2FFFFFFF9FF28
FFFFFFFFFFFFFFFFFFFFFF68FFBBFFFF
FFF4FFFEFFFFFFFF8CFFFFFFFFF3D8FF
FFFFFF4FFFFFFFA2FFFF6C38FFCFDEB4
90BEC6FFFF78FFFFA2FFE6FFFFFFFFFF
FFFFFFFFFFEDADFFFFFFFFFFA4AFBAFF
FFFFFFFF35FFFFFFFFFFA9FFFFFF6EFF
A6FFFFFF2EFFEFFFFFA9FFFFFFFFCDFF
FFF0FFFFAFD1EBA0FFD8FFFFDAFFC8D9
FFFFFFFE50F8BEFFFFFFFFFFFFF9C5DB
FFFFFFFFFF89A1F3FFFF94FFFFFF51A6
FF3AFFFFFFFFFFE6FFFFFFFFFFFFFF97
FF64FFFFFFFFFFFFFFFFFF698CFFFFFF
C8FFFFFFFFE4FFFFFFFFB0FFFFFF0000
FFFFFF59FFFFFFFCFFFFF0D7FFFFFFFF
FF8ACC72E3FEFFFFCEAFFFFFFFFFFF34
FFFFFFFFFFFFB3FF69FFFCBBFFFFAA95
FFFFFFFFFFDE2E61FF75FFFFFFF7FFFF
FF4A31446673FFBEFFFF36FFFFC0FFFF
FB58A52D364AFA27FC81FFA16188FFFF
FFFFCAEDFFFFFFFFFFFFFF5FFFFFFFFF
FFFFFFD5FFB5FFFF86AFFFFFFF9D6EFF
FFFD65C74CFF57ECFFFF674BFFFFFF90
FFB2A8FFFFFFFFF9E8FFD24AFFFFFFFF
FFFFFFA8FFFFFF9BFC4DDB5EDCA6FF9E
64FFFFFFFFFFFFFFFFFF919BFFF9FFFF
FF55FFFDC4FFFFFF72495C11FF6F9BFF
FFFFEAFFFF8CAD2637FFFFFFEBE3A4FF
FFF9A8FFFFFFFFFFFF57D6FFFFE7FFFF
59CFFFFFFFFF75FFCAEEFFFFD3EFFFCA
54D5FFFFFFFFFFFFFFFFFFBEFFFFFFC8
FFFFFFEEFF99FFFFB0CDB2FFF9FFFF8B
FFFFD1FFFFA1E064CDFFFFFFFFFFFFFF
FFFFFFFFFFFFFFFFC0FFFFEBFFFFFFFF
FFFFFFFFFFE8FFA2FFE3FFFFFFFF41FF
FFFFFFB5FC80FFFFFFC8FFFFFFCC8A75
FFFFC4702AFFC3F7FFFFAE89FFBCFFFF
FFFF5D67FFFF69FFFFFFFFFFFFFFFFEA
E5ECFF9FFFFFFFFFFF69FFFFFFFFFFFF
AFFFFFFFFFFFFF8CD09C557CF0FFFFFF
EAEE70FFFFD260FFFFFFFFFFFFFFFF96
FFFF2D2F9DFFBBFF95ECFFFFFFAD91FF
FFFFFFFFFFFFFFFF5543FFFFFFFFAB2F
64A5AD6FED25AB63FFDFFFFFFFFFFFF6
FFA4FFFF8D35FFFFFFFF1BFFFFFFFFFF
FFFF79C7FFFF8DFFFFFFFFFFFFFF0000
FFFFFFFFFFFFFFBDFFFFFFD8FFFFFFFF
FFFF6E49FF87AFFFB4FFF9FFF9FFFFF6
FFFF7FEAFAFFFFFFFFFFD4C1FFFFC2BF
FFFFFFD3FFB8FFFFFF3FFFFFFFFFFFFF
68C188FF9F9AFFFFFFFF41FFFFECF3D8
A466FFFFFF8E4EFFF3BFFFFFFFFFFF34
FFFF9078CF98FFFFFFFFFFF0FFFFFFFF
FFFFFFFFFA71FFFFFFFF34EFF72EC5FF
FFFFFFFF47FF98FFFFFFFFCFDEFFD7FF
FFFFFFFFFFFF687FE7FFFFFFFFB8E1FF
FF6CFFFFFFFFFF5D0E6FFFFFFF32ECC5
FFFFB5FFE0FF7BA9FFC9CB08FFE1FFFF
E0F7FFFFFFFFE6FF9D4B762DFF62FFFF
FFFFFFFFFF5BD5FFFFFFD4FFFF57FFDA
FFB6E6FFFFFFFFFFFFFF7084BBFFFFFF
FFA1FFBEFFFF94FFE8FFD26BFF87A9FF
77FFFFFF27FFFFFFFFFFFFFF884C836F
FFAFFFD6FFFFFFB4FFFFFFDFFFFFFF86
FFFFFFA1FFC6FFFFFFD46A6E7DB18EFF
FFFFE6FFE9BFFCFFFFFFFFFFFFFFFFFF
68FFFFFFFFFFFFF2FFFFF6FFFF47DBFF
FFFFFF67C7FFFF01FFFFDF74AA539C78
3CECFFFFFF91FFFFFFFFFFFAFFFFD6FF
48FF8DFFFFFFA9FFFFFFFFFFADFFC7FF
FFD8FFFF6C68F8FFFFFF96FFFFFFFFFF
FFFFFFFFFF999C4A3EFFFFFF59C9FFFF
D0FFFFFFABFE4E9439FFFFE8FFFFDBFF
FFA51A0772F4FFBFDBFFFBFFB269FFFF
FFFFCEFFFFFFFF90FFFF78FFFFFFFFFF
FFFFB4FFF5FFFFFFFFBAD0FFFFFFFFBC
DBFFFFCFC86A3CE1EFF4ECFFDDFFFFFF
3585A1FFFFFFFFFFFFF6FF12FFFF0000
52FFFF97FFEC979553FFFFFFFF93FFFF
FFBBDE0FFFFFFFFFFFFFFFFFFFFF3FC5
FFFFFFFFFFFFFFFFFF87B9B2C8ABFFFF
FF76FFDAFF82FF7FFFFFFFFFFFFFFFFF
4675FFFF33FFFF9AFFFF77FF82969ACF
FFFFFFD4FFFFB0FAC1FFFFFFA5E7FFAA
FFFFFFFFFFA6FF7AFFFFFFFFBAFFFFFF
B58E535745FFFF4C66FF32EFA4F1FFFF
FFFFF3FFFFA0BDFF70FF4CFFFFA6FFF3
FFFFB8C36DFFFFFFE9FFFFBEFFFFFFFF
41FFFFFFB5FFFFFFB9F9FFFF82E3FFFF
FFFFFFFFC1DB7CFF83FFFFFFFFFFFFFF
FFCFFFFFBFFFFFFFFFF8FF8BFFCEFFD1
65FFFFCEFFFFEA60FFFFFFFF1BD7D7FF
FFFFFFD875FFFFFFFFFFFFE5FFFFFFFF
C7FFFFFFA867FFFF3EFFF8B43A67BDFF
ACFFFF43FFFFFFFFFFFFFFFF24FFFB63
FFFFFFFFFFFFFF5177FFFFFBFFFFFF55
FFFFFFFFFF8B94FFFFFFFDFF8F38D9FF
FFFFFFA6A2FF80FF5318FFFFE5DAC874
FFFFFFFFFFFFCCDFFFFF7ECA6DF09FFF
9ED5FFFFBDFFE4FBFFFFDFCF60D5FF4F
FFFFFFBEFFFFFFF6FFFFB6FFFFFFFF2A
BEFFF5FFFFAAFFFFC8FFFFFFFFFFA2FF
FFFFFFD7FFFFFFFFFFF7FFFFFFD9FFFF
BAE6FEFFFFFFFFFF71FFFFFFFFBBD0FF
B1FFCCFFD4FFFFFFFFFFADDE96FF88FF
C02B12166BA9A1B9FBFF98FFA5FFFFFF
A8FFA0FFFFFFFFFFFFFF28FFFFFF63FF
48FFFF9CFFFFFFFF11FF57B0FF67FF72
FFDB988F74E483D7FF774EFF83FFFFFF
5C37FFFF54FF8014FFFFFFFFFFFF0000
9BB0FFFFFFFFFF63CDFFFFFFFFB07FFF
2DA8FF9CFFFFFFD8A694FFFFFFF7FFDF
FFFFFFFFFFFF3973FFFF17C9FFC9FFFF
C0F3A47E776FC3FFFFFFFFFFFFFFAAFF
FFFFFFFFFFFFFF3CFFFFFFFFD4FFFFFF
FFFFF8FFE9DD4C17FFBDFFFFC6FFFFAD
FFB9FFCCFF96FFFFFFFFE8FFDFFFFFFF
FFFFB6BBDDFFFFFBFFFFFFBBFFFFFFFF
D9FFFFE0FFFFB5FFFFFFFFB73C30FFD6
FFDD8BFFFFFF99FFFFE2BF36FFFF84DC
FF96D8FFFFF1FFEAFFFFE2FFFFFFADFF
FF82FFFFD6FFFFBB7EFF53EDFFFFFFFF
D7FE94FF83FFFFFFFFFFFFFFFFFFFFFF
C7FF31BF499ACFF3D2FFD8FFFFFFFFE1
FFFFFFFFFFFFFFFFFFFFFFFFFFFF3DD0
FFFFFFFFFFFFBBB1FF63FFFF926381FF
95AEFFFFFBFFFFFFFFF8FFFFFFFAFFFF
FFFFFFFFFF8CFFFFFFFF8BD6FF4F7472
FFFFFFD3FDED8B5BEAFF91866F95F5FF
FFB5FFFFFFFF77FF76D8F5FFFF8D7BBC
FF5DFF7DDAFFB0FFFFFF6FFFFF6C9AFF
C955BEFFFFFF3EB6FFC5FFFFFF5D71FF
FFFFFF85FFFFFFFFA5FFFF6DFFFFFF93
73FFFFFFFFFF50FFD7FBFFFFA9FFFFFF
B9F7FFFFFFFF71FFFFFFFFC9A143FFFF
FFC291FFFFFFFFBF8DFFFFFF1BB9FF07
FFFFFFFFEDB3FFFF3EFFFF483150FFFF
FF85FFFF7AFF47FF5AFF43B7FFFFEBFA
A87B26FFFFF6FFFF35FFFEFF58D67EFF
7AFFD09886FFFFFFFFFEAEFFFF4FFFFF
FFEC8F69DDFF726AFFE823FFFFFF6AFF
AA69FFFFF9BD9DFFFFFFFFDE5DFF0000
FFFFFF0CB5FFFFFFFF72FFE249FFFFFF
1EFFE3FFFF28FFFF57CE469EEDFFFFDD
FF93EFFFFFFFFF28A4E779FFFFFFD3B9
FFDEF34BECFFFF3AFFFFEAFFFFFFFFFF
FFFFFFD7A9AAFFFFFFFFFFFFCDFFFFFF
FF5DF24AF628D464B7FF9CBB2BFFD1FF
3DFFBAFFFFB9FFFFFFFFDCFFFFFFFFFF
FFFF9FA78DFFFFFFADFFFFCFC8FFBAFF
C3F4FFFFFFFFFFFF84FFCBFFFFFFFF92
FF58FFBCFFD4FFFFFFFF41FF23FF96FF
59FFD94DC4FFFFFFFFFFFFB4C0FFFFFF
FFE2FFB72DFFFFFF59FF92F8FFFFCB5D
8BF9E51FF7FFFF4BEDFF71FFD5E653FF
B4FF7926FFFFFFC8FFFFADFF70FFA3FF
DCFFFFFFA9FFFFFFFFFFFFFF3FF8E2DC
99FFF77AFFD5BBFFFFFFFFFFFFFF28A0
FFFFFF90FFFFA4FFFBFFFFFFFFFFECFF
FFFFFFFFFFFFFF673BCAFFDFF1FFFFE3
FFFFEAFFFFFF96CE35FFFFFFFFC8FFFF
B0FFDF2244FFFFFF4E74FFFFFFFFA0B7
9DFFFCCEFFFFFF37FFFFE8FFFFFF73FF
ACABFFFFFFFFB4FFFFFFFF7BDF6CD0FF
FFFFFFC5C0FFEEFFFFFFFF76CCD8FFDA
C3FFFFFFFFFFFFFF5765B0F5F8FFFF53
FFFF6A87FFFFFFD5489BFFA9F5FAFFFF
483FE86C9777FFFFF6A3ACED78FFFFFF
FFDEFFB9FFFFFFFFFFFFFCFFFFEF82A6
995BFFE727FF9FFFC7FF153AFFFFD623
FFD4FFFF5BFFD579A9D9CAFFFFFF7FFF
F4FFE991FFFFFFFFFFCEFFFFFF76FFEE
B7FFFFFF80DFFFD1FFFFEBA8FFFFFFE6
FFFF39FFFFA8EFFFFEFFFFFF4FFF0000
81FF69FFFFFF70F2FFFFFFFFA1FF7FFF
FFFFFFFFD6FFFF9499A968FFFFA0A189
FFFFFFFFFFFF61FFFFACFFFFFFFFFFC5
FF86FFB3FFFFFFFFFF6CFFFFFFFFFF50
FFFF89FFABFFFFFFFFFFFF8CFFFF7EFF
FFFFFFFFC5BAC8D9FFFFFF9F46FF0AFF
FFA6FFFF99FF43FFFFFFFFFFFFFFFFFF
FFFDFF49E428BEFF0EFFC3FFFFF7FF84
FFFFFFD8B3FFFFFFFF35FF93FFFFFFA9
FF69B930FF81FF2AC1D2FF7DFFE3FF71
FF5BFFFFFFFFBCFFFFFF4EFF95FFFFFF
4FFF378B5ECFFFFFD1FFFFFFFFFFFF9B
FFAB97A8C6FFFFCF59FFFFFFFF66DC5A
C2E0FFFFFFFFFFC2FBFFFFFFFFFFB18E
D4FBFFFFFFFFFFFFFFFFFFFFFF26E492
91804AF962FFC9FF6CFF5AFFFF63FF36
FFFFFFFFFFFFFFFF1DFF876CF6FFFFFF
FFFFFFFFFFFFFFFFFFD5CBFF78FFFF98
FFFFFFFFFF5E89FF69C619FFFFFFFFFF
44FFCB3C53FFF1FFFFC2E6FFFF85FFBC
E9FF8F85FFFFFFFF9ACBFAA7DA5EDFFF
F3FF61FFFFFF22C2FFFFFFFFFFC8EAFF
FFB5FFE1FFFFFFD7AA6C3FEBFFFFFFB4
FFA9FFFFFFFFFFFFFCFFDBFFFFFFFFFF
FF9B70BEFFFFFFFFFCFF4A2BFFFFFFFF
78FFFFFFFFFF36FF98FFFFFFFFFFFFFF
FFFFFFFF85CFFFFFF2FFFF95FFFFFFFF
C16F50FFFF7EFF63BAD78F34FFFFBEFF
6EFFFF51FF36FFE8FFFFBBF8C67EFFFF
FFFFC6FFFFFFC4FFFFFFFF8DF9FF80C2
FFFFCFFFFFB1FFFF82FFFFF1BBFFFFC4
FFA0FFFFFFE199FFFF506CFFFFFF0000
FF9DC9BA8ABFFFAFB9FFFFFFF2FF51FF
FFFFFFFFFFFF9EFFFFFFB6FFFF5EFFFF
F3DEF3FF83E9FF59FFD5FFFFD2FFFF8B
FFFFFF69EA86FF55FFFFFCE13C9CFFBD
E4FFFFE2FFFFFFA4FFC4D0FFFFFFFF7A
FAFFFFFFFFFFA0AECBFFFF68FFFFFFFF
EDB7FFFFF8FFFFF4BFFF47FFFFFF71FF
FFFF73A6FFFFB5FF6FFF44FFFBFFFFFF
FFAAFFFF82FFFFE1FFEFFFFFFDFFFF73
90FFFFAFFF69FFF6FFFFFF86FFD07CFF
FFFFA0FFFFE5FFFFFFFFDFFFFFC0FFFF
DD9CFFFF93FFFFFFFF94FDFFC0C362FF
4A93A9A91AFF90BE63F6FFFF55FFFFFF
5CFFFFFF76FF24FFFFFFA1FFFFFFFFFF
FE92FF9EB5F5FFFF866EAEFFFF8CBCD5
81ADFFF4FFFFD3FFFFFFF3FFFFFFFFFF
FFFFFFFF5EFFFFFFFFFDFFFFFFFFFFFF
FFFFFFFFFFE6FFFFFFE0FFFFB242ADFF
FFE3FFFFFFB3FFC76D6EFFFFFFFFFFFF
98FFFFEDFFFFFFFFDF9CFFFFFFFFFFFF
FFFFA10ACADFAFFF53FFF1FFFFBAFF37
FFFF3B77FFFFB46FA320ADFFFFA5BBCD
FFFFFF45FFFFFFFFFFFFFFC4FFD0FF37
E9FFFFFF6FAE3D90FFFFFF7B6AB6FFFF
FF96FFFFFFFFFFFFB0FFAB5FFF26FFFF
E2FFB8FFFFFFFFFFDCFF4BD3FFFFFFA9
EFFFFFFFFFC1FFFFCBFF8AFFFF6C6975
C5B6C2FF77EEA4FFFFFE82FFFFFFFFA3
CEFF63FF19FFD9FF92FFFFFFFFFFCDFF
FFFFFFC2FF68F3FFFFFFFFFFFFC5FFFF
FFA256FFFFFFFFFFA8FFFF78FFFFFFC6
FFC9CDFF51F1FF94FFFFFFFF78FF0000
8A577AC4FFFFFFFFFF783D76F6C4FFFF
94FF1F9853FFFFFFBD7EFFA1FFFF61FF
D1FFFFFFFFFFFFFFFFA1B7FFFFFF49C6
FFAFFF635AE3C2FFFFFFFFFF5468FFA5
FFFFFFFFFFFF24FF49FFFFFFFFFFFFFF
FFFF3CFFC7FF89FFFFFFFFB2FFA2FFFF
D8FEFFFFB3EFFFAFFFFFFFFFFF2CFF6F
FFFFFF0EFF9E20FFFFFFFF5EFFFFCBE1
FFFFFFFFCDFFDEFFFFFFFFFFFFFF93FF
466F23FFFF34FFFFFFFFFFFFFFFFFFFF
FFFFFFFFFFFFFFFFFF84FF52D7FFC3FF
C7FFFFFFD6FFFFC6FFFFFFFFFF21E699
FFFFFFFF45FFFFB323D54DFFFFFFFF6A
FFFFFFFFFFFFFFFFFAFFFF8CFFF47FFF
FFD1FF6E9EFBFF8578FFFFFFFF98C8FF
FFFFFFFFFFFFFFFCC6AD96FFFFFFFFFF
FFFFFFFFFFFFF9A5FFFFFFFF76FF89FF
FFCFFFFFFFFFFFFFFFFFFFFFF660FFF7
A7F9FFF6A7FFFFFF42BEFFFFFFC3FFED
FFB5FFC2B1FFFFFFD6CCFFFF6EFFFFA8
BCFFFFFFFFFFFFFFFFFFC2FFFFFFAFFF
FFFFFFFFFFE5FF85FFFFFF85FF21A6FF
FF4FF8FFE4FFFFFF9BC1F0FFA2FFFFFF
FF29FFCDC7FFFF6BFFFF65FFFF953243
FF73FFFF7AFFFFFF4781FFFFC0C980FF
FF8765FFFFFFFFDCFFFFFFFF6FFFFF8F
FFFB85F9FFFF56A8FFFFFFABFFFF75B6
E3FFA0FFEF1938FF7AFFC1C2F5E3FFFF
EB79FFFFE5FFFFFFFFAAFFE8FFFFFFFF
FFFDFFFFFF8FAFFFFFFFFFFFFFFFFFFF
FFFFFFFFFFFFFF7C16FFFFDFFFFFD8FF
FF8AA6FF96D9FFFFFFFFFFFFFFB20000
3491ADE1BD82FFB1C8D0FFAD8789FFFF
FFFFFFFFFFFFA4FF7FFFBADCFFFFB3FF
5DFFFF4894FFC6FF3FFFFFFFFFFFFFFF
FFFFFFFFFADF997B86FFFFFFFFFFFFEB
9FFFC1FFFFFFFFFFFF45FFFFC4FF669B
DFFF5AFFFF7FA3FFFFFFFFFFFFFFFFE4
FFDFFFFFFFFFFF50FFFFFFFDFFFFD8FF
95A999FF29FFFFFFCBFFF6FFF6FFFFFF
67FF3CFFFFFFFFFFFFFF55F9FFCDFFFF
FFDCFFFF68FFFF26A0C933B7E0FFA072
E4FFAEB0FFF1FFFFE7FF68FFB0FFFFFF
FFBAFFFFB54EFFFFCC85FFFFBFE0FF96
D541FBFFFFE93DE999FFDFFF94FFFF86
FFFFFFD3FF59FFFFD294CBFF9BFFFFFF
FFACFFEB55F9FFE8AAFFFFFFFFFFFFFF
FFFF9BFFFFFFFF34778FFF80FFFF2954
D8E545CDB9FFFFFFE0E56E85FFFFFFFF
FF3CDCFFA3FFCBFFFF80D1C4FF3AC3DC
FFFFA6FFFF12FFFFFFFFFFC57FFFFFFF
FF2B69FFFFFFB5FF2FFFFFFFFFCEC9FF
FFFFFFE9D15D8699FFFFFFFFFFF7FFE7
FFFFFC6EF68AFFFFFFFFFFFFFFBEFF5F
FFFFFFFFE40BE2FF80FFFFFFFFFFFAFF
FFA95BFFFFFF65AFFFFDFCF5FF68FFFF
FFFFFFFFFFFFC5F4BAFF4DD57D96FDFF
FFBB83FFFF95FFEBDE958AFF99ABFFD1
FFFA96FFFFFFBBC0FFFFFF1C8E7AFFFF
FFFFE769FFB4FFFFFFFFFFFFFFFFA5FF
FFFFFFFFFFFFFFE3FF20FFDEFFDDFF24
FFFFFFFFFFFFFFFFC37FFDFFFF58A8AE
46FFB3F9FFFF6FE3D2FFFF56FF90FFFF
FFFFFF29FFFF51D8FFFFFFFFFFFF0000
FFFFFF61AFFFFFFF40FFFFFFFF6BFF25
74FFFFFFFFB6FFFFFFFFFFB1FF3AFFFF
FFFFFF15FFBDFFFFFFFFA7E1FFFFFF6B
FFFFFFFFFFC6FFFFFFFFFFFFFFFFFFFF
D4FFFFFFFFFFD2FFEDFFB0FFFC50E774
86FFFFEDFFFFFFFFFFFFDCFFFFFFAEA2
FF45D4FFFFFFFFFF6EFFFFFFFF39FFFF
FF94AFFAFFFF6A6A859D8CFF77FFFFFF
99FFA6FFFFFFFFFFFFFFFF8CFFFFFAFF
FFFF73FFFFFFCFE361FFFFE5E2FFFFAB
FFCCFF4BFFFF46ADFFFFFFA8CBFFFFFF
E0FFFFFFFFFFFFFFFFFFFFE239FFFFFF
F33BFFFFFFFFA9FFFFFF56FF8AF6FF9D
FDFF0AFFFF914C6EFFD3FFFFF9F0BDFF
4DFFFFEC4C5E6BFFFFFE45FFFFFFADFF
D1FFFFFFFFFFFFFFBEFFFFFFFFFFFF82
CDFFDA8C6440FBBE91FFFFFFFFFFFFFF
FFFFF6F5FFFFE9FF54FFFFFFBFFFFFFF
FFFFFFFFFFF5FFFFFFFFFFFFFFB7FFFF
77FFBEEAFFFFFFFFFFFFFFFF85FFFFFF
66FFFFFFFFFFFF53DE90FFFFDFFFFFFF
FFFFFF3430BFFFFFFFFFFFFFA2FFFFFF
4EBDFFD3FFFFFF97FFFFFFFF91FFFFFF
96E3FFFFFF996EFCFFFFFF26FF12FF5B
FF94FFFF93FFFFFFFFFFFFFFFFFFFFFF
FFFFFFFFFF59FFA2FFFFFFFF436CFFFF
95FF62FFFFFF7AFF5EFFFFFFFEFFFFC5
FFFFFFFFFF88FFFFFFFFFF78FF9483FF
FFCEFF8BFFBAFFFFCB8D6DFFFFFF14FF
FFFFFFFF75FF71B4FFFFE0AEFFFFFD87
FFC1FFACFFFFF7FF30FFFFFFFFE8FF91
FF56FFFFFFFFB5FF5CFFFFFFFFFF0000
FFFFFFFFFFFFFFFF86C4EBFFFFBEFFFF
FFFFFFFFFFB1FF53FFFFFF76FFFFFFFF
FFFF0ACA9DF57CC5FF8AFFF382454C52
FFBCFFCEFFB4EFFFFF95FFFFFFE1FFD3
FFFFFFB09EFFFFFFFFFFFFFFFFFFFFCC
BCFFFFA11DFFFFFFFFFFFFFF6DFFFFE1
FF77F6FFDBFFFFAEFFFFFFFF46FF0ED0
85FF91CA27FFFF6E4BFFFFFFB8FFFF9B
A8FF45C09EFFECFFFFB5FFFFFF85FF66
FFDFFFFFC8C0FFEB72FFFFE6FFFFAEFF
FFFFFF70FFCBFFFFEFFF6DE920FFFFFF
FFFFFFFFFFFFFFFFFFFF4FFAFF8DFFFF
FFFCBEFF3DFFB187FFFFFFFF85ADFF4F
C6FF8589FF89DCFDFFFFFFC375A2FFFF
FFD77D75FFFFFFFF3BFF54FFFFFFFFFF
FFFFFF95FFFF46FFFFFFFFFFFFABFF3F
FFEE6BACFFFFD2FFFFFF60CBB5FFFFFF
FF8C5D9CFFFFAFD6DC49FFFFE9E1FFCC
FFFBFFFFFFFF39FFFFFFFFD6CA75FFFF
FFFFFF74FFFF54FFFFFFFFFF7C48E8FF
CD8881C57A72FFFF95B7EFFF4BFFFF93
FF2CFF45FFFFFFFFFFFFFFFF63FBDCA5
EEDBD8FFFF3FFFFF60A3FF46FFFFFFAF
FFFFFFFF6EFFFFFFFFFFFF6CB4DBE0FF
96E9FFFFFFFFFFFFFF4CFF90ACD4FFC7
FFFF8EFFFF95FF70FDFFF824F4FFFFFF
FF9DFFFFFFFFF1A8FFD79CE76B3EA1FF
FFFFFFFFFF87C0FFFFFF5CFF5EB772FF
FFCCFFFFFFABFF337ABC3AFFE3FFFFFF
FFC1FFFFFFFFFFFFFFFFFFFF56FFEEFF
FFFFFFC2DCD48EFF6CFF7BFFFFAEFFFF
FFFF87FFACFF5BFF3BFF77FFFFFF0000
FF4DFFE6FFFFFFEB4FFFFFFFFF90FFFF
FFFFFFFFFFF4FFFFFFFFFF4CFFFFFFFF
FFF2A83CD05BFFFFFFFFFFF3FFFFFFFF
FFFFF9ACFF89E6F6FF53FFFFFFFFFFFF
FFF2FFFFF9FFFFFFFFE4FFFFA1F7FFFF
FFFFBCFEFFEBFFFF9FFFFF64FFFF74BD
FF7AB2FFFFFFFFFFFFFFA3FFFFC4FFFF
FFFFFFFFFFFFFF58B7FFFFFF8FFFFF0D
ADFFFFFFFF97FFDCD5FFFFFFFFF66CA3
FFFFFFFFFFEDF8DDE0FFBD8BC76FFFFF
FFB8B0FFFFFFFFFFFF67F4C290D5FFFF
FFFFFFFBFFFFFFFF53FFFFFFFFF6FF77
F2FFFF66FFFFFFFFFFFFB1FFB2FFB2FF
FFFFFFFFFFFFFFA3F0FFFFFFC3FFC7FF
FFFFC4FFFFFFFFFFFFFF88FFF9FFA0FF
FFFFFFFFFF54FFFFFFFFFFABFFFFFFFF
9ACEFFFFFF3ABDFFFFFFFFFFFF86FFFF
FFFFFF37E64CFFFFFFFFFFCCA4FFEFFF
FFFF2DB6FFFFFFFFFF09B5FF9335FFFF
FFFFB12BFF96FFFFFFFFFFFF95F8FFFF
80BF56FFFFFFE0FFFFFFFF5F88FFFFFF
DA5EFFD69EFFFF6931EFFFFFFF88B4FF
FFFFFF45FFFF80FFFF5DFF5DFF6BF0FF
FFE7FBC9DD8CFFFF3428F9FFFFFFFFC7
FF98FFFFFFFF6275FF90AEFFFFFFFFFF
8EFFFFFFFFFFFFFFDBD7FF9EFFA14CFF
FFFEFFFFFFFFFFFF54FFADC85FA7FEFF
FFFFFFFFFF53FFFFE6FFFFF5FFFFFFA6
FFFFC1FFFFFFFFFFFFFFFFFFFFFFFFEC
FFFFA5FF92FFFFFFFFFF61FFEBE8FFFF
FFFFDC57C8E9FFD9FEFFFFFFFFFFFFBD
FFFFFFFFFFFFFFFF52FFFFFFFFFF0000
FFFFE9FFFFB2FFFFF8FFFF8DB7EDFFFF
FFB1D84CFFCFE09EFBFFFBFFB7FFFFFF
FFFFCA891AFFFFBAFFFFFFC5FFB490CB
FFE9FFF8FFE2FFFFFFFFFFFF9B9BFFFF
FFFFFFFFFFFFFFFFFFB9FF48FFFFFFFF
90FFFFFFABFFFFFFFF49FFFFB3FFFFFF
FFFFFFFFCCFF56FFFFFFFF1FFFFFCDFF
FF27FF6F52B5DE53F078AEFFFFFFD3F5
5FFFFFFDFFFFA57DFFE10BFFFFFFFFFF
FFFFFCBF9BFFFFFFFFFF67F7D7FFFF6B
A0D7FFFF6BFF388FFFFFB364B8D7FDFF
FFE5FFFFC488FF94F3FFFFFFFFFFFFFF
C1FF91FF2D89FFDE93FFFFFFFFFFFFFF
8BE2FFFFFFFF7FFFFFFFA6FF4FFFFFDE
7AFF41FF9BFFFFFFFFFFFF45FFFFFFFF
FFFFFFFF6B78FFFFFFFFADFFFFFFFFFF
FFD2E3FFFFFFFFFFFFFFFFD0FFFFFFAD
FFD8FF83EAFFFFFFE7F5FFFFF9D4FFFF
9CE9A8DCFFF5DAA9FFFFFFDAFFFFFFFF
FFFFFFFFFFFFFFE392FFFFFFFFFFFFB2
FFFFA4FFFFA8FFFFFAFF07BC51A3FFB3
FFFFA8B11778C3F6FFFFFFFFFFA8FFFF
64FFFFDC62FFFFFFFFFFFFFFFFB26CB4
935DD5D74D9EFFFFFFFFFFFFDAFFFFFF
D5ECFFFFFFFCFFFFFFFFFFFFFFFF4AFF
9F67FFFF7CFFFF5829A9FFFF47FFFFEF
FFC079FFF2FFFFFF4DFF3AF6337AFFFF
FFA830FFFFFFFFFFB8FFFFE3FFFFFFFF
FFA8FF7AFFFFFFF2FF13FFFFD7F3FFFF
B3FFFFFF4BFF278948D0FFFDF5FF7AFF
FF4248FDFFFFFFFFE1C087FF97C9FFFF
FFFF1CFFCCBEFF57FFFF9A64FFFF0000
C9E3F5BD26FFFEFFFFE3FF64FFFFFFFF
FEAF71FFFFFFFFFFCEC9FFDA91FFFFFF
FF85FFEEB2FF2089FFFFFF5AFF8095FF
FF74FFFFFFFFFFCDD0FF93FFFF9744B8
FFFFFFFFFFBBFF8EFF7BDDFFFFE8A8FF
FFFFADFFFFFFFFFFC7ECFB8CDF0F9F4B
68FF53FFDCFFE9FF75F0FFFFFFFFFFAF
FF36FFFFFFEEFFBDB5974EB7DBB2FFFF
1FFFFFFFF7FFFFFFFFFF75FFFFBFFFFF
7AFFFFFFFFBEFFFFFFFFF9FFFAFFFFFF
9AFFFF4DFF568CFFFFFFFFDDCC9BFF42
FFFFFFFFFFFFFF8EFFFFFFFFFCFFFFF3
FFFFC3FFA8FFFFFFFFD2FF8AFFFFFFFF
FFFFFF94FFACFFFFDB78FF8CD7FFFFFF
FFFF73B0F6FFFFFFFFFFFFFFFFE9FFFF
FFFFD48C9F8FFFFFFFFFFF73FFFFF5FF
FFE03CACFFEC3BFFFFFFFF4AFFFFFFFF
CFFFF46EFFFDFFFFFFF7FFFFFFE7FFFF
FFFFFFFFFFFFF6FFFFFFFFE0FFFFF7FF
5265FFFFFFFFFFFFC3FFFFFFFF68FFFF
FFE8FFFFFFFFFFFFFFFFDAFFFFFFFFFF
FFFFFFB0B7FFFFFFE7A6FFFFFFBD83CC
FFFF91FFD0FFFFFFFFFF61FFEFF226F3
ACFFFFFFCFDAFFFF9CFF9AFFFFFFFF6B
6A64FFBDFFFFFFFFFFFFFFFFFFC4FFF6
E27FFFFFFFD9A0A67CD8FFFFA1475F89
2572C8DE6DEDFFFF88FFEEFFFF99FFFF
FFFFFFFFFFD7FFFFDAFFFFFFFF4EC854
6FF3F2FFA8FFFFFFFDFFFFFFFF32C3FF
FFFFFFFFFFD9A28DD62CFFFF736CFF89
FFE1FF0DFFFFE418FFFFFFFFFFCDBEFF
F8FAFFFFFFEEFF4161BAFFFFFFFF0000
61FFFFE05EFFFFFFFFB4FFDFFFFFFFEC
C774FFF8BEFFFFFF69FFFFFFE7FFFFFB
FB49CBFF9DFFEA8583FFFF89FFFF66FF
FFFFFFFF65FFFFFFFFFFFFFFFFFFE5A3
FF89A4C05BFFFFEEFFFFEEFFFFFFFFFF
68FFA5FFFF75C28891D4DE9D48D5FFFF
FFF0C1FFCEE0CDFFC1FFE8FFBAFFFF7E
FF3EFFFF84FFD5FFDCF590C6EAFFFFA5
D7FFFFFF79FFFFD5FFAB57FCBFFFFFFF
4FBDF29BFFFFFF63FFD07082533B27B6
FFFF9CFFE8FFFFFFFFFFA57FFFFFFF9E
FF74FFFC4482FFFFAFFFBFDAFFFFFFFF
FFFFCDFFFFFFFFFFFFFFD5A316FFCFFF
FFFFE77DFFDCFFFFFFFFFFEF48FFFF57
E3FFFFFDFFFFFFFFFF3AFFFFA5FFA98A
FEC5F2FFFFFFFDFFFF8B6DFFFFFFFF80
FFFFFFBAC2FFFFFF7AFFFFA8CAFFFF18
DDFFDAC9FFBAFFFFFFFFFFFFFFEFFFFB
FFFFFFFFFAFFFF57FFC645FFFFFFFFFF
7E6055FFFFFFFFFF81FFB8FFFFFFFFFB
FF9EFFFFFF676CFFD2FFFFFFE9FF62FF
77FFFF6FA1FFFF5FFFAFFF60FFFFA1FF
FFFFFFFFF7FFFF8AFF594FAACFFFDBFF
5AFF566CFFFFE1FFFFFFC0CBFFFFFFFF
A1EDFFFFFFFFB1B3FFFFFFFFFFB3D797
FFBBFFC0FFFFC32C4AABFF8EF2A8FFFF
F929FFFFD8FFB94557C0FF69FFB6FFFF
FF8CCBE3FFFFFFB1EED2FFFFFFFFFFFF
FFFFFFEFFFFFFFFFFFFFFFFFFFFF82FF
F1FFFF68FF6CC3FFFFFFFFFFFFFF8CFF
FF54D1FFFFFFFFFFFFA3B2FFFFFFFFFF
FFB7FF88FFFFEE51301681FFFFFF0000
FFFFFFFF63DDA9FFFFFFFFE5FFFFAAFF
FAFFFFB3CBCFFFFFFFFFFFFFFFFF32FF
FFA8FFFFFFFFFF9BFFFFFFFF9FFFE3FF
FFFFFFDCFFFFFFFFFF624FFFFFFF9BB9
77FFE157F150FFDDFFFFFFFFFFCFFFFF
FFFFF0FFFFFFB4FFFFFFFFE9FFFF33FF
FF5DE92BBCFFFFFFFF4CFFFFFF774AFF
FFFFF3FFFFFF93FFFFFFB6976BFFFFFF
ACFFD8A1C6FFFFE6D4FFBFAEFFFFB28C
FFEFC69CFFFFFFBFFFE73FFCFFFFFA56
FFFFFFD6FFFFFFDEFFFFE4DCFFFFFFFF
5AFFFF6DFFFFD3FFFFFFFFFFFFFFFFAD
FFFFFF94FFFFECFFFF54B7FADAFFE5FF
EBBEFFFF81FFFF43FFFFD2FF48B572FF
FFFF55FFFFFAFFFFFFFFFFDBFFFF6BFF
DA0F5FE1FFC7C9EBFFFFFF84FF9280D4
76FF51FFFFFFE5FFFFE4FFFFFFE4FFFF
FFFF82FFFFDBB0FFFFFFFFFFFFFFFFFF
FFE6FFFFFFFF57FF7D7C4CA7E7FFFFFF
41FFFFFFEAFFFF85FF29FFFF96FFFFFF
99FF44FFFFFFFFFF63FFFFFFFFFFA0DC
FFFFFFFFFF48FFFFFF4FFFFF76FFFFFF
FFFFE166A2FFFFFFF4FFFFFFFFFFFFFF
FFFB3FFFFFFFFFFFFFFFFFA8C9FFFFFF
C5A2B5FF7EFFFFFFFFFFFFFFFF17B5FF
FFA3FFE2FF7DFF7A741C3DFFFFFFFFFF
FF6FFFFFF9FFEEFF8EFFDCFFEA40FFFF
9ACDFFFFFFFFFFBDFF5EFF7BA1FFABFF
FFFFFFFFDCA2FFFFB1FFF8FFFFFFEB57
FFEAB8FFB7FFFFFFA2FFFFFFFFFF8DE5
FFFFFFA7FFFFFFFFDFD2FFBEFF89E2FF
FFFFFFE9FFFF91D090FFFF7CFFFF0000
FFFFFF68C9FFFFFFFFA467FF32FF65FF
FFCDFFFFFFFFFFFFA5FFFFFFB241FFFF
BA89FFE6FFC7FF29FFFFFFFFBC3FFFFF
FFF0FFFFFFFFFFC7FFC6A2FFDBFFFFFF
FFFFFEFFFFFFFFFFFFD49AFFFFFFC6FF
FFF1A46DE2FFFFFF2DFFFF0EFFFFF1FF
FF353CFFFFFFFF28C7FF88FF47FFFFFF
FFFFFFFFFF9DFFBEFFFFFFCE836A67FF
EBFFFFFFFFFF48CFFF3FAEFF36FFFFFF
FFFFC0629EFF25FFFF7326FFFFFFFFCD
FFFFFFA5FFFFFFFFE465B6FFC3FFFF2E
D9FFFFFFFF9968FFFF4148FF3DFFFFDC
FFB6FF83FFDDFFFFFFFF67FFFFFFFF9E
B5A5E056E3E4D3AFFFF3FFA2B9D77DFF
FFB1FFA2FFFFFF54FF5467FFFFFFFFFF
FFFFFFFFFFFFFFE4FFE5D6FFFFFFFFFF
FFFF57FFFFACFFFFFFFFFFAEAC42FFBE
FFFF86FF8FE3BFFF69DAE8FFFFA16DFF
E5C4FF9AAD91FFFF878443FED8FFB9FF
60FFE2FFFFFFFFFF3569B5FF7AAEC352
FFFFFFFF39B4FFD7FFF2FFD9FFF5CB6F
FF49FFFFFFF784FF6A97A7FF72FFFAFF
FFFFFFFFACE3F0FFC3BCC8D271D3FFFF
41FFFFFF804DFFFFFF5AFFFFFFDCFFFF
FFD468FFFFA19099FFFFFF75E26CFFFF
FFF5ECFF7EFFFFFF5FA3FFFFFFFFFFFF
FFE2FFFFFF5D7A93FFFFFFFFD5FF50DE
5AFFFFFFFFFFFF87B6FFB5B142FFFFFF
FFCAFFFFFFFFFFFFFFFFFF09FFFFFF64
A16B71CBE0B7D6FFFFFFFFFFDBDCFFFF
FFFFFFFFDDFFFFFFFFFFFFFFFF5CFFFF
FFFFFFFFD3FFFFE6FFFFFFFFFFB40000
FFC7FF53FFFF87FFFFFFD3FFFF91ACFF
FFFFFFFDB1E3F5FFB6FFE1FFFF97AFFF
DEE65CFFD098FFFFFFFFFFFFA1FFFFFF
FFFFFFFFA2E4C7A6FFFFFFFFFF12EDFF
FFEBFFFFFFFF54FF57FF48D5FFFFFFFF
F4CFA7C3E28FFFFFFFFFFFFFFFFFB6CB
FFBF8FFFF586B6BD75FFA8FFFFFFFFE4
FFFFFFFFFFFFCF1081FF5550FFFFFBE2
EEC945E0FFFF61FFFF3CFFFFFFC4FFDA
FFFFFFFFFFFFE3A4FF4F03FF6CACFFFF
FFFF86FFFF4CFFC9DEFFFFFFFFFF8AFF
9AFFFF59FFCAFAFFFFFFFFFFFFFFFFFF
1DFFFFA0FFFFFF8F9E5DFFFFBCFFFFFF
71FFFF81D1FFFFFFFFFF65BD2D99B0E4
FFFFFFFFFFFFFFFFFFFFFFFFD5FFFF87
FF994465FFFFFFFFA5FFFFFFFFFFFDE0
FFFF2EFFFFFFFFFFFA5848FFFFD3FFFF
FFC6FFFFFFC1FFFFFFFF918AE1A0DC6B
32FFFFFFFFFFFFFFFFFFAF8842FFFFFF
FF878C2CFFFFFFFFBEA5FFA7FFFF22FD
EFFFFFFFC5FFFFFFEFFFEB54FFFBFFFF
DCFFFFFFFF87FFFFFF4CD5FFFFFFFFFF
FFFFFF67FFFFFFFFFFF25E67FFFFFFFF
FFFFCB6AA641FFFFFFD7FF63FF9AFFFF
FFFFDCFFFFA7FFFFFFE2FFFF68FFFFFF
65FFFFFFFFFF88FFFF9CFFFFFFFFFFFF
FFFFFFFFFF9846FFFFFF4DFFFFFFFF1D
FFFFFF33A5F467F9EAFFFF7C5C83BF21
FFFFFF7554FFFFFFFFFFFFC3F225FFFC
FFDAA9FFFF87FFA8FFFFFFFFFFFFC8FF
FFFFFFF4FFFEF1FFFFFFFFFFFF9FFFFF
FF3442FFFFFFFFFFFAFFFFC5A6B80000
FFFFFF91FFD7FFFFF4FFFBCCFFFF70FF
FFFFFFFFFF78B2FFFFFFFFBFFFF8FFFF
9AA8C89F732BFFFFFFFF9DFF55DBFFFF
DAFF8CFFF4AFFFFFFFFFFFFFFFFFFFFF
7EFF42A8FFFF4EFFFFFF46D73BFF9AF2
7F64FFFFFFA8FFFF99FFF4FFFFFFFFED
FF9BAD498A16FFFFE9FFBCF8BDFFFFFF
FFFFA6FFFF39A0FFFF8AFFFFFFFFFF8D
EFF37168A7D3FFFFF49CC0FFD13EFFFF
FFFFFFFFFFFFFFFCFFFFADACFFFFFFFF
D3FF44FFFFFFFFDFFFFF99D0FFFFFFFF
5C7AFFFFFF2DE3FF50FFFFFFFFFF96FF
B5FF721BDC5BB4C1FAFFFFFFFFFFFFFF
FFFFFFFFFFFF40FFCDFFFF98FFFFFFFF
D3FF60FFFFFFFF79FF9295E4A6FFFFE9
FFFFFFFFFFFFFFFFFF7BFFFFFFFFFFFF
FFFFFBFFFFFFA7FFFFFDFF9AFFFFFFFF
FFFFFFFFF594ED6799FFF94760FFFFFF
FFD4CAC588FFFFFFFFFFD2F2FF8BFFFE
3D6E44B5FFFFFFFF38FFFF9CFEFFFFDB
FF63FFFF71FFF6FFFFC1E3FF97EAFFFF
12FFA9FDFFFFFFFFFFFFE5EEFFF8FFFF
FFCAFFFFFFFFE4C2A793FFFFFFFFFFFF
D8FF2AFF3CF4D2FFFF48FFD8E7C5D2FF
FFFF9FFFFFBAFFFF97FFA4FFFFA1FFFF
FFFFFFFFCBFFFFFF78FFFF31FFFFCD8F
FFFFFFAEFFCCD9FFACFF75FFFFFF37C7
FFFFFFFFFFFFEBFFFFFFFFFFFFFFBACD
69FF47FFFF15FF4154BEFFFC9EFFD86A
FFB6FFFFFFFFFFFFFFCDFFFF38FFFFFF
FFFFFFFAFFFFFF12FFFFFFCFFFFF1CFF
FFE7FFFFFFFFFFFFCDFFFFFFAEA70000
A3F6FFFF81FF62FCFF68DAC5E3FFFFFF
FFFFFFFF26DAFFFFFFFFFFFFFFFF85FF
FF86FFFFFFFFFFFFFFFFA7BDBAFFFFFF
A7FF81FF7BFFFFFFFFE0FFFF80FFFFD8
86FFFFFFFFFFD3FFFFFFFFD3D8FFFF60
44FFFFFFFF5CFFFFFFFFFFFFDB8C92FF
FFD787C7FFFFFFFFFFFFFFFFF3BEFFFF
9765FF4EFFFFFFFFFFAEFFFFFFFFFF87
FFE6FFFFA2FF2DFFFFEEFF77FFFFFF6E
D1FFFF5476E1FFFFA0FF53FFFF87FFFF
D7FFDEFFFF55FFFFA156FFFFFFB5FFE2
EDFFFFFFFFFFFFFFFF6C46FFFFFFFF90
938AF4B6EEFFFFFFFFFFFFFFFF83FFFF
FFFFFFFF31FFFBFF82CEE9FF9BFFFFFF
C691A77AA8846FFF3BFFFFFF8CFFFFFF
7BFF68FFFFFEFFFFCFFFE670C0C62F87
FFB6BFFFFFFFF1FFB3FFFFFFFFFFA3AA
FFFF86FFFF5454FFBFFFEAAFCB6DFAFF
E9FFDFB7FFFFFFFFFFFFFFFFF4FFE5FF
6379FFFFB2FFDFE83EFFFFFFFFFF749D
FFFFFFFF74FFFFFFFFFFFF82FFFFFFFF
FF2757FFCDFFDCFFFFFFFFAFFFFFFF51
FF58F5CA307F42BC25F7FFFFFFFFFFFF
FFCDECFF46FFFFB6FFCEC3F7FFFFFFFF
FFA944FFFFFF8DFFD8FFA3FFF8FFFFFF
F0FFB7FFFFF8DFFFFFFFAFF3FF9DFF89
FFD9FFFFFFC14CFFFFFF9686F9FF05D6
FFFFFFFF4BEA52C7A5BAFFFFFFF2FFA5
FFFFFFB8FFA3FF2F189A62FFFFFEFFFF
EEFFFFFFFF0FF0A1D2EDF5FFE237FFC8
FF9BFFFFFFFFFF97FF68FFFFFFFFFFFF
FFFFFFBA56FFFFFFFFFFFFD1BDFF0000
FFFFFFFFFFDEF174D6FFFFFFBA57FFC1
FFFFFFFF68FFFF1EFFA286FFFFFFFFFF
FFFF60C6FFFF636EFFFFFF3CFFFFFF82
CDFF4EEFFFFFFFFFCAF5FF9ED3FFFFFF
6AFFFFFFE6FFBC70BDFFEDE3FFD0FF2D
FFFFFF99FFFFFFFF5FFFFFFFFFFFFFFF
C8FFEEFFFFFF6FDAFFFFF7FFDBC8FFFF
603AFFFFFFFFFFDA954F569FFFDBFFFF
FFFFFFCAC97F99FFFF78E6FFFFFFDE88
FFFFFFFFFFFFFF79FFFFFFFFFFFFFFFF
9FFFFFFFFFFFFFFFFF936A8AFFFFFFFF
FFCFFFFFB4DEC6FF93FFFFFFE1FFFFA6
FFFFD4FFFDD4FFFFFDF2FFFFF0D3FFFF
F3FFFFFFCEBCFFF8FFF7B1FFFFFFFFEF
FFA2FFFFFFFFFFB9FFFF80FFFFCBFFB6
FF8E97FF31FFFFDEFFFFFFCAFFBE64EC
FFFFFFFFFFFFFFFFFFDF91DC7CFFFFFF
FFFFFF99C055FFFFFFFF3EAFFFFFB8FF
FFFF8DFFFFFFFFFFFFFFA3FFFFD9FFFF
FFFFFFEFFFFFFFFFFF7AFFE364BA75FF
FFFFFFFFFFFFFF33FFFFAFFFFFFFFF95
FFFFFFFFE754FFFFFFFFFFADFFFFFFFF
FFCF7DFFFFFFE0FFFFFFFFFFFFFFFF6B
7DF180FCFFFFCDD2FF9A8CFFFFBEFFFF
FF7889FFFFFFFFFFB72FFFFFFF80F473
32E9848AFFFFFFFFFFFFFFFFFFD4FF84
FFFF73C2BFFFABFFFFFFFFD9D07DFFEB
D88C37FFB39EFFFF91FF27FFFFFFD2FF
FFFFFFFFFFFFFFBFBDF6BBC466FFE389
D3B6FFFFD19EFFFFAF88FFFFC7FFFFFF
65FFFFF7FFFFFFFFFF9EFFD6D2FFFFFE
EFD6FFFFBCFFE108FFBBFFFFFFFA0000
B7FFFFFFADFFAAFFFFFF34FEFFFFFFFF
FFF4FFFFFFFFBF7DFFFFFFFFFFFF91FF
FFFFFFFFFFFFFFFFFF1DFFFFFFC4FF71
FF77FFFF3AFFFFFF38DBA5C4FFFFE0FB
FFFFFFFFFFFFB69F8CE5FFC0FFFF65FF
A7FFFFEAFFFFB697FF5BFFA1FFE6FFFF
FFB573FFFFFFFFFFFFFFFFFF8AEBFFFF
78FFFFE6FFFFFFFFE3FF7BFF9BF2FFEC
FF66FFFFFA90D4FFFFBFDEFFFFFFFFFF
FFFF41FFFFCDFFFFFF65FFFFFF8EFFFF
A5D091659AFFFFFFFFD4D7FFFFD0F9FF
FFFF5777FFFF75FAFFFF8AFFB3FFFFA4
FFFCFFFFFFFFFFFFED6DFF7896DE8A9D
FF3BBCFEACFF72FFBB72FFC1FFFF4FFF
FFFFFF6DFF8BFFFFFFFF68AEFFFF7CDD
FF57FF2CFFC5FFFFFFFFFFFFFFFFFFFF
FFFFFFFFFFFF53B74CFFFFFFD4FFFFFF
FFFFFFFFB6AAFFB3DBE6FF65B9FF6CE4
D3FF4FFF82556FD8FFFFFFFF87FFFF90
FFFFBD44C7ADEEFF79FFFFFFFFEDFBF3
DFFFFF9CFFCCFFFFFF56FFFFE6FFF68B
FFFFFFFFFFFF77894341B3C19A78FFFF
A94BBBFFFFFFD0DDFFFFFFFF64FF8B80
FFFEB5EDFFFFFFFFBEF44DFFFFA5FFFF
FF8B70FFFFD00DB682FFFF46FFFF54CB
FFFFFFFFFFFFFFCBC742FF568157FBFF
FFFFD442FFF1FF5EFFC2FFFFA4FFFFFF
B9A5FFFFE0FFFFB8FFFFFFFFFFFFD5FF
FFFFFFD9FFFF8BFFFFFFFFFFFFF85FA1
FFFFFFFFF7FFF6FFFF72FFFFFFFFFFFF
78FFCCFFFFFFA1E5FFA6FFFF32FFFFD8
FFFFFFFFFFFFFFFFFFAFFFE4FFFF0000
FFFFFFFFFF3EFFFFFFFF7E93FFA9FFFF
FFFFFFFFFFFFFFFFFFFFFFFFFFFFFFFF
FFADFF2794FFEFE0FF59FFFF90F47AFC
BEFFFFFFFFFFFFFFEAFFE2FFFFFFFFFF
FFE898FFFFFFFFFFDCE9E9FFFFFF18FF
FFFFFFA6FFFFFF64FFFFC4FFACFFFFFF
FDEEFFFFFFFF61BBFFFFFFFF73FFF9C9
FFE7CCFFFF81FFFFFFFFFFFFFFEFFFFF
7580CDFFFFFFBB53FFFFFFFFFF65FFCA
426DFFC7FFFFD7FFEE5A91FF81FFCBAB
FFF2FFFFFF35FF4011FFFFFFE0FFEE6C
FFD7FFFFFFFFD2FFA0A2FFFFFFFFFFD9
FFFF7DFFFFFFFFFFFFD67AFFFF9EFFFF
A0FFD395FFFFFFFFFBDEFFFFE8FF85FF
FFFFD9BFFFFFFFFFC0B9FFFFFF9612FF
FFFFFFE99C57FFFFFFFF70FFFFFFFFFF
EAC7FFFFFD7EC5FF53FFFFFFD7FFA838
FFFF87FFFFF4FFB276B8FFFFD9DBCA85
FFFFFFE0CB8EF4E51BFFFFFFFFFFFFFF
FFFFB743FFFFFF8AFF6CFF63A79DFFFF
FFFFB0FF6CFFE1FFFFFFF7FF1CFFA9FF
FFFFFFA3ECFFFFFF77CFFFFFFFFFFFFF
975DFFBBFFFFFFFFFFB8C9FFCEFFFF3F
FFFF92FFFFE4A7FFD0B8FFEDD4AFEE29
E7CFC2FFFFFFFFB46BFFFFFFFF7FFFFF
B13EFFFFFFFFFFFFDCC8EBFFA3FCFFFF
7DCCFFFF81FFD95FFFFF6488CE70FF56
FFFF27FFD2FFFF71FFFFFFFF59FFFFD2
FFC7FFFFFFFFFFFFF6C9FFFFFFFFAC6C
E5FFFFDAFFFFFFADFF75F0FFFFC16DB6
CCEDC3FFFFFFFFFFFFFFFFFFFFFF7DFF
FFFFFFF8C06EFF26D6A7FFFFFFFF0000
FFFFFFFFFFFF80FFFFFFFFFFFFFFF9FF
C0FFB1FFFFFFFFFFFFFFFFC4FFBDD5E0
EDFFFFA5FAFFFFFFFFFFFFC06D86FF7C
FFFFE2FFFFFFFFFFFFFFFFFFFF3E37FF
15FFFFFFFFFFFFFFFFFFFCFFABFFFFFF
FFFFFFFFFFFFFFFFFF23FFA7B5FF9EF4
FFFF67FF7DFFFFFFB3FFCEFFFFFFFFFF
82ABDFCCFFFFFFBCFFA6FFFFFFFF2FFF
FF1FFFFFE8FFFFFFFFDDFFAFB1FFFFA8
FFFFFFFFFFFF9A56FFFFFF98FFFF59FF
FF72FFFFFF7D62FF95FFFFFF83ADE207
FFFFFF70FFC2E940FFFFF9FFFFFFFFFF
FFFFFFFF667CFFFFB2FFFFFFFFFFA287
DAFFFFFFFF8CFF7AFFFFE1E1FFFFFFFF
FFFFFFFF5B4CFFFFA0FFFF6AFFADDCB1
FFFFDDABADFFFFFFFFFFFFFFB4B8FFF3
FF9384FFFFF0FFFFC3FFFFFF56C0FFFF
FFFFFFFFFFFFFF5B73BFD4F0FFC58D5D
FFBDFFFFB6FFFFFF97F9F5FFFFA0FFFF
E5FFFF9EFF3414FF47FFFFFFFFFFFF7C
2AFFFFE8FFFFFFFFFFFF8DFFFFFF9CFF
FFFFFFFFFFFFFFFFC4BCFFCFFF6068FF
FFFFFFFFFFFFC1DDCAFFFFFFFFE9FFDF
FF41ADB0FFC6A9FFE4A3FFFFFFDEFFFF
FFFFFF8EFFFF6EDAFFFF7FFFFFFFFFC8
434EFFFFFFFFFFFFFFFFFFFFF3FFFF63
FFF0FFFFB3DAFFFFFFFFA1B274FFFFFF
FFFFA343FFBCFF9D79FFC5FFFFFFFFFF
9FFFFFBCFFFFB8FFFFFFFFEDFF9CC350
A2FFFFFFA9FFFFFFFFFFFFFFFFA7CDFF
FFFFFFFFFF69AEFFFFFFFFFF8FF3FFE1
9AFFA9A6FFFFFFDCF26CFFFFE2EC0000
FFFFD5FFFF35FFFFFF3BEDFFFF7DD8FF
CAFFFFC4FFD1FFFFFF7CD77BFFCBFFFF
FFFFFFFFFFFF9CC560FFFFFFEFFFE1B8
FFFFF9B2FFFFFFABFFF3FFFFFFFFFFFF
BB3204FFFFFFFFFF9C74FF80FFFF73FF
FFEAFFFFFFFF78CBFFFFFFFF88FFC53D
FFFFFFFFCB3BFFFFFFFFE6FFFFF9E5FF
FFFFFFFFFFFFFFFF6EFFEB9BB8FFFFFF
C8FFFF81FFC5FA58FF21FF7EFFFFFFFF
A98DB3FFFFFFDAFFBEB0FF3CFF7A98FF
B9CAFFFFFFFAFFFFFFEEC7FFFFA4FCFF
9DFFA3FF27FFBCA6FFFFFFCAFFFFFFFF
FFFFFFFFFF8EFFFFFFFFFFFFFFFF12E2
97FFFFFFFFA2B5FFFFFFE0F29AFFE1FF
FFFFFFFFA5FFFFFFFFFFFFFFFFABFFFF
FFFFFFE2FFFFC9FF6FFFA3FFB537FFFF
FFFFFFFFD3FFF9FFA9A2FFFF8EFFFFFF
CACDFFFFFFFFFFFFFFFFDCAEFFA42375
76FF1DFFFFBFF86BFFCE834654699CFF
FFFFFFFFFFFFFFFFB968CE6DCAFFEAC0
CFFFA4FF4CFFE70DFFFFFFFF59FFEBFF
FF07FFFFDEFFFFFFFFE4FFB1FFC4FFFF
FFFF79B3FFE6DB15FFC3AEFFFFFFFFFF
B2FBFFFFFFE722FFFFFFF0FFFFFFFFFF
FFFFFFFFFFD393B68BFFCFFFFFFF9CFF
CAFFA5FFFF1DFFFFF7FFFFFF6BFFABFF
FFFFFFA588DAFFDDF9FFBAC0A4FF8DFF
FF90FFE151FFFFDCCBFFFFFFFFFFFF56
FFFFFFFFC8FFFFFFFF97FDFFBEFFFFFF
FFFFFFFFFFFF4BFFFFFFFFC4F0FFFFFF
FFFFFFFFFF4982FFFFFFFFFFFFFFFFFF
C4FDDE99F7FFC4FFFFFFFFFF97FF0000
FFFFFFB6FF6CFFFFFF83FFB2A8FFFFFF
FFC7FFFFFFFFFF9FFFFFFF4DFFFFFFFF
FFFFFFFFFF7BFFFFFFFFFF9BFFFFFFFF
91BFFF4FFFFF7BFF1FFFFFFFFFFFFFFF
529E7F8FFFFFDC77FF29FFA2C0FFFFFF
FFB9FFFFFFFFFFFFFF76FFFFFFFF7084
FFFFDCD185FFFFD3FFFFFFFFFFFFFFFF
FFFFFFFFFFAA9CFFFFFFF0FFFFFFFF58
A876FFFFFF1CFFFFFFFFFFE0FFFFC4FF
BBFFFFFFFFFFFF9FFFFFFF71FF4D3C85
9FFFFFFFFFFFFFFFFFFFFFDBFFC9FFFF
D3FFFFFFFFDAFFFAFFFFACFF76FFFFFF
FFFF666DFFFFE9ACFFFFFFFFFFFF5BF9
69FFA5FFFFFFFBCDFFFFFFFFFFFFFFFF
FFFF95DB67FFFFFFC0E2FF4DFFE0FFF1
FFFFFFFFFFFFFFFFFFFFFFFDB9AA6FAC
BB80E7FFFFFF71FFAEFFFF09DAE6FFFF
4234FFFFB0FFFFFF9CFFB0FFFFFF7953
54FF3CFFFFCAFFFFBFFFBC597332FFFF
FF75F4FFFFA597CCFFFFFF64CBFF2106
FFACFFFFFFFFA669FFFFB8FDFFB7FFC5
FFFFFF9AFFFFFFFFFFBDF7FFAB61FFFF
FFFFFFFFFFFFFF8D8A88B5FFAFA390FB
FFFFA9B044E8FFFFFF84FFFFB2FFFFFF
FFFFFFD881FFA1FFEBFFFFCEE751F62D
F8FFFFFFFF388DFAFFFFFFFFD8FFFFA1
FFFF9535BFFFFF88FFFFFF8AB3E7FFFF
C4FFC5FFFFA8BCFFFF84FF9BFFFFC6F7
FFFFFFFFA2C7D2FFDAFFFF5895FFFFE9
DCFF7AFFFFFF63CDCA60FFAB5EFFFFC8
FFFFFFC5FFFFFF13FFFFFFFFC2DAFF71
C5FFF9B45EFFFFFFFFFFD9FFFFFF0000
C4E7FF59ACB4FFFFFF69FFF8FFFFFFFF
CCFFFFFFD9FF91CBFF68FF68FF8DFFFF
FFFFFFFFFFCFFFFFC915FFFFA6FFFFFF
FFFF3DFFFF4DFF6FFFFF9CFF5DE00DFF
FFFFF489EFFFFFFFE8B1FFFFA3E5FF76
FF73FFFFFFFFD7E9FFFFCEFFFF97417F
FFFF97FFFFFFFFFFFFFFD9FFFFFFFFF5
BD46FFD48CFFFFFFFFFFFF73FFFFEAFF
30FFFFDCFFEDFFFFFFFF7C92E2FFFFFF
E92D88FFFFFFFF97FF74702AFFFF3BFF
FFFFFFFFFFFFFFFF4DFFFFDCFFFFFF67
FFFFB3BAFFFFFFFF62FFFFC4FF9D7CA7
5988FFFFFFFFFFFFFF53FFFFAEB2FFFF
D6FF1DFFD9F3FFB6FFFFFF40419869FF
FF4CFFFFFFFFFFFFFFFFFFFFFF5DFF1E
FFFF68FF39FFFFDCFFFF7EFED4675AB7
206DFFFFFFFFE2B4AAFFFFFFB3D945FF
83FF93FFFFFFFFC0D0FFC4FFDDFFB1CD
FFD47A9AFF91DBFF6DFF4CFFF2FFFF7F
FFFFFFEEFFFFFFFF9FBAFF99C4F8FF8D
FFFFFFD1FF8DE4FFFFEEFFFFFFFFFFFD
50FFA4FFFFFFA7FFFFFFFFA5FFFFEDFF
FFFFFFFBFFFFFFFFFF6A52E5FFFFFFFF
FFACFF7967511AFFFF55FFFF69FFA6FF
CBFFFDCBFFFFFF72FFFFFFFF63FFFFFF
FFFFFFFF4EE07C9CFFFFFFFF65AEFFFF
FFFFE3FFAFFBFF37FFFF88FFECD485FF
FF49D7FFACFF7E89FFFFFFFFFF5824C3
FFFF89FFBADDEAFFFFECFFFFFFFFCBFF
FFFFFFA6FFFFBE1FFFFFFF59BE9BFF82
7AD4FFFFE5FFFFFFFFFFFFFFE5AEFFFF
FFFFFFFFFFFFE1F3FFFFFFFF87710000
FFBDFF47FFFFDAFFFFFFFFFFFF4CFFFF
DB1758B0FFFFDCCBFFFFFF85ECFFFFFF
73FFFFFFFFB2FFFFFFB83BFF74FF84B1
FFFFFF80E0D5FFFFFF44FFFFA1FFE3FF
EDFFFFFFFFA59EE2FF92FFFFFFFFFFFD
FF467998FFFFFFFFFFFFE9BB84B71DFF
927166FFFFFFFF41FFFFFFB56BFFFFFF
FFFF9AFFFFFFFFFF85D2FFFFFFFFF0FF
FFFFFF4BFFFFFFFF587DFFA48EFFE5A1
5EFFE0FFA7FFFFFFFFFFFFFF74FF68FF
FF7CD2FFFFFFFFFFFFEEFFFFFFFFFFFF
FFFFFFFFFFFF6EFF90FFFFFFFFFFFF0C
51E2C6FFFFFFFFFFDDFFFFFFFFFF596A
D8B6ABFFABFFFFFFFFFFFF5DBFFFCDFF
FFFFA67DFFCEFFEDA0FFFFFFEF98C8D3
FFFFFFFFFFFF30B2FFFF57A76BA28BC4
69A9FF9AFFFF809EFFFFF3CEFFA9FFFF
FFFFFFFFFF90A0FFFFFF0DFFF3FFFFAC
9B9E6343E1C2E1FFFFFFFFFFFFFFDDFF
D444FFFFFFABFFFFFF8AFFFF86FFFF10
FFFFFFFFFFFFFFFFFFFFFFFFFFFFFFFF
F5FFD7FF19FFEAFF61FFFF9BFFFF84D5
FFFF15FFFFFFFFFFD0FFB3A8FFFFFFFF
BEFFFFFFFFA1C3FFFFFF93FF64FFFFC8
FFFFD3FFFFE1FFFFFFFFFFA4B5CBFFC2
5AE8EDFFFF78FFFFFFFFFF6EFFFFFF79
FFFFFFFF65FFF3FFFFE9FFFF98FF5BFF
E9FF535FFFFFFFE8FFAAFFED3999CEB5
B89A906AFF91D7FFFFFFFFFFFFFFFF76
C4FFFFFFFF8CFFFFFFEE9EBBFFFF30BF
A3FFFFFFD4D0BC604FFDFFFFB6925A9F
6776FF6DFF2EFF7FA2BDFFFFC3E00000
FF458F68FFFFBEFFFFFFF7FFFFFFFF4A
FFBCEEFBFFFFFFE6FFFFFFFFFFEFFFFF
FFFFC7FFFFFFFFFFFF8BFFFFA12EFFFF
FFFFFFFFFF8595C3FFFF69FFEFFF98FF
FFFFD0FFFFFFFFFFF3FF6488FF98FF73
FFB2FFFFFFFFFFB690E5FFFFFFFFDCFF
FFFFFFACFFCDFFA9FFA7FF96FFFFC27D
E9B9F3FFAEC9FFFFFFFFFFFFFFFFFFFF
8DFFA1FFFFFFFFFFFFFFFFFFFFC7CBFF
F1A4FFFFFFC8F9FFFFFFFFFFFFFF6AFF
A5154DAB86FFB5FFFFD87CD5FFFFFFF7
FFFFFFFFAD68FEFF8DFFFFFFFFFFFFFF
FFFFFFFF384DFFCB3AFFFFFFFFDEFFFF
35E448FFFFFFFCC7FFFFD6FFFFFF828A
FFB5CCFFFFFBFFFFFFFFB6FF44F5FFFF
FFFFFFFFFFFFFFFFFFFFFFFFFFFFFFFF
993FB68B7CECFF98FF5EB7C6FFFF7BFF
BFFFFFFFFFBC9EA28BA84CFF9573FF95
DF7B9E9E80FFFFE2FFFFFF29FFFFFFFF
3FFFFFF9FFFFFF710AFFFFCF33FFFFFF
D532FFFFFFFFFFFFFFFFFFFF7FFFFFFF
FFFFFFFEFEFF13FFFFB8FF87FFFFFFFF
FF8AFFFFF1FFFFFFB5B56677AEFF58FF
FFFFFFF1FFFFFFFFF0FFACFFC82CFFFF
FF64FFFFFFFFFFFFC9FFFFFC995386FF
FF7D38FFFFFF59FFA7C1DBFFFFFFFFFF
2686A47052FF4CFFCAFF79FFFFFFFFFF
57FF72FFFFF4FF8BFFFF8DEBDFFFA7BC
6DFFFFFFFFF6AAB2FFFFF5FFFFFFFFFF
FF98FFC6FFFFFFB5FFFFA563FFFFFFFF
FFF6FFFFABFFFFFFFFFFFFFF3324FF7D
FF8DFFFFFFBD52FFFFFFFFFFFFDD0000
FFFFFF5DFFFF35FFFFFFFFFFFF8DFFFF
71C9FF5DFFFFFFFFFFFFFFFFFFFFFFFF
FF3AFFCBFF84FFFFFFFF74FFFFFF929A
FFFFFFFFFFCFF8E4ECF7AAFFFFDBFFC8
EF72EA9CFFE8FF97FF67FFFFFFFFFF81
FFD6FFFFFFFFFFFFDFFFFFFFFFFFFFFF
AEE3FFD99083FFFFFFDC9AFFFFC6FFBA
BDFFFFFFFF22FFFFFFC456FFDEFFFFFF
FF41FFFFBABEFFFFFFFFFFFFFFF5FFFF
F582FFA1C172F1FFFFFFFFFFFFFFD1FF
2947FFFFFFF4FFFF9CFAEBFF72FF6FAE
FFE9FFFF9EFFFF6C5CFCFFFFFFCF0969
FFFFFFFFFFFFFFFFFFF3A148C9FFFFFF
F04EFFFCB6B343A6FFFF53FFB3FFFF23
BDFFFFFFFFF9FF9EFFFF79FFF8FF79FF
FFFFEEFFFFFFD2FFFFFFE4FFFFFFD6FF
FFCBFFFFFFC0FFC7FF44169FFFFF75FF
FF2EFFFFFFFF51FFFFEF5AFFFFFFFA45
FFFFFFEFFFFFFFFFF1C1FFFFFFE3A9FF
FFFFEEFFFF36F7CB6CFFFFFFC79FFFFF
FFFFFFD2FFFFFFFBFFFFFF9EFFFFFFFF
FF86FFFF516AEFD6FFFFFFFFFFFFFFD5
FFFFFFFFFFFF2977FFFFFF9CFFFF76FF
FFFBFFFFFFFFFFFFFFFF54FFFFBBFFEC
B8FF9635FFFF6AFFE2FF77A1FFD5FCFF
F2D2FFFFFFFFFFBAFFFFFF40FFFFFFFF
FF36FFFFFFFFFFFFDBFFC0FFFFFFD2FF
FFFFFFFFFFFFFFFFFFFFFFFFFFFFFF93
37FFEBFFFFE4CDB253FFFFFFFFFFE2FF
8BFFFFFFFFE2C2FF3FFFE9F2AFFFFFFF
FFFFFFF5FFC4FFFFFFFFFFFFFFFFFFFF
FF1141A1B47AFFFFBDFFFFFFF1FF0000
944AFFD0F3F9E3FF9CFFFFFFFFFFFFE4
FFFF88CFFF61FFFFFFFFFFFFFFFFFFFF
FDFFFFFFFFFF8DFFFFFFFFFFFFFFFFFF
42FFFFFFFFFFFFFFFFFF5EE7FFFFE1FF
FDAAC8FFFFC4FFA0FF9486FFFFFFFFFF
FFFFFFFFFFFFFFFFFFFFFF44ABF2FFFF
FFFFFFFFF9FFFFFFFFFF8CFFA7F4FFBE
FFFF85FFFFFFFF9D62FFFFFFFFFFAAFF
FFB4FFFFFF48FFFF84FF32F2FFFFFFFF
BD7C89FFFFFFFFFFBF41FFFFFFFFFFCF
3576FFFFFFFFFFF5FF97DAFFFFFFFFFF
FFFFFFFFFFFF879259FFFFFF99FFFFEE
FDF645C443D9FFC0FFFF892CFFFFFFFF
B1B3FFFF8F544395FFFFB3FFFFFFFFFF
FFFFE46172FFFFD8FFAB1D9EFFFFFFFF
FFE4DAB9C4B2F86F93AC57FFDDFFFFFF
84FFFFDCFFEB86A2FFA6FFFF5DBEA3FF
70FFB3FFFFFFCBFFBBFF40FFFFFFFAFF
FFFFCFFFFF84FFFFFFFFFFC8DDFCA6F8
FFCF7425BCFFFFFFFFFFF74145FFFFFF
6186FFFFFFFFFFFF94A4CDFFFFFFFFFF
FFFF94FFFFFFFFFFFF96FFFFFFF8FFFF
FF81FFE9FF53778EE6F1FFFF8CEFFFED
FFFFFFFF43FFFFFFFFFFFFFFFDFFB3FF
FFFFFFFFFFFF99FFD2FFFFFFFFFFFFFF
D5FF79FFFF32C8FFFFFFBEFFB7FFFFFF
51FFFFFFFFFFFFFFACFFA4FFFFB9FFFF
FFFFFFFFDBFFFFFFFFFFFFE5FFFFFFCF
FFFFFFFFFF9AFFFFFFFF1CFF69FFFF71
FFFFFFFFFFCAA5FFFFFFFFFF71FFDAFF
FFFFFFFFFFFFFFFFACFFFF1C97FFFFFF
FFFFFFFFBF41FFFFFDD8DFFF41FF0000
4FFFFFDB34479DFFFFFFFFDAFBF14DFF
FF74F3FF80FFFFFFA3E8FFFFAD4FFFEE
FFFFFFFFFFFFFF49FFFF62EBFFFFFFFF
E166FFFFFF76FFC2FFFFEFB1FFD49BFF
78FF7474FFFFFF13FFDAFF86FFFFFFFF
AFFF8AABFFFFFFFFFFFFFF72FFFFFF53
BF6C94F7966456A5FFFFFFFFFFFFFFFF
9CF7FFFFFFFFFFFFFFFF9FCEFFFFA4C8
FFF6FFFFFFFFFFFFFFF43C7BFFABC2FF
B07DFFFFFFFF06FFBAE0FFDFFF7CECFF
FFFF87FFFFFFFFC8FFC8CCFFFFDAFFF9
FFFCC4FFFFFFFFFC83FFFFFFFFFFFFFF
F9FFFFFF93DEFFF1FFD7AF7CFFB0FFFF
6AD5FFFF6EAC9EF8FFFF48FFFFFFFFFF
95A58AFF71FFFF5ED3FFFFFFFF9EFFAE
FFFFFFFF9B85BBFF9C4C95FFFF6E3E48
62F9FFFFFFFFFFFFADFFFFFFFFFF8DCB
FFA3FFF7FFFFFFFFFFFFAFFFDAFF8EFF
FFFFFFFFF5FFFFEEF9FFFDFFFFFFDC93
FFFFADFFFFFF4884FFDDFFDCF2D2FFFF
FFFFFFFFFFFFFFC3F0C2BB7FF5FFFFFF
FFFFFFFFFFFFC5FFFFFFFFFFFFB1DEFF
FFFFE3FFFFFFFFFF88FFFFFFFFFFFFFF
FFD5FFFFFFFFFFFF8D9BFFF4ECFFA6FF
FFEBFFACFFFFFFFFFFFFF4DCFFFFFFFF
FFECFFFF11FFFFFF61FFCCFFFFFFFFFF
FFFFD2FFFFFFBEFF40FFA4FFFFFF4FCE
FFECA8FFFFFFFFFFFFD1FFFFFF53FFFF
1C58577632FFFFFFE593C0FFCF9BFFFF
E3FFFFFFBEACE499C7FFFFFFFFFFA7B6
FFFF7476FFFFFFFF8D5DC2FFFFFF8EFF
E87AFFFFFF72FFFFFFFFFFFFFFFF0000
FFFFFFFF83A2D0FFFFFFFFFFB92BB8FF
FFC6FFFFFFFFFFFF5FD1FF95FFFFFFFF
FF78FFFFFFFF196BFFFF5A2CFFFFF4FF
AFFFFFFFFFFFFFFFA6FFFFB2FFFFFFFF
FFFDFFFFFFC0FFFFFF80EFFFFFFFFFFF
5DCA4681BA87FFFFFFFFFFFFFFEE64FF
FFFFCDB4E7F9FF74E417DFFFFFFFFFFF
D5FFFF84FFFFFFCAB1FF42FFD4CB8368
FFC48AFFFFFFFFFFFF96FFE5FFFFED98
DEE19EFFFF42E3FFFF4AFFA2FF50CFFF
FFFFFF4D20FFB9FFFFFFFFFF65FFFF97
FFFFFFFFFF889AFFFFB9DAFD6AFFFFFF
F6FFFFFF8EDB98FFFF8FFFE9FFFFFFFF
D0FD0EFFFFB9DBFFB9FF81FFABCAFF69
FFFF7FFFFFFFFFFF9AFFFFFF43FFFF59
E9FFA0FFFFFFFFFFFFFFFFFFFF76A132
FFFFFFFFF585FF4D76FFFFFFFFA1BEFF
FFFFFFFFFFFFFF74FF8FD0FFB6FFC1FF
26FFEBFFFFFFFFFF73FFFFFF5C5EFFFF
FFFFDCD8FFCB65D9FFD1FFEBFEA68F6F
FFBCFFFFFFFFFF81FFD9FFFF30FFFFFF
AAEEFFFAFD87FFFFFFFFFFFFFFFFFFE7
B684EB64FFFFFFFFDFFFFF7B8FFF79FF
FFBAFFFFBEFFFFACCCFFDE42EEB7C53C
FFFFFFAAFFFFFFFFFFFF75FFFF77EFFF
F2FFE879D0FFFFC2D2AFFFFFFFFFFFFF
FFFF9DFF90FFFFFFFFFFFF9D46FFFFFF
2DDB60FFEFFFFFFFFFFFFF84FFFFFFFF
6DE9FF6A91FFBB6136FFB6FFFF90ACFF
BAFFFFFFFFB3FEFFB4FFFFFF61FF62B6
FF81FFFFFFFFFFB2FFFFFFDDC6CEFFFF
FFFFFFFFFF90FFFFFFA1FFFF58FF0000
FF68FFFFBFBAAFFF6DFFF4FFFFFFB1FF
FF7BFFFFFFFFFFFFFFFFFFFFED4FFFFF
FFFFFFFFFFFF87FFFFFFFFCEFFFFEEFF
FFFFFF91FF87B2FFFFBDFFFFFEFFF0FF
89FFFFFFFFFFFFFF24FFFFFFFFFE34FF
83BF93FD83F4FFE8E2FFFFE5AF436CFF
FFFF778CD32EFFFF98FFFFFFFFFFEA8C
84FFB4FFFFFAD4FFFFE2C9B7FF823140
FF83F5FFC9FFEFFF79DA97FFC9FF71FF
FFFFFFFFFFFFCD4CFFE552F24B46FFFF
FFFFFFFFFFFFF0FFFFFF8036CFFFFFFF
9DCEFFFFFF29FFFFFFE6FF5E9AFFD8FF
615EFFFFFEFF5EFFB2B9FFFFFFFFBFC4
7EFF99FFFFFFFFA6FFFFFFC1FFE3FFFF
FFFFF373FFAFFFFFFFFFFFFFFFFF9120
FFFFFFFFFF47F9CDFFFFE9FF6CF7B4A6
FFFFFFA5B6FFFFFFFF4AFFFFFF7FFF0F
FFFFFFFFFFFFFFFFFFFF5AFFFFFFFF23
CDFF88FFFFFF1CFFFF2EFF738DA093FF
DAFFBBD7FF72F2A756DBFFFFFFFFA675
FFFFFFFF9CFFFFACFFFFFFFFFFFFFF90
FF7EFFF2DCFFB0FF298D74FF30FF77FF
E3FFF7D5FFBBFF87FF47FFFFFFFFFFFF
FF79FFFFF16EA8FFFFFFFFFFFFFF25FF
FFFFD0FFFFFFFFFFFFFF83FFFFFFFFFC
FFF64F5C88FFFFFF7CFFFFFFABFFFFFF
FFB8FFB1EBBBFF99FFD4E5FFFF88E6FF
FF98B2C8FFFFF2FFFFFFFFB2E6FFFF43
D37D82FFFFFFBB4A22FFFFCEFFFFFFFF
FFFFFFE6FFFF17FFFFFFFFFFFFA6BCFF
2FFFFFFFFFBBFFE9FFFFFFA098ECFFFF
85E8D0FF6F8DFFFFECCCDAFF52840000
FFFFFFFFFFFFFFF7FFFFA8B2FFFFFFFF
FF5BFFC3FFFFCC19FFCD91FFD9FFFF62
FFFFA0F6FFFFD434FFFFFFE97868FF30
FFFFFFFFB39126FF6AFFFFA3FFFFFFFF
FFFFFFDFFFFFFFFFFFFFFFFF6BFFFFC0
FFFFF8FFFFC7DAFFFFFF56A2383695F9
FFFFFFFFFFFFFFFFFFFFFF74FFFFFFFF
EAFFFFFFFFFF9CE618ECBEFFFFC1FFFF
F4D5DBB6FF85FFFFCAD5FFECFFFFFFC3
FFFFFF59E3FFFFFF98FFFFFFFFFFFFFF
FFFFFFD1FFD7FFFFFFFFD0469C8A50CE
FFFFE6FF3CD3FFFFFF4AFFFFD4FF32FF
FFFFFF74FFFFF7FFE4CE957CE0FF3BB2
FFFFBAFFFFAA7BFFFFE2FF8A44FFBF4B
FFF8FFFFC6FFFFFFFFE6FF4FFFFFFFD1
FFFFFFA6FFFFFFFFCEA0FFCBF94BFFC2
FF82FFFFFF68FFD6FFFFFFFFFFFFC1FF
FF9EFFFFFFFFFFFF6DFFFF85ADFF9AC6
66FFFFF7EDFFFFFFFFFFFFEB0862E9FF
FFFFFFFF62FF77FFDEFFFFF9F4079E2E
FFFFFFD7F6C9FFCFFFAEFFFF4CFFFFFF
FFFFFFE6FFF4FFC5FFFFFFC7FFFFFFFF
DCFFFFF7FFFFFFFFFFF5FF7FFFFFFFFF
FF91FFD3FFFFFF9FFFFFFFEAFFFFFFFF
FFA9D4ADFFFFFFFF44FFFFFFFFC0FF43
FF51153CFFA1FFA4C2FFFFFFFFFFFFFF
FFFF5BFFFFFF82FFA3FF6CF1FFA7F5FF
FFFFFFFFFFFCFFFFD652FF518AAFC0FF
FFFFFF2679ADFFFFFFFFFFD9AEFFFF9B
FFFFFFFFFFFFFFFF6EFFFFFFE6FF3075
FFFFA9C7FFFFFFFFFF40FF594BB7FF74
FFFFFFFFD7CBFFFFEDD6FFFFA63C0000
FF88FFFFFFFFFFFFFFFFF0A1E0FFFFFF
FFFFFF86FFFFA9EBFFFFFFDEFFB0FFFF
FFFFFF6E690EFFFFFFFFFFFFF9FFFF68
FFFF18FFB9FFFFBDFFF7FF8636FFFFFF
5BFFE9FFFFFFAE5BFFFFFFFFFFFFFFFF
DBFFFFFFFF38FFFFFFFFFFFFFFDDFFF9
FFFF97FFFFFFC8CAFFFFFFFFFFFFFFD8
D8AAFFFF77B4FFFFFFC4FFFFFFFFC9FF
FFE0FFFFFFFF785BFF7D9681FFFFFFA5
B6BCFFFFFF7A9FD0FFD5FFFF4BFF91FF
FFE9FFEDFFFFFFB2B6FF481F82EDEAD6
FFFFFFFFFFFFB6FFFFFFD3E5FFFFFFFF
C04EFFEFFF59FFFF69C48FBF9BFF8D94
FFFFFFFFFFFFB3FFFFFFFF9894563522
E9FFF1FFFFFFFF78FFFFFFFDFFFFFFFF
BAFFFF7B30FF53FC8C44FF84FF805BFF
FFFFBCFFB0FFFFDD8FFFFFFFFFFFFFFF
BEFFD4FFFFC76EFFC6FFFFFFFFFFFFFF
9BE5FF92FFFFFFFFFFFF65F9FFFFFFE0
FFFFFF9DFFCBFFA9FFFFFFFFFFFF73FF
FFFFFFFFFFFFFFFFF8FFFFFFFFFFFFFF
FFFFFFFFFFCDFFFFFFACBFFFFF9CFFFF
FFFFA8BFFFFFE0FF57FFFFFFFF81FFFF
FFFFFFFF77FFFFFFFFFFFFBC2FCEFFFF
FFC0D2FFFFFF67FFFFFFFFBCEBFFD2D7
A5AFF08FFFFFF8FFFFB0FFFFEEFF9EFF
FFA2FFD5E893E768FFFF9949FF7DDBFF
FFFFFF95DFE1C9FFFFFFFF2CBC4F4AFF
FF7DFFFFFFFFFF4D7DB5FFFF69FFEA76
FFFF4EFFFFFFFFF2D3C8FFFFFFFFFFFF
C1FFFF71FFFFFF99FFFFFFCFFFFFC2CB
B0E3E46895FFEECEE1FFFFFF843B0000
FF75FFFFFF7A91A55DFFE0FFFFFFF392
FF39FFFFE0FFFFFFD3FF67FF3DFFFFFF
A2FF40FFFFB2FFAEFFFFDEE4FFE6C8DC
FFFF5DFF67FFFFFFFFFFEE4E85FFFFFF
F7E6FFFFFFFFFFFFFFFFFF6F3543FFD1
FFA2BC7AFF3EFFFFFFFFC3FFE8FFAF83
B9FFFF4CFFA0BCFFFFFFF4F1FF34FFFF
FF32FFFF83FFFF77FF94B6FFFF9DFFFF
C0FF79FFFFFFA3FF1FD89B70FFFFFFFF
C59CFFCF6985FFFFFF76FFD3FFFFFFFF
C4FFFFFFFFFFFFFFFFFFFF4A22C99BD5
F2A3DCCCFFFFFFFFFFFFFFFFFFFF4E94
FFFFB5FF85FF35FF95E5D8FFDB9F5069
FFFFFFFFFFFFFFFFE1FFFFFFB0EF5676
FFBCFFC5FF60FFFFFFFFEAFFFFFFFFFF
FFFFFFFFB8FF46F6527EFFFFFFFFFFFF
FFFFFFFFFFFFFFD24C9EFFEFF59ADBFF
FF9BCDFFFFFFFFFFD6FFFFFCA9E5FAB8
FFDCFFFFFF2BFFFFD5FFB1FFFFFFFFF1
FF6CFFFFFFFFFFFFFFFFFFFFFFB3FFFF
FFFFFFFF11E3EB7FFFFF9DE7FFFFFFFF
FFFFFFFF98FF59FDE29937FFF3FFFFFF
FFFFF9FFFFFFFFFF90FFFFFFFFD8A2BD
FFFFFFFFCBFF6CFFA5FFBD6AFFA2FFFF
FBE8FF9BFFFFFFFF30FFE8FFA1FFFFFF
FFEA79B9FF9993FFFFD1FF98FFFFFFFF
FFEDFFF9FFFF54D6FFFFFF4EACFFACFF
FFFFFFFFADFFFFFFFF5E404F9877FFFF
FFFFFFFFFFFFFFFFFFFFFFAEA2FFC298
FFF3FFFFD4FFD454FFFF76EDFFCACCFF
FFA1FFFFFFFFFFFFFFFFFF17FF1F71FF
456A26FFF468D0FFFFA9FFFFFFE50000
FFFFFF167CFFC0FFFFFFFFFFFFFFFFFF
FFFFFFBDD2FF62E487FFD8FFFF9E20FF
FF6D8EB4FF99CCE57293E9FFFFFF7553
62A8FFFFFFFFFFFFA0FF9CCDFFFDC1FF
C2A4FFFFFFFFFFFFA7F2FFFFFFBCCCCF
FFFF44BF43D1FFFFFFFFFFFFFFFFCAFF
BCFF52D1FFFFFFFFFFBFFFF3FFE160FF
FFFFFFFFFFFFA550FFFDFF5CF8FFFFEE
1AFFFFFFFFC9FF6E4AFFF4BBD987FFFF
FFFF54D7FFFFFFDBFF8FFFFFFFFFFFFF
FF86FF4AFFFFFFA4FFD9FF9ED9CAC8D7
FFFFFFB96E9CFFFFFFFFFFC3FFFF7CD9
FFFFD3EF8EFFFFFFFFFFFFDF5630DCFF
FF27FFFFFFFFFFFFE7E7CCFFFFCEFFFF
B55DFF7FFFFFFFFF32FFA6FFFFBDFFFF
88B7FF878AFFE3FFFFFFFF2AFFBDBC9F
FFFFFFFFFF9753E2FF57C6FFFFFFF4D4
FFFF85C449FFFFED7E18FFFFFF773BFF
FFFFFFFF29A09DA4FFE3FFFFFFF1C7FF
FFFFFF86FF3CFFFFFFFFFF42FFFFFFFF
FFFFD4EA376A3EFFFFFFFF40FFFFFFFF
FFFE68FFFFFFFFFFFFFFFFF0FFFFFFFF
FFFF7EFFFFFFDBBEFFFFFFD7FFFF045B
F8A2FFFFFFFFFFB9FF686EFFA8EFFFFF
FF9FFFFFFF9BFFFFFFFFFFE59AFFFFBF
FFD1D2E8FFFFFF0B95FFFFCDFFFFFFFF
FF9BBEE3FFD4FFCCFFFFA5FFFFFFFFFF
FFA0FFFF43FF96FFE139FFFFFF7EFFA1
FFFFAEFFFFFFFC60FFFFBD96FF72FFFF
E1B9FFFFF3FFF1FFFFFFFFFF6FFFFFFF
D280FFFF5CFF9BFFFFFF42F0FFFFFFFF
E1DEC9FFFFB5FFFFFFFFEDFFFFFF0000
FFFFFFAFE534FFFFFFFFFFFFFFFFF5FF
FFFFFFCBFFFFFF6BFFFFFFFFB6FFD8FF
FF2ED52FFFFFCC3FFFFFD5FFFF78F4A7
FFFFFFFF61FFFFFFFFDBD44DB7FCBFFF
E1FFFFFFC1B2F4FFCEFAFFFFFFFFFFFF
DBFFC2FFDDFFFBFFFFDBFFFFFFF87AB0
D8FFFFFFFFFFFFFFFFFFFFFFFFFFE66E
FFF616FFFF542FFFFFA1FFFFFFFFFFFF
FDFFFF4047E5FFFF9785FF75FFFFFFFF
FF5172EAFFFFFFFFFF81FFF94CB1FF60
FFFFA1FF0ECBFFDEC5FFFF3BB5EB8CDA
3DFFFF30FFFFFFFFFFFFFFFFFFFFFFAA
6EFFFFB87FFFFFF8FFE3ABC515BDFFFF
FFFFCFFFFFFFD2FFFF92FFFF76FFFFFF
A2FFFFFFF6FFFFFFFFFF51FFFFFFFFFF
FFFFCBBD6BFFFFCDFFD3FF1FFFFFFFFF
FFFFFFC7D374FFFFFF57FFFFFF88FFE9
FF9DC975FFABFDFFFFFFFFDD88FFFFFF
84FFFFFF85447AFF27FFFFEBFFFFFFA3
FFFFFFA2FFFF62FFFFFFFFFFFFBF6EFF
FF90FFFFDCFBFFFF6BFFFFFFFF8DFFFF
79CFCAFFFF76FF5244FFFFC4FFFFFFFF
FFCDE88F81EAD8B3FFFFFFFFFF78FFD7
FFFFFFFFFFBDFFFFFED05AD0FFCBFFCE
FFFFBF6AFFFF97FFFFFFFFFFFFDBFFFF
FFADFFFFFF7CCAFFB5FFFFFFFFA676E3
FFFFFFFAFFA3FFDBC0C0FFFF40FFFFFF
FFFFFFFFDBB7FF51FFB0FFFFFFFFFFFE
FFFF4DFFFFFFFF56FFFF979FFF59FFFF
B4FFFFBEFFFFFBC9FFFFFFFFFFFF72FF
87FF82FFFFFFFFFFFFFFFFFFFF78699C
FFFF8EFFFFFF1DFFFFFFFF94FFFF0000
FFFFFFFFFFB7FF89E184FFFFFFFFFF2A
FFB464FFFFFFFFCFB4FF60FFE9FFFFFF
FFFFFFFFC0B1FFEED6FFFF387288FFFF
FFFFFFFFE4FFFFFFFF1CFFFFFF58FFFF
FFFFFFFFFFFEF7FFE663FFFFFFFFFF55
FFFFFF93FFFFF543C0E6FF4AB1CED1FF
76CCFF44FFFFFFFFFFFDFFFFFFC2ADFF
FFFF6DC6FFB0B1FFFFDFFFFFFF93FFE5
FFFFFF9B66FFFFFFFFFFFFFFFF62FFFF
FFFFA4FFFFFFFFFFFFFF29FFFFFFCBFF
FFFFA32F58AB25FFFFF6FFFFFFFFFFC4
FFFF3CFFFFFFFFFF697CFFFFFFDAF7B7
FFFFFFFFFF544873FFAD5764FFFF8EFF
FFFFE5FFF6FFFFFFFDFFFFFFFFFFFFFF
FFFFC1BBFFFFC38BD7FFFFFFFFFFFFCE
F515FFFFE1FFFF5394FFFFB9FFFF4AFF
FFFFBEDAFFFFFFFFFFC976E1FFFFFF62
8682FFFFFFD4FFFFA2AFFFFFE2623EFF
BCFFFFC0FFFFFFD1FFFF8FCC9CFFFF75
FFC1FF74FF60FFDBC2FF1DFFFFADC3FF
FFFFFFFFC272FFFFFFFFC6FFFFFFFFFF
FFA0EEFFFFFFFF3CFFFFBCFFFF64FFD0
FF14FFFFD04FFFFFFFEFDCFFFFFFFFFF
A8FFFFFFFFFFFFFFBEC6C4C1E5FFFFAA
FFB768FFFFFFFFFF7CFFEDA4FF38FFFF
E4FFFF22FF41DAFFE0FFFFFFFFFFFFFC
FFFFFF2FFFFFFFFF60FFFFFFFFFFA6FF
FFF3DBFFA575A7FFFFFFFFFFFFFFFFFF
D4C9FFFF9399CDFF8AFFAAFFFFFFFFDD
FFFFFF6EA59BFFD0D6FFFFFFE1FFFFFF
FFFFFFFFFFD7FF98F9FAFFE5FFAF834E
E9FFFFFFFFFFBAFF97FFA4FFFFE00000
B4FFFFFFFFABFFFFBBF2FF67FFF2E5FE
FFFFFFFFFFFFFFFFFFFFFFFFD4FFFF8D
64FFFF706F41FFFFFFB3FFFFFFFFFFFF
D5FFFFFF2DFFFFFFDF8EFFFFFFFFFFFF
FFFFA6C3DBFFFFFFFFFFFF53FFFFFFFF
FFD0E8FFFFFF63FFFFFF47B6F2FFFF5D
FFFFFFB8FFFFFFFFA2FFFF2CFFEC52E8
FFD48D54FFFFFFFFFF1687FFFFFFFFFF
DFFFFFFFFFFFFFFF60A9FFFFAF8CFFFF
C8E1DD99FFFFFFFFFFFFFFFF8AFF6BFF
73FFC7AEFF2AD1FFFF67FFFFFFFF46FF
1773FFFFFF24FFFF9DC6A69AFFFF77B7
FFFF74FFFFFFFFCAFFEFA4ACABFFE6FF
FF47ABFFDBFFFFADFFFAFFFFFFFFF8FF
FFFF8DFF43FFFFFFFFFFFFFFFFFFFFFF
FFFFFFFFFFFFFFB9F3FFD1D6B49753FF
FFFFFFFFFFFFFFFFFFFFFFFF99FFA9FF
FECBFFFFFFFFFFFFFFFFB6B6DD582644
FFFFC4FFFFFFFFFFF5CCDD72B5AAFFFF
FFFFFFFFFFFFD2FFEFFFFFFFFFFFFFFF
FFFF3EFFFFFFFFB01FFFFF94FFFFB4FF
FFFFFCD5D684D3D1FFFFFFC2FFFFFFFF
34AE7249FF57FFFFCBFFFFD3AFFF75A9
FFFFFF58FFFFFF50E98AFFFF96FFD0B2
E4CCF1ACFFFFFFFFFFFFFFFFFFC0DBFF
BEFFFFFFFFFFFFFFFFD3FFFF54FFB567
2DFFFFFFFFFFFFD2E983BDB2FFFF3FFF
E8FFFFFFFFE8FFFFFFCEE2FFFFD3FFFF
3FFFFF88FFFFB1FF2FFF92D8FFFFFFFF
FF90DB4D7E9EFF98DEFFFFFFFFFFFFCA
5F48FFFFFFE1FFB94EFF86FFFF7F7D78
FFFFA8FFFFFFBEFFFFFFF8E8FFFF0000
F9D4FFFF7DFFFFFFF8FF65FFFFF4E5C9
B0FFE8FFFFFFFFFFFFFFFFFFFFFFFFA5
FFFAFFFFFFFFFF9FBC5F98CCFFFFE3FF
FFFF1FFFFFFFFFF7D8FFFFD28462FFFF
FFDBFA9954BBFF9FD2FBFFFFFF80D6FF
FFFFB3FFFFFFFFF6FFDDFF83FFFFFFFF
FF76FFC9FFFFB9F6FF92755EFFFFFFFF
FFA4FFF8FFFFB7F13AFFFFFFFDFFC2FF
BE36FFFFFF23FFFF4CF0FFDCE169FFFF
FFFFB01DFFFFFFE5FFFFFFE7B2FFC6FF
FFA9FFFFFFFF53FFFFF1FFFFFFFFFFFF
AF8F52FFE3FFFFFFFFFFFFFFD298FF59
D5FFFFFFFFFFFF8969FF19FF11FF8CFF
FFD8604AE06566FF4CE082D4FFFFFFFF
C2FF14F29BD2FFEC88FFFF70FFE2C1FF
FFFFFF73FFFFFFA3FFFFFFD4ED2798FF
FFFFFFCDDCE7FFFF86FFFFFFDCFFFFFF
FFFFFFFFFFFFFFFFFFB3FFFFC2EBC1E2
4CE6FFFFFFFFFFB149FFFFCFFFFF94FF
FFFFFFFFFFFFFFFFFFFFFFFFFFFFC78D
FFCD9C16FF9BFFFFFFFFFF2AC5FFFFA0
FFECFFFFFFCCFFFF43FF7E59F14DFFB8
F0FFFFB84BFFB1FFFFFFFF21FFFFFFFF
CC4EFFCDFFFFFF9A4DF8FFFFFF5D57FF
17FAFFB7FFF7ABFFFF9AFFFFFFFFFFFF
FFFFC1FFB56EFFFF97FF9EBD62E8FFFF
FFFFFFFFFFFFFFEDD7FFFFFFFFC0FF58
96FFFFFF78EEFAB2FFFFFFFFFF87FFFF
FF73FFFFFFFFFFFFA79D6DECFF7BFFEE
F5B1C4FFFFFF3986FFFFFFBEFF32FFFF
FFFFFFFFFFFFC5FF55FFFFFFFFFFC5C6
E9FFB6FFF597F788FFD4E1FFFFC80000
FFC7FFAEFFFFFFFFFFFFFFFF35ADFFFC
8BFFFFFFFF6BFF836D6BFFA778E838E4
FFFFFFFFFFFFAFFFFFDBFF51FFFFFFFF
FFF2FF79FFFFFFFC91CEAAFFA7D4FFFF
D1E4FFFF6362FFF5FFFFFFFF8E4AFFFF
ACFFFF8CFFFFFFFFFFFFD173FFFFFFFF
C7FFFFFF94ADAA91FF2DFFFFFFFFFFDB
B1A8C470FFE2A571FFFFFFFFFFFF4C7C
CF48995837C5ADFFB259FFFFFFFFE4CC
C9FFFFFFFFFFFF9DFFC084E0FBFFFFFF
FFFFFF8CB0FFFFE3FFFFFFFFFFFFB0A4
FFAEAFFFFBFFEAFFFFFFFFFFFFFFABE4
FFDAFFFFFFAAFFBFFFFFF4FB6FED44FF
DE327DFCFFB7E5FF99275AD1FFFFC691
FF88D3D0FFFFFFFFFFF4FFFFD9FFA1FF
FFFFFFFFE2FFB4FFFFFFFFFFFFFFFFFE
FFFFFFF44BFF93BFFFDE7EFF4CFF9AFF
FFC5FFD0C2FFFFFFFFFFFFFFFFFFFDFF
22FFFFFFE671A348FFFFFEC8FF90FFF9
EAFFFFFFC1FFFFFFFFFFFFC18953C581
FFFFFFA6FF9EFFFFFFFF66FFE7C6FF9C
FFF7FFFFFFFFA4E7FFF546FFFFFFB0FF
FFFFFFFFFFFFFF60FFCAFFFF90FFFFB5
E1FFFFFFFFFFEC458B45FFFFFFFFFFFF
FFC2FFFF52F884A4F732E0FFFFCDFFFF
8AFFFFFFFFFFFFFFFFD3FF7CFFFFCFFF
FFFFFFFFFF85FFFFFFFFFFFFFFFFFFFF
57FFD3FFFFFFFFFFCA8FFFFFFFFF9DB5
FFFFFFFFA0FFFFFFFF5F878FFF85FF9B
66FFFFFFFFFF33ABFFFFFFCDFFAEFFFF
EAACFFFFFFFF37FFFF6892FFFFFF7EFF
FFFFFAFFFFFFEACAFFEE5FD8ECFF0000
3EFFD4FFFFE245FFFF56FFFFFFFFFFFF
FFC66C3AFFFF96FFFFFFFF79FFFF53FF
FFFDFFFFFFFFFFFFFFFFFFFFBEFFFFF7
FFE9FFFFE88975D89CFE76FFFFBAA0F3
FFADA8FFC4FFFFFFFFAB8BFF1FF8FFFF
FFE2AECDFF4FFFFF7BFFFFFFFFFF42FF
C3FFFFFF7F16BCFFFFC1FFBFFFFFFF8A
C1FE8D55FFFFFFFF9474FFFFA1B4ADFF
FFFFFFFFFFFFFFFFFFF7FFF5FFFFFFFF
C3FFFFFFA4DB8CFFF4FFADB7FF9AFFB7
FFDFFFEAA9A3FFFFFF84FFFFFFFFFFFF
B4FFFF82FFC2FFE9FFFFFFFFFFFFFFFF
FFFFFFFFFFFFFF88FFFFB9C4FF8CFFFF
A1AFFFBAF2FFFFFF66ECD6CFFF57FF8E
FFFFFFE3FFFFFF87FFFDFFFFFFFFFF56
FFFFFFBFE1FFFFCCEAFFFFCDFFFFA2BC
24FF41FF8AFF61FFFFFF2BFF2CFFFFFF
FFFFE2FFFFB2FFFFFFFFA4FF84FFDCDD
9DFFFFD95C78FFFFFFFFFFFFFFFFFF76
FFFF3EFFFFFFFFCF5FFFFFFFFFFF9E79
FF8734FFFFFFFFFFFFFF98FFFFFFD4FF
FFFFFFFF31FFFFFFFFFFBBFFFFFF5EFF
FFFFFF6AB0FFFFD322EAB778FFFFFFD8
FF48FFFFFFFFFFFFFF8AFEE8FFF1FFFF
90FFFFFFC8EEFFCFD8FFFFE991D2FF51
0EFFFFFFFFFFFFB1FFFFFF69FFFFAEB4
1DFFFFFFFFC66FFFBEFFFFFFFFE5FFFF
FF50FFFF9AB8FFFFFF41FFD9A7A3B24D
FFFF917CFFFFFFA6FF41FFFFB4B3FFFF
FF4CFFFF88E3AAFFFFFFE9D2FFFFFFFF
48FFFFFFFF7BFFFFFF64FFFFC1FF7BFF
D0F4F5E3EE6158E05FC8FFFFDCFF0000
2CFFFFFFD765FBFFFFFFFFFFD8C6FFFF
FFE8FFFFFF95FFFFFF32FFFFEFFFFFFF
FFEAFF8CFFFFD1FFFFFFFF6AFFFFFF9E
FFFFFFF01FCFFFAE8A248BEDEF6288A1
FFFFFFFFFFFFA4AC99FFFFE7FFFFFFFF
FFFF8DFFFFFFFF75FFFF20FFFFFFFFFF
94B9FF9F8738FF97FFFFFFB85BFFFF25
DEFFD4C9FF5AE867FFFFFFFF8BFFC1FF
FFFFFFFFFFFFC5FFFF99FFA2571FFFFF
EF96FAA0FFFFFFB5FFCFF3FFFFFFFFFF
FFFFFFA3E5FFFF217BB914FF42FFFFC8
FFFFFFFFFFFFCBFFFFFFFFFFE4DBFFFF
FF63FFEBFFFFFF7EFFFFFF86FFFFFFFF
FFD3FFFFFFFF80FFFF96FFB7FFF8934E
FFE2FFBFFFFF92FFABFDFFFCCB5757F8
FFFFFFFFFF80FFF1FFFFFFFF9AFFE162
FFFFFFFFFFFFACFFFFFF6EFFFFFFFFFF
FFFFD2BCFFFF9EFFFF24FFFFFFFFDBF7
CBF5FFFFFFE1C1A0F0DCF48EFFFFFF95
FFFFD0FFFFFFFFEDFF21FFFFD2FFFF6B
FFFFFFFFFFFFFFC7FFFFFF994EFFFFF1
FFFFFFFFFFFF8AFF37FFFFFFFFEEFFFF
FFFFFFFFFFFF9F9452A881FFFFC4FFFF
FFFFFF90FFFF818AFFEDFFBDE1B1FFFF
FFC4FFFFFFFFFFFFFFFFFFFFFFA472FF
FFFFFFFF90BEFFC7FFEFBEEA88AFFFFF
32FFFFFFFF7A35FFFFFFFFFFCD84B8FF
79FFFFFFFF5AFFC8AAFC33CEC47BFFFF
FFFF63E0FF8BFFD2FFF8FFF6C1FFF263
24FF9330FFEDFFFFD7CD9E2956FFFFE0
FF76FF7DAFFFFFFFFFFFDEFFFFFFAD7B
D5A5FFFFFFEBE3DCB875FFC2FFFF0000
FFFF3D4AFFFFFFFFFFEFFFFFFF8B87E6
FF7A72BFFFFFFF8B51FFFFFFDDFFFFE3
F8FFFFFFE1FFBBFFF4FFF3FFA476FFD4
FFFFFFFFFFFFB3FFFFFFFFFF60F7FF4D
E9FFFFFFFAFFFFFFB2FF9BFFFFFFFFFF
FFFFFFFFD8FFFFFFFFBDFFFFC8FFFFFF
E8FFFFFF9229FFD8FFB48BA6F1FFFF86
FFFFFFC06FFFFFFFFFFF82FFFFBDFFFF
AD8281FFFFFF89FFFF8CFFEEFFFFE0FF
FF1BFFFFFFFFFFFFFF86FFFFFFFFFFFF
E8FFFCFFFFFFFFFFD2FFFFFFFFF190FC
FFB5FFFFCBB4FFA7BDC3FFFFFFFFFFFF
FFFFFF9EFFFF94FFCD65FFFFFF4DFFFF
FFFFFFAAA6FFFFFFFFFFEAF3FFFF48FF
FFA0FFFFFFFF9FFF2FB979FFFFB28262
FFFFFF6BF0FFFF720A45EAFFFFFF28FF
FFFFFFA0FFFFFFFFFFEAD8FFFFFFFFFF
7EFFFFA9FFFFA8FFFFFFFFECFFE9CBFF
FFE0F7FFFFFF51FF6CFF5CFFFFFFB9FF
FFFFFFFFD8C3FFFFFF0DFFFFFFFFFFD8
78EBD2FFFFFFBFFFFFFFD5826C3CD9FF
FFFFFFFFCEFFFFFF6CFFFFFFA7FFFFFF
FFFFFFFF5CFFBDFFFFF8FAFFFFFFF3FF
FFB3FFFFFF8848DEFFFFFFFFFFFFFFFF
C4FFFFFFFFC4FFFFFFFFFFFFD7FFABFF
B1F7A8FFFFFFC7FFFF35805EFFFFF8D7
5DFFFFFFFFEAFFFFFF52FFFFFFFF11FF
D2FFF2FFFFCCFFFFF17FBECEFFFFFFFF
FFFFFF5AFFCDFFFF85FFD3FFFF3DCCFF
74FF71FFA6FFFF11B471FFFFBFFFCD9E
FFD4F44CFDFFB8FFCCFCFF74CE678BFF
7FA7EFFFFFFFFFFFFFFFFFFFFFFF0000
C4C1FA56FFFF34FFFFFFFF92FFFF898E
FFFFFFFFFFFFFFFFFFFFFF19FFFFFF31
EF3DEAB2FFFFFFFA90FFFFFFFFD9EBFF
FFFFFFFFFFFFFFFFBAE297FFFFFFFFF6
FFFF91E8CFFFFFFF4CFFFFD3FF50FFFF
FFFFFF45FFFFE2FFFF8FD0F5FFFF9FFF
FAFFFFFF4BFFFFFFFF49FFFFA5FFFFF4
FFFFFFFFB6FFB6FFBEFFFFFFFF95FFFF
55CDFFACFFFFFFFFEDFFAFFFFFFFFFC7
5D4AFFFFFFFFC3FFE69CFFFF4CFFFFFF
9485326CD9FF88FF88FFFFBEFF4DDDFF
FF8BA6FFFFCE59FFFFFFFFFF86FF72FF
FF94A0449CFFFFFAFF94FFFFD3FF98FF
FFFFFFFFFFD4FFFFFFF1FFFFFFFFFFFF
6443B8FF55FFFFFFFF88A576FFFFFFFF
7DFFFF9DFF6BFFD19BFFFFFFFAFFFFFF
FFFFFF50FFFFFFFFFFE6FFFFFFFFFFA2
FFFFFF53FFA5FFF4FFFFFFFFFFFF968E
FF67E0FFE8D150FFFFFFDAFF55FFF4B3
FFFFFF4EFFFFFFFFFFFFBFFFC8FFFF18
FFABBCE2F37EF3CEFFD893FFFFFFFFFF
FFFF71FFF2FFFFFFFFFFFFFFFFFFF1FF
37FFB8FFFFFFFFFFAE7CFFCDFFB3FFFF
FFFFFFFFFFFFF7FFBBFFFFFFBDFFFFFF
FFFF6DFFFFE5FFFFFFFFFF7FB0AAFFFF
FF2B5BFF27F979ADFFFFDC90FFFFB5FF
FFFFFFFF45FFFFFFFFFF6BFFFF73FFFF
CCF46286FFFFD9FFAFE1A27BFFFF7FFF
BEFFFFFFF6D4CCFFCAFFC4FFFFFFC4FF
FFFFFFFFFFFFDFFFFFFFACBFFFFFC0B8
C6FFA4B5B2DAFFFF55C3FFE4B9ABFFCC
FFFFFFFFFFFFFFFFFF577FFFC1FF0000
FFFFFFFFFFFFE5738DFFFFFFCEFF7CFF
FFFF36A9FBE95CFF1AFF75F3FFFFFFE2
399E7A41FFFFFFFFFFFFFF84FFFFEFB6
FFFFFFFFFFFFFFFFFFFFFFFFFFFFFF6A
AD7CFFF5B059124ABCBEFFFFFFFFFF84
FF31FFAB6C817D46FF6EB3AFD15327C8
A0FF18B1FFFFFFFFFFFFFFFFEDF9FFFF
C2FFFFFFFFFFFFFFAC4F8FFFFFFFFFFF
9E65ADFFFFFFA9FFFFFF99FFFFF9FF61
FFFFFFFFD1C0AC5D4740FF42FFC1FFEB
FFFFFF63AFD3FFDEF378B3FFFFFFFFFF
FFDAFFFFFFFF18FFFFF571D6FFFFFFFF
FFF195FFFFF2FF55FFFFFFFFFFFFFFFF
FFFFFFFFFF82FFF8FFFFFFFFFF74FF8D
FFC07CFFFFFF6AE9FFFFFFF82FFFFFFF
FFFF58FFFFFFFF791AFFFFFFFF8D44FF
FFFFFFD082FF4FFF9B45FFCBCCB2E2FF
AADDFFCDFFE3FFFFFF60EFFFFFFFFFFF
FFFD9EA17ED5FF2CFFFFFFFF91FFFFFF
FFFFFFC3A1FFFFFFFFE7FFFFFF8084FF
CDCBFFFFFF7CFFFFFFFFFFFFFFFFF3FF
D2FFA9FF50FF06FFFFFFA8FFB8FFFFDF
FFFFFFFFFFFFB7FFFFFF4F78FFC04BF7
FF95FFFF81FFFF57FFFFFFFFFFD7FFFF
FFFFDB3DFFFF41A08359D6ECCD25FFFF
FFFFFFFFFFFFD3FFFFFFFFFFFFFFFFD8
FFFFA81FFFD0FFFFFFFF71FFFFF2EEFF
FFFF41CFD3FFBBD7D0D1FFFFFF8560FF
FFFFFFFFFFF9B5F7FFFFFA34FFE3C4CD
FFFFFF38FFFFFFFFFFFFD3CBFFFFDEFF
FFFFA5FFFFFFB7FF97E1FFFFFFFFFFFF
FFFFE0FFFFFFFFFFFFFFFFFFE9D00000
FFFFFFFF6BB4FFFF3B9CFFFFA2FFA5FF
E6FFFFFFFF4FB835FFFFFFFF42FFFF3F
C0FD90FFFFFFE9FFD2FFFF82BDFFFFB0
FFFFFFFAA0DBFFFFFFFFFFFFFFFF936F
4EA07AFF85FFFFFFFFFFFFFFFFF6FFFF
FFFFFFFFD1D0FFEABEFFFFFFFFFFB2FF
E5FFEDFFFFFF6DFC8BF5FAFFFFFFFF8F
FF4BFFE9FFFFFFFDFF9FFFFF95FFFFFF
FF6A5DAEFFFFFFFF50FF95D2FFFFE58B
FFFFFFFFFBFFEBD86EFFB25867FF86FF
FF57FF82FFFFF5FF9CC7FFB5FFFFFFFF
FFFFFFFFC0A8DD22FFACAAFFA6FF60FF
FFFFFFFFFFFFDCADFF2EFFFFFFFFFFED
D1FFFFFF4EFF50C1BCFFFFB572E0FFE4
FFFFFFFFFF5CFFFF19FFFFFF6DDBFFFF
FFFFFFFFE9B3FFFFFFD8B7FFCFFFBDFF
FFFFC97BFFB5FFFFFF25FFFFFFAFFFFF
9DFFFFF1BEFFFFFFFFD595FFFFFF7AFF
FFFFE9FFFF1523FF07FFAFFFFFFFFFFF
FFFFFFEFBDFFA6DCFF94FFE4FFFFFFFF
A19E6FD5FEFFC44DFFBDFFFFFFAAFFB9
FFFFFFFF56FFFFFF86FFFFFFFFFFFF76
FFFFFFFFBCFFFF31A8E0FFFFFFFFB6FF
88FFFFFFDDFF38FFD85FFFFFFF54FFFF
FFFFFFBA93FF5EBD66FFFFFFFF96FFF3
47FFFFFF75FFFFFFFFFFFFFFA2FFFFFF
83FFFFE8FFE7FFFFFF8FFFFFFFFFFFFF
FFFFFFD1E3FF83FFFFCEDEFFFF98FC85
FFC5FFFFFFFF58995BFFF4D1FDFF8EFF
FFFFFFFFFF74FFFFFFFFFFFFFF5E7DFF
FF2D79FFFFFFFF5EFFB5F5FF4DFEFFFF
4FFFBEFFFFFFFFD9E0A1FFFFE1EA0000
FFFFFFFFFFFFFFFF443FFFF7B781FFFF
ABFFFFFFFF2DFFFFCDFFFF85FFFFC3FF
FFFFFFFFEEEEFFEFFFFFFFFFFFF84B36
33FFFFFFFFFFFFFFFFFFFFFFFFFFB4A9
FFFF6AFFFFFFFFFFFFFFFFB0FFFFD1FF
FFFF325BFFFFFFCF7EFFFFFFFFFFFF8E
FFFF5BFFFFFFFFACFFFFFFFFFF68FFFF
FFFFDFFFFFFFFFFFFFFFD3FFFFFFFFFF
FFFFFFFFFF99D6D9FFFFA1A1FF59FF96
DF2EFFCCFFFF6E74C7A4FFFFFFADFFFF
D3AFB272FFFFFFB9FFF0CD923BB8FFB3
FFFFFFFF27FF63FFFFFFFF38FFFFFF72
761FFFFFFFFF8827FF7DFFE8FAFFFF6F
BE65A8FFFFFFFFD0D3C5FFFFFF85FFFC
4BFF82FFFFFFFF8CFFFFFFFFFFFFFF2A
FFFFFFFFFF7B73B6C07CCADEFFE865FF
B7FFEAFF8AFFFFF3FFA1FFA4FFABFF7A
FFFFC3F5FDD6A1FF9DFFFFFFFFD390FF
FFCFFFFFFFFFFFE7FFFFEFFF966DFFFF
8FFF73FFF0FFACFFFFFFFFFF9DFFF2FF
DCFF798C96FFFFFFFFFFFFFFFFFFFFFF
FFFF5AB1FFE6FFFFFF3AFFFFFFFFFFF6
FFDFAA74ABFFFF52C849C0A3FFFFFFFF
FFFFFFFFFFFFFFFFE2FFFFC0FFC6FFFF
FFFF7EFFFFFFFFFFA1B4A675FFFFFF4F
FFFF81FFFFFFA0FFFFFF4FFFFFD1FFF7
D2FFFFA5FFFFE8FFFFFFFFFFFFFFFFFF
FFFFFFFFECFFFFFF94FF9CFFFFFFFF8A
1DFF2CFFFFFFFFFFFFCDFF3EFFFFFFFF
F5FFFFFFFFC67BFFFFFFFFC8FFFFCE5D
FF8138EEFFFFF8FFFF4B13FFFFC1CBFF
FFFFFFFAFFFFFFFFFFFFFFFF0EFF0000
FFFF61E38BADFFFF83FFFFFFFFFFFFFF
CAFFFFFFFF96FFFF0DFFFFFFFFFF33FF
FFFFF2F0FFEFFFFF6D78FF80FFFFE3A2
FFBBFFC3A7FFCCE6FFA0FFB4C0FFFFFF
FFFF5BFFFFFFFFFFFFFFFFFFFF9BFFA7
FFFFFFFFFFFFFFFFFFFF59861BFFFFFF
FFE97B2BFFFFFF5CA8FFFFFFFF77FF9A
F146B2FCFF51FFFDFFFFFFFFD0C1FF87
FFFF78FFE8D5FFFF8AFFF2E6FFCFFFFF
BCF3A99BFFFFFEADACFFFFC77FFFBDFF
FFFFFF87FFFF89FFDBD4DCA8F6AB98FF
FFFFD458FFCDA0FFFFFFFFFFFF9DFFFF
FFD4FFA3FFFFD374FFBFFFB4FFFFFF82
BEFFD6FFD2FFFFFFFFDCFFFFFFFFFFFF
FFFFFFB9BDFFFFFFFFFFFFFFFFFFFFDE
FF3EFFEEFFFFFFFFFFFFFFFFFFFF88FF
F37955DDBC8192FF7AA3FFFFFFFFFFC9
59FFFFFF9DFFFF41FF8F62FFFFF768FF
2D73FFF8FFFFFF98FF91FF3EFFFFAC91
FFFFFFFFFFFFFFA0FFFF6BFFFFFFFFD6
FAFFC7C0B7F5FFDBFFFFFFFFFFC2FFFF
71FFFFC6FF77FF86FF29FFFF08FFFFFF
D8FFFFFFFFF0FF0CB63684FFFFFFFFC8
C5FF78FFFF95FFFFFFB1FFFFFFFFFFFF
FEFF6FB7FFFFFFFFFFFFFFFFD7FFFFFF
69FFFFFF60FFFFFFFFFFFF406CFFFFA9
FFFFFFCFFAFFFF5DFF43F3FFC2FFFFFF
FF0A3EDEFFAFFFEAFF9EFF53A9FFCBFF
37E9FFFFFFFFFF5F78FFFFFFFFFFFFFF
FFFFFFFFCDD7ACFFFFFFA1FFFFFFD8FA
98C33EC6FFFFFFFFFFFFFBFFFFD6FFFF
FF7BFFFF97C7FF94C3FFFFFFC1FF0000
FFFFFF875A64FFFFFFFFFFFFFFFFFF6C
B0FFABFF67FFA693FFFFE8FFFFF293FF
8CDD58FFFFFFFBFFBCFFFFFFFFDC4AFF
5FFFDFB3E2FFFFFFFF5FA26CFF446DFF
82FFC4BEFFFFFFFFFFFFFFFFFF71CEFF
FFFFF7FFFFFFFFFF70FFFFFF1CFFFFFF
EB8CF1FFFFFFFFD38436FFFFFF4AFFFF
FF79ACFF4EFFEDFFFFD2FF8E57EDE2FF
FFFF2AFFFFCCFFD7DF6EFFFFFFFFFFA7
FFFF5232FFFFFF5BFFDFFFCEFFFFCAE0
FFFFCDFFFFFFFF4BFFFF3BFF36DA2EDF
FFFFFFC269FFB3FFFFFFFFFFFFFFFFFF
FFFFFFFFFFFFFF94FF97FFFFFFFFE2FF
FFFFBDFFE1FFFFFFFFE8CEFF7CFFFFC4
B0E1FFB6C8FFFFF88DFFE9FFFF99FFAD
FFD03EFFFFFFFFC1EBFFFFFF64FFDBFF
FFFFFFE82EE8FFFF4CCA78FFAFFFFFFF
CEFFFFFFFFFFEDC999FFF1957762FFFF
FFBEFFFFFFFFFF72FFA1B2FF4AFFFFFF
68B0FAFF2AFFFFFFFF72F47BFFFFFFFF
AEFFFFFFFFFFFFFFFFFFFFFFFFFF44FF
41F6FFFFFFFFFF1BFFDEFFFFFFFFFFFF
A55AFFFFFFFFFFA6B8D5FFFFFFFF9EE4
FFFFFFD459FDDB67FFFFFFA72C56ECFF
FF72FFFFFFFF7A71D1FFE2FFFFFFFFFF
FFFFFFFFFF57FFFF6DFFFFAE816E9C5D
F9FFFFFFCE34FFFFFFFFFFE6FFFF4AFF
FFFFB5FFFF59FFFFFFAFFFFFEEA8B68D
FFFFFFFFFFA4C8FFFFFFFFFFFFFFFFFF
FF90FFFFFFFFFF9E376BFFFFFFFF5698
80EC8269FFFF5FFF61FFFFFFFF8BA2FF
FF72FFF1ECFFFF31FFD7FFD2BD970000
FFFFFFD1FFFFFF65FFFFE9FF86FFFFFF
FFFAFFECAACCFF29FF744A2DCB6AFFFF
FFFFBDFFFEFFFFFFFFFFB3FAFFFFFF68
FFFFF2FFFFD57780FF6DFFFFFFDDFFFF
E2FF89ECFFFFEA4A73FFF0FFFFFF3DFF
A4FFFF8568FFB8FFFFFFFFFFDEFFFFFF
2DFFD1EDFFFFFFF206FFFFFFFFFFFFFF
FFFF9FFFAFFFCBFF43FFFFFFFFD08AA9
FFFFFAFFFFFFE3FF89FFE5FFFF9B56FF
D2FF6011A5FFFFFFFFFF5DFFFFCDFFFF
C0F2FF66F657D5FF4FFFD7FFFF30C04B
FFFFFFA7FFB4FFFFFFFFFFFFADFFBEFF
86FF9CA4FFFFFFD0FF7849C83D60B3CB
FFFFFF90FFFFFFFFFFFF65FEFFFFF5AB
FFFFFFDCFF3AD9FFFFFFFF32FFFCFFFF
FFAD6EC9FFFEFF9DFFFFFF57FFFFFFFF
FFE7FFFFFFD9FFFF5F9E3835FFFFFFF1
3CFFFFFFD1FFECFFAEFFFD6FFFCBFFFF
FFFFE6FFFFFFFFCDFFB080FFFFB4FFFF
FFFFFFFFFFFFFFFFD7FFFFFFBA907AFF
7C4EF6D8AFFFFFFFFFFFFFFFFFFFFFFF
FCFFFFFFD1FFFF70FFFFFFFFFFFFFFFF
9BFFFFFFF4D2AF4D68DEEBFFFFCAD0FF
FFFFFDFFFF76FFFFA5A1DBFF9120599D
FFFFFFFFB9FFFF257AFFFF46A9FF64D8
FFFFFFDDFFFDC4BDACBDA8FFFFACACCA
FFD2FFFFF7FF9BFFFFFFFFFFC1FF69B4
D5FFFFFF60FFFFFFFFFF9DECBAFFFFFF
FFFF7DFFFFFFFF8D9AFFFFFFC633FF9A
EFFFC1A5B562F0FFFFFFFFFFFFE4C6D5
FFFF2EFFFFFF87FFFFFFFFFFFF8435FF
FFDAFFFFFFFFFFA6FFFFF6D0FFFF0000
2629F3FFC9FF0FFFFFFFB1FF93FFFF22
A9FFFF7FB8FFFFA6FF5C5B92FFC5FFF0
FFFAE6CDFFFFFFFFBEFFFFFFFFFFFFE7
F5FFFF59FFFFFFFFFFFFFFFFA4FFFFFF
54FF9AD0FFFFC1BEFFFFFFFF66FFFFFF
61FFFFDDEBFFACFFFFF5FFFFFFFFFFFF
FFFFECFFFFFBFF90FFFFFFFFFFFFFFFF
6AF7FFC2FFB7C9C6C8FF2DF2976CFF99
FFFFFFFFFFFFFFFF75BEFFFFFFFFFFFF
FF98FF35203ABEBCFFFFFFFFFF2027FF
FF13FFFFF7D7FFFFFFFFE1FFDDC90FFF
FFFFFFFFFFFFFFFF873EFFA7FFFF5AC1
E1FFFFFFFFFFFFA1FFFFFFD7FFFFFFFF
FFFFD7FFFFFF58A6FFFFFFFFFF6E7A9D
FFFFFFFFA8FF6CB5FFFFB8FFA2FFC0FF
DFBEF7FFFFFFFF7EFF90A8FFFFFFFFFF
FFFFFFC5FFFF5FC8FFFFFF4EFFFFFF74
C3FFFFC071FF82E029FF24F6FFF5FFFF
ED47D8FFFFD6AFB1E1D066FFECFFFFFF
C859FFFFFFFFFFFFFF55E06BFFFFFFFF
FFFFFFFFFFFFFFC1FFAAFFF2FFFFFFFF
FFFF24FFFF99FF4B5DFFFFFFFFFFFFFF
FFC4FFFFFFFFFFFFD48F7FFFFFCDFFFF
E1FFFFFFFDFFFFFFFFDFDEFF65D1B4FF
FFFFFFFFFFFF40FFFFF7FF509F0EFFD2
FFF2FFFFFF94F1A22D44FF29FFFAFF58
FFFFFFFFFFFFFF394DFFFFFFA7CBFFFF
FFFFDCFFFF50FFFFA7FFFF96FBFFDCC2
FFD6FFFFFFFF825E61FFFFFFFFFFFFD9
BF3CDB0DFFFFD1FFFFE8FFFFFFFFFFFF
FFFFFFFFFFFFFFFFFFFFFFFFFF6864F2
FFFFFFFFD3EE4CB19181FFFFFFFF0000
FFFFFFFFFFFFFFC2FFFFFFFFFFFF58B1
60FFB3FFFFC9AE31FFDA1DFFFFFFFFFF
EA6EFFB6B5FFF4FFA1C2FCFFFFFFFFF6
FFFFFFCEFFA6FFFFFFDB2EACADFFFFFF
A0FFA1E7FFFFFFFFBB1AFF58FFDDFFFF
FFFFFFA1D443FFC8FFFF75FFFFFF5EFF
8DEBFFFFFFFFF1FF3BEAFFFFC55FFFDA
6D67776EC11D7DFFFFFFE5FF8AFFFFFF
84FFFFFFFFFFE894FFFFFFFFFF8AFFD1
FF9DFDFFFEABFFFFFFFFC7FFFFFFFFFF
FFFFFFFFFFFFFFFFFFFFFFFFFFA7FFFF
FFFF5CFFFF5FFF97FFCCFFCB7EE374FF
FFFF5EFFC1FFFFFFFFB0FFFFFFFFFFFF
B5FFFFFF2FFFFFFFB26FC6FFEBFFFFDD
FFFFE9FFFFFFFFECFFFFFFFFE4FFFFD2
FFFF57C4E3FFFEECB2FFFFFF67FAFFC7
24FFD9FFFFFFFFFF3CFFFFFFFFFF47CA
B7FFFFFFFFFFFFFFFF5FFFFF5DE7FF93
FFFFD1E7FFFF24FFFFFFFFFF5DE2FFFF
FFFF8BFFFFA7FFFFFF12EBFF99FFE5D9
15A8FFFFD5FFFC75FFFFFFFFFFFFFAFF
FFFF64FDF1FAFFFFBD82FFFFFFADC928
FFF3FF50FFFFFFFFFFE5FFC464FFAAA6
FFB8FF58E864D5FF7FD8FFD7B4F2FF89
FFFFFFFFFFFFE8FFFFFFFFAA27FFFFFF
FF99FFD8FFFFFFFFFEFFFFFFFFFFFFFF
FFFFB8FFFADDD5DC87FFFFFFFFBEFFD3
FFDE6B836EEFC1FFFFFFF45A48FFFFFF
B65AB666FFFF795494FFFFADFFFF81FF
FF38FFFF66A669FFFF6DE6FFFFFFFFBB
FFFFFFFFA9FFFFFFFEFFE3FFFFECFFFF
FFB9FFFFFFAAFFFFFFFF6AFFBCFF0000
FFFFFFFFFFFFFFF6FFFFFFFFFFFF37A6
D2FFFFF8FFFFFFFFFFFFFF68FFE3BEFF
FF60FFAAFFEBFFBFFFFFFFFFFFFFFFFF
FFFF3FFFA0FFFFA2FFFFFFD2FFCDFFFF
FF92FF7EADFF98FFFFFFFFDA3A70FF9E
ABE9F6FFD5FFDDFFFFFF4BEB29FFACFF
EFFF8CD6FFFF47FFFFFFFFFFFFFFFFF1
DDFFFFFFFFA3B15CFFC3FFFCFF69AFDB
A1FFFFFFFFFFFFFFFF9BFFFFFFFF5DE3
BDFFFFFFFF52FFFFFFFFF5FFFFFFFFFF
FFFFFFE6FFBAACFFFFFFFF8A89FFFFFF
FFD8FFFFFFFFFFFFFFFFFFFFFFD198EB
FFFF6DFF85E5FFFFFFFFFFBFFF4EFF38
FFFFFFFFBEFFFFFFFFFFFFFFFFFFDFEF
FFF621FFFF81FFE6FFFFA459FFBC49B3
FFFFFFFFFF88FFFFFF9A92FFFFFFB4FF
8F86CCFBFFFFFF84FFFFFFFFF7FFFF79
C6FFFFE9FFFF6EA1FFFFE3FFFFFFFFDA
FFE2FFFFFFFFD1FFFFE6FFB066FFFFD3
FFFFFFFFFFFFFFBBFFC6FFEAFFFFFFFF
FFFFD6B0F1AF8AFFFFFFFFBAFF34FFFF
FFF7EBB11CD8FE508896FFFFFFCEFFFF
FFFFFFFEFFFFFFFFFFFFFF7B59FCFF73
FFFFFF84BEFFFFA2FF889776FFFFFFFF
FFFFFEFFFFB762FA1BFFFFFFFFFFF6FF
FF73FF9EFFFFC8E3FFFF66CEE4FFFF53
F9FFFFFFFFFFCEFFFFFFFFFFFFE4FFFF
DFD1DCFFFFD482FF555FA2867446B873
FFB7FFFFFFFFFFFFFFFFFFFFFFFFFFFF
FFFFFFFFFFFFFFFFC0FFFFFFA4FFFFFF
FF76FFFFFFFFFFDD6FFFFFFFFFFFFFFF
E1E9FFFFFF7D8B55EDFFFFFFFFFF0000
9DFF8EFFE139FFFFAE36EBFFFFFFFFFF
54FFEEE3FFFFFFA4F6FFFFFFFFFFFFFF
FFFFFFB0128E9DFF30FFFFFFFF97FF61
C4CDFFFFFFFFFF60C8FFFFFFFF31FFFF
E975FF45FFFFFFFFB2E7FFAD5A44FFD6
FFFFFFEC501FFFFFDF6EF8FFFFFFE9FF
FF9F81AFD6FFFFFFFFFF937BA9EEFFB9
8FFFFF54FFFFFFFFFFE0BFC9FF7CFFFF
FFFFFFFFD0FFFFFFFF9AFFFFFFFFE989
FFEA35FFFFFFFFFFFFFFE3FFFFFFDDFF
9AFFFBFFFFFFFBF3D5FFC9FFFFFFFFFF
76FFFFFFE4FF84FF88FFFFF0FFFFFFFF
DED6FFF6FFFFFFFFFFFFFFFFFFFFFFFF
DAFFFFFFFFFF84FFFFFFFFBCFFFFFFFE
C941FFACFFFFFFACFFE9F6D798B9CFFF
883BFFDFFFFFFFFFFF8B56FFFFFFB8D3
FFFF63FFFFFFFFFFFFFFFFFEFFFFFFFF
FFFFC3FFBBFFFFFF87FFFFFFB69133BE
FFC9FFE8FFFFFFFBE3FFFFB89AFFFFFF
AF22FFFFFFCBFFFFFFFFFFFF38FFFFFF
FFFFA8FFFF59FFFFFFFFFFFFFFFFFF3E
FFFFD9F4FFFFFFC4FFFFD8FF65ADFFFF
FF7984FFFFFFFFFFA7FFFFFFFFDBD9FF
FFFFFFFFFFFFAEFFFFFFFFA2FFFFFF59
6E2E957CE8FF9E17FF90B10DFFFFFFFF
FFFFFFE8FFE9FFDFADFFFFFFFFE1FFFF
FF75FFFFFFFF68FFFFFFFFFFFFFFFFFB
798DFBFFDCFFFFFF848CD59EE4F0FFFF
98FF87FFFFA2FFE7CDFFFFFFFFFF6FFF
25FFFFFFFFFFDAFFFF44FFFFFFFF4D2F
FFFFFFFFFFFF7FFFFFFFD4FFFFF2FF5A
8AFFFFFFEDFFFFFF5CFF23FFA98D0000
FFFFFFFFFFFFFFFF67BFFFD5FFFFFFFF
FF37B2FFFFFFFFFFA08BFFFFF0FFFFFF
FFFFFF6E832085FCFFBEFFFFFF83FF43
FFFF7B57FFFFABD1FFFAA616FFFFFFE1
FFFFFFBBFFFFC883FFFFFFFF51E9DFD9
FFB0FFFC80B0C78AFFFFFFF3F2FFFFFF
FFFFD4FF85DFDAE8FFDECEFFFFFFFF96
23FFFFFF70FFA8FFFF60FFB7FFFFFFFF
5BD16AEDFFFFA3FF81FFFFFBFFA0EC83
FFFFFFFFE1FFFFFFFFC8A0FFFFFF87FF
FFFF65FFFF9AFFFFFFFF84FFFAFF2AFF
DDD5FFFFFFFFFFFFFFFF37FFFAFFFFFF
FFFFFFFFFFFF86F4E44CFFFFFFFFACFF
FFFFFF92FFFFFFFFFFFFC774D8FFFF9E
FFFFFFFFE6FFFFFFFFFFFF29FFFFFFFF
BCFFFFFFFF5EFFFFFFFFFFFFFF5AFFFF
D275B4FFFFFFFFD93BC57FFFBBF9FFFF
DBFFFFFFFF048BA8FF3352FFFFC2FFCD
FFB5FFFFFFE3FFFF52FFE414E79DE8FF
23B4FFFFFFFFFFDA451E6FFFFF9D9EFF
E5FFFFFFBA1CFFFFFFFFFFFFFFFFFFFF
BFFFDE3AFFFFFFA1FFFFFF90FFFF9D57
FF5FEFFF8BE6FFD1FFFFFFFFFFFFFFFF
9CFFFFB4FF9D79FFC3FFFF993FFFFFFF
FFC41C54AB86FFF8FF6B7218FFFFFFFF
FFFFFFD2FFFFFFFF5AFFFFFFFFFFFFFF
FFFF98B9FFB0E9FFECFFDCB7FF8284FF
CBDF91FFFFFFFFFFEAC8FFE3CF40FFDF
FFFFFF5AFFA1FFD7FFF1FF59FFFFDBFF
FFFF9CB0FFFFFFFFD0FF76FFFF824C93
72FF4AFFD0B0DB41FF80FFFFFF79FFDE
FFD6FFFFFFFFFFFFDFFFFFFFFFFF0000
FFFFFF89D813FFFF7665FFFFC3FFFFFF
80FF71FFFFFFFFFFD393D8FFFFFFFF45
FFFFE1FFC3FFBBE175FFFF3EABF4FFFF
F7FFFFA9FFFFFF7FFF41E949FFFFA6A4
FF7BFFFFFFFF60FFFFFFFF548FFFFFFF
BAFF6EFFFFCE2AA622E7EAFEFFFFFFF2
FFFFFFFFB6FFFFFFFFFFFFFFFFFFFFFF
96CBFFFFF0FFF715FFEAFFFFDCFFCBFF
C8FFFFFF4FFFFFFFD0E6FFFFC298FF86
EFFFFFFFFFFFFFFFFFF3B3FFFFFFFFFF
FFFF64FFFFFFFFF9DAFFFFFFFF48FFFF
FFFF64FFFFFFFFFFFFFFFFADA5FFFFFF
E4FFFFFFFF80E8FFFE84FFFFABFF94AF
FFFFFFFFFFFFA7FFFFFFFFFFFFFFFF52
FFFFFFFFFFFFF2D75ED749FFFFFFFFFF
93E9FFFFFFFFFFFF97FFA4FFFFFFFF9C
FFFFE8FFFFFFADFFC982FF2D4CCEFFFF
FFFFFFFFFFFFFFABFFFFFFFFFFFFC5FF
FFFFFFFFFFCBFFBCFFFF3AFFFFFFFFFF
FF71FFFFFFFFA2FFFFFFFFFFFFFFFFFF
04C8D2FF3F5F39CCFFBA7BFFFFFFFFFF
90C9AAFFB524B3DFFFFFCAFAFFFFFF7D
D691F8B682FFFFCCFFFFFFFFFFFFFFFF
FF85FFFFFFFFFEFFFFFFFF99BAFF4BFF
88FFEBB6FFFFFF45FF7040FFFFFFFFE7
C5EDFFFFFFFFFFFFFFFF4FFFFFF56AFF
FF5DFFFFFFF4FFFFFFFFFFFF71FFB3FF
FFFFFFFF610FFFFFFF5ECBFF46B6FFFF
FFA1FF39FFFFFFFCAFFFFFFFF2B2FF84
FFFF71AFFFFFFFFFFFDBFFFFCBB9FFFF
FFFFB9B3FAE996FFFFFF87ADFFFF78FF
D6FFBAFFFFFFFFFF7FFFFFFFFFFF0000
FFFF939BFFFF31FF38FFFFFFFFFFFFDC
6BFFFFFFFFFFFFFC1F8EB2DAFFFF69FF
21A1FFAFFFFFFFFFFFE5FF6AFFFFDFCC
B9FFFFFFFFBDFFFFFFFF37A8FFFFA262
FFFF77F258FF4FFFFFFFFFFFFFC8A690
55FFFFFFFFD8FFFFFF33FFFFFFFFFF3F
AAFFFFFFD0FFB9FF8FFF9861FFFFFF36
C7C6F72137A48DFFFFC5FFBAFFFFFF68
FFDBE5AEB3FFFF42CCE5CEA4FF73FFD6
FFFFFF97B5BAFFFFFFFFFFD75DFFA7AD
65FFFFCEFFC0DB70FFD8FFFFFF3EFFFF
91FFFFFFFFE7FFFFFFFFFFF2FFFFFFFF
D3FF4CD9FFFFFF6DFFAAFFFFFFFFFFB4
D1FBE9FFFF8D71FFFAFFFF96FFFFFFA8
FFC8FFFFD0CEFFFFFFC31C7FD5CDE9FF
5B2BFF81FFDCFFFFB3FFFFFFFFFFFFFF
D671A8FFFFFFFFFFB5FFFFFFFFFFABFF
FFFFFFFFFF59FFFF443868FFFFFFFFFF
E1E8FFFFFFFFFFFFFFFF71FF8CFFFFFA
FFFFD4ACE4FFFFFFFFEEFFFFFFFFFFFF
CF8CFFFFFFFFB7FFFFFFC78AFF2FFFF7
FFFFFF9A97B1B4FFCAD0FFFFFFBEFFFF
FFF265FFFFFFFFFF93FFFFFFCB81BBFF
FFFFD7FFFF64FFFFFFFFFDFFFFA4FFFF
FFFFBBFFFFFFFFFF7EF0E7FFFFEEFF62
FFFFFFFFFFFFFFFFC3FFFFFFFF8AFFFB
FEFFFFFF5BFFE1CFFFA3E5FFFFFFFFFF
FFFF99FF6BF2FFFFFF658D89D0FFFFBC
4DF9FFFFFFFF3CFFAE7AFF97FFFCFF99
FFFFFFFFFFFFC8FFFFFFFFFFFFFFFFFF
FFFFFF5F7DFFFF531096FFFFB3FFE3F3
FFB0FFADFFFFC5FFFFFFCBFFF4FF0000
FFFFD3EAD1FF72FFFFFFD6FFFFFF79FF
FFFFFFFF42C07BC749FFFFFFFFDAEBFF
77D4C93EFFFF96E1FFFFF3FFCCB68469
E5ADFF63CAFFFFFFFFFFFFFFFFFFFF8E
FFFFD090B4FFFFB7E49FFF60FFFFFFFF
FCFFD2FFE6FFFFDFFFFFCE65FFFFFFFF
FFFFFFFFFFFFFFFFFFFFFFFFFFFF5BFF
66E6FFFFFFC037FFFF91D7FFFFFFFFFF
FF3DFFD4E7FFFFFFFF7871D1FFFFFF8E
77FFFFFFFFFFFF9BFF74FFFFFFFFFFFF
F6FFFF45FFFFFFFFC9FFFFFFFFFFFF7D
A6EBFFFFFFFFFFDAFFA2FFC0FFFFFFFF
BCFFFFFFFFFFD16BFFFF521BD1FF87FF
FFFFFFFFFFE9B19E68FFFFFFFFFFFFFF
FF61FFFFFFAA72FFCDFFF2FFFF2C11FF
574DCAFFA8FF91E4C670A849FFFFFFFF
9784C7FFFFFFD1FFFFFC9DD5FFFFFFAC
FFFF85BE6E5D88FFB05A53FF64BA37F6
F8E640CDD57431DD7FFFADFF82FFFFFF
FFFFE8FFFFFF87FFFF5DA6FF90B8FFCD
B186ABFF9EFFFFFFDB9CF8FFFFFFFF37
FFD076FFECE2FFAFFFFFFFFF8ACDFFFF
FF2EFFFFFFFFFFFFD8E3FFFFFFD2FFD0
C7FFFFAEFFD2FFFFFFFFA6FFFFFFB1FF
9A8F8EFF96F38EFFD2FFFFFFC1FFFF90
D6FFC1FFD6FFAAFFFFFFFFFFFF9EFFD4
FFFFA6FF52FFFFFFFFFFDBC8FFB5FFFF
FFFFFFFFFFFFE0FFFFECB6E5FFFFFF29
FFFFFFFFFFFFFF83C5F7FFDDB8FFFFFF
B00BF5F997D3ECFFFF41FF7BFFFFCFFF
FFFF49B36BB9FFFFFFFFFFEFFF718C56
E9FFFFFFFFFFFF4E73FFFFFFFFFF0000
CDFAFF5AE374FFFFAAE3FFFFEBFFFFFF
FFA7FFFFFFFFFF49FFFFFFFFFF95FFFF
FFFFFFF867EFFFFFFFFFD0FF5ABF99D0
FF40FF86B473FFCCFF96FFFFFFFFA5DC
FF428EE1D0E081FFBDFFFFFFA8FFFFFF
FFFFC9FFFFC3F8FF5CFFFFFFFFFFFFFF
FFFFFF8ADB1AA7D0FFFFFF6CFFFF32FF
FFB2FF4AFFFFFFFFFF266BBEC0FFFFFF
FFFFFFE2FFAD7969FFC2F19DFF6EFFF2
AEFFF2B473FFFFFFFFFFFF9040FFFFF8
ECFFFFFDFFD4B9FFFFEAAEFFFFDBFFFF
FFFFFFFFFFFFFFFFFFFFFFE4FFFFFFFF
FFFFFFFF87BDD6FFFFFFFFFFFFB3FFFF
FFFF6AFFFFFFFFB5BCFFFFFFFFFFFFFF
BDF9FFF173FF8E34FFE6FFEFFFFF9D78
8B5072FFFFFFFFFFFFFFF2FFFFFFFFFF
21FFFFFFFFFF2D61C3C839FFFF7BFF3C
FFFFD5FFFF50FF70FFAE8DFFFFFF75CC
FFF37DFFD6FFFFFFFFFFFFFF9DFF96FF
FF30FFFFFFFF8CFFFFFFFFFFFFFFFFFF
95FFFFFFFFFF6FFFFFFFFFFFF5FFFFFF
FFFFC6BEF6FFD9FF788FFFFFFFFF7AFF
FFFFFFFFEC24FFFFFFEAFFFFFFFFFFFF
2DFFC9FFFFB1FFFFFF4BFFFFFFFF7ACA
FFFFFFFFFFFFFFFF7CFFC9FFFFFF64EA
FF80FFFFFFFF5DFFED868B87FFB0DCF1
FFFDDAF8FFB38088E621FFFFFFFFF8FF
DCFFFFFF8FFF87FFFFFFFBFFFFA4FF2F
FFFFFDFF45FF72FFFFFFFFFFFFA2ACFF
FFFFFF87FFFFADDEFFE8FFF7FFD9FFFF
FFFFFF6268608DB8CFE0D8D7FFFFFFFF
51FFE7FFFFFFFFFFFFC9FFFF438C0000
FFFFAA7DE68CFFFBFFFFFFA4F0DD3482
FFFFFFFFFFFFFFFFFFC1FFFFFF95FFFF
FFFFFFFFFFFF9AFF59B2FFFFFFFFFF72
C761FFFFFFFFFFFFBDFCCEFFFFFFFF99
FFA3DFD7FFFDFFFFD0FFFFFFFFF3FFFF
44FFFF6C8EB66A7AFFFFFFFF43B43DFF
FFFFFFFFFFFFDECBFFFFFFE1899BFFFF
FFFFFFFFEFFFFFFFFF618FFEB571FF91
FF5DFFFFFFFFFFE4FFE3FBFFFFFF47FF
FF4DBCFFD5FFFFC2FFFFFFFFFFFFFFFF
FFFFFFFF59FF3CFF665DFFFF2CFFFFFF
4C247FE8FFFFFFFFFFFF80FFF2EBF36E
7DDBFFFFB6EEFFB9FFFF9FAFFFFFFFFF
FFFFABFFFFFFFFFFF8FFFFFFF1FFFFFD
3CFFFFFF32FF7EECFFFFFF8AFFF2C0FF
EDFFFFEC993FFFFFFF9DFFFF122FFFFF
FFFD56FFFFFFFFFFFFFDF0E8FFFFFF32
24FF67FFB5D9FFFFFFFFC68255FFB5FF
85FFFF6FFFD0FFFDFFFFFFFFFFFFFFE1
2FEDFFFFF1FFFFE6FFFFFFFFFFFFFFFF
FFFFFFF7FFFFFFFF9AFFFFFFFFFF5AFB
FFFFFF427BFFFFFF90FFFFB0FFFFFFFF
FFFF7976036F44FF3EE9818CFFFFFFFF
FFFFA0FFFFFF82FFFFFCFFAAFFFFFFFF
D67AFFE8FFFF79B041FFFFFF68FF1DFF
D9FFFFEAFFFFFFFFFFFFFFD5FFFFFFBB
FFFFAFFFFFFFFFB2FF54FF6EFFFFFFFF
FFDD7CFFEEFFFF25FFFF467633FFE0FF
AAFFFFFFCB7FF8FFFFFFFFFFFFD8FF8F
FFFFD9FFFFFFFFFFA9FFFF29FFFFFF7F
FFF4E6B078FFFFFFFFA7B6CBFF65FFFF
E0C452C5FFFFFFFFFFFFFF997CC30000
F5FFFF91FFFFFFFFFF60DCFCFFFFFFFF
788FFFFFFFFFBA4CFFFF91E23DAEFF73
D1FFDCFF5EFFFFFFC0F8D1FFFFFFFFAF
FFFFFFFFFFFFFFBAD6FFFF9FFFFFC5FF
FFD6FFFFFFFFFFF1FFFFFF83FFFFEDFF
DAFFBAB4FF66C11EA3D0D4FFFFFFFFFF
FFFFFFFFFFFFB2C3FFFFE47472FF95FF
FFB1FFFFFFFFFFFCCCDDFF7899FFB4FF
BBA5FF79FFFFFFFFFFFFBCFFFF99FFFF
FFAB91FFFFFF37FFFF95E8D1FFFFFF45
FFFFFFFFFFFFD007FFFFFFFF57F7FFFF
FFD6B7FFFFFFFFE1FFFFFFFF23FFFFFF
FF9EFFFFFF8EFFFFA7FFFFFFFFFFFFA8
FFFFFFB1FFFF80FF58FFFF90CAFFFF56
8AC7FFFFFFFFD9B9FFFFFFFFFFD6FFFF
CBE4FFFFFCA6FF3DC7FFFFFFFF7B8086
FFFFFFFFFF36FFFFFFFFFFFFFF41FF93
FFE8FFE5FF84FFFFFFFFB1C0B5CFFFFF
FFFFFF59A04AF7FFFFFFFFFFFFFFFFFF
FFFFFFFFFFBF72FFFFFF6672FFFF8E5F
6728FFFFFEFFFFCAFFFFFFFFFFF163FF
FFE2FFFFFFFFD9FFFFFFA2FFCDDFABFF
FFFFFFFFFFFFFFFFFFFFFF3E7AF4FF69
FFFFF564FFFFFFFFFFFFFFFFFF217B9B
FFFF92FFFF97FFFFFC6BA11EF0FCFFFF
FFFFFFFFFFFFFF8BF22EFC61FFFFFFFF
FFC8D9FFFFFFFFFFA64EFFFF40FF78FF
FF88FFFFFFFFFFFFFFB9FFFFF15D6FF0
FFFFFFFFFFFFFF8DA192FFFFFFB2FFFF
4C8A9972FFFFFFFFFFFF78FFFFB0FFFF
613A64FFE1FFFFFFFF30FF9CFFCBFFD3
FDEBFFFF585AFFFFADC0AFB7ABDB0000
FF4DCDFFFF2879A9FFFFFFE1FFFF16FF
FF58FFFFFFFFFFFFF76AE488D3FFFFFF
FFFF98FFFFFF22FFFFE2FFFFFFFFEBFF
FFFFFFFFF7D1FF49B1FFFFFFFF16FFFF
FF46DDF12BB1A1A8FFE0FFFFFFFFFFFF
FFFF89FF3DFF1C91FF8FFFF2FB9BFFFF
FFFFFFFFFFFF9079FFBAEFFF99FFFFFF
FFFFFFFFFFFFFF75FFFFFFFFFFFFE9FF
FFDBC4FFFFFF5EFFFFFFE7FFFFA4FFFF
FFFFFFFFFFFFFFFFFF355FFFFFFFFF7C
A4FFF4FFFFFFFFE5974DFF6FFFFFFFFF
FFFF6BD0FFFFFFFFFFFF5BFFFFDA9AC5
FFFFFFFA6A906763B7E494D3FFFFB63F
D1BDA3DE85C2FFFFFF8DFFCCB5C1C7D4
8DAF84FFCB62FFD3FFC9FFFFFFFFAAD3
FF8DFFE5FFCAFFFF65A3FFFFFFFFFFFF
FFFFFFB4FFFFFFCDAFFFFFFFFFFF7FBB
FFFFFFFFFF75FFFFFFFFFFFF83B9FFC7
FFFFE2DA99767B4BFFFAEDFFF5FFFFC5
FFFFFFFFFFFFE1FFFFFF6E7BFFFFFFFF
FFFFFFFFFFFFEBDEFFFFFFFFFF59998A
C0FF62FFFFFFCBFF5F9BC827FFFFFFFF
FFFCFFFFFFFFFF49FFFF9DA3C9D9FFBF
FF74FFFFFFF7FFFFABFFFF31FFFFFFAD
6BFFFF2FFFFFFFFF61FFFFFFFFABFF48
FFFFFFFFFF2978FFFFFF90FFFFFFFFFF
FFFFFFFFFFFFFFFFFFFF934269FFFFFF
FFFFFFFFFFFFFF52B156E5FFFFE1B9FF
FFFFD2EEFFFFFFFF4FFFFFFF99FFFFCD
FFFFFF96FFFFB5FFEDA5FFFFFFFFFFE4
57ACFFFFFFFFFFFFFFFFFFFFFFFFF2FF
A5D1A0FACDEAE8FF6724FFEF5E1D0000
915BD5FFFFFFFFA0FFFFFFFFFFFFFF73
FFFFFFFFFFFFFFF6AFFFEAFFFFFFFFFF
DFFFFFFFFFFFFFFFFFFFAEFFFFFFFFFF
8CFFFFFFFFE5FFFFFFFFFFFFFFFFFFFF
FFFFFFD1FFFF8892FFABFFFFFFFFFFF5
8CFFFF3DFFFFB381FFFFD0FFFFB4FF90
80C4FFFFFFBEFFFFFFFFFFFF60D7FFFF
FFFFFFFFFFFFFFFFFFFF3CFFFFFFFF7B
FFFF32CCFFFFFFFFFFFFFFFFEA75FF66
FFFFFFFFFFA8FF95B3793BC4FFFFFFFF
92FAFF7A25EDFFFF8CB5E9FFFFFBFF9D
FF9CFFEDCBFFFFFFFFFFFFFFE7FFFFFF
FF68FF53FFFFF3721BFFFFFFBEFE9EFF
6DFFFF60DCFFFFFFFFFFC59258CBDCFF
BDFFADFFFF86FFFF7BFFFFFFFFFFFFB0
FFFFFF1FFFEA7FFFFFF6FFFFFFFFFFFF
FFC971FFFFFFFFFFFFFFBDEEE4F85D2E
FFFF93FFFFFFFFFFFF9BFF3FFFE8FF50
FFCEFFF0FFFFFF30FFFFFFFFFFFFB4FF
BCDC7DFFFFFFFFFFECDEB3FFFFFFFFFF
FFFFFFCBFFFF93FF9CD6FFFFFFA4D521
63FFADFF82FFB1FF1F9872D39BAB41FF
48865CFFFFFFD1FF45EDBEFF83FF2ED9
FFFFFF8AFFFFE3FFFFFFD8FFFFFFFFD2
FFC5C9FFFFFFFFA0FFFFD892CAFFFFFF
FFD4FFD06197FFFFFFFFFFFFFFFFE2FF
B0FFFFFFFFFFFFFFFFFFFFCBD8FFFFFF
FFCBB7FFFFEFFFFF41FFFFFFD7FFFFFF
FFCDFFFFFFFFA1FF4BD362FFFFABFFFF
FFFFFFFFFFFFFF8F3EFFC4FF75FF79FF
7914FFFFFFFFFFFF82FFFFC8C1FFDCFF
FFFFC8EA5C69FFFFFFFFFFFFFFFF0000
CCFFFF8798FFFFFF5EFF77FFFFFFFFFF
FFFFFFFFFF2FFFBA66FFFFFF81FFFFFF
FFFFFF5E7FFFFF9CFFB3F6FFFFEAFFFF
FFFFFFFF9161FFFFF466FFFFB8FFFFFF
FFFFFFB5FFFFFF58FFFFFFFFFFFFFFFF
A5FFABFFFFBEFFFF3BFFFFEDFF65FFA5
FFFFFF475BDCFFFFFF7AFF4156FFFFFF
FD97FFC1FFFFFF83FFFFFFFFFFFFFFFF
FFFFFFFFBCFFFFFFFF14FFFFFF87FFFF
BFFFFFC3FFFFFFFF8FFFE99EFFA7FFDF
399B46FFC8FFFFFFFFFF7FE2FFFFFFEC
8847FFADFFFFFFDCFFFFFFFFFFFFF6FF
FFFFFFFFFFCDFFC0FFFFFFFFFFFFFFFF
AC14FF7AF9FFE5FFFFFFFF8666E6FFFF
C8FFFFFFFFFFFF6FFFFFFFFF2FB0FF32
FFFFFFFFFFFFD5FFFFFFFFFFFFFFFFBA
FFE8B2FFFFFFFFFFFFFFFFFFFFC9FF88
FFFFFFFF0CFFFFFFFF7AFFFFFFB0FFFF
F6BAFFFFD4FFFFFFFFF8AC6DFFFF96FF
FFFFFF5AFFFFFF59FFFFFFFFFFFFFFFF
FFFFF1FAC6FFFFFFFFFFFFFFFFFFA7BE
FFFFA2FFFFFFFFFF97C0FFFFFFCAFFA3
72ACF9FFFFFFFFFF8830FFFF63D3FFA6
FFFFFFFFFFFF83FFFFFFFF48FFFFFF37
FF50D2FF86FF8FFFFFFF42ADFFFFEFFF
FFFF7BFF8072FFFFFFD0FFFFFFFFFFFF
90FFFF4AFFFFFFFFFFFFFF966A79FFFD
FFFF74FFFFB9ACFFE2FFFFFFFFFFE15F
FFFFA5C0675B91FF9DBFFF9DFFFFFFE3
30BCFFFFFFA294B4A4AEFFFFFFFFFF72
FFFFF4FF76FF4C5BFF60ECFF676CB1A6
94FFCF637AFFFF90FFFF46FF9D890000
FFFFCDFFFFFFFFBCFFFF38FF639CFF79
FFFFCDB49EFFFFFF77A4E53BFFFF1BFF
FFFFFFEBA589FFFFFFFFFFFFFF76FFFF
F9FFFFD522F7C3FFFFFFFF79FFF1E7FF
FFD98CB95B9FC4FFB3FFFFFFFFFFFFFF
C6B895FFFF9BFFFFFFFFFFFFFFFFFFFF
FFE0FFE6E1FFD5FFF09EFFFFFFFFC1F7
CCFFFFACC79AECFFFFD69BFFFFFFFFFF
FFFFFFFFF4F3FFFFFFFFFFFFFFFFE2B4
A6C9FFEA987C98CAFFDEFFD9FFFFFF66
FFCDD69456FFFFFFFFFFFF22FFFFFFB8
4298B7FFFFFF6391ACFFFF20ECFFB6FF
FFAF59FFFFFF44C0FFFFFFFFFFFFFFFF
FFFFFFEEFF1DEF43FFFFFFFFA4FFE56F
D25EFFFFFFFFFFFFCCC4FFFFA9BDA0FF
FF73CAFFFF5BFFFFA7FF55FFFFBF4BFF
FF74FFF3FFFFFFFFFF37AFC2F9E0FFFF
FFFF99FFFF92FFFFDFCE9DFFD5849BFF
FFFFFFDFFEFFB9FFFFA0FFD3FF8DEEC5
FFFFFFEFFF37BBFFFFFFFFD4D5FFFFB5
FFF8B533D2FFFFFFFF10FF65FF8ABBFF
FFFFFFFFA4FF46E2FF9E85C3FFFFFFFF
A1FFFFFF50FFFFFF657A7BCDA8FF7AFF
FFFFFFE494FFFFFF32FFDB60FFFFFFE3
FFDCFF89D4FFDFFFFFFFFFFFFF7CFFCB
FFABFF70FFFF92FFFFD6C7D9C7D9FFFF
FFFFFFFFFF56FFFFFFFFFFF2E6FFD9FE
FFFFFFFFFFFFFF5CFFA0DBFFBBFFFFBB
FFD7FFFFFFFFE68E79FFE6FFBBFFFFFF
FFC58BD8FFFFA0DFE273FF8EFFA8FFFF
9FECFFFFFFFFFFFFFF7571FF7F75FFF1
D8FFFF8FBDFFB790FFDA69FFFFFF0000
D7FFFF86FFFFFFFFFFB6FFFF8DFFA16C
FFFFFFFFFFFFBBFFFFFFF0FFFFC7F6FF
FFFF6BFFABC8FFCEC4FF89FFFFFFFFFF
FFFFFFFFEA79FFB25DFFFFFF91FFFFFF
FDFF0EF3E6FFD4FFFFFFA9FF9DC6FFFF
FFA5A5EDFFFFFFFFFFFFFFFFFFC1FFEB
FFFFFFFFFFD1FF70FFFFE0AAFFFFFFFF
FFDC37F1FFFFFF90FFFFFFFFFF84FFFF
FFFFFFFFE9A2FFABF9FF50FFFFFFFFFF
F9BDFFFF7DFFFFFFFFFFE0DBE466BCFF
D0FFFFCFFFA1FFFEFF49FFFD60FFFFD0
FFFFFFFFFFFF9AE472FFFFC19F8DFFB8
FFFFFF72FFFF67FFFFFFFF80D3FF6DCC
FF80FFFFA5FFFFFF4EC9FFFFFFFFFFFF
FFB5BAFFFFFFDE98FFFFCA7BC6FF4AFF
FFD1FAA6FF5BFFCEE0FFFFFFFFFFFFFF
FFFFFFE4FFFFFF4CFF24FFFFD1FFF78C
8EFFFFFFFF83FFFFFFBEACFFFFFFFFFF
FF46D2FFFFE152F154F8FFB6FFFFFF90
FFFFFFFFFF8416FF5D90FFFFFFFFA6FF
AEFFFFFFE1FFF6FF78FFFFC48FFFFFB2
FFFFFFFFFFFF5C7EFF43FF9DFFFFFFFF
A85A66FFFFF4E5FF5008FFFFFFFFC5FF
FFFFA8FF93A2EFFFFFFFFFEDFFFFFFFF
99FFB2FFE7FFE3FFFFFFFFE5FFFF98FF
46FFFFFFFF7DFFFF6DE4FFEFFFFF84FF
FFFF3043FFFDFFD28CFFFF9052FFF9FF
FFFFFFFFFFFFD9C4FF9291FFFFFFD092
A31AFFFFFFFFFFFF9AA7E1FFFFFF12FF
FFFFFFFFFFFFFFFFDB88FF09FF2216FF
734AFFFFFFFFFFFF8F84FF78FFFFFFFF
FFFFFFFFABEDFFFFFFA7C16AFFFF0000
FFBFFFFF55731CF39EFFFFFF96FFFF9D
A6FFFFFFCAFFFFFFFFFFF9FFFFDAFC88
73FFFFFFFFFFFFA3FFFFFFC1FFE66E5D
FFFF59E2FFFFFFFFFFFFFFBDFFFF7FFF
E6ECE4FFFFFFFFFF36FFA6FFFFFFFFFF
F1FFFFFFFFFF8FFFB6FFFFFFFFFFFFFF
FFFFFFFFFFB7FF63FFFDFFFFF0FFFFFF
29F2FFFFDA9AFFBAFFFFFFFFCD13FF46
FFFFFFF2FFFFFFFFFFFFFFFFF5FFFFFF
FB6BE2FF8DFFEDC1AEFFBCFFFFFFFFFF
FFFFFFFFFFFFFFFFFFFF98FF89FF5BFF
DE77FFFFD6FFFFA0C7FFFFFFFFFFFBE6
3EFFFFFFFFA9E9B8FF73B7DED2FFC584
F5FFFFFFFF754979FFFFEFFFFFFFCB4D
FBFF66FFFFFFFFFF5FC0A0A181FFFFFF
FF9B9CFFFFD8FFFFFFFFFF43FFFFFFFF
FFFFF7CBBF979EFFFFFFFFE9FFFFFF54
8BFFFFFFFFFFFFFFFFCC7FFFFFFFFFFF
FFB9B5FFFFFFFFFFFFFFFFFFFFFFFF36
FFFFFFD0FFFFFFFFDCFFFFFF71FFFFD0
F2FFFFCC69FCFFFFFF15FFFFFFFFFF8F
FFFFFFFFFFFFFFFFFFFFFFFFFFFFFFFF
6AF7F3E2FFFFFFFF993FFFDAFFFFF3FF
E5F2FFFFFFFFFFFFD953FFFF83E2BB93
FFFFFFFFFFFFFFFF56FFC9FFFFFFAFFF
FFD4C9FF7DFFAAFFFFFFFFFFFF3BFFFF
FFFFE88FE8FFF292ACFFFFA3FFFFFFFF
FF9FFFBFC4FFFFFFD551DDFF6AC6FFFF
67A6FFFFBAFFFFFFFFFFFFFFFFFFD4FF
EAFFFFFFFFFFFFFFFFB8FFFFFFFF6FD0
F2FFFFFFD0FF31FFFFFFFFFFFF0CB2FF
FF95FFFFFFFFFFFEFFFF6D88B61A0000
7AFFFF2DFFEDFFFFD4FFFFEF93FFFF9C
FFFFFFFFFFFFA4FFFFFFFFFFFFFF288B
BF9AFFFFFFFFFFFFB9FFE63FFFFFFFFF
FF8DFFFFFFE5FFFF2DF0FFFF45FF52B2
BA64FFFFFFF199FFFFFFFFFFFFFFFFFF
B2FFFFAFE9FFFFFFFFFFFFFFFFC6FFB4
FF67FFFFFFFFFFFFFFA4FFFFFFFFFFFF
FFB6FFFFFFD6FFFFCF99C3FF81E9FFFF
FFFFCFFFFFD6FFFFFFFFFFFFFFFFFFFF
FFA0FFFFFFFFFF41CBFFC9FF6BFFFFFF
FFFFFFFFDAFF6FA456FFFFFF40FFFFFF
FFFFFFFFFFFFFFFFFFFFB3C455AEFFF8
86605EFF94FFFF55FFFFFFFF88FFFFFF
E6FFFFFFFFFFFFFFDFE5FFFFFFFFAE9F
FFF3FFFF63D8C7FFFFFFFF6E92FFFFFF
E9C5FFFFFFC7FF44FFFF3EFFFF44B3FF
FFFFF5FF78BB4AFFFFFF44FFFFFFE8D4
FFD28FFFFF4BD9FFD2FFFFFF67FFFFFF
86FFBFADFFFFFFFFFFFFFFA158C8FFFF
FFFFFFFFFFFFFFFFC7F3CAFFFF4FF2A7
95FF9CFFFFFFFFFFFF9BFFFFFFFFAC3A
89FFCDFFFFFFDDFFFFFFFFFF8193A0FF
FFFFFFFF69FFFF430CFFFFFFD2FFFFFF
E9FFFFCEFFFFFFFFFF2DFFFFFFFFFFFF
FF9EFF90FFBDFFFFFFFFFF80FFB7FFFF
FFFFF5FFFFFFFFFF47C7FFFFACFFFFFF
E8FFFFFFACBBF4FF72FFFF9DFFFF5BFF
FF7AFFFFFFFFFF3C9D7B61DDFFFFE6FF
FFF6FFFFDEFFFFFFFFF0FF44FFFFFF49
5371FF82FFFFFFFFFFB6FFFFFFFFFFEC
7FFFE2FFFFFF97FFFFA1FFFFC3FFF888
FFFF56FFFF77FFFFFFFFFFB9FFFF0000
FFFF6CFFFF76FF4BFFFFFFFFFFC1FFFF
FFFFFF3A53DDFFFFFF7AFFFFFFFFFFD8
EEFFFFFFFF57FFFFFFFF8C7AFFFFFFFF
FFFFB3FFFFFF33E86BFFA1A1FFF13247
A8CBFFC7FFFFFFFFDCFFFF35FFFFFF7B
FFFFFFFFCEFFDAFF54FFFF35EFFFFF89
FFFFFFFFFFFFA1FFE9FFFFFFFFFF2BFF
FFFFFFFFFFFFFF902322A9ABFFABF834
FFFF6AFFFFFFFFFFFFFFFFFF9DFFFFFF
CAFFBD49FFFFFFFFFFE86279FFD3FFFF
FFFEFF9BFFAEFFFFFFB4FFFFFFFFFFF1
FFFF97FFFFC1FFFF67FFFFFFFFFFFFFF
7679C3FFFFD8FFFFFF87FFFFE7FFFFFF
C0C09AFFFFE68B6DFFFFFFFFDB1A9B6B
FF39FFFFFFFFFFFFFFFFFFC830FFFFFF
4C8C96CCFF8BF4C4FFFFBBFFFFFFFFFF
FFFFFFFFEFBD14C0FFFFFFC3FFE9F5FF
FFD4FFB3E2A0FFFFFFFF6FFF3CFFFFFF
85BAFFFFFFDDFFFFFF8DFFAC9FFFD9FF
2E97FFD73163FFB8EFFFFFFFA793EE97
FF89A5FF5F62FFFFFF39FFFFFFFFFFC1
FFFFFF228CFFFF6CFFFFFFFFDEFFFFFF
FFFFFF50FFE40D2C90BBFE6CFF6DFFFF
5EFFFFFFF4FFFFFFFFFFFFFF60FFFFFF
FFFFFFFFA82DFFFFFFC73CB4DFFFFFE9
E0C0FFFFFFFF68FFFFFFFFFFFF788DFF
FFFFFFFF5FFFFFFFFFE2844CFFFFFFFF
FFFFFFE8FFFFFFFFFFFAFFFFFFFFFFFF
C9FF9173D9C5FFB4FFBC95FFFF37D5FF
F0C4FFB3FFFFF5FFADFFFFFFFFA8EAFF
FFF98F7AFFFFC0FFFFFFFFD2FF66E8DF
BECBE3C4FF63FFFFCAFFFFFFE2FF0000
FFFFFFFFFFFF8AFFFFC5FFFFFFFFFFFF
ADFFFFFFFF6AFFFFFFFFFFFFFFFFFFFF
FFFFEDE0F9FF9DFFFFA77CFFFFFFFFEB
BFFFFFFFFFFFFF68D2FFFFFFFFFFFF62
BCDDFFFFFFFFA9EAFFFFFFFFBAFFFFFF
FFFFB9FFFFFFFF8AFFE281FEFFFFFFFF
FFFF55C7F0FF2FFFFFFFFFFFFF8AFFFF
FFFFFFC5FF7FFFFFFFFF8BDE95FF54FF
80FFFFFFFFFFFFFFFFA1FFFFFFFFD0D5
FFFFFFFFFFFFFFFFFFFFFFFFFF9DFFC1
D8FFFF8AAFFFFF57FFFFFFFFFFEDFF57
FF3EFFD1FFAAFFFFFFFFFFEA4199FF79
FFD6FF97FFFFFFFFD1FF44FFFFD2FFFF
FFFFFFFFFFFFFF5BFFFFFFFFD4FFFFFF
A2D967FFFFFFFFFFFFFFFFFF9760FFFF
F4CE9681B7FFFFFFFFFFFFFFBFFFFF9E
FFFFFFFFFF3ED6C8FFFFFFFFFFFFB7FF
EABD8CFF4CFFFFAEFFBEB397FFFFFFAA
B0FFFFFFDFE8FFFFFFBDFFFFFFFFFFFF
FFDBC6FFFFFF565CFFFFFF1148FFFFFF
FFFFFF8BFFFFFFFFFFFFFFFFFFFFFFBF
FFEDFFECFFFFFFF4D5FFFFC2C0AA8EDA
FFFFFFFFFFFFFFFCE3FFFFFFFFFFFF8D
FF48FFFFFFF6D142FFFF4DFFFFFFFFFF
AAFFFFFFE7F655E9FFA8A4BFFFFF9CFF
FFFFFFFFFF46FF8EFFC9ADFFFFFFFFD2
FFFFFF5D93FF2FFF5EEFFF36FFBBFFFF
FFFFFF77FFFFA2FF70FFFF5AFFFFFF1F
6269FFFFFFFFFFFFFFADFFFFCDFFFF83
FFFFFFFFFFFFFFFFFFFFFFFF6DFFF2FF
FFDEC9FF58FFFFFFFFFFFFFF73FFFFC0
FFFF3942FFFFFFCA18FFFF26FFFF0000
C7FFFF27FFFFFFB0FFFF72FFA5FFFFFF
FFFFFFFFFF9857FFFFFF71D18BFFFFFF
1AFFFFFFA1FFE5FFFFE8FFFFFFFFFFFF
FFFFB4F21BFFFFF0FFFFFFFFFFFF6F80
FFFF92FFFFFF14FFFFFBFF64FFFFF0FF
FFFFCDFFFFBAFFFFFF8DFFFF0C93FFFF
FFD4FFFFFFFF397DFFFFFFFFFFFF5CFF
0AFFA5FF29FFFF564F9FFBAEFFFF9CFF
96F6FFFFFFFFFFFFCBFFFFFFFFFFFFFF
FFC2FFC0FFC4FFFFFFD7FFB11CFFFF23
FFFFFFFFFFFFB2FFE89DFFFFFFFFFFFF
FFFF44FFFF85FFFFFFFFFFCAEBFFBDFF
77FFE4CBFFFFFFFFFFFFFAFF76FF8E35
FFFF6EFFFFFFFFFFFFF6FFFFFFFFB9D3
FFFFFFFFFFAB7BFFFFFFFFFF59DCFFFF
CECAE9FFFFFFFCFFFFF634FF80FFC4F2
FFFFFFFFFF75B1FFFFFFFFFFFFFF51FF
FF9FFF6EFF9099FFC7FFFFFFFFDCFFFF
FF7B14FFFFFFFFFF7CFF56FFFFFFFFFF
FFFFB5FFFF9FFFFFFFCEBAFFFFFF32FF
FFFFFFB5FFCFFFFFB2A3D4FFBCFFFF97
FF79FF75FF85FFFFFF12FFFFFF8FFA24
FF3CFFFFFFFFFFFFFFFFACFFFFFFFFBB
FF21FE1DD23BFFFFFFFFFFFFFFA0FFFF
FFFFFFAB5AFFFFFFDED4FF80FFFFD068
39FFD4B0BCCFFFFFFF59FFFFFFFFFFFF
FFFFFF13E4FFFFFFFFA9FFFFFF3B77FF
FFFBFFD48BFFFFFFFFFFFFFF91FFFFFF
99879BFFC2FFFFFF9FDDFF176EFFFFFF
F9FFFFB5DADAFF4FFFFF83FFFF3FFFF3
FFC1FFA7FFFFFFFFFFFF89FFFFACFFDA
FFFFB6B7FFFFFFE0FF2EFFFFFFFF0000
FFFFFFFFFFFFFFFFE5FFFFFFFF99FFFF
E1FFFFFFFFFE3EFF9DFFFFFFFFA7FF55
AEFFF17641FF44FFFF1CFF8CFF93FFA8
FFCC55D4FF3DFF6F5ED6B6FF6FFFFFFF
FFFF8CDF30FFFFFF84FFFF6CFFB9FCFF
FF91FFFFB3FFBDDAFFFFFFFF8772FF14
34B4FF85FFFFFFE4B9FFE6FF65FFFFFF
FFFFF1FFFFFFFF65C3FFFFECFFFFFFFF
F9FFFF94FFE873FFFFFF88FFFFFFA3DE
7DFFFFC97ED6F5E1FFFFFFFFFFFFFFA7
FFFFFF30FFF6D9FFFFFFFFFFFFFF4F41
FFFFFFFFFE9B3F754B44FEFFFFFFFFC0
9AFF855DFFF2DB55FCFFE3FFD9FFFFFF
FF8F5FFFFFFFFFFFFFFFFFB419FFFFFF
FFFF55FF74164EFFFFA0FFFFFFFFFFFF
FFFF98FFFFC4FFFF4D367F6EFFFFCA9B
D4FFFF9375FABBBCB2FF5FFF6AFFFFFF
E499FFFF7FFFFFE8FF58FF7848B997FF
CDFF82FFFFFFFFFFC4FFFFFFFFFFFFFF
FF24FFEFFF48FFC1F4C5FFFFFFFFFFFF
FFFFA2FFFFFFEFFFFF8894FF6940FFFF
FF18FFFFFF54DFFFFFFFFFFFFFFFFFFF
C2FFFFFFFFFFE9FFFFFFFFFFFFFFFFC3
AFF3FFACFFFFFFFFFFFFEAFF70FFFFFF
67C6FFFFE185FF4CFFB3FFB8FF10B2FF
18D93FC9FFFF80FFFFFFCBFFD4E8FF96
FFFFE8FFFFB0FFFFFFEEFFFFFFFFEFFF
A8A3FF2B8B4DA8FFFFE878FFFFE3ADFF
F4FFFCFFFFFFFFFFB0FF92FFFFFFFFCD
FF4CFFFFFF95FFFFFFFFFFFFE0FFFF70
FFFFFFFF51FFFFFFFFFFFFFFF9FFFFFF
FFC9FFFFFFFFFFFFFFFFFFFFFFB90000
FFFFFFDEFFFFFFFF6611FDFF29FFFFFF
FFFF7CFFFFFF4FFFFFFFEBFFD04BFFFF
FBFFFFFFFFDFFFFFFFFFFFB9FFFF7392
FFFFFA97FF81FFFFFFFF5ADFFFD251FF
FFFF2CCFC3FFFFFFFFFAFFFFFFFFFFC0
62FFB3B2ABFFA495FFFF9C5C9DB7FF54
32B4CDFF58FFFF5BFFD5FFFFFFFFFFFF
D5C4FFA4FDFFFFBCFFECE4FFFF48FFFB
FFFFB9FFDB5FC98186CEFFCF88EA7EC5
6BC1FF69FF6EFFFFFFC1379EFFFFFFFF
FFB396B7FF51F16AFFDB81FFFFFFFFFF
FFFF3AFFFFECFFFFFF86FFFFFFAEFFFF
ECFFFFFFFFFFFFFF2AFFFFFFFFFFFFFF
FFFBFFFFFFFFFFFFFFFFFE8BFFECFFFF
FFFFFF42BC306CFF78B5FFFFFFFFFFFF
FFFFFFFFB8FFFFFFFFDFA5FFFF89FFFF
FFFFFFFFF97673FFFBFFFFFFFFFFFFE6
FBFFFFFFF2FFA5FFFFFFFFEBFFFFFFFA
FFFF87FFFF8E8EFF4EFFFFFFE6E7FFFF
FFFFC8FFFFFFFFFFFFF25FFFFFFFFFF0
FFFFFFFF5E556B98F4318CFFFFFFFF89
FFFFFFFFFFFF83FF46FFFFFFFFFFFF2B
FFEBFFA0FFFFF9FFFFC2FFA015FFFFDF
80FFF3FFB6FFFFFFFFFFFFFFD0FFFFFF
E1FFFFFF43FF5FFFFFF2B1FF47FFDEFB
9AFFFFFFFFFFFFFF77FFFFFCB1ECFFE6
FFFFFFE9FF3B86FFFFFFFFFFFFE3FFFF
D8DEFF74FFC456FF6FFFFFFFA46BFFFF
E6A1FFFFBDFFFFDAFFFFFFFFFFCD94FB
FF8133DAFF28FFA5FFC8FFFFD1FF48FF
FFFFFFFFFFFFFFFF40FFFFFF7BD43CFF
1F33FFF6FFB6FFFFFFA6FFFFFFFF0000
FFFFFFFFFFFF24FFFF46BD4CEAA0AB70
FFFFFFFFFFFFC5FFFFFF36FFE0FFFFFF
FFFF4C78FFEBFFFF936DFFF1ECFFFDFF
A4FFFFFFFFFFFFFFAAFFFFFFE0FFFFFF
9176FFDBFF9BFFFFFFFF5BFFFFFFA0D3
FFFF83FFFFFFFFFFD7FFFFFFFFFF90FF
22F3FFFFDBD7FFFFFFE0FFFF91D3FFFF
E0E5FFFCFFFFFFFFA6FFFFFFFFC2FF7C
FFFF68FFFF77FFFFCAFFA39232FF2BFE
FFFFA3FF35C2CDA1B0FFFFFFFFFFFF97
D3C3FFFFFFE5FFFFFF2AA785FF4ACCFF
5AFFFFDDDCFFFFD8FFFFACFFFFFFFFFF
7BD8F72DFF4A757FFFFFA68DFFC74CEE
BCFFFFFFFFFFFFFFFFBFFF80FFFF68FF
FFFFB35AFFFFFFE3FF88F4FFFFFFFFFF
959482FFFFFF754A6EADF6FFFFFFFFFF
9466FFB7FF7919D28EF4FFBAFFEAFFFF
FFFFB2F3CE9EFFFFFFB8A2FFFFF0FF82
83FFFFFFC75AACFF4CF6FFFFFFFFFFA2
AFFFFFFF6FFFFF1DFFFFE9CFFFFFF1FF
FFFFC5FFFFFFF599FFBDFFA8F2DDFFFF
86FFFFE8A7FFB33ED7FFFFFFFFD1FFFF
FFFFFF9150FFFFEFFFD0FFAECAFFFF79
8DFFAAFFFFFFC6FF84FF6590FFFF87FF
FFFFFFFFEFFFD6C8FFC2FFFFF8BCFFFF
FFFFBEFBFFFFFFFFFFFFADFF9EFFF1E3
FFFFFFA6FFA4D1FFFFFFFFFFFFB66AFF
FF81FFFFBCFFFFFFFFFFFFF3FFFF73E2
FFFFDFFFFFFFBBFFFFFFFFC1D7FFF1BE
4EFFFFFF41FFFFFF76FFFFFFC6FFA1FF
FF67C4D4FFFFFF9FE7D3FFFFFF58FFFF
83FFFFFFFFFFFFFFFEFFFFFFFDFF0000
FF82FFFFFFEF82FC8CCCFFFFBAFFFFFF
BEE6C4FFFFFFFFFFFFFFFFFF8EFFFFFF
FFFF569FD1FFFFFFFFFFFFB9CD84D3FF
66FFFFFF9163FFFFFFFFC5FFFFFFFFFF
76BA9BB3FFFFD977EBFFFFDDFFFFFF5C
FFCAB2FFFFFF48EBCCFF2BA4FFFF9AFF
FFCBFFFFDEFFFFFFFF73FF8BFFFFDCFF
FFFFFF6068ECBCFFFFFFB888A4E9AEE5
FFFFA8FFFFE7FFFFA1F5B5FFFCFFFFFF
FFFFFFFFFFD8FFFFDCFFFFFFFFFFDBB2
7A66FFFFFF2BA9FFFFFF5374FFF5FF42
FFFFCBFFFEFFFFFFADFFF4FFFFFFFFFF
F0FFFFCFFFFFBDFFFFFF75FFFFFFFFFF
FFFF62E6FFFFFFFFFFFFE7FF7F23A5F8
FFFFDBFF8F8747FFFFFFFFFFFFFF8FFF
FFFFFFE3FFFFDEA72F90FFAAFF8D6BC8
FF98D7B4D1FFFFFFFF98FFE7FF07C3FF
6EFFFF49FFFFFFC5FF9EFFFFB7A9FFFF
2AFFFF9BB3FFFFFFFFA0FFFFFF5296E6
30A7790675FFFFFFFFFFFF6BD8FFFFFF
EFFFFFFFFF74FFFFFFFFFFE5FFFF4AFF
6BFFFFFFFFFF41FF45FFFFFFFFFF8AFF
FFEC9F9076FFFFFFAE9C8967FFE3FF99
FFFFDAFFFFFFF3A3FFFFAC4DFFFFE4FF
FFFFB29CABFFFFFFFFFF1AFFFF37FF79
FFFFFFFFFFFFFFFF8FF4FFE3FF8EFFFF
FF7BFFFFFF94FF97FFA8FFFFE8D8FFFF
B16DFFFFFFFDAFFFFFFFDFCAFFFF63FF
FFEAFFFFC8FFF8FFFFFFFF33A6FFFFFF
FFFF8BFFFFFFFFFFFFFF7BFFFFFFFFED
9DFFFF50FF80FFF5C3FFFFFFFF98FFFF
FFE3FFFFFFFF42FFFF4499F958FF0000
FFFFFF9141C1ACFFFFFF56FF2C99E9FF
FFA8FF8ACC71FF67B9C9FF86FFFFFFAD
FFFF54FF6CFFFFDFFFFFFF49C3107167
EA50FFFFDDFFFFFF8146DAFF6FFFFFFF
E7FFFFFFEE26FFFFFFFFEBFFFFFFFFFF
FFFFFFFFFFFF7DFFD7FF42FFFFFAFDFF
FFFFFFFF8FD47FFF5DFFFF92FFFFFFFF
FF4EFFFFFFFBFFFFFFFFFFFFFFFF7CFF
FFF4FFFFFF35FF3F8CD6FFFFFFFFFFFF
B6FF3DFFFFFF86FFFF1FFF73FFFFA1FF
FFB4DFFFF3E7FFFFFF79FF79FFFFFFFF
FFFFFFFFFFFF5A568A72FFFFFFFFFFFF
FCD1B5FFFFFFF893EFFFFFFFFF64FFFF
D1ACFFFBF5FFFFDDF9FFE1FFFFFFFFFF
FFD8BFF8D7FF98FFFFFFFFFFFFFF87FF
D73CFF49FFFF99FFC5FFFFFFFFFFFFFF
FFFF6E7585FFFFFFE7FFFFFFFFFFFF29
FFFFFFFFFFFFFF87FF7FFFFFFF1FFFFF
97FF92FFFFFFDCFFFFFFFFFFFFFFEBFF
FFFFF64615FFFFFFCE8DB60D5BE9FFFF
C8FFFFFF7581FF669EFFFFFFFFFFE5FF
FFFFFFFFFFFFFFFF9BFFFFFFFF89FFFF
CBE3F0FFFFFFFFBE0F56FFF8F7E0FFFF
FF8BCC95FFFFFFE8FFFFFFFFFFF3FFFF
F5C4FFF1FFFFFF9CFFFF41FF42FFFFFF
FF247352FFFF13FFAAFFFF47FF9FFFFF
FFFFFFB5FFFFFEFFFFFFFFFFC0FFFFBC
FFFFFFFFFFFFFFFF57FFFFFFFFFFFF96
DCFFFFFFBFFF82FFFFFFFFFFFFFFFFFF
FFFFFFFFE6E4FBFFA7E5FFFFFFFF45FF
D3BAFF5BB686FFFFFFFFFF3BFFFF8523
FFFFFFFFFFFFFFFFC9FF8BFFFF830000
A3FFD27B3DFFFF33FFFFFFFFBDD1FFE8
FFFFFFFFFFFFFFFFFFFF0AFF81FFFFF9
FFFFFFFF83FFF7FFFFFFFFFF40A786FF
FFFFFF87C8FFACC7ABFFFFF9FFFFFFFF
D8FFB0AEFFCAFFFFFFD4FF5A8FF4FFF3
FFFFFFB0FFFFC2FF7BFFFFFFFFFF69FF
FFFF99FF427F78FFFFBC1C93FFFFFFF1
FF4EDAFFF3FFFFFFB84A49FFFFFFFFFF
FC4DFFFFFFFFFFFFFF58FFA1FFE153FF
FFFFFFFFFFFFC36261FCFFFFCDFFFFFF
FF33E6FFFF7FFFFF16FFFFFFFFFFDDEA
1AFF7CFFFFE7FFFFFFFFAED7FF48FFF2
FFA4FFFFFFFFC758FFFFFFFFFFB5FFFF
A0F389FFE0FFFFFFFFFFF6FF4DFFFFFF
FF545551FFFFEBFFFFCFFFFFFFFFA3FF
FF78FFF0FF40FFFFFFFFFFFFFFFFFFFF
CB7770FFFFFFA2FFFFFFA897FFFF34FF
FFFF669DFFFFFFFFFFFFFFFFFFFD28FF
FFFFACB2DCFFFFFF8AFF6AFFD8FFFFFF
F6FFFFFFC6FFFFFFFFFFCEFFFFFFF1FF
3BFFFFE7FF39FFFFFFFFFFFFB2FF1BB4
FFFFFFFFD7E3FFFFFF8AFFFF75A177FF
EFFFFFFFFF79ABFFFF52FFBAFFFFFFA7
FFFFFFFFFFA6FFFFFFFFFFFFFFFFFFB8
FFFFFFFFE5EDFFFFFF8AFFFFFF1B78FF
81FFFFFF305B57FFFFFFFF6EFFFABBE1
FFFF9CBCFFFFFE73FFFFE4FFFFC15EFF
B7D6AEFFFFFF99FFFFFFFFFFF9ACFFD3
FFF2FFFFFFFFFFFFFF42FFFFC5FFFFFF
FFFF155793FFFFFFEAFFFFFFFFFFCFFF
FFF2FFFFFFFFDED3FFFFFFFFFFAFDFE8
7162FFE9FFF657FFFACBFFFFFFFF0000
FFFF619BE7FFEBFF5879FFFFBEBDFFF0
FFFFFFFFFFC3F8FFFFEFFFFFFFDCFFFF
FFFFFFFFFFFFFFFFFFFFB4FFFFFFFFFF
FFFFFFEC89FFCAFFFFFFFFFFFFFF39FF
9DFFFFFF88FFFFFFFFFF8CBB54FFA3FF
FF8AFFFFFFFFD3FFCD2739BF6EFFFFFF
FFFFFFFFFFFF6BFFFFA99AFFFFFFFF9D
9C699626EB32D3FFFFFFFF9DFFFFFF6A
88FEFFFFFFD7FFB02359FFBAF9E1F9FF
FFFFFFE6FFFF58DDFFFFFF51FFF1FFFF
FFFF9CDFF8D3FFFFFF78FFFFFF23EFA8
FFFFFFFFFF41FF90FFFCFFFFFFFF10FF
B0FFFFCAFFFFFFFDFFFFFFFFFF4FFFA9
FFA1FF85FFB6FFFFBBFFFFFFFF7B5AD1
FFAEABB4FFFFFFFFFFFFFFCAFFFFFBFF
8C87FF74FF89FFFFFFFFFF9AFFFFFFFF
FF41FFFFFFFFFFFFFF4CFFFFFFFFFFFF
FFFF1A5CFF93F3FF766BCAA227FFFFFF
4DFFCFF4FFFFA2D3FFFFFFFFFFFFFFFF
FFFFFFFF61FFFFFFFF4DFFFFDEFFE8FF
FFFFDCFFD5FFF7849FE2FFEC29FFB5FF
FFC680FFFFFFFFFFFFFFFF94E086FFFF
FFFFEBFFFFFFC5FFFBFFFFB5FFA3E9C7
FFBCFFAAFFFFFFFFFFC9FFAAFFFF55FF
D5D0C0FFFF69CCFFFFFFFFA2FFFFFFFC
53999D6873FFFFD1FFFFFFFFE0E951FB
FFC972FFFCFFFFE3FF92FFFF6EFF44FF
FFFFFFFFAEFF7583FFFF41FFFFFFFFFF
FFFFFFFFFFFFFFFFFF8FBDFFFFADFFB1
FFFEFFFFDEFF20FFFFEAFFFFFFFFFFD5
BCFFFFFFFBFFFFFFFAD19B50FFFFFFFA
D7FFFFFFB3FFFF7BB0FFFFFFE4FF0000
427DFFFFFF94DAFFDC51FFFFFFFFFFFF
72FFFF94FF3EE7B4691EFFD7FFFF8039
6A44FFF2FF7997FFFFFFFF4FFFB89125
FF6BF3FFFFDFFF64FF4DFFFFFFFFEBFD
FFFFFFA475E5A2FFFFD4FFFFFF91D520
FFD770FFB1FFFFFF57FFFF4DDFECFFB1
FFFFFFFFECFFFFFFF9AA80FFFFC5ECFF
B75EFFFFFFFFABFF01FFFF848EFFFFB1
EF12DBFFD2FFFFFFFFFFFFFFFFFF7EFF
FFFFD6FFFFFFC4D6FFDAFFFFF9FFA8EE
74FFBBFFFFEBFFFFFFFFFFE6FFFFFFC2
F4FF48FFFFFFFFFFFFFFF1A44DD0FFC1
A4FF30F4FFFFFFFFFFFFFFFFFFEEFFFF
FFFFFFFFFFFFFFFF8FFFFFFF85FFFFFF
FFFFFFFFFFAAFFFFF6D4B785FFBDFFE9
48FF43FFFFFF74FFFFFF8FFFFFFFF186
50BAFF50ECFFF1BBFFF9E9FFFFFFD3FF
ADFFFFFFFFFFFFFF54F9DEEAC9FFFFFF
FFFFB9DEFFFFFFFF95FFFFFFFFFFFFFF
FFF8FFFF86FFD5FFFFFFFFFFFFFF83FF
A0FFFFFFFF78DDFFFFFFFFEEA0FFD1EC
A2AAE5FFE1FFFFABFFFFD6FFBD68F9C5
FFFFE788FFFFFFFFFFFF56FFFFFFFFFF
DCFFFFFFFFAE8DFFFF86714AFFFFFFE9
FFFFF1FFFFFFFFFFFFF4E7FFFFFFC29A
FFFFFFA887FFF6ECFFA9FFF1C6B13DD9
FFFFD4FF8EFFFFFFFFF393FF6AFFCDEB
FF82FFFFFFFFFFFFC9FFFFB4FFFFFDFF
D0FFFFFFFFFFB2FFF8FFFFFF35FFFFFF
FF7AFFFFF0B5CFFFA3FFFF3FFFCDFFFF
FFFF6FFFFF7A40FF77FFFFFFFF40FFFF
FFFFFFFFFFFFFFF260FFFFF0D8FF0000
FFFFFFFFDAFF649697FFFFFFFFFFFFFF
6A9CFFCDFFFFFFF2A667FFFFFFA3FFFF
FF80FFFFFFFFFFABFFEAFFFFFFFFFF2E
FF7BFFFFFFFCFFFF9FFF175D8EFFFFFF
4EFFFFFFFFDDC4FFFFFFFFFFFFFFFFFF
FFFFFFFF6557F0E5FFFFFF8FFFFFFFF4
E098FFFFFFFFE1FFFFE167FCFFE6B356
FF20FFFFFF45FF99FFFF98756067FFFF
C6FFFF9292FFD4A9FFFFFFE1FFFFFFFF
37D271CB98E3FFFFFFFFF4FFFFFF49FF
58FFC5FFFFFFFFC1B9E5DE4BFFFFFFFF
EEFFB2B4FFE2FFFFFF2FFFFFFFFFFF26
FFFFFFCBFF64FFD3FFFEFFFFFF28FFFF
FF1BFFFFFFFFFFFF7DFFFFFFFFFFFFA8
FFFFFFFFFF5EFFFF58FFFF42FFFFFF70
9FFFCBFFFFFFFFFFFFC1FFFF9E9BDDFF
FFFFFFFFFFFFFFFFFF65FFA9FFAEFFEF
FFFFA6FFFFFEFFFFACFFFFFFB054EFFF
FF82FFFFFF29FFFFFFCFFFFF97FFFFFF
FF5BFFFFFF4FFFFFFFF450FBDEFFFFFF
AAFFFFFFFFFFAFFFFFFFFF39B4FFFF78
FFE89BFFFFFFFFFFFFFFFFFFFFFFBA58
D6FFFFFFFFFFE3FFBFFFFFB4FFFFFF76
FFB3FFFFF7B0FFFFFFFF655AFF39FFFF
FFFFAAFFF5FFFFFFD0FFFFFFF0E1CD4D
FFFFFF7FE089C8D8FFC5FFE72DA6FFFA
FFFF46FFFFFF8DFFC5FF8BECFF76FFFF
FFFFE0FFFFE9FFFFB1ACFFFFB793AEFF
FFFFFFEBFF7AFFFFFFFFFFFEFFFFFFFF
FF88FFFFFFFFC481FFFFFFFFFFFF0EFF
FF7CFF90FFFFFF6ACCFFA3FFFFFFFFB9
FFFFFFFF53FFFDFFFEC797265D900000
FFFF4FC0FFFFFFFFFFFFFFFFFFFFFFFF
FFFFFF74FFFFFFFFAAB5A9BAFAFFB9FF
D5FFFFFF5EFFFFFFFFFAFF53FFFFFFFF
C390FFF5FFFF67D9FFFFFFFFFFFFFFA9
FFFFFFFFFFFF63C0FF8DF4B9FFFFBDFF
C784FA8DCF63CCB624FFE7FFFFFFFFFF
2CFFFF92FFFFFFFFFFFFE0FFFFFF8AFF
FFE2ABFFFFFFFF55D3FFFFFFFFFF69FF
FFEFFFFF34FF53FFC2FFFFFFFFFFACFF
48FFBDFFFFFFFFFFDAFFFFFFFFFFB0B6
FFB5FFFF56FCFF74FFFFADA6FFFFFFFF
C58D8EFF9AFFDED09B86FFFFFFFF3BFF
FFFFFFFFFF2EFFFFD0FFFFFF56FFB416
FFFFFFFFD38720FF88FFFFFFEB8FFFFF
A0FFFFFFFFB5FFFF28FFFFFFFFFFCE72
FFFF37FF38FFC6BEFFFFFFFF4F4FAA98
FFFF93AFFFFFB2FFFF8EFFFFFFFF2BFF
FF5BFF95FFFFFFFFFFFFFFFFFFFFFFFF
FFDCC14F6CFFB2FFFFFF64FFFFEAFFFF
FFFFB582FFF7A3FEFFB1FFCEFFFFFF62
FFFFFFFFFF8DFFC7FFFFFFFFFFFFFF2A
FFFFFFFF95FFFFFFFFFFFFFFFFFFFFFF
FFF0D8A6D9FF60FFFFFFFFFFFFFF90FF
7970FFFFFFFFFFC8A9FFFFF8FF84FFFF
D4392AFF3BFFFFF2FFFFF7FFFFFFFFFF
FFFFC5AFBFFFFF80FFC5FFE0D2F5FFFF
FF32FFFFFDFFFF4EFFB3FFFFFFFFD557
FFFAC9FFBCD199BBFDFFFFFFD3FF86FF
28C0F5FFFFFF93A7FFDEFFFFFFFFFFFF
FFFF74592978B2FFFFE9FFFFFFFFFF6D
FFB8FFA1FFFFFFFF3572FF43FFB3DCFF
FFFFFFFFFF95FFFFF18D92FD4FFF0000
FFFFFFC3FFFFFFFFFFFFFFFFFFFFFFFF
FFFFFFFFFFFFFFFFFFA7FB91FFFFFFFF
FF9CADCAFFFFC6FFFFFF8CFF762285FF
DFFFFFFFFF2A76FFFFFFEAA5C6FFFFFF
C1FFFFFFFFF4FFFFFFFFFFFFFFFFFFFF
F6FFFFFF5CBB79FFFFFFFFDEFFFFFFFF
FFDDFF36FFAD27ECFF4CFFFF8FFFED91
38B1CAFFFFFFFFB2FFD6AE706AB78DFF
FFFFFFFF89FF8BFFFFFFA3FF93FFCBFF
81A3FF2BFF447988FF26FFFFFFFFFFA7
4EE1FFEB3AFFFFFFFFDBFCAFFFFFFF84
F4FF42FFFF13FFFFF2677EB7FFFFBFFF
FFEE63DA4FFFFFDDFFEFFFFFFFFFFF97
FFFFFF5EFFFF5DFFFFFFA8FFFFFFFF6A
FFFFFFFFFFFFFFFFFFDFFFA838FB9660
FF3CFFFFBFFFFF5ACAFFC4B4C19BB3FF
B2FFFFFF3472FFFFFF9DFFFFFFFDFFAD
FFFFFFFFFFFFFFFFFF7397FFFFFFE9FF
FF8AFF78D3FFC2FF9AAAFFFFFFFFFF9F
FFFFFFFFFFFFFFFFFFF45CFF64FFFFDF
FFFFFF78FF26CDFFFFFFFFFFFFFFFFFF
FFFF87FFFFFF72FF93F0FF86FFFFCCD8
FFFFFFFF81E6FF634CFF1FFFFFFF4AFF
11FFFF7CFF4EFFFFD926FFE5FFE6FFFF
FFE5FFFFFFCEFFD1A7FFFFFFFFD68D5C
FF2D6BFFD7FFF0BAFFE52584576AFFFF
FFFFFFFFC1F2C4FFA8FFFFFFAFFFFFFF
FB5DFFFFFFFFFFFFB7C8FFFFA3FFFFE7
9FE8617B65FFFFB4FFFFFFFFF8FFFF96
FFD2FFA5FD50FBFFFFFFFFFFFFFFFFFF
7617FFFFA9D5E7BFFFFF9EFFC3C2FFBD
1AFFFF2A5FFFD5FF7CFFFFFFFFFF0000
FFFFFF9A8AFFFFFFFF80FFDBFF77FFFF
FFFF1FA3FF76FFFFFFFFFF68FFFFFFFF
A9A0FFFFB0FFFFFFFFFFFFFFFFFF3AFF
FFFFFFFFFFA854FBFFFFFFFFFBC418FF
FF6EFF4C49E881FFFFFFA2FFFFD1E6FF
FFFF3CFFFF2BA4FFD9FFFFE570FFFFFF
FFFFFFFFFFF36FE8B3FFFF614F78EC80
FFFFFFC3FFFFFFFFEFFFFFFF677AFFFF
FFF533FF8FFFA4FFFFFF74FFFFF4A6A0
FFFFFFFFFF62C5E292FFFF38FFFFFFFF
ACE7FFC5E0FFFFFFFFFF71FF7AEC9926
FFFFFFFE96FFC2FFF1FFFFFFFF9BFF8C
2DFFFFFFFFFF5FFFFFB8AFFFFFFFFFFF
AA673ABDFFFF7BD8FFFFFFFFFF997DFF
FFFFF4B8E47BE5E9FF9C40DAFFFFFFCE
F2FF9BFFFF42C757DFFFFFFFFFFFFFFF
FFFFFFFFF1FF6AFFFFFFBA594FFF9F9C
FF62FAFFFFFFFF8BFFFFFFFFFFFFFFFF
FFFFFF7CFF8B7FFFE888FFFFF9FFA1FF
FF5DFFF3FF7EFFFFFFFFFF9CFFFFF3FF
FFFFFFFFFF95C0C7FFFFE3FFFFFFD2FF
FF839CFF8EFFEC9DC7FFFFFFFF96E5FB
DCFFFFAAFF26FDFFFFFF9EFFFFFF27FD
B4FFFFFFDF77FFB8FFFFFF9AFF2AFFFF
D9FFFFFF36FFFFFFFF9EA29C658E56B8
FFD799FFC9FF546EFFB5346C56FFFFFF
FFF5FFF1EDFFC0FFD6FFAD51FFFFFFFF
8D95FFEEFFFFB8FFF3FF18FDFFFFFFFF
FFFFCC71E6FFFFB4FFFFFFFFFFFFEA63
FFFF49FFFFFFA7EDFFFFF6B372EFFFFF
FFFFDB42FFFFD7FFFFD0FF42FF64F1FF
FFCE519CE2FFFF74FFF9FFA8E66B0000
FFFFD6FFFFFFFFFF47FFFFFF83FFFFFF
FFFFFFC4B6A295FFFF2556FFFF72FFB1
5F15FF21FFFF84B7FFF0FFFFA9FFBFFF
FFA85FFFFFFFFFD1FFFFFFCCD7DA338E
FFFFE7BAD4FFFFFFFFFFFFA9DE7BFFFF
FFDEFFFFFFCEFFBAFFFFFFFFFFFFDCFF
FFA4E6FFFFC5CFFFE4FFD2F663B9F3FF
FFFFFFFFFFC8FFFFFFFFD0FFFFFF53FF
FF7283FFD5F9FFFFFFFF8FFFFFFFC6FF
F7FF3AA2FF92FFFFFFFFFFFFFFFFFFBE
61CFFFFFFFFFC4FFFFFFFFFFFFFFFFFF
FFFFFFA867FFFF92FFFFF764FFFFFFDE
B5FFFFFF98FFF0FFEAFFFFFFFFFFFFFF
FFFF84C4FF4FFFFFFFFFFFFFFFFFFFFF
FFFFFFA6E49089EEFFAEFFA783FEE797
FA29FFFF89FFFF6BBC9C7F7A6AF2FF87
FFFFD28C4184FFFFFFFFFF1AC875FFB0
FFD9CAC5FFFFFFD7FFFFFFB495FFFFFF
FF78FF87FFACF2FFFFC1F9CD8F49FFF5
FFFFFFFFFFFFFFFFFFA9FFFFB7CCBCE6
FFE398FFE0B67E928EFFC5A2FFFFFFFF
EA6D8FF6B1FF77B2FFFFFFFFFFFFFFFF
FFFFFFFFE6FFFFFFFFFFFFFFFF55FFFF
FFFFFFFED5BDFFFFC2FF66FFFFCD73FF
4DFF65FFFFFF79AD8BB2FFD0C4E3FFC8
FFFFA1FFC4FFFFFFFFE0E6CD99FFFFFF
FFFFE3FFFFCAFFFFC2543CFFFFFF706D
8DFFFFFFFFFF24FFCDFFFFFFFFFFFFFF
C7FFFFFFFFFFD7F1FFB8FFFFFFFFFFCF
FFFFD2FFD0DFFFADFFFB57FF6EFFFFD1
FFFFF635FFFF98FFFFFFFFFFC856FFFF
FFC08C60FFFFFFF663FFFFFF8CFF0000
FF2EED8F45FFFFFFFFFFFFDFC9FFBAFF
FFC9C2FFF2CB6DFF64F4FFD7F5FFFFFF
A5A762FFFFFFFFFFFFFF9DFFFF85FFFF
7AE5FFFFBBFFBDFFFFFFFFFFFFC86A77
64FFFFC5FFAEC7F34FBFE1FFC36CFFFF
FFFFC7FFBEFFFFFFFFDAFFCFFFFFFFFF
6F4CBA582BF1FF83FF56CDB2B7FF5DC7
FF32FFFFE7FFFFFF7BFCEF7BFFFFFFFF
FFFFA1FF4BFFC8FF97FF93FF67FF92B4
FFF8756E48C9FFFFF1FFFFFFFFD6BFFF
FFFFFF3CFFFFBBCDFFFFFFFFFF5FA27E
FFFFFF71AEFFA4CCFFFFB789FF53FFFF
FF94FFFDFFFFFFFFFFFFFFFFFF96FFFF
FFFFFFC7FF9AABF6D9BCFFFFFFFF72FF
5EFEFF6ADBFFFFFFB1FFFF7FE599FF8E
9EFF18FFFFFFFFFFFFFFBCE0FFFFCAE4
FFFFFFA85BF4FFFFFFFFFFFFF819C4FF
FFFFFFDEFFFFFFEEFFFFFF77C3FFFFFF
56FFE0F86B8FFC5DF2FFFF9DFFFFFF7C
FFFFFF7430FF3E9AFFFFFF59FFFFFFFF
FFFFFFFFE7ED2FB95D80FFFFFFFFFF7C
FFFF20BAFFE5FF57FFFF84FFFF837441
2BFFE5FFFFFFFFEE9AFFFF85C366FFFF
FF76BC32FFFFAFFFFFFF6969E8B0FFFF
C3FFFFFFBCFFFFDAFC76A3FF75AD8D4E
17FFCBFFFFFFFFFFFFFFFFFFFF2BFFFF
12FFFFFFFFFFFFFFFF7DC8FFFFF4359E
F3FFFFFFFFCA7DFFFFA9FFFFFFFFFFA5
8DBFFFFF77DFFF28FFFFFF63F642FFFA
CFFFFFFFFFD0FF4DFFFFF6F284FFFFFF
FFFF87FF48FFFF8AFF44FF7B57F8FFE9
FFB5C2C8FFFFFFFF60FF8FFF7FFF0000
FFFFA0F5FFFFFFFFFFFFFF89D9FFFFFF
FF61C4FFFF33FFFFA1A067FFFFFFFFFF
FFFFFFFFFFFFFFFFFFFF50FFFD63FFC8
FFFFC8DBC4FFFFFF8EFFFFFF3BFFFFFF
FFFFFFFFFFFFFFFFFFFFFF4886FFFFFF
F4FF1BFFB7FFFFFF4091FFFFFFFFACFF
A6A2DBFFFFF1FFFFF3FFFFFFFFFFFFD8
FFE1E4FFFFFF47FFFFFFFFFFFFFFFFBB
91FFFFFFFFFFC9F0B3FFFFFFFFFFFFFB
E4FFFFFFD457FFFFFFFFFFFFFFFFCEFF
B8B04AFFFFFFFFBBB7FFFFA3FF4D6F26
FF6DB2FFFF6EFFFFFFFFFFFFFFFFEAC9
FFFFC9A1FFFFFFFFE8FFFFFFFFFFFF9E
DDFFFFFFFF86A39DFFFFFF76FFCFFF2E
FFAFFFFFFFFFFFFFDBFFA680919CFFFF
FF82E297FFFFFFFFFFFFFF6EFFFFFFFF
FFFFC467FFFFFFFFFFFFFFAEC9FF3DFF
FFFFFF78FFD3FF4156FFFFA5FFFF94FF
B8E0FF69FFFEFFFFFFFF9396FFFFFFFF
EAD5FFFFFFFFC6FFFFFFFFF3B0A0D5FF
FFFFFFFFDFFF7753FFFFFF98C5FF30FF
FFB3E353FFFFFFFFFF40FFBFFFFFFFFF
99FFFF5FFFA8FFFFFFFFFFA4CCFFFF84
F295543AA8B4CC6C98B6C7C8EBFFFFCB
FFFFBEFFFF11FFCCFFFFFFFF97FF77FB
FFFFFFFFFFC2BA559FFFFFD6FFFFA4E5
A9FFE3FFFFFF27FFFFFFFFFFFF3FB796
FFFFFFF8FFFF81B6FFBDFFB2C8FFFF26
4DFFFFFFFFFF6616FFFFFFFFFFFFFFFF
FFFFFFFFFFFFFF8AF8FFFFFFFFFFFF6F
FFFFE2FFF594FFFFEFFFFFFFFFB7DDFF
FF70FFB9FFFFFFFFFFFFE5FFF5FF0000
FFFFFFFFFFD397FFFFFFFFFFFFFFFFFF
99FFFFFFFFFC67FFFFFFFFFFFFFFFFFF
4DFFFFFFFFFFFF565E528A6DFFFFFFFF
FFF8FF39FF28FF65FFFFD6FF5DFFAC9B
FFFFFDF1FFFFFFFF8F3FFFFFFFFFF1FF
FFFFFFFFFF5A80FFFFBEFFC8FFFFB4FF
FFFFFFFFFFEBFF54FF9A97FFFF75FF6A
FFBDCBE6FFFFFFFFFFFFFFFFF4FFFFFF
FFFFFFE0FFDF7980FFFF95FFFFFFFFFF
FFFFFFFFFFE0FFFFFFFFFFFFB6FFFFFF
C78E5ECAFFFFFFFFFFFFFFFFFFF2FFFF
B9FFFFFF5FFFD2FFF2FFFFFFD1FFA543
FF4AFF8EE882FFFFFFFFFFFFFFFFC9E9
55FF45FFFF85CBFFFFFFFF51DFFFFFFB
7751FFFFFFFFFFFFFFFFFF8BB9B2FFFF
FF79FFFFFF28FFFFFFC9FFE6EAFFFF9A
FFFF8FFFFFE7FFFFFFE4FFFFFFFFFFFF
FFD0EEFFFFFFFFFFFFFFFFFFADFF40FF
EB88FFFFFF97C7DFFFFD70DEF781FFF2
CBFF91FFFFFF86FFFBFFFFFFFFFFDEC3
FFD5FFFF89FF4CF1FFFFAFE1FFFF98FB
FF16E4F7D9FFFFFFFFFFFFFFFFFFF7FF
7380FFBEE5FFFFFFFFFFFFFFF8FFFFFF
FF9AA479A970FFAE44BFFFFFFFFF71F4
E7FF75FFFFFFFF99FF1BFFF96FFF89FF
D1FFFFFF772BF5FFFFFFFFFFFFDFC6FF
FFA8FFFFFFFFFFFFFFFFFFFFFF615FFF
FBFCFFF8FFFFFFFF63FFFFFFDBFFFFCA
A7FFAAFFFFFFFFFF6AFFFFFFFFFF9A71
F8FFA7FFA95AFED6FFFFFFA1FFFFFFDD
FFFF9DFDFFFFFFE518FF2BFFFF0FD4FF
DEFFFFFFFFFF55FFFFFF7FFFFF900000
37FFA2FFFFFFFFFFFFFFFF6EFFFFFFFF
FFCA22FFFF3BFFFFFFFFFFB2FFFFFFFF
FFFFFF06C3FFFFFFFFA5FFFFFF43FFFF
FFB3FFFFFFFFFFEC9DFFFFFF6BFFFFFF
F58B8C92FFFFFFFFFFFFFFF3FF9CFFD8
FFFFFFFFFFCEAEFF91FFFFA5FFFFE3C4
E1CA9DFFFFE1FF8AFF78FFFF4FD7FFFF
FFFBFFFFFF75FFFFFFFFFFFFFF26DBB7
FFFFFFFFFFE3FFFFFFFFFFFFFF4CFFFF
598F7EFFFF50FFFFFFFEFFFFFFFF85FF
FFFF76FFDAFFFFFFFF5A2EFFFFFFFFBF
E4FFFFE17B8FE2FF1FFFFFFFF09886FF
FFFFFFA1FFFF86FFFFFFADFFFFFFB2FF
53FFFFFFFFFFFFFFFFFFFFFFFFFFFFFF
FFFFFFFFD2FF82FFFFFFFFF842FFFFA0
FFEDFFFF63ABFFB6BD7835DDFFFFFFFF
FFFF50FFFFFAFFFFDC73FF9DFF5CFFFF
CCFFFFFFFFDFFFFFFFFFFFF6FFFFFFFF
FFFF89FFFFFFFF9FFFFFBCFF68FFFF63
FFFFFFFF65AD5DFFFFFFF2FFD7FFFFAE
FFFFFFFFBFE9CEFFBFFFFFFFA5FFFFFF
8262FF7AFF9CFFFFFF9BFF36FFFFFFFF
FFFFFFFFFFFFF572FFFFFFFFF99CFFFF
FFFFD3FFFFFFDCFFFFFFFFFFFFFFFFFF
FFF5FFB4FFFFFFFFFFFFDEADF35EFFFF
FFF5FF268337FFFFFF70FFFFADFFFFFF
FFFFFF84FFFFFF6EFFFFFF89B697CDFF
FFFFABA5FFFFFF4FFF87FFFFFFFFFCFF
63B341F1FFFFFFFFFFFFFFFF6DFF8BB1
FFFF89E3FFFF26EE83FFFFC9BC3074FF
C5FFFFFF35FFFFFE3DE0FFFFFFDFFFFF
FFFFFFFDECFFFFFF79FFCB8EFF340000
A0FF4C84FF78CFFFFFFFFFFFFFFFE7FF
FFFFE56E5FFF49FFFFF926FFED313DFF
FFFFFFFF8AFFFFFBFFFFC6FFFF41FFFF
FFEBFF4BFFFFFEFFFFFF4DFF77FFFF7A
FF9FA2FBFF67951AFFFFFFD9FF76FFFF
8FA4FFFFFFFFC8FFFFC8752BFFFFD6FF
B38BFEF9FF8A74FF65FF6CFFF268E1FF
78FFBFFFB2FFCFFB7ECFE8FFB8FFFFFF
A0FFC6FFFFFFFFFFFFFFDDFFFFADFFFF
F6F0FFFFAAD5FF17FFFFFFFEDEFFFFFF
A1FF8AFFFFFFFF818D4BC9FF7EF7FFBA
E9FFDFDB9EADFFFFFFFFC2FFFFFBFFFF
FFFFFFFFFFFFFFFFFFFFE3FFFFFFFFFF
F2FFFFFFFEFFFFFFFFF4FFFFFFDDD285
98FF0EE5FF56FFFFFFFFFF8CB8FFFF9A
5C3EFFE7FFFFFFC8DDFFFFFFFFFFFF9E
AFFE32FFE7EAFF91EDFFFFFFF0FFFF42
D4FFA4E3FFFF9FFFFFFFFFFFFFFFFFFC
FFFFFFFFFF42FFFFFFFFFFD0FFFF7CBA
43ADCCFFB2BAECD1FFFFFBA1B709C7FF
80FFFFFFD4B7F8FFFFD6EF8EFFFFFFFF
FFFFFFFFFFFFFFFFFFB5FFFFFFFF6EFF
FAFFFFFFDCFFFFFFF1FFFFFFFFFCFFDA
F7FF89FFE3FEFFFFD3FFFCE7FFFFC3FF
FFF0FFFFFFFFFFFFFF7EFFB6FFFFB3FF
FF38FFFF8FFFFFB4FFFFFF74FFE6E9FF
FF9FFFD7FF53FFFFFFB4FFF0FFFFFF04
FFFFDBB9FF37A4FF93FFFFFFFF80E8FF
FF89EAFFFFFFFFBAFF17FF84E5C5FFFF
FFDDFFFFFF4FFFFF70FFFF90FFFFFFFF
A7D4C4FEFFFFFFEFB4FFFFFFFF96FF39
FFFFFFE78DF8FF46F6763086FFFF0000
FFFFFFFFFF23FF55FFFFABFF78FFA8FF
A7FF98FD5AFFFFFFFFFCFF279898C8FF
DA70FFFFF6FFB5FF6D68FFE4FFB4FFFF
FFFFFFFEE9FF92FFEDFFE1FF8961D685
FFFFFFF4FF17B1FFFF891AFF2FFFA60F
FFFFFFE4FFC8F1B79AFF1F84FFFFFFFF
88FF71FF80FFFF9FEFFF63D4FFFFFFFF
FFFFD4FFFFBAFF99DAFFFFFFFFF6FF9F
7AFFFF2B7F35FFFFFFFFFFFFFFFFFFFF
9EFDFF8BFFF2FFFC5BFFFFFFFFACFFD6
FEFFE0FEFFFFA4FFFF9E87EFB8FFFFFF
FFFFFFFF97FFFFFFFFFFFFFBFFCDFFFF
FFFFFFE5D3FFFFFF7AFFFFFFFFFFFFFF
9E75FFFFFF84B06CFF89FF65EB2EF9FF
FFFF3735BEFFFFFFF7FFFF6D91FFDA95
74FFFFFFFFFF34FFFFFFE5FFFF2CFFFF
F621C8FFDEFFFFFFFF64FFFFFFFFFF52
FFCCFFFFFFC3C6FFF99AFF94FFA56141
FFFFFFFFFFFFFF9AFFFFDBFFFF8EE281
FFE3FFFFFFFFFFFFFFFFFFFFB071FFFE
DCFFFFC6FFFFDCFFFFFFFFFFFFFFFFFF
FAFFFF2AFFFFFFFFFF6FFFFFFFFFFFFF
C9AFACFFFFE2FFFFC8FFFFB7FFFFFF61
EDEAFFFFFFFFFFF0FF607F5DFFFFFF80
5487FFFFFFF7FF7DF7FFFF19FFFFC5FF
FFFFFFFFFFFFFFFFFFFFFFCAFFFFFFFF
FF76FFFFFFFFFFC4E0BEFFCFEDFFFFFF
87FFA07973FFFFFFFFFFFFE8FFFF8129
FFFFFFE2FFFFFDDBFFFFE0D5A590A4C9
FFD1FFFFFFFF8BFFFFFFFFFFB9FFFFFF
73FDFFCBB4ECFF8FFFFF79FFC1FFFFFF
AAFFBDF2CE9B7BFFFF34FFFF8FFF0000
5D71FFC0FFFFFFFFFFFFFFCEC5FFD3FF
60F96DCF1BABFFC6C9FFE9FFCBF7FFFF
D466FF74FFB9F8BFAAFF4CD9FFFFFFFF
58FFFF91FBFFFFFFFF7CFFFFFF629E50
FFFFFF7FFF30A9E3E1D5CDFFFFFFFFF0
FFD3FFFF885A4DFFFFFF2422FFFFFFFF
FFFF4FFF94ECFFB9E5FFFFFFD1683B88
FFFFFFFFFF2BB968FFE3FF28FBF2FFCB
FFFFFFFFFFA8EFFFFFFFFFD9FFFFFFFF
FF78FFFFFF3DFF9CFFFFFFFFCAFFB6FF
FF64D5FFFFA07B18FFFFFF9EFF76FFFF
681BEEFFFFFF6CFFFFFFFFFFFFFFFFFF
FFFFFFFFFFFFAFC5FFFFFF53FFA9BD77
FFFFFFFFFFFFCBFFFFB4FFFFFFFFC9FF
FFFFC9FFFFFFFFFF69FFFFD5FFFF46FF
CEFFFFFFFFFFFFFFFFFF961AFFC4E1FF
84AEFFDBFFFFFFFF19FFD7FFFFC6FFFF
FFFFFF8293FFFF38FF6AF1FFFFE6C6DE
FFFFFFFFFFFFFFFF4A8F93FFFFFF3BFF
FFFFFFFFFFFFFFFFFF53CAFF55FFFFA2
5B27FEFFFFFFFFFFFFFF77A5FFFF73FF
FFFFE8FFEB9CFF4BFFF0FF56FFEAFFFF
FFFFFFFFFFFF4CFFFFB61EFFEFFFFFFF
C3FFFFE58DFFFF63E8FFFFDBC7DD9CDC
82FFFFFFFFFFFFFBFF80FFA6FF88FFFF
FFFFFFFF917EFFCDFF42FFFFFFEE6BFF
FFFFFFFFFFFF7089EDC3FFFFFF9739FF
95FFFF9F182F9EFFFF71FF9AFFD3FFFF
B5FFC4FF3D96AFAB7878FEFFFFFFFFFF
F2D7FFFFFFFFFFFFFFFFE9FFFFFFFF61
FFFFE6AEFFFF97FFFFFFFFFFFFB8FF45
9A489C6E79FF28FFC279FF81EEFF0000
FFE1FF45B979CBFFD3FFFFFF68F6BEFF
FFFFFF81FFFFFFB8FFA5FFFFF9CF5B7A
FFFFFFE8FFFFC5BB9A32FF98FFFFA6FF
FFFFFFFF90FFFFFFFC66F99FFD56CCFF
AABCB293FFFFFFFFFFFFFFFFFFFFFFFF
FFC4FFFFFF8441E9FF4DFEFFFFFFB718
FFFFFFFF6A9E123287FFFFFFFFFFFFFF
FFFF285BFFFBF6FFDD09FFFFFFB6FFFF
6FFFFFFFFFFFFFFFFFFFFFFFFFFFFFC3
B05FA9FFFF38FFFF90FFC7FFA8FFFF91
FFFFE1FF5EF7FF90FFF7FF89FF28D4FF
C5C6FFFFFFFF4BFF34FFA9DCFF3BFFFF
FFFFFFF7FFFFFFABFFFFF8FFFFFFFF7A
FFD6FFFFFFFFFFE0FFE5FFFFFFE5FF2D
D7FFFFFFFFFFFFFFFFF4FFDEEBFFFFFF
FFFFD794FFFFFFC9FF73FFFFFFCBFFF6
FFFFFFFFFF38FF2EFFF4FFFFB8FFD0FF
FFFF39FFFFFFFF7BD4FFFFD4B1FFA3E8
7DFAFFFFFF90BCFF14CFFFFFFF666CFF
FFFFFFFFFFFF93FFFFFFFFFFFF5FFFCB
FFFFB0FFFFACFFFFFFFF6BBDFFFFFFFF
FFFFFFFFFFFFFFFFA7FF5AFFFFCAEBD8
E0818AC4FFFFFFFF63A6FFFFD853FF4D
F3FFFFFFFFFFFFEBFF31FFD1FFCB64FF
D5F575FFFFFFFFFFEADDFFA8FFFFA1FF
FFFFFF7463FFD7FFFED9E0A698A3FFFF
3DF8FFFF46FFFFC1B777FFFFFFFFFF78
5BFFFFC3FFFFFFFFFF8EFFFFFFCA77FF
FFFFFFFFFFFFFFCFA5FFB3FFFFFFFFFF
FFFFFF40FFFF7DFFFFFFFFFFF9F8FFFF
FFFF9BD8FFBDFFFF58FFFFFFFFFF55B1
7EBFFF9B90A8FFFFFFFFA9FFFFFF0000
9390BB7452B5B9FFFF3A1D4380FFFFEF
FFFFFF0BE6FFFF61FDFFFFC3FFFFFFFF
FF536EF0FFFFFFFBF468FFFFFFFFAFFF
C1EDC7FFFFFFFFB6FFFFBEFFFFFFFFFF
7F9989FFB4FFFFFFFFFFFFC3F0E2FF59
DEA6FFFFFFFFFFFF8FDF68FF5EBFE429
FFFFFFFFFFFF71DDFFFFFFFF82FFFFFF
E1DFC14CFF3FFF69FFFFFFFF7CFFFFF9
E6FCFFFFFF07FFFFFFE160369CB2FF82
FFFFFFFFEFFFDEB5A3FF14F8EBFFA3FC
FFDBFFFF95FFFFFFFF33A3FFFF5049FF
BDDBFFABFFFFAACC5FFFFFFFFFFFFFFF
79FFFFFFFF35FF46FFFFB5FFFFFFFFFF
FFFFE3F5B3B97FEBFFFFECFFFFFF88FF
FFFFD4FFFFFFFFFF74FFAAE3FFFF4394
FFFBFFEA4FFFFFFFFFFFFFF2FFFFFFB9
FFFFFFF45EFF4EFF5D6AFFFFFFFF9EFF
FFFFFFFF21FFFFFFFF41FFFFFFB388FF
FFFFFF5FFFFFFFFFC7D2FFFFFFD8FFFF
FFFFFFFFFFFF64FFFFF7FF82FFFFFFFF
E7FFFF7FFF83FFFFFF99B1FFFFFFECFF
FFFF57FFFFFFFFFF3B9AB2FFFFFFFF51
FFC6FFFFFFFFFF5BFFF3FFF4D2FFCEFF
66FFFFFFFFFFFFFFFF6FFFFFFFA1FFFF
FFFFFFFFFFFFFFC1FF7BFFFF6BFFFFFF
FFADFFFF53FF55FF45D0FF96FFD1E5EA
FFFFFF40FFC6FF6EFFBFFF8EFFFFFFFF
FFBBFFFFFFFFFFFFFF10E8FF91FFA06E
FF23FFFFFFDBD669D2FDFFFFCB78FFC3
FFFFB5FFF7A46BFFFFFFFFFF8FC8FFFF
FF67D6FFFF8DFFC5FFFFFFFFFFFFFFFF
FF92FFFFFFD2C8FF1D88FFFFFFFF0000
FFB09F6389E22E91FFFFFF64CAE5FFCD
B0D0FFFF9DFFFFFFF4FFFFFFFF65FF7E
FFFF64FFFFFF78FFFFFFFFFFFFFFDEFF
EF4AFFFFFFFFFFFFFFBBFFFFFFFFA1FF
FFF86BFFFFCEFF79FFFF91FFFF7BFFFF
FFFFEEFFFF56A9FF71359D67A5E8F4E7
FFFFFFFFFFFF92C19BBADCFFFFFFFFFF
A2D95B9DFFFFFFFF44FFD3FFFFFFFFC0
0A6FFFFFA2FF90FFFF9DFFEDFFFFAE7D
FFFF26FFFFFFF4FFEFFCB1FFF8C16CFF
A1FFFF5BB2BEFF92C15547F5EA69B3FF
FFA4FFBEFFFFA3568DFFFFFFFC74D8FF
5983F8FFFFFFFFFFFFFFFF42FFFFBDFF
FFC65BFF1D80E7FFFFFFABFFECFFFFFF
98FFFFFFFFFFFFFFF774FF6AFFFFFFFF
FFFFFFFFFFFFFFFFADFFFFFFFFFFFFF8
A0FFF2FF65FFB454FFFF53FF7EBEF1FF
8CD1FFF9FFFFFFFFFFFFFFFFFFFF9CFF
FFFFFFBBFF77FFC7318AF1FFFF56FFFF
58FFFFFFFFFFFFFF5AFFFFFFFFFFD2FF
FFFFFFFFFFFFFFC1FFE5FFFFFFFFFF9F
FFFFFFFFFFFFFFFFFF97F2FF4FFFBF9E
FF47FF97FFFF68F59EFFFFFFD2FFFFE0
FFFFFFF9FFFFFFFFFFFDFFFFFFFFFFE4
FF8E6AFFFFDEFFF3FFA1FFB769FFFFFF
EBB965FFFFFFCCFFADFF98FFFF6CFFFF
FFFFFF9AFFFF60FFFFFFFFFFB0FFA8FF
7EFFFF84FFFFA6FFFFDAF9FFFF17FFFF
FFF3FFFFFFFFFF3C35F9B4FFD276FFFF
93FFFFFF9094FFFFFFA7FFFFC17876FF
FFFFFFFFFFFFFFFDFFFFFFFFFFFFFBFF
F9FFFFB2BBFF9DC8C583FFFFFFD70000
D753B0DE1C5BFFFFFFFFFFF1CC5348FF
FF36FF9CFFD8FFFFFFFFFFFFFFFFFFFF
A8FFFFFFFF27EE6353FFB3FF95FFA0FF
FFFFFFFFFF48F72CFFFFFFFFFF0DFFFF
A2A61DD7F3FFFFFFBB9F7F61FFFFFFF9
A26BDDFFFFF4FFFF9BFF35BFEDC98F1B
3983FFFFFFFFFFA5FFBA41FFFFFFFFFF
EDF69BB3FFC7F2FFFFFFDFFFFF60FFFF
FFC0AAC3E3FFFFFFFFFFFFEFFFFFFF3F
FFFFFFFFFFFFFFFFA1FFFFFFAFFFFFFF
61F3FFFFFFFF78FFFFFF8CCCFF8EFFFF
FFA2ABB4FFFFFF55FFA047F9C5FFFFAF
C0FFFFFFFFFFFFABCBFFFFFFFF5CFFD8
94DDECFFA7FFFFFF5CAC9EFFC2F0FFFF
FFFFABEBFF84FFFFB3A7A563FBFFFF76
FFFFFFA4FFFFF2FFFFF7FFFFFFFBFF45
FFFFFF7FFFFFFFFFCEFFFFFF2FFFFFFF
8DDAFFA7FFFFFFFFFF8EFF4DF9FFFFFF
FFFFFFE0FFFF579A4F1A90BEFF97FFFF
FFFFFF83FFFFBBFFFFFFFFFFA5FFFFFF
FFFBFFFFFF5674FFFFFFFFAE57994FC4
FFFFC59EFF82FFBEFFBC95FFFFD3FFFF
FFFFC1FFFFFFDD1DFFC9EEFFFFFFFFFF
4EA7A9FFFFFFFF08D7FFFFFFFFFFFFFF
FFFFFFFFFFFFFFA9FFFFEEC1FFFFB38B
4D93FF84FFFFFFFFC2FFFFFFF6FFFFD5
FFFFCAF4FFFFFFE8E1FFFFFFFFFFFFFF
FFC24CFFFFFFBEFFFF30E2ABA5FFFFAF
82FFBDFFFFFFFFFFFFBDFFFF1EB5FFFF
F9FF65B4A5FFFFC3FFFFFFFFFFA055AE
68FF75C622FFFFFFFFFFFFFF80FFFFFF
FFFFFF8D4DFFAD3012E4FFFFFFFF0000
FFB1D8FFDBFFFFFFFFFFB3FFB06E8EFF
FFC1FFFFFFFFC0FFF150CAFFFFFFFFE1
FFF8FFFFB2FF9D8EFFFFAF97FFFFFFFF
FFFFFAFF59BAFFFFFFFFFFFFDFFFFFFF
BC91F6FF53FFFFFF7DDAFFA7FF5BFFFF
FFFFC3FFADFFCBC5FFFFCAFFD0FFFFFF
FFFFFF92FFEFFFFFFFD2FFFF67FFFF3F
CCFF5AFFFFC7FFFFE5FF97FFFFFFFFFF
FFFFFFFF955FFFC3706EFFFF7E3A4559
EBFFFFE5FFFFC7AAB4FFEFDF2050FFFF
FFFFD3FFFFFFBAFFFFFF7E44FFFFDFFF
F5B7FFFFFFF3FFFCFFFFE584FFA51CC1
3CFFFF22FFFFC3B5FFE5FFFFFFFFFFFF
449DE4F7FFFFFFFFFFFFFFFFFFDCFFFF
F8FFFFFFFF68B8FFFFFFFFF290FFFFB8
FFD5FFBCFFFFFFFFFF7BFFBEFFFFFFFF
FFFFFFE475A26485C3FBFFFFFFFFD2BC
FFFFFFE5FF73FFFFF18BFFFFFFEBFFFF
5D81FBFFFFA05BF3FF7F6383FFFFFFFF
FFFFFFFFD7FFFFFF8F66FFFFFFFF40FF
FF48FFDBFFFFFF2EFFFFFFFFBE45F3F0
98FFFFFFFFFFA2FF22A3FFFF37AAFFFF
C69488FFFFFFFFC6FFFFFFFFFFFFFFFF
6CCF28FFFFFFE38D50FF678FFFFFFF84
FF8F3FFFFF23FFA5FFFF8F4DFFFFFFEF
5CACFFA7FF80FFEEFFFFA0FFFFFFFFFA
FFFFCEFF02FFFFECFFFFFFFFFFFFDB5E
FFFFFFFFD1FFFFFFEF26FB77ABFFFFFF
AEFFD1FFA7FFFFFFFFBDFFFF693CFFFF
FF641E40FFFFFFFFEFFFFF33FFFFFFFF
FFFFFF43FF0CFFD8FF45F5FFD949FFAE
EA76DAB97DFF7DD7EFFFFFFFFFCF0000
FF3AAC8FFFFF6EFFFFFFFFFFACFFFFA1
B79BFF67FFFFFFE8FFFFFFFF94FFFFFF
FFD9FFFFFF52A67EFFFFA0FFFFF8FFFF
FFFA59FFFFFFFFFF5AEEE0FFFFFF75FF
97CC61FFFFFFFFFB5CFFFFFFFFFFFF36
FFBEFFFF8EEAFFFFFFFFFFFFFFFFF1FF
FFFFDD7BCFFB2B7FA6FFFFFFA1C9A1FF
7DCAFFFFFFFFFF5F45E2FF96DD71FFFF
FFFFFF35FFFFFFFFFFB03FFFFFFFFFFF
9BCFF85EE3FFFFFFEE9AE3D79AFC78FF
A0FFFFFFFFFFFF8EFFFF96FFFFB4FFFF
FFFFFFFF81FFFFFF40FFFFFFF4FFE9BD
F1FFABFFFFFFFFFF8EFFFFFFFFFFADFF
7472CAFFD4FFFFFFDCFF878DFFFFFF8E
FFD1FFFFC4FFFFFFFFFFFFD2FF52FF5F
ADC4FFF3FF8FFF7BFFFFEBD9FF89FFFF
FFFFE2FFFFFF94E0FFC7FFFFFFFFFFFF
FFFFFFA7FFAE42FFFF88FFB98997D2A5
0341FFFFFF8156FF8AFFE2FF89FF8DD3
FFFFFFFFFFFFF184FFFF2DDCFFFFFFFF
FFFFFF50FFFFE2FFFFB9FF2EAFA6FFFF
FFFF8EFFFFFFFFFFFFE6FFC1FFD3FFFF
F2981D5453FFFFFFE2FFE9FFFFFFFF93
A2FFFFFFFFFFFFFFFFFFFFFFFFFFFFFF
DDD3DA78FFFFF982FFFFE9D9E8FFFFFF
7AE639FFE87C115CFF47FFFFFFF7ACFF
FFFF52FF96FFFFFFE389E9C9FF7FFF8F
B5FF47FF76FFA5FFFFFFF4CFFFFFFFFF
FFC2FFFFFFEDC8FFFFFF69FF43FFFF62
FFFFFF8AFFEEFFFFEFF8FFEAFFFFFF7F
77F2FF69FFDEFFFFFFFFFFFFD679DA95
CD57FFADAA83B1FFFF8AFFFFFFFF0000
DAC1A1FFFFFF57FFFF91FFFF7AFFFFFF
FFE2D5FFFFFFFFC290E0FFFFFFFFFFFF
FFFFFF66FFFFFFC6FFFFACFFFFECFFA4
FFFFFFFF95FFFFFFFFFFFFFFBAFFFFFF
FFFFFFFFFFFFFF73F0F8FFFFF5FFABFF
6BFFFF51F9FFD3D7FFD2FFFFCCB27450
FF6BF6DEFF5CFFFFFFFFFDEAFBBE79FF
FFFF6FFFFF86FFDBFFFFFFFFFFFFFFA2
81FFFFFFFFFFFFFFFFFFFFFF9AFFFF2F
2968FFFFFFFF606D29BFFFFF5978FC91
FFFFFFFFB7FFFFB5FFFFB2C5FFFFABFF
FFFFFFFFFFFF7F5EFFFFFFFFFFFFD2FF
FFFF3A72FFD0FFFFC5FFA1FFFFFFFF83
D3BDFFFFFF38FFFFFFFFFFFF8111368D
FF56FFFF95FF81FF1DFF2BFF98D064FF
FFE5DDFFFFFFFFFFFFFFBC9AFFFFFFFF
FFFFFFFFFFFF57FFFFFFFF83DA586AFF
FFFFCFFFFF4EFFFFFFFFFFFFE6FFFFFF
FF7FFFFFA8FFFFFFFFFFFFFFC8FFB4FF
5B9B72FFFFFFFFFFF9FFFFFF5396D8F2
FFFFEC81FFFFFFC66EFFFFFFFF80FFFF
FFFFFFA3B8FAFF65FF55FFFFFFFFFFFF
89FFD1BA98B3A0FFFFDDCFC6C25CFFFF
64FFFFF9A2FFFFFFFFFF5CFFC6FFFFFF
FFFFFFFFFFFFFFFFFFFFFAFFDCD487FF
FFFFFFFF57BCFFFFFFFFFFE6FFFFFFFF
FFA5FFB7FFFFFFFFDEFF32FFC0FFFFFF
FFFFB0DFD0FFE7FFFFFFB6C738FFFFFF
6EDFFFC6C06953A5D5FFFFFFFAFFFFED
FF89CD42FFFFFF71FFFD9EFFFFFFFFD7
17FAFFD6FAFFFFFFF8BDC7FFA62DFF6C
3D94FFFF5D38FFFFE4FFFF97FFFF0000
FFFFCDFFFFFFFFFFFFFFFFAFFFFF665E
FFFF8DABFFFF8E4FFFFFFF6466FFFFFF
FFFFFF9FFFFFFF3FFFFFCE5BFF29FFFF
59FF63FFFFFFE76840FF7227FFFF5CFF
FFFF23FFFFFFEEFF8FFFFFFFFFFFFFA8
D56EFFABFFFFFF81FFEDFFFFBDD9FFFF
FFFFB4FFFF1E80FF43B4FFC2D3B5F1FF
FF72FFFFBEFF4AFFFFFF4FFFFF0B44B5
B7FF70FFFFFFFF6C8DC0B68BD5FFFF52
FFFFFFFFFFBFBAEEFFFF8AFFB25FFFFF
FF8FFFFFFFFFFFCEFFFFFFFFFF4DFFFF
FF9DFFFFFFC443FFFF78FFF5FFFF5CE8
FFFFFFFF5A81FFFFEEB09CFF50FF6993
D4DBFFE9FF7D9DFFFFB1D7FFFFD45A86
FFD4E2FFFFFFFFFFFFF48C55FF3605FF
FFFFFF4FE5FFFFFFFF2AA53DFFFFFFFF
FFFF2AFFFFFFFFFF3AFFFEFF2ADC78FF
FFFFFFE1FF96FFFF76FFFFD4FFFFFFFF
FFFFFF69FFFFFFFFAFB9FFFFA4FFFFFF
37FFFFFFFFD8FFF9FFC3FF29FF04A0EA
7DFFFFFBFFFFFFFF55D83AFF4DDEFFFF
FFFFE0AEFF81FFFFFFFF54FFFFFFFFFF
FFFFFF91FFE2FFFFAEFF8F58FFFFF7FF
9BFFDBFFFF2BDAFFFFFFFFFFFFCFFFFF
F39AE8FFFFC0BAFF85A8FF67FFE6FFFF
8EFFFF75FFFFFFFFFFFFFFFFFFFFFFFF
FFFFFFFFFFEDA8FFFFFFFFFFFFFFA0FF
FFFFFFFFFFA0FFC9FFFFC2B7473FFFFF
107DFFFFFFFFFFAFBCD2FFFFA2FFFFFF
FFFFB64EBEE9FFFFFFFFFFFFFFFFFFF6
E6FFFFFF6CFFFFFFFFFF81FFFFFFFF8F
FFFFFFFF6C87FFFFF8C375FFC0FF0000
85FFFFABC2A5FFFFFFFFDFFFFFAA3CD1
FFFFFFFF63D9C3FFCDFFFFC4FFFFFFBF
FFFFFFD8FFFFFFC07F87B3FFFFFF73FF
EBFF3CE636C4FFFFFFFFFFFFFFFFFFFF
E5C0FFFFFFFFFFF8FF9CFF5CFFFFFF74
46AE9528FF64FFFFBF5EFFD9FFFFFFFF
FFFFFFFFFFFF6A91FFFFFF386636FF7E
FFFFFFFFFFFFFFFFC1D0FFFFFFFFFF47
FFFF2BFFFFDBB9E7FFFFFFFFFFFFFFC5
F0FFC6FFFFFFBEFFF6FFFFFFFFB9FFFF
6CFFFFFF852383CFFF3CFFFFFFFFFFFF
59BDDAFFBBC1DD62FFFFFFFFFF3CDDFF
E1FFFFFFFFFFFFF5FFFF8E86FFFF91FF
FFFFFFFFFFF2FFFFFF38BDFF0FEAFFFF
FFFFFF80FFD3FFFFF3FFFFFF79EB5076
C09FFF9890FFFFFFFF96C19E7AF1BEFF
9BB9FFFFFFFFB396FFFFB8FF98FFFFFF
FFFFFFFFFFFFFFFFFFFFF1A9FFFFFFFF
FFE3DD9DFFFFFFFF79EDFFFFFFF571FF
FFFFFFFFFFFFFFFFFFFFFFFFFFC3FFFF
B4FFFF68FFFFFFFFE0FFFFFFFEFEB6F8
FFFFFFB5BDFF4B8D4C71FF98FFFFFFFF
FFFFFFA7FFFF4AFFFF64FFFFFFFFFFFF
FFFFFFFF65FFFFFFFFFFFFFFFF31FF63
FFFF9AFFEBDCE994FFFFFF1DFFFFFFFF
FF93FFFFFF94FFFAFFB1FFFA67DEC7FF
FFFFFFFFFF93D2F6FFFFBEFFCEFFFF80
FFDCFFFFFFA6C58D93FFFFFF7BC5EAFF
FFFF916C40FFFFD1C2C1FFFF75FFFFA1
FFFFFFFFFFF3FF72FFFFFFFFFFB6E9FF
FFFFFFFFFFFFFFFFFFFFFFFFFF61FFFF
4FE3FF2DC4DDC482FFFF71FF77FF0000
EBA3FFFFFFC4FFFFFFFFFFFFFF24EFFF
FFFFFFFFFF89C5FFFFFF78FFFFFFFFE8
FFFFFFFFFFFBFFF8FF8490FF48FFFFAF
FFFFFFFFFF93FFFFC9FFFF9BFFFFFFFF
FFFFFFFFFFFF4AFFFFA0FF23FF7062ED
FFFFFFFFFFFFFF2FEFF6FF8CAE8BFFD8
FFFFFF5FFFFFFFF595FFFFFFFFFFFFFF
FFFFFFFF72FFDEFF638AC0FF70FFFFFF
D3ECFFFFFFFFD841C1FF5A80FFFFFF87
FFFFFFFFFFFFFFFFFF54FFFFFFFFFFFF
EAE7FFFF3F76C6ACFFFFFF8DB27694FF
F7FF8391FFADAFFFFFFFFFFFFFFFC2FF
F8FCFFFFFFFFFFEAFF88FFFFB3FFD7C7
A5FF6F86FF98FFF2FFFFFF35FFFFFF84
92FFFFFFA0FFEDFF6EFFD9FFFFFFFFFF
E9FFFFFFFFFFFFFFFF92C8FFD9A2FFFF
9AFFFFFFFF95FFFFF862FFFFFFFFFF9B
FFA1C7FF6EFFF6FFFFFF76FFFFE1C3C6
FF8B31F0FFEF599D22B9FFFFFFFFFFFF
58FF73FFCA9A7D45F8F9FFD2FF83ACD5
CA61FF7894FFFFFFFFFFFFFFFFFFFFFF
FFFFFFFFFFFFFFFFA9FFF6E4495018CB
B0FF85FFD6FFFF4BD6FFFFFFD0FFFFFF
FFCEFFFFFFFFD3FFFFFFFFBF5DF0FFFF
FF5FFFADFFFF07FF5FFFFFF9FFCEB2C1
FFFFFFFFFF65C3FF8FFFFFFFFFFFDEFF
D0FFFFFFFFFF97FFFFFFFFFFFFFFFFFF
1234FFFFE4FFE8FFFFFF94F9E5FFFFFF
FAFFFFFFFFFFFFFFFFFF94A6E8FFFFFF
FFCAFFFFFFFFFFB3FFFFFFFFFFFFAAFF
E793FFFFFFFFFF7CFFCCFFFFBA96FF88
FFFFFFE2FFFB29FFFFFFFFFFE9FF0000
FFFFFFFCFFFFFF24FFFFFFFDFFFFFF43
FFFFB6ECFFFFFFFFE4A49E90FEFF61FF
FF3CFF51FFFFFFFFFFFF7EFF27FFFFFF
E8FFFFFFFFFFFFFFFFC9FFFFFFFFFFFF
FFFFDEEA2FF7FFFFED843DF4FFFF67FF
FFFF1AFFACFFFFFFFFB4FFFFE984F9FF
FFFF8CFFFFE084FF583373FFFFA2CAFF
FFFFFF8477FFE9FF2E84FFFFFFFFFFFF
FFFFFFFFFFFFFFFF5FFFC262FFFFDEC7
FFFFF6FFFFFFB4FFFFFFFFFFFFFFFFFF
E1D0FF0FFFFF8CFFFFFFB3FFE6FFFFFF
FFFFFFDAFF93FFFFC0FFFF74FFFF4EFF
FF11E3FFFFFFA0FFFFB9FFB5FFFF2B6C
93FFF9FFFFFFFFFF92FF29FFFF1EFFFF
FFFFFFFF6FFF36C5FFFFFFFFFFFFFFFF
FFF3F9D7FF5FFFFFD9FFFFFFFFFFFF65
CFFFA2FFC12AFF79FFFFFFFFFFFF68FF
6CC4D3FFCCFFFFFFF5FFFFFF7FFFFFFF
FFFFCDFFF995A2E59BACC9EFFFFFFFFF
FFFFFFEDFFF5FFFFFF45947AFFFFFFFF
FF4DFFDCFFFFFFB6FFFF48FFFFFFFFFF
30FFFFFFFF816FFFD9FFC1DDBBE4E3FF
FFFFFFFFCC32FFFFFFFFFFDDFFFFFFE2
CC57E0FFFFFFFFFFFFFFFF66FFFFFFFF
D038FF4DD8FFFF63CF9DBAFFA4D163CA
FFA9BFFFFFE8FFFFFFFDDFB0FFFFFFFF
FFE4FFFFFFFF89FFC8A5FFFF79FFFFFF
A7CDFFA6FFFF77FFEEFFFFFFFFFFFFFF
A4FFFFFF8CFFFFFFFFFFE367C4FF5EE1
FFFFFFFFFFFFFFFFFFFF99FFF1FF8AFF
B5B6D9FFFFFFE9ABFFFFC0E348B5FF37
9EFFB9FF45FFA4A3F49096D2A57D0000
FFFF6EFFFFFFFF63FFFFFFFFFFFFA0FF
FFFBFFFFFFFF8E75FFFF6D82FF4DFB6E
FFFFFFFFFFBEFFFFFFFFFFFFFFFF56FF
71FFFFFFFFFFFFEECEFFFFBFFFFFFFDE
FFFFFFFFFFEA7CFFFFE799D11CFFB72A
FFFFD5FF7BFFFFFF438BBFFFDD4C0FFF
FFFF83FFFFFF4CFF49DEFF9AFFFFFFE4
19FFFFFFFFFFFFFF57A1FFD9FF65FFFA
82F2FF7AFFFFFFFF52B95EFFFFE8FFC6
32FFFFFFFFFFFFFF8CFFFFFF5AFFFFFF
FFFFFFFDFFFFFFA9FFFFFF9053A0FF7B
FFFFFFFFF75AFF84E0FFCFFFFFFFFFA8
FFFFCDFFFFD554E1FFFFFF89FFFFFFFF
DEFFA5FF14FFFFF0FFFFFFFFFF69D3FF
FF1AFF85FF67E0FFFFFFFFFFFFFFFF8F
FFA0ABEFFFF672D5FFFF79FF6723FFFF
FFBBFFC6FFCDFFFFE3FFFFFF36FFFFFF
E4FF35FF32FFC9FFFFFFFFFFFFFFFFFF
D0FFF5FFFF2FA794FF7C15C787FFBCFF
FF7AFFFF6CFFFFFFFFDDF4FFFF85FFFD
FFFBFFFFFF5DB8B3FFFFADB970FFFFFF
FFFFFF317DFF1B90FFFFFFFFFFFFFFFF
FFFFFFFFFFA8C2FFFFC265FFFFFFFFFF
CC2FBE2DA4FFFF4FFF41FFFFFF56FFD5
FF3CFFFFFFFFDCFF29FFFFFFFFFF7964
7DF5FFFFFFE477FFFF6EFF7BFFFFFFFF
FFFFFFFFFFE0FF72FFFFFFFFFFFFFFFF
D08A8FFFFFFFFFFFFFEBF1FBFFEE74FF
CFFFA1FFFFFF6B67FFFFFFFFFFB4B8E7
B360FFDEFFFFFFFFFFEB4890FFFFFFFF
FFB2FFFFFE90FFFFFFFFFFFFFFFFB1FF
6EFFE2FFFDFFFFC6FFE655F9FFEF0000
FFA5FFC4FFFFFFFFFFFF57FFFFFFFFFF
FFCEA4EDFF5EA58DFFA19940EEFFBAFF
FFFFFFFFFFFFFFFFFFC03CFFFFAFFFFF
FFFFFFFFFFFFFFFFFF2ED6FFFFFFFFFF
1DFFDCFFFFAEFFA7FFFFA1FFFF1D869B
D6D86B9FD884E6F6FFFFFF62FA67FFE9
FFFF8C9D95FF78FFFF9EFFFFFFFFFFB4
FFFFB8FFFFFFFFFFEEFFFFFFFFFFFFC4
CAFFFFB8FF4538A4FFFFFFFFF099FFC0
C1FFD1E0CDFF56FFFFFFFFFFBEFFFFFF
FFFFFFFFFFFFFFE9FFFFFFEA40B1FFBF
8BFFFF6EECFFFFFFDCFFFFFFFF3FFFFF
FFFF80FFFF6DD26DC6FF5EFFFFFFFFFF
A933FFFF5EF6FFFFFFFFFFCDEB8E9851
FFFFFFFFF3FF8CFFFFEDFFBEFFFF99FF
FFFF61FFC1FFFFFFD4E1D1FFFFFFFFDE
B6FFFFFFFFFF61B872FFA3D0FFFFFFC0
FFB6FF43FFFFFF5DFFF4FF8CFFFFFFFF
FFFFFFFFFFFF5649FF9EFFBAFFB6FFFF
BBFFFFDBFFFFFFF4FF71FFFFFF49FFD5
FF49FFFFFFFFEEFFD656FFFFFFFFDAFF
FFFF82FFFFAF94FF50CE37FFFF3AFFFF
FFFFFFFF98FFE378FFFFD6FFD5B9FFD8
FFFFE6FFFFFFFFFFFFFFFF9FFFFFFFFF
FFACFF9FC7FFFFFFFFFFFFA06223FFD6
B6FFFFFFFFFFFFFFFFEAFFE3E7F289C4
FFFFFFFFFFFF94FFFFFFEBFFEFFFFFFF
FFFFFFFF6AFFFF73FFD7FF75FFFFFFFF
D7FF7BFF43A6D1FFFFFFFFFFFFFFECFF
EB1BFFFFFFFFE4FFE8FFFFFFA9FF79FF
9CFFFFFF50DE5EFF28FFFFE8FFFFFFFF
FFFFECFFC6FF69FF3BE7FFFFFF9F0000
C0FFFF81FFFFCD95FFFFFFBCFFFFFFFF
FFFFFFDBFFFFFF47FF6E8DFFFFFF9EFF
50FFFFFF679FD057FF7CFFFCFFF0B8FD
86FFFFFFFFCDFFFFFFFFFFFFF55ECBFF
D2FFFBFF74FFFFFF75FFFFFFC4FFB269
FF38A4FFFFFFFF56FFFFFFFFFFFFFFFF
FFFFFFFFFFCF94FFFFE5E9FF0FFFFE8A
FFBCFFFFFFFFFFFFFFACFFFFF9FFFFC4
FFFFFFDCFF99CAFFEDEEFF84FFFFFFC2
F3FF86D74DA0FFFFFFD6FF57FFFFFFFF
FFFFFFFFFFFFFFFFFF9BFFEF5ED9FFFF
FFFFFFFF6FFFFF7EFFFFFFFFFFFFFFFF
FF85FFE8FFFFFFFFFFCE53FFFFFFFFFF
FFFFACADFFFF56FFFFFFFFFFFFA0C2FF
FFFFFFFF1897FFFFFFFFFFFFC1FFFFFF
D184FF8EFFFF99FFFFFF8CFF58FFFFFF
FFFFF460FFFFE8FF81FFDAFFFFB3FFFF
FFFF6BFF75FFFFFFFFFFFFCD1B4AFFFF
FFFF98FFC9FFFFFFFFFFFFB4FFFFFFFF
CA8BFFFFFFFFE5FFFFFFFFECFF4BFFFF
FFFFC657FFFF95FFFFFFFFA3FFFF79FF
FFFFA8FFFF55FFC0D83FCACFD6A983FF
793CFFFFFFFFF5FFFFEEABFDFFFFFFFF
FFFFF5FFFFFFFFFF9EFF84FFE2FFFFFF
3565FF7EFFF6FFFFFFFFFFD5B7D3B9FF
97FFFFFF89FFFF84FFFFFFFFFFFFFFFF
FFB5F4FFFFFFC4FF9EFFFFFFD94C67FF
FFFFFFFFFFFEFFFFFFFFEC76FFFFBDFF
FFFFFFD11EFFFFFF48FFFFFFFFD2FFFF
6BFFB4FFFFFFFFFFFFFFF4FDD0A7FFFF
FFFFFFFF58F0FAFFFFFFFFFFFFFFFFFF
FFFFDDFFFFFFF0FFD5FF96FFFFFF0000
8CFFA3FFE6FFFFC163A4B5AFFFFFFFFF
FFFF66FFFFFFFF95D499F9FFA9F2DCFF
FFFFCEFFFFFFFFFFD2FFFF34B1ADE1FF
7DFFFFFFD9FFFFFFFFFFFFFF6282FF33
FF8BFFFFFFFFFFFF7A71FF84FF5FFF68
9BFFF5FFBDA9FFD1FFFFD3FF85FFFFFF
FFE0D5F268D5FFFFFFFFB8FBB8E5FFFF
C7FFFFFFFFFFFFA484E3A6FFFFFF52FF
FFFFFF6BFFFFD0BB7FFF1FFFF6FFFFFF
FFFF30FF63DCF3FFFFFFFF8CFFFFB3FF
E1FFADFF81FFFFFFFFFF89C0FFFFFFFF
FFFF74AEBCD3FFFFFFFFDCCAFFEF9243
4AFFFFFFE88476FF32FFFF82B6E3C2FF
FFFFFFFFFFFFFFFFD8FFFFFFFF58BCA2
FFC1FFA7FFC6FF94FFFFFFFF7C6BFFFF
FFFEFFB3FFFFFFFF1CBFFFFFA5EA98FF
65FFE6FFFFFFDBF7FFFFFFD8FFEECCFF
BCFFFFFFF8FFFF2BFFE6A4BE7752FFFF
FFFFFFFFFFFFEE88FFFFFFFFFFFFECFF
FF7C5BE9FFFFFFFFFFFF82FF2BFFFFB4
37FFFF95C0FFFFFEFFFFFFFFFFCFFFFF
FFFF918C6EFFFF94607B98F4FF72FFFF
DA79FFFFFFFFE61FB7BBF24FFFFFFFFF
F3EFFFFFFFFFFF5CFF544FFF82FFFFAE
DBC3B58CFF61FF64FFFFFF54B2FFAFFF
FF90FFADFFFFFFA6FFFFFFFFFFFFFFFD
FF80FFFFFFA6FFFFFF7FA7FFFFA9FF38
FFFFFFFFFFFF88DAFFFFC7FF66FFFFFF
4BFFD9FFFFFFFFFF36FFFF74BCFFBBFF
FFFFFFE2FF79FFECFF4AFFFF72EFD1E9
3DFF8D58FFFF94FFFFFFDEFFF5FFF6FF
F3F7FFFFB3FFE5FFE8FFFFFFFFFF0000
FFE6FFA7F6F0FDFF893EFFFF68E7F0FF
4C1BD3A9FFFFFFFFFFFFFFFFFFFFF32B
FFFFB9F8FFFFFFFFFFFF5550F5FFFFC7
FFFFFFFF75FFFFE1DCFFFFFFFFFFF3EA
FFFFFF1EFFFFFFFFFFFFFFC3FFFFB5C6
FF83FFC734D7FF6FFF98FFFFD4FFFFC6
947FFFFFFFB6ABEDFF7456CCEEFFFFFF
8DFF98FFFFF457FFA6E3BCFFF9FFFFE0
FFFF88FFFFFFFFFFFADC88FFFFE8FFFF
FFFFFFFF2BFFFFFFFFD29D71FFFFFFD2
FFFF4E99FFFF66FFFFFFFFFFFFFFFF82
FFFFFFFFF6FFD88233A3FFFF4FEEB0FF
FFFFFFB3E2FF6DFF9EFFFFFFFFFFFFFF
FFFFA6EEFFFFFFFFA7FFFFE6FFFFFF56
BEFFFFFFFF44FFFFFF4FFFFF9BE27BFD
FFCCFF24FFFFFEEEFFFFFFFF96FFFFFF
70FFFFFF99FFB0FFF2FF36FF76FFFFF7
97D1FF0F8559FFFFFFFFFFFFFF35FFFF
FF9EFFDECAF5ACFF45FFFF75FFECFFFF
FFA68BFFE5FFFFFFFDFFFFFFFFFFFFFF
37FFF6CCBCBCFFFFFFFFC6C8A2FFFFFF
FFFFFFFFFFFFFFFFFF977CFFFFFFFFFF
FFFFFF1DA5BFFF899FBAFFFFD3FF3FFF
FFD7FFFFFFFFFFFFFFFF8FFFFF93FF96
4EDE86EDFFFFFFFFFF38FFFFFFFFFFCD
FFFF70FFE3C4FFFA56C6D4FFB7FFFF46
FFFFFFFFFFFFABFFFFFFFFFF74D0FFFF
FFFFFFFF4CFFFFEEFF8DFFFFFFC5FFF2
83F1FF6EFFFFFFFFFFFFFF74E8FFFFDC
FFFF66FFFFFFFFFFFFD8298459DDFF6C
FFB5FFFFFFFFFFFF888EFFFFACFFFFFF
FFFFFFFAFFFFFFFFFFFFFF2EE6920000
FFCB82ECFFFFFFC9B4FFFFF55C40A4FD
7D48C3FFFFFFFFD2FFFFA6FF7AFF90FF
FFFFFFFFFFFF5FFFFFFFFFFFFFFFFF94
F4FF48FDB987FFF4FFFFFFFFFFFFAFE3
FFFF5DFFFF6BB4FFFFFFFF6364FFFFFF
B5FFFFFF21BBFFFFFFFFFFFF67FFD3FF
FFFFFFFFFFFFB8565FB6FFFFFF575CF9
FFFFFFFFA38BD7FFFF60FFFFFFFFFFFF
FF67FBFFFFFFFFFF6B67D1FFE071A6FF
FFFF70FFF1FFFFFFFFC489FFFF99D3FF
FFF3FFFFFFFFBBFFFF626A9BFFFFFFFF
6AFFFFFFFFFF89C9FF66F3FFFF5E9F85
ACECEB8BFFFFA1FF97FFFF90FF9B6A63
FFFFDEFF54FFFFFB59FFFFFB7CFFFFCA
67FFFF7F93B4FFFFFFFFFFCAFF8CF698
DDFF6FFF668AFFFF7F7AC8E5BDFFFFFF
86FFFFFFFFFF89FFFFD4F28DBD98FF83
FFFF55FF83DAFFFF78EBDBFFFF66FFFF
FFB0FFFFFFFFFFFFFFFFD9FFFFFFFFE4
FF6C47FF9AFF88FFFFFFFFFFFFB4FFC9
FFFF95FF55FFFF7EF8FFFFFFFFFFFFFF
FFFFED3CA3FFFF8CC18B3FF8FFFE9BCD
FFFFFFFFFFF5FFFFD3FFFFFFFF86FFFF
FFFF9CFFFFFFFFEE95DBFFE3FFFFFFFF
FFFFFFFF7CFF44FFFFFFFFE9A26BEFFF
FFFFE3FFFFFFCFF199C4A3FFFFE1FFBA
AAFFED7E55BDFF6BFFFCFFFFC774AD88
4D2AA6FEFF7062C3A7FFFF5EFFFFFFD1
5E1EFFFF65FFFFFFFFFFFFFF95FF40C1
EA3EFFFFFFFF5DFF9792D585CEFFFFFF
DBFFFFFF67FFA7EBFF59FF4269FFFFFF
FF7EDCFFFFFFFFFFFF2EFFFA7D9B0000
FF8FFFFFEDFFC9D4FF8BB6D2FFFF61BC
FF30E0FFFFFFFFFF6D97FFDBFFFFFFCC
FFFFFFFFFFFFFFFF6BFFFFFFEFFFFFFF
E15E8BB3DBFF5AFF5CFFFFAEBB74E3F6
6DFFFFFFFFFFFFFFA2FF448AFFFFFFFF
FFFFFFFFFFF12F4AFFFF8BFFFFEAFFFF
FFFFF4FFFFFFD0FF317D29FF9DFF90FF
FFFF61FFFFCCFFFFFFFFFF94FF73FFFF
ACFFFF7BFFB8FFFFFFFFDFFF9AAA6CFF
FFFFFFFFCFFFFFFFFFFFFF87FF7BC228
FFFFFF1FFFFF9782FFFF3CFFFFFFFFFF
FFFFFFFFFFACC84EFFFFFFFFFFFFEBFF
FF898EF3E8FF8CFF64FF8FFFFF97C1FF
CAFF64FFFFFFFFAFFFF5FF0EFFFFFF8A
E2FFFFFFFFFFD8FFFFFFFFC4FFBFFFE2
FFFFFFFFD7B3FF55FFFFA46EFC4CFFFF
F1FFFFFFFFFFFFFFFFFFEE545AE77AFF
FFFFFFFF9CFFACFFFFFFFDFFFFFFFFFF
FFA3FFFFDFFF9391FFFFFFFFFF28FF7E
FFFFFFFFFFFF828BFFFF4DFF8A9FFF69
CFFF35FFBFFFFFFFFFFFDEF1FFFFFF84
FFFFEBFF3AFFFF95EFFF7ABCFF2B669E
FFFFBFFF9DFFEBBCFFFFFFFFFFFFFFFF
FFFFFFFF8B80A0FF9297FFFFF6FF3618
FFACFFFF93FFFFFFFFDBFFFFFFFFFFFF
FFC26FF6FFFFFF54FFFBFF6CFFFF9ADC
7F9BFFFFFFFF97FF30D5FFFF85F3FFFF
FFFFFEFFFFFFCEFF9BD1D7FFFF3CFF29
57E4FFFFFF6E95FFFFFFFFFF2EFFBFFF
ECEAFFFF75FFFFFFF5FFFFB5FFBFA1FF
FFBAFFFFFFFF5BAAFFFF99C0FFFFFFFF
FFFFFFFFFF8EFFFFF7FF8FFFBFFF0000
DFFFD4FFFFFF4DB1FFD3AF7397F9FFFF
E685FF54FF3FFFFFFFA3FFA3FFB4FFFF
FFFFFFFFCBFFFFFFFC1FFF62FFFBFFBD
B74BFFA2FFFFFFFFFFFFFFFFFFFFFFF0
8636FFFFFFFFFFFFA0DCFFFFFF9DFFFF
84FFFF21896AFFFFFFFFFF4BEAFFFF7A
11FD86FFFFA4FFFF19A68FFFFBFFFFFF
FFFBAFFFFFFFFFC6FFFFFFDAFFFFC772
FFFFFF9FFFFFFFFFABFFFEFFFF5AB8FF
FFD6C0FFFFD7E8FFC63BF7FFFF94FFFF
F2FFFFF5EDFF82FFFFFFFF97FFFFFFFF
BBC3FFFFFF946FFFFFFFFFFFFFFFFFFF
FF9D57D8FFC4CFCEFF2DFFFF6CB4FFFF
39FFFFC8FFFFFFD2FFA7BDF1FF60D8FF
FFFFCF88FFFFFFFFFF54A7FF5EFFFFFF
FFFF37FFFFFFFFFFFFFFFFFD62FFC3FF
D5FFFFFFFFFFC3FFFFFFFFE559CB9FFF
FFFFFFC0FFFFFFFFFE57FFFFFFAACC66
FFBFFFFFFFFFFFFFFFB7FFFF51FFFFCD
ACF0FFFAFFCBC956FFFFFFFFFFFCFFFF
B1FFFFFF88FFFFFFFFE1FFFFFF685090
FFFFFF5BFFFFFF7FFF58F7FFFFFFFFDA
FFFF2AC6B8FF238662DDFF58FFFFFFFF
FFBAFFFFFF8DFF66F76CC889FF85FFFF
6FFFFF9699FF8EFFFF89FFFFFF89FFC2
FFFF7EFFFFFFEC69FFFFFFFFA3C0FFFF
FFBBFFE2C8FFFFFFEBE6FFFFFFC3FFAE
FFFFA5FFFFB3A99A4AFFFFFFFFFFFFFF
C4B0F5FFFFFF95FFFFFFFFFFFFFFF5FF
FFFFFFFFFF5CE1F353FFFFFFFFFFF0A9
FF521DFFEBFFFFFFC5FFC4657AFFC9FF
FFFFD484FF89FFFFFFFFFFFFFFFF0000
20FFFFFFBDACFFFFFFF3E1FFFFFFADFF
FF4BFF4C41D0FFFFFF7057CAFF81FFFF
FFFFFFFFFFFFFF788E4FD24AFFFFFFFF
F4B5FFFFD766FF79FFFFB1CCFFBAFFFF
E065FFFFE8FFFFFFD5FFFFFFFF3EFFFF
FFFFFFFFFFEFA4F0FFFFFFFFFFE580A8
FFFFFFFFFFFFFFFF60A5B6FFFFFFFFFF
FFFFFF4AFFFFFFFFFF8EFFFFFFFF9E7A
FF85FFFFDAB8B517FFFF6750C0FFFFFF
7BFFF6FFFF5386FFFFFFFFFFFFFFFFFF
FFFFFFC7D6FFBCB791FFB8FFFFFFFFBC
FFFFFF70ACFFFFFFFFBFFFBCFFB1FFEA
71B5FFFFE17DA5FFFFFFFFFF7BB3FFC0
FFFF48FFEA5949D9FF54CEFFFF9AD31E
85FFFFFFFF844DFFFFFF1DE0FFDBFF4C
FFAA82FFFFFFFF973CFFFFFFD3FFECFF
FFFF30FF14FFFFFFFF68A7FFAFFFFFFF
87FF2ACEFFA958F7FFFFA4C1FFFFFFFF
71FFA9C2FFFFFFFFFFFFF0FF67F35AFF
FFFFFFD2FF53FFD0DEFFFFFFFFFFDFDD
FFFF9DFFFCFFFFFFFFFFCEE1FFFFFFA5
FFFFDFFFFFFFFFFFEEB9AD53B5FF7965
8F7C0B4FFFFF6B3F4498FF41FFFFFFFF
44FFFFFFFFFFECFF4FFFFFFFFFFFFFFF
FFFFFF9374FFFFFFFFFFFFFFFFFFE8FF
FFFFFFFFFFFF95FFFFFFAFFFD29DFFFF
FFFFFFFFFFFFFFFF3C689CEFFFFFFFFF
FF57AE6CFFFC52FFFFFFFFFFFFFFFFFF
DFFF9AFBFFFFFFFFFFFFFF83FFE1F6C0
FFFF346EFFFFBB41CB73FFC8FFFFFFB5
FFFF79FFFFB4FFFFFFFFA4B2FFE9FFFF
7BF0FFFFFFFFFFFFFFAEFFFFBDFF0000
DB33FF529AB3DB2FFFFF78FF37FFFFEB
BBFF33FFFFB7FFFF6EEDFFFFFFFFE4FF
6199FFFF3EEFA2FFCA86FCFFFFFF93FF
4F85EAFFFF74FFFFFFF17AF46153FFFF
9FFFFFFFC6FFFFFFA79C75FBFFA4FFFF
D5FF72FFFFFFFFA380FFFF579F5190C1
D7DEE764B4FFB5FF7E9A52FF44FFFFFF
FFFDFFFFFFB5FFFFFFFFFFFFA7FF52FF
FF53EEFF69FF468D686085C979376BF3
FF8071FFE0CDFFFFA9C751FFFFBFC4FF
450F76FFFFFFE7D1FFFFB6FFFFFDFFB0
FFFFF2F65BFFFFFFFFFFCDFFFFB2FFB4
5522FFFFAECDAFFFFF8BA295FFFFFFFF
FFFF7FFFB4FFCAA0FFD9A7AAFFFF4482
FF40FFFFB591ADFFFFFF6E95D9E4FFFF
91FFFFFFFFFFFFBED037FFFFFFE5FFFF
36FFFFFFFFFFBBFFFFFFFFFFCFF2E7FF
FFB581FFFFACFFFFA2BAFFFFFFACFFC3
FFDFFFFFFFA9FFF6FFAE47D2F3FFFFFF
FFFFFFE6FFFFFFA3FFFFFFF7FFA5FFFF
FF86FFFFC5FF71FFFFE4FFFF47FFFF41
DEEF3BFFEEFF76FFFFFFAEFFFFDED3FF
FFFFE7A758FFFFFFFFDDFFFF66FFFFFF
D4FFD8FFFFFFC4AA83FFFFFFFFFFFFFF
FFFFFFFEDAFFFFFFFFFFFFFFFFFF80FF
FFBDFFFFA4FFF2FF98FFFFFFFFA0D3FF
FFFFFF98CCDDFFE8FFFF831EFFFFFFFF
FFFFFFFFFFFFFFFEFFFFFFFFFFFFFFFF
87ADFFFFFFFF60FFE08CFFFFFFE0D6FE
90FF13FFFF9CB035B6FFEAFFD17BFFF6
D3FFE8FFFF897AFF9CFFFFA4B04CFF87
FFBBFFA5FFFFCBFFFFFFFF9BFFD40000
FFFFFFD6FFFFFFFFFFFFFFFFFFFFFFFF
FF5DFFFFFFFFEBFFFFFFFFFFFFFFC9FF
FFFF2BFFFFF7FFFF39572377FFFFFFFF
FF9EFFFFFFFFFFFFFF7FFFF3FFFFFF1E
FFFF98FFC8FFFFFFB1FFFFFFFFFFFFFF
FFFFFFFFF12FFFFFFFFFFFF2FFBAFFFF
FFFFF1AEAAFFFFFFFFFFFFFF67FFFFFF
6CFFBEAFDC66FFFFFF79FFFFCCFFFFFF
FFFF91FF5EB3FFFF59FFFFFF2F4B1AF5
FFFFE683FFFFEEFFBF24FFFFFFFFEFB6
9089AFFFFFFF3AFFDDC73FFF7EFFAFFF
FF83FF6B56DAFF59FFFFFFDE84DDFFFF
FFFFFFFFFFB1FFFFEE8DFF453FFFFFFF
FFFFFFFFFFFFFFFFC6FFFFFFFFFFFF2E
FF9ED3FFFFED41FF75ADFFFFFFF3FFFF
FFE8BCFFFFD8FF7D90FFFFFFFFFFFF81
FFFFFFFFFF2FFFFF8AFFE2FFFFF1FFFF
FFFFFFBDFF9AFFFFFFBFFFD4FFC7FFFF
FF4BA5FFC4FFA6BDFF3DAF969AFF89FF
FFFFFFFFFFFFFFFFFF4FBE7FFFFFFFFF
FFFFFFFFFFFF8CC3BA70ECFFFFFFFFFF
FFFFFFFFFFFFFFFFFF12FFF8577DFFFF
FFBEFFF3FF53A99FDF85FFFFFFFFFFD4
A1FFFFFFFFBEFFFFFFFFFFFFFFDFFFFF
CEDBFFBAC6FFFFFFFFB1FFFFF6FFFFE4
AFFFFFFFEE18FFFF27F9FFEAFFB5FFFF
A482FFFFFFFFFF5FFFD2FF3FEDD8FFFF
D06CCEFFFFCAFCFFFFFFFFD3DBC5FFFF
5AB38E89FFFFFFFF45818180FFFFDECD
FFFF18FF3EFFFFFF7E60A6FF53FFFFD0
FFFFFFFFFFFFF8FFFFE6FFFFFFFFFFB7
FFFFFFF4FFFFEFFFFFF9FFDEFBFF0000
FFFFFF843A94FFFFFFFFFF9FFFFFE1FF
DFFFA6FFFFFFEDFFBC75D9FFFFFFFFFF
83AAFF64FFFFF1D1FDC4167AFFFFFFFF
E5FF9BFFFFFF863A9CDBFFFFFF7C2AFF
FFFFFFFFC2FFFF7AFFBCFF8A94FFFFFF
FFFFFFFFD3FFA7FCFFFFFF6BFF2AFFFF
FF99DB67FF5673FFFF88EE6DFF6EE9FF
D4FFFFFFFFFFFFFFFFFFE9FFFFFFFFFF
FFFFFFFFFF4861FF71FF9AFFE94D13E5
D2C84191F1FFFFFFFFFFEBFF96C9FFFF
FFFF71B2FFFF95FFD6ADFFFFFFFFFFF4
FF6CCBFFFFFFFFFFFFFFFF34D3FFEEED
FFA66CB88595FF0546FFCCFFFFD2B0FF
FFFF89FFFFFFCBFFFFFFFFF7FFF4FFE4
40FFFFFFFF86FFFFFFECFFFFFFFB22FF
FFFFFFFFFFFF88E9FFFFFFE9DA46FFFF
4FFFE34EFFE7B6FFFFBDFFFFFFFFFFE4
FFFF8D8CFFFF99FFFFFF92FF6EF1B9FF
DC6E1D4659FFFFFFA0E9FFFFFFFFFFFF
FFFFFF1EFF9D30FFB7D1FFFFFFFF93FF
FF7D97AEFF8CCBFF294B8EBCFFFFFF9F
FFFFFF84FFB6FFFFFDFF52FFC39AFFFF
FFFDFFFFFFAEFFFFFFFFFFEFFFFFFF0B
9DFFFFFFFFFF57D7FF4DFFE3FFFFB3F1
FFFFFFFFFFFF91FF8EA9DBFFCAB2CBFF
6ADBFFB2FFFFFFFFFF34FFEB48FFFFFF
FFFFB8FFFFFFFFFFFFFFFAFFDE7374FF
FFFFE8FFFFFFFFD5FFFFFFFFFF52FFFF
FF3EDFFF2FFFFFFFFFFFFFFFFFBFFFFF
44DEFFFFFFFFE06FFFFFBEFFFFFFFFFF
AEFFF6FFFFFFFF69FFFFBDFFFFFFFFD4
FF74FF82FFFFFFFFFFFFFFFF5FFF0000
ABFFFFCE8A99E4FFFFE2FFFFFFFF44FF
FFFFFFDAFFFF44F0FFFFFF55FFD5FFFF
FFFFB392FFFFF0FFFFBD45C2CEFFFFFF
FF4FFFFFFFFFFF6256FF57FFFBEEA8FF
E5FFFF69FFFFFFFFFFFFA7FFFFFFFFB4
73FF2C617875FFFFFFFF7CFFFFFF7B85
0A8FFFFFFFF8FFFFFFF3FF49337A4DFF
7DD28CFFD9D3FFFFD9FFFFFFFFFF62FF
2EFFDAFF7EC9FFA6FFD0FFFFFFFF2492
FFFFDED48DFFFFFFDCFFFFFFFFB2C4FF
FFFFFFC0FFFF20FFFFFFFFFFFFFFC7FF
FFFFFFFFB9D0FF4FE4FFFFFFFFCCC58B
A7FF59FFE098FFFFFF9CFF4470FDA186
BED9FFFFFFFF4F5EFFFFFFFFFF653AFF
FFFFFFFFFFFFFFFFFFFFF0FFC25CFF95
FFB3FFB64AF8FFC0FFC2FF80FF51ADA0
FFFFFFFFFFF2FFFF4CFF46FFFFFFFFFF
FAFFB2FCFFC2FFFFE6FFFFF8FFF0FFFF
FFFF7999FFFFFFFFFFFFFFFFFFFFEA96
FF29D893A9C7F09925C1FFFFFFFF93C2
FFD669CCFFFFFFC1F5B784FFFFFFE624
6EF3FFFFFFFFDFFFFFCEFFFF59FFFF77
D8FFFFFFFFFFFFFFFFB6FFFFFFFFC464
8F1AFF9BFFFFFFFFFF85BEEBFFBBFFFF
42FFDAFFA8FFFFFFFFFF47CBFFFFFF6D
FF39FFFF6763FFFF90FFFFFFFFFFEDE5
30CDE4FFFFFFFFFFFFFFECFFF2FFFFFF
FFFFFFFFFFFF7BFAFFF8FFFFFFCBFFFF
FFFFFFADFF50FF6EEDFF07C2FFFFFF2F
F8FFFFFF8EFFFFFFFFFFFF9BFF6FFFFF
66FFC2FFFFFFC8FFFFFFFFFFFFB1BDB6
FFFFFFFF78FFFFFFFFFFFF8DC7FF0000
FFFF3BB3B3FFFFB0FFFFFF6BFFA07DFF
67FFFFE4FFEFD3FFFFBCCAFF71B1FFFF
FFFFFF4EC4FF7BFFFF84E8FFFFFF2BFF
9BFF8C5CFF9291B9FFFFFFFFD26395C0
FFFFFFFFFF8EFFFFFFFFFFFFFFFFF0FF
AEFFFFF2FFEB8FFFBBFFFF23E4FFFFFF
5692FFFFB9FFFFFFFFFFFFD86DA6FFFF
8EFF76FF9EEBFFFFFFFF57FFFFEDFFFF
FF81D3FFFFFF4DFF7FF197E7FFFF3AAC
FFFF5DED2FFFFFFFFFDA8BFFFFFFECDD
FEB8AEFFC930FFFFC0FDFFFFFFFFFFFF
FFFFC7B89D7F44C41DFFFFF8FFFFFFFF
FFFFFFFFFFFFFFFFFFFFFFFFFFFFEEFF
FFFFFF75FFFFFFF2FFFF97EAFFFFA54C
FFFFD2BDCCFFFF64FFFFFFFFC0B784FF
9BCDFFFFFFFFFFC3FFD1896CFFE8FF5F
FFFFFFFFFFFFFF7DC3FF2DFFFFFF8662
FFFFFFC4FFB990FF60FFFF93FF0FFFFF
FF41FCB0FFFFFFF0FFFFFFFFFFFFFFFF
F6FFFFFFF33A70FFFF53D6EB9FFF78CE
FFFFDF585EFFFFFFFF7F92A7FFFFFFAC
8FFFD3FFFFFFFF45FF42FFAA86FFFFFF
4DFFFFEDFFFF7DFFA479ABFFFFFFCAFF
FFFFFF7FFFFF6481FF495CFFFFFFFFFF
6FFF82FFFFFF557E8CFFFFFFF4FFFF9C
FFA3E1FFFFFFBDFFFFFF27FFFFFFFFFF
C4FFFFC6FFE0FFFFFFFFFFD6FFFFFF80
FFFFC4FFFFFFEA42B7DF7FFFFFFFE5FF
FFFFC0FFEB7DFFFF96FFFF80693BFFFF
9BFF0FFFFFC7FFA0FFFFFFFFDFFFFF2E
FFFFFFFFFFFFCDFFFFF6D6FFFF90836C
D6FF9DFFC5FFD0FF44FFFFFFFF6C0000
515BFFF584FFFF79FFC1FFFFFF84FFFF
DEFFFFFFFFFFFF271EFF6FFFFFFFA49C
FFFFFF6CEAA0FFFF42FFBF5DFFCBFFFF
6AFFFFFFFFFFCAFFC0FFFFFFD8DAFFFF
FFFFFFBEFF566EFFB845FF99EBFFFFFF
FFF7FFFFFF74A83DFFFFFFFFFF66F2FF
E5A5D1E2FF3EA2CBFFE7FFFFFFA4FFFF
8F4DFFFF2EC1FFFFFDE8FFC4B2F9FFFF
FFB7FF27FFE7D4A4FFF6FFFFFFFFFFC4
B3FFFFFFFF9DFFFFBD61ABFFFFFFFFFF
FFFFFFFFFF7DE9FFFFFF91DBFFB7FFFF
FFFFFFFF77FF98FFFFFFFFFFFFFFABFF
FFFFFFFF7F54FFFFC4FFFF57B0FFFFFF
3DFFFFFFACB0FFE97F42D0FFFFFFFFFF
FFFF67FFFF53FFFBFFBBFFFF9CFFBACA
7476FFFFDC628C5DFFCFFFFFD3ACFF47
FFFFFF61FFFFEE5986FFE3FFFFFFFF5E
FFFFCCFFC8A0FFFFFFFFFFFFFF97F9C3
FFFFFFFF678AFFB2CDFFFFFFFFFFFF9A
B5FF3795FF4989FFFFFFFFFFFFFFB3FF
FF52FFFFFFFFFFD6505646712CFFA8AC
FFFF67FFB255FFDBCDD1FFB9FF94FFFF
56FF9AFFFFFF64FFFFABE6FFFFFFFFFF
FFFF82FFFFFFFF94FFFF9CFFFFFFE8FF
27FF7195B38992B7BCFFD8FFF3FFFFDF
819DFFB1FFFFB3FFDBD47BFFB8FFFFFF
FF90A74E1D45FFFFFFFFFFE6FFFFFFFF
FFFFC9FFFFFFFFFFFFFF9CFFFFFFFF77
FFF7FF6FFFFFFFFFFFFFAF6FFF8FCBCB
7EFFFFFFFFFFFFFFFFFFFFFFFFFF9DB1
FFFFFFFFF44CFFF9FFFFFFFFFFFF8EFF
FFFFFFFFFFFFFF2EA2FFFFFF7EFF0000
FFFFFFFFFFFFFFFFFFFFFFFFFFE0FFFF
FFFFFFFF5FFFFFFFCBFFADFFFFC2FFFF
7CFF7FFFFF9AFFE7FFFFECFFFFFFFFFF
C2FFFFFFFFFF73FFFFEBDDFFFFFFD1FF
E7FFFFFFCDFFFFD9D4B3E6D8FFFFFFFF
FFFFFF5EFFFFFFFFFFFFFFBBFFFFFFFF
FFFFEAD4AFFFFFFFFFFFFFFF72FFFFFF
A70CFFACFF45FFFF906670FFFFFFFF97
B2BFFFFF1A8575FFFF6AFFAD9BFFFFFF
7F7683FFFFFFFFFF96CEA9FFF3FFFF9B
FFFFFFFFFFC8EDFFFFFFFFFFD9FFFFFF
FF5AFFFFFFFFFFFFFFFFFFFFFFFFFFFF
9557E9FF4150FFFF32EDFFFFF377ACFF
F1FFFF7DFFFFFFFFFFFF73BFFFFF63FF
FDFFFFFFC2FF9CCBCDFFFFFFFFFFC797
FFE4FF45A9B496FF99FFFFB0FFE778FF
E58CFFFF7CFFFFFFBAFFFFFFFFFFB6D8
CCA99847C674FFFFD6F9D1FFFFFFFFFF
FFFEFFFFFFFFFFFFFFFFD7FFFFFF8BFF
FFFFCCF075FFFFFF66FFFFFFFFFFFFFC
FFFFFFFFFFFFFFC8FFD16555FFFFFFB6
FFD2FFCB8599D7FFC1FF48E8FFF5FFFF
FFE4FFFFFC5DCBD6FFFFFFFFFFFFEFFF
FFFFF87DFFFF2AFFA6E7B9F47190E9F1
FF87FFF1FFF7FFA1FFFFFF9FFFFFFFFF
FFFFFFE4FF96FFA4FFC4DFFFFFFF86FF
FFFFFFFF7A92FFFFFFF9FFFFFFFF97EA
FFFFFFFFFFFFFFFF2CFFFFC6FF91FFCC
22FFF7FF60FFCD81FFFFFFFFA5FFFFFF
FFFB87FFF591FFFF61D1F2FFFFE7FFFF
FFFFFFFFFFA8FFFFFFFFFFFFFCFFFFFF
91FFFFFF7647FFA0FFFFFFFF9DFF0000
FFFFFFE875EBD2CAB361FFFF8DFFFFFF
FFFFC262FFFBFFFFFFFF96FF5DFFFFFF
BA2EFF59FFA7FFBCEDFFFFAAFFB8FFFF
F8FFFF8DFFFFFFFFE0FFFFFFFFB7FF6A
FF5252492FDCFFFFFFFFFFFF72E78DF1
FFFFD499FFFF5CFFFFFFFFC9F2FFFFFF
FFDAFF5AFFFFFFFFFFFFFFB2FFFFFFFF
FFE0FCFFFFFFFF37FFD179FF59FFA0FF
B8FFFFFFFFEF7EFFFF2FFFFFFFFFFFA8
FFAFFFFFFFFFFFFFFFFFFFFF26FFFFCA
FFFFFFFF62FDFFFFFFB8FFA033FFFF73
FFC4317AA6F1E6EFFFFFFFFFFFFFFFFF
D44CFFFF8D07FFACFFFFFFEFCEA244FF
FFFF6FFFA38EFFFFFFFF8AFFFFE8FF6D
D657FFFFFFFFB05042F3FFE3FFFFFFFF
FFFFFF71EAFFFEFFD5FFFFFF5247FFE4
FFA8E3FFFF22FFFF69FFFFFFFFFFFFFF
FFFFCBFFFFFFFFFFFFFFFF8AFFFFFFFF
FFFFFFFFFFFFCFFFFFFFFFFF4A7193FF
FFFFFF7EDFD999FFFFFFCD2A8CFFFFFF
FFFFC1FFFFF1FFFFDDFF4C2BE9D4FFBB
FFFF43CB1A3739F6FFFFFF6E99FFC2FF
DFFFA8482849AFA28A4396ECB8FFCF78
FFFFADEDE5FFFFFFFFA8FFE3E2FFFF91
FFFFFFFFFFFFFF6EFFFFFFFFFFFFFFFF
33CCFFFFD861F799DCFFFFFFFFFFFFFF
FF7CFFFFFFB6FF94F3C0FF79D489A0DF
FF7BFFFFFFFFFFFFFFFFFFC7F5FFFFE6
FFFFFFCEFFFFFFFFEEFFA0FFAAFFFFFF
84866C75FFFFFEFFFFC2C9D6FF65FFE0
FFFFFFFFFF95FFF8FFFFFFFFFFFFFF1F
FFAAFFCDFFFFFFF697FFFFF6AFEB0000
F1FFFF8EFFFFFF39FFFFFFFFFFFF61FF
98FF7EA62D3EFF4FFFFA61FFFFFFFFCA
FFFFFFECFFFFDD723DFFDBFFFF22FDAE
44FFFFA2FFFFFF93FFFFFFFFFFFFFFFF
D9FFFB76FFFFFFCAFFFFBAFF5FC9E1CA
FFA7FFFFFFC483FFFBFF82FFD0FFFFFF
FFFFFF6A8DFF49FFFF70FF2CFFFFFFFF
FFFF58FFDAFF269FFF98FFFF858CCA85
FF91FFEC77FFFFFFFFFFFFFFFFFFD617
FFFFF0A0FFFFA0C48399FFFFFFFFFFFF
FFC8FFFF8BDA9392A1FFFFFFFFFFFFFF
FF59C6ECFFA00C1AFFFFFFFFFFFFFCFF
C1FFFFFFFFFFFFFFFFCAFFFFFFE6FFFF
FFECBEBEFFFFFFFFFFFFFEFFFFFFFF2F
EE40FF3EFFFF267C9FD3FFFFFFFFFFFF
D1619AF4FFFFFFFFDCFFFFFFFFE1FFD0
77E1FF9AFFDE46FFFFFFFF86FFFF53FF
FF38FBFFFFFFFFE6F6EDFFFF9160A94B
1BB289ED50FFFFFFDEFFFF98FF38FFFF
FFA6FFFF33FFFFFF84FF64F74CDCFFFF
56CFFFC95BFFFFFFF3FF5E3CFFFFFFFF
8AFFFFFFBA6A88FFFF8CFFD9FFFFFF20
B6DCFF1BC894FFFFB8FFFFFFFFFF7948
FF60C998FFFFCBFFB9FFFFFFFFB24F92
FFFFF7FFFFFFFFFFFFFFFF68FF89FFFF
FFFFFFFFFFFFFFFFFFFFFF42C4FFFFFF
FF1BFFF9FFFFFFFFFFB9BCC1718AFFFF
FFB6FFFF1742FFEFFFFFDC7FBDFFFFFF
A4FFFF7D7666FFFFFFFFFFFFFF82FFFF
FFFFFFFFCB137B60FFFFFFFFFFFFFFDB
79FF8A64FF1BFFFFF1FFFFFFC9FF82B2
FFFFFFF2FFFF53FFFFCEFFFFFFD00000
FFFFFF9FFF0E65FF92FFFFFFFFFFD9B2
E1C369FFBAFFFFFFFFFFFFFFD7FF38FF
FFFF3795FFFFFFFFFFFFFFFFFFA089C1
66FFFF4B77349EFFFFFFFEFFFAFFFFFF
FFE9FFFF33FFFFFFFFFFFF2EFFA9F197
FFFF73FFE2FFFFFFFFA6FFFFD7FFFFFF
9CB1E5284FFFFFFFFFFFFFFFFFFFE3FF
FFFFF8FFF0FFFF67BFFF9CB1E7495351
FFB3FFFFFFF6FFFFC5FFFFFFBAC1EFFF
F7FFFFFFFFFFFFFFFFFFFFF8FFFF4AFF
E2FFC7D386AEADFFFF99FFD5FFFFEFFF
89FFDCFFFFFFFFFFFFFFACFFFFFF8963
C46EFF14E44AFFFFFFFF97FFFFFFEB8B
FFFF9EFFA6A1FFFFFFFFFFFF1579FF93
FFFF7FFFFFFFFFCAB1FFFF7FFFFFCBFF
F080FFFFFFFF97FFFFFFFFFFCEFFD0FF
FFA0FFFFC8FF94FFFFFFFFB6245CFFD0
81FFFFFFFFFFFFFFC77FF6B1A7A1F9B2
FFFFFF18FFFFFFFFDA7CDFFFFFC7FFFF
FFFFFFFFE5FFFFDF87FCFFFFFFFFFFFF
FFFF82FFFFFFFFFFA7FFCE61FFFFC3FF
4783FFFFFF52FFFFFFFFFFFFFFFFB5FF
FFE4FFFF67ACFFFFFFFFE1FFFFFFBAFF
FFFFFFFFFFF5FFFFFFFFB29DFFFFFFFF
FFFF4AE1FFCFFFFFD5FFFFFFFFFFFFFF
FF56FFFFFF4DB8F1879D3EA7FFFF6DEE
FF9BFF32FFFF6FFF80FFFFFF44B896FF
FFFFDEFFE5FFFFFFFFFFBBFFFFFFFFD7
A3FFFFFFA63AFFFFFFFFFFBDFFFFFFF7
FF2F62FFCBFFB5F0B6FFFF4AFFF7FFFF
FFFFDF3ECEFF99FFD0FFFFFFFF5A8FA0
FFF8FFFF32A5A271E4B0FF9DD4FF0000
B5C19532FFFFFFD2FFA4FFD4FFFFFFFF
FF7EA9A4FFFFFFFFB5CAFFFF30FFFFFF
FF6AEDFFFFFFB3FFFFFFFFFFA4FFFFFF
FFD5FFFFFFFFD330C6FFCDFFFFFFE7FF
F70CFFFFFFFE7AFFFFFFFFFFFFFFFFFF
9DFFBEFFFF9AFFFFFFFFFFFFFFFDFFFF
FFFFFFFFFFFFFFFFFFE19ABCFFFFFFFD
FFFFFFEB87BBFFFFF361FFFFB2FFFF87
D2A550FFFFFFFFFF57FFFFFFFFFFFFFF
FFFF4AF9FFFFFFFFFFFFADF8AFFFFFFF
FFFFFFFFFF68FFFF66ADFFB6FFF5FF9E
2EFFFFFFD7C8D5FFFFFFFDFFFFFFFFFF
FFFFF4F3A8FFFF8C87FFA4E89F3586CD
FFFFFFFFD6238AFFFFFFFFFFFFFFABFF
B570FFFFFFFF6DFFFF4273FF3EC2FFFF
C5FFAF5E62FF97FFFFFFB54525FFFFA6
D1809170CFA6FF8EADDCFF81984D4519
FFFFFF59FFFFFFFF9AFFDBFEFF99FFBF
FFFFFFDBFFFFFB7A6460FFFFFF756DFF
FFFFFFFFC1FFFF73FFA0FFFF5875CDD6
C8FFFFFFC882FFAFC6FFA1EDFFFFFFFF
994AFFFFFFC6FBAFFFFFFFF775FFFF47
FFFF63FFAF59E2FF7EFFFFFFFFFFA0F9
FFDBADFFA5FFDEFFFFF7FFFFFF855DFF
FF71FFFFFFF2FFFFFFFF68FFFFFFFFFF
E5FFFFFFCFFFFFFFFFEFBBF5FFFFFFFF
FFFFFFFF8DFFFF6FFFD2FFB77C8BFFFF
EDC93AE5FF87FFFFFFFFF6FFE8FFF76E
FFFFFFA6FFFFFFFFFFFFFFFFFF27FFFD
FFFFFF7FFFFFFFFF43FFFFFFFFE3FFFF
F0FFC485FFFFABFFFFFFFFFFFFD7FFFF
FFFF42FFFFFFD375E8BEFFFFFFFE0000
FF92BCFFFFFFFFFFFFFFFFFFFF7EDFFF
FFFFFFFFF6FFFFA19BCDFFFFFFFFFFFF
FFFFFFFFFFFFF2FF9AFFFFFFFFFFFFFF
FFA0FFFFFFFFFFFFFFE6FF90FFC1B1FF
FFFFFFB0D494CFFFFFFF45FFFFDDFF8F
FFFFB0FFFFFFFF27E2FFFFFF84B6FFFF
FFFAD0FFFFFFFFA2FFFF9D86FF9AFFFF
FFFFFFFFFFFFF6A81FFF6880FFFFFFFF
FFBEFFFFFFFFFF459DFFFFFFFFFFFFFF
FFE78BC7FFFFFFFF98FFFFFFFFF7FFFF
FFB9FFEBFFEA3CFFFFFFFDDFFFFFFF68
E4FFF593E5FFFFD6FFFFFFFFFFC0FFFF
B8EEE6FFFFFFFFBAFF87FFFFFFB21BFF
FFF0E6FFD1FFCAFFFFFFFFFFFFFFD2F2
FFFFB8FFFFFFFFD4FFFFFFA2FFFFC4FF
FFFFBFFFFFDEFFFFFFFF58FFFF99CAFF
FFFFD6FF87FFFF99FF52BCFFFFF7E4CB
FFFF11FFFFFFFFFFDA9E6B9F71FFFFFF
22FFEFD3FFA08AFFC07FFCFFFFAFFF59
BFFFFFFFFFFFFFECFFFFFFFF9A5568D7
E6FFFFFFFFFFFF7BFFD1DFFFFFFFFF97
6E86FFFCFFF9FFFFDF2ED5FFFFFFFFFF
FFFFFF1FD7E5C34CDCFFFFFFB2C652BD
A568FFFFFFC2FFFFFFFFEEFFFFFFFFFF
B9FFA472FFFF25F6FFFFFFF525FF96FF
FFFFFFFF2CFFFFFF8AF5FFFFC7FFD0FF
FFFFFFFFFFFFB1FFFFCBFF4D201EFFFF
2C85FFFFFFFFC8F0FFFBFFAE2282A5FF
FFFFFFFFFFFFE9FFFFFF21FFFF3BFFFF
D08E6DFFFFFFFFFFFFFFFFFFFFFFFFFF
63FF0B2AE8FFFAFF79FFFFB3FF5EFFFF
FFFFFFE2E2D4F42B92FFC6FFFFB20000
FFFF66B9D8FFFFD6E6FFFFF5B3EDFFFF
FFFFFFFFFFFFFFFF898CFFFFFFFFFFFF
FF8878FFFFFFFFFF91B9F4FF74FFFFFF
F056FFFF7FFFD0C3FFFFADFDFFFFFFFF
8C3CFFFF71FFFFD0FF401CB2FFFFFFFF
FF6CF8FFFFFFFFFFFF97C0FFFFF9FFFF
7EADFFF1FFFFFF8775D7FFFFF4FF0BFF
FFFFFFFFFFFF7DFFFFAFFFFFFFFFFFFF
DBD5FF9EFFFF62FFABFFFFFFFFFFFFCC
F3CDFFB7FFFFFF8AFFFFFFFFFFFFAB77
62FFABC5FFFFFFFFFD6891FF20FFFFFF
FFFF41DBEDFFFFFFFFFF8EFFA3FF35FF
FFFFE8FFFFCA6F98FFFF62FFFFFF81EF
BBFFFFFFB7FFFFFF86FFFFFFC7B74DFF
FFFFDDFFFF65DFFF35FFFFFF91FF9224
FFFFFF88FFFFB7FFFFFF85FFFF3C53FF
FFF8FFFFF0FFFF9EFFFD5137FFFFDAF2
44D9FFFFD7B1FFFFFF3B6064F9FFFF52
E0D4FFDF27DD6EFFFFFFFFBDFFFFFFFF
7F94FCFFFFFDF989FFFFC0CEE1FFFF3E
FFFF87FFCEFF0C88FFFFFFFA8450C758
FF946AFF32FFFFFFFFFFFFBFFFFFEBFF
B6FFFFFAABFFB8FFFFF0FFFFFFFF2E8C
B0FF3AFFFFCDFFFFF4FFE5FFFFFFFFA9
FFFFFFFFFFFFFFFFFFFFFFFFFFFFFFFF
FFFF1DCDFFFFFFFFFFFFFFE7FFFFFFFF
FFFFFFFFFFFFFFFFECFDFFB48391FFFF
B4FFFFFFFFFFFFFFA56A8EFFFFFFB3FF
FFF5FF64FFE6FF7BFFD3B21548FF65FF
FFFFFFEBFFFFFFFFF1FF98FFFFFF73B1
FF76FFAADE9D63F2FFACFFFFFFA17EFF
ECF4FFB5BCF0FFE5ECFFFFFFFFB70000
FFFFEAA2889EE727FFADC073E3FCFFFF
FF1CFEFF45FFFFFFFFFF77FFFF86FFFF
FFFFFFFFFFFFFFFFFFFF46FF8BFFADFF
9EFFD8FFFFECFFFFF67654FFFFC9FFFF
FFFFFFFFFE98FFE5E6FF24987FAEDEFF
C0FFF6FDA5FFFFFDFF61FFFF982FFFFF
FFFFFFFFFFFF87FFFFFFBEFFFFE6FFDD
FFFFFFA6FFFFFFFF90FFFF99FFFF5AFF
FFFFFFEAF5FDFFFFFFFF85FF3DFFFFFF
FFFFFFFFFFFFFFFFD8FFFF1BFFFFFFFF
FFFFFF6BFFC8C6FFFFFFFFFFFFFFFFEB
FFFDFFFFFDFFF0FFFFFFFFFF608DFFD5
FF7DFF6AF3CD69FFFFFFFFFFBAFFFFFF
D4FFFFFF22FFFFFFFFFF53FF84578C7D
FF8B60FFB03FFFFFFFFFB8F6FFFFFFFF
FF7441FF9BD6FF6C4864B8E483FF9EFF
FF5DC42FFF5DF8FA42FFFFFFFFFF6FFF
AA70FF36B3FFFFFFFF87FFFFFFD26FFF
FFFF2EFFFF6EA5FFFFFFFFBEFFFFFFFF
FFADFFFF5BFF6EFFFFFFFFFF84FFFFFF
49FF5DDEFFFFFF2199CDFFFFFFFFFFFF
FFFFFFC1D0FFFFFFFFFF97FFFFFFFFFF
6ED3FFD9FFFFD0FFDBFF3CF9FFFF65FF
FFFFF7FFF8FF8CFF4EFFFFFFFFDDFFA7
C0FFFF6B95DEFFFF3564FFFFFFE0FFFF
FFFF89FF5FFFFF71C07AFFE0FFBDFFFF
FFFF340D70FFFC850C54FFFF6246FFB6
FFE59EEBB94453C6FFFFF3FFFFFFFFFF
FFFBFFFFFBFFA8FFFFFFCE85FF6AFFC5
FFFFFFB1FFFFFFFF27FFCCFFFFFF8DFF
FFFF51FAB257876CF5FFFFA1FFFF3DFA
FFFFD8FFFFFFFF6BFFE6DC43FF8E0000
FFFFFF79D8FFCAFBFF5CA55BFF94FFFD
FFDAFFFF73FFFFFFFF96FFFF36B4FFB2
AF5AF75BAF92FFFFB0FFFFFFFFFF92FF
FAFFFFBCFFFF91FF49E48EFFFFFFCDFF
8B26E1FF87FFFFFFFF83BAA0FFFFFFFF
FFFFFF71FFFAFFFFFFFFFFFF82BC96E6
FFFFB9FFFF88FFFFFFFF98FFB7AAFFFC
82FFFFFFFF81FFFF85FFEAE1FFFFFF53
71FF44FF9BAFFFFFFFFFFFFFFFFF30FF
FFFFC3FF25FF53D389FFCC79FFFFFFFF
FF77FFC2FFDAFFFFFFFFFFFFE7FFFFDE
97D8D0FFB7FF5C40FFFFDED563A1FFFF
FFEFFFFFFFFF5CFFA2FFFFFF5778DB66
FFABFFFFFFFFFFBAFF8BFF9AFFFFFFF3
FFAD7AFF98FFFF5AFFFFFFFF5BFFE9FF
FFFFFFF3FFFFFFFFD74BE56FFFFFFFFF
69FDE3FFC9FFFF31FFFFFFFF9F86A5FF
FF65FF7AB2FFFFFFFFE0FF85FFFFB569
FFFFFFFFFFFFD8FFFFFFFF72FFFFFFFF
FFFFFFA0FF59EBFFFBFFFFC944FF98FF
DEFFBFDDFFE4FFFF82FCE674443CBFFF
B685E1C717FFECFFB6FFFFFFFFFFFFFF
FFFFFFFFFCFFFFFFFFB5BFFFFFFDA0CB
FFFFFFFFFF92FFFF46FF6CFFFF50FFFF
2CA98DFFFFFDB28DFFFFFFE7FFFFFF58
FFBEFFFFCBFFFFFFFFFFFFEBFFADFFFF
FFC5D290FFFCE1FFFFFFFFFF51DEE7FF
FFB2FFFFFFFFD7FFFF41FFFFFFFFFFFF
FF7EFFFFFFFFFFC99CFFFFFF9DFFFFFF
A0E8FFFFFFDBFFFFFFFFFFFFAD94FFF7
FFFFFFFFFFE0E9AEFF6A33FFFFFF9ADE
FFADFFFFCDFFFFE39B82FFFD818F0000
E2FFFFFFC7FFB1FFFFFFFFFFFFFFFF94
BBFFFFFF6CBAFFE2139FFFFF65FF69FF
FFFFFFE8FFFFFFDFFFFFFFBEFF53EEDE
FFDCD6FFE8FFFFFFFFABFF99194CFF74
D8AE72FFC0FFE6FF72FFF7FFFFFFFFEB
BC29C9FFFFFFFFFFFFBFB1FF92FBFFB6
FF97FFFFCBFFFFE8FFFFFFFFFF8BFF55
FF93FF82FFFFFFFFFFE2FFFF9766FF2E
FFFF87FFFFFFFFEBFFFFEFFF0BFFFFFF
FFFFFFFF7AFF1CB5FFFFEBFFFFFFFFFF
FFFFF7FFFFB1AC57FFFFFFFFFFFF95FF
FFFFFF4CFFFFFFF7FFFFFFFFE28CFAFF
FFF8B8F6F9FFF0FFFFBFFFF8FFFF75C5
9BFEFFA6FFE8F2EDFFFF0DFF5F7BE1BF
FFFFFFFFFFFFFFFFE1FFE3C7FFFFFFFF
FF5DFFFFFFFFFFFF32F2FF53FFFFFF45
FDFEFFFFFFFFDAB5FFF9FFFFABFFFFFF
FFCDFFFF79ECFFFFFFFFFFFFFFFFFF7F
7DFF66FFE060A8D963FFFF64FFFFFFFF
E0FFA4FFFF9747FFFFFFFFFFFFFFFFFF
FFFFFFFFBDFFFFE7C977FF9EFFFFFFFF
CCFFE7FFFFA5FFD9FFCEFFFFC09DA621
FFFFFFFFFFFFFFFF66FF4CFFFFFFFFFF
FFFFFFFFFF81F0FFFFFFE07F8CD9FFFF
FFFF6BFFFFFFE0FFFFFFFFFFFFFFFFFF
FFFFCFFF6CFFB6FFFFFFFFB5FF7CFFFF
FFFF9AFDFFFFFFCAF9A8FFFF57FFF0C0
98FFFFFF39FFFCFFFF83D8FFFFD8F7FF
FFFFFF2DD6DCCEFFFFFFFFFFFFFFDDFF
FFFFA4FFFFFF7BFFFF8576FFEAFFFFFF
CDFFFF9FFF77FF71FF76FFAEBBFF55FF
FFCF41E6FFFF9BFFFFFFFFF63EBF0000
9AFFFFFFFFFFFFFFFFFFFFFFFFFFFFFF
FFFF76FFFFE4FFFFFFFFFFFFFFE3C1FF
FFA43228FFFFFFFFFFF8FFE0FF4BC7FF
FF79933AFFFFFFFFFFFF75FFFF5DFFFF
DDEB93FF55FF80786EFFFFFFFFA6FFFF
FFFFFF88FFEAFFFFFFFFFFA17E68FF59
FFFF44FFFF7FCCFFFFFFFF80FFFF54FF
FF45FFFFFF8FF37EDCD2FFFFFFE6FF65
EABA908DFF49FFFF99FFFFD1FFE0FFFF
FFFFFFFFFFFFFF4CFFFF37CC49FFFFB1
43FFFFFFFFBA22E5AFE5FFD2FFE27BDA
63EEFFFFFF99FFD0FFFFFFFF49FFFFFB
7CB1FFB0FFFFFF4770FFFFFFFFFFB4E4
A044D13AFF9DFFFFFFFFFFFF5BFFFFFF
FFE5FFFFFFFFFFFFCA70FFFFA7FF7C75
FFFFFFFFFFB4FF60FF22FF7FFFFF74A3
FFA4C9FFFFFFFFFFFFFFFFFF55FF3FFF
FFFFFF48EA528DFF0DFFFFFFB5FFFFFF
FFFFFFFFFFFFFFFF14FFD1FFFFFFFFFF
FFFFFFFFFFFFFFBFFFFFEBFFFFF99AFF
FFFFFFFFFFB6FAFF78F2FFEDFFFFFFFF
51FFDF91FFBDFF12545AFFBBFFFFFFCD
FFFFFFFFF6FFFFFFB0DB44A9F5FFFFFF
83FFFFAEFFFFFFFFC5D0B51677E7FFFF
FFE6EBFFF2FFFFFFFFFF40FFFFFFFFFF
FFA8C2FFD5FFA8FFFFFFFFFFFFFFB8FF
FF2FCBA5FFFFFF9DFFFFFF6974FFDCFF
FFFFF77BF6FFFFFFFFFFE5FFFFFFC7FF
FFFDFFFFFFFFFFFF3FFFFFFFCEFFFFFF
7D3461B3FFFFFFFFFFFFFF8D88FF67FF
FFFD5A64FFFFCBFFD9FFFFFF806DD6F6
A8A7FFFFFF14FFA9FFFFFFFFFFEC0000
FFFFFFBAFFFFFFFF50FFFFFF22FF8FFF
FFFFFFF2FFEEFFFFFFFFFFFFD0ADFFFF
E48D51A3FFFFA8FFFFFFFFD0FF7854FF
FF37FFFFFFFFEDDFE7FF78ECFFB98AFF
A19D35FF9EFFFFFF97FFFFFFFF92FFFF
FFFFFFFFFFFFFFC2FFFFFF70FFE696FF
EFEDFFB7FF6EFFFFFFFFE6FFFFFFFFFF
FFFFFFBBBAFFFF82FFFFFFE4FFFFB4FF
9BFA56FF66C3FFFFFFFFFE79FFC2FF7E
DCFFFFFFFFFFFFFFFFFFFFFFFFFFFFFF
FFFFFFFFFFE587FF91CBFFFFC0EE50E0
FF7FE3FFF4FFFFFFFFFFFF83FFCCFFFF
E7FFFFFFFFFFFFFFFFFFFFF5FF30FFFF
FF9D97FFFFFFC8C1FFFFFFA3F2FFFF9D
FFFFFFFF26FFFFFF8CFFFFFFFFFFFFD0
FFEAE1FFFFFFFFFFFFE5FF9FF9FFFFFF
FFC9A1FFFFFFFFFFA7FFFFF5FF81FF63
9E50FFFFC1A66FFFFFFFEFDCFFFFAE7B
FF51FF7AFFFFFFFFFFFFFFFF9092F1A2
FF4AFFE7FFFFFFFFEAFFC746FFB3FFFF
FFFFFFFFFF978E7EFF36F175FFFFFFC3
FF42FFFFD2B1F8D812A8E380FFFFFF35
8CFFFFFFFFA5F1FFFF8457FFFFFFFFFF
FFFFE7ACFFFFB9EAFFFF37AD96FFFFFF
FFFFFFFFE1FFFF58FF4FD0FFFFFFFFFF
FF3A81DBFFFF60FFFFFFFF8C5EFFFFAC
FFFF8BFFFFFFD2FFFF55FFFFFFFF50FF
FF9EFFEEFFFFA5E97FFFFFFFFF84FFFF
D04F54FFFFFFFF7CAE4EFFFFFFCF8F8F
DF6CD6FFFFFF4A88FFFFFFF275FF56E1
5CF4AAFFFFFFC9FFFFFF57FFFFE0FF30
FFFFDFBEFFFFFFFFB7AE2F6DCAFF0000
B98DFF7B71FFFFFFF3F2FFFFFFFFFFFF
FFBDFFFFFFFFD8FFFF40CCFFF9FFFFFF
FFFFB26D9FFFFFFFFFF6FFFFFFE597FF
FFFF23A5FFFFC64D80B7CAC9FFC2FFFF
E2FFFFFFFFFFFFFFFF49FFFF82FFFFFF
FFFFFF48FFFFFFFFFFFFFFFFFFFFFFFF
FF9FBFFF1DFFFFFFFFFFFFFFABFFFF29
FF3EFFC597C0D1FFBEFFFF70FFFFFFBF
B3FFFFFFFFFFFFFFFFFF9E56FFFFFFFF
FFFFFF7FFFFFFFFFDAFF3593CEFFC4CF
FF75FBFFFFFFFFE3FF8EFFD5FFFFFFFF
FFECFF6AFF1C71F597FF843995FFFFFF
FFFFDDFFFF79C1FFFFFFFFFFFFFFFFFF
FF58FFFF79FFFFFFFF3CB4F2FFFFFFFB
FFFFFFFFBD7EFFB2B8FFFFB8FFFFFFFF
FFF8FFFFFFFFFFBFFFFFAEFDFFFFFF69
FFFFCAFFC7FFFFFFFFFFC9C838FFDCFF
864DFFBBFFFF7E5BFFFFFFFFFFFFFFFF
FFFFFFFFEEFFFFFFAFFFFFFFF9FFFFFF
FFD6FF9FFFFF7CFFCC71FFFFFFC7B7FF
FF78FFFFFFACAFF6FF08B9FFFFFFFFFF
FFFFFFFFFFFF99FFDFB87CFFE4FFFF2E
CFFFFFDBFF5788E5FFFFFFFFFFFFFFF9
EC4EA6FFFFFFFFFFCEE2B5FFFFB4FF80
FFFFFF43FFFFCEA7D6C5FFFCFFFFFFCA
FFFF3095B3EE97D3FFDF62B8FFFF6AFF
FFFFFFFF309ADA89FFA3FF07FFFFFFFF
FFFDE5FF4DFFCFFFFFFFFFFFFFFFFFB6
BBFFE7FFFFFFFFFFF4FF97FFFFFF24FF
ADC163FFDEFF18FFFF927CE9BECEA4FF
FFFFE8FFCCFFFF2A89FFFFD8FF7EFF6D
DBFFFFB766FFE49CFFCD7FA195950000
FFB2FFE28FFFE5FFFFFF41FDE1FFE671
5AFFD7E544FFFFD1FFFFFF93FFFFFFFF
B0FFFFFFC8AEFF2DFFFFFF40FFFF92FF
F1FFDF17FFFFFFFFE23BB0FFFFFFFFFF
FFFFFFA473B2F379FFFFFFFFFFA7FFA7
FFFFFFFFF960FFC5FFFFCEFFB5FFFFFF
9787FFBDFFFFFFFFFFFFFFFFFFFFFFFF
FFFFFFFFFFB358FFFFFFC081FF68FFFF
B6B7EAFFFFE5FFFF881BFFFFFFFF40FF
FFFFFFFFFFFFFFFFFFFFD8FFFF8966D2
FFFFFFDAFFFFFFD6FFFFCBFFFFFFFFFF
D4FFFFFFFFFFF5CCFDFFC6FFE6B2FFB9
F7F3FFE0AB4ECAFFFFFFECFFFFFFFCFF
E366FF65FFC7FFFF5462A24CFF4CFF77
FFFF52FFFFFFFFFFFF9DFFFFFFFFFFFF
FFFFFFA3F1E23BFFFF5BE4FFFFAEFFFF
FFFFFF3EFF47A2AAFFFF69980FEAFF92
FFFFFF7BFFFFFF53FF64FFFFFFFFFFFF
B4FFFFFFFFFFC6C9FFFFFF14FFA5EAFF
FFFFB8FFFF9AFFFFFFFF61FFFFFFF428
FFA3FFFFFFFF69D2D9FFFFFFFFFFFFFF
3AE8FFFFFF96FFAE83FFFFFFFFEF8298
90FFFFFFFFB165FCFFFFFFFFEBFFCAFF
FF7DFFFFFFCAFFFF82E5FFFFFFFFE439
FFFFFFC3FFFFB2FFFFFF6D6BFF74FFFF
86FFAEFFFFFFFFFF71FFC7BAFFFFFFFF
FFFFFFFFB3F1ACFFFFFFFFBCFFFFFFFF
A2FFF9FF4AFFE7FFFFADFFFFFFFFFF49
FFC7FFFFFFFFFFFFFFFFFFFF4CFFFFFF
FCFFFFCA9B7A91FF7FFFFFFAB7DA60FF
FFFFFFFFFFC6FFFFFFFD56B39826FF55
FFFFFF427D9CFFFFC45DFFF738FF0000
F7FFFFFFFFFFFFFFFFFFFFFFFFFFFFFF
FFFFFFFFFFFF90FFFFBBFFFFFFFFFFFF
FFFFEBA67355FFFFDDFFEBFFFFFF7EFF
67FF94FFFFFFFFFFFFFFFDFF63FFE1FF
FAFFFFFF9289B3FF8DB7FFD1FFFFFF9E
FFF9FFFFEA77FFFFFFE0D4FFFFEDFFFF
3AC5FFFFFFFFFFFFFDFFCDFFFFFF66FF
FFFFFFFFFFFFF5FFFFF7FFCDFFFFFF96
99AAAFFFFFFFFFFFBE94DBFF2113FFFF
6DFF55FFFFFF8DFF56FF72D0FFE7FFD6
F9F9FFC1FF29FF3AFF29FFFFFFFFFFFF
FFFFDB71FFC6FF67FFFFA5FFCFFFFFFF
FFFFFF982D3DA4FFFFFFFFFFFFFFFFFF
FFFFFFD2FFFFFFFFFFFF9F30FFFFFF87
FFFFFFFFFFFF91E4FFFFFFFFFFFFFFFF
FFFFFF65FFFFFFFFFFB9FFFFFFFFFFFF
FFFFFF7F31FFD0B7FF9EACFFFCFFF7FF
FFFFFFFFBE93A164D6B1D6FFFFFFFFFF
B3FFBAFFFFFFE6ECFFA6FF7DF1FFFFFF
FFE064FFFFE4FFABFFD5FFFFFFFF77FF
FFFFFFFFFFFFFFFF5DE2FFFFFFFFFFDA
AAFFFFB861A1FFFBFFFFFFFFFFFF9AFF
FF8EFF5DAA95FFCEF2FFD6FFFFFFBAFF
FFFFFFFFFFFFFFFFFFFFFFFFFFFFFFFF
FFFFFFAEFFFFFFFF60FFFEAAFFFF73EB
FFFFC3FFE482FF47FF96FFFFB1D6FFFF
FF11F6FFFFFFFFFFFFFFFFDEFFFFFFBC
CAFF52FFFF4FFFECFF3DFFFFFFFFEB81
FEFFFF8AFFD01654D3E2F2FF89FF87E6
FF13E5B2FFFFFFFFC93444FFFFFFFFFF
FFFFFFFFFFFFBDFF45FFCDE245C2FFFF
E5BAFFC1FFFFFF513A12895AFFFF0000
FFFFFFFFFFC4FFFFFFF9CDFFFFFF79FF
FFBBF4FFFF55FFE5FFFFFFFFFFFFFFFF
436BD08CD26C6CA92964FFB27BFFFFFF
5169FFFFFFFFFFFFFFFFFFFFFFFFBA0C
FFFFFFFFFFFFFFB6FF7FFF4EFFC7FF60
FF5DFFB2FFFFFFEA8CB2D5FFFFB2FFFF
54DEFFFFFFFFFFFFFFFFFFFFFFFFFFFF
FFFFFFBDFFFFFFFFFF6FFF58FFFFFF1D
292E5B8E86A4FFFFA366FFFFFFFFFF7A
FFFFB0CDFFF6FFBEFF8CFFFFFFFFFF84
FFFFAFFFFFFFFFFFDBEAFFFFFFFF79FF
79D0FFECFFC7FFFF44FFFFFF8BB1FFFF
C2FFFFA1FFFFFF81FF86FFFFFFB7FFFF
FFFFE6FFFFFBFFFFFFFFFFFFFFFFEAFF
FFDFFFFFFFFFFFFFFFFFFFFFFFC3FFFF
FFFFFFFFFFFFFFFFCDC1FFFFFFFFFFFF
DFFFFFCFA2E8EA7BFFFF8B50DFFFFFFF
FFFF82FFDAFFFFFFFFFFFFFF48CB79B7
FFFFFFFFFFFFE6B3FFFFFFFFEEF6ACD8
FFAAFFFFFF7FFFFFFFE2FF7AFFA8FFFF
FFFFFFFFFFFFFFFFFF4CFFFFFFEAFFAB
FFFFFFFF526AFFFFFFFFFFFFFEFF85FF
FFFFFFFFFFE9FFB9FFA9FFFFFFFFA9DC
FFFFFFFF574CF9FCFFF4BDFFEBFFFEFF
FFFFFFFF7B97F0FFFFFFFFFFFFD89D9B
FFFFFFFFFF44FFFFFFFFBEFFFFFFFFFF
DAFFFFFFFFFFFFFFFFFFFFFFB75AFFFF
52FDFFD1FFFF67C8C775FFA2854665FF
FFA1FFEEFFA6CC7EFFFFFFFFFF86FF90
FFF4ADE4FF9E76FFFFFFFFFFFFF55CFF
FFFF69FFFFFF5A24FFFFFFFFFFFFF3BD
BCEADDFFFFFFFFFFFFFF835240A50000
FF90AFA39DE978CDA4FFFFFFFF20614C
BBFFFFFFFFFFFFFFFFFFFF63FFFFFFFF
ADE7FFFFFF62D7FFFFFFC9A0FFF2FFFF
FFFF81FFFF9DFFFFFFFAEA72FFFFA9F0
FFFFBA7EFFC6FF79FF54FFFFFFEDFFDE
FFFF1BE8FFFFFF71FFD0FFFFFF41FFFF
FFFF5EFFFFFF74FFFFBCFFFFFFFFFFFF
FFFFFFFFFFFFA7FFF415FF5A50FFFFFF
7FCFFFFFFFFFFFFF9DADFFFFB0DCDB41
2DC59FCD82FF6DBAFFFFFFFFC0FFFFA7
FFFFFFD7FFFFC5FFFFFAFFA0FFFFACBB
FF8DFFFFFFFFEAFFFF7AFFFF68CAFFFF
FBFFFFFFCCFFFFFFFFFFFFFFFFFFFF25
FFFFFFFFC3FFFFFFFF9AFFFFFFFF63C3
B8FFFFE6FFFFD2FFFFFFFFFF8AFFFFFF
B7FFD6FFFFFFFFFFFFFFEFB6D1D819BC
73FFFFFAA0FF84FFFFFFFFFFFFEA0BFF
9CFFFFFFFF9E5BFF7BFFFFFFFF942C20
A6C6FFFFCDE65CFFC0E9FFFFE7FFFFFF
6CFFFFFFFFFFA03CFFFFBFFFFFFFFFFF
7BEA8ABBFFFFFFFFEFC7F86BFFFFFFFF
FFFFFFFFFFFFE0FE5D1EFFA5FFFF23E3
FFFFFF55C1FFFFBCFFECFFAEFFDFFFFF
FFFFAE58FFFFEEFF89FFFFFFFFFFFFFF
7AB1D35BFFFFFFFAFF72FFFFFFC3FFFF
7AFCFFFFFFFF9FF6FFFF64FFB4FFFF71
FF8A8DFFBEFFFFFFB7E6FFFFFFCAFFFF
FFFFFFFFFFBCFFFFFFFF9688FFFF33E8
FF32FFB6FF3DE0A9FFE4E0FFFFADFFF4
FFE494FFD5FFFF97FFFFFF6AFFFFA2FF
FFFFFFFFFFFFFFFFFFFFA4E3FFFF71FF
FFFFFFFF30FFFF4ED9FF9256CAD50000
97FFFFC8E7C6D2FFFFFFFFFFB32C95FF
FFFFF9FFFF72FFFFFFFF61FFFFFFFFFF
6494E1FC94F6EBA8AADCFFB588FF9FFF
376AECB2C794FFFF2BFFFFBEFFFFFFFF
97FF733DBFFFFFFFFFFFFFFFB1FF6BDA
FFFFFFFFFFFFFF0BFFFFFFF0FFFFFFFF
2BD3A89CC0FFFFFFFF79FFFFFFFF29FF
FF7998D56FFFFBFF2C4BFFEDCDFFFFFF
FF9BFFFFFF3DFFFFF422BAFFFFFFFFFF
FF4E7D92FFDFF933FFFFFFFF8CFF95FF
FFBBFFFF7FB9D1546796FFFFF685FFFF
FF29FF31FFFFFFFFBCFF71BAFFFFFFDC
4AE9FFFF605FFFFFFFB7FFD8FFFFFFFF
FFFF56FFDCFFFFFFFFC3FFFFFFFF1BBF
FFB9DEFFFFFF9FFF2BB4FFFFE6D0637F
FFFFFFFF8F9574FFFFFFFFFFFFFFFFFF
62A96DFFFBFFFFA4FFFFFFFFF4DC61FF
FFF0FFFFFFFFACFFFFE7FFF9B0FFFFFF
427019FFFFFF69CBFFFF8DFF6B64C4FF
F1FFFFFFFF86A8AFB9FFE260CED6D377
78FFFFFFFFFFFF60FF8E9C46FFFFFF7F
FFFFFFFFD8FFFFE6A6FFFF91FFFF93AC
A92DB6FFD4FF93FFDCFFFFB6DE95FFFF
AC43E57DFF51FFD2F8FFFFEEFFD3FFFF
6B48FFFF81FF82FFFFF7C7E82F56FFFF
FF83FFFFFFFFFFC37BFFFFFFFFB8FFFF
FF7699FFFFFFFFFFFFFFFFFFFFFFFFFF
FFFFAAFFE7B438FFFD58AEFF37FFFFFF
A2FFFFFFFFA7FFD3FFECFFFFFFFFFFFF
FFFF7EEBFFD7FF44FFFFFF7EFFFF9B90
95FFFFFFFFFCFFA3137CFFFFFFBCF0FF
C732BDFF36FFFFFFFFA134CEFFFF0000
D0FFFF7DFFFFFFFFA1B2FF96FFFFFFFF
FF81FF6092FFFFFDF1FFC266FF7FDBFF
FE9344FFFFF3FFFFFFFFFF30FF6CFFFF
8AC56BFFFFFFFFB0FFFFFF86FFFF6B2C
FFFF9863FFFFFFFF42FFFFFFFFFFFF22
FF86FFFF657DFFFFFFFFFFFFFFFF6DFF
C4FF95FFFFFF547CDC2E87E1FFFFFFFF
FFFFFFFFFFFF0DF64974F5FFFFFFFF91
FFFFD0E0ECFFFFFECAFFDBFF38FFFFFF
FF74FFFFA5FFFFB88BE6FFFF33FFBDFF
FFFFFFFF788AFFF371FFFFAF9AFFFFFF
FFB2FFFFFFFFFFFFFFFFFFFFFFCEECFF
FFFFFFFFB367FFFFFFFFFFDEFFFF73FF
FFFF4D358949BCFFFFFF1FCEDAFFFFFF
FF81F3A1B3FFD9FFFF8AFFB6B57EFFFF
96FFFFFF3243DBFFFFE08896FFFFD38B
B150E9FFFFFFFF87CEEFFFBB9FDC7EDC
FFFF85FFFF34EA87FFD5FFFF59FF56FF
DDFFFFFFFFFFFFA7CFD22BCDB4E8FFBD
AEEFCBBE836163FFFFD7FFFFECA4FFFF
FFFFFFFFFFFFB7FFFFE3FFFF60F8FFFF
FFFFFF55FFFFFFFF51FF97FFFFFFFFFF
FFC7FFFFFFFFFFFFFFFFFF32FFFFFFFF
FFFFFFFFFFFFBB6968D54AFFFFFF69BE
FFFFFFF360CDFF40FFFFEDDEFFFFFFE8
FF9BFFCF83FFFFB1FF58FFFFC2C3ABFF
FFFFDBCBFFFFFF84FFFF72FFFFFFE6ED
F3C6FFB4FFFFFFFFE9FF51FFFFDEFFFF
FFFF8EFFFFFFFFFFFF618FFFFFFF7CFF
FFFFFFDBFFFFFFFFFF32E5B7448DFFFF
FFFF86FFFF9DFF88EBFFFFFFDB8CFFFF
FFFFFFFFF5FFFFFFEFD19468EDDC0000
FFFFAC87FFE7FFFFFFF1FFFFAD7256FF
6CD0C1FFFCA4F4FFFFFFFFEBB7FFFFFF
FFC3A2FFFFFFFF3EFF8698FFCCFFFF25
FFE6AEFFFFFF8BFFFF3EFFFFFF5F58FF
FFDC2F85FFFFD7FFFF88ADFFACD1FFFB
7AFFFFFFC9FFFFFF75FFFFEEFFFFFFFF
FFFFFFFFFFFFFFFFFFFFFFFEFF3AFF47
FFDAFFC2CFFF8BFFFFFFFFB3F5FFFFFF
FFCE9D9FFFD2FFFFFFFFB5FFFFFFFFDC
FFFFFFFFFF50FF37FFF49B54FFFFFFED
FFFFFF72F159FF6899C9FFE3FFAFFF91
FFC9FFFFFFFFFFFFFFFFFFFFFFFFFFFF
C5FFFF70FFFF9AFFF95BAAFFA3FF8AFF
FFFFFFFFFF750AFFC0FF38FFFF5FFFFF
FF9AE9FFFF73FFFF64FFFF606C6AB4ED
B4FFFF77FFFFFF87F2EBC6FF31FFFFB7
B5C59BFF23FFFFFC61C575C1FFB7FFD1
FFFFFFFF37FFFFFFFFFFFFFFFFFFFFFF
FFFFFF9FAEDAB3FEEDFF57FD35FFFFFF
FFFFFF9AF3FFFFFFEFFFFFFFBFFFDCFF
5AFFFF31FFA1FF83FFFFFFFFFFBA78FF
7AFFFFFF4CE1FFFFFFFFFFCFFFFFFFFF
FFFFFF84FFD8FFFFFF73F3FFE0FFFFFF
FFFFC1FFB6A5FFFF60FFFFFFE8FFFFFF
FFFF73C0E985FCFFFFFFFFFFFF7F89FF
FFFFE48AFFFF9381BFD2EEFFFFD871E6
FFFFFFFFB077FFFFFCF6FFFFD7BBFFFF
FFDCFF37599E8CFFFFFFEDC54FE6FFFF
FFFFFF1AEBFFE9C7FFFFFF86BDFFFFFC
FFFFFFFFB0A0FFFFB3FFFFFFFFD1D9FF
F6FFFFFFFF81E9E6FFCFFFFFFF7F64FF
FF5DFF9CFFFFFFFFE7FFBFA0F9FF0000
FFD3D1FFFFFFABFFF7E8FFFFDEFFFFFF
FF68FCC0FFD6FFA283FFFFFF5EFFFF51
FFAA9EFFFFE48584FFEF2FFFFFFF9FFF
F586FFFFFFFFBFFF8CFFFFFFFF6AFFFF
FFFFC391FFFF939EEDFFFFE7FF53A5FF
FFFFFFFFACEAD1FFFFFFA739FFFFFFBA
FFFFFFFFFF9C73FFFFFFB554FF30FFFF
B9FFFFEB4FFFFF59AAFFFFFFFFFFFFFF
F4FFFFFFFFD0FF74FF88FFFFFFFFFFFF
A67FC6D1FFFFFF7563FF85FF92ABFF7A
FFFFFF9DFFFFFFD1F471FFFFFFFFFFFF
DFCFFFA9FFFFFFC68872A4FFFFFFF9C8
FFFFE087EAFFFFFFFFFFD8FF30FFD4FF
FFFFFFFFFFFFB3FFFFFFFFD1FFFFFFFF
FFBDD0BFFFFF66744A4CFFFFCB78FFC0
A1FFFFFFFDFFFFFFFFFFFFFFFFFFECAD
FFA9B2FFFFFFFF0E81B2D0FFFFFFFF31
FFFFFFFFB6FFFF85FF99FFFFFFFFD051
76FFFFF6CACAFFADFFFFE2FFFFFFFFFF
FFFFFFFF8AFFFFFFFFA7FF70FFF4FF86
FFFFFFFFFFBE50FFA4FFFFFFFFFFCDFC
FFE1FFFF87FFFF8AFFFFFFFFFFCBFFD1
FFFF95FFFFFFFFFFFFFF19FFF253EEFF
B9C5FFFFB9FFFFFFB3FFFFFFBEC9FFFF
FFFF35D3FFF9FFFF69FFFF813FFBE983
FFFFFF89FF86FFFFFFFFFFFFFFFFE481
A554FFFFFFF4409EFC85D1FFDAFFFFFF
A1FFFFFFD866FF9BFFF79BFFEB65C657
BBB89BD6B5A89C5997FFFF63FF7B9EF1
B5FFFFFFFFFFF6AA97B0FF83B0FF46FF
FFFFFFC0FF2CF8FF7AB496E4DC969CD8
FFB9FFFF9DFFB4FFFFFFFFFFFF350000
D8FFFFFFE6FFFFFF7F7FE3FFFFFFBEFF
FAFF2BC0FFAFFFA7E8FF9DFFA1FFDEFF
FFFFFFC2FFF6FFFFFFFFFFFF75DEED93
FFFFA5FFFF5EFF40FFFFFFFFFFFFD6D9
FFFF8CFFFFFF59FFFFFFD0FF89FF87FF
FFFFCCFFFFFFFFFFFF6858FFFFFFFFC4
A583FFFFFFFFECFFFFFFFFFFFFFFFFFF
CCFFFFFFFFFFF1FBFFFFFFEFFF62FFED
CA2EC7CBFFD0D8FFFFFFFFFFA7FFFFFF
FFFFFFFFFFA8F6FFFFFFA9FFFFF539CD
FF9BBDFFFFFFFFF97684FFFFFFFFFFFF
FFFFBBFFFFFFFA9DB06927F2FF9DFFFF
86D2FFFFFFFFFFFFFFB5BEFF9AFFACFF
FFFFFFE9FFFFFFFFFF75FFFFFFFFFFA3
FF898CFFFFFFFFDEA1FDFFFFFE98FF54
D4FF39B5FFFFFFFFFFFFFFFFDFFFFFFF
0CFF52B8E068FFFFDCB236FFFFCDFFF6
FFFFFFFFFFFFFFFFFFFFFFFFFFFFFFEB
0737EA66FFFFFFBAFF9AFFFFFFFFFFB2
DD78E1FFD6FFFFEC3AFFFFE0FFFFC2FF
FFCE7AFFF8FFFF26FF59E6FFFFFFFFFF
FFFFFF3E7AFF82FFFFFFFFFFFFFFFFB1
FFFFFFFF5AFFFFEFFFFF62FF90FFFFA1
FFFFFFFFFFFFFFFFFFFFFF53FFFFFFFF
FFFF2EFF59FFFFFFC6FFFFFFFF78FF1F
FFFFFF89FFFF6AFF88FF7DFFFFC4FFFF
8749FFFFFFFFFDAF9AFFFFFFFFFFFFFF
8CFFA5F4FF25DC31D2D187E1FF7E664A
FFFCFFFFFFFFFF678FB271FFFFFFFFFF
FFFFFF1AFFFFFF71FAFFFFFFFFFFB4FF
AAFFFFFFFFFFFFFFFFC5C7FFB8E7D09B
BBA7FFFFF2FF50FFC0FFFF64FFFF0000
FFFF72FFF4FFFFFFFFE8FFFFFFF9FFFF
99FF92FFFFFFD4FFA9FF95FFFFFFFFFF
FFFFFFFFFFFAFF67FFFF6CB2FFFFFF7A
FFFF8CFFDBFFFFFFFFFFFFFDFFFFFFFF
FFFFFFFFFFFFFFFFC5FF80FFFFFFFFFF
FFFFFFFFFFFFFFFFFBFFFFFFFFE2FFFF
FFFFFFECC0FFFFFFEDFFFFFFFFFFE8FF
FF81F3A4FFFFFFFFFF12FFFFFFFF25FF
FFFFFF7ED1FEFFFFFFFFFFFFFFFF3FFF
FFA6FFFFFFFFC3DEE5FFFFF0FFFFFF81
CCFFE0D7FF875E9EFF92FFFFFFFFFFFF
FFE3FFFFFFFFFFC3F181FFFF40FF8CFF
A3FFFFFFFFFFFFF5FFFFFFFFFFFFF7FF
FF7E72FFC2FF24FFFFC4FE3623FFFFFF
E0FFFFFFFF6CFFA9FF56FFFFFF6698C1
FFFF668FFFFFFFB29AFFFFFFFF61FF88
FF70FFFFFFFFA6FFA7F3FFFF275EFFFF
FFDFFF60FFEAF1A837FFFFFAFFFFFFD8
FFFFFFFF99799DFFFFFFFFFFDEFBBBFF
CDFFFFFFFFFFFFFFB6A3D4FFFFFFFFFF
B3FFCAFFB2F9FFFEB1FFFF8EFFFFFF78
FFD23DC840FFFFFF50FFF7FFE9B5FFFF
A2FFFFDFFFFFA1FFFFB964FFFFFFFFFF
FFF7FFFFFFFF32A8FFFFFF98FFFFFFFF
FFFFFFFF50FFF0FFFFFFC3FFFFFF8EFF
4FDEFF66CBD5FFFFFFFFFFFF35FFF1A6
FFBBFFFFFFEF6EECFFD5FFFFFFA0FFFF
FFFF9EFFFFA1FCA5B0B7FFFFFFFFAAFF
C7B2FF50FFFFFF708EFFFFFFFFFF24FF
FFABFFFFFF71FF4F7BFFFFFFFF1CC6FF
CCFFD0FF83FFFFFFB053FFFFFFFF43DD
FF95D5FFFFFFFF71FFFFFCFFFF600000
A6FFFFECFFFFFFFFF140A056FFFFF0FF
4CFFD4FFE9FF94FFE8FFFFFFFF7A4D48
FFE0FF99FFFF53FFFFE288FFFFFFFF71
FFFFD4FF41FFC5F0FFFFFFD1EFD4FFFF
FF6AFFFAFFFFFF32FFFFC7AFFFFFBCFF
7FC0FFFFFF1BFFFFEAD24A95FFFFFFFF
FFE8FFFFDEFFCB71FFFFC8FF99FFFF6E
FFFFFFFFFF725E7EFFC3A1FF38FFFFFF
FFBDFFFFFFFFD5FFFFFFFF71B4FFFFFF
3BFFFFFFFFFFFFD4BBFFFFA02241FFFE
FFFFFFFF109B64FF3BBAFFC7FFFFFFFF
FFFF33C6EBFF90957F85FFFFFFFFFFF3
FFFFFFFFFF52FFFFFFFF7BFFFFFFFFFF
FFFFFFFFEEF6FFFFFFFFFFE3F2FFC3FF
FFB638FFC5CD44F1FFFFFFECB1A093FF
62FF8AFFFFFFFFFF5BFFB70E61E2FFFF
FFFFFFFF78FFFFFFFFFFFFC6FF4BFFFE
FFFFFFFF84FFF9FFD2FFFFF671FF6FFF
FFFFFFFFFFB5F4FF81FFFFFFFFFFFF9C
29FFFFFFFFFF53FFFFFFFFFF62FFFFB3
FFFFFFFFFFFFFF8ECBFF7354DCFF67FF
FFFFFF84CBC3FF91FFFFFFFF8FFF76FF
A3F981FFFFFFFFD3FFDFADFFFFA2FFFF
FFFFFFFFFFFB6FB1FFE8FFFFFFFFD5FF
FFFFFFC4F3FFFFBEA2A7FFA2FFFFFFFF
FFFFFFFFFFFFFFEDFFA6FFCA16FFFFFF
22FFFFFFFFFFFFFF76FFFFFF85FFE9FF
FFFFDAFFFFFFFF6FCEFFFFFFFFFFFFFF
92FFFFFFFFD9FF34E3FF61FFFFFFFFEF
7EE6FF98A7AE82FFFFFFFFFFFFFFDAFF
3286FFFCFFFFD6FF92FFFF40EDFFFFFF
FF95FFFFFF9EFFFFFFFFFF9AFFFF0000
DBFFFF5DD1FFD9FFAF67FFFFFFFFFFFF
FF53FFFFFFFFFFFFF9FFFFFEFFFFFF9F
BCFFFFFFFFA2FFE6FFFF90FFFFFF92EF
E3FF9EFFFFFFDF6DEA28FFFFA1FFFFFF
FF74FFFFFFFFFFFFFFFF63FFFF83FFFF
D5FFFFFF54FF81FFFFFFFFFF6DFFE3FF
FFFFFF20FFA18AFFFFFFFFFF76B8FFFF
B6FFFF84F9FFFFFFFFFFFFFFD6FFFFFF
A1FFFFFFFFB1D9CAFFE5FAFFE4FFFFFC
FFBBFFFFFFFFFF19C6FFFFFFFFFDFFA1
FFFFFFFFFFECD5D7FFFFFFFF2FFF8F3A
FFF76890FFFF5FC6A2FFFFFFFFFFFF75
FF6FFFFFFFFFFFBDFFFF6FE9FFD5FF40
FF8065EDFFB2FFFFB0FFA3C7BFBAFFE5
FFBFFFFF57BBFFFF53FFFFFFC0ABFFFF
FFFFFFFFFFFFC7A6FFFFE4DAFFFFFFFF
C4FFFFFFFFFF25FFFF9E1C58FFFF3BC2
FFFFF2FF71D5FFEDB1FFFFFFD8FFFFC5
FFFFE9EA79FFFFFF93FFD9FFFFAAFFFF
FFFFFFFFFFFFFFFFF3FFDCFFFFFFA1FF
FFFFFF69FFFFFFF2FFFFFFFF99C5FFFF
FF966DAEFFFFBBFFF0FFD0D1FFFFFF99
D9FFD6FFFFFFF9FFA67DFFB692FF49B7
7CFFFFF9FF4C38FFFFFFFFB48DFFFFF0
FF30FBFF6FFFB9FFA723FFFFB0FF90B1
FFFFFFFFB393FFFFFFFFFFE0FCFFFFFF
FFFFE950FFFFFFD0ECD8FFC4E8FFFFFF
CBFFFFCBC976FF1EC3FFE8DDCCE8D8FF
BAFFFFFFFFFF90E59EFFFFFFFF85FFFF
FFCBFFFF7DC018CFFF69FFFFFF75FFFF
FFFF79F6FFFFB9FF62FF77FFB8C7FFFF
FFFFFFB5F065FFFFFFFFFFFFFFFF0000
FFFF7366EA64F47FFFB1FFFFFFFF3CFF
BBFFB0FF87FFFFFFFFFFFF1BFFFFFFFF
FFFFFFFF62FFF2BAFFEBFFFFBAFFA895
6DFFFFFF5FFF5D92ACFFFFFFFFFF4CFF
6648FFFFFFFF21FFFFEA8029C435DDFF
FFFFFFFFFF9E45FFFFFF7FBFDBFFFFFF
BF7E8EFFC8FFFF8EFFFFF9FF46FFFF3C
FFFFFFFFFFFFFF9FF1E947FFFF9DFFAB
FFFFFFFFA6FFD9A1CBFFFFFFFFBED1AD
FFAFB7E5FFFFFFFFFFFF7CFFFFE0FF7C
FFE0DFDBFFFFDDFF88FF82FFFFFFFFDA
FF79FFFFFF52ACF8FFFFFFFFAED5FFFF
FFC6FFFFFFFF31FFDBFFECFFFFFFF0FF
FF973B9EFFBCFFFFD3FFFFFFFFA9FFFF
FF8FFFAF6E889DFFFFFFFF69B9FFEEFF
FFFDFFFFFFF1FF37FFFFFF7182FF67FF
FFFFFFFFFFFFF6D8C29FE8FFFFD6FFFF
46FFE5FFC520FFE5C5FFFFFFFFFFCCFF
FFFFFFFFFFF9FFFF41FFFFFF7FFFA1C7
FFFFFFFF7EFFFFFFEDFFFFFFFDD9FFB8
FFEAFFFFFFB67DFFCFB8EDFFFFE2FFFF
FF96FFFFFFFFFFFFFFFFFFFFFFFFFF91
A644FFA75EFFFFFFFF47FF8FFFE291D9
FFFFFFFF6EFFFBFFFFFFFFFFA08DFFFF
FFFFFFFFFFFFFF8E15FFFFFFFFFFFFFF
FFAA64FFFFFFFFD7FFFFFFE9FFF4FFFF
FFFF4DFFFFFFFFFFFFFFFFE8CD7FFF87
FFFFFF5DFFFF9BFFD535FFFFAEFFFFFF
FFFFFF7EFFF6C36CC3D1FFFFFFFFFFAD
FFBEAFEEFFFFFFF0FFFFFFB0FFFF79FF
FFC25FAFFFFFFFFFFFFFFFD7FFB0FFA1
FFFFFFFFFFFF7CBBFF8FFFEDFF7F0000
FFFFEA40FF85FFFFFFFFFF74FF98FFFF
FFFFFFFFFFA7FFFFFFFFFFFFFF56A2FF
3CA4FFFFFFFFCCFFFFFFFFFFFFFFFFD3
FF55FFFFCE5FFFFFFFFFFF8CFFFFFFFF
FFFDDEFFFFCBE8E7FFFFEBDAA9FFFFFF
FEFFFFFFDE80D3B2CA14FF41FF86FFFF
4375F4FFF9FF9B9285F6B4FF50F393E0
A4CACFD6D139A0FFFFFFFFFFFFFFFF1F
FFFFFF6EFFFF7C92AFD8FF9CFFFF82FF
FFFF84FFF458FFFFFFFFD1FFFFF9C4FF
FFFFFFFFFFC0FFFFFFFF9AFFFFFFFFFF
FFF1FFFFFFFFFFF1FF53FFFFFFFFFFFF
FFFFFFB7FFFFFFFFDAFFFFFFFFFFFF97
C4FFFFFF76FFFFFFB9FFFFFFFF3FFFFF
FFFFFFFF93F4FFFFFFFFFFFFFFFFFFFF
FF7AFFFF6389FFFF3EFFFFA1D329FFFF
FFFF6186FFFF9C90FF94FFEEFFFF26FF
CCFFFFFFAFDFE2FFFFFFAEDDEAEA65E7
5CFF79FFEBFFFFFFFFFFFFFFFF14F27C
FFFFFFFF61FFFFFFFFFFC185FFFFA8FF
CD2E43B808FFFFC1FFFFFFF4FFFFFFFF
FFACFFDC62FFFFFF9AFF5F8DFFFF9BFF
FFA5FFE6FFADDCFFFFD921FFFFFFEF67
E3FFFFFFFFADFFB0F6FFFFFFF1FFFFFF
C376AE3D7DF49BFFFFFFFB66F6FFFFFF
FFFF87FFFF8AFFFFFFFDA868FFA5FFFF
B5FFFFFFF9FFFFC2FFFFFFEE60FFFFFF
FFFF5FFFFFC5FF8FFFFF2D80FFFF7F94
FFFFFFFFFFFFDBAAFFFFFFFFFBFF40D7
EF89FFFFFFD2FFFFC4FFDDFFFFFFA790
D6FFFAFFFFFFF64BFFEEFFFFC7FFA2CD
FFFFFAFFFFFFEC7BFFFFFFFF1FFF0000
FFFFFFE6B154FFEA4AFFDFFFFFFFFFFF
FFFFFF9CFFB8FFE7FFFFFFFFFFFFFFFF
FFFFF1FF946C8CB1FFFFFFFFE6FFFF0D
E4FFFFFFF667FFFFF2C0FFFFFFFFFFFF
FF34FFC2F4FBC855A4CEFFE4FFFFFFD3
FFFFFF56FFFFFF36B6EAB6DCD0FFFFAF
FFAFF0FFFFFFFFD9FF8BFF83FFF1FFFF
FFFF5FFFFFFFFFF8E7A9FFFFFFFFFF51
FFFEFFE6FFE583FFFFFF54FFFFFFFFFF
AEFFFFFF71FFFF5EFFE4B0FFFFD9FFCD
E28FF2FF0DF8FF47F7FFFFBFFFFFD0FF
FFFFB7FF736BFF9FFF7CFFED46918984
FDFFFFFFFFFFFFFFFF28F662B9F4FFFF
FFFFC3BFFFFFFFFFFFFF8EFFFFB0FFFF
FFFFFFFF5BFFFFFFFF97E8FF1AFFFFFF
FFCEFFFFFFFFFFFFFFFFFFDEB1A2FFFF
FF06FFFFFFFFB0FF6DFFFF8AFFCDF6FF
C9FFFFFFF6FFE2FFFFFFB2FFF0FF90FF
FFFFF0A1F4DEFFFFFFFFFFFFD7FFD5C1
96FFFFFFFFFFFFFFFFC4FFFFFFFFFFFF
FFE0B64AFFFFFF8BFFFFFFFFFFFFFAFA
CBFFFFFFFFFFFFFFFFFF775068FFA1FE
FFFFFFFFFFFF7EC7AF8BFFFFFFACFFFF
FFFFFFFFFFFFFFFFFFFFFFFFFFFFFFF1
FFFFFFFFFFFF9B1A8CFFFFFFFFFFFF7B
FFFF78C1FFD37780FFFFFFFF94FFFFFF
E9FF36FFFFF5FFFFFFFAFFFFE6E1F8FF
DBFFFFFFFF71FFFFFFA8D84DFFFFFFAB
9BFFFFFFFFFFF9BBFFFFFFB3FFFF6CFF
FB8BBFFFFFCCA6FFFFD4FFFFFFF7A3FF
FFFFC66D7FFFFFFFFF46FFFFFFB05CB2
FFFF4CFFCCF7FFFFFFEEFFFFA0FF0000
FFFFFFFF86A6FFFFFFFFB9ECFF84FFFF
6C7737FFFFFFFFE0E9CBFFFFFFB9FFFF
9EFFD6FFC5964413FFFF73FFFFFFFF54
FFFFFFC5ABFF54FFFFFFFFB0FFFF8FFF
9AFFBBF6FFFFFFFFFFFFFFD9E764FFFF
A8FFFF90FFFFFFC5FFFFFFFFFFFFFFFF
9AFFF8FFFFFFFF74FFFFFFDB8FFFFFFF
FFFF4DFF8BF9FFFF2883FFFFFFEDB4FF
FFFFFFF4FFFFFFFFE1FF8FFFFFFFFFFF
11FFFF6DC6FFFCFFCFD3FFFFFF7CFFFF
FFFF66FFFFFFFF4CC7FFFFFFFFFFF0FF
A3E0FFB154B6FFFFFFFFFFFFFFFFFFFF
FFFFD0FF6D36FFFFFFE7FBFFC5AAFFFF
FFA0FFD0FFFFFF417B966CFFE9F3FFFF
A5FFFF99FFFF87FFFFBFFFFFFFD3FFFF
FFFFFFB6FFFFFFFF56D4FFFFFFD0CEE3
FFFFFF5AFFB3D0FFFF5CDCB8FF8CFF97
D1B3FF29DD2BFFFFFFFF46FFE4FFFFFF
FFFFEFFFF4FEFFFFFF8E1353FFFFFFA0
FF93FFBBE8FFFFFFFFFFFFFFFFFFFFFF
ECD6E988FFC0FFFF20FFFFFFFFFFFFDA
FF49FFFFFFFFFFFFFF28FF6BFFFFFFDF
FFFFFFDCFFFFFF2FD9D0FFFFFF8F6CFF
9EFFFFFFDED4CAFFDEB4FFFFFFFFFF8E
FFFFFFFFFF7D85FFFFFFFFDF82FF8BFF
152DFFFFFF91FFCCFFFFFFFFFFFF52FF
E0FFD7FFFFA2FFFFFFFF51FFFFFFEFFF
FFFFFFC884E6D9FFFFBFFF83FF69FFF1
FFFF68849BFFFF42FFFFFFFF915FFFB0
FFFFFCFFFFFF3FDBFF6432FFFFFFC4EE
F225FFFFFFFFFF99FFFF33FFFFFF98A4
FF79C0FFFFFF2559FFFFA8FFFFFF0000
61FFFFFFFFFFFFFFFFFFFFFFFFFFFFFF
FFFFFFFFEDFFFFFFFFFFFFFFC4FFFFFF
FFFF97FF1264F9FFF7FF8EFFFFBCFF7D
FFFF1165F2FFFFFF92FFD3FFFFFF72EF
A6FFFFFFFF4FFFFF6BE2FFFF9FFF42A4
FFFF175D8676FFFFFFF7FFFFFFFF72FF
75F2FFFFFFB971FFFFFFFFBDFFFFFFFF
FFFFFFFF56A3FFFFFFFF63FF5FD6EDFF
FFFFFFE4FFD8FFFFFF8AFFFFFFFFFFA3
67FFFFFFFF27FF70F285FF7BDCFFD6BB
FFD8FFFFFF59DEFFFFFFFFF2FFFFFFFF
FFD3FFFFFFFF68FFECA8DAFFDFA7FF9A
FFD4FFFFFFFFFFFFFFFFA4FFFF52FFFF
FFFFD4FF6AFFFF9A5A19FF99FFFFFFFF
8BFFFFFFFF73FFFFFF848EFFFF4DF5FF
FFFFFFFFFFFF4BFFB6FF7EFFD1E9D1A4
3AFF62FFFFFFFFFFE9FFFF56FF82FFFF
FFFFFFB831EBFFFFFFA667FFFFFFFFFF
E25DFFC75B65FFFFFFFFFFFDFFFFFFFF
25FFFFD9C0FFFFFFFFFFFFECFFDBFFFF
D75578FFFFFFFFFFFFFFFFFFFF47FF97
FF85FFFFFF32FDFFFFBA86FFFFFFFFFF
FFFFFFFF86FFFF6EC69AFFFFFFFFFFFF
C9FFFFFFDBFFFF9F79E0C83DD0FFFFA4
60FFFFFFA0C4A9607250FFE1FFFFFF82
FFFF81B9FFFF86F9FFAEFFFF528A97FF
FFFFA5FFFFFF4055FFFFFFFFF5FFFFFF
FFFFFFFFFFFF79FFFFFFFFFFFFFFFF7A
3DFFA2FFFFFF90EECAFF9FFFFFFFFFFF
88FFFFFFFFFF7D8CC7FFFF86FF7CFFFF
FF98FFA097FF64BBAB75FFFFFFFFDED5
FFBF7AFF37FFFF72FF8BFFFFFFFF0000
8ACFFFB7F3FFFFFFFF7BFFFFFF8AFFFF
FFFFFFFFFF82A0DDBC7C69C4E7FFFFA8
FFFFFFFFC5FFB9BF95FFFFA05688FF61
D0FFE4EFFFFFFFFFFFFFFFFFFB9D6FFF
FFFFFFFFFFA0FFFFD1FFFFFFFFAFFFFF
FFECD2D1FFFF71CAFF9E3FFFAEFFFFFF
FFFFDFDC93F284FFFFFFFFE9FF9438B9
7527FF58B9FFFF92FF82FF6CFFFFE73B
FFA1FFFFFFFFFFFFFFFFFFFF56FFFFB8
3FB7DAFFFFD8FFFFCCFFFFF3FFFFBBDD
FFFFFF7BFF69FFFFFF72FF24FFB6FFFF
FFFFB8FFFFFF55FFEDFF12E3FFFFFFFF
0DD185A5FFFFFFFFFFA6FFBDFFFFFFFF
FFC7FFFFFFFFFFFF827EFFFFFFC9FFFF
FFFFFFFFA8FFFFFFFFFFFF87BFFFFF7D
FFFFC5FFFFFFFFFFFFFFFFFFFFFFFFFF
FF3DFFFFFF52FF8B8DFFFF868CFFFFF4
FFFFFF958E567FBC7A60E390FFC4FFFF
FF9FFFFB70F87BACFFFFFFFFFFFFFFFF
FFFFFFFF7DFFFFFF63FFA2FF8EFFD3D8
4BF3FFFFFFFFFFFFFFADEE7BFFFFFFDC
FFFFFF9DFF9EFFFFE8D8FFCB40E57CC9
A7FFFFFFFFFFFFFD6484FFFFFFFFD6FF
FFFFC1FFFF90FFFFFFB8FBBCFFFFFFFF
FFFFFFFF9CE9FFFFEDFFFF60FFFFFFFF
FFFFFAF556FFFFD9FFFFBCFFFFFFFFFF
FFFFFFFFFFFFFFFFFFFFFFFFFFFFDBFF
EAFFFFF5FFB1FFE9FFFFFFFF5DFFFFC2
E8FFFFFFFFFFFFFFFFFFFFFFFFFFFFFF
FF84FFDBFFFFFF6AFFFFFFC5FFFFFFB0
9EFFB252C5FFFE5BECFFFFD7FFFF67EE
FF89FFFFFFFFB6FFFFFFFFFFFF5D0000
FF13E3FFD367FFFFFFF8FFFFFFFFFFFF
FFFFFFFF5FC3FFFFFF17B8DDD6C4FEFF
FFFFFFBBD8FFFFFFFF68FFFF982FECDD
FFFFFFFFFFFFFFFFFFFFFFFF639EFFA8
FFFFFFFFFFFFFFFBFFE4E9B038E140FF
FFFFEBFFD9FFFFFFFFFFF6FF5031DFFF
FF57C1CEB1F6FFFFFA5F4FA8EEFFFFC6
FFFFFFFFFFF4FFFFFF6AF6FF6BFFC7FF
8630C5FFF6FFFFFF3160FFCEB1FF63FF
EDF9FFFFD3FFFFF3FFFFFF7EFFE354AB
FF67FFFFFFFFFFFFFFFFFFFFFFFF75FF
FFFFFF68FFFF8BFF5CFFFFD983FFFFFF
A0FF9EFFFFFFFF7DFFF9FFFFFFFFFFFF
FFFFA0FF8BFFFF72FFFFFFFF6AD7FFB7
FFFFFFBCFFFF33FFFF65FFABF9FFFF81
A4B799FFFF56FFB9FFC3A9FFFFFFFF2D
FFA0FFFFFFFF9AFFBAFF89B69D21ACCF
D7FFCB8A858D2BFFD8FFFF82FFFFFFF1
C2FFFFFFFFFFF62DFF98FFFFCEFFFFB3
FFFFC6ECFFFFFFB4FFFFFFFFF7FFEBFF
FFFFFFFFFFFFFFFFFFFFFFFF5EFFFFFF
FF26FFFFF7D8BC4D90FFFFFFFFFF1FFF
FFFFFFFFB6FFFFFFFFFFFFFFFFFFFF73
FFFF6A74FFFFFFD5FFFFFFFFFFFFF9FF
FFFFD6FFA5FFFFFFFFFF59FFFFFF50FF
FFFFAFE2FFFFFF4AE399FFFFFF67FFFF
FFFFFFE7FFFF7A9FABFFFFFF82FFE6CF
FCFFFFFF5BFA98A6FFFF41FFFFFFFFFF
359AFEFF856CFF5CFFFFFFFFFFFFCD82
C7FF938753FFFFFFC5FFFFE4E0EBEFFF
FFFFF2FFFFFFFFFFFFFFFF94FFFFFFE6
FF89FFFF65CFFFFFE1FFFFFFFFFF0000
FFD3B2D495FFFFFFFFFFF8FFFFFFFFFF
FFFFFFEAAA95FFFFEE926CC5809CFFFF
FF1EFFBCE279FFFFFF0B6674E02B84FF
405BFF59FFFFA55DFFFFFFFFFFCCFFFF
EAF3BDFF56FFFFFFE2FFFFFFD7FFC92F
FF34CCFF78FFFFFF72FFFFFFFFA3E395
FFFFFF75FFB1FF93FF63A88BFFFFD9FF
FFFFE59985CCFE40FFFFB1FF92FFFFFF
FF3AFFFF37FF75FFFFFFFFFF2A40CEFF
FFFFFFBCFFFFBBFF67F92FFFFFFFBDFF
A0FF95FF70FF56FFFFFFFFFFFFFF53DC
88FFE55E6DC9FFFFFFFFFFB869FFFFFF
DCFFACFF5DFFFF64FFFFFFFFFF9DFFEF
FFFFB8FFFFFF50FFFFEDFFFFFFFF41D8
4FE56EFFFFACF1FFFFFFFFFFFFFC6A58
91FFAD62FFBFFF6EFABBFFFFFFC1FFFF
FFFFFFFFFF95AE5883FFFF946DFFFFFF
FFFFFFFFFFFF77B6FFFFA1D8E4B5FF82
FFFFFF37D59BFF76FFA2FFFF90F777FD
FFFFFFE32FFFFFFFFFFFFFFFFF5DFFFF
FF1BFFFFFFFFFF9BFFFFA96BA4FF89FF
FFFFFF7B7A30E9985779FFFFFFFFBDFF
FFFF8FFFB8FFFFFFFFFFFFFFFFFFFFF3
19FF79F68CE3FFDFFFFFFFFFBBD1FFFF
A373FFFFFFFFFFFFABFFFF9AFFFF5589
FFB880FFFFEDFFFFFFFFFFFFFFFFFFFF
A8CD36BFFFFFFFFFFFFFFFFFFFFFC7FF
87FFCDE6FF59F1FFFFC6DCB0FFFFFFFF
C9FFFFFFFFFFFFFFFFFF2F8932CBC2C0
C2B8FFFFFFFF9EFFCFFFA3FFFFFBFFBA
B9FFFFFFFFFFFFFFFFFFFFFFFFCAFFFF
FFFFFFFFFFFFFFFFFFFFFFC44DFF0000
FFFA635AE9D0FFFFC2FFCFFFD5426AFF
A478FFFFFFFD29FDECFFF035F0DBFFD5
E198FFFFB3C2FFF9FFA18DFFFFDF54FF
FCEE9CF8FFFFFFFFFFFFFFFFFFF19386
76C0F48AF9FFA4979AFF3B64FFFFFFCD
FFB062A4FFFFFFFFFFFF52FDFF67FFE1
FFFFEDFF8BFFFFFFFF8BFFFF33FFFFFF
FFFFFFFFFFFFBFFFF8FF2CFFB3FFFFEC
FFD0FFB1FF71DCF2FEFFFFFFFFB0CEFF
FF45FF5C1F45FFFFFF62FFDBFFFFFFFF
E6DCFFFF85FFFF7C4CFFFFFFFFFFBAC8
4DFFBFC7FE59FFFFFFFFFFFFFFFFF1FF
FFCE41FFFFFFFFFFFF86FFFAFFFF58FF
B28BD9E68BD943FFBEFFFFFF86FFFFFF
C6FF4DFF95FFFFA3FFB619FFF0E6FFCD
FFB0FFFFFFFFFF36FFFFFFB1ABC89FFF
FFFFC3C2FF8698CC458E30FFD9FFA2FF
EAFFFF3BFFFF524FFFFFFFCEFFFFFFE0
FFFFFFAE11A7FFFFFFFFFFFFFFFFFFB3
FF05FFFFFFFFFFC2FFFFFFD5FFFFDEFF
FFB0FFEAFFFF0CAAFF2BFFFFDBFFFFFF
C483FFD85AFAD126FFFFFFFFFFFFCFFF
1FFFFF49FFFFFFFFF26FFFF737C8FFFF
FFFF61FF66FFFFFFFFFFAAE2FFFFFFB6
73BFD0FFFFFFACFFFFFFCEFFFFFFFFDD
FFCAFF5DFFFFFFAFFFB0FFFFFFFF9BFF
FFFF21C8FF89FFFFFF54FF838CFFFFFF
FF82FFFFFFA9FF5172FFD3FFFFFF8FFF
FF0E69FF6CAFBF32B4FFD1FFF9C98DFF
FFEF2D29FF7020FF70FFFFFFFFFFFFFF
FFFFFFFFECC8A982D0FFFF8DACC771FF
9EFFFFFFFFD9FFFFFFF6FFF1FFFF0000
62FF79FFFFFFFFFF11FFFFFFFFBC84FF
7EF9D9A2C6FFDC97ACFFD0AC7BFF5BFF
C4FFB9FFB821FFFFFF4BCAFF9AFF8C24
FFFFD8FFFFFFFFFFFFFFFFD3478672E0
FF75CFFFFFC1FFFFD1FFFFFFFFFFAFFF
FFFFFFD784FFF6FF57FFFF8FFFECFFFF
FF4BFFF4FFFFFFFFFFFFFFEF6DFFFF5D
FFFFFFFFFFFFFFFF5565E8FFFFFFFFFF
33CEFFFFFF9F80FFFF57FFFFDDFFA2FF
FFFFFF84FFFFFFFFFFFFBFFFFF45FFFF
A9B2C0FF7DFFFFFFFFFFFFFFFF83AD08
9EFF3EFF41D6FFFFD6B1FFD3FFC2B2FF
FFFFE6A0FFFFE3FF93FFFF56FFFFFFFF
FF86FFD5FFFFFFFFFFE93A66FFFFFFA5
FFFFFFEBCFFF2DFFFF6FFFFFFFFFFF78
FFFFFF0AEBA7FFFFFFFF9BFF70FFFFBA
88FFFFFFFFE1552278B617BE88FFFFFF
FFFFFC52FFFF8AFFFFDCFFFFD7EFFFFF
6DFFFFFFFFFF4ABBFCC49B68FFF28BFF
46FFFFABFFFFFFFFFF986AAFD0FFDEFF
FFFFFFFFFFFF53FFFFFFFFFFFFFFFFFF
FFF0FFFCFFFFFFAB8AFFFFFFDCA17BFF
BF97FFFFFFFFFF8546E6FFB5A6FFFFFF
D7FFFFFFFFFFFFF1FF88AD7946FFFFFF
FF6046C7FFFFFFFFAFC9957AFFFF43BF
7169DA60FFFFFFFFFF3EACFFFFFFFFFF
BCFFFF57FA71FFC3C7FFEAFFFFFFFF7E
C0F7B4FFFFB9FFC3D6CCFFFFE5FFFFFF
FFFFFFDFA2FFFFFFFFFF9BFFFFFFFFF9
FFFFD7DDCBFFFFFFFFD6FF9D65FFFFFF
FFFFFFFFFFFFFFE1EB0AA6FF80FFFFFF
43C9FF48FF96FFFFFFFFFFFFFFBE0000
FFFFDAFFFFA8E8FFFFFFFFFFACB6D6D1
FFFFFF88F9FFB97EFFFFFFD7FF4DFFFF
E0FF606AFFFFFFFFFFCBFFFFFFFFFF83
FAFFFFF6B5FFFDFFC0FF9DFF93CB426E
FFFFC6FFFFFFFFFFFFAA93FE68FFFFFF
D6C2AEF4BCFFFFFFFFFFFFFFE1B7FFB9
FFA7FFFFF842FFFF96FFE5C2490FFFFF
FFC6FFA4E8FFCDABFFFF99FFFFFFFF23
FFFFFF44FF72EFFF64F495B8FFFFFFAB
FFFF72FFFFF9FFE0E7FF9EFFF6FFFFFF
B7C9AFFFFFFFF5FFFFBEFFB442FFCC6F
FFFFFFFFE7FFECFFFFFFFFFFFFEA93FF
FFFFFF75FFFFFFFFFFFFC9FFFFFFFFFF
FF6C83FFFF7FFFFFFFFFE86BFFFFA8FC
FFFFFFFFFFFFFFFFFFEFFFFFFFFFFFFF
FFCEFFFFFFFFFF98FFFFFFFFFF3EFFD0
FFFFFFFF6CFFF1C7512E8D3297FFFFFF
763EFFFFFFADFFC4FFFF51FFFFFFE4FF
DFFFA871B8FFFFFFFFFFFFFFFFFFFFFF
FFFFA3B83FFAFFC174A82F5E81FFFF94
FFFFFFFFFFFFADFFFFFFFFFFFFFF6E21
F5FDFFFFFFFFFFFFFFFFC0D2FFFFFFFF
D1FEFFD15FFFFFFFFFFFFFD0F4FF60FF
FFFFFFECFFA1FFFFFFFFFFFFFFFFFFFF
FF7BB1FFFFFFFFFFFF96FFFFFFFFFFFF
86E2B7AAFFFF37FFFFFF83FF93FFFFFF
FFFFFFFFFFFFFFFFFFFFFFFF74FFFFFF
FFFFFFE9FFDE268333D4A5FFFFFFBCDA
71FF93C6FFFF69FFFFB93DB7FFB2B8B8
CAFFFFFFFFE4FFFFFFFFFFFF71EDFFFF
FFFFF590FFFFD17384E858FF59FFFFFF
FFD1FFFFFF49FFFFE3FF8AFFFFFF0000
FFA4FFFFFFFFFF62ED551769D6E7FFFF
FFAFFDD2FFAEFFFF7AFFFFF5FFFFAEFF
F1DFFFFFFF9BFFFFFFFFFFFFFFFFC985
FFFFFFFFFFFFFFFFFF82FFFF604EFFFF
FFFFFFFFFFFFFFFFFFFFFF7A7BD31BFF
E0D4FFFFFFFFFFFFFFFFFFFFFFD964C2
C9FFFFFFF673CBFAFF6AFF7EFFFFFFFF
FFFFBAFFE5BFFFFFAEFBFF64F1FFFFFF
FFFFFFCDF8FF65D75EF7FF9A83394CFF
FFFFFFFFFFFFFFFFFFC2FFFF7987ABFF
FFFFF4FEFFFFC7F25BFF1984FFFF82FF
FFFFFFF9C5FFFFF8FFFFACD9B1D1D5FF
C93CFFFFFFCAD2FF2BFFFFFFB6F5BDA5
DFFFFF88FFFFFFFFFFFFC61FFFFFFFB4
FFFFFFFFFF56FFFFFFFA31FFFF7AFFFF
FFDFB5FFFFFFFFA0B0FFFFDFFFFFFFED
FFFFFFFFFFCEFFFFFF6DBCB8C6FFFFFF
FFFFFFD9FFFFFFFFFFFFD7FFFFFFFFFF
C0F918FEFFAFD8FF87FFFFFFFFFF96FF
FFFFFFDBFFFFFFD598FFFF2A37E2FFFF
D4FF22FFFFFF34FFFFFFD4CDFFFFF5FF
FF86CFFFFFFF68FFFFE7FF2EFF30FBFF
E4FF3E65715BFFFFFFFF58FFAA93FFFF
FFFFD7FFFFE3C26AFFF3FFFFFFFFACFF
E6FF3AFFFFFFC7D4BCFFFF88FFFFFFFF
FFCEFF8BFF7FFFF05CFFD6FFCFFFFF77
FDE2FFFFFF4680301056FFFFD4FFEBFF
FFFFD6FFFFFFEAFFFFFFFFBCFFFFFFAD
FFFF6DA9FFFFFFFFD3F97C5198FFFFFF
FFFFFF30FFFFFFFFFFFFFFFFFFE3ECFF
F1FFFFE2FFFF9CFFFEFFA4FFFFE676FF
FF93FFFFFFE6FFFF6CFFFF54FFFF0000
FFFFFFFFFFFFFFFFFFFFFFFFFF3EFFFF
FFFFFFFFFFFFFFFFEEE9FFCD69B2FFF5
7B2FB1F7FFFFFFFF40FF9AFFFFFFE7FF
4DFFFFFFFF62FFFFFFFFFF59FFFFFFA2
FFFFFFFFFFFFFFE061E0FF9856FFFFE6
26B0FFFFFFFFFFFFFFACFFC0FFDBFFFF
91FFFFFFFFFFFFFF9CFFE6FF87FFFFE7
BF6DE5AFFFFFFFFFFF6D3CFFFFFFFFFF
FFFFFFA7DFB2FF6DFFFFBCFFF6FF8FFF
FFFFFFFFE6FFFFBAFFFF8DFFFFFFFFFF
FFFFFFB697FFFF9D75FFFFFFC4A8FFFF
71FFFDFF65FFF0FFAFFFFFC63D1B8BFF
FFFFFDFFB3FF81C3D1FFFFFF3F68FFFF
FFFFFFFFFFFFFFFFFFFC7BCA8DE6FF9E
35FFFFB7FFFF50FFFFF423D1E8FFFFFF
FFFFFFFF5FFFFFE174DCE9FF3AFF3BF3
CBFFFFFFFFFFFFFFFFFF30A4E0DFE9FF
FFFF2EF8FF35FFFFFF63FF97FFFFDBFF
FB422EFFFFB7E6FFFFFFFFFFFFFFFFFF
FFFF66FFFFDFFFFA9CC3FFB6FAFF67B5
FFFFFFFFFFFF95FFFF7D7F75FFFF5DFF
FFFFFFBC53FFFFFFDDFFFF75FAFFFFFF
FFFFFFFFFFFFFFFFC8FF54FFDCFFFFFF
FFFFF0FFFFFFFFFF7FFFD8FFFFFFDBFF
EE7FBAFFFFBDE8ACFF41FEFFFFB97DFF
8D9CFFFFB5C9FFCAFFB8FB9FFFD1ACF5
CAFFFFFFAFC2D5CB95AFFFFFFFFFFFFF
B7FF99FFFFFFFFFFFFFFFFB0FF5AFFFF
FFFF7A6188FFFFBDFFFFFF76FFFFFFFF
FFFFFFFFFFF3FFFFFFFF8CC6C2FFFFFF
FFE0FFFFFFFF7EFFFFFF4650FFF895FF
FFFFFFFFFFFEBFFFFFFFFFE9FFC80000
4CFFFFFFFFFF8DFFFFFF588BFFFFFFFF
FFEFFFFFD8FFFF8FFF91F68185B2EFFF
FFFF594ECEFFFFFFFFE2C8FFFFFFFFFF
FFFFE8FFD7E5B9FFFFFFFFFFFFB4FFFF
FFFFFEC497DE2326B688AD97FFA6EAF0
FAFFFFFFAB9BFF575BFFFFFFFFFFFFFF
FFEDFFBCCDF4FFFF81FF58FFFFFFFF8B
FFFFDE8CDEFFFFFFB8F96AFF9968FFFF
FFFFFFC03526FF34FFFF4E6AD7FF55FF
FFFFFFFFFFFF40B065F9FF75FFB1FF2B
FFE8FFFFFFFF29FFF0FFF86E8DFFFFFF
6EFFFFFFFFFFFFFFFFFFFFFFA3E7FFFF
FFFFFFFF90FFA7FF8CEAFFFFFFFF8AFF
ACC5FFF48AFF8A7AFFEC44E2FFFFFFFF
FFFF48FFFFFFFFFFFFFF46E22EF8FFB7
C1FFFF33FFFFF913FFFFFFFFFFFF8CF6
FFE6FFFFFFFFFFB0FFFFD267FFFF96D2
CBCEFF48FFFFB2FFFF9F97DCF3FFFFFF
68B08BFEFFFF5831FFCED7FFFFFF9DFF
FFFF9CFFFFFFFFFFECFFFFF1F0FFFFF4
FF5A6587FFFFFFDFFFFFFFFFF1FFDEBC
A3FFFFFF52FFF4FFFF86FFF499FFFFAA
FF9DFFDEFFFFDBFFFFFFA6FF99FF6DFF
FFFFFFFFFFFF92FFFFFFFFFFFFFFEDFF
83FF95FF768A64AAFFFFFFFFEFFFFFFF
F5FF4FFFAB557EFFFFFFFF7EC6FFFFFF
FFFFFFFFFFF4C1D257FFFFFFFFFFFFFF
FFFF8DFFDECF7281FFC2FF37FF4CADFF
FFFFFFFFFF44FF95FFFFFFFFFF56FFCF
FFFFF9FFFFFFBCFFFF8CFFD294BC89FF
E4FFA7FFFFFF73BCFFFF98D3FFC7FF54
FFF7FFFF4FFFFFC5FFFF31C78D7F0000
FFFFA8BD5281E8FF8EC58DFFC1FF9EFF
FFF1FFFF828FFFFFFFFFFFA38E63FFFF
FFFFB5BDFFFFFFFFFFFFFFFFFFFFFFFF
FFA3B0B5CCFFFFFFFFFF89FFF7D8BFFF
FFE77DFFCD2FD4FF8A8FF191FFA0D98C
FFE0FFFF7BCDADFFFFFF4EFFEFFFFFFF
85BCFFFF6CFFFFFFFFFF4CFFFFFFFF8B
FFFFFFFF822632FF56D54A61FFA2FFF5
A25CF25EFFFFFFFFFF16FFFF6FFFFFFF
FFFFE176FFFFD1FEFFFFB2E8FF30FF94
6FFFFFFF8AF44EFF6B8555FF12FFFF6D
FFFFADFF75FFFFFF9CFFFFFF69FFF2FF
F6FF9CFFFFFFD0BDFF51FFFFFFFFFFC6
FF92FFFFFFFFFFFFFFFFFFFF38FF84FF
5BFFFDFFFFD8FFFF70FFFFF949A9FFFF
BAFFDDFFFFFFADFFFFFFFFFFFFF5FFFF
E772D3C9E5EFFFFFD6FF3EFFC0FFA35B
FFFF7DFFFFFFFFFFFFF2FEAA4EF4FFFF
FFFFFFFF8EFFFFECFFFFFFFFFF45FF75
FFFF6FAE2963FFFFDEFFC95EFFFFFFFF
FFFFFFFFFFFF72FFFFBEFFFFFFFFD23D
FFA5FFFFFF8BBFCAE0FFFF568BFFFFFF
E0BBFF94D4C43DFFFFFF99C1FFFFFF7D
FFFFAC5CFFFFFFFFFFFFFF3CA9FFFFFF
FFFFFFFFFF9EF232958573FFCBFFFFFF
FF48FF2E2969D3FFFFFFFF63B7FFFF90
FFAF6D9DFFFFFFFFFFFFA3FF47FFFFFF
FFFF8EFFFFFF48EED7FF6065FFFFFFCE
FFFFFFF4FFA6FF7226FFFFFFFF7E7BFB
DF72F6FFA9FFFFFFFFFFAF3AD1FFFFCA
FFFFB23BF1FFE2FFFFFF88FF33A2FFFF
FFFFFFDBFFDC49E51BFFFF30FFFF0000
FFFFFFFFFFC4FFF6FFD8D8FFFFFFD3FF
6CFFFFFF9BFFFFFFFF4CE1FF16E7CE58
FFFF9C99FFFFFFFF47FFFFFFFFFFFFFA
FFFFBD89FFB2FFFFFFFFFFFFC14FBBFF
6B8EFFFFFFFFFFCEFFFFBF67FFFFFFFF
FFB4FFFF3AD4C1FFFFB2FFFFFFFFFFFF
FFD1D8D792FFFFFF92FEFFFFFFFFFF3F
FFFFFFFFFFFFF0FFFFFFFFFFFFABFFA3
89FFFFFFFF88FFFFFFFFA9FFCAFFFEBA
FFFFFFFFFFD0FFFFFFFFBA90629C7330
F9FFFFFFD7B7FFFF70FFFF88CAFFFFFF
F4B3FFFF7DFFFFFFFFFFFFFFFFFFFFFF
FFFFFFFFFFED89FFFFFFFFFF55EAFFFF
8394FFFFFFFF97FFD5FFB3FFFDFFF4FF
E9FFD72EFFFFFFFFFFFFFFFFE7FFFDE7
50FFFF9E186681FFFFFFFFFFD2FFFFA6
36FFFFFFFF7220F3FFD4FFFFFFFFA942
FFFF27FFFFFFFFFFFFB0FFFFFFFFFFFF
BDCF95EEFFE2FFFF517BDB8AFFFFFFA6
FFFFFF60FEE6CE66FFFFFFFF80FF73F7
CEFFAFFFCFFFFFF68DB0C98C448CFFBD
F9ECFFFFFF73FFFFFFFFFF4FFFC0FFAD
FFFF681CFF77FFFFECFFFFB0FFCAFFC9
FF8AFFFFFFE2FFFFFFFF17FF919E8CFF
A2FFFFFFFFFFFFFF89FFCBFF6BFFFFFF
FFFFD9FFFF63FFD5A6A46BFAFFFFFFFF
FFFF6AFAFFFF11FF8AFFFFFFFFAAFFFF
FF73FFFF52AF1ABEFFFFFFFFFFFFFFFF
FFA0FFFFFF6AFFFFFFFFF8B9FFFFFFFF
FFFFFFA1CEFFF3FFFF27E5D3FFEDFFE6
ADFF4327F2FFFFFF75D415E5A87DFFFF
FF9BFF5466DCD3FF6CFFB6FFEE710000
FFFFFFFFFFFFCAFFFF81C6FFFFFFE4FF
FFFFC5FFE0FFFFFFFFFFDAFFDCFF6E74
FFFEE32BFFDAA456FFE5FFFFFFFFFFFF
FFFFFFFFFFFFFFFFFFFAFFC2FFFFE3FF
3344FFFFFFFFDAFFC7FF6D62FFFFA9FF
FFFFFFFBFFFFFFFFFF67FFFFFFFFFFFF
FFFCFF419977FFFFFFC3FFFFFFFFFFFF
DD93D6CCD0FFFFFF84FFD2C2FFFFFFFF
B6FFFBFFFF86A8FFFFFF6E98FFFFCDFF
FF9BFFFFFFFFFFB7FFFFFFAD61E4A9FF
97E8FF7190FFFFA4FFC0FFAB955FFFFF
7386FFFFFFFF6EBFA677FFFFFF5696A2
FF3DFFFFFFFFFFFFFFFFDBFFD8FFFFCB
FFFFFF9FFF7FFFFFFFFFFFFFA9F9FF11
2BFFB2FFFFFFFFFFFFE7FFCFFFFFFFFF
73CF62FFA3AAFF71FFFF3CAAFFFFFFFF
FFFFFFFFFFFFA2FF6AEAFF9AFFD6C71D
FFFFAE4DFFFFFFFCFFFFFFFF5AFFE5FF
50FFFFFFFFFFFF7BFFFFFFFFFFFFFF8E
FFFFFF88CCFFFFFFFFE0FFFF5CFAB72B
AE357FD2A2FFFFFFAFCBF8FFFFDAFFFF
FFFFFFFFFF97FFFFFFFFC2FF27FF91FF
FFFFFFFF88E417D5FF87FF6AFFFFFFA8
FFFFEEE1FFFFFFFFFFFF34FFECCEA0FF
FFFFFFFEFF1D2CFF7CFFE5FFCC8DFFFF
FFFFFFB5FF8CFFA57784FFFFFFEF8FFF
FFFF5ABBFFF5FFFF87FFD83AF2FFFFFF
FFFFF8FFFFFFFFC0EDFFFFDCFFFFFFFF
FFFF66FFFFFFFFFFFF37FFF3EBFFFF79
EDFF3164FFFFFFFFFF3BFFFFFFFFFFFF
6EFFA4FFFFFF9EE3FFA85D92FFFFFFFF
FFFFFFFFFFFFFFFFFFFFCFB5FFFF0000
D1FFFFFFC56456FFFFFFFFFFCCFFFF20
FFD7FFFFB7FFFF37FFFF8FEFC8B9FFFF
FFFFFFDFFF4DC9FFFFFFA8FFA0FFA2FF
FF8CFFFFFFFF73FFB0D4FFFFFFFFD5FF
FFF3FF6897CBFFFFFFFFFF86AAFFFFFF
FFFFFFC6CCFFFF3253A8FFE2FFFFFF6D
FF4B97E6FFFFFFFFFFFFFFFFFFF4B3FF
FF5161FFFBFFFFFFFFFFFFFFFFFFE187
FFFFBDFFFFFFFFFF9BFFFFFF63FFFFFF
FDFFFFFFD729FFFFFFC6FFFFFFFFFFFF
B7FFFFA3FFFFFF30FFFFFFFFF6FFFFD6
FFFFFFFFFFFFFF6C20FFC6FFFFCAFFFF
FFFFFF92FFFFFFCAFF1DBCFFFFFF266D
5EFFFFFFFFFFFFE7FFC9FF8AFFFFFFFF
BBFFFFFFFFFFFFFFBBFFFFBDFF90FFFF
E1BEFFFFFFFF5B791FFFFFFFA7FFFFFF
FAE5A1FFF7FFF773CDFFFFFF49FF64FF
DAEEFFFFFFFFFF7EFFFF9FFFFFFFFFFF
1EFFFFFFFFB847F66DFFFFFFFF29D7FF
FFFFCDBE70FFFFFF89FFFFFFFFB39E56
FFFFFFFFFFBDB8FFCEFFFFFFFFFFFFA2
FFFF9EC7FFFFFFFFFFFF54C3FFFFD2FF
D8FFFFFFFFFFFFFFFFFFFFFFFFEAFFA8
FFFFFF8B59BED7FFFFDD47FF73FFDAFF
B94CFF73FF83FFFFE2FFF0836ECAFFFF
FFFFFFFFFFE955C5C72DFFF4FFC62D8D
63EFFFFFFF28FFFFFFFFFFFFFFECD7FF
FFFFFFFF266AFFFF89D1FFFFFFFFFF55
E6FFFFAFFFFFFF7FFFFBFF8DFFFFFF96
3C9AFFFFFFFFFFFF88FFA226FBFFE2FF
59FFFF682FA4D1B9FFFFFF7CFFC5FF49
FF95FFFFFFD7EF9EFFD5E2864CFF0000
F875FFFFF5B232AA5260E5FFFFFFFFFF
FFFFA3ADC7FFFFBC42ABFF5BFFBEFFFF
FFFFC5FFFFFFFFFF8AFFF9FF3AFFFFDA
FF35FF92C62EB5E2FFFFFFFFFFFFFFFF
FFFFFFB4FF22D2C5FFFFFFD2F65EFFFF
69FFFF8EFFFF5CFFFFFF97FFDAFFE1FF
FFFFFFFFF2FFFFFFFFFFFF8CFF9386FF
FFFFFFFFFFFFFFFFFFFFAEFFFFFFFFFF
FFFFFF4F815BFFFFFFFFFF7AFFFFFFB3
FFFF99FFFFFFFF6AFFFFFFFFFFFFFF8B
8955FFFF8BFFFF7BFFFFFFFFFFFF62C8
FFBEABFFFFEED6FFFFFFFFFF50DCFFFF
FFFFB8C084FE3BF0FFA3FFFFFFFCFFFF
A2FFBCFFFFFFFFFFFFFFFFFFFFFFFFFF
FFFF76FFFFFFFFFF3EFFFFFFFFFFFF7E
FFFF6EFFFFF5FFFFB5C1E0FFCBFF53FF
FFFF81FFFFFFFF84DAFFFFFFFFFF99FF
FF6CFFFFEFFFFFFFFFFFFE4FF689FFF9
FFFF6BFFFFFFFF78FFFFFF8E7BFFFFFF
FF91FFCDDBFFFFFF9AD5FFFFFFD7FFFF
FFFFFFFFFFFFFFFF77FF3B900FFFFFFF
FF4FFFFFFFFFFFFFFFFFFFFFB8B7FFFA
FFFFB0FFFFB0FFFFFF71C8FFFFF18CFF
FFFFFFFFFFC5FFFFF7D6FFFF54FFFFFF
FF16FFFFFFFFFFA4FF66FF97FFFFFFD0
F7FFFFFF45FFFFFFFFFFFFFFF823FFFF
FFFFC5FFFFEDF5A1FFFF46FFFFFFFFFF
FF61D452AAFFFF99FFFFFFFFCF76FF27
C5FF6DABFFFFFFFF99FFFFF6FFFFFFAD
4F3F91FFFFFF76FFC729E447D4FF7EFF
FFFFFFFFFFFF4249FFF89B3AE1FFFFFF
96FFFFFFFFFFFFFFDFFFE8ECFFFF0000
98FFFF9DFF8BF7FFFFFFFFCFFFDFF9FF
5D43FFFFFF5EFF85FFFFA1FFFF5E876A
FFFFFFFF493D70FFFFFFA8FFFFFFFFD5
C5ECFFFF96FFEF328FFFFFFFFFD9FF75
C8FF6EFFFFFFFFFFFFFFFF4DC18E99FF
A9FFFFFFFFFF6BFFFFFF7AFFFFCDFFFF
A1FFFFFFFFFFFF3FFF4EFF1DE0FFFFED
FF02EFFFFFFFFFF0FFFF98FFFFFFF7FF
F6FFFFACB0DDFFFFFFFFFFFFFFFFFFFF
FF98FFFFB2FF5590FFFFFFD5FFFFFFFF
FFFFFFBDFFFFA2FF7EF7FFFFFFFFFFFF
7F1BCC5ADF81B0FFFFFFEEFFFFFFF3FC
697AFFFFFFFFCFFFFFAB88C8A290D4FF
B3FFFFFF5DFFFFFEFFA0FFFF6CFFFF4D
E6FF474AD7FFFFFFFFFFAFFFFFFFFFD3
FFBDFFFFFFFFFF9EFFFFFFFFA3FFB7FF
F8FFFFFFFFEDFFFF71B5FFFFFFFF82C8
FFFFFFFFFFFFFFFFFFFF56FFFFFFFF7C
FFFF98FFFFFDFFE9C34CE9FFFFF8FFFF
FFFFFF876516FFFFFFFFFFFFFFFFAFFF
FF68F6FF31FFFFFFFFFF6AFFCABD45E1
87BEFFFFFFFFCEFFFF18FFFFFFFFFFC4
FFFFFFFFFFFFFFFFFFFFFFFFDAFFFFFF
CBABFFFFFFFFFFFFFFFFE1FFECFF3FFF
FFF1184AB836FFFFFFFFFFFFFFFFFFFF
BBFFFFFF75FFBAFFFFCAE2D9C6CDFFCA
FFFFFFFFEDFFFFB09959FFFFFFE8FFF2
FFFFCAFFFFD15FFFBFFFFFFFFD79FFFF
A1FBA8FFAFFFFFA057FFFFFFA7BEFFD5
FFFAFFFFC0FFFFFF56FFFFFFB5FF43FF
FFFFFFFFFFC78384EFFFFFFFFFFFFFFF
FFFF8EFFFFFFF2FFFFFF8AF3BBFF0000
B8FFFF6CFFFFFFFFFFFFFFFF6B8AA2FF
D6F1D7FF61FFFFFFFF5CEBFFFF4A1DAD
FD314F79FF6BE1FFBBFFD6F5FFFF75FF
FFFFFF07FFFF76FFFFFFFFFFFFFFFFAF
FFFFFFFFDBFAFFF2FFFF98FFFF71D3FF
8FFF78FFFFB7FFFF9E8FFFC3F8EFFFFF
86FFFFFF646FFDFFFFFFACFFE1E6CCFF
FFFFFF9EFFFFFFF3FFFFDFFFFFDEFFFF
FFFFFFFFFFAFB9ADFFFFB0F7A3FFFF75
FFFF965FC580FFFFFF9CFF9BFFFFFFFF
57FFFFE3E5FF38FFE239B9F1B0ACFF72
FFFF824BFFFFFFFFFFFFFFFFFFFFCFFF
D8D89B63FFFFFFFFFFFFFFFFFFFFFFFF
FFF1FFFFFFFFFFFFFF49ADFF6DD6FFFF
ACFFFF8DD2FFFFFFFFFFFFFFFBFFFFF6
FFFFFFFFFFFF8BFFFFACFFF9B2FFFFC7
ADA9C8FFFFFFFF82FFFFFFFF867570F2
B9A5CDFFE9CDE4FF4DFFFF88FFFF5EFF
FFFF99FAFEFFFFFFFFFFFFFFFFFF55E7
FFFFFFFFFFFFBFFF7B509DC0FFFFFFFF
FFCCBDFFFFFFFFFFFFFFFFCCFF98E5A6
FFFF3CFFFFFF37FFFFFFA0D1FFFFFFFF
C6FFFF2AFFFFFFFFFFD3CD22E5FFFFC0
FF967F79FFFFBBE0FFFFFFFF67E5FFD4
AED836FFFFFFCB2D59FFFFFF96FFFFFF
F2FF8AFF89FFFFFFC595FFFFF2EFFFC3
FFFF95FFCBFFFFBDFF48FFFFFF77FFFF
FFFFFFC250C7AAFF48FFFFFFFFFFFFCF
FF4DFFFFA2FFFF9D9BFF5FC8CCADFF3B
FFFFF0FFEFFFFFFF4EFFFFFFFFB1FFFF
FFFFFFFFFFFFFFFFFFFFFFFFFFFF94FF
FFFFFF95FFFFFFFF37FF867B70FF0000
75FFEAFFFFFFFFD9FFD9FFE5632DFCB9
7D60BBFFFFFFFFFFFFFFFFFFFFF6FFDF
FFCFFFFFA2ABFFFF26FFACFF30FFFFFF
92FFFFDEFFFF7CFFFFFFDAFFFFA5E0FF
FFFFFFFFFFA6FF8DFFFFFFB6FF46FFFF
E74698FFFFEA9CDFEEF1B1DDB63CF8FF
FFFFFFFFFFFFE3FFFFFFFF3BFFFFD6FF
FF80EEBFA9F7E43DFFFF7CFFFFFFF2E9
A6FFFFFFFF8EFFFFFFFFFFDFFFFFFFB4
FFFFD554A2DADAFFFFFFFFFFFFFFFFFB
66FFFFFFFFFFFFFF58FFC2F5BF50FFFF
FFF1A9395D29FFFFFFFFFFFFFFFFFFFF
53FFA7FFFFE3FF97FFF9FFFFFEFFFF86
FFE2FFFFFFADFFFFFFF9CAFFFFFF92FF
9DFFFFFFFFFFFFFFFFFFFF6CD2FFA3FF
FFFFFFFFFFFFFFFFFFFFFFFF3B43CEB3
FF247161FFFF328298FF2BFFE895FFFF
FFFFFFFFA9D7FFFFFFFF92FFFFFFD9FF
FFFFFF26EDFFFFFFFFFFFFFFFFFFF187
FFF6FFFF70FFFFFFFFFFFFFFFFFF80E3
FFFFFF2DEDFFFFEFFFFF8FFFFFFFFFFF
FFEBFFFFFFFFFFFFC8FFFFFFFFFFF5FC
FFFEABABE4FF7AFFFFF8FFFFFFFF5294
BAFFFFFF7059DA7EFFFFFF2BD3AFFFFF
A2FF74FFFFFFAA8DC2FFFFFFFFFFBEFF
FFFFF756FFAAFFFFD5ECFF7DFFFFFFFF
F8FFFF68FFFFFFBEFFFF6FFFC21BFFFF
FF35FFFFFFFFFFFF11FFFFFFFF1DFFFF
FFFFFFFFFFF3FFFFFF58FFFFEEFFFFFF
8AFFFFFF8BFFA3FFFFFFB1FFFFB1FFFF
FFFFFFFFFFFFB154FFFFFFFFB7FFEA8E
FFFF38FF5B7F6EDB5FFFDFFFFFFF0000
B970CB7AFFFFFFFFFFCBF242D62069FF
FFFFFF42FFA3FFFAFFA6FFE6DBFFFF6F
FFFFFFFF99BFA4FFFF8CFF1CFFFFB0C0
FFFF55FFFFF564FFFFFFFFFFDAA9FFBE
FFFFFFFFFF9FFFFFCEFFFFFFFFABFFA9
BDB5B1FFFF3AFFFFFF9CFE85D18AA4FF
FFF660B1FFF1FFFF7BFFFFFFFFFFFFFF
FF72DF57F4E3FF68D7CBFFFFFFB1FFFF
FFFF95FFFFB9FFFFFFFFFF7AFFFF80C1
FFFFFFF65718FFE8FFFFEEFFFF46FFFF
FFFFDBE9FFFFFFFFD054E6FFFFFFFFFF
FFCBCADCFFFFFFFFD9CFFFFFF9FFFFFF
B4FFFFFFFFFFFFFF595BFFFFD3FFFFFF
FFE2FFAFFFF4FFBCFFFFFFF474A8FFFF
9A3CFFFFD4FFFF17FF4EFFAFFFFFBCFF
FFFFFFF1FFFFFFFFFF7960FFD0FFFF8D
FFFFFFFFFFFF73438CFFFFFFFFFFFFFF
FFC4FFFF2FFFFFE4FFFFFCFFF9FFFFEA
FFDAFFFFFFFFFFFFFCFFFFFFB7FFB115
FFFFFFFFFF29FFFFF3FFC3FFFFB5BAFF
FFFF9DFF11FF24FF44FFFFFF3EFF93FF
D8FFEAACFF4BC068FFA9FFFFFFFF75FF
FF464B94FFFFFFFFCAF2FFFFFFAE3075
FFFFFFFFFFFFFF34FFFFFFFFFFD3FFFF
A57F75FFFFFFC37AFFFF9FFFE8FFAF4D
FFE1FF92C9D2CAFFFFFF58FFF3FFFFFF
FFFFFFFF9BFFFFFFFFE7FFFF89C9FFFF
FF8BA8FF8FCCECFF8877FFFFFFFFFF82
FFFFFFFCFFFFFF64FFCDFF9CFFFFE5FF
FFFFFFFFFFDCFFFFE4FF8DFFFFFFFFFF
C1FFB7FFFFFAED54FFFFFFFF66FFFFFF
503EFF19FFFFFFFFFFFFFFFFFFFF0000
EDFFFFFFFFA5FFABFF88FFFF9CFFFFFF
FFFF78D5FFFFFFFFFFFFFFFFFF90C886
5AFFFFFFFFD5FFFFFFFFFFFFFFFFFDFF
EFFFFFFFFFFFD6FFFF47FFFF22FF4DFF
FFFFFFFFFFFF563DFFFF7AD18CFF79FC
DBC0A1FFFFFFFFFFFFF193FF83FFFFFF
90E1FFFFFFFFF7FF57FFFFD9E8FF3EFF
FFBCE2FF2DE8FFC28E6ABDFFA8445DFF
FFFFFFFFFFFFD2FFFFFF16FFA8FFFF2C
FFF882FF56F646FFFFFFFFFFF4EBF0B5
FFFFFFFFFFFFFFFFFFFFD6FFFFBCFFFF
FF0FFFFFFFFFFFFFFFE5D6FF95C1FFFF
FFF536FFAB62FFFFFFFFFFFFB7FFFFFF
FFFFFFFFFFFFFFFFFFFFFF9EFFFFFBFF
FFFFFF41FFFFFFD1FFFF18FFFFBEFFFF
FFFFADFFFFBDFFFFFFAE699F5CFFFFAE
5A19B4E6FFFFBFFFE4FFFFFFFFFFFFFF
FF99FFFF34FD3EFF9852ABFF92FFFFFF
BAFFFFFFEEFFFFFFFF20FFA6FFFFFFFF
F860F4FFFF54FFFFFFFFFFFFFFFFFFFF
FFFFFFFFD6FFFFFFFFFF3BFFFFCBF6FF
97A5FFFFD5CEFFFF93FFFFFFFF60FFFF
FFECCB8CFFFFFFFF93FF65E7FFB6F65A
FF2D77FFFFFFFFFFFFFF4C98FFFFFFCA
C2FFFBFFFFFFFFFFFF30FFFFFFFFFFFF
F7B589B0FFFF1DFFFFFFFFFFFFFFFFFF
FFFFD9FFFFAAFFFFFFFF507253FF41F0
FFFFFFFF3C968DFFFFFFFFFFE3FFFFFF
FFFFFFFF8AD5FFB2FFFFFFFFFF4AFFFF
E9B0BB70FFCEFF76FFDEFFD3FFFFFFFF
C76DFFD5FFFFFFA5FFFFFFFFFFFFA8FF
FFFFFFFFFFFF9A2FFFFF85FFFFFF0000
E8FFFFFFFFFFBEFFFFFFFF32FFD6FF84
FFFFFFFFFFD975FF8FFFFFFFB3FFFFFF
80FFFFFF2FFF68E4A8F6FFFFFF42FFE9
FFFFFFEAFFB4FFFF31FFFFC797FBFF5E
EFD1ADFFFFFCCC79FF86DA74FF7AFAFF
5BFFFFFFF6D7D3FFABFFFFFFFFFF6390
FFF8AFB5FFFFFFFFFFFFB0CDFFFFF2FF
FFFFFFD8FFCFBFFFC5FFA2FFFFFFF2FF
FFFFFFFFFFFF75F65AE8FFFFFFFFECF3
FFFF0CFF47FFFFFFFFA5F4E9B4C971B7
39C4FFFFFFD6FFE9FF79CAFFFFFFFF73
FFFFFFFFFFFFF675D4FF87D563FFFFFF
5EFFFFE5FFCFFFFFFFFFAEFFD93EFFFF
FFFFBFFF3BFF95B4FFFFFFFFFFFFE1FF
FFFFFFFFFF9BE6FF948CFFF7FFD5FFFF
FFFFFFC9FFFFFFBCDE84FEFFFFFFFFFF
FFFFFFB0FFFFE3FFFFFFFFFFFFFFFF5E
6CFFFFFFFFFFFFDDFFCFFFFFFFFFD7AE
BFFFE6FFFFD9FFFFFFFFFFDDFFFFFFFF
75FFFFFFB3BBFFE3C1FA7FFFFFFFFFFF
FF71FFFFE25951FF9DFFDA20FF9EFFFF
94FFFFFFFDFFF0FFFF4596FFFFDEFFFF
FFFFFF9495FFFFFFB0FFD8FFE2FF7B32
FFD4FFFFFFFFE1FF71FFFFB0FFFFFFFF
FFFFFF20FF7495ABFBDAEDFFFFFFFFFF
FF7DE2FFFF31FFFF88A1FFBAC3FFB5FF
7EFF28F0FFFFFF6EFFFFFFC9FFFFFFFF
FFFF45AEDCB7FFFFFFFFFF8BFFFFA789
FFFFFFFF7ED4FF27FFFFFF72FFB9FFFF
FF71FF63FFFF5EADFFFFFF7094FFFFFF
FFFFFFFF68FFFFEBFFFFF7E6FFFFE26D
C1FFFFFFFFFF79EBD9CEFF5BF4EB0000
FFFFFFFF34FFFFFFFFFFB2FFFFFFFFB4
BEFFFFFFFFFF9FFFC9E2FFFFFFFFFF26
FEA3C8FFFFFFFFFFFFFFCE67FFFFFFFF
DEFF8BFF8CBFFFFFDAFFFFFFFFFFFFFF
34FFFFFFFF35DFFFFF99F7BCFFFF3A61
CEFFB3FFFF3D91FFFFFFFFFFFFFFFFBE
DBFFFFFFFFFFFF83CEFFFF8DCAFF75FF
86FFC11FFF9BDE5DFFE8FFFFFFFFFFE1
FF6241FFFFFFFFD3FFFFFFF9D2B07AFB
D38BFFFFFFFFFFFFFFFFFFC954FFFFFF
F2FF45FFFFFFFFFFFFD4FFA8FFFFFFFF
B5FFFFFFFFFFFFFFFFFFA2F4FFFFFFFF
E4FFFFFFFFFFEFFFFF558F9AFFE3FFFF
FFFFFFFFFFFFFFFF38FFFFCAE4DDF1FF
CF85FFFFFFFF9FFFFF9CFFFFFF72FFFF
FF9CB5E538FFFFD1B9FFFFFFFFFF8254
FFA4FFFFFFDEFFFF68F7FFC3FFFFFFD8
F7FF86D2FFFFAF8CFFFFFFFFFFFFFFFF
E79BFBFFFFFFFFFF6DFFF3FFF0FFFFFF
FFFBFFFFFFFFD1FFFF83FFD2FFD5FFFF
FFA0FFFFC9FF9EFEFFFFF71525FFB7FF
FFFF90FFFFFFFFFFFFCB9FFF1EFFEDFF
FF4492FF4BFFFFDB47C4AEFA7BFFFFFF
93FFFFFFFFFFFFFFE6A9FF9DFFFFFFAA
3AFFFFFFFFDD437CBEFFFFFFFFFFC1FF
FFB2EACEFFFF75FFFFFFFFF2FFFFFFFF
5EFFFFFF678E6FFF97CFFFAAFFFFFFE7
6CFFFFFF61FFB1FFFFFFFFF5FFFF9F7A
9EFFFFE03DE6A1FFFFFFFF7D9841EFFF
D7FFADFFFFCFFF41F3431B826A65FFFF
7D78FFFFFFFFFFC49BA8FFFFFFFFAFFF
EFFFFCE1FFFDEAFFFFFFFFFFAFFF0000
FFB7FFFCFF91FFFFFFFFFFFFED94FFFF
EAFFFF7EFFFF94FFFFFFFFE1FAFF85FF
FF7FFFFFFFC7D2FFFFFFDEB9FFFFFFBC
7E6166FF43DCE5FFFFFFFFFFE4FFFFFF
FFFF13FFE742D2A1FFFFFFFFE457FFFF
F1FFB8FFBEE9FFFFFF4289E1D167FFFF
FFFFFFFFFFFF82FFFFFF3BFFFF8EFF6F
F6FFD895FFD6B5FFFFFFFFC2FFFFFFFF
9BFFC4C764B4D8FFFF35FFFF68E8FF80
E057FFFFFF167DFFFFFFFF8BFFFFFFFF
D7FFFDEBFF8AFFFFFF5BFFFFFFFFFFFF
FF54FFDBFFFF84B5D0FFFFC5FFFFFFFF
A15E31FFFF24FFFFFFFF9546FFB6B4FF
FFFFC3FFF28BC9FFFFFFFFFFD4FFF6FF
FFFFFFFFFFFF69FFFFD9FFFFAAFFFFFF
FFF988DD94FFFFFFFFFF55FFFF54FFAF
78FFFF7BFFC2D3E289608FFFFFFFFFFF
FF6EFFFF61C0FF66FFFFFF9D91FFAB9F
B0FF81CDFFFFF3FFFFAAFFA9FFFFFFE4
9467FFFF4EFFFFF1A2BDFFC0E831FFFF
FFFFFFFFFF63DA40FFBDFFFFFFFFFFFF
86FFFFFFFFFFFFFFFF3C4CFFFFFFFFFF
FFA89E3DD2FFFFFFFFFFFFFFFFFFFF78
FFE1BAFFFF88E38AB5FF42FFFFFFFFD1
FFFFFFFFEDD0BCDFFFA7FFD8FFCBFF14
FFD3FFFFFFFFFFFFFFFFFFFFFF60FFFF
C3FFFFFFFF18E7C6F0C2657D1656A37B
CFFFFFCAFFFFFFFFFFDCFFFFFFFFFF61
C2FFFFFDD2FFFF98FFFF86FFB3F6FFFF
FFFF24B8FFFF68FFFFE2FFFFFFFFFF99
ECFFFFFFFFFFFFFFE681FFFF64B7FFFF
FF83FF1FBAFFFFB253C4E5FFD7FF0000
FFFFFFFF979DFFFFFFFFFFC8FF78EDFF
63DEFFFFFFFFFF49A9FFFFFFFFFFFAFF
FF43FFFFFFFFF8F3FFFF20FF56DFFFFB
FFFFE0FFFFFFFFFFFFFFFFFFFFFFCCD2
FFFFFFFFFFF3F4FFFFCCFFFFFFFFFFFF
FF45DDB3FFFFFFFFFF653411FF98FFA4
FFFFFFFFE9FFFFFF77E2FFFFFFFFFFFB
A3A0FFFFFFA98FFFFFFFFFFFFFFFA867
FFFF1BFFFF2A879CFFFFFFFFBAFF399E
FFBBA0DBFFFF34FFFFA7FF9EFFFF4CD4
FFD9FFFFFF3CFFFF85E2FFB0FFFFFF9D
FFFFFFFFFFFF36BEBB9DA2FFFFFF8F6C
FFFFFF62FFFFBDFFD4FFFFFFFFFF69E9
FFFF9BFFEDFFFFFFFFE3FFFF92FFF2FF
BEFFFFFFFFFF74CCFF4AFFEBFFFF6DFF
BCFFFFFFD1FFFFEFFFBCFFFFFFFFFFDD
DFFFFFFF8EFFFFFFD947FFD877FFFFFF
99FFFFFFFFCDFFCBFFFFFFFF76FFD6FF
FF6CBEFFFFFFFFD79CFFFFD62F87FFF5
A6E8FFFFFFFFFFFFFFE1FFB7FF55FFFF
E2FFC6EAFFFFFFFF3BFFFFFFFFD1FFD5
FFFFFFFFFFA165FFFFFFFF9BFFFFE050
FF8DD4FFFFFFFFFFFFFFDAFFFF05FF32
FFFFFF7DFFE5FFFFB319ADFF59A2FFFF
9AADB9FFFF89FF83C5A2FBFFFFFFFFFF
FFFFC5FFE678FFFFFFFFFFFECA77FFFF
82FFFFFFFF5375C9C385FFECFFFFBBFF
FF87535D69FF41D3CBA9FF938D82FFFF
FFFFC940E4A3FFFFFFFFA0FFFFFFFFFF
B763F0FFFFFFFFFF876CFFFFFFFFFFF9
FFFFADDFFFFFA0FFFFAAFFC3FFFF2DD6
63FFFF80FFFFFFFFFFFFFFFFFFFF0000
B954FF70D17BFFFFFFFFB1AEFFFFFFFF
FFFFFF83FAFDFFFFFFD8878B22758AE7
FFFFFFFFFFFF54FFFFDDF4FFFFFFFFFF
FFFFFFD7FFFF72FF1DFFFFFFFFFFFFFF
FF5A67F1FFEED5FEA7FFFFD3FFE7B7FF
FFFFFFFFFFFFA6FFFFC3FFFFF8B7FFBF
C6FFFFFFFFFFFFFFFFFFD5FFFFFFE4FF
FFFF9BFFFFFF75FFB6FFFF91FFFFA7FF
FFFFEF24B9FFB7F3FFFFFFFFC2FFFF43
FF62E4FFFFFFFFFFFFFFFFFFB9FFB868
95F19953FFFFFFFF3AFF7FFFFFFFFFFF
CAA73BFFFFE48A6EC3FFFFFFFFFF9C8C
FFFFFFF3FFFFDDFFCBFF97AAFF50D6FF
A8FFBFF19067FFFFFFFFFF89FFFF32FC
FFCEABFFFFFFFF99FFFF73C9B08391FF
FFF466FFFFFFFFFFFFB11BFFCCFFFF8F
FFFBFFFFFF80BB8DFFFFFFECDBB7FFFF
FFFFFFFFFFFFFFFFFFDCFFFFE6FF9EFF
FFFF53FFF2A0E9FFFFFFFFFFFFFFFFFF
E80AE68CFFFFFF94C4FFEFB17BFFFFD8
FF4EFFFFFFFF9BFFE046FF5FFFFFFFFF
FFFFFFFFEFFFFFFFCE93FFBF22FEB59E
2AFFFF63FFFFFFB2FF97B12B97FFFFFF
5CFFFFFFFFE53DFF5ECDB0FBFFFFFFFF
FF70FFCAAEFFFF9CCFF868FFFFFFFFFF
CEFF80FFEFFF90FFFFE9CAFFFFFFBEFF
FFFFFFFF16FD57FFDDAEFFFFFFFFFFFF
D8FFF5C3FFFFFFFFF2B9FFFFFFD597FF
FFCEFFFFFFFFFF59FFFFFFFFFFCEFFFF
FF9BFF54FFD2FFFF57FFD2FFFFFFFFFF
FFFFFFFF64FFFFFFECE0FBFFFEFFE3FF
FFFFA5FFFFFFBDFFFFFFF4FFFFFF0000
CDE9B7FFFFFFFFECFF4CFFFFFFFF53FF
FFFFB3FF7EFFC1FFFF70FFFFB4FFFF81
FFFFE9FFFFFFFFFFC6C3FFCEC7FF75DB
FFFFFFC7FFFFFF57FFFF8DF2FFFFFFFF
FFFFFFFFE5E9E25355FB6F338DFFFFFF
FFB889FFFFFF74FFFFFFBBFF0C89FF65
FFFFFFFFFFFFFFFF8E2DFFBBFF73FFFF
FFFFDFFFFFFF3AC4FFFFFFFFFFFFE5B8
FFFFFFFFFFFF50FFFFFFFF2BFFFFFFFF
FFCF3F7EFFFFFFFF65FFFF68FFEBC98B
F9FFFFFFE7EBA2FFFFFFFFFFB2DC5D59
FFBA80FFFFFFFFFFFFFF57B1FFFFFFB6
FFFFFFFFFFD3FFE3FFFFFF83FFFFFFFF
2DFFC0D6FFF1FFFFFFEBFF2FFFE1FDD4
FFFFFFFFFFFFFFFFE8FFFFFF6AD7FFDA
FFFF8AFFF0FFFAFFFF9CA0FF5FFFFFF2
8A8A4658FFF3F9FFFFB612B3A6D5FFFF
FFFF72FFFFFFFFD1FFD0FF7BFF93D065
B0FF31FFFFFFFFFFFFF2FFFFFFFFFFCB
FFFFFFFFA1FFFFFFFFFFFFFF7FFFDEFF
FF9BE8EC36FFFFFF72A4FF3CE8FF46FF
FF9B64FFFFFFFFFFFFFF8A90FF9AFF8D
FFFFFFFFCCFFFFD937FFFFFF35FFE5FF
DCFF64FFFFDEFFFF0AA9D1AF195CFFDA
FFFFFF9699FFFFFFFFFFD5FC73A9FFE2
FFFFFFDC59FFF0628185EF4B5EFF5AFF
FFB3FFFFFFFFFFFF38FFFF30B4DB9BFF
EAFFFFFFFFFFB3FFFFBEFFFFFFFF58AB
92FF53FAFFFFFF33C14AFFFFFFFFFFFF
FF71FFDCFFFFFFFFA2FFFFFFF0FFFFFF
FFFFFFFF8ED6FFFFFF42FFFFE3FF15FF
EFFF63CAC3A6C159FFFFFFFF1CFF0000
FFC5EEC0FFFFFFFFFFFFFFB3FFFFFFFF
FFE5DEB3DAD6FFFFFFA2FFB4E6FF7AFF
4DCDFFFFFFA1FFEA3AFFC3FFFFD7C1FF
FFFF938CFFB7FFFFEDFFFFFFB9FFFFEA
FEF2FFFFECFFFF9B75FFFFB496FFFFFF
FF1EFFFFFFFFFFFFFDFFFFFFB268FFFF
FFFFFFFF89FFFFFFFFFFFFFFADFFFFFF
FFFFF9AB92C0DDEBFFFFFFFFFF55C67A
6F93E2FFCAFBA2FFE277FFFFFFFF68FF
4CFFFFFFFFF6FFFFFFFFFFFFD5919DFF
FFFFFFFF33FFFFFFFFFFDAF7FFFFFFFF
FFA4CEFFFFFFFFFF538C5D95FFFFFED8
FFFE16C7FFFF88FFFF6AFF62FFA0FFFF
FFFFFF82FF48AA32C89DFFB8FFFDCCDC
FFFFFFD8FFFFFF50FFFFFFA645E9DBFF
FFFFFFFFBDFFFF56EDAEE9FFFFFFFFFF
FFFFFFFFFF98FF88FFFFC2E5FF48CBFF
92FFFFD2FFFFFFFFFF4B34C9FFFF82FF
FFFF48FFFFFFD7FFFFFFFFFFFFFFFFFF
FFFFFFFFFFFF5D8394EC73FFC19ACDFF
FFD7C3FFFFFFFFFF8899FF7EFFFFFFFF
FFD0FFFFBFFFFFBAFF935AFFFFFFFFFF
FFFFFFC3FFFFFFFFFDFFE3FFF5FFE8FF
FFFFFFFFFFC2D7E2A3B1D356FFFF6DFF
FF26F0B0AED4FFFFB2FFFFD12D2EEA8E
FFFFFFFFFFFF8324FFFFFF9F48FFFFFF
95FFFFFFFF52FFBEFF427E7A729BFFD9
87FFFFFFFFFFFFFFFF8EFFD6FFFFEC7C
FFFFF0FFFFFFFFB3FFFFADFFFF63FFFF
FFFFFFFFFFFFFF68FFA8D2BCEBFFC9FF
FFFFFFFFA73FFFFFF9E5FFFFC8FFFF67
F3CAFF755BFFFFFFFFFFBA3CFFAE0000
FFD9D7FFFFFF98FFB4FFFCFFFFFEFFFF
69FFFFFF82FF90FA97DAFFFFFFE5FFDD
A78AFFFFFF98FFAA78FFFFAB337EFF83
C5FF0E13FFFFFFF8FFFFFFFFFFFFFFFF
FFFFFF26FFFFFF8134FFB05FFFFFFFFF
67FFFF3FE6FFE6FFFF40948FACFFFF97
FFFFFF78FFFFFFFFFFFFC8FFFF2F7CFF
FFF9BAFFD26ED8FFFFB0FFFFFFFFFF43
9195FFFF80427EFF82FFFFFFFFFF90FF
FFCDFFFFFFD8FFB1FFFF32FFFFFFF9C7
7BFFFFFFFF86FFF4FFFFD4FF9BC7D56E
827BFFFFFFF56828A1905CFE4FFFADFF
FFFFFFFFFFFF7C6148FFFFFFFFD6B8FF
FFFFFFBCEDEBFFFF7EDCFFFFFFE4FFFF
FFFFFFFFFFFFFFFFFFFFFF5FFFFEFFFF
FF72FFFFFFFFFFFF3EFFFFFFFF87FFFF
FFFFFFDD6DFFFFFFFFFFA5FFCBFFFFFF
C88EFFFFFFFFFFFF52F57A5FFFFFFFFF
FFAA65FFFFFFFFFFF4FFC2FF88FFF7FF
FFFB92FDFFFF71FFA1F2B2FF5335FFFF
AD6BFCFFFFFFFFFFDDFFFFFFFFFFFFFF
FFB08A836DFCFFAFFFFFEBB1D0FF0BFF
ABFF39AAFFD1FFFFFF8BEFFFFFFFFFFF
D0FFFFFFFFFFFFFFFFFEFFFFFFFFFFE6
FFFFFFFFFFFFFFFFE9C584FFFF80FFFF
FFFF8EB9FFFFFFFFFFFFFFFF676EFFFF
89FFFFFFFFA3FFFFFFFFADBCFFD7CEFF
B2D9FFFFCCFFEBFFFFDEFF87FFFFBFD8
FFFFFFFFFFFFC318CED0FFE4FFFFFFFF
FFFFE6FF5AA4FFFBFFFFAE42FFFFFFFF
FFFFCCFFFF7BFFFFFFFFFFFFFFE88AFF
AB4EFFFFBDFF31FFFF87FFEB78650000
FFDE9C86FFFF87CBFFFFFF179097CCFF
FFFFBCFEFFFFFF54FFFFAF9326BAFFFF
FFFFFFCBFFFF77FFFFFFFF8583D7FF4F
FFFFFFFFFF17FFFFFAF9FFFFFFFFFFFF
FFFF72FFFF8CCCCD98FFFFFFFE98FFC7
FFFFCA6FFFFFC176FFFFFFFFFFFF4BFF
54FFFF7CB586FFFFFFFFFFFFFF83FFFF
FF789C52FFFFFFE0FFFFC8C8FF71FFFF
BDFFF2FFFFFFFFB0FFFFD4FFFFC9666C
B160FFFFFFFFFFFFFFFFC6FF959D63FF
FF51FFFFFFFFFFFFFFFF74FFFE99A190
FFFFD1FFFFFFFFFFFFFFFFFF25FFC2FF
FFFFFFFF92FF5DD5FFFF80FFFF9AFFFF
FFFF26FFFFFFFFFF41CFC1FF87FFAEA5
FFFFFF76FFFFFFBCFFFFFFFAFFFFFFFA
FFFFFFFFFFFF67FEB4FF4AFF8FFFFFFF
FFFFFFF648FB4FFFBEFFDDFFFFFFFF4C
FFFFFFFF4AFFFFFAFFDFFFFFE398FFFF
FF6DAEFFFFFF38FFFFFFFFFFFFFFFFFF
732BC490FF62FFFFFFC7F0FFFFFFFFFF
FFFFFFA03EFFFFBEFFB0FFFFFFFFFFCA
FFFFFFFFFFFF74FFC5FF4C8454E2F1FF
D6FFFFFFFDFFFFFFCD7D53FF86A8FFFF
FFFFE1FFFFFFFFFFFFFFFF84FFFFCDFF
FFFFFFFFFFFF80ACFFFF30B3FF80FF9B
DE20C4FF77FFFFFFFFFFFFFFFFFFFFFF
FFFFFFFFFFFFFFFFFFFFA367FCFFE6FF
FFFFFFFFFFFAFFFF48CEFFF2FF5CEEF1
FFFFFFFFFF41329FE2D4FBFFFFBDFFFF
FFFFFF80A1A1B6FFFFFFFFD1FF88FFE9
FFFFDFFFFFFFBB2FFFFFFFFFA9F0E6FF
D988B8E88DFFD1FFFFFFFF8281FF0000
FB87FFFFFFFFDFB7CDAA26FFDEA1EDFF
877E13EDFFFFFFFFFFFFFFFFFFFFE5FF
FFFFFFFFFFC6FFB2FFFFFFFF34A1FFFF
FFFFFFFFFFFFFFFFCA4AABFF4967FFFF
FAAFFFFFFFD86B378BFFFFFF96E5FFFF
26FFC1E127FFFFFF488FFF8AB9FFFFDE
D6FFE5FFFFFFFFA6FF7DFFFFFFFFF0FF
FFFFFFFFFFEAFFFFE3FFFFFFFFD9FFFF
FFC1FFFFFFFFFFD2FFFFFF48FFFFFF98
FBFFFFC1FEFFFFFF5AFF2DFFFFFFFFFF
FF5DFFEBFFFFFFFAFF93FFFFF3FFFF40
FFE5FFFFC8D057FFFFFF89FF17FFDCCD
FFB9FFFFFFFFFFFFFFC6FFD6AF55FFFF
FFFFD3FFFF88FFFFFFFFE7FF49FFFFA7
EAF4FFFFFFFFFF7BD1FFC1FFFFFFD1FF
5CFFFFFFFFFF3EFF3FFFFFFFFFFFFFFF
E1FFFFFFFFFFFFC95AFFF9FF4AFFDCFF
FF71FFECFFFFA743FF607472FFE9D0FF
FFFF2349CBFFFFEB30FFFFFFFFFFFFFF
FFFFFF9AFFC8FFFFFFFFFFFFFFFFF9FF
FFFF1FA0FFFFFFFFFFFFFF5494D6FFCE
FFFF35FF82DFFFC7FFFFDCBD2B6FECFF
FFFF52FF50FFFFFFFFFFFFFFFFFFFFFF
FFFF779ADAFFFFFFFFFFFFFFFF97B8D0
FFFFFFFFFFFFFFB5FFFFFFFFFFFFC0FF
5B6872FFFFFFFFFFFF55FFE4FFFF8FFF
9EABFFFFFFFFFFFFDAFFFBABFF58E8FF
FFFF7DFFFFFFFFFFFFFFB0C5FFC5FFE1
56FFFFFFFFFFE4FF754C70EDABFFFFFF
B0FFFFCBFFCD47FFFF8FFF57FFB4FFFF
FFFF398BD9FF737669FFFFFFFFFFFFFF
FFA8FFAFFFBECDFFFFFFFFD7D6FF0000
FFFFFFFFFF636398FFFFFFFFFFFFA4FF
EFFFFFFFFFA7FFFFFFFFFF2962FFFF3C
FFFFFFFF35FEFFFF48B5B7EEFFFFFFFF
FFFFFFFFFFFFD6FFB6459AFFFFFFA3FF
FFDFFFFFFFFFFFFFFFEF69FFFFA6FFAE
FFFFCE5ADAF9FFFFD0FFFFFFFFFFFFFF
FF3F43DD8C53EDFFBCFFFFFFFFBDFFFF
4DD5DA9EFFFFFFF6B1FF8ABCFFFFFFFF
FFD3FF9EFFFFFF6AFFFFC2FE93FFFFFF
A4A2B7FFFFFFFFFFE6FFFFF5FFFFFFEE
FFE3FFFE9FFFFFFFFF32FFFFFFFFFFFF
B0E05DFF6ABC9FFFCF69FFFFF0FFFFD8
FFE8FD7BFFFFFFFF19FFFFFFFFFFFF98
80FFF7B2EFFFFF68FFFFFFFF3BFFE73C
FFB1FFFFFFFFFFFFFFFFE97A792964FF
FFE8FFFF83FFFFFFD7704978D68591AB
FFA1FFE5FF59FFFF17FFF26FD4FF7CFF
FFFFFF64FFFFFFEBFFEBBCDE59FF7F40
E2FF8D25C8E641B8FFFFFF9CFFEEFFFF
FFFFFFFFA5FF7FABC5FFFFFFFFFFFFFF
FFFFFFFFFFFFFFFFFFFF3CFFDB2744FF
8C84FFFFFFFFFFA2FF91FF4797FFFFF8
C4F6D4FFE4FFFFFFFFFFFFF1FFEDA5B5
FFB5FFFF4F70FFB9B939FF69FFFFFFFF
6350FFFFFFFFFFC5FB7F71A4B780FFD6
FFA18DFFF82DFFFFFFFFFF8EFFFFB65A
A2FF51A6FCEDFFFFFFFFFFFF9CFFFFFF
DAFFFFE2FFFFFFFF7CFF6FE5D5FFFFFF
C2FFFF69FFFFFFFFFFFFFFFFFFF9FFFF
FFFFC3BBEFFFFFFFFFFFFF6E4F68FF24
FFD8FFFFFFFFF479307B525AFFFFBDFF
CAFFCEFFFFFFE5FFFFFFFFFFFFA70000
FFFFFFFFFFDCFFFFFFFFFFFFFFFFFFFF
0CE8FFC0FFFFC9F5FFFFFFFFFFF8D1F0
FFE674FFFFFFFFFFFFFFFF4EFFC2FFFF
FFFFFFFFFF6987CBFFFF37DAFFFBDBFF
AAE4FFCB4BFFFFFFFFFFFF6AFFFFFFFF
FFF0D0C8E5FFFFFFFFFFB0FFFFFFFFFF
FFE7EDFFFFFFFFFF6AFF51FF9CB9FF2F
FFFFFF93FFFFFFFF7EFFAABCFFFF56FF
FFB6FFFF84FFFFFF87FFFFF3C41323FF
FFFFFFFF9075FFFFFFFCFFBAFFFFF1FF
FFFFFFF7A0FFFFFF87A6FFFFFFFFFFFF
FFFF81FFA3C973FFFFFFF4C9FFFFFF9F
A4CCFFFFFFF0FFFFFFFFCC52ACFFFFFF
FF62CE6FFFFFFFFFFFFFFF5EFFFFFFFF
FFC8FF4CF3BFFFFF40FFFFFFFFFFAAFF
FFFFFFFFFFFFF6FFCC95FFFFFFFFFFFF
C2FFFF37FBFFFFFF35FF86C27FCBF5FF
A0FFFFE1FFEF51CE25EEFFABFFFFFFFF
51F3E4FFFFFFFFFF8ABBC0BBAEFF83C5
FFA0FF24FF4DFFFF8FFFFFFFFFFFFFFF
14FF94DDFFFFFFFFFFFFFF72D95F50FF
FFFFFFFF6CFFFFFFFFA9FFA2EFFF8DFF
FFB0E1F3FFFFFFFFFF8BFFFFFFB97DB1
FFFFFFFF6C29F6FFFFF089FFF84DFFFF
90A5D8A6FFFFFFFF20FFFFFFFFF4FF5B
DD45BAA1FFFF9EFFFFFFFFFFFFE4FFFF
A3FFFFFF9AFF208AF6FFFFFFDAFF30FF
6FFFECFF3E87E6D9FFFFF690EBFFFFFF
FFFFFFFFFF4A9678FFFF45FFFFF5FFDF
D8FFC76AFFFFABFFFFFFFFFFFF14FFC0
FFFFDA4AFFFF4AFFFFFFFFFFFFAEFFFF
FFFFFFFFEEFFFFFFF4FF6CFFFFFF0000
FFFFFFFFF1FFFFFFFFFF8EFFFFFFFFFF
FFDEFFFF7BA8FFFFFFFF95FFFFFFE9FF
FFCF58B9FFFFD39DB9D5B7CBFFFFD5FF
4DFFFBFFFFF654A484FFA1BAFCFFFFFF
B688FF64FFFFECFFFFECFEFFFFFF9AE8
FF7CCB95857CAAFF29FFA0DB40FFFFFF
2A9CFFFFFFECEC7AFFCF34D4CDCAFF37
FFFFFF92FF8CFFFFFFEE41D4FFFFFFFF
E3FFFFFFFF3468FFD4FFFFD9CCC3D3EE
FFFF4CA7BB9CFFFFFFFFFFFFD4FF6BC4
DCFFFFFFFFD4FFB6F4FFFFFFFFFFFFBC
E0FFFFFF8FABFFBF75FF7DC175FFFCFF
FFFFFFA6FFFFFFFFFFFFFFCDFFFFFF56
FFFF9275FFBAFF3BFFFFB0FF22FFFF38
FFFFFFFFFFFF5BE5FFFF83A0C8FFFF3F
C133FFFFA7FFC5FFFFFFFFFFD2FFFFF2
FF5CFFF7FFFFFFFFFDFF92FF2F76A8FF
FFFFFFFFFFFFE97732B6FFEEEEFFFFFF
FFFFFFFFFFFFFFFFA6657FFFFFFF34E9
FFFFFFFFCFB0FFFF92FFFFFFFFFFFFFF
FFCFFFE6FFD4E6FFFFFFFFF5FFFFFFFF
2C6398FFFFFFB4D6A3A0B8FFC0FFFF1D
FFFFFFFFFFFF30FFFF48FFFFFFFFFFFF
FF499C71FFB7FDCDFFFF8CFFFFFFFE41
B4E82EA5FFFFFFFFFFFF46FFFFFFFF91
74BBFFFFFFFFFF80FFFFFFFFFFFFFFFF
C947FF9EFFFFFFFF80C3FFFFFFFFC9FF
FF40E855E4FFFFB97C77FFFFFFFFFFFF
FFFF93FFF8EABCE0FFFFFFCFFF83CEFF
FFD0719027FFFFFFC2FFBA42FFA5FFCC
7DFFFF5FFFFFFFFFFFFFDDCC0F72FFFF
C1FFFFFFFFFFFFFFFFEFF2FF83FF0000
AAFFFFFFFFFFFFFFFF18FFFF93FFFFFF
FFD4FFFF68D7FF62FFFFFFBCFFFFE7FF
F48BE433E3FFEFFFCFC577FFF8A3C2FF
EDFFDCFFD28C731AFF95DFFFFFFF77FF
8E28FFFFBBFFCDFFFFFFFFFFEFFFFF99
FF29FFFFFF769DFFFFFFCEFFFFFFFFDC
FBFFFFFFFFFFFF48FF4586D2FFFF7939
FFFFFFFFFFA8A8FFD8FFFFBEFFFFBCFF
FFCB6FFFE3FFFF93FFFFE7FFCEFFFFFF
FFFFFFFFFFFFFFFFA7FFFFB1E0B986FF
F6FDF3FFFFFFFFFFAF96D6FFFFBBDBFF
FFFFABFF41FFFFFFFFFC8D3DFFFFFFFF
FFFFA6FFD0FFFFC3FFFFFFFFFFFFFFFF
FFFFFFDC6DFFFFFFFFFFCE25F151FFFF
6AFFD1DDFFFF6BFF8654FFFFFF49FF5B
FFFFFFC6FFEBFFFFFFFFFF7CE1FFFFF2
78EABBCAFFFFFF87FFFFFFC9FF67FFFF
FF1EC3FFFFFFC0F3A1C6FF9E87FFFFFF
FFC552FFFFFFFFFF9931FFFFFFFFFFFF
FFFFFFFFFFFFFFC2FFFF7EFFFFFFFFFF
FFFF72C2FFA29EFFFFFFFFFFFFFFFFFF
FFFFFFFFFF68DEFF52E9FFFFFFFFCDFF
D2FFFFFFFFFFD4FFE6FFFFFFFFFFFFFF
FFF7C0FFFF85FFFFFFFFFFFFD1FFFF8C
FFFFA0FAFF93FFFF8DFFFFFF66FFFFFF
9C3DBFC1CCE289FFFF39FFFFFFFAFEA6
FFE0D7FFF3FFFFE7FFFFFFC2FFE3FFFA
3FFF91D7BAFFFFFFFFD0EFF8FFFFFFFF
FFFF85F4E388FFE7EF5AFFFFFFFFFF74
FFFFFF96C74C6D46FFCBFFFFFFD3FFFF
FFFFFFFFFFF7FF28FFFFFF9933FFC0FF
FFDD53E7FFFFFFFFFF864AFFFFFF0000
FFFFFFFFFFFFFFFFFFFFFFC25FAF87FF
FF80FFFFE989FFFF4DFFF4E7E6BD96B1
FFFFFF165579C2D9FFFFFFBFFFFFFFFF
FFFFB1FFFFFFFFFFFFFFE2FFFFF6A92E
FFFFFFFFFFFFFFFFFFFF6BFFFFFF9B69
FFFFFF94FFFFFFFFEAFFA4FF60FFFFFF
C9FFFFFFFFFFF4A6FF4D4EE2DCFFFFFF
FFFFFFB3FFFFFFFF304FFFFFFFFFFFFF
FFFFFFFFFFFFFFFF5F31FFBAFFFF88D0
FFFFFF8BFFFF9EFF77FFFFF4BD9CFFFF
DFFFFFFFFFFFFAFFFFFFFFFFFFFFFFDB
FFFFFFFFFFFF4EFF69FFDB83514CFFFF
6DFFFFFFE559FFFFFFFFFFFFFFFFFF70
FF6EFFFF75BEBFFDFFFFA216A5FFFFFF
FFB7FFFFFF9FFFFFFF86FFD3FF81F6F0
FF34FFECFF3EFFFFFFFFFFF2FFFFDAFF
5193FFFF6AFFFFFF9FFFFFFFA3FFE5FF
FFF8656FF65CA06EFFFFFFFF21FFFFFF
FF9565BBFFFFFFD5FFFFFFFF9DFFE159
FF5694FFFFFFB6FFFFFF8930828DFFFF
FBFFAE9CF7B3C9FFFF3AFFFFFFFFFFFF
FF383CFFFF60FFFFFF70FFFFFFCBFF99
FF43FFB9C9FF9AFFE0E46CB1FFFFFFFF
A2FFFFFF2B8FB4EAFFABFF2AFF4DDDF0
FFFFFF44FFE8FFFFFFFFFF36FFA1FFB1
FFFFFFB6FFFFA0FFFFFF79FFD2FF8560
FFFFA56550C6FFFFFFFFE2FFFFFFFFFF
F1FFBC9E4EFFFFFFFFFF37FFFFFAFFFF
F746FF28FFFFFFFFF341E6FB6BFFFFFF
F5FFFF8EFFFFFFFFFFFFFFDEFFFFFF7D
FF92B2C6FFFFFFFFFFE0FFFFFFFFFFFF
701DFFFF80F2FBFFFFBC14311BFF0000
FFFFFFFFFFFF6B71D7FFFFAC4F9158FF
AA5EFF6191FF30FFFFFFFFD7FFFFFFF4
FF81459CFFF4FFFFFFFFFFFFFF90FFF4
FFD59044FFFFFFFFFFFFE3F0FFFFC851
FFFFFFAAA9BCFF53FFFFF3FFFFFFE3F1
FFFFFF6EFFFFFFFFFF38FFEBFFFFFFFF
FFFFFFFFFFFFCC73FF93A1CAFFFFFFFF
F96AFFFF93FFFF77FFFF7BFFFFFFFFFF
5AA090EB58FFFFFFFF3FB27D9F67706A
FFFFFFFF635BFFFFFFFFF5F9BCFFFF56
FFFFFFFDFFFFFFFFFFB4C4FFFFA1FFFF
ADD4FFFF80FFFFFF70F5FFFFFFFFFFFF
FFFF6BFFD086FFFF8EF8FFACFF43FFFF
FF9EF4FFD2AFFFCC8DFFE68FFFA0FFFF
84E4A660FF8FFF37FFFFFF90FFFFFFFF
F8FFFF98FFFF9AFFFFB649FFFFFFFF9C
A26FFFFFFFFFFFFFFFFFFFFF0AFF8676
FFFF5761FFA397A08FF8F4FFFFC554FF
32FF56E9FFFF81FFBDFFFFFF20FFFFFF
926151FFFFB4FFFFDBEDA5FFD3FFFFFF
FFFFFFFFFFC5EE5CC2ACFFFFFFFFFFB1
FFFFFFF11DCAFFFFFFB2EA88FF98EBFF
FFFFFFBAEFFFFFFFFF65FCC8FAFFFFFF
B4E2FFFF7B7DFFF2FFFFECFFAEFFAEFF
FFFFD879FFFFFFFF91E5FFFF62FF8C80
FFFF4DFFFFFFFFFFFFFFFFFFFFFFFFB0
FFCCC1F9BCFFFFFFFFFFFFFFFFE4FFFF
FFFFEEFFFFFFFDADFFFFFFFFACFFFFFF
FFFFFFFFFFFFFFF0FFBDBAFFFFFFFFB8
FFFFFFFFA6FFFF3EFFFFA5FFFFFFFFFF
5CFFFFFFFFC9FFBBFFFFE58EFFFFFF64
86F1FFFFFFFFFFFFFFFFFFFFFFFF0000
94FFF3FFFFB341CEC5FFB1FFFFFFFFC1
FFFBEFFFFFFF7DFFFFFF50FF5517FF90
46F29BFFFFB2FFFFFF84BCFFFFFFFFFF
79FFFFFFFFFFFFFFFFFFC6FFFFFAFFFF
FFFF80FF47FFFFFFFFC0FFB9FFFFFFFF
FF535EFFB5FF7AFFFF95FFEDFF5CD4FF
8B90FFFFDCFFFF2BFFF0AD7FA0FFFFFF
A052FFFF87DEFFFF39FFF8FFD9FFC98A
B2FFFFFFFFFFFFFFFFFFFFFF3EFAC749
FFFFC0EEFFFFFFFFFF1CFFFFFFFFD5A9
C1FF4CFBDEFF9C7BFFFFFFE7B8B3FFFF
E0E1FFFFFFD2FFFF41EAFEFFFFB0FF3D
B4D6BD56E9F2FFB3D0BAFFFFFFFF48FF
FFB8DAFF93FFBDFFFFC2FFCAFFC8FF3A
A1FFB6D2FFFFFFF099FFFFFFC297FFFF
87FFFFFF7DFFD3FFB7ECFFFFFFFFB678
BF91FFFFFFA1FFFF7AFF83E9FFFE71A8
FFFFD5FFFFFF6AD3C2A2F5B1EA98D5FF
FFFFBCFFFFFFFFFF1FE7FFFFFFFF936A
FFBCFFFFFFFFABFFFFFFFFFFC2FF71FF
9CFFFFFFFFFF5EFFFFFBFFFFFFFFFFFF
FFFFFFE244FFECFFA3EE4338FF8DFFFF
C4E7FFFFFF9BAD65FFFDFFFCFFFFD3FF
FF8EFFFB88FFFFFFFFA8FFFFFFFFFFFF
FFFF298BA2FFFFEFFFFFD8C8F0FF51FF
FFFFFFFFB7FF96FFFFFFB0FFFFFFFFFF
FFFFA2FFFF76FFFF71FF70FFFFEE80FF
9FFF86FF43FFFFFFFFFFFFFFFFFFFFBD
FFD3FFFF3EC6E6FFF94EFF62D6C6A6FF
FF7894DDAFFFFFFFFFFFFFFFFF3BFFC3
FFFFFFFF749BF14BFFFFFFFFFFFFFFFF
AFFFFFFFFFFF3CC28A32FFDC80FF0000
FFFF9077FFFFFFC8FFFFFFFFFF5341A9
6DFFB4FFCF57FFD4F0FFFFDDFFFFA4FF
FF74D8FFFFFFD9FF783851FFFFFF4419
FFFFFFFEFF857EFFFFFFFFDB3E519372
FFFFE8C9FFFFFF19FFA9FFFF22FFFFFF
90FFFFEFFFFFFFFFFF58FFFF32FFD2FD
FFFFFF46FFD1FF88FF6EE37CFFFFF3FF
FFFFDBFFFF80FFFFFF91FFFFFFFF6AEE
FFFFFFFFD1FFFFFF97FFFFFF44E4BAFF
FFBCFFFFFFF9FFFFFFFFFF3541FFFFFF
05FFFFFFFFFFFFB3FFFFFFFFFFEFFFFF
FFFFFFFFFFA59D3F3FFFFFA5FFFF4DFF
E9F14CFFA25FA4FFFF914AFFFFFFFFFF
FFFFFFFFE0FFFFFF9F7DFFC0FFFFFF76
FFFF64864741FFFFFF9CCBFFFFFFFFFF
21FFFFFFFFFFFFFF20FFFFFFFFFFFFFF
A8A1C3C5FFFFFFFFD696FFFFE84474B9
FFDDFFFFFFC5FFDCFF3691FFAE6B75FF
6FFFFFFFFFFFFFFFD6FFFFFFADFFFFFF
FFC8FFFFFFFFFFAD9BFFFFFFFFFFFFFF
2BFFFFF9FFFFFFE9D2FF72FE6EFF2BFF
54FFFFFFFF817154FFFFFFEAFFD5FFEB
FFFFFFFFFFF6FFFFFF7CFFFFA8F9ACB9
F5FFFFFFD9FFFFFFFFFFFFFFFFFFFFFF
FFC3E81BFFFFFFFFCDCF9438FFCBD0FF
FFFF72DEFFFFFFFFEFFAFFD6FFFFFF9B
FFFFFFFFFFFFFFFFFFFFB9FFFFFFD5FF
FFFF40FFA4FFFF78FDCA86FA9A5CFFFF
FFFFDDEFACFFFFA4FFFF17FFFF7C1CFF
F2FFFFFF6138D1574E54FFFFDBFFFF83
FFFF88DBFFFFFFF9FFEFC3D1A9C5A890
0EDFFFB9B3FFFFFFFFFFFFFFFFB90000
31FF07FFFFFFFF77FFB9A7FEFFE0BBE4
FAFFFF8DFFFFC15CF4FFFF79FF2EFFFF
FF8C2AFFFF8736FFB3FFFFFFFFFF7C6E
FF6FA9FFFFA2FFFFA6FDFFFFFFFFFF4D
FFCEFFFFFFFFFFFFFFFFFFFF56F9FF6A
A8FFE1FFFFFFC2FFFFFF8DEAFFFFFFB7
FFCD84FFFF68FFFFFFA3FFE7F9DCFFFF
FFFFFFFFFFBBFFC0FFFFFFFFAFA17F97
7EFFFFBA64FF90FFC2FFFFFFFFE675D5
FFFFFFFFFFFFFFFFFF9EFFFFFFF2FF4C
6CFFFFFFFFEDFFFFFFFF5A91FFFFF8FF
FFFFA3FFFFFFFFFF99FFFFACFFECFFFF
90FFD1C5FFFFFFFFFF58BDA675FFFFFF
7FFFFFD1FFFFFF367EA3FFEBF2FFD324
75FFFFFFA9FFFFFFFFFFFFFFFFFFF5FF
F9FFFFFFFFFFF6FF7AFF80FFFFFFFFFF
87A9FFFFD5FFFFFFFFFFFFFFFFFFC9FF
FFE9F919FFFFFFF6FFFFFFFFFFFFE7C8
F977FFFFFFFFB2B699CAFFFFFFFF9AFF
FFFFFFFFCFFF36FFFFD2FFFFFFFFFFFF
DFFFFFFFFF78FF7BFF5EFFFFFFFFE1FF
FFFF77FFFF2AFCFFFFFFFFFFFFFFFF87
FE91FFFFFFFF2C56FF73FF64FFFFFFFF
6AFFDBD5BEFFFF41FFFFFFE1FFFFFFFF
FFF3CFFFFF6B99FFFFFFE7F6A5F297FF
FFFFFFFCF3FFFFFF37FFFFFFFFFFFFFF
DC4EFFFFFF7FD3FFFFFFCEFFB5FF76FF
F8F6FFFF3AFFFF9F8BBFDC8EBEBF6AF5
AAFF56E09BC1FFFFFFFFFF7D56699222
FD62FFB56794C281FFFFFFFFFFFFFFFF
FFFFFFFFFFFFC7FFC8FFFFFFFFFFAFFF
FFD4C4FFFFA7ACFFFFFFFF8FFFEB0000
7FFFFFFFFF8CBACDFFFFFFFF7CFFFFBF
D4FEFFFFFFFFFFFFFFFFFFFFFF12A278
CFFFFFD8FCFF33FF78FFFFFFFFFFFFFF
FF8FFFCEFFFF9CFFFFFFFFFFFFFFFF95
FF57FFFFFFFFFFFFFFFFFFFFCDFFFFFF
FFE68FFF90CFFFFFE6FFFFF4FFFFFF44
62FFBAFFFFC1FFFF92FF4BFFB77DFF72
FFFFFFFFFFFFFFFFFF5FEBFF98FFFFC2
FFFF8DFFFFFFA6FFFFFFA49C8AC7FFFF
FFFFFFE9FFFFFFFFFFE5C453FFF8FFFF
FFFFFFFFFFFFFFFFFFFF78FFFF55FFFF
FAD7FF89FFFFFDD44D6EFFC8FFCBFFFF
B4FFAC65FFFFFFFFFFFF4FFFFFFF75FF
B0C6FCA3FFFF4BA7BEA5FFFFFFFFFFFC
FFFFFFFFFF4950E1FFFFFFFFFFC5FFFF
39F0FFFFFFFFFFFFFFE3C3908DBCFFFF
FFFFFFB0EAFFFFFFC9FFFFFF0BFFD986
FFFFFFFFFFFFBDFF9FF497F741FFFFFF
FFBDAEFFFFFFFFFFFFFFFFFFFFFFDBFF
5C76F3FFFFFFFFFFFFFFFF9EA7FF4CFF
F64EFFFFBDFF9EFFFFFFFFEBA0727811
3449FFFFFF9AC21F73FFFFFFCAFF70FF
FFC3FFFFDF5644BAFFFFFFF1F8FFFFFF
FFFFFFF7FFFFFFFFFFD5FFFFFFCAFFFF
FFFFFF62FFFFFFFFFFFFFFC2FFFFFFFF
EDFFFFFFF8A4D0FFE5FF9BD2FFFFFFFF
B78384A898FFFFFFFFFFFFD077FFFF9A
FFFF8899FFFFFFFF41708AC1FFFF70C6
81FF97D0E67AC5FFFFFFFF8AFFFF9FFF
FFFF9CFFFFD9FFAEFF34FFF9FFAAC2FF
FFFF7ACBFFFFFFFFFF71FFFFD0FFFF31
FFDEFFD2FFFFB64DFFFFA9FFFFFF0000
FFE090FF68F9FFFFFFFFFFD38AFFFFFF
FFE8696AABFFFFFFFF9FFFFF79FFFFFF
FFE3FFFFDFFF9C79F5FFFFD0FFFFFFA6
9EFFFFBFFB46FFBC23D8FFFFFFB7E2EC
54F7A3FFFF93FFFFFFFFFFFF85FFAF35
AAFFF8FFD6CCFFFFA6FFA3FFFFFFFFED
FFFFFFECFFFF5619FFFFFFFFFF2DB0FF
FBFFFFFFFF2DADFFFFFFFFFFFFFFFFFF
FFFFFFFFFFFFFF81FCFF97FFFFFFFFFF
CDCE20FFFFFFFFFF65FFFF73FF96FFFF
FFFFFFE3D8FFFFFFFFEDFFFFFAFFFFFF
FF3A9DFFF3FFFFFF93FFFFDAABFFFFFF
FFFFFFFFCFFFFFFFFFE0FFFFCAFFF7FF
501DF260FFFF83DD62FF7CFFFFFFBCFF
FFA1FFFFCCD8A628FF46FFFF80FFFFFF
FFDCFFFFFF908AFFFFFF469F3D37FAFF
FF96FFFF808EFF9F9EFFFFFFFFFFBEFF
8A6BE8FFA0FFFFFFFFFFF8FFFFFFFFFF
FBFFFFFF7D57D9C1FFDF29975BFFFFFF
B155F8FFFFFFF7FFFFFFFFFFFFFFFFFF
3FFFDCEDAE65FFFFEBFFDCFFFFE0FFFF
FFFFFFADFFFFA2FFFFFF73FF67FF66FF
FFFFFFFF41DED767EDFFFFE553FFFFFF
43FFFFFF6FFFA3DFFFA6FFFFFBFFFADD
FF31FFFFFFFFFFFFFFFFFFFFFFFF58FF
FFFFFFFF357164B394FFFFFFFFDAFFFF
A8BFFFFFFFF292FFFFF6FFFFAB4A8BFF
FFF1FF78AB0FFFFFFF90CBFF60C1FFFA
C7FEFFFFFFFFFFFFFFFFFF81FFDCFFFF
FFFFFFAF9CFF5CEEFFFFFFA7FFECFFA0
FFFFFF6477FFFFFFFFFFFFFFFFFFFFFF
FF7BFFFFFFFFEF85B2FFFFB5FFF30000
FF40FF60B6FF97FF9FFFFFFFFFFF4AC3
FFFFFFFFFFFFB6BCADF492FFFFFFFFE3
FFFFACFFFFFF7F61FFFFC640FFFFFFFF
6AFF42FFD6FFFFFFD5FFFFFFBCFFDDFF
FB96FF0BFFFF5AFFFFFF95FFFFFFAE4F
FFFFFFFF6DFFEA9FB8FFC59BFFFFFFE7
FF8DFFFFFFEBFFFFFFFFFFFFB2FF70FF
C3FFCEFFFFF8FFD7FF9E4EFFFFFFFFFF
FFFFFFFFFFFFFFFFFFFF68FFFF98FFFF
FFFFFF95FFFFFFFFFFFFFFFFD28FFFCE
FFFFFFFFACFFFFE4B9FF4DFFFFFF55FF
FFFFA34AFFFF9AFF54FFFFEC8BC9FFFF
FFDCFF64FFFFFFFFFFFFFFFFFF1DFFFF
FFDEEBBF867B926FBAFF93FFFFFFFFFC
FFB7FFFFEDFF9AB5FFEDFFFFFFFFFF8A
FFFFFFFFFFFFC3C1FFFFFFFAFCD598FF
FF9CAACEA73AFFFFE9FFFF2EFFFFFFFF
FFFFFFFFFFEDACFFFFFFD997FFFFFFC6
FFB8A4F8EE957CF8FF8AE1FFFFFFFFFF
FFFFA8FFEFFF94C7FFFF5AF9E3FF50FF
8996FFFFFFB71FFFFF47FFFFF7FFFFFF
EDFFEEFFFF3FFFFFFFFFFF4ADCFFFFFF
FFFFE5FFFF63FFFFFFFFFFDCFFFFFF80
FFB0FFFF91FF5D9EFFFFFFFFFF2FFFFF
FFFFCEFFFFFF891AC1FFFFFFFFFFFFFF
FF78FFB33B358323B6CFBEFFFF9FFFFF
CBA2A18DFF8BA8FF49FFFF5F66FFFFFF
FFEDFFFFFFB3B2A6FFBCFFFFFFFFFF38
92FFFFA7C297FFFF67FFFFFFFF4DFFFF
FFE8FFFFFFFF7AF9FFA032FFD0FFFFCA
FFFFFFD7B0F897FFCEFFFFFF4738FFFF
B9FFFFA2F5FFFFFFBBFFFFFFFFFF0000
6AFF14C189FFFFFFB78EDBFFFFFFFFD3
FFEDE752EA71FFFFFFFFFFFFFFFFFF78
A2FFFFFF77FF75446982B4FF6A9EFBFF
7880CB4ED2FFC1FFFFFFF0FFE9FFFFDF
9BFFFFFFFFFFFF9CFFFF96FFF3ABCEAE
D2C661FFFFB5FFFFFFFFFFFFFFFFFFFF
FFFFFFFFFFFFFFB4FFFFFFFF96FFBCFF
97AEFF95FF6DD8FFFFFF9CFFFFC1FFFF
AF98FFCED5FFBBFFFFFFFFFFFFFFFFFF
F0FFC7D0FF2EDEE9DDFFDCC0E5FFFFFF
92FFFFFFFFCEFFFFFFF6FFDDFFFFFFFF
FFFFADFFFFE1DEFFFF76FF46FFFF49FF
FF71FFFFCDFFBBB2ADFFE5FFE1E4E3FF
69FFFFA5A9C0F1FF7AFFE2FE68E5FF52
C4FFBCA0FFB4813DFFFF83FFFFFFFFFF
FFFFFFFFFFFFFFB8FFC9FF6CD1FFE0FF
FFD2FFFFFF4AFFFFFF3316FFFFFFFFFF
FFC7FF59FF48EAC9FFFFFFFFEFFFBBFF
FFA9C967FFFFFFF6FFFFFFFFFFFFFFC6
FF81FFFFFFFFEAFFFFFFFFFFE8FFFFFF
FFFFFFFFFF2A40FFFFFFBDBC7BEAA3FF
FFD7FFFFDFFFFFFFFFFFBD74FF4FACFF
FFFFE3BFFFFFFFFFA5FFFFFFFFFFFFFF
96FF48FFFFFFFFFFFFFFFFFFBCFFFFB6
FF55FFFFFFFF3FB4FFFFD0FFFFFF6BFF
F1AAE64C4B85FFFFFFFFFFFF60AFFFFF
831CFF4EFF36A0FFFFFFFF9495FFFFFF
FFFFFF5DFFFFFFFFFFD7FFFFF58DFF88
8EFFFFFF89FBFFFF55FFFF83FFFFFFC5
544794FFFFF158B6FFBE2AFFFFFFFF8D
A1FFFFD4FCFFD8F2FFFF83FF46FFFF6F
84C05EFFFFFFFFFFFFCFFFE3FFFF0000
52FFFFFFFFFFFFFFFFFFC8BAFFBAFF6E
71FFFFF8FFF0F0A051E5D7FFFFFFC9A4
60FFFFFFB3FF490A29D2FFFFFFFFFFFF
FFD4FFFFD7DFFFFF9DE0FFFFFFFFA57B
CDFFFFFFFFFFFFFFFF8EFFFFFFFFFFE5
E4649CFFFFF7FFFFFFFFFFFFFF59D0FF
FFFFFFFF72FFC9FFFFFFFFDA80FF66FF
ECFFFFFFFF93FFFFFFFFFBBEE77BFFFF
FFFFFFFF6EFFFFFFFFFFFF48B7C8FFFF
87FFFFD3A1FFDDE7FFEFFFFFFFFFFFF0
2872FFFFFFFF2EBEFF5469FFEEFFFFFF
8F6DFFFFF9FFFFFFFFD9FFFFCFB5A4FF
FF7CF1FFFFFF2688FFFFFFFFB36B9E74
FFFFFFE233CEFFFFFF49FFFFFFFFFFFF
8FFFFFFFFFFFFFFFFFFFBCFAFFFFFFFF
FFFFFFFF706EFFFFFFFFFFEB80FFFFFF
67C8FFFFFFFFFFFFB9C0A2FFFFFF56FF
9FFFFFFFFFD95DFF1DFFFFFFFF7BFFCB
F455B2FFFFFFFFFFFFECFFBC5DFFEDFF
FF6EF7FFA9FFFFC1FFFFC7FFD4A5DEBF
E8FFFFCA71A88AFFC1FF9EFF30FFFFFF
FF8EFFFFFFFF95FFFFFFFFFF9AFFF0F9
FFFF59B3FFFFFFFFFFFFC92F7AD6FFFF
FF509788FFEBFFFF53FF57FFFFFFA6FF
FFFFFFFFFFFFFFFFB7FFC340C3A1FFFF
FFFFFCFFFFFFFFFFFFFFFF9FFFB0FFB0
76DAF8FF63ED495AFFFFFFAB93FFFFFF
9CFFF8FFFFBFFF98FFB4FFFFFFC5FFFF
EFD4FFFFFFF1FFFFFFFFFFFFFFFFC2C0
FFFFFF53FF26D0FF1258378EFFD1FFFF
FFE7FFB0FFFFE9FC95FFFFFFFFA8A6FF
636FBEFFB5B6FFFFFFFFFFFFFFD10000
FF83C5FFFFC3FFABFFFFF6FFBBFFFFFF
FFE8FF64C9C3FFFF4F682CC2FF65FFFF
FFFFB6FFFFFFC6FFFFFFFFFFFFFFEAFF
FFD5FFFF6CC3F3FFFFFFEB19B7FFFDB6
FFFF48BEF8FFFFA157FFFDFFFFFF5CFF
FFFFF2FFFFFFFFFFFFFF3A31FFFF96FF
7FFFFF53FFFFFFFFC9FF5EFFFFFFFFFF
FFFFFFB973FFFEB3FFFFFFFFFFFFFFFF
FFFFFFFFFFFFFFFFD8FFFF72FF7CF7CD
87FF7CFFFFFFFFFF6BFFFFFFD8FFFFFF
FFFFFFFFC2FFFFFFA5FFDEFF57B89BFF
FFFFFFFFFFFFFFFFFFFFFFFF2AB8FFFF
FFFFFFFFFFFFFFFFFFFFDE88245EFFFF
D95BFFCB73D2FFFFFFFFFFCEB2F7FFFF
FF9C45FF8898FFFFFFFFFFFFFFA6E7E3
FFFFFFFFFF8FFFFFFFFF77A1FFFFFF54
FFA47C65FF53FFFFFFA34A6DFFFFC0FF
FFEAFFFFFFFF80FFE3E8AAFFFFFFFFB6
FF265DFFFFFFEFFF79FFFF9D90ED9ED1
FFFFFFFF6AFFFFFFBFFFFFA8FFFFFFFF
79FFFFFFC2E6FFE4FFFFFFFF9883B1AD
FFA46CFF2DFFAAF1EDFF94FFFFFFFFFF
FF869BFFC8FFC23B9B2994FFFEEDBEFF
53FFFC48FF8AFF63D9DBFF34FFDAC4FF
7DF4FFFFFFFFFFFFBADCFFFFE3FFC9FF
87FFFFFFFF45FFFFDFFFFFFFFFFFFF8F
CEFFFFFFFF90FFFFC8FF9F928CFFFF96
FFFFFFFF1AFFFF31AAFDEEFFFF75FFA5
FFFFFFB9FFFFFFBDD2FF45FFFFFFFFFF
FFFFFFFFFFA01938FFFFFFFFFFFFFF89
FFFFFFFFFFFFE8FF72FF9B9B30DC9EC1
FFFFFFFF627BBCF1FFFFFFC6FFFF0000
FF8CFF1FFFFFFFFFEBB8E6FFFFFFFFFF
FFFFAABBFFFFFFB3D6FFFFFFEE88F0FD
FFFFFFFFFFD27BE077FEFFFFFFFFFFFF
BFFFCAFFFFFFB89098FF6BAFA9FFFFD9
FF56FFFFFFFD13CAFFFFD4FFA3FFEFFF
FFFFFFFFFFFFFFFFFFFFD4FF32FFB2FF
FFFFFFFFFFFFE9D366CC55FFC5FFFFFF
9E53683ED7E3FFFFFFFFFF40E36F44CE
FFFF9CFFFFFFFFFFFFFFFFF7FF90D1FF
FFFFFF7DFFFFFFFFF6FFFFFFFFFFFFFF
37FFE5A6FFFFFFFFCDE6FFFFFFFFFFFF
81FFFFFFFFFFFFFF59FFAFFFF2C3EFFF
E8FFCBFFBDC2FFFFFFECD5C940BAFFFF
FFB2FFFFFFFFFFFFFEFFFFFFFFFFFFFF
FFFFABFF80FFFFFFFFFFD6C7D5FFFFFF
FFFFB2FFFFFFCFFFC7FFFFFFFFC2FF52
D5FFFFCDFF26FFFFFFFFC0D1D7FFE003
FFE45098FFFFD9FFD2E2FFFFFFB9FFFF
FFFFFFFFFFFFFFFFFFFF81FFFFDCFFFF
9CA4FF87D1EC92FFFFFFFFFFE5A1F2FF
FFB5FFB7FFFFFFFF61FFFFFFFFFFD4FF
FF76C9FF5EFF90824A65FFFFFFFFFFFF
80E8A1FFFFFFFFFFFF7CD394E8FFC9C6
FF9BFF48FFFFFFFFA4FFFFFFFFFFFFFF
FFFFFFFFFFFFCFFFFFFF54FFC2FF4AFF
65FFFFFFFFFFBEFF5BFFFFF3FFFFFFFF
FFFFF3FFFF8FFF55FFFFFF7F965621CC
FF9FFFFFFFA085DAFFFFFFFFFFC5FFFF
69FFFFFFA2FFFFFFFBFFFFFFFFFFFFFF
D3FF99FFFFFFFFBFF29B8FE1D9FFF9FF
FFFFFFECFFFFFFFFFCFFFFFFDF8AB7FF
FFFFFF9DC2CEFFD2FFFF7ED4F0790000
FFFF8AFFFFFFFFFFFFFFBEFFFFFFFFFF
FFFFFFFFFFFFFFD0FFFFFFFFE1FFFFFF
FFFFFFFFFFD2C3B8FFA0FFFFFFFFFFFF
FFFFFFFFFFFFFFFFFFFFFFFFFFFF89FF
FFB2FFFFFFE3FFFFFFFFFFFF9CFFFFFF
FFFFFFFFFFFFFFFF6ABEA7C3FFFFFFFF
98FFFFFFFFFFFFFFD92677FFFFFFFFFF
2AFFFFE0A9FFFFE9FEFFE6FFFFEDDFCD
FFFAFFFFFF85FBFF52FFFFFFF1F1FFA5
74C1FFB9FF7DFFB0FF65DBFFFFFFC7FF
FFFFFF94B7F1FFA1FFFFFFE8E6FAFFFF
FFFFFFB8FFFFFFFFDDFFFFFFB333B0FF
FFFFBF1FFFD7FFE3FFFFFF96FFFFFFFF
FF91ECFF96BCFFFFB5FFFFFFFFFFFFFF
F6FFFFFF99FFFFFFFEFFFFFFFF558394
FFE5F8FFFF5BFFCCDCFFFF75E8FFAD31
FFFFFFFFFFFFFFFFFFFFFFFFBAFFFFFF
BB74ACFFF1FFE0FFDA5CFFFFFFDDC2FF
C6FFFFFFFFFFFFE4FFFFFFFFFFFFC7FF
FFFFFFFFFFF6FFFFFFFFFFFF75FFFFFF
FFFFD247FF61FFFFB9FFFFFF9570FFF5
FFA8FFFFDDFFFFFFB1FFFFFF61FFFFC9
FF29E0FFFF73FFD1FF7DCCBFBDFFFFFF
8CFFFFC6FF4FFFFFFFFFB1FFDDFFFFFF
C8FFFF87FFFFFFFFFFFFFFFFFFFFFFBA
FFFFD7FFFFFFFFFFF9FFFFFFFFFFA4E2
FFA4FFFF98FFA4FFFFEDFFD4FFFFE8FF
FFFFFFFFFFFFFF8CC6FFFFFFFFFFD0F6
FFFFFFFFFFFFFFFFFCFFFF65FFF1FFDC
FF87FFFFFFFFFFFFFFDCEEFFC2ECFFFF
B7FFFFD7FFFFFFFFDFFFE8FFFFFFFFFF
FFFFFF4DFFFFFFFFFFFFFF3A40FF0000
FFFFEAFF48EBF0FFFFFFFFFFFF51FFFF
84FF50FFFFFFFF4FFFFF49FF82FF76FF
6A33FFFFFFFFFFFFDBFFFFE3B6FF904C
4BD2E23DFFFF4CC3FFB6FFFFFFFFFFE1
FFFFC7FFE7FF7F501B92FFFF1EFFFFFF
BCFFFFFFC2D5FF7B64D090FFFF5AFFFF
FF9BDAA296C0FFFFFFEACDFFFF69FFFF
FFD9FFFFF6137672FFFFFFC0A8FFFFFF
FF5AFFFFFFFFFFFFFFF6D0FFFFFFFFFF
FFFFFFFFFFFFB5CD70FFFCFFFFFFFFFF
E45EFF3E5B7393FFDDFFFFFFFFEAFFFF
FF8BFFFFFFFFFFFF7F6EB4743E92E8FF
FF42FFFFFFFFFFFFFFB6FF9DFF6F88B4
FFE7FFFFFF89FFB9FF55FFFFFFFFFFFF
FF59FF6CFFFFFF6BFFE88583FFFFFFBD
FFFFFFFFFFFFFF787DFFFFFFE5FFFFC2
FF3CFFE9FFFFFFFFEAFFFFFFFFFF76DE
FF57FF83CF76FFFFFF14FFFFFFFFC7FF
FFFFFFFF47FEFFA3FFFFE5FF73FFFFFF
FFD3FFFFFFED9FFFFFFFFF8C3FFFFFFF
DDFFFF83FFFF45F4FFFFFFFFF8FF61FF
FFFFFEFFFFFA9567FF4BFFFFFFB4FFFF
FF5BFFFFFFEAD47188CBFFFFC4FFFFFF
FFFFFFFFFFCAFFF782FFC1FFE0FFFFFF
81FFFFE5FFFFFF80FFFFFFFFFFFFFF81
FFFF8692FFFFFFDCFFFFFFFF9FE5FFFF
FFFF7258FF53FF15FFFFFF3EFFFFFFFF
FFFFFFFFC4D1FFFAFF4FFFC82BFF60FF
FFFFFFFFFFFFF4FFFFFFFFFFFFB5FFFF
FFFFFFFFCBF6FFFFFFFAFFD5BBFF6AFF
2F388059D9F6FF80FFFFFFFFBAFFFFFF
FFFFFFC1FFFFA1FFFFF4BF46AEEB0000
FFFFFFFFFFFFFFFF719AFFFFFFFF6CFF
82CBFFFFFFFFFFFFDAFFFFFFFFFFFFFF
78FFFFFFFFAF8E89F1FFFFF8FFFFFFFF
FFFFFFFFFF8EFFFFFF7F95FAAFDAD3FF
ADFFFFA4FFFFE4FFFFFF85FFFFFFFF71
FFEBFFCCE9FFFFE0FC8C79FFF8FFFF3C
88FFFFFFFFFFFFFF8BE8FFFFC5FFACFF
DEFFFFB0FF806C52FFFFFF69FFFFADFF
FFFFFF87BCFFFFFFFFFFFFFFFFFFFFFF
FFFFFFFFFF34E0FFFFFF53FFFFFFFFFF
FFFFFFFFFFD79DFFFFFFFFFFFFFFFFFF
83FFECD6E7FFFFFFFFFFFFFFE6FFFFFF
FFFF2E9EFFFFFF83BADCFF92B7FFFFFF
FFFFD5FF7DFFFFFFD9FFFF3CD0FFFFFF
FFFF96FFFF86FFFFFFFFFFFFFFFF93FF
FFFFFFB8FFFF5BFF43FFFFFFD8FFFFFF
73FF7EC263FFF6FFFFFFFFFF89E0F3AB
FFD3EBFFA6FFFFFFFFFF52835BFFA1FF
FFFFF3FFFFFFFFFFC8FFFFFFFFFF70FF
FFFF9EF0FFFFFFFFFFFFD2707EFFFFFF
B0FFFFBFFFFFFFFFFFFFFFFFFFFFFFFF
C9FFFFFFFF408CFFFFFF66FF95FFCAFF
FFFFFFFFCEFF135DE469FFFFFF78FFFF
FFED87FFD4A1FFB2685BADB1AEFFFFFF
ACFFFFFFFFD0FFFFFFFFFFFFFFFFFFFF
FFFFFF9C689B6A87B043FFFFFFC6FFE8
FFFFFFFFDFFFFF82CEFFFFFEFFFFFFFF
FFFFFFFFFFFFFFFFFFFFFFFFFFFFFF39
FFFF83FFFFC190FFFFC3FFFFFAFFFFFF
FFEDFFFF4EE96959FFC5FFFFFFFFFFFF
C2FFFF46B4DDF2FFFFFF7EFFFFFFFFFF
FFFFFFFFFFA774B23DFFC1FF8E4E0000
FFFFFFFF9EFFFFFFA58FFFFFFFFFFFFF
5AEEFFD6FFFFD8FFFFD0FF98FFFFFFF7
FFFF6423DDFFED4C9FFF68B284CBFFFF
A1E5EBFFFFFFF0FFFF30E2FFFFFFFFA2
BDFFFFE471FFFFF2FF28FFFFFFFFFFFF
3AFFFFFFFFFFFFDEFFC9FFFF22FFC8AA
FFFF90EBFFFFFFBD77FEFFEFFFFFFFFF
FFFFFFFFCEFFFFFFE4FFFF3D74FFFF3E
FFFFA6FFFFFFA3BCE9E7FFFFFFFFFFFF
FFFFFFFFFFFFFFFFFF83FFFFF5BBFFFF
E9D2FF5CFFC398FFB9FFFFFFFFFFFFFF
FF8FFFB8FFFFFFFFFFFFF0FF4AFFFF96
FFFF0FD1FFFFFF71BAFFFFFFD64DA1B2
FFFFFFD0E8FFFFF9FFFFFFFFFFE47AFF
FFDEB5FFFFFFA2C2FFFFFF6985FFE3FF
E8FFFFD3FFDFFFAAD8FFFFFFFFFF50FF
FFA6FFFFFFFFFFFF29FFFF6A9AFFFFFF
FF5DFF9CE6FFFF70FFFFFF53D3FFF8FF
FFFFFFFFFFE6FFFFDDFFFFFFF3FFFFFF
FFFFFFFFFFFF86FFBE92FFFFFFE2FF23
FF89FFFFCCEEFFE1FFFFFFFFB9FF73FF
FFDAFB87C9FFFFFFF8FFFFFFFF5CFFFF
FFFF7DFFEDD7FFFFFFFF6A18FF55FFFF
9DFFFFFFFFFFDFCD7CCAFFFFF0FFFFFF
FF2EBEF7FDFFFFFFFFDDFF8DFFFFFFFF
FFFFFFFFFFF2FFFFFFFFFFFFFFFFFFFF
FF95FFFFFFFFFFFFFFFFE78AFFFFFFFF
FFFFFFFF975BFFFF9796A9FFFFFF98FF
FFFFFFFF46FF18DB7BFFC18D91FFCFFF
FFFFFFFFFFFFFF73BBFFFFFFFFCCFFFF
B324FFFFFFDAFFFFFF43FFFFFFFFFF6E
FFFFFFFFFF82FFFFFFFFFFFFB63F0000
FFFFFFFFFFFFFFFFFFFFD7FF93FFFFFF
FFA8FFFF29FFFFFFFFADFF92B2E3FF73
EDFFFFFFFFFBFFFFFFFFFBFFFFFEFFFF
FFFFFFFFFCFFFFFFFFFFFFB6FFFFFFFF
FFFFFFFCEFFFFFFFFFFFFFFFFF5073D8
FF8FFFFFD1AB7AD5FFFFFFC5FFE772B6
FF7B9792FFBEF7FFF1B2FFFFFF9BFFF1
4588FF82FFEF53FFFFA2FFFF45FFFFFF
6CFF7861554628199DFF7CC265FF7EC1
FFFF6AFF74FFF1FF58FFFFFFFFFFA1FF
FFE7FFFFFF9632FF95FF54B8FFDFFFD7
3DFFFFF7FFFFC249FFFFFFFFFFFFFFFF
FFFF5AF6FFFFFFFFFFFFFFF6FFFF1E55
FFFFFFFFFFCEC68389FFFFEDFFA857FF
FFFFDCFFFFFFFFFF58FFFFFFFF9372FF
C1FF93FFC4FFE791FFFFFFFFFFCBFFFF
DBFF37FFEE57EBFFFFA372FFF886FF6B
E3D8FF52EE62FFFFFFFAC8C2FFFFEEFF
FFFFA0FFF9ABE1FFFFFF6556FF73D5FF
FF9AFF799FA2FFFF89FFFFFFFF55FFFF
CEA63CD5FFFFFFFFFFFFFFFFFFDAFFFF
FF71FF9EE0FFFF16FF3D86FFFFFFFFFF
6BFFFFFFFF78E6FEFF10E4A4FFFFFFF4
FFFF73B0CBFFFFFFBBE0FFB0FFFF9B3E
FFF8C1FFFFFFFFFFFFFFEF98FFCEFFFF
FFFFB3D023FFFFFFFFE3FFFFD1FF34CA
FFFFEFFFE3FFFFBFFFFFFFFFEB7BFFFF
76FFFFFFB6FFBCFF89B9FFF2FF11FFB7
18FFD9FFA47FD0B8AEACE9F6FF9FFFAD
22FFFFD707FFFFD5D44BFFFFEDFF4EFF
67BEFFFFFF90D9E5FFFFB2FFFFFFFFD2
FFFFFFFFFFFFFFFFFFAEFFFFFF2C0000
FFFFFFFF2FFFFFFFFFFFFF82FFFFFFFF
FFB7FFFFFFEFFFB8FF9BFFFFFDD3E470
FFFFFF6ECFFFFFD2FFFFD7FFFFB6FFFF
FFFFFFFFFFFFFFFFFFFFBCE6FF25FFE8
FFFFFFFFFFFFFFFFFFFFFFFFAEFFFFCA
BAFFFFFFFFFF8DC7FF50B3FFFFFF90B9
FFFCB769FFF929B4FF3E80A0B6FFFF65
AA2EFFFFFF3CFF0EFFFFFFFFFFFFFFFF
FFD9DAFFFFF710FFFFF4FF6E85FF732C
FFFFFFFFFFFFFFFFAACCFFFFC8BAFFFF
847BFFFF90FFDBFFFFFFFFD7FFFFFFFF
FFFFC9FF8BFFFFFFFF40FFFFFFFFFF4E
89C6B7C9FFFFFFF7FFD160FFFFFFE4FF
AAA8FFC7FFE7FFFFB5FFFFFF9FFFEEDF
FFFFFFFFFFC8FF85FFE8FFFF74FFFFFF
FDFFB4FFFFFFBBFFFFFF3889ABBEDC5A
8DFFFFFFFFFF9618A0FFFFFF26FFFFFF
ABFFFFFFFFFFFFFFFF49FFFFFFECFFFF
BCFFFFFFFFAA5885FF9EFF44FF7CFFFF
FF67FFD06AC6A1B3FFFFFFFFFFF5BFFF
98FFFFFFFF23FFFFA3FF43FFFFFF8CE7
FFFFFFFF69FFFFFF19FFB6C68C8FE7FF
75FFFFFFFF72C8DDFF969F30EAFFFFFF
FFFFFFFFFFFFFFFFFFB9FFFFD1FFDC5C
FE44FFFFD18EFFFFD9407074C4FFA7FF
59FFFFFFFFFFFFFBC9FFA7FFFFFFFFFF
FFE7FF93FFF3E9FFFFFFFFFFBCFFFFFD
C4FF8DFFDC7BD0FFFFFFB5FFFFFFFFFF
FFFFB5FFE789D0FFFFA4FFFF1B5C88FF
B8FFFFFFFFFF8DFFFFE9FF1CFFFFFFFF
FFFFB425FFFFFFFFB2FF2B30446AFFFF
FFFFFFFFFFFB841CFFE3FFFFFFFF0000
5DFFFFFFFFFFC1FFCCE2A5FFDDFFFFFF
FF6EFFFF9AFFFFE4FFD3FF6BFFEC6EFF
FF3FBFF650FFFFFFDDFFFFFFFFFFFFFF
FFFFFFFFFFFFFFFFFFFF5AFFFFFFFFB1
FFFFFFFFFFFFFFFFB8FFFFFFFFFFFFFF
F6A8FFFFFFFFFFFFFFF13AFFFFFFFFFF
25967671FFC5FFFFFFB3FCFFFFA2FFFF
B8FFFFB2A349BFFFFFFFFFFFEEFFFFFF
FFFF77FFFF9086FFFF91FFFFCFABFFE3
FFBEFFFFFFFFFF61FFFFFF8FFFFFFF7C
FFFFFFFFFFDA7AFFFFFFF9E3FF93FFFF
FFF1FFFFFFFFDF6EFFFFFFFFFFFF87FF
7182C97CFFFFFFFFFFFFF7FFFFFFAEFF
99FFAEFFFFFFFFFFFFFFFEFF9660C05E
FFFFE9FFFF94DA64FFFFFFFFF7D7EEFF
FFF147FFCAFFFFFFFFFF73FFFFFFA1FF
C7C8FFFF75FFCA4D61BBFFFFFFFFE2FF
C3FF1D55CBB6FF32FF89FFFFB6FFFFFF
99FFFF3BB6FFFFFFFFFFFF36FFA5FFBE
8093FF74FF4E7EFFFF45FFFFFFFFFFFF
FFB8FFC0EAFFBDBAFFFFFA57E3FFCEFF
B97BFFE9F8FFFFFFFFFFD2FFEAB7FFED
FFFFB8FF65FFFF58FFFFFFFDFFFFFF44
FF8A77FFFFFFFEFFFFFFFFFFFFFFB7FF
88FDFFFF52B0FFFF8C61B94FE1FFF7FF
401FE88DFFFFFFE3FFFFFFFFFFD9FFFD
3DDCE4FFFFA2D6FFFFFFFFFFFBF7FFFF
FF97FFFFFF5C8CFFFFC0A1A7FFFF9CFF
C2FFFFFFFFFF4FFFD4CBFFFFFFFFFFFF
FFFFFFFFFF85CBFFE9FFFFFBFFFFFFFF
BFD1E0FFFFFFFFFFFFFFA1EFEBE5FFFF
FFFFFFFFFFFFDF46FFFFFFFFFFFF0000
34ACFFFFCBFFE4FFFF4BFFFFE3CCBBFF
FFE5FFFFFFFFFFFFFFFFFFFFB04AFFFF
FFFFFFC9FFFFC6FFFFFFFFFFA1FFE3FF
72FF8DFFFFFFFFFFD2B1E4FFFFFFFFFF
FFFFE8FFFFF7FFFFFFFFFFCDFFE6FFFF
FFFFE6FFE6FFFFFFFFFFFFFFFFFFFFFF
FFFFFF7DFFCCFFFFFFFFFF83BFFFFFFF
F0FFFACFFFFFFFFFD3FFFFD8EBFFE8FF
CFF1FFFF5DFFDEC0FFA8FFFFE7A452B1
FFFF668EFFD4FFFCFFFFFFFFB88ADC7A
FFFFFFE2FF4D8DFFC7FF6FE6FFFFFFFF
FFFF61FFFF7838EC79FFFFFFFFFFA6FF
F4FFFFFFFFFF6EFF68FFFF9AFF2EFFFF
FFC3FFFFFFFFFFD773FFFFFFFFF7FFD5
836AFFFFFFF1FFFFC5FFFFFFF1FF9BD5
FF22A7FFA2FFFF89FFFFA8FFFFFFFFFF
FFFF81FFFFFFFFF3FEFFFFFFE6FFFFFF
FFCEE3FFFFB0FFFFFFFFFFFFFFFFFFFF
FF961674B6FFFFFFFFC04850DFFFFF9A
FFFFADFFFFF2FF84FF7AFF39F0FFFFFF
21FFFFFFFFFFBDFFFFFFFFFF0EFFB8FF
FFFFFFFFFFFFFFFFFFFFFFFF9BD3DBFF
FFFFFFFFF4FFFFFFFFD8A665FFFFF2FF
FFF5FFFFE9FFFFFFFFFFFFFFF388FFFF
FFFFFFE8C2B2B4FFFFCBA83CFFFFFFFF
CDD838FFCAFFFFFFFFFFFFFFFFA4FFFF
FFFFA9FF79FFFFFFFFFFD7FF41FFFFFF
A5FFFFFFFFFFFFFFFFFFFFFFFFFF52FF
FF7BF7FFDCFFFBFFFFFF07FFBFFFFF97
FFFFFFC8ECFF80D4FFFFFFF4FFFDA7EA
FFFFFFFFFF44BDE0E1FF43FFE289FFFF
C8FF93FFFFFFFFA1FFFFB2FFFFFF0000
FFB16FFF24FFFFFFFFFFE7789D8885FF
FF35FFFFAEFFFFFFFFFF667AFFFFAD7A
FFFF9BFFA9FFFF838CFFF5FFDB73FFFF
79FFFFFFFFE7FFFFFFFFC47A8AFF7AFF
FFFFFFFFFFFF74D9FFFFFFFFB7FFFFBA
E8FFFFFFFFFFFFFFFFFFFFFFFFFFFFFF
FFFFFFAB9CA0FFFFFFFFFFFFDBFFFFFF
FFFFFFFF64FFFFFFFFFFFFFFFFFFFFFF
D9FFFFFFFFFFF4C8FF79FFFFFFFFFFE5
FFFFFFDBFFFFFFFF99FE39E2FF1EB7B2
FFFFFFA0FFFFFFCCFFFFFF4E87B83D34
FFFFFFFFFF8AFFBD6DFFFF5B8EFF84FF
FFFFFFFFFFFFECE6746EC1FFFFFFF0DA
C5FFFF659181FFFFFFFFFFFFEAFFFF71
6CABFFEAFFFFFFFFD93C7199FFFFFFFF
FFF5E2FFFFFF7FFFFFFFFFFFFFE797FF
93BBFFFFFF8AFF8AFF91D1FFFFFFFFFF
AAFFFFFFFFFFFF1AFFFFFFFFFFCB52FF
FFFFFFA0FF86FFFFFFFF3E49F7FF7EFF
FFD6FFFFBDFFFFFFFFFFFF3DE381FF79
FFFFFFFF4CFFFFABFFFFDFFF7BFF4E80
C4FFFFFFFFEEFFFFFFFFFFFFFFFFFFB9
FFFFFF98FFFFFFFFFFFFFFFFFFFFFFFF
FCFFD5FFFF6CFFFFFFFFFFFF5EFFFFFF
C1FF91981305FFFF48FFFF3DFFFF39FF
F0FFFFFFFFFFFFFFBDFFFFFFFFFFFFFF
FFEFFFFF6CFFFF6FFFFFFFFFFFFFFFFF
FFFFFFFFBB51F2FFFFFFFFFFFFFFFFFF
FFFFFFFFFFA4FFFFFFFFFFFFFF7BFFFF
FFFFFF46FFF3759497FF60FF84FFFF5D
FF9CFFFF2EFFFFF2A6FFFF9BDFB3FFFF
FF15FFFFFFFFFF66FFFFAB0C6CAF0000
FFFEFFFFC282DCFF62BFFFFF33FFFF82
FFFFFFFFFFC2C7FFFFFFFFFFFFFFFF9B
FFFFFFFFCDFFFFFFFFFFD2FFEBFFFFFF
3ABBFFFFFFFFFF34FFC2FFC5BFFFD293
FFFFFFFFFF50FFFFFFFFAD78FFFFFF3A
FFFFFFFFFFA24184FFFFFFFFFFB1FFFF
FFFFFFDDFFFFFFFFFFFF42FF59FFFFFF
FFFF9EFF90FFF48D2AFFE6FFFFFFFFFF
DFFF9CFFFFFF807EE0E7FFFFFFFFFFC4
FFFFC4E2FFFFBEFFFFFFFFFFFF754CDB
9DFF3AFFFFFFF668FFFF5D94ABFFD3FF
BCFFFFFFFFFF31FFFF30FFFFFF49E7FF
FFB359FF1616669EFFCFB1BEFFAEC3FF
FFFFFFFFFFFFFFFFFFF5FFFFFF9AFFFF
7B81FF74FFFFAFBAF3FFFFFFFFFFB7FF
DEFFFF7EFFFFFFFFFCFFFF7CD9FFFFFF
FF42FFC8FFFFFFFFFFFF8EFFFFFFFFFF
5CFFF4FFA67BFFFFFFFFFFFFFFFFFFFF
FF50FF3AC58DE1FFFFFF685178FFA3FF
FFC8FFFFEA0FFFFFEDFFFFFFFFFFFFFF
EEF0FFE76E9FFFFFFF32B4FFA2FFEDFF
AFD4FF97FFFFE8A1FFFFCD2DFFFF9BFF
FFFFFF82FFFFFFFFFFFFFFFFAB714CFF
BA7B4AEC09FF75FFF3FF523F8BFFCC02
FFFF62FFFFFFFFFFFFFF96FFC3FFFFB9
FFFFFFFFFFCEFFFFFFC4FFFFD9FFFFFF
57FFEE8DFFFF8EFFFF6BFFFFFFFFB1FF
FFFF67B9FFFFFFFFFFFFFFFFFFFFFFFF
E85CFFFFFFFF95FFFEFFFFFFFFFFFF51
FFFFFF1BFF37C77ADEFFFFFFB3FFFFF9
FFFFFFFFFFFFFF8BD9D8FFFF75EDFFBA
8BFFAAFFFFFF42FFFFFFFFFFB2CF0000
FFE2E7FF54A6D03AFFFF87A2FF8CFFFF
FFFFFFFF4693B2EAB7A194FFE5FF8D56
FFFFFFFFCDFFFFFDC2FFFFFFFDBBAEBE
FFBA9BC4FFDFFFFFFFFFFF9BFFFFFF8D
FF7FFFFFFFFF9EE7FFFFFFFFFF8BD3FF
FFDBFFFFFFFFFFFFFFFFFF99FF71FFFF
5483E2FFE5FFFFFF6CFFFF35DB2BFFA6
FFFFFFFFC7FFFFFFFFFFFFFFFF71FF99
FFFFA8EBFF49FFFF0FFFFFFFFFFFFFFF
FFFFFFFFFFFFFFFF70FFF0FF21FF8CFF
FFD0D176A4FFFFB08816FFFFFFD7FFFF
FFFFFFFFFFFFFFFFFFFCFFFFCAFFFFFF
FF9FFFC6FFDA4C24FFCECF51FFC67AFF
FFF8FFFFFFFFD338D48C65FFFFFFFF7B
C8BDFF68FFFFFF41FFFFFFFFFFFFFFFF
FFFFFFFFFF2EFFFF8C7BF9C1FFBAFFCD
C1FFF7FF28FFFF63FFFFFFFFFFFFFFFF
B4A5FFFFFFFFFFFFFEFFD1FFA0BAA4FF
FF4DFFFFFFACADFFFFFFCAE82FFFFF70
B8FF42FFA5FFFF5CFF6B31F1EDFF5BFF
FF64FFFF93B9FFD1FFA6FFFFFFFFFFC0
FFFFFFFFFF74B4FFE92CA28CBCFFFF76
28FFB9FFFF26FFDBFFFFFFFFFFFFFFFF
651AFFC0FFD2FFFF48E7CA98A8FFFFFF
83C0C6FF72FFFFD4FFFFFF58A170FFFF
FFFFFFFFFFC1FF2DFFFFFFFFFFFFBCFF
FFFFDBFFFF8AFF63FFFFFFFFFFFFECFF
5B43FFFFFFC2FFFFFAFFC5FFFFFFFFFF
C2902AFFFFFFBBFFFFFFFFFFFFFFFF56
CEB9FFFFCE64ACE7FF74FFFFDFFFF2E4
FF927CFFFFFFC0FFFFFF98FF54FFFFE3
8DB1FFFFD2FFBFFFFFFFFAA2CAFF0000
CCFFFFFFFF639FE8FFE6FF33FFC2FFA0
70F4FFFF8E4AF1FFFFC9FFFFF757FFFF
AE89FFF1E2FFFF4895FFFF551D768E85
FFFFFFFFFFFFFFFFF1A8FFFFFFC6FFF5
FB5DDBFFFFFFAEFFFFFFFFC2FFF6FFFF
FFFFFF49FF38E986FF7FFFFFFFFFFFFF
FFFFFFA4FF8378ACFF9B9FBC1DE9AE6C
FFFF45FFFF2BFFA6C487FFFFFF21FFFF
FFFFB6FFFFFFCEFFD2D4FFFFFFFFFFCF
73FFFFFF87FFFFFFFFFFFFC6EDFFD6FF
FFFF73BF89FFFFEFFFCEFFC9FFFFFFFF
7AFFFFFF1DFFFFDFFF94FFFF6EFFDDEC
FF77FFA0FFFFA9E2FFFFFFFFFF41193A
FFFFFFFFFF6B49C3E570BCFFFFFFFFFF
DEFFFFFFFFFFFFB2FFFFFFBEFFFFD0FF
CBFFFFFFFFCE966A6F6DFFCBAAA5FFFF
FFD1FF8EFFFF94FFFFFFB7B5B1FFCCFF
5CFFD2FFFFFF99FFB1FFFF7A2E4CD87D
FFDFFFFFFFFFFFFFFFB178FFFFEBFFFF
FFFFFFB0FFFFFF6BFD69B599F1FF2EFF
FFF28DFFFFFF6BFFD1FF108BFF29FF92
FFFF72FFFFEAFF93D2E7969CE8FFFFFF
FFFFFFFFFFFFFFFF73FFFFDBFFA290FA
FFD8FFFFFFFFFFBD65FFFFFF315DFFFF
FFFF69FFFF3BA0FFFFD2C4FFFFFF81FA
F6FFFF62FFFCFFFFFFFFFFC9FFFFFFFF
83C9FFFC57FFF9FFFFFFFFFFDEFFFFFF
FFFFD9FFFFFFFF6DFFFFFFFF841B9D57
FF73AAC0FFFFFFFFBBFFFFFFFFFFFFAB
FFD7FF88D431FFE9FFFF7289FFFFF7FF
FFFFFF32FFA161FFFFFF3EFFBEFF7DFF
B0FFE8EDFFC49FFFFFFFFFE5FFFF0000
E0FF8BF2FFF3FFFFFFFFFFFFFFFFB3FF
ACFFFFFFFFFFFFFFFFFFFFFFFFFF73D4
FFFFFFFFFF7AFFFFD6FFFFF297FF8BF9
FFFFFF7E7BD0FFFFB3CAFFFF3068C4FF
FFFFE0E3FFFFFFFFFFAB79FF75FFFFB8
E8FFE9CAFFFFFFFFFFFFFF88FFBCFFFF
FFFFFFFFFFFFFFFF89923C9FFFFFFFFF
90D6FFFFFFFFE9FBFFFFEC6219FFCE7E
B5FFFFFFFFD7FF7497A1415039FFFF90
C5FFA5FFFF97FF86A0FFFFFDFFFFFEF7
FBFFE5FFD5FFFFADFFABFFFFFFFFFFD4
3AFF6FFFD0FFFFFFFFE0FFA66FFFFFFF
FF83FFBDFFFF39FFC6FFC9FFFFC4FFAC
CDFFFFFF33ADFFFF22725CFFFFFFFFF1
FBFFFFFFCEFFFFFFFFFFFFFFF987FFB9
D0FFFFFFFFFFFFE6FFFFDDFFFF6D87FF
FFA6FFFFFF6757C07FE6FF3584B0FFD6
FFFFFFFFFFFFBAFCFFC0FFFFFF67FFFF
FFFF25FFFFFFFFFFE59DFFC9D4FFFFFF
9EFFFFFFFF61FFFFFFC8D1FFB8FFEFFF
FFA838FFFFFFAAFFFFA6FFFFFF849C22
298E89FFD9FF6090BAD3FF73EB80FFA4
FFFF8A72FFB4FFBEFFFFFFFFFFB8D0FF
FFFFB9E6FFF162FFFFFF35FF7DFFA6FF
EEFFF5FFFFFFD32AFFDCB8FFFFFFFFFF
60FFD0FFFF44FF4DFFFFA47153AAFF32
FFFFFFFFBDEE8EFFFFCFFFFFFFFFFFFF
FFFFCDFFFFB9377796B655FEEFFDFFFF
ECA0CACCF3FFEFFF98C796CBF7FFFFFF
FFFFFFF6FFA93DFFFFFFFFABEDFFFFDB
B3C1A868FFFFDFFFFAFF56CEFFA6FFFF
E82EFFE9FFFF7CFFFFFF50FF53FF0000
FF90FFFFC1A8E8FF82FFFFFFFFCC4FFF
FFE2F690FFFFFFFFFFEAFFFFFFFFFFDE
E2FF7CFFFFB5FFFFFFFFFFFFFFB4FF69
FFFFFFFFFFABFFFFFFFFFF58EC48FFFF
E2FFDC48FFDF3667FFFFFFFFFFFFFFFF
FFFFFFFFFFE6BAFFFFFFFFFFFFFFFFFF
FFB1F0CFFFFFFF31388A7070D973D8FF
FFFFFFFFFFE6FB8AFF8BFF52D2FFFFFF
FFFFFFFFFFFFFF8ED7FFFFFFFFB8816D
83FFFFFFFFE5FFD0FFFFF7FFE5F3FFFF
FFFFB3FFFF7CFFFFFFFFFFFFFFFFCDFF
DCFFFCCDFFC6FFFFFFB2FFFFFFFFFFFF
BDFFFFFFB4FFFFFFFFFF8469F6FFC4C9
FF97FFFFFFCEFF70FFFFFFFFFF5AFFFF
FF7194E4FFFFD3FFE7FFF7FFFFD4FFFF
E5FF23FFC2FFFFFF79FFFFFF7BEF87FF
77CD8F7AFF99FFCE9592FFFFFFFF57FF
FFFFFFB24462FFBFFFFFFFFFFFC6FF9D
A548FFFFFEDA74C9FFB1FFFFFFFFC4FF
39DF7744C3FFFFFF6DFFFFFFFFCBCAFF
FFFFC3FFFFB2FFFFD6FFFFD7FFCCFFFF
61E0FFFFFFFFFFABFF59FFB0C9E3FFFF
FFA6FFFFFFFFFFFF53FFDDFFFFC81DFF
FFFFEEFF3DFFFFFFFFFFFFFF60EDFF5D
93FF8154FFFFFFFFFFBE74FFFFFFFFFF
FFFFFF49FFFFFFFFFFFFFFFFFFFF80FF
FFFFFFFFC9FF63D26DFFA976FFFF50FF
FFFFFF27FFAF4481802930FF62FFE4FF
9AFFFFFFFF53FFFFFFFFC8FFFFFFFFFF
7DFFFF29FF38F8FFFFFFFFD2FFFFFFFF
FFAFFFFFFF7DFFF095FFAF31EEFFFFFF
C787FF8EFFFFB96FF5FFD9FFFFCD0000
FFFFFFFFF7AB1D60FFD39FFFFFF2FFFF
FF93CB2FE94CFFE94ED44DAC84DAFFCB
FFFFFFAEFF9AFFFFFFA89AD143FFFFFF
44FF75EAD4FFFF96FFFFFFFFFF95FFFF
FFF4FF78B8FFF0FFFFFFFFD7FFFFFFFF
FFFF698FFFFC66FFFFFFD4FFFFFFFBFF
FF55FFFFFFD595FFFFFFFFFFFF9EFFFF
FFFFFFFFFFFFFFFFFFDFFFFFFFFFFFFF
AEFFFDE8CEFFFFCBFFA5FFEFFF83FFFF
FF3F94C1FFC5FFFFFFFFFFFFEF985DFF
FFFF93FFFF6BB6B2FFFFFFFFFFFFFFFF
D3FFFFE0FFDCFFFFFFFFFFFFAAFFEDFF
D4FF93FFFFE0FFB47A975EFFFFB19EFF
FFFFFF32D9C9FFCBFF8CFFFFFFFFFF7C
D9FFFF14FFF7F116FFFFFFFFFFFFFFFF
FFFFFFFFF0C0EBFFFFFF87FFFFFFB7E0
FFF8FFFFFAFFD6FFD4C8B4FFFFFFFFFF
FFFFFF60FFFFFFFFC7A262FFF6D2FFFF
FFFF99FFCDFF1FF0F2FFE2FFFFABFFFF
CC95D9C1FFFFFFFFFFFFDFFFFF27EEE9
D3FFFFFFFFFFFF91FFFFFFFFFFFF81FF
FFFFFFFFFFFFFF83FFBAFFFFFF86FF98
FFFFFF97FFFFC8FF2E9C53FFFF76EBFF
FF9B72FFFFC4FFD7FFFFFF5C44F8FFFF
FFC7FFFF249C30E57DFFB8FF94FFA8FF
7EFF7AFFFFABB3FFFFFFFFFFE7D87AFF
FF5BFFB9F3FFA7FFFFB6FFFF8AFFFFFF
FFFFFFFFFFFFFFFFFFFFCFFFFFFFFFFF
2AFFE9FFFF76FFECFFEFFFFFFFFFFFDE
FFCF91B0C8FFBEFFFFFFFFFFFFFFDFFF
A5FFFFE5FFFFFFFF73F3FFE4FFFFFFFF
B1BFFE4DFFFFF2FFBAC7FFFFFFFF0000
EBFFFF55FF1D4D8CFF9D31FFFFFFFF75
FFF7DDFCACFFFFFFFFFFFFFFFFFFFFFF
FFF7FFFFFFDADFA8541538FFFFFFFFFF
FFFFFFE8FFFFFFFFFF5ADDFF7BFFDDFF
FFFFFF73AFFFA2E375FF82FFFFFF63FF
FFFFFFCDFFB8FFFF89FFFFFFFFFF60FF
F2FFFFFFFFFFFFFF1F73FFEDFFFFFF35
FFD0FFFFFFFFD9D1ABFFFF22D1FFFFFF
C1ACD8E7BDFF43FB61ACA9FFFFFFFFA1
FF9AC1FD899A93577BFFFFC785C1FFFF
FFFF5AF392FF723396FFFFFFFFFFC9FF
89FFFFD6FFFFFFFF74FFFF40FFFFFF9F
2EFFFFFFFFFFFFC062FAFFFFFF5C31FF
FFFFFFFEFFFFFFFFA0FFFFD6FFCE83F6
6F6AF9FD93FFE7FFFF8FFFD1FFFFFFFF
FFFFFF80E2FFFFFFAC6345FF69FFFDFF
FFFFC7FFFFFFFFFFFFFFFFFFFFFFFFBB
FF6BC2FFFFFF5BE2FF6F8CD7FFFFFFFF
FFC6FFF3FF75FFFFFB4CA9FFFFFF5FFF
FFFFFF93FFFFFFFFA0FFFFFFFFFF3480
FFFFFFFF93FFFFFFFFECFF9EFFB1FFFF
FFFFEEFF7663C6FAD5D0FFFFFFFFFFFF
FFFFFFFFA1FFFFFFFFFFFAFFCBFF4DFF
FBEBFF9B36FFF0BEA3FFFFFDFF894843
FFE796FFDDC9FFFFFFAAC7FFFFFFD6FF
2CFFFFFFFFFFFFFFFFFF7DFFFFFFFFB9
FFFFFF28FFFFFFD79142FCFFFFC2FFA4
FFCDFFFFFF7B9AE839A7FFFFFFFFFFFF
9B65FFFFF8FF5FFFFFF7FFFFFFFFFFFF
FFFFFFB4EFFFC4FF5EFFFFFFFFFFFFFF
FFDAA2FFB1FFFF75FF96FFFFFFFFFFFF
B6FF1FEEFFFFFF67FFFFAFFFFFFF0000
FFFFFFFFCEFFC79EC09550FFFFFFFFFF
FFFFFFFFFFFFFFFFDAFFFFFFFFB9BCFF
FFDEFFFF1DFFFFFFFFFFE3FF5C4FC4FF
9CA5F87CFF3596D58492C7FF35FFFFFF
88B5F0FFFF91FFFFFFFF83FFFFFF94FF
FFFFFFA8FFFF8DFFFFFFC4E9FFD33690
FFCF36CD9EFFFFFFFFC6FF20FFFFFFE8
56FFFFC1FFFFFFFFFF88FFFFFFFFA69F
FFFFFFFF8BFFFFFFFFE1FFFFFC40FFFF
D6C3FF5CFFFFFFFFD0CCFFFFFFFFFDFF
FFAA55FF75FF76A3FFFFF1FFFFB3FFED
87FFFFFFFFFF3EFFFFFF92FFFFFFFFA7
FFFFFFFFFFFFFF607DCC5BDBFFEAFFFF
FF82FF83FFD0FFE4EBBEFFFFFF13FFD4
88FFFFFFFFFF87A6FFFFFFFFFFFF6384
FFFFDFFFFFFF0FFFFFFFE1FF9CFFFFFF
FFE849FFEAFFB41BFFFFAED49C73FFFF
FFE2FFA5FFFFFFFFDC97FFFFFFFFFFFF
FFF0FFFFFFFF8F74FFFFFFAE4E86FFFF
FFFF95FFFFFFC3FFF5FFFFFFFFFFC08A
379DEFFF6CF387FFFFD0FFEDFFFFFFFF
FF33FFFFFFFFE19D50F5FF7CFFFFFFFF
FFFFFFFFA8FFD2CEBEDAFDD2FFFFFFF2
FFFFFFFFFF6B3A84FFFF74FFB5D1FFFF
FFBDFFCBFFC6FFFFFFFFFFFF5AFFB7FF
FFFFFFFF63FFCDFF90FFD6FF5BFF1DFF
CCE684FFC39FFFB4F2E6FF11FFA3FFFF
FF66C866FFFFFFFFFFD6FFFFCAFFFF93
FFFFFFF4FF88FF98FFEDFFBFFFDEFFFF
FFABD7FFFFFFFFFF7788FFFFFFFFFFFF
E4DAFF93B9BEFFFFFFFFFFFFFFFF3BFF
DBB7579B57B4FFFFFFFFFFFF80FF0000
FFFF70FFFFFFFFFF60FFFFFF41D2FFFF
FFFF8CCAE5E8F1FFFFFFE8FFFFFFFFFF
FFFF93FF8DFFFFFFFFB8FF6AF68FFFFF
8A96F153FFFFFFFF37FFFFFFFFFFFFFF
FB5097ECFFF7FFFFFFFFFFDFFFC6B5FF
D9FFFFFFE2BFFFCDAEEAFFFF84CEFFFF
FFFF92FFE0FFFFFFFFE0FFFFFFFFFFFF
FFFFFFFFFFEFFFFFFFFFF3F9FFE2FFFF
FFFFFFB7FFAD24FFFFF5FFFFE241A2FF
F9FFFFFF77A6FFFFFF36E4FFFFFFFFFF
FFDDF0FFC0FF80FFFFFFFFFFFFFFFF5F
FFBACDFFFFFFFFFFFF6D5FFFFFFFFFF8
FFF0FF98FFFFFF4947FFFFFFFFFFFFFF
FFAFFF98E3FF95FFAFD6E1FFFFB1FFFF
FFFFFFFFFF5EFFEBFFAFFFCCD9FFFF75
FFE4FFFFFFFFF4FFA5FFFFFFFF83B5FF
FFFF65FFFFFFFFFFFFFFFF6BBD81F7CD
FFFFFFFFA8FFFFFFFF81FFFFFFFFFFE2
FFFFEBFF42F3FFFFFFA4FFFFFFDBFFFD
FFFFFFFFFFFFFFFFFFFFDEFFFFB3FFAD
1CC0FFFFFFFF56FFFFFF4ABDBAFFFFFF
FFA8FFFF9FEB1EE299D6FFFFFF904BFF
FFFFFF44FFADCC99FFFFBAFFDAFFFFFF
FFFFBAFF80FFFFA0FFFFFFFFFA7C7EFF
90FFC0FFFFFFA3FFEAFFC6FFFFFFC6FF
6676FF60FFFFFF47FF867946FFFFFFB1
FCFFFFFFFFB9FFFFD3E09FFFFFFFFF72
A7E717FFFF45FFFFE1FF48FFFFFFFFFF
F6FFFFFFFFD1FFFFFFFF2CFFFFFFDAFF
FFDEFFFFFFD964FFEAFFFF9FFFFF64FF
FFFFFFBED9FFF1FFFFFFFFFFFFA1FFFF
94D7FFFFFFFFFFFFFFAAFFFFFFFF0000
FFD27DEBFF7BFFFFC6FFB5FFFFFFFFFF
C4FFFFFFFFFFFFFF76FFFFFFFFDB4ACE
FFFFCAFFFFFFAAFFFFE8FFFFFF88FF7F
FFFF24508E4095FFFFFFFFFFFFFFFFFF
BFD0E290FFFFFFFF27F9BDFFB4A4F4FF
FFDEFFFFDFFFB95FCAFFFFFFFFFFFFFF
A0D8FFE2FFFFFFFFFFF4FFFFFF18FFFF
FFFF66FFC3A2FFFFFFB2FF84710BFFFF
FF6EFFFDFF8CC9FFFFFF8DFF6EEDE8FF
FFFFFFFFFFFFFFFFFFFFFFFFFFFFFF52
FFFFD5FFFFF5FFFFFFFFFF86FF8B99FF
FF88CEFF6DFFFF9F54FFFFDFFFFFFFFF
FFFCFFFFEBFFFF7DB2EFFFFFFFFFF9FF
FFEB54D2FF2EFFFFFFD2FFFFFFFFFFFF
FFFFC8FFFFFFFFD3FFF2FFC5C3FFFF28
FFFF85CFFF53FFFF946164AEEDFFFFFF
FFFFFFBD8EFFFFFFFF79FF87FFFFFFED
FF35FF86FFFFFFC620D3FFCEFFD7FFAF
FF66F7C16EFFFF36D8FFFFFFFFBEFF23
FFFFFFFFFF41FFF9F9FF8AFFB3FFC2FF
B867FFFFBBFFFFDDCCFFFFFFFFFDFFFF
FFFFFFFFFF8887FFFFFFFFFFBAFFFFFF
FFC2FFFFFFFFFFFFFFFFFFFFFF4D2478
AB364CFFFFFFFF98FFE2FFFFFFFFFFFF
B2FF27FF44FFFFFFFFFFFF2CEFFF9AFF
E9FFFFF52E43FFFFFFFFF688589E9D73
FFFFDEFFFC98FFFFFFFFFFFFE9FFEBC3
1FAFFFFF9B8DFF6CFFFFA283FF69FF73
FFC1FFFFFFFFFFBFFFF2AFFFE0FFD9FF
FFFFFFFFFFDAFFFFFFB4FFFFFFFFFFFF
F1FFFFFFFFB4FFB94FFF78FFFF89FFFF
FFACFFAFFFFFFF38FFFFD4FFFFFF0000
FFDCFFFFFF27C98DFFFFFFB36BFFACFF
FFFFFFFFFFD4FFFFFF8EDA185D94B7FF
73FFFFFFFFFFFFFFFFFFFFFFFFC0C7FF
FFFF5B749FDD1BFFFFFFFFFFFFFFE59F
EFFFC653FFFFFFFFF4FFFFE3FFFFFFFA
FFFFF7FFFFABFFFFFFF6FFEAFFFFFFB9
FFBBDEFFFCFFFFFFFFFFFFFFFFFFFF50
DFFFEDFFFFFFFFFFFFF3FF8275FFFFFF
FFFFFFA3FFFFFF86FFEFFF26FFFFFFFF
FFFFFFC0FFFCFFFFC2FFFFFFFFE1B22C
8EFFFFFFFFFFFFC892FFDCFFFFFFFFFF
FF443BFFA9FFFFFFFFFFFFFFFFFFB3C3
67F8FFFF84FFA8FFFFFF3EFFFFFFFFFF
A75BF68DFF8DFFB09396B1FFFFFFF3FF
FFFFD4FFE5FFFFF29EFFC9FFFFFFFF2C
FFA6FFFF35FFFFE561FFFFFF58FFFFFF
FFFFFFFFFFFFFFA5FFFFFFFFFFFD8CFF
FFFFE40BA7FFFFFFFF8BFFC66A95FF5D
FF9C899BF3D3FFFFFFFFFFFFCEFFFFFF
FFFF84FFFF50FFFFFFFFD1FFFFFFFFDB
FFFFFF62FFFFFF7B2BFFFFE715A6FFFF
FFFFFFFFFFF2FFFFFF8544C9FFFFFFD1
7CFFFFFFFFFFFFFFFFFFFFBAFFDCF57F
FF9188E9B2FFFF5092FFFFFFFFFFFF52
C1FFFFFFFFFFFFFFFFFFFF80FFDEFFFF
50FF97DAFF90FFFFFFFF50D6C3FFD8F4
C6FFFFFFFFFFFF6CB5B6C6FFE4F6FFD4
FFFFC4B2FFD8FF95FF75FFFFFFFFFFFF
B6FFFFD3FFFFFFFFFFFFFFFFFFFFFFFF
E3FFAA70C5FFF8FFC0FFFFFFFFC1ECFF
5DFFFFFFFFDCFF89FFFFFFC217FFFFFF
FFE5FFE3FFFFFF44589254FFFFFF0000
FFFFFFFFB75BE0FFFF93FFF367FFFFF6
FFFF4AFF5982FFDFFFE2FF31FFFFFF7E
9015FFFFFFFFFFFFFFFFFFFFAC6832AE
F794B437F3D14159BCFFFF72FFFFFFE1
FF81D9DD7F3CAA55CEE0FFFF8E65B8FF
FFFFFFFFFFFF90FFFFFFFFFFFF7DEEDE
FF73F8FFFFFF71EFFFFFFFFFFF93BBFF
FFFFFFFF37D5B7FFFFCAFFBFFFA4FFD6
FFFFFFFFFFFFFFFFDFFFFFF6FFFFFFFF
FFEFB293FFFFFFFFFFDCFFFF52A0C9EC
69FFF3406FACC68AE7FF39FFE2EB60FF
E68FFFFCFFFFFFFFDEFFFFB2FFFFFFFF
FFFF7DFFFFFF75FFFFFFFF81FF42FFFF
FF57FFFFFF2C9CFFFFFF68FFFFF7FFBD
FF75FFFFFFFF8EFFFFFFD2FFFFFFEAFF
FFFFFFFF4FFFFFF154FFFFFFFF8EDAFF
9AFDFF57FFFFFFD7FF8EFFFFFFFFB8FF
CEE1FF61BAFFD8BFFFACFFFFFFB6D9FF
FF469CFDFFFFFFC3C4FFFFFFFFFF84FF
F1FFFFFFFF6EFFFFC4FFD6FFFFFFFFFF
FFFFC2843DFFF573FFFFFFFFECFFE5FF
F3FFC8FFFFFFFFFFFFFFFFFFFFB2FFFF
91FFA1FFFFFFFFFFFFFFFFFFFFFFBDFF
FFFFCE95FAFFFFAEFFFFFFFFFFFF9762
D6FFE3C1FFFFFF3CCCFFFBFFFFFFFFE2
FFFFD161FFFFFFFFFFD5C9A6ABDE99E1
BDFFC68DCCB2B4FFB3FFFFFCFFFF9F77
DDFFFFC28EFFF1FFFFFFFFFFFFFFFFFF
FFFFFFFFFFFF30FFFFFFFF91FFFFF2FF
FF12FF81FFFFFCFFFF64FFF3FFFFFFB7
9CFFFFFFFFFFD88FF5FFFFFFFFFFFF54
FF51FFFFFFABFFFFFFB858FF746D0000
FF5CFFA9FFFFBCFFFFFFFFFFFFFFFFFF
FFFFFFFFDEFFFF7AFFFCC259FFFFFFFF
A74EE4ACFFFFFFFFFF7FFFD430F5FFFF
5876FFAAFFFFBDE133FF53FFE8FF35FF
41E773FFFFEBFFCB48AD45FFFFFFFFFF
FFFFFFFFFFF3E1FFE89AFFFFFFFFFAD4
28BED7FFFFFFFFC0FFFF9CFFFFFFFF9F
FF97FFFFFFA6FFFFFFFF5EFFFF48FFFF
FFFFFFEFB8FFFFFF98D06734FFFFFFFF
FFFFEDD5FFFFFFFFFFFFFFFFFFC6378A
7DFFF0D893D6FFFF4EFFAEFFFFFFEBFF
FFB7FF0984FF29FFFFCAFFFFFFFF98FF
FF9EA4FFFFFFFFFFFFFFCAFFFFFFFFCE
FF45FFFFFFFFCD40FFF169FFFFA4A2FF
FFFFF8A1FFC01FFF6512FFFFFFFF25FF
90DDFECDFFFFFFC91AFFFAFF69FFC6BD
FFC088FF7CFFFF817FFF68C0FFFFCDFF
55FFB8FFFFFFFFFFFFFF75FFFFFFFAFF
FF61C766FF9C82FFFFFFFFFFFFFF6DFF
FFCED1FFFF68F7FFFFFFFF2FFFFFFFFF
FFFFFFFF6C728C3FFFC4FFABFF40FF90
FFFFFFF291BFFFFFFF81FFFFFFFFFF19
D3FFFF98FFF2B7FFFF3BD4FFFFFFFFFF
FFFFE5CE8DC9963DFFFFFFFFFFFFFFFF
BD36912CBBFFA39CDB7E7CF1FFF2FFFF
FFFFFFFF3EFFFF5885FFFFFFFFFFC6B5
FFFFFFCCFFFFFFFFFFFFFFFFFF92FFFF
5DFFFF56DEFFFFF2DAFFFFFFEFA0FFFF
FFE0FFFFA5FFFFFF86FF8F4E7DDAEAFF
FFFFFFFFFFFFC3FFFFF4AD7BFF74FFDF
FFE042FFFFFFC9ACA2FFFFFFFFFFFFFF
BBFFFFC1D51FC8FFFF5182DB8DFF0000
5BFFFFFFFFBC32FFFFFFBCFFEFFFD6B8
D8FFFFB940FF759CA09898FFFFA998FF
97FFFFFFC1FFFFFF68E8FFFFFFFFDEFF
A053FFFFFFFF837EFFFFFFFFFF83FFFF
FFFF3BFFFFFFFFFFFFFFB1B3CE7E3DFF
ED44FF8CFFFFFFFFFFFFFFFF6BFFFFFF
FFFFE4FFFF95FFFFFFFFFFFFFFFFF34F
FFA6FFE1C9E4FFFFFFFFFFFFFFFFFFD7
B28E4BEEA7B5C1FFCD65B6E6FFFFFFFF
43FFF17C30FFFFFFFFFFFFFFFF47BFEF
FFFFFFFFBE9A58FFFFFEFFFF808DC6FF
FFFF90FFFFFFC4C9FFFFFFFFFFF0FFFF
FF6E30FFFFFF96FFD9FFFF62FFFFFF1D
FFCDFF45FFD26F70FFA8A567FFFFFFC3
FFFFFFFFFF97FFFFBEB553FFFF2FFFFF
A2FFFFFFFFFFFFFFFFFF3BFFFFFFFFFF
D6E0FFFFFFFFFFFFFFFFFFFFBCFFFFFF
FFD8FFFFCE38FFFDFFFFFFE1FFFFFFFF
FF5AFFD2432C5CFFFF7BC6FFFFFFFFFF
FF69FFFFFFC6FF86FFFFFFFFFFFFFF94
D8FFFFFFFFFFC568C7FFFF6E818BFFFF
FFFF3A68D7FFDA60A37281FFFF7D58FA
FFFFFFF5CD78D5FFFFC28CF4FFDDFFFF
FFF4DE3FE7D062FFFFFFFFF9FFFFFFFF
2BE8FFFF779A5CAEBAA9FFFFFFFFFFFF
FF869AFFFF55ED739CFFFFFF64FFFF9D
FF3535FFFFF7FFFFFFFF8CFFDF7EFFFF
A840FFFFFF6BFFFFFFFFFFFF90FFFFFF
FFF7FFFFFFA4FFFFFFFF9719EA5865DC
FFFFFFFFFFFFFFADC4B2C69BFFFFB3BB
FFAEFFFF55FFE6FFA1FF53FF83FFFFFF
F783FFEE4F4A9FACFFFFA7FF6EFF0000
AFFFFFFFFFFFFFFFEAFFFF67FFFFFFEA
FFFFFFFFFFFF810C79EDFFFFFFFFFFFF
AEFFFFFFFFCEFFDAFFEC725BFFFFA5FF
FFFF5CD7E3FFFFFFFFBAFFFFFFFF7870
26CE5FFFFFFFFFA0FF8CFFFFC17FFFFF
FFFF5008D3FFFFFFFFC5FFFFFFFF9B98
FFFF8AFFFFFFFFEDFF71FFFFFFFFFFFF
FFFFFF713FD4F2FFFFE6FFFFDCABFFFF
FFFFFF41FAAA8FFFFFD79BC5FFC4FF4C
FFFFB998FFFFFFEC74FEFFD9FFBDFFFF
EFFFFFFD5117E268FF9DF7B1FFFFFFFF
FFFF89CB5BD4FFFFFF8BFFFBFFFFFDFF
FFFF7AFFFFFFB4FFFFFFB3FF6CC5FFFF
FFFFF2E82879ECFFFF91FFF4FFF08CFF
FFFFFFFFFFFFFFA1FFFFB5FFFFFFFFFF
FFFFFFFFFFF7FFFFFFFFF5FF66F121FF
5FAAFFFF7EFFF5FF72FFFFFFFFC8FFCF
7EFFFFFFB7FFFFFFECD0FFFFFFFF3EFF
FFFFFFFFFFFF11A4B8FFFFFF88FFFFE5
FC53FFE4FFE8AC3358FFFFFCFFFFFFF2
FFFFFFFFFFFFFFFFFFD2FFFFFF89FFFF
FFFFFFFFFFFFFFF8FFFFE0FFFF578EFF
E1FFFFFFFFC5FF81FFC5DAFFFFFF96FF
4DFF18FFFF63FFFFFF65F2A2A4FF74FF
FFFF60BBFFFFFF4571F6FFC3C2FF55FF
FFBC9886FFFFFD50FFFFFFFFFF68E5FF
FF32FFFFFFA4FFFF59D9FFFFFFFFFFFF
FFFFFFBDB9FFFF51C4FFFFCEC2A6FFFF
FFCEFFFFFFFFFFD2FFE8FFFFFFFFFFFF
FFFFFFFFFFBCFFFFFFFFFFEFFFB9AE98
FFFFFFFFFFFFFFB7FFFF85FFDDFFFFFF
FFA1FFAA35FFFFFFFFFFFFFFFFFF0000
FFFFFFFFFF9D73ABFFFFFFFFB3FFFFC8
E9FFFFFFFFFFFFFFFFFEBCFFFFFFFFFF
FFFFFFB0FFFFFFFFFFBCB7FFFFFFFF7C
FFFFFFFFFFFFFFF69D6DFFFFFFFFFFFF
FFFFFFFF90FFFFFF95FFFFFFD8CFD1FF
E1FFE0FFB3FFFF96FFFFFFFFFFFFFF9B
FFFF91B8FFFFD8FFFFCBFF88A3FFFFFF
FFFFFFFFFFFFFFFF75FF2207FF9CFFFF
D54CFFFFFFFF97FFFFD79B6BFFA5BFFF
3FFFA8B6FFFFA2FFFF5DFFFFFFFFFFFF
FFFF3FA0FFD89442FFFFFF3CFFFFC1FF
73FFE06FFFFFFF6B3FFFFFE3FFFF589C
D3D3CF63F67BFFFFC8FF72FFFFFFFFFF
0EFF352BFFFFFF94FFFFFFFFFFFF92FF
FFCBFFFFFFFFFF98C1FF4F6DFFFF7AFF
FFFFB55D2AFF32FFE4FFFFFFD4FFFFFF
FFBFFFFFFFFFFFFFFFFFFFFFFB99FFFF
FFEF79FFFFFFFFFDFFB5FFFFFFFFFFB7
2CFFFFFFFFE9ED83FFAEFFE5FFFF3DFF
FFFFFF8F7FFFD4A3FFFFFFFFFFFFFF24
FFA6FFFFECFFAFFF61E26DFCBCFF8AFF
FFCE1FF78BFFFFFF2CFFA5486FFF98FF
FFBC89FFD3BFFFFFFF21FFE0FFFF8FD6
FFFF7FFF60FFDE7DC6FFFFFFFF4889FF
72FFFFFFFF2EFF2B431CFFFFFFFFFFFF
FFFFFF61FFD1FF74FF57FFADAEFFFFFF
FFFFFFFFFFFFFFFFFFFFFFE9FFFF6183
FFFFFFB173FFFFFFFFFFFFE9A4CBBC90
FFFFFFFFFFFF91FFFFFFFAD6CEFFFFFF
FFFFFFFF2FFFFFCAFFFFFFFFFFFFBF9F
FFFFFFFFFF7F92FFFAFF67FFAA62FFFF
FFFFA0FFFF86FFFFFFFF6253FFFF0000
FFFFFF9DFFFFFFFFFFFFFFFFFFFFFFFF
FFFFFFAB7CFFA3739BFFFFFFFFFFDAFF
FFED54E2FFFFFFDEFFD947FFFFFFF1FF
DFF0FF50FFE5FFFFFFFFFF6DFFFFFFFF
FFBEEDCC52FFC5FFC4FFFFFFFFFFFFA5
FFFAFF3CFFFFFFFFFFFFFFFFFFFFFFFF
FF9D6EC98BDF6BFFBA4AF29B7EB2FFB8
FFFFFFFFFF99FFFFFFFFC3FF9EC8FF71
FFFF77FFFFFFFFFFFFFF52E9FFA56BFA
FFFFFF1CFFFFFFFFFFFFFFE5FFFFFFF0
FFFFFF5EFF20FFFFFF3DFF33BCE7F446
FFFFFFFFFFFFFFFFCDE8FF26FFFFA097
FF6A72FFFFFFFF5B9E53C0FFF2FFFFA4
FFFF8046FFFFB6FFFFFFFFFFFFFFFFFF
FFFFFFFFFFFF48FFFFFFFFFFFFCCFFFF
FFFFFFFFFFFFFFFFFFFFFF4AFFFFFFFF
FF73FFB9FFFFFFFFFFFFF94AE13CCAFF
FFFFFFFFE2FFFFFFC5FFFFFFFFFFFF6B
B44BFFFFFFFF9AFFFF556AFFFF1F41FA
78FFB4FF7EC6FFFFFFFFFF2DFFFFB2AC
FF9B6114FF89FF2983FFFFFFFFFFFFFF
FFFFFFFFFFFFE0FFFF80D9FF5EFFFFFF
FF81FFC8E9E4AAB6FFFF4BFFFFFFFFFF
C3FFFFFFFFBFAEFFFFFFDEFFFFFFFFFF
FFCEFFC8FFFFFFFFFFECFFA0FFFFFFFF
FFFFFFFFFFFF63F4FFFF40FF736B65E8
FFFF9CFFFFFFFFFFEAFFFFFFFFFFFFF0
FFFFFFB5FDFFFFFFFFFFFFFFD3CEF7FF
FFCECCE4FFFFE046BDF762FFFF76FFFF
FFFFFFFFFFFFFF79FFFFFFDAFFB2FFFF
FFFFFFFFFFFFFFB0BEFFF9FF77BCFF80
FFFFFFFFFFFFFFFFFFBC75B0FFFF0000
FFFFE1C9FFFF7AFF9AFFFFFFFFFFB9FF
CDFFE3C739FFFFFFEFFFDA37FFFF8AD7
FFFFEBFFFF33FFCDFFFFFFFFFFFF5683
FF33FF4AFF60FFEEFFDFFFD9FFFFFFFF
FFFFFFFFB4B1CB5BFFFFF4FFFFFFFFFF
FFFFFFFFFFFFE9FF7BFFECFFFFFFC3FF
FF6175FFFFFFBC8578F2FFC429FDFFFF
C5FFFF88FFFFFFFFEBFF67FF70FFFFB4
FFFFFFFFFFFFFFFFFFFFFFFFDCA8704C
FFFFFFBEFFFFDE5DD9A52454AF9815E5
64FFFFD2FFA7FFFFFFB5899477F3FFFF
FFFFFFFAD0FF478FFF8DB2D6FFFF54FD
FFFF77AEFFFF685E9CFFFFFFEFFFD6FF
FEEB60FFFFFEFFFFDAFFADFF9F7AFFF0
FF7AFFB1FFFFFFD1FFFFFFFF82FF99FF
FFD0FF69FFFFFFFFFF9D741EA2FFFFFF
FFFFFF73FFE9FFFFE9FCE7FFFFFFFFFF
D8FFFFFFFFC2FFFFAEFFFF5462894170
F4FFFFFAFFFFFFCAFEFFFFFFFFFFFFFF
FFC1FF76FFAF34FF8AFFC7E4FFFF67EE
FFFFFFFFFEFFFFFFA6FFFF43C4B1FFFF
5BFFEC69FFFFFFFFFFFFFFEAD8D28AFF
FFFF3CD9FFF5FFA090FFDF55FFFFCB0E
FFFFFFDAFFEBFF4BFFFF7FFFFFFFFFFF
FF277AFFFFFFFFB2B57FFFFFFFB5FFFF
FFFFFFFF9EFFFF7569EAFFFFFF63FF96
FFFFFFFFFFF8C2FFFFFF9ACBFFFFFFFF
C1FFFFFFB590FFFFFFFFADFF98FFFFFF
FFFFFFFFFFFFCFFFFFE25C9DFF6EAEFF
FFFEFFFFBFFFFC979BFF98C7FFFEFFFF
FF2CE9ED123CFFFFFFBCFFFFDDFFA1FF
37FFFFFFFFFFFF6AFFFFFF97FFA20000
C2FFFF66FFFFA252EFFFFFFFFFFF61FF
85FF44C2FFFFFFFF97AC44ADFFFFFFFF
FFFFC4FFF688FF7CFF6DC5FFFFFFFFFF
FFFFFFE58EFF429056B2FFFFFFFFB0FF
FFFFFFFF198EAB99FF523FFFFFFFFFFF
FFFFFFFF5A89C0FFFFFFDFA3F8FFFFFF
D7FFFF5A73A4B9A7E1FFFFFF87FFFFFF
FFEBBB4BFFFFFFFF902B9AFFEEFFFFF1
FF3BFFFAFF9AFFFFFFFF64FF9AFFA2FD
FAFFFFFFFFFF9CE3FFFFFFFEFFFFFF7A
CE71FF43FFFFFFFFFF33FFEC4DFFFFFF
D1FFFFFFA5FFFBFFFFFFD5628277FFE8
FFFF7A8BFACD644AFFFFFFFF7BFFFF50
FFFFB2FFFFFFB7FFFFE4FF2B95FFFFFF
FF91709DFFFFE5FFEAFF7CFFFFE4FFFF
FFFFFFC0FFFFFFFFFFFF1FD89EFFFFFF
FFFFFFFFFFFFFFFFEBDBC9F274FFFF60
FFFFFFFFFFFDFFFFFFFFFF346DE4FFFF
1FFFCDFFFFFFFFFFFFFFFFD076BDFFFF
FFFFFFFFFF4147FF5CFFFFFFFFABBDFF
FFFFF6FFFFFFFFFFFFFFFFFFFFCAF13D
F2FFFFFFFFD4FFFFF3FFD978FFF4FFFF
FFFFFFFFFF3CFFFF5F80A6CAC2BAA5A0
D2FFA1FFFFFFBEFF55FFFFFFFFFFFEFF
FFFFFFFFFFFFFFC9FFFFFFB3FF2EFFFF
56FFFFFFFFFFFFB79955FFFFFFA76C5F
61FFFF59FFFFFFFFF3FFFFFFFFBDFF39
FFFFFFFF6353B9FFB4FFD5FFFFFF74FF
283FFFA7FFF99AF9FFFFFFFFFFFFFFFF
46B7FFFFFFFFA96EFFFFFFFFFFFFA3B7
F69FDBA7FFFFFFFFFFFFFFFFFFD0FF19
BDFFE7FF9CFFFF8AFFFFFFFFFFFF0000
FFAAFF88FFFFFFFFFFFFFFFFFF61FFFF
FFB7FFFFFFFFFFFFA541B0FFDBFFEDFF
9DFFBDFFBCA1D3FFFFFFC2D4D5FFC8FF
EE6BFFFFFFA1FFFFFF91FF53DAFF70FF
FFFFFFFFFFFFFFC4FFFFFFFFCCEAB641
FFFFFFFFFFFFFFCFEC64ADFFFFFFFFFF
4E2B4D622642FFFFD9FFFFFFFF7CFAFB
FF58FFFFFFFFFFFFFFFF4AED61FF7EFF
FFFFFFA6FFB1FF80FFFF5EACFFAEFFFF
FFFFFFFF22FFFFFFFFFFFFFFDB56FFFF
99F4FFFB82FFFFE392FFFFC0D3B782FF
AEFBFFFFFFFFB6FFFFFFFFA27DFFA9FF
FFFF7644FF85FFFFEAB6FFFFFFFFBB7E
FFF6506BFFFF85E3FFFFB4FF489BFFFF
FFF1FFFF5EFF63FFFFFF6DFFFF9BFFBA
225E2EEBFFFFFFFFFFFFFF90FFFFFFFF
FFFFFFBEFFFFF254FFFFFF70FFFFFFFF
FFFDFF7BB1CCFFFFD5FFFFA5FFFFFFFF
FFFF88FFBD97E2FFFFFFFF11F8FFFFFF
FF91FF886B93F9FFFFFF8EE9FFFFFFFF
B0FFFFECFFFFFFFFFFFFFFFFFFFFFFFF
FFFF85FFFF73FFDDC7FFABABFFE4FFFF
DDFFB1FFAAFFCAFFFFE67EDEC2B49050
FFFFFF9BFFFFD8FFFF04A453FFFFBBFF
FF93FFFFFF82FFFFFFD03BFFFFFFFFFF
FFFFFFC132FFFFFFFFFFFFEBFF827E99
FFFFFFFFFFFF9DFFFF32FFA6FFFFFFFF
FF6BFF7BB5B79AFFC7FFC8FFFFFFFCFF
91FFFFFFFFFF97C1B76CFFFFFFFFFFFF
FFFFFFFFFF246F6DE0FFFFFF71FF318A
FF3AFFFFFFE1FFFFFFD6FFFFB0ACFFFF
68FFFFFFFFFFFFE75DFFFF48DAFF0000
FFFFFFCCFF9DE437FF21FF7DFFC1DE7D
FF3CA6FFD2FFFFFF70B6FFFFFF23FFFF
FFFF52FF8D72EFFFFFFFFF9356FFFFFF
FFA5FF9DFFFFFFF998FF78FFFFFFFFFF
CEFFE5FFFFFFFFFFFFFFFFA5EFFFFF7A
FFFFFFFFFFFFFFFFC77AFFFFFFFFFFFF
90FFFFFFFFF6F3FFB7EFFFEBB57BFFFF
FFFFEEFFFFFFFFFFB9FFD7FFECFFFFFF
FFFFFFFFFFC9FFAA9F615FFFFFFFFFFF
F4FFFF38FFFFBBFF51FFFFFFBFFFA2FF
9EB540FFFF34FFF34ADEC0FFADFFFFFF
E9B5FF67FFB4FFB4FFFFFF73FF87FFE1
FFFFFFFFFF7CFFFFD9FFFFFFAEFFAC46
FFF8D564EBFFFF2753EDFFFFFFFF95BC
57A7FFFFFFBDA5FFFFD3FF97FFFFFFFF
FFFFEF42FDFFFFFFFFB5FFFFFFFFFFFF
FF54FFFF9BFF23CEFFFFFFFFFFFFFFFF
7BAAA3FFFFFFFFFFFFFFFFFF73F9FFFF
76FFF4FFFFFFFF11FF37FFFF7D759165
FF89D9C4FFFFFFFFFFFFFFFFFFFFFF72
FF72CE9AFFFFFFFFFF870BFF50FFFFC6
FFFF86FFDDFFFFFFFFFFFFFFFF73FF95
FFFFFFFFFF8AFFFFFFFFFFFFFFFF6CFF
8CFFFF919BFFFFFFFFFFFFFFFFFFFFF3
FFFFDBE1FFFFFF40ABFFFFFFFFF6FFFF
FFD36C7CFFFFFFFFFFFFFFB2FFFFFFA7
37C4FFFFFFFFFFFFFFFFFFFFFFBEFFFF
FFFFFFCDA5CBFFFF6AFFFFFFD394FFFF
D2FF95FFFF9185CAFFFF7BFFFFFFFFEE
4AFFFFFFFFDED187FFFFFFFFFF7DFFFF
FFFFC3E0FFFFFFFFFFFFFFFFFFA8FFFF
40FFDDFF84FFFFFF27FFFFFFFFFF0000
B4FFFFDFFFDEFFFFF49CFF52FF9AC1FF
FFFFE1FFC4FFFFFF8CFFFFFFBFFFFFFF
B6BBFFFFE7FF73FFFFFFFFCFFFFFFFFF
FFFFFFFF77FFFFCBE2FFFFCBFFFFFFFF
AFFFFFFFFFFFFFFFFFFFFFDEFF05A3A9
FFFFE5FFFFFFFFFF3E76FFFF78FFFFDD
FFFFFFFFACFFFFFFFFFFFF97FFF6FF9D
FFFFFFFFFFB1E6FFFFFFFFFFFFFFFFD5
C2FFFF8243C5FFFFFFC549EAFFFFFFFF
A6EFE6A1FFDBFFD2FF3AFFFFFFFFFFFF
D2F9FFFFFFFFFFFFFF8BFFFFDE9371FF
DD9BFFA2FFFFFF81995AF0D0F6FFCCFF
EE97FC4CFFFFFFFFB7FFFFFFFF65FFFF
A9FFFF66FFFDFFFFFFB6FF8CFFFF62FF
CD44FFFF8CFFFF5DFFF2FF55AF71FFFF
FAFF19FFFF9C98AADDFFFFFFFFC694FF
99FFFFFFFFFFFFF8FFFFFFFFFFA6FFFF
FFB8FFD3FFFFFFFFFFC4FFFFFFCBFFDB
A9FFFFFFFFFF89FFA0FFFF99FFFFFFFF
FFAED7E0FFFFFFFFFFFFFFFFFFFFFFAE
88C92EFFFFFFFFFFA4E18EC9FFFFFFFF
6EFFFFFBFFBFFFFFFFFFB067CFFFFFD0
90FFFFF0FFD5FF85FFFFADFFFFDFFFFF
63FFFFB6FFFFFFFFFFA1FFFF8CFFFF6C
FFE97FE0FF63FFFF54CDFFFFFFFFFFFF
FFFFFFDDFFB8F4FCFFF36ECDD1FFFFFF
8FB691FFFFFFFFFFFFFFFFEEFFFFFFFF
FFFF0EFA73FFFFFFFFFFF9FFD88E4D37
DCE0FFFFFFFFC6FFFFFFFFFFFFAEFF22
FFFFFF99FFA680FFFFFFFFFFFFFFFFFF
F9FFFFFFFFFFFFEDFFFFFF83FFC6FFFF
D9D6FFFFFFFFA7FFFF6AAE88FFFF0000
FFE1C79FC3FFFFFFFFC2BD5683DAFFA4
EDFFFFFFFFFFFFFFFFFFFFD868FFFFFF
53FFFFFFFFFFFFECE87EFFB4A6FFAED1
FF5BFFFFFF5E6368AEFFFF8662FFFFB9
FF8CFF40FFCDFF9CFF30E4FFF2FFFFFF
FFFFD4FFFFFF9BFFFFFFFFFFFF3CFFFF
FFACFFFFFFE69BA8FFFFFFFFFFFFFFFF
E5FF86FFFFB4FF33FFFFFFFFFFFFFFFF
FFD5FFFFFFFF0816C47192FFFFDDCD43
FFFFF8FFA8693AFFFFFFFFF0FFFFBCFF
9FFFD5FFFFFFA044FFFFFFFFB5FFFF48
FF8AFFFFFFEDFFFF4C9F8FFFFFFFFFFF
FFEBFFFFFF98FFBDFFFFFFFFB8FFA9FF
A3FFFF45FF69FFF2FFFF7AFBFF837FFF
5D7D053FFF8DFFFF8AFF86FBFFFFFFFF
FFFFFFEAFF83DE51BBFFFF539FB7C8FF
FFFF82FFBB83FFFFFFFFE4FBE5FF7BFF
FFFFFFFFFFE6FFFFFFFFC3FFFFFFA0B2
FFFFCDFFFFFFFFC0FFFFFF7297FFFFFF
FFFFFFE6FFFFFFFFFFFFFF9556A4F2FF
FFFFFFFFFFFFFFFFD8F0FFFFFF83FFFF
FFFFFFFFB5ACFFFF909EFFFFFFFFBDFF
FDC5AAFFD1FFFFFFFFCBE1FFFFFFFDFF
FFD2FFFFFFFF6CFFFFFFAB46FFB8FFFF
FFFFFFFFFFFFFEFFFFFF63FFFFFFFFFF
FF2BFFC0FFEEFFFFFFFFFF8562E6FFFF
CA55A2FF94FFFFFFFFFFFF8AC297FFFF
FF9EFFEDA4FFFFFFFFFFFFFFDC7EFFD1
9ACEE1FFFFA594FFFFFFFFFFE7CBFFD9
FFF2FFEFF753FFFFFF59FFFFFFFFFFEF
85FFFFBAFFFF674DEBEBFFFFFFA1FFFF
E6D3E2FFC5FFFFFF7579EA74FF900000
FFFFFF91FFFFFFFFFFFFFFB7F6FFFF8E
FFCCFF7DDCCDFFFFFFFFFFA657FFFF7A
29FFFFFFFFFFFFEFFF696434F9A7FFFF
FFD4FFC7DBFFFFFFCEFFFFBEB0FFFF75
FF70FF6EFFFFFFFFFFE8FF82FFFFFFC2
FF4581FFEAFF6AFFC1FFFFFFFFFFFFD4
77FFFFFFFFFFFFC0FFFF9BFFFFFFFFFF
91FFFFFF8C648DFF69FF4FFFFFFFFFC2
34EFFFD2EDEE41FFFFA8FFFFFFFFFFFF
A34FBE69FFDA6DCEFFE6FAB150FFB1FF
75FFFFFFFFCCFFFFFFFFFFFFA2FFCDC6
FFB3FFFFFFFFFFFFFFFFFFFFFFF3FFFF
FFA998FFFFFF88E6FFFFFFC7FF9FFFD5
FF0AFFFFFFFF92FFFFFFE6FFFF9028F7
FFD2FAFFFFFFFFFFFFFFFFFFFF94FF4A
E5FFFF7BFF86624FD2FFFFFFFFFFFFFF
FFCCF8FFFFFFFFFFFFA936DDFFFFFFFF
FFFFFFFFFFFFFFDC8F47FFFFADFFFFFF
FFFFFFFFFFB4C9FFFFFFFFFFFBD7FFFF
FFFFFFFFFFFFFFFF819190D2EFFF27FF
811BC3FFFFFFFFF8F3F1FFFFFFFFFF44
FFFFFFFFFFFF42983476FF99FF59F7FF
FFFFFFFFFFFFFFFF8254FFC1ADFFFFFF
4FFFC1FFD9FFFFFFA79990FF75FF9DFF
FFFFFF75D5FF44FFFF85FFFF8788FFFF
FFFFFFFFFFFFFFFFFFFFE6FFFFFFFFFF
A4FFE1FF53FFFFFF9AFFFF20F665FFEB
FFBBAEC6B8FFFFFFFFFF45FF93FF85FF
FDFFFFF4ACA1B2FFFF8DFFFFFFDCFFD7
FFFBCCFFFFCEFFFFFFFFFFFFBAFFE8FF
C6FFFFFFFF23FFE5D4FFFF7FFF89FFFF
FFFFDF8C4CFFF5FFFF07FFFFBDE80000
FFBAF2FFFFFFFFFFFFBCFFDF6CA3FF4B
ECFFEFFFFFFFFF8CFFFFFF4EFFFF26BA
FFFFFFFFFFFFFF68F3CE88FFE9FFFF98
FFFFFFFFFFAFFF6B8CFFFFE381FFFFD1
71FDFFFFF0B2FFFFFFFFFFEAFF5CDCC2
7174F4FFFFFFFF33FFFFDBFFFF4AFF68
FFFFFFFFFF95FFFFFFFDFFFFDEFFFFF1
FFFFE9FFB46FFFFF515BFF9BFFFFFFFF
B9FFFFFF334E8E80DBF5B4FFA0FFFF49
B6B6FFFFF9FF7DFFFFFFFF94FFFFFFFF
FFFFFFC9CFF1FFFFFFFFFFFFFF52FF7D
FFFFFFFFFFFFA66C9AFFFF75FFFFFF9F
5F94C4FFFFFFFFFFFFFF2AEFFEEBB753
FF2F96FFFF89FFFF8EFFFFDCFF65C959
FFFFFFFFFFFFFFFFFF9FFF2FAEFFFF5E
FFFFFFD6FFD9FFFFFFA7A9EAFFFFFFFF
FFFFFFFFFFFF9EE3C8FFBFB5FFABFFA9
FFFF90FFFFFF6164E0FF8DFFFFFFFF9A
FFF1B3FFFF8EFFFFFF89FFFF33FFFFFF
FFFFFF99FFFFFFFF2085FFFFDCFF35FF
9720A8C9FFFFFFFFFF60FFFF2FFFFFFF
FFFFFFFFFFFFFFC8FFFF88FFB3E9E8FF
FFFFDE64ABFFFFFFFFE1FFFFFFFFFFFF
FF15E3FF68CAFFEECCD4E4FF5DFFFFFF
FFFFF485C5BDFFBE61FFFFE4FF88FFC8
33FFDDFFED2F94FFD0B799FA9DFFFFFF
FFCEFFF9A7FFFFFFFFFFFCFFFFFFB2FF
FFB4FFFFFFFFEFFFFFFFFFFFFFFFFFFF
FFFFDFFFFFA3FF2AEFC7ADFF94FF87FF
98FF15FF24D33EFFFFE9FFFFFFFFFFFF
FFFAFFFFFFFFB7FFFFFFFFFFFFFFECFF
FF41FFA159FFFFFFFFFFE2FFFFFF0000
FFF5B1FF7EFFFFC5FFFF96FFFFFFFFFF
74FFFFFFFFFF82FFFFF780FFFF79ADC4
FF6DFF99FF3AFFFFFF7BFFFFFFFFFFFF
7BFFFFDBFFFFFFFFFFDEE3FFFFD4FFFF
FFFFFFFFFFFFFFDEE8FFC6FFFDD095FF
EBFF60C0FFD3FFFFFFFFFFFFFFFFFFFF
FF52FF8BFF5FFFBEFF6BFFFF1AFFFFFF
FFFFFFFFFFFFBEE4FFFFFF9AEDC7FFFF
FFA3FFFFFF928598FFFFFFFFFF6ABFE2
FFFFFFFFFFE37DFFFFE7D38AFFFFFFC5
FFFF83FF8BE2FFFFC2FF6DBFFFFFFFF4
FFFFFF34F6FFFFFFFFFFCDFFFFFFFFFF
5DFF9EFFFF618BFFFFFFC1EEA478AFC5
FFFFA8E0FF83FFFF8BFF93FFFFFFFFB1
FFFFC1FFFFFFFFFFFFFFE63AFFFFFFFF
FFFFFFFFFF57FF5E9CFF3C9AA6FFFFCE
FFFFFFFF104EFFFFFFB2FF9EFFE8FFFF
FFBF5EFFC6FFFFFFFFDEFFFFFFB1FFFF
FFFFFF64A7FF61FFFFFFFF9BFFFFFFFF
FFFFFFDEB4FFFF65FFFFFFBFFF92E839
7FFFFF75FFFFBCC4E846FFFFB9FFFFFF
FFFFFFFFFFFFFFC0FFFFFFFFFFFFFFFF
FFFFFFFFFFFFFFFFFFABFFFFFF9532FF
FFFFFFFFECFFFFCEE552CAFF3EFFFFB9
FFFFE9FFC0FFFFFFFFFF9A72FFFFFFFF
FFFF9CADBBFFF3FFC8FFFFF9FFFFFFF5
FFBEC68D55FFFFC3FFFFFFFFFFF29CE0
FFFFFFFFFFFFD4A5658DFFFFFFFFCFFF
19E7FFE2FFFFFFFFF1FFFFFFFBFFFFFA
FFFF91FF22B9FFFFFFFF5DD5FF62FFD5
68F3FFFFFFFFFFFFFF55FFFF7DFFFF97
FFFFFFFFFF96FFEAB8FFFFFF9EFF0000
FFFFFFFFFFFFFFFFFFFFC7FFFFFFFFFF
FFE8FF62FFFFFFE3FFFFFFFFFFD0F3FF
FFFFFFFFFF99FFFF22CCFFFF48D0BBFF
FFDDFFFFFFFFFFCBFFFFFFFFFFFFF6FF
FFFFFFD6FFFFEDCDFFFFFF76F489FFFF
FEFFFFFFEEFFEAE6FFFFFEFFFF85FFFF
FFAADDFFFFFFFFFF6CFFFF7AFFFFFFFF
35EAFFFFFFFF91AFEDFFFFFF65AFFFFC
F559FFFF5CA29CFFFFFFFFA9BDFFD490
5FFFFFFFFFFFFCAD747DBFFFFFFFFFFF
FFB8FFFFCEFFFFFFFFFFFFFFFFFFECFF
FFFFFFA8FFFFFFFFE0B4FFD3FFFFFF56
93E8FF5BFFFFFFFF39FFFFFFFFC1FFAD
FAFF50FFFFBBFFD1E0FFFFFF7819F3FF
FFFFFFA1FFFFFFFFFFFDCE75FFFFA0FF
FFD68EFAB3FF48E8F6FF65FFFFFFFFFF
84FF99FFFFFF88B4FFFFFF95FF3ED3FF
FF35B3FFFFFFFFFF6AD7FFE8FFFFFFFF
FFD2FF86FFE9B0FFFFFF44FFFFD7FFFF
78E6FFFFFFFFFFFF4FBCFFFF49FFFFFF
FFFFFF9EE450FF97FFF665FFE3FFFFFF
ED5F85FFFFFFFFC6FFFFFFEEFF6CFFFF
ADFFFFC3FAFFC8FFFFBCFFFFFFFFFFFF
46BDFFFFFFAFD331DF522C48AFFFFFB6
FFB6FFA5FFFFFFFFFFFF95FFFFFF3FFF
FFFF33B7F4FF8BFFCA2CFF6AFF91FFFF
FFFF82FFFFFFEEFFFF9E35FFFFFFFFFF
FFFFFFFFFFFFFFB1FFFFFFFF92FFFFFF
FFFFB9FFFFE3FFFFE6FFD6FFFFFFFF59
FFFFFFFFFFFF85FFFFFFFFFFFFFF4AFF
FFFFFF86A7FFFFFF7B17FFFFFFFFFFA9
FFFFFEFFFF7EFF75B8FFFFFFFFFF0000
FFFEDAFFFFFFFFFFD2FFEBFFDF719DDE
FF989692FFA6FFF6FFFFFFFFC64B9AFF
FF7EADF6FFFFFF55FFFFFFD8C3D9FFFF
FEFFFFFFFFB868E4FFFFFF9BFF5EFFC3
FF59AEE5FFFFFFFFFFFFFFB52DFF61E9
57FF35FFE154D4CD9658FFB22DC8FFFF
FFFFFFA1FF6DFFE5FFFF8DFFFFFFFFE5
627DFFD0FFFFFFFFFFFFFFFFF7646D6B
FFFFFFFFFFFFFFFFFFFFC14744FFFFD0
58FFFFFFFFFFFFFFCBE8EFABF6FFDEFF
FFFFFF84FFF7C0FF65E2517D93FF9896
EAFFFF4AFFFFFFFFFFFFFFFFFF27FF52
D7508BFFFFFFFFFF75FFFFFFFFFF7299
FFFFFFBCFFFFFF6AFFFFFFBDFFFFFFFF
FFFFFFFFFFFFC8C5FFFFFFFFFFFFFFFF
FFFFFFFFC8FF81FFD58FFFFF4CFFFFFF
E2FFA3A6FFB054B39AFFFFFF80DFECE4
38FF0EB7FEFFFFFFE0FFFFFFFFFF6866
56FFFF55FFFFF6FF9067FF60FFFFFFFF
FFFFFFD6FFFFFFFF4B289EFFD66E6FFF
BFFFE4A6FFFFFFFFD0FF88EDFFFFD8FF
FFFFE674FFFFE0FF66FFFFF6FFFFFF8B
FFFFFFFFDBB4FFFFFF98FFFFFFFFB7E6
FFFFCCA75192EA9D37FFFFFFFFFFFFFF
FFFFBFFFFFFFFFFAFFF4FFFFFF49FFFF
FFFFD4F5DAFFFFFFFFFFA6A6FF9E88FF
BFFFDDFFE2AAFFFFFFFFABEDFFE968FF
FFFFFFFF55FFB882FBDF75FFC6FFFFFF
656BBCFFFFFCFFA1FFFFFF72FF9DD2FF
FFFFC4FFFFFFFBFFD7AFF9FFFFFF8EFF
B39BFFFFA6FFFFFFFF27FFFFFF6EFFFF
FF26FFFFCFFFFFFFFFFFFFDFFFFF0000
FFFFFFFFC3FF6087FFFFFFFFFFFFFFFF
FFBDC7BCFFCDFFFFFF822DFFFFFFFFFF
FFFFFF43FFFFFF857E3DFFDDB7B0FFFF
FFB3FFACE7FFD0FFFFFFDAFF66FFB4FF
FF4CA7FFECFFFFE0FFFFFFFFFFFF95FF
B4FFFFA6FFFFBCFFFFFF1B73FF7BFFAE
FFFF9DA9FFF338E6FFFFFFFFFFB6D5FF
F3ACFFFFFFAEB4FF4CFFFFB9FFFFFFFF
FFFFC987FFFFFFFFFFFF7DFFFBFFFF77
FFFFFFFFFFFFFFFFFFFFFFA1FFFFFFFF
FFFFFFFFFFFFD8FFFFFFFF739D4E22FF
FFD3FFFFC1A4B4FFFFFFFFFDFF51FFDA
B268FFFFFFFFFFFFFFFFFFCFA7FFFFFF
FFFFFFFFFFFF29FFFFFFFF27FFE3FFFF
D1FFF0FFFFFFFFFFFFFFFFFFFFFFFFFF
FFF0FFFFFFFFFFFFFFBC5FFFFFFFFFFF
FFA368C1FFFFFF8A1E8AF6FFFFFFFFFF
FFFFFFFFFFFF7ACEFF2BFFA4FFFFFFFF
FFFFFF8EFFCDFF56E092F5FFFFE4A3B9
FFFFFFFFFFD8A1FFFFAAFFFFD7FFFFFF
FFFFFFFFD5FFA2FEFFFF43F5CFD0FFFF
FFFFFFE5A7FFFF98FFFFFFFFFFFFFFFF
FF65D0FFFFFFE8A4FF75FFFFB6D367FF
9AFF69FFFFFFD6B8FFFFFFFF3BFFC7FF
FFC7FFFF70FF6394FFB1FFFFFFFFFFAD
BAFFFFFFFFFFFFFFFFFF50C65FFFFFFF
FF79FFFF9744A4FFFFF859FFFFE6FF83
AF42FFF2FFFFFF7972ACFFFFB0FFFFFF
FFF8FFFFFFE2ECFF6B2BD9FFFFFFFF68
9AFFAEFFFFA8D77CFF1AFFFF4774FFFF
CFCF8DBFC281FFFFFFBAFFFFFFFFFFFE
CEFFFFFFFFFFFFFF83FFB1DBFFFF0000
FFFFB58DFFDBFFFFFFFFFFFFFFB2FF7D
A5FFFFB6FFFFFFFFFFFFFFFF1AFCF5FF
DAAEFF956AFFFF9C3BB0FFFFF9FF5534
FF73FFFFFFFFFFFFC9FFFFFFFF809F86
FFFFDDFFFFFFFF91FFE860FFFFFF71FF
FFFFDEFFFFFFFF899AFFA2A4FFFFFFC4
FF2FFFFFC134FFCFFFFFFF7DFFFFA1FF
FFC4E39886FF22FFFFFFFFFFBEFFFFFF
CAFFAD7BFFFFFFFFBAD137E621FFFFFF
42FFFFFFFFE1E770FFFFE4FFB7FFFF9B
CEFFDFFFFFFFFF77FFD5FFFFFFFFFFFF
FFFFFFFF48FF99FF67FFFFF098FFBAFF
FFD6FFDBFFF7FFFFE5ECFFFFFFFFDEF5
FFFFDCC6FFFFFFFDB4FFFFFFFFFBFFFF
FFFFFFC0FFFFFFFF96FFFFFF80FFFFFF
FFFFFFFFFFFFFFFFFFFDFFB4FFF1B7AD
FFFFB44FFFFFFFEE69FFFFFFFF9C8FFF
FFFFFFFFFFFFFFFFE9FFFFFFFFFFF1A5
FF88B3B9FFC8FFFFCD4864C4CFFFFAFF
FFFFDCD8FFC06DB7FFFFFFFFFFB6FF44
FFFFFFFF2EFFFFFFFFFFFF7CFF9E91FF
CDA5ACACEE89FFFF8EB5FFFFFFFFFFFF
FFFF49FFFF8327FFFFFFFFFFFFFFD4BD
FFE7ABFF92FFFFA1FFFFFFD4E147FF84
F3FFFFFFFFFFCA56F1FFFFFFFFFFF3FF
FFB5FFD4FFFFFFFF73FF5BFFFFFFEF40
FFFFFFFFFF4257DBFFFFFFFFFFCCFFFF
FDD9BDFFFFFFFFD7FFFFFF4460FFFFFF
FFBCFF86FFFFFFABFFFFDDFF99FFA0FF
FF9EF3E7FFFFFFFFFFFFFFCCFFFF89FF
F8B2FFFFFFEDFFFFFF21C9A4FFFF9FFF
FFFF8EF3FFFFFFFFFFFFC8FFFFFE0000
FFFFFFCE5FFFFDFF7994FFB7FFFFFFFF
FFFFFF63FFFFFFFFB8FFFF31FFFF8AFF
6BFFED2D42FFFF6E80B8FFD330FFFEFF
53FFFFFFFF6CFFFFFFFFDFFFFFEAFFFF
FFFFFFFFFFFFFFB5A1FFFFFFFFFF59FF
FFFFFFDAFFEEFF38FFFFFFE9FFE4FF82
D4FFFFBF8493FF90FF50E5FFFFFFC5FF
FF6C3BFFFFFF48FFFFF9B2FFCEFFC6C2
FFFFDE7AFFFFACFF6370FFFFFFFFFFFF
FFFFDCFFFFFFFF7A3FFFFFFFF4FFFFFF
FFFFE9FFD84FFF99FFFFFFFFFFFFEEFF
FFFF8D5A65CFFF83FFD472DF58FFFFFF
FFFFFFFFCCFFACFFE0B9FF8EB699FFFF
DAFFFFFFFFFFFFFBFFFFD6FF2DFFFFFF
FFFFFFFFFFFF6CFFB3FFFFFFBAFFA0FF
83FFEEFFFFFFFFFFFFFF28FFFFFF85FF
6CFFFFFFFFFFFFFFFFFFFFFFFFFFFFFF
FFFFFFFFFFFFA4FFCBFF7FFFFFDEFFF3
FFFFFF628FFF8184FFFFFFFFFFFFFFD6
FFFFEDC5FF40FFFFFFFF75FFFF80A3FF
0FBCFFFFFFFFFFFFFFFFFFB7FF870C87
A4FFFF7CFFB9CAFA80FFEAFFFFFFF3FD
FFFF8FFFFF79F7FFFFFFFFFFFFE3FF57
FFFF6DFFFFFFFFFFA4FFFFFFFF9937FF
48FFFFFFFFFFE45CB4FAFBFFFFFF88FF
93426CB1FFFFFFD0FFFFB5FFFFFF9AFF
BAFFE7FF50FFFFD77971984CFF91FFFF
FF83FF5EFFFFFFED5F8DF1FFFFFFFF99
FFFFFFFFFFFFC4FFFFFFC1FFFFFFC8FF
FF52FFFFFFFFA2FFFFFFFFFFFFFFBBEE
FFE4FFFFCAFFFFC9F7C808FFFFD8B0FF
E25EE9FF92FFFFD6FFFFFFFF70FF0000
FFADFFFF1CF2FFA27FB28923FFA1FFBE
FFFFFFFFFFB169FFFFFFFFB09CFF8CD8
FFB164ABBDF3E953315DFFFFFFFFA427
FFFFFFA0A4FF83FFFFFFFFFFFFFFFFFF
61A52FEEFF41F4FFFFFFFFFFFFFF5F4B
FFFFEDFFFFFFFF72FF41FF83B5FFC56D
FFFFFFFFFFFFEC5FFFFFFFFFFFFF9096
FFB2C0C95E90E1D1FFFF88FFFF81FFFF
B7A498FFFFA0B1FFFFFFB7FF83FFD4FF
6DFFFFFFFFFFFFFFFFFFECB478FFFFFF
F4FFDFFFFFFFFFFF8DFFFFFFFFFFFFF6
FF92C75497FFFFA8E8FFFFFF41FF7FFF
BAFF65FFFFFFD6FFFF65FFFFFFFFF1FF
FFFFFFFFFFFFFFFFFFFFE6FF63FFFFFF
FFFFB6FF9FFF29FF90FFFFFFFFFFFFFF
FFFFFFFFFFFFFFFFFFFFC8FFFFFFFFFF
B79F7DEF71FFFFDEFFF7FF4BC3C06331
C3FFFFFFA2FFCAFFFFFF6CFFFFC0593C
FF34FFFF9DB0C1D0B2BE7F42FFFFFFFF
73496027FFFFC895FFFFBCE9B59DFF7D
FFFFFFFFFFA2FFFFFFFFC7BBECFFFFFF
FFFFAAF0FFFFD1FFEFFFA780FFFFFFFF
FFFF6DF021F9FFFFFFDDFFFFFFDBFFFF
5CC471FFFFFCFFFFFFFFFFFFC77BFFCD
FFFFFFFFFF7FA275FFB9FFBCFFFFFFFF
7BBA88E8FFD7FFFFFFFFE0FFFFF2FFFF
8AFFFFFFFFCCFFFFFF37FFF5F936FFFF
FF52BCFF4BFF3AF3FFFFFFFFF34DFFFF
FFFFFFFFA4FF66FFB3FFFFB991A5FFFA
FFC4FFA6FFFFFFFFFFFFFFFFFFC7FFFF
DAFFFFFFFFB3EFFFFFFFFFB8FFFF8FA4
FFFFFFEEFFFFF0FFFF9E7F76D6FF0000
FFDCFFFFFFFFFFFFB05D66FFFFAF7772
FFFFFF9BFFFFFFFFFFFF76C0FFFF76FF
ECFFBD7CFFFFE0E47E964B76FFFFDC6B
FFFFFFFFFFDFD16B9EFFFFFFFF85FFFF
FFFFFFFFFFBFFFFFFF8AFFFF61FFFFFF
FFFFF6FFE46FFFFFFFFFFFFFFF794B78
FFFFAA7BFFE9FFFFFFFFFFFFFFFFFFFF
FFFFFFFF4AFFFFFFC3FF99FFFFFFFFFF
97C4FFFFFFC7CBFFFFEFFFFAFFFF76FF
FFFFFFFFFF8EFFFE71DDF9C6FFFFFFFF
FFFFFF97FFFFFFFFFF98FFFFFFFFFFFF
FFFFFFFFFFFFFFFFFFFFECFFFFD6FFFF
FFFF72FFFFADFFFFC1FFFFFFC4FFFFFF
68FFFFD2F31DBADDFFAEFFFFFFE1ADFF
6EFF66FFFFFFFFFFCBFF1DD0DDFFFFFF
F8FAFFFFFF9EFF6FFFFFFEFFFFFF89FF
BDFF59FFFFFFADFFF0FFFFFFA6FFFFB6
FFFF4FA4FFFFFFFFFFDDFFFFE4FFFFDB
FFFFDEFFDCB4FFFFFEB0FFFF50EFFFFF
FFFFFFFFFFFFFFFFFFFF81FFFFFFFFCA
79B2F0ADBEFFFFFFFFFFFFFFFF68FFB4
6EADD1ABF4EFFFFFFFFFFFFFFFCEFFFF
4774355AFFCFFF86D3FFFFFFFFFFFFFF
FFFFFFFBFFDE70FFFFFFFFFFFFD8D8FF
FFFFDFAC50FFFFBFCE2AD6FFFFFFFFFC
FFFFFFFF9D87FFFFA5A3FFFEFFFFFFFF
FFFFFFFFFF7566FFFFFF9AFF28FFFFFF
FFF4FFFCA1FF66D6FFFFFFF2FF4DFFFF
FFFFFFFFFFFFFFFFFFFF925EFFFF4AFF
FFB1FFA2FF4273A6E0B4FFFFFF754BE4
32FFFFFFC1A5C0FFFFFFFF2EABFFFFFF
FFA3FFFFFFFFFFFFB8FFFFFFFFF30000
FDFFFFFFFFFF97FFFFFFFFAEFF4EECDE
AC76FFFFFFFFFFCAFF7FFFF2FF7DC3FF
FFFFCF8AFF33FFEDFFC2FFC8FFFFFEFF
9C5AFF4EFF8BEAFFFFFFFFFFFFFFFFFF
FFFFFF43FFEFED29ADFFFF49FFFFFF44
FFFF91FFFFFFFFFFFFFFFFE892FF884A
FFFFFCDFCDE494AFC7FFFFFFFFFFFFFF
F0FFFFFFFBFFC8E0FFBBFFFFFFFFFFFF
7BFFFFFFFFC9FFFF2BFFDFFF7CFFFFFF
FFAE60FFFF78FFFFFF56FFB0FFFF54FF
FFFFFF20FFFFFFFF7AFF877254727E40
FFCCFFFFFFAFFFFFDAEFFFFF30FFFF2C
FCFF75FFFFFFFFFFFFBEFFF1FFFFFBFF
FFFFFF6EFF5A933AF3EAFFFFFFFFFFFF
3853FF53FFFFE1C5FFFFE6CBCBFFFFFF
B7FFFFD7FFFFFFFFFF35FFFFBFFFFFFF
FFFFFFFF9A6FFF87FFFEFFFFFFFFFFA9
FF0D34CAFF7DFF9CFFFFFFFFFFDA85FF
FFFFFFFFFFFFECFFFFFFFFFFFFFFFF86
FFFF1CFFFFFFFFFFFFFF7DFFFFFFFF53
FF26B8E19CFEFFFFFFFFFFFFA7FF5BFF
BCFFFFFFFFFFFFFFE13F67FFD58EFFB3
FFD2F0FF75FFD1D7FFFFEAFFD2FFB3FF
FFFF5934FFFFFFFFFFFEFFBF81EEEE55
FFFF9C77B2DCFF87B5FFFFFFFF6AEBFF
B4DF4FFF78FFFFFFEBFF9B7514F6FFFF
B2FFFF8FFB6AFFFFB6FFB6FFFFFF81FF
FF44FFFFFFFFFFFFCAFFFFCBFFABB6FF
FFFFFF62BF82FF6DFFC7FFFF23FFFFFF
FFF7FFE2FFFFFF9BAAFFFFFFFBFFFFFF
73FFFFD5A37D98FFFFFFFF2189FFFFFF
FFFFD594FFC1FF21FFE952FFFFFF0000
FFFFFF79C7B1FFFF9EFFFFFF778C73FF
FFFFFFFFFEEFFFFFFFFFA5B0FFFFFFFF
FF7DFFE8FFFFFF5DABFF57ABFFFFA187
FFD3FFFFC1BCFFFFFFFFFFFFF2FFFFFF
FF7DFF78C14D3ABDFFFFFF31FFFFFFE8
FFA9FFFFFFA2FFFFFFFFFFDAFFEAD27C
FFAB75F61FD057FFFFFFFFFF59FFFFFF
EFFFA3FFFFFFFFFFFFFFFF84FFFFAAAA
FFFFFF58FFFFFFFFFFAFF5EAFFBA78FF
FF9647565818FFFF93FFB3409FFE8AA4
FF85FFFFFFC8F3CA9BFF635378C3F8FF
FFC1FFFFFFFFFFFFFFFFE9FFFFFF27FF
FFFFFFFFFF47FF37FFF1FFFFFFFFFFFF
FFCDFFC5FFFFFFFFFFFFFFFFFFFFFFFF
FFFFFFFFFF9BD06BFFFFCCD6FFA6CFFF
657EFFFFFFFFFFFFFCE0FFFFFF6BADE0
94FFFFFFFFFFC6F9FFCD2AC9DBFFC3B4
FFA6C2FFFFCCD7858EFFFFFFFFFF55FF
FFFFFFFCFFFFFFCCBAC5FFFF65FFFFFF
FFFF8DFFECFFFFFFFF36C5FFFFFFFFFF
58F5AAFF6FFFFFA48AB3FF89FFFFFFC5
FFF7FFFFFFFFFFFFFFFFFFFF2CFF8FFF
FFFFFFB1FF75FFFF85FEFFFFCED1FFFF
8D2FFFB0C9FF9BFFFFFF3AC3DAB9FFFF
6DFFFFF29D7C65E094D7FAEA6AFFFF60
D18AFBFFA5AF2CFFC6FFFFFFFFFF44FF
FFE4FFFFFF59FFFFFFFFA4FFFFF7FFAF
FFD473B2FFFFFDFFFFFF72FFF1888785
8DB0FFFFFFFFB5FF99F4FFFFFFFF56FF
787DFFFFFF89FFFFDE86FFFFFFFFFFA9
B9FFFFFF58675FFF61FFFFFF7DD0FFFF
D477A9F2FFAAFFE1FFFFB1FF52FF0000
FFFFFFFFA1FFFFFFFFFFFF56FFFFFFFF
FFFFD1FFFFFF49FFB7FFB2ECFFFF97FF
FF8DFFDB6DFFFFFF8AFCFFA042429398
FFFFFFFFEFFF72FCFFFFFFFFD69FFFFF
E6FFFFCFEAFFFFFF48FFFFFFFF80FCFF
1DFFFFFFFFFF6DFFFFFFFFFF68FFDBEA
6CEDFFDAADDFFFFFFFFF47FFFFFFC2FF
FFF1FFC85DFFFFFF33F8FFA4FF3F7DFF
FFF5FFFFFFFFFFB9FFFFFFFFFFFFF58B
FF2BFFFFFF70B06CD77B8CB1A5C1BD3A
FF7BFF68FF4EFF61E3FFFF8DFFFFFFE7
FFFFFF78FFFFF1FFFFFFFFFFFFA8A7FF
FFFFFFFFFFFFFFFFDBFFFFFFB173FFFF
FFFFFF4570BFFF38FFFF9239CF5BEDFF
FFFFFFFFFFFFFFFFFFFFFFFFEDFFB1FF
FFFFFFFFFFFFB78388EDFFFFFFFFFFBC
FFE3FFFFA5B0BBFF3A67FF9EFFFFFFFF
FFEEF1FFBEFF7B5FFFFFFFFFFFFF4EFF
FFFFFBFFA0FF65535EB1B3FF5EFF2DFF
4FFFFFFFFFFFFF8DFFFFFFFF90FFFFFF
DDFFB6A1C04BFFFFFFFFFFFFFFFFFFFF
FFBDFFFFFFADFFFFFFFFC3FFA68D916E
FFFFDCFBC2FFFFFFFFFF6EFFFFF2FFC1
527BB0FFFFD7FFA6FFDDFFFFC2FFFFF8
FFFFFFBDC37BFFFFFFFF75FFFFB4FFFF
FFFFFFAAFFB8FFFFFFFFFFFFDB9CFFFF
FFFFFFFFFF80D3FFFFDF94FFFF90ABFF
FFC5F6C6FFFFFFFFFFFFFF8AFFBEF1FF
8DD4FFFFFFFFC7FFFF8AFFFF9BFFC1FF
FF82FFFFFFFF97FFFFFFFF3DFF554734
FFD8FFFFFFFF8BFFFFFFFFFFF0FFBDFF
CD8A3CFFFF4FC6C1FFFFFFFFFFFF0000
FFFFFFDFFFF6CCFFFFFFFFFFFF72FFFF
FDFFFF3D19FFFF7AD6FFEFFFFFFFFFFF
FFFFD0FFFFFFD6FFFFFFFFFF5693FFFF
FFFFBBFFFFFFFFFFFFFF46299FA556FF
E1FFFFFF17FF75FFFFFFFF1EFFFFFFFF
FF92FFFFFFFFFFFFFFFFFFFFFF6CFFFF
FFFFFFFFFFFF22FFFFFFFFFFFFFFFFFF
FFFFFFCECAFF6FFF9F93FFFFFFA491FF
FFFFE7B223D7FFFFFFBCFFFFFF9DB88E
D988FFFFFFFFFFF0657DFFD4FFFFE7FF
FFFF67FFFFFF9F9E3495F6FFB6FFFFD4
9D71FF8F95FFFFE7FFFFFFFFFFFFFF7C
FFFFFFFFFFFFFFFFCDAFFF51B2BCFFFF
FFFFFF9BFFFFFFFFFFFFFFFF6BD2EA94
2BFFFFFFFFFFFFFFFFF8735629FFFFA9
FFFFE7E9D7FFFFFFADBD03FFFFFFB34B
FFFFFFFFFFADF3FFFFFFC299FFFFFF1B
FFFFE6FFFFFF83FF855A7B9594FFFFFF
BBF1FF3AFFFFFFFFFF6BFFE5DED41EFF
FFFFFFFFFFB6FFFFFFFFFFFFFF63FFFF
6DFF67FF82FF41FFB08EFFFFFFFF447F
FFDB54FFFFFFFFFF55FFA9FFFFFFFFD4
FF3FFFCEA4FFFFFF19FF98FFFFFFFFFF
F8DFF2FFC0FFFFFF23F3FFFFFFFF86FF
FF5BF5FFFFFFFFFFFFFFFFFFFFDFFFFF
FFFFC5FFFFFFFF97D7ABFFFFFFFFFFFF
FF96FAFFD7E3CB54B7FFFFFFFF91DFFF
B994A9CAFF9FA54CFFFFFFFFF5FFFFFF
60F0FFFFFFFFF4DDFFFFFFFFFFFFFFE8
FFFFFFFFFF68BBFFFFFFFFFFFFF47555
FFFFF7FFFFFFFFFFFFC3FF71FFBDECFF
FF43FFFFC9FFFFFFFF5598A6D9D90000
FFBCFFFFFFFFFFFFFFFFD5B1FAFFFFFF
FFFF78FFFFFFF0FFFF83FF69FFFFFFFF
F9FFFFFFF6FFFFFF6EB59EFFFFFFFFFF
FF76FFF37F90E4FFFFFFFFFFE5126EFF
FFFF3873FFFF90E2A7FFFFE7FFFFFFFF
3EFFFF7882FFFF51FFFFFFFFFFFFFFFF
F4FFF4FFFFFFFFFF99FFFFFFFFBBFFFF
FF8479E6BEFFFFFFEAFF9079FFFFFFAC
FFEEFFFF98FFFFA5FFFFFFFFFFFFFFFF
C756FFFFFFFF53D37F27FFFFFFFFF2B4
FFFFFFFFB6FFC7FFFF44B7FFFFFFFFAC
FFFFFFFFD5FFFFFFFFFFF8FFFFFFFFFF
FFFFFFFF44FFFFFFE087FFFFFFFFBDFF
FAFFFFFFDABFFFFFF6FFFF87FFCCFFFF
CCE7FC5DFFA0FF66FFFFCF8FD6B7FFFF
B6FF7D4CFFFFE1FFB65FA5368CFFFFFF
FFBEF5C8FFFF96FFC0FFFFFFFFFFFFDC
EBFFEEE5FFFFDBFFFFFFFFFFF3EAFFFF
52FFFBFFF1CCFFFFB4FFFFFFFFE642FF
FFFFFFFFFFFF95FFFFFFFFC4FF95FFF2
61FFC1FFECFFFFFFFFFFFFE2FFFFFFFF
FFD4CAEEFF44FFFFFFFFFFB3FFFFFAFF
FFFFFFFFFFFFFFFFFFFFFFF8DBFFEAFF
FFFF7CFFFF9792FFFFFF94ACFFFF84FF
89BFEAFFFFAAD673FFF0FFFFFFFFFF22
FFFFFFFFFFFFFFFFFFFFFFFFFFFFFFFF
FFB6FFFFFFFFB65052FFA8FFFFFFFFFF
FFC2FFFFFF3395FF75FFFF77EAFFFFFF
8DE3FBFFFF824672E3FFFFFF18FFCDFF
EAFFFFFFFFEA74DAB0B69594FFBED758
FFFF65E1FFFF3FAF5353BB86FFFFFFFF
FF9BFFFFFF80FFD346FFFFFF8FCE0000
9CCBFFFFFF48FEFFFFEBFF5FFFFFCDFF
FFFF7DFF67A9D4FFFFFFFFC1FFFFFFFF
FF3AFFFFFFBBFFFFFFFFFFFFFF3CFFFF
FF51FFFFFFFFFFFFFFFF699DFFFFFFD9
FFFF2AC7FFFFFFFFFFFFFFE4ABFFFFFF
969CCBC1FFFFFFFFFFFFFF936FFFFFFF
FF85FC83FFFFFFFFFFE895FFFFFFFFFF
9CFFFFFFFFD3FFDFFFFF7C77FFFFDFFF
D4CFFFFFFFFFFFFFFFFFFFFFFF98A6CF
FFFFA9CFFF7AE3199F84FFFFFFFFFFA1
FF41A0FFFFFFFFFFFFFFFCFFFF59FFFF
B7EEE9FFFFFFFFFFFFFFFFFFFFFF6CA2
FFFFFFFFFFA0FFFF89D9FF9319FFFFB6
FFFFFFDFC08920B2FFF7FFFFFFFF9EFF
FF1B84FFF2FFFFADFF9DA99BFFC1FFFF
FFFFFFFF74FFFFF53E376EDB5BF56FAD
EA30FFFFFF39FFFFFFFFBDFFFFFF8520
6A84A9CB2DFFFFFFFFFFFFFFFFB6FFFF
FFFFFFFFFFFFFFFF4F9496FF9E7FFFFF
FFFFB1FF913BA5FFFFFFFFFF36FF6CFF
DBFF32FFEAFF54FF56FFFFFFFFFFFFFF
FFB31CFFFFFFFF4CC3E3A6FFFFEFFFFF
FFDDFFFF2BFFFF52FF87FFFFFFFFFFA9
86FF4875A38B97FF94FF8CFFFFFFFFFF
FFFFFFFFFFFFFFFFC5FFFFF2FFFFFFFF
FFE881FFFFFF181BFFFFFFFFFFFF4FFF
C3FFFFD1FFFFFFFFFFFF68FFFF83FFFF
FFFFFFFF91FFC2FFFFFFFFFFFFFFFF82
FFFFD2FF759CCDFFC3EBFFFFA3D0BCBC
FFFFFFFFFFFFFF2FFF8FAAFFFF6DC2FF
FFDAFFFFC69AFFFFFFA187FFFFFFFF45
A2FFFFFFFFFFFFB4E2FFFFF4FFFF0000
FBFFA4B67A5DFFFFFFFFFFFFEDFFFFFF
D8FFFFFFFFEAFF91FFFFFFEEFFFFFFFF
AFFFFFFFFFB7FFCA42DBA7FFFFFFFFC8
B2FFFFFFFFFFFF67C0D2FFC9BCC8FFFF
FFC471FFA8FFFFFF31FFFFFFFFFF83FF
FFCC98FFFFFF6568FFFFFF5BFF5BFFD7
FEFFFFFFB9FF71FFFFFF4AFFFFFFFFFF
C3FFFF199A317CFFFFFFFFFFFFFFFFFF
FFD1FFC1FFFFFFFFFF90CEFFFFE1ABFF
FFFFFFEBCBFF48FFFFFFFFA94EFFFFFF
F884FFFFFFFFFFFFDD7EFFFFFFE9FFFF
FFFFFFD4FFFFFFF0FBC0FAFFB6FFFFEE
FF5CC956FFFFFFFFFFC8B2FFFFFFFF90
FFFFFFD67A6CFFFFFFFFFFFFFFC8FF71
FFFFFFFF97FFFF8FFFB4F4FF69FFFF0A
FFFFFFFFFFFF82FFFFCF64B8FFC7FFFF
FBFFFFFFFFFFFFFFFFFFFFFF5FFFFFFF
FFFFFFFFFFF3FFFFFFFFFFFF50FFFFFF
FFFFFFFF9DFFFFFF75905BECDE8DFFFF
FBFF4B9EFFFF78CEFFFDFFFFFF9AFFB1
FFFF81FFFFFFFFFFBBFFFF36FFFFFFE2
FFD8FFFFFFFFD5FFFFFFFFFF93FFFFF0
86FFFF6EEEFFDDDEEDFFFFD197BBFFFF
FFFFFFFFFF8DB8FFFFFFFFFFFFB2FF86
5EFFCEFFFFFFFF63FFCFFFFFFFA4FFBF
FFFFA956C2FFFFFFF6C6FFE95986FF5A
FFFFFFFFFFFFED7DAEB7CFFFFFFFFFCA
A4FFFFFFFFC2FDFFFFFF2CFFCAFFA6FF
FFEEFF81ACD960E4FFFFFF54FFFF54A4
FFFFFF79FF7754BFAFFF93FFFFFF959B
8265FFB8FF6CFF0DFFFFEBFFFFFFFF2B
C8D0B1FFFFFFFFFFA4FFFFFFFDFF0000
FFFFFFFFFFFFFFFFFFFFA1FFFFFFFFDD
FFFFFF56FFFFF8FFFFFFFFFFFF2DFEEC
E9FFFF8DFFFFFF74FFFFFFFCEBFFFFFF
FFFF6EC6A8FFFFFFFFBCD3FFFFFFFFFF
FFFFFFD783FFFFFFFFE0FFFFBA355AFF
FFB3FFFFFF3CFF6AE5FF74B6FFFFFFFF
4FD7E69AFFFF80EBC5FF77FFFFDFFF29
FFA363D4514CFFFF2AFFFFFFFFFFFFFF
FFFFFF35FFD5FFFFFFCBFFFFFF6EF9FF
99FFFFFF8CFFFFD8FFD3FFFFDBFFFFFF
FFFFD0F0FFFF7FECFFFFFF4AAFFFFFFF
FFFFFF6FFF6BD4FFFF37FFFFFFFFFFFF
E7DDABBC8FFFFFE3FFFF4BFF3CFFFF6A
FFFFEF5BFFFFFFFFEBFFFFFFFFDE65FF
C54FC8C2FFD9FF35FF32FFFF6BFFFFA8
FFFFFFC4FFF1A8FFFFFAFF9064FF74FF
FFFFFFE78EFFDAFFFFFF8BE4F4FFFFFF
4965C06FC3FFFF84FFFFFFA1AAFFFFFF
AFFF85C3FF80864FCBFFFFFFCB677BFF
FFFFFF6DFF58B159FFFFA1FFFFC4826A
FFFFFFFFE7FFFFFF8CFFFFFFFFFFFFC8
69FFFFFFFFFFFF8CFFFFE1FF5DD1FFE0
BDFFFFFFB8FFFFFFFF46FFFFFFFFFFFF
FF82FF87FFB9FFA1FFD8FFC3FF84FF9E
C2DAFF75FFFFFFFFFF82FF56FFFFFFF9
D9F9FFFFFFDFFF7FFFA0FFFFFFFFFFFF
A0FFFF66FEFFFFFF9E1DFF56AEFFE0B4
FFA9FFEBBCFAFFFFFFFFFFFFFFFFFFFF
FFF8FAABFF88FFFFCBE9FFFFD3FFFFFF
76FFFFFFFF6878B0FFA1FFFFA9FFFFFF
FF8DFF39FFA4FF6CFFFFFFFFFFFFFF71
64FFFFF2D2FFFFFFF8FF58FFE7FF0000
C8FFFFFFFFFFFFC990FFFFCEDAF89156
FF6AFFFFFFFFDD8EFFFFFFA3FFFFFFED
FFFFD7FFFFC1FFFFFFFFFF6F7E8BFFD3
D37CFF35B2FFFF90E7FFFFFFFFC936FF
A0FF27FFFFD4FF7BFF65F09FFFFFFFF7
ECFFCB5AB067FFFFFA49ECFFFFFFFFB9
4CC25CFFFFE5FFFFFFFFFFFFFFFFFFFF
FFF1927CFFFFFF61FFFFFF7CFFFFBFB3
E7FFFFFFB3FFFFF9FFFFFFE7FE45B9FF
FFFFFFFFFFFF3FFFFFFFACFFFF56FFE2
C2D5E7FFFFEDFFA3FFFFD7FFFFFFD7FF
5AFFFFFFFFFFFFFFFFFFFFDEEFFFC38C
C0FFFFFFFF7BFFFF28FFFCA593882D06
FFE8B6E2FF7FFFCEE1FFFFFFFFFFFFFF
FFFFD542FFFFFFFFFFFFFF89FFAEE1FF
28A6FFDCFFECFA433ED3FFFFFFDAFFFF
57E3FFEA6187FFFFFFFFBBE0D8FFFFFF
FFFF5BC7E1A7FFFFFFFF6BC89CFF9EE8
FFFFFFFFC179FF7DDFFFFFFF2A2CD1FF
FF96FFFFFF789EFFFFFFD5FFFFFFFFFF
FFFFFFFFFFFFFFFFF7FFFFF19DFFFFA0
69DAFFFFFFFFD1FFFFFFFFFFED6CFFFF
FFFFFFFFFFFFFFFF99DBE5EFFFB2FFFF
85FFFFB8FEFFFFFFBEFFAAE4FFFFFFFF
7FFFFFBCFFBEFFF6FF8FFF64FFFFFFFF
FFFFFFFF5BE5FFF2FFFFFFFFFFFFFFFF
FFFFFF85FF6AFFFFFD8B85EDFFFFFFFF
FF8A68FFFFFFC9DFFFFFFFFFE758FFFF
FFD0FFFFE5FFFF8CFFFFFFFFFFE3A5DF
FFFF8F64FF0FDDFFFF91FFFFA6FFFFFF
FFFF8EFFFF91FFE3FF3DFFFFFFFFFFFF
FF9D5C7965EDFFFFFFFFEACFFFFF0000
FFFFFFFFC9FF6DB9AD79FFFFFFA05DFF
FFFFFFD3E59FFFFF88FFA3FFFF8D87FF
FF9960FFFFFFFFFF8E50FFFFF7E7FFFF
FFFFFF40B9FFFF41FFEDC54BFFFFFF66
8EFAFFFFFFFFFFF86FFFFFFFB2D7DDFF
E7FFFFFFD2FFFFFFFFFFFFFFFFFFFFFF
D734FFFFFFFFFF19FFFFFDFFC08DFFFF
FF7BFFD2FFFFFF2AFFFF52D1ACFFFFFF
7FFF61FFFFFFC9FFFBFFFFFFFFFFFFFF
FFFF28FFFFFFFFFFA2A2FFB3FFFFFFFF
FFFFFFFFC1FFCAFFFFFF2DE0FFFFFF84
FFFFFFFFFFFFFFE3FFFF5EFFFF56E7FF
D0FFFFFFFF21DFABFFFFDFFFFFFF9AFF
FFFFC3FF99FFFFFFFFE9FFFFFFFFFFFF
FFFFC738FFFFFFFFFFFFFFFFFFFFFFFF
EBFFFFFFFFFFFFE3F077FF6CFFFFFFFF
A38BFF6EBDBD6AFFFFFFFF1674BE61FF
90FFFFFFFFFF8FFF63FFFFFFFFFFDA3F
B7FFBBADFFFFFFFFFFFFFFFFFFC6FFFF
FFFFE038AF37E0FF6CFFFFFFC463BEFF
F8FFFFD6FFFFFFFFFFFFFFFFFFFF9EE5
868F4AFFFFD5287AFFFFF4FF52FFFF79
FFA9FFFFFFFFFFA96AD33EFFB43F66FF
FFFFFFFFFFFFF9FFFFFFAF23F4FFDFFF
FFFFCDDAFFFFFFFF96FF66FFFFFFE178
FF53E9FFFF6529BBA6FF8AB58EFFC7FF
FFFFFFFFFFD2FF56FFA327FFFFFFFFFF
FF2DFFFF83FFFFFF67DD27DEEFE2FFFF
FFA3C9FFFFFFFFFFFFFFFFFFFFEFFFFF
FFFFFFFF0AFF2BFFFFFF34F2EB0EE2FF
FFFFFFFF9BFFFFE5FFBCFFFFFFFFFFFF
C494FFFF82FF7CFFFFFFFF78FFFF0000
FFFFFFFFFFFF2BF6C6FFF3FFBE0C3BFF
CDFF8E76FFFF45FFFBFFD99B42FFFFFF
FFB3B8FFC5FFDAFFD7FFAE68DCE78CFF
C6FFFFFF1F89FFFFEDFFFFCCFFFFF2FF
FF66CDC4C6E1FFFFFFFFFFD3FFFFFFFF
F9D0FFFFFF806AFFFFA0FF2BFFFFFFFF
4CD8FFFFFFB2FFFFFFFFFFFFDCFFFFE4
E7FFCAD2FD3AFFB6FF83A78DFFFF9960
FFFFFFFFFFFFFFFFEAC7FFBAFFFFFF9B
65F2C1FFA0FFFFF0FFFFFFFFFF2CFFF0
FFFFA0FFFFFFFFFFFFFF37FFB2FFFFA6
F1FFFFFFFFFFFFFFFFFDFFFFFFFF83FF
FFFFFFFFBFEE38C4FFFFFFFFFFFFCEFF
FFBFFFCDFFFF84FFFCFFFFF6FFFFB7FF
E9FFFFABFFFF73FF4FFFFF88FFB6FFFF
FFFFFFFFFFFFFF80FFB8FF88FFFFFF56
D5056BFFA1C153FFA5B297ED7575FF65
FFFFFFFFFFFFFFFFFFACC5FF91FFEEDC
F6DDFFD7FF69FFDBDFFFFFFF63FFE2BC
FFFFFFFFFFFFFFFFFFFFFFDBFFFFFFFF
83FFFFEFD3FFFF4F8199FF76FFFFFFFF
915EFF62ABFFFFFFFFFF6EECFFFFFF93
FF9AFFCBFF92AE7DBB5DB4FFFF76F1FF
FFFFFFFF8790FFC7FF3BFFF4FFCC91FF
FFFFFF23A0FF86FFFFB2C4FFFFFFFFFF
DAFFFFFFFFFFE3FF67FFFFFF78FFFFFF
FFDEFFC9B3FFFFFFFFFF9FFF31B4FFFF
7BAE60FFD2FF91F1F2D2EEEEFFFFFFE8
28E7FFFF706F93B4FFFFFFFF34FFFF2A
FF16FFFFFF65FFFFFFBAD3FFE0FFEF8C
FFFFFFFFFFFFFFFF7A12C7A1FFFFFAFF
FFEE2DFFFF5DFFFFFFFFB0FFFFFF0000
FFE2FFC8FFFFFF73FFDDFFFDA79744FF
FF62FFFFFFFFFFFF6BB3FFFFF6FFFFFF
23FFFFFFFFFFFFFFFFFFF7FFB96784BF
92FF67FCDFFFE9FF7BFFFFFFF9FF7883
EEFFFFFF52FFB5FFFFFFFFFFF730FFF0
FFFF81FFFFFFFFF6FFFFFFDBFFCB8AB8
FF70FFFFFFFFFFC0FFFFFFFFFFBBFFF0
CFFFFFFFFFFFFFF2FFF6FFFFFFFFFFFF
99FFA8CF94C167FFCAFFFFFF9327FFFF
FFFFFFFFA4FFFF53C8EEC086FFFFFFB9
FF4BFFFFFFFFFFFFF5F1A2FF55FF57FF
FFFFFFFFFFFFFFFFFFDFFFFFFFFFFFF9
FFFFD9FFFFFFFBFFFFFFFFB799FFFFBD
5BFFFFC8FF6DFFFFA2F1FFFFFFFFFF6F
FF96CA98FF1CFFFFFFFF6AFFFF5BFF86
9BFFFFFFFFA7DBFFDAD0FFFFFF90C2CA
6BC6C0FFFFFFECFF83D7FF53FFE860FF
FFC1FFFFFFFFFFFF958FFFFFFFE66071
798BC1FF73FFFFFFFFEAFFFFFFFF61FF
EFEA0FECFFFF5FFFFFFFFFA5FFFFFFF6
6715FFFFFFA3A8FF4FD7FFFFFFFFD6FF
26FFFFFFFFFFFFFFFFFFFF24FFB8E990
FFFFFF75FFFFA5FFEFB5FFFFFFC7FFFF
FFFFFFFFFFFFFFFFFFC4FFFFE1D418FF
FFC5FFFFFFFFF4D9FFFFFFFFFF3FFFFF
C21BFFFFFFFFA1FFD2FFFFFFFFFFFFFF
FFF8FFFFF2FFC4FFFFFFE9FFFFFFFFFF
B769E29E68FFFFFFF6FFFFFFFFFFFF71
BC5D9CFFFFFFFFE4EBFFCEFFC6FF600C
FFFFCBAE83FF6EFFFFDBFFFFE8F4FF66
FFFFFF67D181FFFFC7C1FF63FFFFFFFF
FFFFFFEBFFA0FFFFCCFFFFFFAEFF0000
FFFFFFFFFFFF42FFFFFFFFC2FFFFFF53
C5ACFFFFFFFFFFFFE3ECFF57FFFF20FF
D9FFAEFF9886BAF5FFFFFFFF52A58DEF
FF38FFFFFFFFFBFFFFFFFFC9FFFFFF7F
FFFFFFFFFFB7FFFF34FFFFFFA1AFBFFF
FFFF9166FFFFFFFFDCF1FFFFF7C38DB7
FDA0E3FFFFFFFF92FFFFFEFFFFE8FFCE
FFFFFFFFA6E7E5D53DFFFFFFFFFFFFDB
FFE8D0FFFFFFD4D1FFFFFFA4FFFFFFFF
6F94FFFFFFFF73C2CFA0FFFFFFFFFFFF
2FFF2BA491FFFFFFFFCEFFFFCEA899FF
B6B57FA2FFFFFFFFEDB7FF5CFFFF50FF
FFFFFFA2ACF5FFFF86FFFF8DE54AFFED
FFFFFFC2FFFFE6FFFFDBA5FFFFFFAABF
FFFFFFE1E3D5FF87B65ED3FFFFFFFFFF
6CFFFFFFFFFFCEFF7CA2FFFFFFFFFF5C
FFFF9DFFFF72FFFFFFFFFFFFE4B174FF
FFFFFFFFBFFFC6FFFFFFF4FFFFFFC2FF
DEE1A297EBBBFFFFFFFFEEFF38FFB7FF
FFFFFFFFFFFF89FF97B0FFDFB4FF57FF
FFFFFFFFFF1BFFFFFFFFFFC1FFB9FF87
FFFFFFBAFFFFFF5CFFFFFFD3E1DAE7FF
FFCAFFFFFFFF9EFF5CD9FFD11FFFFF32
FF48FFFFFFFF91FFFFFFD0C0FF83FFFF
E7FFFF9EFFFFFFFFD66EFFFFFFD127FF
FFF9F6FFFFFFFFFF947EA6D3FFFFFFFF
FFFFF5FFFFFFFFFFBDFFD8F2FFFFF0FF
A0D1FFFFCAFFDFFFFFFFF477FFFFFF3A
FFFFFFEDC0FFFFFFA8E7FFFFFF29FFFF
BE82FFFFFFFF7AFFFFFFFF04FFA5A390
B9FFFFD5FFFFFFFFFFC7F3FF5DFFFFA5
FF83FF5E9DDAFFD2DDFFF0FFD3FF0000
CADCEFFFFFFF67FFFFFF79FFFF80C7FF
FF59E9FFFFFAFFFFFFFFFFD0C5FFFFFF
7BFF5DFFFFFFFFFFFFFFFF94FFDDA4FF
47FF50FFFFFF69FFFFB1FFDFFF90FFB9
6099CAFFFFFFFFA7FFFF909ED4FF09FF
FFFF8036FFFFFFFFFFA398FFFF9FFFFF
FF81FFFFFFFFFFFFCEF6FFE6FFFFEBE0
78FFFF86FFFFFFFFFFFFCFFFB2FFFF6D
80FFEFFFFFFFFFFFFFFFFF9FFFB1FFFF
F6FFFFFFFFF8FFFFFFFFFFFFE1FFFFFF
ABEDFFFFFFFFFF2BFFA8D8FFFF7EF4FF
A4FFFFFF92BBBDFFFFFFFFFFFFFF62FF
D0FFFFFFFFFFFFFFFF7520F7DCFFFFFF
8DBBFFB2CDCF8AFF7B8339AAFF125FFF
5EFFFFFFFF7DFFFFEFABFFFFFFF2FFFF
FFFFFFFFFFA7EBB2FFD4D0E1FFFF32FF
FFBAFFF0FFB5FF2D38FFFFFFECFFFFFF
0CFF3AFF68FFFFFFFFFFFFFFFFFFFFAE
FFFFB3FFBFFFFFFFFFFFFFBFFF7CC3FF
FFFFBAFFFFFFFFFFDBFF88F4FFE7FFB1
FFFFFFFF53FFBFFFFFFFFFFFCFBA80FF
6BFFFFFF92FFFF99FFFF24FFD8B061FF
3EFFFFFFFFFFFFFFFFFFFFCBBEB8FFFF
FFFFFFFFF2FFFFB7FFFFFFFFAEFFFFFF
FFFFFFFF8BFFFFA6FFFFFFFFFFFFB9FF
A5FF9CFFFFFF4FFF5542FDFFFFFFFFD4
FFFFECFFFFB8FFFFFFFF45BDD6FFFFBF
70FAB0FFE1FFFFB4FFC788FFFFFFFFFF
A19CFF336DFFB4FFFFC9FFFF84FFA9FF
75BFF75EAEFFFFFF8AFFBAA0FF33B7FF
FFFF9FFFFFFFFFFFAEFFFFFFFFC38382
EEECFFFFFFFFFDFFFFFFFFFFFFFF0000
FFFFFFFFFDFFFFBAFFBF6AFFFFFFFFFF
FFE9FF9A95EEFFFFFFFF42ED7FD8FFB4
FFFF668579FFFFA5FFFFFFFFFFA1FFFF
81FFFF9BDFFFFFFEA7FFFFFFBBD3FFFF
FFFFFFFFFFB3FF7AFFFFFFFFB9FFFFEB
FFFFFFFFFFBA5BFFA8ECFFB8FF69FFFF
B8FFFFFFFFFFFFFFFFFF6CFFDFFFFF48
FF89FF35FFC2C9FFFFFFFFFFFFFF57FF
FFFFB73CFFFFFFFFFFFF55FFD3FFFFF7
FFFFFFFFFEC3FFFFFFD1FFFCFFFFFFFF
FFECC7C6E2E4FFFFFFFFFFFF3CF3FFFF
FFFFFFFFFFFF2AC4FFFFFF3C7A6DE3FF
41FFFFFFD4FFFFFFFF6FFAF9FFFFB7D1
8EFF68FF8AB597CAFFC38283FFFFC5FF
E6FFC9FFFFACFFFFA2FFFFFFFAFF89F5
47FFFFFFFFFFFFFFFFFFFFFFFFFFA0FF
FFFFFFFFE6FFFFFF7FC2FF96FFFF4AFF
FFFFFFFFFFFFFFFFFFFFFFB8FFD9A0FF
5768FF53FF97FEFFFFFFFFFF11FFFFFF
FF85FFFFF7FFFFFF7A49F3D0FFFFE1FF
FFFFFFFFFF25FFFFA2FDEDFFFFECFFFF
EC8DFFFFFFFFFFFFFFFF9DF97DCEFFFF
5AFFFFFF447B8FFFFFFFFFFFFFFFFFFF
D4FF43FF72FFFFFFFFFFFF86FFEFFFFF
63FFFFFFFF72FFFFFFFFFFCAFF6AAAFF
F3FF38AFFFFFFFC2FFFFFFE3547DEEDB
6DFFFFFF10FFFFEFFFC68BBAFDFF86FF
FFDDFFFF895F6DF5FFFFE69CFFFFFFCC
FFFFFFFFF9E0FFFFFFFFF2FFFFFF8DBA
FFFFFFFFFFFFFFFFE2C9E8FF99A0C3FF
FFD28F388FE61E78FFEAFFFFFFFFFF25
FFFFFFFFBC90FFFFFFAEFF4A75B70000
FFFFFF9D8CFFABFFFFFFEEFFFF5DFFB7
FF15FF84D2FFFFFFE8FFFFFFF875FF4C
88D58EFFFFFFFFD0FF5DFFFFFFFFC8DB
FFE45548FFFFFFFFFFFFFFFFE1FFE5BE
FF62FFFFFFD4FFFFFFFFFFC5FFFFF3CA
FFFFFFFFFBFFE0E6FFB0EB74FFE7FFFF
FFFFFFFFAFFFFFFFFFF3FFF9664FB7FF
ECBE9BFFFFFFFFFFFFFFFF3AFFA5FFFF
FFFFFFFF1867FF51FFFFFFFFE169AC3D
FFFFF6F7FFFFFFFFFFFFFFFFFF2DA68B
FFFFFFFFF2FFFFFFFFFFDEFF9EE3F8FF
4CFFFF97E9FFB999FFFFFF603FFFFFFF
FFFFFFC1858D989133A3FFFFFFFFFFDE
BDFF44A6B5FF5FFFFFECFFFFFFFFFFFF
2DFFFF8DFFFFFFFF3DFFFFFEFFFFDFBC
D2FFFF64FFBDFFFFFFFFD8FFFFFF6CC5
FFEBFFFFFFFF9FFFFFFFFFFFFFBEFFB4
C8D29EFFA2FF24FFFFF28EDDFFBCFFD5
FFFF80FFFF2D36FFFFFEFFC0FFFFFBFF
FFFBFFB099FFFF96FF3ADF7DFFFFDDFF
FFFFE3D0FFFFFF74B14EFF93FFFFF9FF
FFB9FFFFC6FFD29CFFEAE3953A7D6EFF
FFFF76FFFFFFFFFFEFD2FF55FFFFFFFF
FFF8EFFFFFD84FDCFFB6FFFFFFFFFFFF
5E42B3FFFFFFFFFFFFA7FFFF97FF29FF
D766FFFFFF5DFF39886CF9FFFFD1B895
C6FFFFFFC0FFFFFFFFFFFFCA5AB5FF5A
FFFFBA97FFF6FFFFFFB6FFFFFFFFC2FF
FF0AD1FFFFFFFFCBFFFFFFFFE7FFFFFF
E578BDFFFFFFEBEDFFFFFF9EFF5548E6
FF43FF8EBECDFFFF78FFFFFFFF1AFFFF
FFFF5C37AEFFAC9AC4FF48FFFF560000
FFFFFFFFFFFF9A6AC779FFFFFD50FF82
FFFFD169FFFFFFFFFFFFFFFFFFFFFF8B
B7FFFFFFFFFFFF83FFD9FFFFFFFF7AE6
FFFFFFE2FFFF2FFFDCFFFFFFBFFFFFD2
FFFFFFFFFFFFFFFFFF68FFFFFFEFFFEF
FFFF6F68BAFBFFFFFFFFB909FF68FFFF
ECFFFFFFFF9AFFFFFF657CFFA1FFFF92
AC4FFFFFFFFFFF7E2557FFFFFFFFFF9B
FFFFFFFFFFFFFFFFFFFFFFB745FF9AFB
FFFFFFFFFFFFFFFFFFFFFF82ADCDFF72
93FFFF9F29FFFFFFFFFF2BFFFFFFFDFE
FF96FFFFFFFFFFB1D7FFFFFFFFFFFFFF
FFC84BECFFFFFFFFD71FFFEEFFFFA995
FFFFFFB6B6FFFFFFE3FFFFFFF6FFC4EB
5787FFFF856FD6FF4EFFFFFFFF23FF61
9E62FFFFEFC4FFFFCEFFC2FFFFFFE4E8
FF89FFFFADFFFFF8FF40FFEEFF81FFAB
C9FFFFFFFFEAFF7ABE319BFFFFFFFF31
FFFFFFFFFFFFFFFFFFFFFF7573FFFFF9
FFFFFFFF8FFFFFFFFFFFFFFF5B07FFFF
FFFFFFFFFFBE96FFFF90FFFFFFDD36D0
FFFF70FFEBFFFFFFD3E488FFFFB7536A
F2FFFFFF7CFFFFFFFFFFD4FFFFFF8436
FFFFFF6AC4FF679885CFFFFFFFFFFFE6
FFFEC1FFD6F2FFFFFFF0FFFFFFEFBFFF
FF976472FFFFFFFFFFFFFFFF87FFFFFF
FFFF94FFA2A9856AFFFFE3387BE5FFFF
BECF264FFFFFFFF4FFFFFFFFFF418FFF
9EABFF7291FFFFFF14FFFFFF63AFFFFF
B3FFFFFFBDFFFFA9FF5BFFFFCE33FFFF
FFFFFFFFFFFF90E9FFFFFFFFFFFFFFFF
4ECDB0ACFFFFFFAAFFFFFFE1FFFF0000
FFFFFFB71AB8FFBD544FFF96C6A9FFD0
FFAC92FFFF22F8FF86FF97FF52A5B5C6
FFFDFFF37FFFB8FFFFFFFF71FFFF8BB0
F0FFFFFFFFFFFFFFFFFFFFFF5EA3FFFF
FFFBACC2FFFF0BFFFFFF0AD7FF5DFF73
58FFFFFFA2F7D1FFFFFFFFDED8D4FFFF
FFFFCBDB13FFFFFFFFC8FFFFFFFFBCE1
FFFFFFFFFFFFFFD4FFFFFFFFFFFFFFFF
7DFCECB9FFFF7BFFA0FFFFFFFF72FCF2
FAFFFFFF6FFFFFFFFF5AB3EEFFFFFFA3
FF97FF2183FFFFFFFFFFFF60A6FF63FF
CBFFFFFFFFC5FFD6FFFFFFFFFFFFFFFE
FFF9FFFFFFFFFFFFFFFFFFFFFF1DA5FF
FFE6FFFFF7FFFFFFFFFFD7FFFFFF8950
6AAFFFFFFFFFE6FFFFFFFFA9E9FFFFF5
96A1B2FFFFFFACFFA6FFF7FFFFFFFFFF
FF80FFFFFDD5FFFFFFFFFFFFFFD8FFFF
FFFF4FB4FFFFDC27B598FFFFACFFFF6D
FFFFFFF95DFFFFFFFFD5FFE6D8FFA5FF
F7FFFF7C7FC7FFF98893FFC9FF9CFFFF
DBA8FFFAAFFFFFFFFFFFFF56D7FFFFFF
E7FFD6DC517CFFFFFFC0FFD9FFC3FFFF
FFFFE94FA9EBFFFF55A292FFFFFFFFB5
FFFFFFFFA8E6DFFFC7C8FFFFD882FFFF
23FF5DFFBB5DFFE0BCFFFFFF689A6BFF
FFFFFFFFFFFFB2FFFFFFBDFF87FFFFFF
FFFFFFFFE3AA8B6691FFFFFF6BFFFF79
FF23B878FFFFFFFFFFA140FFFFFF5EFF
FF64FFFFFFF0FFFF7BFFFFFFFFFFFF5F
B5AF7FE9FFFF8EFFCC61DD7AFFFFFF4A
A8FFFFFFFFFFFFFFFFFFFFFFFFFFEAF1
9F3363FFFF94FFFFD438FFFFFEFF0000
31D0FF64FFFFFFFFFFFFFFFFBD91FFFF
A3FFFFFFB7FFFFFFFFFFFFFFFF5DCBFE
FFFFFFFFFFFFFF7F61FFFFFFFFFFE5B1
66FFD6ECFF33FFB6B8FF7A7366A1FFFF
FF34FFFF91538DEDD0FFFF6EFF14FFFF
C8FFFFFFFF8CFFFFC3BAB2FFFFFFFFFF
FFF58EFFFFC5FFC7FFD5FFFF329FFFFF
FF1DFFFFFFFFFFFFFF8DFFFFFFFFFFFF
DFFFFD9EFFDB2FFFFFFFFFFF0FFFBBF2
FFFFFBE1FF8AFFBEFFFFFFFFFFFF68A1
FFFFFFFFFFECFFFF1AEAFFFFFFFF44FF
FFFFE0FF2442FFFFA8FFFFFFFFCF94FF
FFFFFFFFFFFFFFF87FFF9DFFFFE5BCFF
FFFFC9FF78FFFFFFB9FAFFFFFFFFFFE2
FFB5FFFFFFFFFF84FFFFFFEBA7FFFFFF
911A82BCE0FFFFB845BBEBFFFF902EFF
FFFFFFB477C2DCFFF0FFFFA5FFFF84FF
07FFFFFFFFFFC3F3CFC7D5FFE1FF4EFF
FFFFFFFFFFFFFFFFC7FFFFFF88FFFFFF
FFE5FFFFFFFFFFE9E6F0FFFF84F1FFFF
FFFFEFA7ECF77E8796FFFFF3DEFFFFFF
FFB2FFFFFFFFFFDBFFEDFFFFFFFFFFFF
C86DFFFF01A7FFFFFFE065DDFFFFFFFF
FFFFF0ABDAFFFFFFFFFF238DFFC279FF
A5FFFFFFFFAF83FFFFFFFFFFD7D8FFFF
FFFFFFEFA3F7FFFFFFFFE1FF98FFFFFF
FFB67DFFFFEB61A3FF3EFFFFFF9FFFFF
F9D2F184FFFFFF81FF57AEFF485160FF
BAFFFFFFFFFFFFFFFFF6CDFFFFA6A2FF
325FFFFFFFFFD7FFFFFFFFFF9ECBFFFF
FFFFFF9AFFFBFFFFFFFFFFFFDCFFFF9D
FFFFFFFFFFFFFFFFFFFFE1FFFFFF0000
FFFFFF7EFFFFFFD2FFFFFFB7DBFFFFEA
F9D9FFFFFFFFFFFF43FFB7FFFF53FFFF
FFFFFF89F8EFFFFFFFE1FFFFFFFF95D9
FFFF84B0FFFFFFFFFFFFFFC1C7D1E4FF
FFA6F7FFFFFF9E8CE042FFD8FFD0C5FF
CEFFFFFF6BFFFFFFB3FFFF1CFFC1FFFF
FFFFFF89FFEFEF83E6FFBFFFD6FFFFFF
A3FFFFCB8CFFFFFFFFF4DEFFFFFFEFFF
E0FFA8FFFFFFFFFFFFFFFFCD6AFFD9FD
FFFFFFFFFFFFFFFFFFFFFFFFFFFFFFFF
FFFFFFA5FFFFFFFFC4FFFF6CFFFFD8FF
FFAD5FFFFFFFFFFF67FFFFFFFFFFFFFF
FF70FFFFFFFFFF54FF41E9AFFF55FFFB
FFFFFFFF94FFFFD1DFFFFFF5FFFFFF4C
FFFFE9FFFFFFFFA47F6FFFFBEAFFFFFF
6E143EFFBAFFFF8565FFFFFFFFFFFFFC
FFFFFFAB75F974FFB0FFFFE5FFFFFFFF
F9CA9FFFFFD290FFFFB58BD2CEFFFFFF
4E25FFFF8695FFFFFF7FFFC6FFFFFFFF
FFFFFFFFFF86FFFFFF47FFE98BFDFFFF
FFFFFEFFFFCFCEFFFFFF73FFFFFFFFFF
FFFFFFFFFFFFFFFFA5B9F6FFFFA4FF5A
FFFFF3FFFF02FFFFE7FFD1FFC9938B76
FFFFAA9040FFFFFFFF79BE79FFFFB9BB
F0FFFFD8FF9BFFFFFF76FF6F76CBFFFF
FFFFFFFFFFFFFFFFEED426FF6CFFFFFF
8AFFFFFFFFBBD8BCFFAEE5FF88FFFFFF
FFCCFDEBFFAEFF939CFFFFF7FFFF65FF
EFFFFFFF85D8FF7EFFFFFFFFFF725549
A2B8FFFFFFFF73B7FFFFF6FFFFFFE3FF
FFFFB0FFFFFFFFFFFFFFFFFFFF46BDA7
FFFFFFFFAEB6FFFFFFFFFFFFFFEE0000
FF4EBEACFFFFFFFFFFFFFFFFFFFFFFFF
FF58FFD4FFBFFFFFFFFFEAE9FFFFFFFF
A5FF80FF91FF2DFFFFFB90E3FF859DF5
C1EBFFFFFFFFFFFFFF7FFFFF58C9AE6E
879DFFFFC0FFF4FF7DFFFFFFFFFFFFE0
FFFFFFFFFFCFFFFFC7FFFFFFFFFFFF26
FFFFFFFFFF6466FFE6FFFFFFFFFFBACA
FFE8FDFFFFFDFFFFB6FFFFFFFFFF82FF
FF1EFFFFFFFFE3FFFFFFFFFFFFF9C4FF
FFFFFFFFFFCF3FF4AA8CFFFFFFB9F4FF
FFBDFF86FFFF7194FFE0FFAD45FFF2FF
FFA950FFFFFFFF8EFFFFFFFFFFFFEF39
E6A7FFFFFFFF88C2FFB68655FFFFFFFF
FFFFEF0FFFFFFFFF9AFFFFFFFFFF83FF
FF6BFFFFFFFF8AE5BDD8FF3DFFFFFF69
673F4AFF6AEFFFB877FFFFFFFFFFFFFF
FF7DFFFFFFFFFFFFFFFFDBFFFFFFBAA0
40FFE56161FFF2FF82FF3EA1FF71DF7D
F4FFFFFFFFFFFFFF35FFFFC8C473FFBC
FF9FFFFFFFFFFF97FFA38AFFBCFFFFFF
FFFFFF8EFFFFD3FFBA9CFFFFFF9FD0FF
D5FAFFFFFF3CFFA1B341E42780FFFFFF
FFFFFFECFFFFB0FFFFFFFF73FFFFBCF4
1AFFA43BFFFF9CFFFFFFFFD1B2202958
FFFFFFC2FFFFFFFFFFFFFFFFFFE0F9FF
FFCB9BFF6BFF728AFFF557FFFBFFDBFF
FFFFFFFFFFFFFDE2FFFFFFFFFFFFFFFF
FFFFFFFFBBE9B897FFFFFFFFFFFFB3FF
FF5CFF72FFFFFFFFFF57FFFFFFFFD8B6
FFFFBAFF92A1FFFFFFFFFFFFBBFFFFFF
FF82FFFF8692FFFFFFBEFFFFE0A297FF
FFFFFFFFA4FFFFE6FF57FFFFD2B00000
9EFEFFFFC4FFAAFFFFFFFFFFFFFFFFFF
FF5FFFFFFF75765296FFC8FFF6FFDECE
B2CCE5CBFFFF627BFFBAFFF122FFFF5D
FF4492CCFFFFFF8AFFE475FFFFFFFF9C
FFFFFFFFFFBFFFFF27FFF5FF70AEFFFF
6DFFFFFFFFFFFFFFFFF0FFFF8FFFFFFF
AAFFFFFF71FFFDFFFFFFA4FFFFFFFF30
FFF7C7E0FFFFC975FFFFFFC2B411FFFF
FFFFFFD8DDCAE1FFFFFFFFFFFFFFFF95
FFFFFFEAFFFFFFFF3CBECEFFFFFFFFFF
FFFFA5FFFFFFFF8FFFFF7C39FFFFFF8C
FF9A5CFFFFFF96FFFFFFFFC2FF76FFFF
FFFF95FFFFFFFFBCFF41E2FFFFFFFFFF
FFEEFFE158F1FFFFFFFFFF25F7FFFFE0
FFFFFFFFFFFFFFF7E820FFFF7AFFFFFF
8FFFEDFFFFFFFF6A47FFFFFFFFFFFFFF
FFD57BFF98B98BFFFFFFFFFFFFFF9EDF
FFFF6DFF6EFFFFFFFF7DD0F3FFFFFFFF
FF44FFFF8CFFFFE5FFFFFFFFFF62F5FF
A1FFFF01FFD4FFFF7BEBFFFF45FFFF5A
FFFFFFFFFFFFFFF6FFFFFFFFFF8C6FFF
E8FFFFE5A6FFFFCAFFFFFFFF1E815BFF
FFFFFFFFCFFFFFFFBCD5FFFFFFFFFFFF
FFFCFFFFFFA8FFFF7BAEFF83FF7B8D7A
A2E945FF94FFFFFFFFFFFFFFFFF8FF78
FFFFD5FFFFFFFF6DFFFFFFFFFFFFFFFF
FF5EFFC3FF82868AFFFFFFEBFFC1FFFF
FFFFFFFFFFFFFF20FF5BFFFFFFFFFF9A
DCFFFFFF2A8DFFFFFFFFFFB2FFF8FFFF
FFFFFFFFFFFFFF95FFFFFFFFFFF24F54
FFFFFFFFFFFF7DFF5AFFFFFFD8BEA4FF
FF4A74FFFFFFE3B9FFFFFFF52BFF0000
D721FFFF7DFF19FF43FFFFFFFF8713FF
FFFFFFF831538CD0C7FFFFFFFFFFFF2B
FFD2FFFFF1FFFFFFFFFFFFF0A4FBFFED
15FF6B96FFFFCB8CFFFFE08D99FF97FF
DAFFF3A8E4B95CDAEBFFFFFFFFFBFFFF
FF60FFFFFFC0A1FFCAFFFFFFFFF3FFFF
AAFFF1C5FFB5FFE99FFF5FFFFFFFFFFF
FFFFFFFFFFFFFFFFFFFFCC7CFFFFD6FF
FFFFFFFFFF4D53FF54426467FFFFFFEB
FFFFFFFFFFFFFF51ED50FF952FFFFFE1
FFFFB5FFFFFFFF1D9EFFFFFEFF4DFFFF
FFFFFFFEFFFFFFF694FF9F60E1FFA650
FFFFFFFFB6FFFFFFFFFFFFFF9FA9FFFF
C1FFFF7183FFFFBAFFB4A9FFFFFFFFFF
FF94FFFFFFFFC5FFECFFFFFFFFFFFFFF
B9F7E6FFFFBDFFFFFF90FFC5FFFFFFFF
DEFFB8FFFFAFFFBEFF22B2BCFFFFDFBE
FF7BFFFFFFFFB2FF82FFFFFFFFFFFFDA
FF6EFFFFFFFFFFFFFF42FFFFA293FF4C
FFFFFFFFDFDAFFF697FFFFFFEDFFFFFF
FFFFFFFFFFFFFFDBFFBCF5DDFF63FFE9
D2FFFFFFFFFFFF90FFFFFFFFC4FFA762
FFFF7CFF7FF0FF84FFFFFFFFFFFFFFFF
FFC0FFACFFFFFF5883A0FFB1CAF6EEFF
FFD0FFAFFFFFFFAC7FFFFFFFFFFFDBFF
FFCCFFFFCBFFFFFFFFEEFFF5FFFFFF8B
FFFFFF88FFE8A7FF8CFFFFFFFFFFFF63
FFE8FFFF6CFFFFFFFFDBFFA0FBFFD4DC
FFFFFFFFC8FFFFFFFFFFFFFF8DFFFFE5
FAFF3EB0736AFF44FF80FFFFFFFFFFDD
FF97FFFFFFFFFF8DFFFFFFFFA78A3DFF
F2FFACC0FF99FFFFFFD7FFFFFFD20000
FFFFE47280FF3CFFFFBF42FFFFFFFFFF
FFFFD8FF87BBF6FFFFFFFFC7A6FFFFFF
FFFFFFFFFFF8FFFFF5FFFF2BE99AA353
FF9B71C2FFFFDE19FFFF6DFFFFFF6AFF
E6FFFF9EFFFFFFEAFFFFFFBFFDFF8592
40E9FACD90FFFFFFFFFF82FFFFFFFFFF
FFFFAA89FFFFFFCDFF18FFEBFFFFFFFF
FFEE23FF95FFFFFFFFFFB9FFFFFFFFFF
F7FFFF7BFFFFFFFFCADDFFD3CDFFFF56
E8FFFFD4FFFFA85EEAFFC8797CB8FFFF
68FCFF6BFFB7FF6994FFFFFFFF7CFFFF
DCFFFFFFFFFFFFFFFFFFB2C2FFFFFFFB
FFFF87FFEAF70DFFFF9DFFFF335FFFD1
FFFFFF8E4357FF27FFFFFFFFFFFFBDFF
FFFFBFFFFF8BFF1FC180C6B8FFFFFFFF
FFFFFF78FF8AFFB8FFFFFFFFFFFFA8FF
36FFFFFFFFF7FFFFFFFFFFFFFFFFD120
FFFFB2FFD93438FFFF76CDFFFF94FFFF
DFFFFFFFFFA3FFFFFFFFFF665AFEFFB1
FFFFE8FFFF8EFF64BAE3FFFFFFFFFFFF
FFFFFF6EFFFFFFFFFFB5FF79FFFFFFFF
AA9D9EFFFFA6FFFFFF27FFF9FFFF89FF
BA80FFEFE5DBFFD1FFFFFFBCFFFDFFFF
FFFFFFFFFFFFB8C178DAFF62DEFFFF61
FF56FFFFFF65F773FFFFA6FFFFFFFFFF
9AFDFFFFFFFFFF9DEEFFFFE5FFFFFFFF
F9BBFFD1FFF6FFFFFF9AFFFFFFFFFFDA
FFFFFFFFFFFFC6CFFFFFFFFFFFFFFFFF
6EFFBAC7FFFFFFE6FF86EA5AFFFFFFFF
80F3FFFFE6766ACEFFCDFFCE3FBCFFFF
FF58ADFFFD8CFF589EC639FF5AB8FFA1
FEAC7FFFFFC0FFDBB3E1AEFFFFF70000
FFFFFFFF36DFFFFF6CFFFF97FFFF8DFF
FF7291FF7F8F28FFFFFFBEFFD6FFCAFF
C2FFFFD5FFA87FFFFF30C5FFF8FFFFE4
FFAAFFF3BEC9DF3089645F9081FFFFFF
2377A5FFFFFF59FFFFFF50F35D37BEFF
FFFFFF6CC4FFFFFFFFF26CFF55FFFFFF
6DFF6AFFFFFFFFB4FFFFD1FFFF3FFFFF
D8FFFFFFF1FFFFFFFFFFFFFF44CADDFF
FFFFEAFFFF82FFFFFFA8FFFF70FFFFA5
95FFDF75735BA1B47BFFFFFFFFFFAFD2
C77BB7FCFFFFFFFFBAFFFF8FFFFFFFFF
FBFF97FFFFF8D6FF3EFFFFFFFFFFFFFF
FFFFC0FFFFB9FFFFFFE6FF8898EFFFFF
FFFFFCFFD78DFFB9FF16FFEFFFFFABFF
FFB4C4FFFFD3FF6CC6FFADB8BAFFFFFF
FFFF9DFFFCFF8BFFEDAAFFE0FFFFFFFF
94D563FFB5FFFFB7FFFFB8C59F98E7FF
FFFFFFFFFFFFFFF8FFFFFFFFFFFFFFFF
FFFF6831B2FFFFFFFFCDFFEDC0F1FF82
FFFFFFFFFFFFFFFFFFFFFFFF37D9FFFF
FFA2FFFFFFFFFFFFFFFFFFDAFFFFFF63
8F83DB9CFFFFFFFFDDFFFA80F9FFFFFF
D9A2FF72FFD9FFACFFD5FFFFFFFCFFFF
FFFFFFC9E7FFF4FFFFFFFFB2FF39FFFF
A9F5FFFFFFFFFFFFFFFFFFFFF6FFFFFF
FFF3FFFFFFFFFFFFCDFFA235F7FFFBFF
FFBEFFFFFFFFFFFFFFFFFFFFFFFFFFA0
FFFFEDFFCEFFFFFFFFFFFFFFFFFFFFFF
FF4CDAFFFFFFE96DFFFFFFFFBCFF76FF
A126FFFFEFD2FFE732FFFFFFFFFDE5FC
FFFFFFFF9EFFFFFFADFFFFFFC0DFFFD1
FFE6FFFFFF71FFFFF6FFFFFFFF8D0000
FF8BCFFF24FF95FFFF4F28FFFFFFFFFF
D4FF75A5FFEF73FFFF7BFCFFFFFFD8FF
33E5FFFFFFFFE5FF76BEFF74FF90B3FF
FFFFCF7FFFF1FFF6FFFFFFFFFFFFE3FF
127768FFFFFFFF4FC6BFFFC2FFFFFFD1
FFFFF85ABAFFFFFFFFFFFFADFFFFFFFB
FFFF0EA1FF4EF3FEFFE3FF9D14BEBBFF
935AFFFFFFB9FFCFFF6A7DFFFFFFBEFF
7EFFF6F4FFFFFF327B9652D1FFFFDC6B
FFC4FFAC5E594AD6FFF729CCFFFFC8FF
BCEDFFFFFFFFFFFFFFFFFFFF51FFFFFF
F97EFFFFB9FFFFA8C9FFED50FFB1FFFF
3E3BF3E2FFFFF65FACFFFFFFFFF8B0FF
FFFFFFFF71C8FF3AFFE6FFFFFFD2FFEA
EEFFFFFFFFFFFF856FFFFDFFDEFFFFFF
5492FEFFFFFFFFFFFFFFFFFFFDFF9C86
FFFF91FFFFFFFF63FFFFFFFFFFE1CCFF
EDFFEFFBFFF2DC99FFFFD7FFFFFFADFF
F1736EBADBB9FFFFFF68944FCD99FFFF
1AFFFF6FFFAA97FFE2FFFFFFFFFF3556
EEFFFFFFFFFF2AFFFFE36E9769FFFFFF
B27D5EFFFFFF8DFFFFCDFFABFFFFFFFF
FFA2ECFFB8FFFFFFF3FFCCFFAFFFFFC1
FFFFFF90B592FFE4CC8AC6FFFFFFFFFF
FFFFFFFDF6FF70FFB86A91734FFFFFFF
FFC1FFFFFFFFA2FF8AF6C7FFFFFDFFFF
FFFF62FFB3EAFFFFD4FFDAFF06B78547
FFFFFFFFFFFFFFA2FFFFFF76FFFFCFFF
FFFFFFFFFEFFFFFF6AFF8AFFFFFFFF6F
249EFFFFFFFFFFC48AFFFFFFFFFFFFFF
2AFFFFA8FF4E80ACFFFFFFFFFFFFFF48
FF63FFACFFFFFFFFFFFFFFFFFF3D0000
FF31FFFFFFF4FFC7ADFFFF428392FFD3
FFDDFFFFFF9FC9FFFFFFFFFFFF57E88D
FFFFFF5BFFFFFFFFFFFF77C7FFFFFF31
FFFFDFFFD85E69D2FFEFFFD1FFFFFFFF
83FF77FFC8FF99FF78ADFF20E7E9FFFF
FFFFEEB0FFFFFFFFFFFFECFF4F6DCBDB
FFAABAFFFFAEFFFF72FFFFFFFFCEBC73
F461FFFF36D17589FFFFFF26FFFFFFFF
FF31FFC3FF83865E8FE4FFFFFF42FFFF
A376FC806EB2E518FFFFFFFFFFFFFFFF
FF89FFFF3523FFFFB0FFE5AAFFC6FF33
FFFFFF82FFFF8EFFFFFFFFFFFFFFFFFF
FFFFFFFFFFFFFF9C7AFFC6FFFFFFDB8C
FFFF6189487EA5FFC6FFFFFFFF70FFFF
FFFFFFFFFFFFFFFFFFFFFE1FFFFFFFFF
FF9FFFFFDEFFFFEDD1FFFFFFEBFFAEF0
FF41FFFFFF73FFFFFFFFA2ABD5FFFFC2
C1FFFFFFFFFFFFFFFF8DFFFF24FFFFFF
C6FFFFFFFFFFF6FFFFFFFFFFB8FC7F90
FFFFFFFFFFA9FFFFFFFFFFFFFFFFFFFF
FFFFFFFFD8FFFFFFFFFFFFFFFFFFFFFF
FFFFCAB3CEFFFFE60BEEFFA1FFFFF054
FFD3FFFFFFEEFFFF1DFFFFFFD9D7CADA
FF848BB6FFE0FFFFFFCEFFFFFFFFE7FF
FF9775FF82D4E1EEFBFFDFFFFFFFACFF
FFFFFFD756FFD5CBA2AAE2FFFFC6FF2A
FF5EFFFFFFFFFFFFFFFFFFFFFFCAB0AF
FFFFFFFFFFB3FFFFFFD9FFFFFFA8B0FB
DFFFFFFFFFFFFFFFFFCBEFFF84FFFFFF
52678AFFDEFFCCCCB99AFF64FFAD58FF
FFFFFFFFFFA0BAFFFF72857FFFFFFF61
FFBAFFFFFFFFA1FFDBFF93FFFFFB0000
FFA2FFFFFFFFFFA2FF3160FFFFFFFFFF
EDFFFFFFFFE0FFFF5AFF71FFFFC3FFFF
FFFF6FFFFFC8FFFFB0FF89FFFF8BFFA1
FFDCFF9EAAAFFFFFFFFFD4FFFF1CFCEB
C7FFFFFFFFFFFF90C5FFFFFF56FFFFFF
FFFFFFFFFFFFBCFFC6FFFFFFFFFFFFE3
FFFFFFFFFFFFB1FFFFFFF8FF5DFFFFFF
FFFFFFFFFFFFFFFFFF9BFFFFFFB122FF
FFFFFF9AE39C835883CDFFFFB6FFFFFF
FFFFECFFE8FF2DFFBB80FF6DFF59D479
EFFFFFFFC7A1B4FFFFFFFFF5FFFFFFFF
A0A2FFFFFDF2E5FFC4FFFFC1BFC0FFF7
FFFFFFFF9EFFFF1DBDFFEDFF98FFFFFF
FFF340159BFFFFFFFFFFFFFFFFFFFFAF
FFFFFFFFFF57FFFFB0FFFFFFFFFF12FF
F75B3CA8FFFFAEACFFFFFFFCFFFFFF13
8DFFFF34EEFFFF93FFFFFFFFFFFFFEFF
FFFFFF87FFFFFFFFAEFFFF45FFFFDFFF
FF41FF84EAA4FFFFFFFFFFFF297CFFFF
FFFFFFCAFFFFFF54F8BC18FFFFFFFFFF
FFFFFFFFFF92FFFFFFFFFFF43EFCFFF6
FFFFFFB9FFBEFFB1FF5D96FFB5B2FFFF
FFFFFFFFFFFFFFFFFFE0FFFFFF916747
FFFFFFE033E0FF60E0FF2DFFCCFFD3FF
FFFFFFFF6E4BBBFFFFFFFF907CFFFFFF
FFFFFFFFA4FFFFD6C8FFF5FFFFFFFFFF
FFFFFFDD8AFF8760FFB8FFFFFFFFFF69
FFFFFFFFFFFF6A32FFFFFFFFFFFF71FF
FFD0FF9EFFFFFF3DFFB5FF7DFFFFFF85
8C75A4FFFF98FF6C88E8FFFEFFFFFFFF
FFFFFFFFFFFFFFFF62FFFFFFB3FFADC9
EFFFFFFFFFFF88FFFFFF88FFA0F70000
A3FFE1FFFFFFFFFFFFE15ABDDEFFFFFF
A3FFFFFFFFFF82FF57FF798AA1BCF4FF
FFFFFF9699FFFFCF9D8CFFFFFFFFFFFF
FFFF35FFFFF2FF65FFFFFFFFC2FFFFFC
3775FFFFFFFFFFF249FFFFA4FFFFDEFF
F8ABE6F2FFFFFFFFFFFFFFFFFFFFFFDC
FFFF76ADFFFFFFFFFF9045FFE9FFFFFF
40FFE2FFFFFF9F84FFFFD155FFCD93FF
C4FFFF70A625FFFFFFFFFFFFFFA9FFA4
75FFFFFFFFFFF2E8FFFFFF8DFF6CFFFF
D5ADFFFFFFFFC4FFFFB0FFFFFFFFBDFF
ABFFFFFFFFFF8FFFFFFFFFFF3E4DFFE4
FFFFAF2DC0FFFFFFFFFF5FFFFF86FFFF
FFFFFFFF9A894EFFFF8AFFC6B3AEFFFF
FF5CFFFFFF96FFFFFFFFFFFF7DFFFFFF
ADE9FFFFFFFFFFFFFF70FFFF3D9DFFFF
FFFFBFFFFF39FFFFFFE7C8FFFFFFFFFF
FBFFFF7EA4FFE0C6FFFFCEFFFFFFFF63
FF93FFFFFFFFFFFFBE8EFFFFD252FEFA
77FFFFFFFF6BFFFFFFFFF4FFE9FFFF5E
FFFFFFFF8C9DFFFFFFFFFFC04B74C7FF
FFFFFFFF94FFFF6EFFFFFFF6B0FFEBFF
C8FFFFFFC8FFE2FFFFF9FFFFFFFFAC65
BDFFFFFFFFFFC357FFFFFFFFFF5DFFFF
FF3DFFFF61B4EDFFFFFFFFFFFFE7FF6B
FFCEFFFFFFFFA05EFF19FF15F54641FF
FFFF59FFFFFFFFFFFFFFFFFFFF7BC7FF
A1FFD4CAC9FFFF9EAEFFB6FFFFF1FFFF
FFFFFFC6FFC1BCFFFFACFFFF582F78C8
FFFFFFACFFA58FFFFFACFFFFFFFFB836
BBFFFFFFFFFF7196FFFFFFFFFFFFA9FF
FFCCFFFFFFFFB6FFFF4AFFA6FFFF0000
FFFFFFDBFFFFB1BDD1DA7ADBFFFFFFFF
F1FFB5FFFFFFFFFF96FFF096B5FFFFE6
FFFFFFFFE8FF9AFFFFFFFFFFFFFFFFFF
FDFF89FFFF187CF9B5FFFFFFFF85A0FF
AFD2D7FFFFFFFF9CFFD7FFFFACFFFFFF
FFFFFFFFFFFFFFB3B8FFFFFFFFFF8F87
FFFFDAFFFFFFA4FFFFA023FFFFFFAEFF
FFFFFFC7FFFFFFDAFFFFFFFFFFFF3D20
FFFFFFFF9AB3E2CEBD4DFFFFA2FFFF7D
FFFFFFFFABFFCAFFFFFFFFFF704AB9FF
EDFFFFF19DFF9E9E539BFF3DFFFFA1FF
FFFFFFFFFFFF89FFE0DABDFFFF1AFF85
FFFFFFBCFF45EDFFFFFFFFFF41FEF9FF
FF2CFFFF95FF9CFFFFFDFFBB1FFFF3FF
DFFF8FFF8EFFFFFF9AFFFF61DDFFFF3A
F8FFCAFF2EFF94FF23FFFFFFFFFFBBF6
ACFFC0FF8EAF7479FFB8FFFFFFFF72FF
C4FBA052B8FFC6D7DE4AF3F3FFFFFFFF
FFFFFFFFFFFFFFEDFFFFFFFFFF7E8B98
FFFFFFFFFFFFFFFFFF96FFFFFFE2FFFF
FFFFFFE7B26CFF90FF5FD5FFCBFF7EFF
FFFFFFFFF7FF9480FFFFA2FF5916FFFF
FFFF73CE9DFFFFFFAFFFE1FFFF62FF72
86445BFFE2FFFFCBFFD77CFFFFFFB9FF
FFFFFFF9516BFFFFFFE66DF8FFBBFFA5
FF54FFFFE7FFFFBEFFFF84C3FF79CEE7
FFFFFFFFFFFCFFFFF3FF29FFFFFFFFFF
A3D37794FF9CFFFFFF12FF72FFFFFFFF
FFFFFFFFFFFFA3B2FF6EC0EDFFFFD0FF
FFD7FFFF55D1F73DFF6DDBFFFFFFFFC6
FFFFFFFFDCD8589494FF7DFFFFB6FFFF
80CFFFFF8EDEFFFFC0A1F49551FF0000
ABFFC5FFFFFF53FFFF8E61845AFFFFFF
FFFFFFECFFB2FF9BFFFFCFA8C6FFFFFF
E6C04C643BE0FFADFFFFB6FFFFD6FFD6
FFFFFFFFFFFFD7FFD1FFFFFF5DFFFFFF
C2FFFFFFFFD6FFFF4D93FF9EFFC5E2FF
FFB6F5D94CFFF46AFFFFFF69FF91FF53
FFFFF661FFFFDDFFA47786FFFF68BCFF
FFFFFFFFFF3CFFFFFF84FFC0FF7DFFFF
20FFA263BD53FFFFFFBE5B2BFFFFFFFF
8D8C75FFFFF0D3FFAB85FFDEE8D5EFD7
FFFFFFFFFF33FFFFDEFFFF31FFFF82DD
C4FFFF2CFFFFFFB2ADFFFFFFFFFCFFAB
FFF8FFFFFFF9FFFFFFFF73349A60FF8E
82FFFFFFFFFFFFE0FFFFFFFF5ACBFF4F
AA26FFFFFFFFFFFFFF2461FFFFFF13FF
FFD0FF7AFFFFFFF1FFFFE5FFFFFFFFD2
FFFFFFAEFF7BF8FFA8FFFF5DFFFFF7C7
CB8654E2FFFFFFFFF3E1B0FFFFFFFFFF
FFFFCCFF77CAFFFF49FFBCFFFF99FFFF
FF6FFFFFFFFFFFFFFF5DFFFFB4FFFFFF
FFFF56FFC0B1FFB4FFFFFFFFFFFFFF59
26FFFFFF93FFFFE68CFFFFB9FFBAFFE5
A3FFFFFFFFEBE3FFFFFFFFA3FFFFFFFF
B7FFFFFFFFFF57FFFFFFFFFFDEE9FFFF
DEFFFFFFFFC5FFD0FF2E829BD5FFFFFF
EC7590FFFFA2FBF1D5FFFFFFFF6ADB64
FFFFFFB6FFA3FFFF72A3FFFFFFD4FFFF
FF7F80B620FFFFFFFFFF69FFFFFFFFFF
FFF2FFFFFFDEFFFFFFFF3F7DE880A6FF
FF57AECDFFFFC2FFFFC6F540FFFFFF3F
FFFFFFFCFFFFFF6C5FFFFFFFB5D1FF92
8088FFFFFFFFFFF8FFFFB81DFFFF0000
FF80FFFFFFFFFFFFFFFFFFFFFF9E34FF
77AA6FFFFF6DFFFFFFFEFFFF8CFFE9FF
FF1EB6FFA67BFF87CCFF36FFCBFFFF4E
3EFFFFE2FF87FFE1B5FFFFFFFF8928FF
AAFF5F9EFFFF99C5FFFFE7FFFFFFFFFF
FFFBD8FFFFFFCAA9C7F880F5FFFFDC44
94FFD3D6EEFF4EFF5AFF67FF05FFFFFF
FFB3DFFFFFFFA8FFFF96FFFAFF69CEFF
FFFFFFFFFFFFA8BFFFB094B1FFFFFFFF
B950A4FFFFD0FFA5FFEEFFFFD4FFF6E2
F50AFFFF98FF73FFFFFFFFFFFFFFFFFF
FFFFFFFFFFD8FFFF91FFFFFFFFFFFFFF
E150FFFFFFFFFF67FFFFFF91BCCB23FF
6684FFFFA45FFFFFFFFF98FFA6FFFF96
41D0FFFFFFFFFF11FFFFFFFFFFFF71FF
EAC98BFF08FFFFFFFFFFFF97FFFF647A
B3A6FFDBFFF8FFBBD1C0FFFFFFFFEA9E
FFFFFFFFB9FFA7FFD722FFFFFFFFFFFF
FFA9FFFFFFA0AEFFFFFFFF547C7FFFFF
B7FFFFFFFF89FF26FF3D6240FFFFFFFF
FFA8A0C9FFFFF89BFFA9BA68FFFFFFEE
2CFFFFFFA6FFFFFFFFFFFFBBFFFFFFEB
FFFFFF47EA37CEFFFF8AFFDD7DA9FFFF
AEF8EDFFFFFFFFFFFFFFFFFFFFEDDDFF
FFFFC4A7FFFFFFB2F8FFBCF3FFFFFFFF
83FFFFFF4AFFFFFFFFFFF470E08B21FF
FFFFAF5FFFC9FF9B3DB06AFFFFFFFF68
36FF148CFFFFFFFFFFFF94FFFFFFFF62
FFFF97E4FFFFEF7CFFFFFFFFFFFFFCFF
FFF9B6FFFFFF4AFFBD42FFFFFF4C1EAF
FFFFFFCB43FFFFFFFFC6F8FFFFFFFFFF
FFFFFFFFFFFFFFFFFFFFFF86FFFF0000
B8FFFFFFFFFFAFB4FFFFFFFFFFFFFFFF
5FD0FFFFFFD7FF2BFFFFE3A6FFAAFFFF
FFE2FFFFFFDEFFA6CAA3FFFFFFFFFF79
FFFFFFFFFFFFFFFFFFFFFFFFFFFFFFFF
C7FFCDFFFF62BE44FFFF80FFEAFFFF99
FFFF1CA64BFFEEFFFFE2FFFFFFFF7866
FFFFFFC1FFFFC4FFFFFFFFC67AFFFF96
B60AFFFFFFFFFFFFFFF858FFFFFFFFFF
EEFFFFFFFFEDFF81FF9CECFF22FFFFFF
D08EC952FFFF70FFFF76FFFFFF81FF90
FFFFFFACDFFFFFFFFFFFCBFF7AFFFFFF
FF4DEF6BFFFFFFFFB2FFFFFF53B697FF
FFFFFFFFFFBDA8FFE389FFFFD5FFFFD2
FFFFFFFFFFE6FFFF80FFFF43D9FFFFE1
FFFFFFFFFF6FFFFB65A6E3FF37FFFFFF
46A725FFA1FFFFFFFFFF9D1DFFFFFFFF
FF7DBDC1BBFFFFFF9D8CFFF2FFFFFFFF
BFFFFFD832D4FF243CDAFFFF499026FF
FFFFFFFF70FFCFFFFCFFFF9A78AD9AFF
FFFFFFFFFFFFFFFFFFD4FFFF90FFFFFF
F88CAFFFFFFF4D44FF2DFFFFFFFFFF5A
ECFFFFFFE1FFEEFFFFFFFFFFFFFF65FF
7BFFFFF7ED4D0D5859DEFFFFFFFFFFF4
A4631FFFFFF3FFFFFFFFFFA3FFFFFFFF
FF4AFF1AC399FFFFFF92FFFFC614FFFF
FFFFFFFFFFF8FFFFFFFFFFFFFF92B17A
CDFF7FFFFFFFFFFFFFA1FFFFFFFFFFFF
FF6EFFFF30FFFFFFFF2B4AABE9FFFFFF
FFC7FF86FFFF65FFFFFFFFFFD8FFFFFF
FFFFFFFF80FFFF56FFFFFFFFFFFF7BFF
FF86FFFFE2FFFF8EFFE9C1D990FFFDFF
FFFF766AFFFFFFFFFFFFFFFFD2FF0000
FFFFFFFFFFCFE2FFFFB1FFFFFF4AFFFF
98FFC5B49345FFFFE8FFFFFDFFD3FF37
FF5CFFFFDDFFFFFFFFFFFFFE84ABFFFF
54FFABFFFFFFFFFF91A8B242FFFEFFCB
FFFFFFFFFBFF9DFFFFFFB0FFFFFFFF34
FFFFFFFFFFECF5FFFFFFFF4BFFFF3EE3
52FFFFFFFFFF70FFFF6BFFD71AFFFFFF
FFFF7FFFFF93FFD95DE6FFFFFFFFFF3D
DEFFFFFFB237FFFFF9F0FFFFFFFFFFFF
FFFFFFFFFFC523CEFF49FFFFFFC6FFFF
EBFFEDFF5723FFD1FFFFBFFFFFFFFFFF
FFC9FF48FFA4FFFFFFFFB1FFA0778DFF
FFFFCDFFFFFFFFBDFF9E35FFFFFFB6FF
FFFFFFFFFF9CFFFFFF39449ACFFFFFFF
FFFFFF8DFFFFFFFFF2FFFFFFFFFFA699
ABC2F136FFFF71FFFFFF568EFF897B48
E6FFF7FFFFFFF8FFFFFFFFFFFF94FFFF
6DFFFFF29DAEB3FFFFAAFFDAFFFF56FF
F4BBFFFFFF83FFFFFFFF7BBC9AFFFFFF
D94AFF5B81FFFFFFFE8DFFFFFFFFFFFF
9BAED75FCFEB4851E4FF696AD1FFFC7B
FFFF98FFFFFF84F86FCB8CC1FFFFFFFF
65FFFFFFFFFF3F3942C860FFFFFF6BFF
FFB1D4A5FFFFFFFF41A6FFFFFFFFDCFF
88FFFFCD2F35CFFFFFFFDCFFFFFFFFFF
FFFFFFFFEDC2FFFFFFAEFFFFFFFFFFFF
C0A5FFFFFFFFFFA3FF95FFCD73FFFF82
FFFFFFFFFFFFFFFFFFF24A72C9FFF8FF
FFD8A5FFFFFF22FFFFFFFFDFFFF4F338
FFCDFFFFFFFFFFFFFFFFFFFF63FFFFFF
FFFFFDB5FFFF4CBEFFF3C5FFFFFFBBC8
FFFF63E2FFFFB1FFCFFF7CE5FFFF0000
FFFFFFDDFFE9E3FFFFFFFFFFFFFF96AF
D5FF1BB357FF66FFFFFFB543FFFFFFBB
FF0BFFE0FF7EFFCBF6AEFFFFFFFFFF92
A3FFFFB1C6FF8FFFA1A7C8FFF8A2DCFF
FFCFFFFFD6FF71FFFFD2FFFF85E5FFAD
FFA1FF8BFFFFFF24FFB9FFFFE1D8AEB8
FFA6FFFFFFC9FFFFFFFFFF32FFFFE3FF
FFFFFF8EFFFF6BFFFFFFFFFF58FFFFFF
FFFFFFADFFE1FF6EFF7BFFD25DFFCFF9
FFFFFFFFFFFF84B5F2FFFFFFFF57FFFF
FFFFFFFF3098C6FFFFFFFFFFFFFFFFFF
FFFFFFFFAAF13E51FFFFE15BEAD48BFF
FFFFFF92FFFF4AFFFFFFFFFFFFFFFFFF
FFFFFFFF76FFFFFFFFC7FFFFFF77DAFF
A4FFD984FFFFFFFCFFE8FFFFFFFF5DAE
FFFFFFFFFFFFFFE1FFFFDBF861FFFF8B
FFFFFF9DFFFFDE63FFFFE3FFFFFFFFA3
FFFFFFFFFBFFFFFF676EFFFFFFFFFFFF
FF7634B841FFFF7AB86BFFFF26FFFFFF
FFD7FFFD7BFFFFAAFFFFE2FFFFB0FFFF
EDFFDAFFFF1E94A2FF86FFFFFF65FFFF
FFB4CAFFFF2AFFFFFFFFFFFFFFFFDCFF
FFC3FFFFFFFFC7CBD1C7FFABFFDEFFFF
EFFFFF7AFFFF80FFFFFFF6DD5B85FFFF
CEFF7D8181F6FFFFFFFBFFF1FFFFFFFF
ECFFFFFFE7FFCBFFF3FFFFA8FFFFFFFF
FFFFFF84E4E5B224D7FFFF71FFFFFFFF
FF9BC1FFFFFFFFFFFFFFFF8A3DFF63FF
8CFFFFFFFFFFFF87FFFFFFFF99C4FFFF
FFFFFFFF1B6533FFFFFFFFFFFF78FFFF
FFFFBE6B9062507BF5FFCAFFFFF972FF
FFFFFF7FFFFF13FFFFA6FFFFFFFC0000
ABFFFFFFFFB5E3FFFFFFFFFFFFFFFFFF
D6FF13ED9CFFFFFFA58AC2FFE69AFFA9
FFFFFF83FFFFFFF5EA46FFFF4289FCB8
FF93FFC8FFFFFFFFFFE6FFFFFFA6BBFF
FF7BFAFFFFFF94FFFFFFFF9FFFACFFFF
FFFFFF28FFFFFFFFFFFFFF4D99FFFF12
99FF86ECE9FFE2FFFFB2FFFFFF41B0A2
FFFFFF99FF97FFFF82DAFFFFFFFFFF62
BBFFD9FFFCDFFF6EFFFFFFFFFF44FFFF
F6B3D1FFFFFFFFFF95EFFFFFFF78FF2E
FFFFFFFFFFFFFFFFF1FF97E37F8AFFFF
FFFFFFFFF67EFFFFD1A586F9FFD8F3FF
FFFF8889B4FFFFBCFFFF97FFFFFFFFFF
FFFFFFE927FFFFFFA5FFFF99FF80C647
A9FFE8FFFFFFFFFFC8FFFFFFFFFFFF4C
FFFFA785FFFFEAFFCBA7FFFFFFFFFF9C
FFFFFFFFBBFFFF1EFFFFFFFFFFFF6AFF
8EFFF4FFEE81F9FFFFFF9FEEFFFFFFFF
FF7AFFFFBAF3E3FF7AFFFFFFDDFFFFFF
FFFFFFFFFFFFFF84FFFFFFFFCBF70FDC
E8FFFFFFFFFFFFFF53FFFFDCFFE3FFFF
FFFFF7FFFFFFFFFFEEFFFFFFB5FFD2FF
FFFFFFFFFFCEFFFFFF86CCFFFFFFFFFF
FFFFA8FFFFFFBEFFFFFFA3FFFFF19BFF
18FFADFFFFFFFFF876FFFFFFFFFFFFFF
FFFFFFFFFF71F7FFFFFF69FFD8FFEEFF
94FFFFFFFFFFFFFF787462EC53FFFFFF
FFFFFFFFFFF4FFFFFF88FF0AD2FFCC5B
FFFFFF8CF7E4C07BFFFFFF62FF43FFFF
5BFFFFFFFF4E76FFFFFFFFFFECFFFFFF
FFFFF4FFFFFFFFFFA4FFFFFFE1A7D1FF
FF33FFFFFFFF9A4EFFFFFFFFFFFF0000
85FFD5FFBBFFFFFFFFFF9F92FFFFFFFF
DDE1FFC0366025C5E7FFFFAE42B2FFFF
77F7FFFDFFFFFF82FFB2FF829365BBDB
8AFFFFFFFFFF90FFFF45FF48B261FFFF
76A3FFFFFFFFDC77C5FFFFFFFFB0FFFF
95FFFFFFFFFFFFFFFFC9FFFFFFFFFF2E
FFFFFFFFFF7FFFFFFFFFFFFF08FFFFFF
FFFFA855FFA39DFF92FFFFA0FFFFD8FF
FFFFFFFFFFFFFFFFFFFF4E12FFF3DE4A
EBFFFFFFFFFF813A92BEFFFFFFECFF0B
D8B8FFD0FFFFFFFFFFFF7594FFFFFFFF
FFFF0FFFFF8F61FF7FFB87FDFFFFEAFF
FFFFFFE9D0228AFFFFFFAF9BECFFFF27
FBFFFFED936FA3FFFFFFFFCCC2FF70B2
E6FF14FFFFFFFFFFFFFFE2FFFFFF8087
FFFFCFBEFFBD67FFFFFFFFB3FFEFFFBE
FFFFFFFFFFFFFFFFFFFFB9FF95FF73FF
FF42E3D27F7DFFFFFF1AFFFFFF87FFDA
6FFF4FF87CFFFFFFFFFFCCFFFFFFF990
F8FF4CD6FFC3FF53CFFFFFFFFFABB7FF
FFFFFF78FF37FFFFFFFF5CFFFFFFFFFF
FF96FFFFFFFFFFFFFFFFFFFFFFFFFEFF
FFFFFFB2B2FF75FFE07E5D3493B5E0FF
FFFFFFA158FFE8FFFFFFFFFFFFF2FF85
FFFFFFFFFFFFFFFFFFFFFF58FFFFFFFF
E6FFFFC8B8FFFFFFFFFFFFFF50FFFFFF
FFFFFFFFFFFFFFFFFFFFFF89B6FFFFFF
FFFFFFFFFFD6FF6CFFFFCB9F70FFFFFF
46ECFFFFFFFFFFFFC7FFA9FFFFAFFFFF
F5FFF2FFFF9BD38F5092D4FFEEFFFFC1
FFFF16ED59C2CD64FFFFE3FFFFFFFFFF
8CFFFFFFFFFFFFFFFFFFF8FFFFFF0000
85FFFFFFD3FFC1DCC6FFFFFFFFFFFFFF
5DFFFFFD442EED6AFFCAFF6B913EFFFF
94FFFFFF9F394EFFFFFFFFA562CBFFFF
FF98FFFFB2B3FFFFFFFFA3E1FFFFFFFF
FFFFB9FFFB40FFE9FF69FFFFB56DFFD6
FFFFFFB2FFBFFFFFFFC49CFFFFFFF697
FFCDF4FF81EAFFFFFFFFC5FF94FFFFFF
FFFFFFACFF6BF2FF8986FFFAFFFFFF72
FFBF727672FFFFFF656DFFE0FFE4FFFF
8989FFFFFFFFFFFFFFFF85E7FFFFE9D8
FFFFFFFF31FFDBAEAB7438B6FFA4AC89
6CFFFFFFF6FFFFFFFF69FFFFC1FFFFE3
FFFFBBFFFE67FFFFFFFFFFFF47FFFFFF
92FFFF5DF83A5FFF80E9CEDCB9A7FFFF
7BFFC5FFFF6CC2FFFFFFFFFF99FFB4E2
CCFFFFBCBCFFFFEEFFFFFFFFFFFFC8FF
FFFFFFFFFF25FFFFFFFF4DFF75FFF5FF
FF7AEFB65CFFE3FFFFFFFFC6FF71FFFF
FF49FF5B24E2FF8680FFFF5BFFB7DEFF
8BAFFFFFFFD9FFFFFF67FFFFFFA07B88
66B29BB9FF9AFFFFFFFFFFFFECFFFFFF
FFFFFFFFFFFFFFFFFFFFFFFFFFFF801C
94FFEAFFFFE7FFA4FFFFFFE185FFAAEB
FFFFFF785AFF1CFF85FFFFFFFF66FFFF
FFFCFFFFFFFFFFFFFFFF9DFFFF93B7F8
FFFFFFFFFD42CBFFFCFFFFFF50FFE257
343DFFFFFA9CFFFFFFFFFFB7FFFFA5FF
FFFFFF7898FFFFB7FFFFA8B2D9FFD5FF
FFFFFFFFF0FFFFFFCBFFFFFFFF36C6FF
FFFFFFFFFFFFFFFFFFFF8EFF7FAAFFFF
D2DEFFFF3AD2CEFFFFF8FFFF3BEDDBDD
FFFFFFFFFFFFFFFF5D97FFFFFFFF0000
FFFFFFFFFF6CFFFF26D3F4FFFFC7B4FF
FFFFFF72FFFFFFFCFFFFFFE37AF1FFA1
D2FFFFFF55B3FFFFFFFFFFF7FFFFFFFF
C9EFFFFFFFF0FFB7FFFFFFFFA4BDB8FF
FFFFFFDFFFFFFFFFFFF0FFC9B9E16AC9
FFF0FFFFFFFFFFFF5341FF4DFF34FFFF
79FFE9FFFFFF81FFFFFFFFFFFFCB69FF
B1FFEF4FEA7F29C0A2FF71FF87FDFFFF
E5FFFF21C5FFA7FFFFFFE9FFFFFFF9FF
FFFFD1FF72A5FFFF8DFFFF93D096FFFF
E5B6EAFFFFFFFFFFFFFFB9FFFFE6FFFF
FFFFEBBAFFB4FFFFFFFFFFFFFFFF1872
FFFED4FFFFFFFFFFFFFFFFFFFFAFFFFF
FFFF35FFCCDDD0CCFFFFFFFFFFFFFF73
FF82FF535E3EA9FFB9FF75FFFC4FFFA9
FFFFFFCA96A5FFF4856DC9FF7EFFFF81
FFFFFFFFFEF9FFFFFFFFA6FFC1FFF9FF
FFFFFFA74CDDFFFF8DFF5999FFDCFFFF
EFFFFF65FF72AA99FFF2E250FFFFFFB8
EDE08FFFFF1F9CFFFFFF50E3FF7BB2B6
FFFFFFCAFFFFFFFF84DD9FFFFFFFDBFF
FFFFFFFF8ECCFFFFFFFFFFFFFFC3C8FF
FFFFFFFFFFFF74FFFF9BFFFF84FFFFDE
C5FFFFC8BF8AC961B7FFCEFFFFFFFFFF
FFFFF8FFFFFFA9FFFFCBFF4AFFFFFFFF
FFFF83C3A0FFFFFFFFFFFFFFFFE2FFFF
D9ECB6C9A52DFFFFFFA1FFFFFFFFFFFF
FFFFDC4EE5FFFF14FFFFAA93A7FFEEFF
81BAF3FFFFFF76977F87FFFFFF7B71FF
FFFFFFF8FFFFFFFFFFFFFFFFFFFF5C53
3CFF8CFFEEFFFF54FFFFFFFFFFFFFF1E
FFFFFFFFFFFFC8FFFF86FFFFFFFF0000
3B5FBCB9ADFFFFFFADFFFFFFFF974CED
FFFFFFFFCC50FF88FFFF6AE3E0D0FFB6
FFFFF9FFFF319EFFFFFFFFA125E6BBFF
FFFFFFB2FFA8FFB4F9FFF5FF08FFF3E2
FFFF8EFDFBFF79FF64FFFF53DCEDFFFF
FF56FFEC47FFCFFF8277ECE7FF6DFFFF
F5E3E7B9784F12FFFFFFFFF39EFFC1FF
FFFFA49CFF23DAFFFFFFFFFFFFFFFFFF
FFFFC15CAFFFFFFFFFFFFFFFFCF22EFB
B8A1CFFFFFFFFFFFFFFFFFD4EADBFF54
B272FFFFFFFFFFD6FFFF35CFFFB3919E
FFE9EC55BDFFFFFFE8CDFFFFFFFFFFFF
FFE1CFFFFF4EFFFFCDFFFFFF7DB584FF
FFFFFFFFFFFFFFFF78FFFFFF947DFF97
FF41FFE3DDFFFF6B56FFF6FFFFFFFFFF
FFC8FF79D2E7EEDCFFC92EFFFFFFFF73
FFFE2AFFFFFFFFE1B0FFFFFFFFFFFFFF
FFFFFFFFFFFFFFFFD6FFFF94FFFFAEFF
FFFFFFAFDAFF75D86CFFFFFF4A9D6E8F
FFFF60C2B24CC2FFADFFFFFFFFFFF7FF
FFFF2660FF5FFFFFFFFFFFFFD1FFF0FF
83FFFF4078FFFF887BBCFF31FFFFE0FF
FFFFFFFFFFFFA2C6FFFFFFFF2BEADAFF
FFFFDDFFFFFFC4D7ACFFFFFFD1FFFFFF
FFFFD6FFFFFFFFD75EFFFFA5FFFF3FFF
FFFFFFFFDAFF78FFFFFFFFFFFFFFFFFF
88BFFFFFFFFFFFFF18FFFF8955FFFF9B
FFFFFFA6717BFFFFFFFF4427D9EBFFFF
D74FFFFF4DFFFFFFFFFFFFB4FF34A2FF
E948B4FFFFFF91FFFF77FFFFFFFF2B7A
FFFFFF37FFD07639FFFFFFFFB7375BFF
FF41FFFFFFFFFAFFFFFFFFFF94EB0000
FFE2B1C5FFFFC8A2FFBFFFFFFFFFFFD1
C1FFE8FFFFFFFFFFFF8A40A1FFFFFFFF
FF0FDE9AFFFFFFFFFFFFFFBBFFFFFFFF
FFFFFFBD96F8FFFFFFFFFFFFFFFF8CFF
FFFFFFFFFFB8FFFFFFFFFFFFF2FFFFFF
CFFFFFFFFFFFFFFF8CC8FFFFFFFFFFFF
FFFF48FFFFFFDBF8A2FFFF94FFFFA9FF
FFFFFFFDFFACFFBA58ECFFFFFFCAFFA9
FFFFEFC8FFBCECFF6CFFFFB6FFFFFFC7
D0D48FFFFFFFACFFFFFFFFFFFFC3FFF1
FFFFE9FFFFFFB1FFFFDD29ACFFFF75A1
FFFFFFFFFFFFB4FFFFFFFFE0FFFFFFFF
FFFFADFFFFFFFFFFA3C7FFFFFFFFBDFF
ECFFFFFFFFFFFFFFFFFFFFFFF0FFFFFF
FFE2FF12FFFF8FFFFFFF42FFFFF6FFFF
FFFFFFFFFFFFFFA4FF975BB9FFFFBA7D
4365FFFFFFFFFF9DFF918B963CA3FFFF
CFFFFFB9FFFFFFFFC3FFFFCBFF83FFFF
FFFFFFAAA499FF19FFFF4DFFFF89FFFF
FFFFFF1FFFFFFFFFFFB47CFFFF5A82FF
FFFFFFFFFFEA79FFFFFFFFFFFF71FFFF
83FFFFFF1BFFFFE2A1CE3CC9C2FF52FF
FFFFFF30FF9886D761FFFFFFFFFFFFFF
FFFFE9FFFFFFFF93FFFFFFFFFFB1DD6D
FFDEFFD0FFFFFFFFFF3BFFFFFFFFFF58
FF699CFFFFFFFFFFCBFF90FF6BB4FFB4
FFFFFFFFB082FFFFE5FFA6FFFFFFFFFF
FFFFFFCDFFFFFFFFE8B3D177FFFFFFFF
FFFFFFB4FFD898F5FFFAFFBCFFFFD9FF
FFFFFFFCFFFFFFFFFFFFFFCBFFFF4579
FFF4C6E2FFFFFFF9FFFFFFE3FFFFFFFF
FFFFFFFFFFFFFFFFFF43FFFFFF4F0000
87B6FF4FFF8DFFFF83E440FFFFFFFFFF
FFFFFFFF9FFFFFFFFFFFBEE08243FFFF
FF13F0FFFFFFFF3FD8FFF6FFE9FFFFFF
FFFFFFFFFFFFFFFF44FFFFFFF7F6FFEB
FFFFFFFFFFFFFFB786FFFFFF63C5FFF6
FFFF2360FFFFA268E654FFFFC5FFA77A
FFFFFFFF43ADFFFFFFCD91CBFFAD2BFF
FFFFFFFFFF64F36DF8FFFFFFFFFFFFFF
FFFFC3FFC08B7EFFFFFFFFD4FFFF8DFF
FF42F9FFFFBC75FFFFFFAFFFE2FFFF41
FFFFFFFFFFFFFFFFFFFFFFFFFFFF69FF
27ABDAFF7AFFFFE0AEFFFFFFFFC56AFF
F6FFAA5A41FFFFFF79C8D5FFFFFFFFC1
FFFFFFFFFFFFFF2D1FDEFFFFFFFFFFFF
FFFFFFFFFFFFFF79FFFFFFFFFFABFFFF
FFFF1FFFFFFF69BC5248CFFFFFFFB9E9
FFFFFFBBFFB8FFFF404DF7FF237DFF92
FF5AFFFFFFFFFFFFFFFFDAD8CD29FFFF
FFFFF2F854FFCAF1FF5853FFFFFFFFFF
FFA9FFF2FF977BE1FF62FFFFFFFFFFFF
E7FFFF91A75FFFD195AA68FFD2E7FFFF
FFFF8DFFFFFFFF11FF25FF41D07DFFFF
77FFCCA2FF73FFD0FF59FF12FF73D2C5
BFC7FF5EBFFFF2FF99FFFFFFFFFFFFED
FFB4FFCD2DFFFF8BFF2CFFFFCAC1FFFF
8E38F1F346E4FFD9FFFFFFFFFFFFFFFF
FFFFFFF0FFFFABFFFFFFABFFFF57C9FF
FF62FFFFFFFFFFFFFFC4EDFFF8FFFF5E
B9FF83BFFFFFFFFFFFFFFFFFFF5AC4FF
9FFFFFFFFFD4FFFFFFFFFFE055FFDA7A
FFFFFFE9FFFFFFFFFF922EFFEAFFFFFF
FFFFFFFFFFFFFF63FFFFC6FFFFFF0000
FFFFFFFFFFFF9A92E97D7BFFFFFFFFFF
AAED57FFFFACFFFFFFFFD894FFFFFFE5
FFFFE9E8F5FFFFA65EA2FFFF94B3FFFF
FFFFECFFFF6691FF15FFFFF5FFFFDCDA
FFE5FFF3E633FFFFFF1DFFE28DD3C4FF
6EFFFFFFFFFFB4FF1BFFFFFFFFFFFFFF
6E8EFFFFFFD5FFFF29FFFFFFFFFFE0FF
FFF2FFCBFF98FFF44CFFFFD6FF7CACFF
FF60B2B6FF5DE8FFFFFEFFFFFFFFFFFF
FFB3FFE7FAFFFFFF55F0FFFFFFFF48FF
F7EBFFFF4BC9FFFFFFFFFFEEB4FFFFFF
FFFFFFFFFFFFFFE8FF994AF8D2FFFFFF
FFFFA2EE7B76F9C3FFFFFFFFFFFFFF99
A5FF96FFFFFFFFFFFFFFFF804BFF72FF
86FF52F5FFFFFFFFFFACC5DC26FF99C9
FFFF49FFFFFFFFFFC0FFFFFFFFFFFFFF
AC90B3FFFFFFFF90743DFF84FFFFFF8B
FFFF9AE561B2FFFF7166B83FE9FF7BFF
FFFFFFFFFFFFFECEFFA0F7FFA3FFFFFF
A1FFFFC7FFC1AFFFFFFFFF91E4FBFFF0
FFFFFFFFFFFFFFA9FFFFFFFFC145EEFF
88FFD5FFC8FFFFFFFFFFFFB2ADC5FFFF
FFFFFFFFFFFFD8FFFFFFFFFFFFFFFFFF
FFD66DF3FFFFFFFFFFFFFFF4FFFFFFFF
FFCCFFD947FFFFE6FFFFFFFFFFFFFFFF
FFFFC61EFFBBFFFFFFBDEEFFFFFFD6F2
FFFFFF7CA9FFFFFFFFFFFFFF7445FFFF
FF3AFF62FFBC66FFFFF194FF16FFFFFF
3895DB94FFFFFFBFFCFFFFFFBDFFFFFF
FFCEFFFFFFFFFFFF5FFFFFFFFFFFA2D7
FFFFFFFFFFFFFFFFFFFFFFFFE7FFF5FF
DFFFFFFFBEFFFF89933FDA93FFA20000
FFFFFF9FFFDEFDC2E3C3E9FFAEFFFFC2
FFFF99FF68FFFFFFE8FFFFFFFFC6FF22
F2FFFFFFFFFFFFFFA5A6FFFFFFFFBDFF
FFFFFFFFFFFFFFFFFFFFFFFFFFFF4DFF
FFFFFFFFFFD5FFFFFFB3419BFF336EFF
FFFF5CC5FFFFFFFFFFAEFFFFFFBDFFFF
A070D5FFD6FFFFFFCCFFFFFFFFFFFFFF
FFFFFFFFFF98FF92F7FFFFFFFFFFFFC2
FFE5FFFFEBAEFFFBFFFFFFFFADF1FFFF
FFFA35FFFFFFFFFF55E09F6CFFFFFFFF
FFC5DDFF91DFFFFFFFFFFFFFFFFFD04B
FFFFFFFFFFFFFFFFFFFFA3FEFFE3FFE7
FFFFFFFFB3B69FFFD1FFFFFF6992FFFF
FFFF9CFFD8FFFFD2FFB4FFFFFFFF80FF
9AFFFFF9FFFFFFFFFFFFFD59CFFF5B9A
FFFFC693FFFFFFFFFFAEFFFFFFFFFFFF
FFFF3AFF1974A7C97AFFFFFFFF78D4FF
FFFFFFAC597DFFFFFFFFFFFFFFFFFFFF
FFFFFFFFFFFFFFFFF3FFFF4BFFFF98A6
FF6727F6FFFF61FFFFFFF8F99CFFFFFF
B8FCFFBCFE7F8176FFFFFF889F973F86
FFFFFFFFFFC9FFFFFFD4C5FFFFFFFFFF
FFFFFFFFE0FFFFFFFFFF64D5FFFFFFFF
FFFF82A1FFCBFFFFFF88FFFFFFFFFFFF
E8FFFFFFFFFFFF9D60FFFF70FFFFFFFF
E1FFF3C6B7FFFFFF6559EF84FFFFD8FF
FFFFFFFFFDFFC7FFFF93FFD5A6FFFF7E
FFFAFFFFBFFFFFFFFF7DCDFFC9A4B4FF
FF7DFFFFFFDDFF96FFFFFFFFFFFFD1FF
FFFFFFFFFFFFFFC0FFDFFFFFFFFFFFFF
D6FFFFFFFFFF9AFF2D92D750FFC0FFFF
FFFF5699FFFFFF75AE4566FFFFFF0000
FFFFFFFFFFFFFFFFFFBBDFFFFFFFFFC5
BEFFFFFFFFFFF3FFFFFFFFFFFFFFFFF7
FFFFFFFFFFFFFF6DFF63FFFFA9DAC1FF
FFFFFFFF79FFFFFFFFCDFFBDFFFFFFFF
FFFF6AFF9EFFFFFFFFFF72B090FFE7FF
FFFFFFFFFFD9B2FFFFFFFFB6FFFFFFFF
6CFFFFDC31A8FFFFD2FFA9FFFFFFFFFF
FFFF8EFF79A9FFFFFF9890AD84F12B24
FF37FFFFFFFFFFFFFF31FFFFFFFF73FF
447C819FFFBDFFFFFFFF7BE4FFFFB0FF
FFB869AB9AFFFFD9FFFFFF9BFFFFFFFF
FFE4FFFF5BF78FFFFFBAFFFFFFBBFF94
FF61EFFFFFFFFF80FFF0FFFFFF61FFFE
FF99FFFFFCEBFFFFFFFFFFBA22FFFFFF
74F3F15BFFFFFFFFBAD14DE7FFFFC0DF
F2FFFFFFFFFFFFECFFFFB283FFEBFFDC
9CFFFFFFFF5296FFFFFF8FFFFFFFFF24
FFBBFFFFFFFFFFA5C5FFFFFBFFFFB4AF
FFFFFFFFEAFF67FFFFFF8BFFFFFFFF39
C7FFFFFFFF7F82FF52FFFF8FFFFF7392
5FFFFFFFFFFFFFFFC776FFFFE7E1E490
FF90FFFFFFFFFFC9B03DFFFFFF5358CC
FFFFFFFFFFFF3CFFFFFFFFFFFFFFFF91
FFFFFFEFFFFFFFFFFFFFFCEB89FFFFFF
FFFFFFFF2EDDFFCFFFFFFFFF96FFFFFF
F981FF6B5DFF76FFFFFFFFFFFFB6F1FF
FFFFFFFFE9DCFFFFFFFFFFFFFFFF81FF
FFFFF4A4E5FFFFB4FF72D3A9A2FFFFFF
FFDEFFE9FFFF72FFFFFFFFFFE8DBFFFF
FF7DFFF172FFFFFF22FFFFFFB9F0FFFF
8FEAFF94E11EFFC4514DFFFF90B2FFD5
FF78FFFF95FF85FF49FFFFFFF7DB0000
FFEAFFDACCFFFFFFFFFFFFFFB8FFFF54
FFB1FFE18EBFFFFFF5A6FFFFFFFFFFFF
FFED3EFF74FFFFFFFFFFFFFFFFFFFFFF
FF5B9FF6FF5DFFFFFF4EFFFFFFFF4E9B
FF7AFF63C5FFFFFBBEFFFFFFFFFFFFFD
FFFF5AA9FFFFFFFFFFFFFFFF80FFFFFF
FFFFFFFF5331FFFFFFFFFFFF2CFFFFFF
58FFFFFFFFA7F7ABFFC4FF9EFF6CFFFE
FFFFFFFFFFFFFFFFE3DFFFFFFFFFFFFF
EFC03CE6FFFFFFFFFFFFFFFFFFC1FF37
FFD79092FFFFFFFFFF9E6AFFFFFFFFFF
F5DCFFFFA1F5FFAD59EFFFFFFFFF62FF
FFBBEAFFFFA2FFA1FFFFFFFFFEFF7AFF
FFFFFFFF8CFFFFFFFFFF8259FFDEFF30
FFDCFD57FFFFFFFFFFFFFFFFFFFFC37C
BAFFEFFFFFFFFFFFFFFFFFFFAEACFFFF
FFF7FFFFFF71FBFFFFFFEFEB7BEBFFD3
FF4AB0FFFFFFFFFFFF86FFFFFFFF9FD4
FF91B8FEFFFFFFFFFFFFFF92FFFFFF8D
FFFFFFFF12F1FFFFFF96E8FFFFFFFFFF
FFFFFFFFFFFFD7FFFFDA6AFF68C5FFFF
FFFFFFFF18FFE5AAFFFF85FFFFFFFFFF
FFFFF6FF7AFFE8FFFFFFFFFFFF4DFFFF
FFEBFFFFE1FFFFA1DB29FFFFFFFFFFFF
7EFFFFFFFFFFFF9199FCFF1DFFFFFFBD
87A886FFFFFF7BFFF74AFFFFFFFFFFFF
C987E281FFFFFFFFFF6FFF6ABC3C85FF
FFFFFFFFFA8FFF9B6BFFFFFFFF4BFF47
FA78FFFFFF14FFFFAA63FFFFFFFFE7FF
FFFFFFB7FFFFFFFFBC52AD70F2FFFFFF
97FFFFFFA18CFFFFFFFFFFFFC4FFFFFF
FFFC7292FFFF8B9AEFFFD274FFC60000
FFFFFFFFFF87FCABF67AEFE8FFFFFFFF
FFACFF8F72FFFFFF49FFFFFFCCFFFFFF
D779E7F3FFFFFF2EFFFFFFFF50FF67F6
FFFFFF69EFFFFFFF99A6FFFFFFDAFFFF
FFFFFF7E22FFFFFFABFFFFDC3CFFFFF0
FFFFCF53FF3BFFFFFFFF8AFFFFFFFFFF
BFFFFFFFFFFFD4848FFFFFDCFFFAB8FF
FFFFFFFFFFFFFFFFE6FFE34FF5FFE286
C882FFFFFFFFFFFFFFFFFF3ACD53FF92
B3AEDAFF75FFFFFFFF8DFFFFFFB778FF
DF79EBFFFFFFFFFFFFFFACFFFFFFFFFF
FFFFFFFF63CAFEFFD4FF43FFFFFFC8FF
FFFFA62EECFF7CEF6BFF86FFFFFFFFFF
85FF398BFFFFFFFFFFFFFFFFFFFFFFFF
8AFFA972FFFF93FFFFFFFFEC81FFFFFF
59FFFFFFFFFF36FFFF28FFFFFFFCFFFF
FF77FFF1FFFFDCFFFFCFFFD2FFFF43FF
FF84A72CD1FFFFFFFFCFFFFFFFFF83BA
FFFFFFFFFFFFFF18FF54FFFD9DFFFFFF
FFFFFFFFFFFF27FF817364C7FFFFFFFF
E2FFFFBC17FFFFFFFFFFFFAC3879FFFF
FFFFFFFFFFFF8726FFA1FF2878FFFFFF
FFFFFF80FFFF7080DBFFA0FFFFFF7567
FFFFB0FAFFFFFF4C9293B8FFB2EA815F
FFFFF0E3FFFFFFFFFFFFA6FF64D4FFFF
FFFFFFFFFF16F85E2EFFD2FFFFFFFFFF
FF3EFFFFFFFFFF86FF8EFFFFFFFFC3FF
FFFFFFFF665DB2FFFFFFFFBBFFB2FFE2
FFFFFF31FFF9FFDAFFFFFFFFFFFAFFFF
FFFFFF7BFFFFFFDFFFFFFFFFC0F2FF51
FFFFFFFFFF9AFFB5FFFFFFFFFFFFFFFF
FFB1D6FFFF4CFFFFFFFFFFFFFFFA0000
53FFFF97DEFFCBFF51F8FFFFFFFFFFFF
FFFFEFFFFFFFB9FFFFFFFFFFFFFFE2CA
3AFFFFDCB8FFE0EB30D0FFFF87CBFFFF
FFFF57F4FF7BFFECFFFDFFFFFF53FFB1
FF3F61FFFFFFFACA6DFFFFFFFFFFFF5A
FFFFFFFFFFFFFFF5FFFFFFFFFFFFF832
AFAFFFFFFFFFFFFFFFFFFFFFFFFFFFFF
FF1AFFFFFFEAFF8EFFCCE89AD5E790D7
FFFFFFFFFF9FFEFFFF92FFFFFFFFDAFF
EF1BFFFF7EFF56ABFFFFFFFFFFECF96A
FFD0FFFFFFFFFFFFFFFF2AFF91FFFFFF
FFFFFFF06F716F32FF8EFFFFFFFFFFFF
CDFF9639D0FFFFFDAD0BFFFFFF2BFFFF
FFA3FFBCFFB4FFFFABFFB050FFFFFFFF
FF87CC90D6FF85FFFFFFFFCDFFFFFF6A
9DFFFFFFBDFFFFFFFFA6FFFFFFFFFF56
86FFFF86FFFFD8FFFFFFBD96FFFFB8FF
FF74B8F5FF3DFF4DFFB2FFB6FFEFD7C2
C72AC8FFA1FFB72F8DFFFFB35BFF6DFF
FFFFFFFFFFFFFFFE8178C4FFFF89FFB0
FFFFFF816DFFFFFFFFFFFF7F25AAFFF1
FFFFFF70FFFFFFFFD1FFFFFF74FFE1FF
FFA9FDFFB3FFA7FFACFFFBFFFFFFFFFF
FFA3FFFFFFFFFFFF8E4F14FFFFFF9DFF
FFFFFFEBFFD4FFFFA6FF55C7FFFFFFE5
B3DBFFFFFFAE46FF4FFFFFFFFFFFFFDA
FF51FFFFFFAF2FC13AFFFF7AFFFFFFFF
FFFF23FFDD7CA1FFFFFFEEFFFFFFFFB1
FFD3FFFFFFFFFFFFFFFF84FFFFC4FFA9
FFFFFF7CFFFF4EFFFFFFFFFFFF95FFFF
FFFFC3FCFF63FFFF0BEEFF9CFFFFFFFF
FCC1722DFFFFFFFFFFFFFFFFFFFF0000
FFFFBA67FF6D29D5E4F4FFFFD9FFC8FF
A2A966FFFFFFFAFFFFABFFFFFFFFC6E1
FFFFFFC4FFFFFFFFFF70FFFFFFFFFFFF
FFFFFFFFFFFFFF92FF69FF34FFFFFF36
FFFFFFFFD565FFFFFF90FFFFFFFFF5FF
3FFFFFB53CFFD8C772FFFF953BFF93FF
2AFFFFEEFFC9FFFFB8FFE5FFFFFFFFFF
FF64F1FFFFFFD194FFFFFFDCF6FF8C23
E3FFFFFFFFFFB4FFFFFF88FFFF8CFFCC
FF6CFDFF21FFFFFFFFFFFFFF8AF9FFFF
A3FFFFFFFFFFFFFFFFFFFFC4FFFFA4FF
FFFFFFFFFFFFFFFFFFFFFFFFFFFFFFFF
FFFFFF59FFF1C1FFAEFFFF73FFFFFFFF
FFFFFFFFD2FFFFFFFFFFFFFDE58EE8FF
B8C5BFF8D9E34BFFCA12B1A5FF27FF9A
7AFFFFFFD8FF95FFFFF5FF92FF85D0FF
D8FF6283FF9AD3FFF2FFF65D78FFFFA9
3B4D8BFFFFFFAA15FFFFFFFFBD68CBBB
FFFFFFEB52FF9A7BE9AAFFFFFFFDCCFF
FF7BFFFFCC9CFFFFFFFFFFFFFF66FFFF
FFBCFFFFFF3FFFFFFFFF9DC097FFFF6B
B456FFFFFFFFFFFFFFFFFFFFCAF6FF3E
FFFFFF6495FFFFFFFFFFFFFFFFB2DB54
E38B0324FAFFFFFFFFFFF7FFFFFFFFFF
FFB3C3FFFFFFFFFFFFFF8A3AFFFF84FF
FFFFFFFF9D9928FFCBFFC9FFFFC8FFFF
FFFFFFFFFFD277BB53FFFF55FFFF70FF
A9FFFFFFFFFFFFFFFFFAEFFFFF64EBFF
FFFFC28975F939D3FFFFBCFFFFFFFFFF
DFFFFF2E53FFFFFFA59FFFFF64FFFFF7
FF2EFFFFFBE7A8E0E993EEE967FFFFFF
FFF8FFFFFFB1FFFFFFFF7AEFFF930000
FFE6FFFFFFFF9CFFFFFFFFD3FFB6DFFF
6B4B8EB5FFCEFFFFFFFFFFFFFFFFFF86
FF7EFFD7FFFFFFFFFFFFFFFFFFFFFF93
C3FFFFFF8F6CF6FFFFFFFFFFFFFFFFFF
7FD37EFFFDFFFF93FFC6FFFFFFC9FFFF
FFFFFFAF860DA9A7FFFFFFFFEA6CFFFF
39FF86FFB1FF43FFB7FFCF3EFFFFFFFF
FF70FFFFFFFFFF06FF81FFFFFFFF30B9
E1FFFFE0FFC729FA6AF5FFAF26D87034
FF9B6FFFBAFFFFDE49B8B8FFFFFFFF83
FFF8D6FFFCFFFFFFFFFF84FF34F2FFFF
FFFFFFFFFF56FFF437FFFFED09FFFFFF
FFFFFFA7FF85FFFF8DC9FFFFFFFFFFFF
FFFFFFFFFFFFFFE3FFFFFFFFFFFFFFFF
AFFFFF32FFFFFFEAFFFF74A4FFFFFF9F
FFFFFFFFFFFF9CFEC76FFFFFFFFFE1FF
9882FFFF9E95FFB3FFFFE9656EFF6EFE
FFFFFFF5FF9DFFFFBEFFFFFF158CFFFF
FFFFF8FFFFFF84725AFF6BFFCCA1DFFF
FFFFFFFE9CC1FFFFFFE4D53273FFFF7B
FFFFFF90C6FFFFFFFFFFE9FF7195FFFF
B9A8AFA6FFD2FFB8D6FFFFBC96FFFFFF
B2F5FF8D48FFAE6BA3FFFFE395FF7581
5CFFFFFFD6FFFFFF75FFFFFFFFFFFFFF
FFE9FFC672FFFFFFFFFFD4FFFFFFFD5A
FFBBA6FFB4A8C2FF78FFFFAFFFE626FF
18FFFF86FAFFFFFF82E7FFE2FFFFFFFF
FFFF5FE0FFC4FFFFC7FFFFFFFFB3BBFF
FFFFB3FFFDFFFFFFFFFFFFFFFFF57DFF
D1FFFF6456FFFFFFFFFFFFF1FFDAFFFF
FFFFFFFF75FFFFCEFFFFC137D7FFFFFF
FF2DFFDAFFFFFFFFFFFFFF71FFFF0000
FFFFFFFFF7FFFFFFFFFFFFFFFFC7F3FF
94B0CED1E1FFFFFFFFFF32FFFFFFBFFF
A6FF466AFFDFFFFFFF70FF856EFFF3D9
FFFF7BFFAFF83ACBDFFFFFFFFFFF42FF
CCFFFFE9FFFFFFFFFFFF26FAFFFFFFBC
FFFFFFFFFFFFF7E9F5FFFFFFFFFFFFFF
B9FFFFC2B4F8FFFFFFFFF95EA2FFFFFF
FFEEFF87FFFFC4FFC0FFFFFF8361BC36
FFFFFFFFFFC07A9DC5FFFFEBA9FFFFFF
FFFFFFFF99FFFFFFE646FFFFFFFFFFEC
88A8FFFFFFD5D1FFFFFFFFFFFF0EFFFF
FFFFFFFFFFD2FFFFFFFFFFFFFFFFFF74
FFF6FFFFFF6CFFFFDBEFADF9FF71DBFF
FFFFBBFFFFD5FFFF54FF88FFFFFFFFFF
FFD35AFF73FFA9FFF3FFFFE5FFD2FF8F
57FFFFFFFFFFFFFFFFFF8DFFFFF680A4
5D68FFFFFFF39BD4FFFF99FFD1FFC5FF
FF5AE3FFFF78FF6AFFFFAFFFA1B49EFF
FFFFFFFFFFFFDD51FFE5FFFFFFFFFF3C
8AFFFF43FFFFADFFECFFFFFFFFFFFFFF
FF81F5E934FFFFFF75FFE7FF343559E6
FFFFB5BEFFFFFFFF422DFFC8FFFFFFFF
FFFFFFF6FFFFFFFFFFFFD4FFFFFFFFFF
FFFFFFFFFFFFFFFFFFE46DACFFFFF8FF
FFFFFFFFFFCDFFFDFFFFFFFFFFFF6BFF
E7CC1BFF33EFB5FFFFFFFFFFFFBCFFB4
FFDCFFFFFFFFC6DCFF72FFFFEDEDA2FF
99FFFFB2FF8CFFFFFFABFFD44FD2FFFF
E2ECFF86FFFFFFFFFFFFFFFFFFE0B0FF
FFA2FFB4B0D565FFFF99ADFFFF54FFDF
FF7952FFFFFFFFD7AD2BFFFFFFDDFEFF
FFFCFFFFFFFFFFA761FFFFFFDDC40000
F6FFFFFFFFE2D7FFFFFFBAA52BCBFFFF
FFFFA6FF2BFFFFFFFFA6F2FFFB62FFFF
FFFFFFFFFFFFFFFFFFFFFFFF59FFCDFF
FFFFDF38FFFFD9FF8EFFFF6DFFFFDAFF
DAE7FFFFC6FFFFFFFFFFFFFFFFFFC1FF
C2EEFFFFA7FF1CFFFF33FCFFFFFFFF65
FFE172C8FFFFFFFFFFFFFFFFFFFFFFFF
FFFFFFFFFFFFFFFFBAFFFFFFFFFFA2FF
FFFFFFFF7EFFFFFFFFFFFFFFFFFFA3FF
FFFFFFFFFFFFFF4FFFFFC4FFFFBDDFFF
A1DAFFFFFFCFFFB9FFFFFFFFD031DFFF
BAC5FFFF55FFFF7FFFA6FFFFFFC1FF93
C7FFFBFFFFFFFFFFFFFFFFEDE4FFFFED
FFB299FFE6FDFFFFFFFFFFFFFFFFFF8B
D8FFFEFF7052FFFFFFFFFF97FFFEC461
FFFF8843FFFFFFFFD7714DFFFFFFFFD0
7BFF97FF60FFD5FFFFD2CAFF56FFFF8F
FFFFFF2BFFFFFF80FFFFFFFFC46BB8FF
FFFFB7FFFFFFFF9DFFFFFF9EF1FFFF99
60FFFF95B6FFFF49FF93FF77A58EFFFF
FFFFFFFFFF8BFFFF69FFFFECECA765AD
FFFFFF6FFF69FFAAAE4ACDFFFFFFFFFF
FFFFFFA1B0B4423FFF90FFFFFFFFFFFF
EAD9FF59602BFFFFFFAECB7BC5962BFF
FF98FFFFFFFFFFD8FFFFFFFFFFFFFFE3
FFFFFFFFFF89FFFFCAFF7DFF3DFFFFFF
78556CFFFFFFFFB9FF697CFFB130FFFF
FFC9FFFFFFFFFFC5FFFFC9FF9CFFFF8B
FFFFC7FFFFFFFFFFFF71FFFFFFFFFFFF
F1FFFFFFFFFFA3F0ABFFFFFFFFFF63E2
9499FFFF2AFFFFFFFF96FDA3FFFFFFFF
FF9BFFA2FFFFD19B32CDFFFFFFFF0000
FFFFFFFF63B2E1F079FFFFEA55FFE2AB
AEFFA4FFFFFFFFFFFFFFFF8A9CFFE791
8699FFFFAFFFF7FFFFFFFFFFA6FFFFFF
FFFFB4D5FFFFFFFFFFFFFFFFFFFFFFFF
FFFF6DFFAAFFFFFFFFFFFFFFFFFFDDFF
D392FFEBFFFFFF69FFFFCBFF9B8BB0FF
FFF6ED6AC814FFF7FFFFFFFFB9FFE7CF
A6FF5EFFFFFFFFFFFFFFFFFFFFFF4EFF
C5FFB4FFFFE8FFFFFFFFFFFFAEFFFFFF
FFFF77FFFFFFFFFF9FFFFFFFFFFFFFFF
D92BFFD1FFFFEAFFFFFFFFFFFF22FFFF
8BFFE4FFAD2F2F72FFFFFFFFFFFF631D
FFFFFFFFFFFFFFE3FFA3FFE7FF70FFFF
FFFFFFBDFFFFDEFFDDFFFFFFFFFFFFFF
FFFF70CCB3A0FDFFFFFFFF1DFFFFFFFF
DEFCFFFFFFFFFFFFFF6E99FFFFFF85FF
9234FFBBFFA9FFD9FFF4FFFFFF49C3E3
A3FFAFFFFFBDAAFFFFFFFFFFFFFF61FF
FF67FFFFFFFFFFFFFFFF57BB76FFFFFF
FFFFFFFF63FFFFFFFFFFFFFFD1FF6290
9DFFE290FFB8BF5CE289DCFFFFFFB3EC
FFFFFFFFFFFFFFB572A6F67FFFEAFFFF
E652D3FBFFFFFFDF59FFFFFFFFFFFFFF
96F5FFFFFF91FFFFB1FFFFFFF4FFFFFF
D2FFFFFFFFFFFFFF97FFFFFF5DFFC3FF
FFFFFFFFFFFF8CFF6CFFFFFFFF7D8EFF
A4FFFFFFFFFF7CFFFFF3E1FF9187FFFF
D6FF5AFFFFFFF6FFFFA7FFFFFF95A665
3EFF63C84DFFFFFFFFFBFFFFFF41FFFF
FFFFC8FFEFFFFF65C254FFFFCEFFFFFF
EFFFFFEAF6FF81FFFFFFCCFFFFEEA8D5
CFE2FFFFFFBAFFFFFFFFFF92F9FF0000
D3FFFFFFFFFFFFFFFFFFFF2BFFFFDBFF
FFFFE7FFBCFFFFFF8DFFFFFFE5FFFFE7
ED7AAEFFFFFFFFFFFFFFFFF1FFFFFFFF
FFFFFF81FFFFDFE8FFFFFFFFFFFFFFEA
FCFFFFFFEFBF7FFFFFFFFF9DE0FFFFFF
FF9E9FFFFFFF6BFFFFCAFFFFFFFFFFFF
FFFFD797FF7F7BBE4AC9FF81E268FF50
FFFFFFCBFFFFFF4AFFDBD6FFFFDCD387
FF6971FF0DFFB6FFFFFFFFFFFFFF70FF
C3FFFFE14E98FFFFFFFFC5FFFFFFFFFF
EBFFFEFFFFFFB99DFFDFFFFFFFFFFFFF
FFFFFFFFA0FFFFFFFBFFFFF8F3FFFFFF
FFFFFFFFFFFFFFEFFFA6FF12FFFFFFD7
EFFFFFE2FF4FFFFFFFFFFFFFFFFFFFFF
9DFFFFFFF1FFFFFFFFFFFBA5FFFFFFD3
FFFFFF36FFC38DE9FF76C1FFFFFFFFFF
CD864AFFFFFFFCFFFFDFFFFFFF4F2FFF
C244AD83FFFFFFFFFFFFFFFFFFFFFFFF
FFFFFFFFFFC6A4A5FFFFDBFF56F797C3
CAFFFFBBFFDDB1FFFFFFFFFF53FF7656
FF53FFFFFF4CB1F21BDAFFFF7082FF6B
FFFF88FFAAFFEFFFFFFF73FFFFF9FF83
F9E2A6D4FFE6E018861995FFDCFFFFFF
FFFFA3FFFF6ECDFFFFFF7DFFFFFF74FF
947AFFFFC4FFFFFFC0FFFFFFFFFFFF78
FFFF3CFFFFFFFFFFFFFFFFFFFFFFFF5F
B5FFE5E70EFF8DFFFFA199FFD290FF80
6EFFFF68FFFFFFFFFFFFFFFF39FFFF94
FFCFFFB4AD68DAFFFF6DC7FFFFFFFFFF
FFFFE3FFFFFF8AD9FFFFFFFFFFECFFFF
C3E2FFFF6BFFFFAE75FFFFD3FFE7E5AD
FFFFFFFFFFFFFFD277DFFFE6FFFF0000
FFFFFFFFAEFFFF7335BCFFD995FFFFFF
FFFF30FFFFFFFF73FFDBFFF6FF99FF11
FFD0FFFF4CFFFFFFFFFFFFFFFFFFFFFF
D8FFFFFFFFC0FFFFFFFFC826CFCEFFFF
AAC4FFD7FFFFFFFFFFFFFFFF94FFFFBF
FFFFFFCFFF5EFFCAE1FFFFFF513BFFFF
FF4256B7F4FFFF9BFFFFFFFF49FF8FFF
A0D5FFFFFFFFFF90FFFFFFFFFFFFFFFF
B2FFFFFFFFFF5EFFD8CCFFFFFFFFFFFF
FFFFFD7964A5FFFF7CFFFFC9FFBFFFFA
FF91ACFF8BFFFFFFFF63FF59FFBEFFD5
93FFFFFFBDFFFFFFFF9561FFFFFFFFFF
FFFFFF507EFFFFFFFF61FF99FFFFFFFF
FFFFFF52FFFFFF4CFFFF89D4FFAB42FF
FFFF1EFCFF84A5FFFFFFA9FFFFFF53FF
E4D4A3FFFFFFFFE599FFFFFFFFFF29FF
DF34D1FFFFFFFFFFFFFF8494F2FFFFC8
FFFFFFFFFFF7FF86E3ACFFFFFFFFFF7F
FFFFF0C5C8FFFFEFFFFFFF4BDF78AE1A
FFFFFF4AFFFFFFFFFFFFFF2DDBFF82FF
FFFFFFFFFFF38D934FFFFFDCFFFFFFFF
FFFFFFBEFF66FFFFB7FFFFFFA188DFFF
18FF6AFFB5B5FFD594C3AEFFFFFFFFFF
FFFFFFFFD4FF39FFB1FFFFFFB68CFFFF
78FFF4FFFFFFBFFFFFFFFFFFEFFFFF7E
1C463CFFFFDCF0FFFFFFFFD2FFFFFFE6
94EABBB9FF66FFFFFFFFFFEDFFFFAFFF
FFFFFFFFE7FFFFFFCBFF78A46CFFFFFF
FFFFFFFFFF9BFF53C5EE9832FFFFFFFF
C5ECFFFFFFFFFFFFFFAB77BFFFFF49FF
92FFFFFFFFFFFFFFD3FFFF66FFB5FF88
FFFFDFFFFF92E3FFFFFFB9FFFFFF0000
BDFFB3FFFFEAFF8EFFFFF6FF4EFF50FF
C08EFFFFFFFFFF43FFFFFFFFFF8CFF89
FFB7FFFFFFFFFFFF5AFFFFFFFFFFFFA7
72FFFFD6FFFFFFFFFFA5D64976FFFFFF
B4FFFFD6FFB3FFFFFFFFBFFFFFD5FF9D
FFFFFFFF3EC5FFFFB6FFFFFAFFFFFFFF
878B84FFFFE2FFC4CBFFFFFFFFFF90FF
FFFFFB86FFFFFFFFAE7BFFFFFFFFFFF6
FFFFFFA5C3FF6FFF4FFF4AFFFF7F61FF
FF9FFFFFFFFFFFFFFFFFFFFFFFFF62FF
FF71F0FFFFE872FFFFFFAEF0FFFFFFFF
EAFFFFFFFFFFFFFFFFFFFFFFFFFFFF41
AF5DFF7674FFFFFFFFFFFFFF49FFFBFF
83EEA9FFFFFFFFFF96FFFF99FFFFFFFF
FFFFFFFF4DFFFF67A6FFFFFFA5FFFFFF
8AA26EFF61FFFFDFFF5CFFF79380B1FF
FFFFFFFFB2FFFF9FFFFF1F20FF86FF3E
FFFFC4FFFFFFFFFFFF88FFFFFF471CFF
FFFFFFFFE4FFFF65CEFFFF9AFFD4A5BF
BDE085FFFFADFFFFFFFFFFFFFFFFB4FF
FFFFC2FFAAA9FFFFFFFF7BF6FFFFFF9D
FF9CFF6BFFFFD0FFFFFCFF52B4AB84FF
FFFF7AEF36FF51FFFFE0FFFFFFFFFFFF
FFC0FFFFFFFFFFFF90FFFFFFFFFF43FF
AD9342E0B0FFFFFFFF77FFFFE8FFFFDC
FFBCBCFFFFFFD5FFFFFFFFFFFFFFB8FF
DFFFFFD1FF8CFFFFFFCCFFFFFFA3B565
5F5DFFFFF0FF7EFFE8FFFF8FA1FFFFFF
FFE3FFFFFFFFE4DAFFFFFFF4C3FFA3FF
A1FFFFFFABFFFFFFFFFF4AFFFFFFB364
FF95FFA2FFFFFFFF7AFFFFFFD7FFF0FF
D9E0CFFFFFFFFF7DD9FFFFFF38E00000
FFFF97FFCCFFFFFFFFFFFFFF4DFFFFFF
FF94FFFF2AFFFFF6FFFFFFFFFFFF8DFF
FFFF8EFFFFFFFFFFFFFF4BFFF87FDAFF
26D2FFDBD3FFFFAAFFFFFFC79998FFFF
FFFFFFFFFFFFFFFFE2FF95FFAA83B4EF
FFFFFFFFFFFFE5FFFFEEFF88FFFFFFFF
30F3FFFF33FFFFBFD8FFC146FFFFFFFF
FFFF98B29AFFFFFFB8FFFFFF6CFFFF6C
FFC066FFFFFFFFFFA1FFA8FF3FFF78FF
F0FFFFB5FFFFFFF0FFFFFFFFFFFFC2FF
FFFFFFFF57FFFFFF84B8FFFF6FFFA89D
FFFF99FFFFFFFFFFFFFFFF9BDEFFFFFF
FFFFFFBC63B7FFAFFF96FFFFBD30FFFF
E2FFC2FFFF78FFFF6FFFFFE49CFFFFFF
76FF7AFF66EBF3FFFF3CFFFFFF4EB1FF
357086FFBAFFFFBCFF6912FFAF9EFEFF
0E4242D9FFEF88CEBB7D4D21FF8EFFFF
CCFFFFFFFFFFFFE5FFE4FF71FFCFFFFF
FF83FFFFFFFFFF9FFFFF46C5E3AFFFFF
FFFFFFFFFFFFFFFFFFFFFF5EFFFFFFFF
FFFFFF2939FFD06942FFFFE33CFFFFFF
FFFFFFFFFFFFFFF41FE9A1FFA78EC5B8
FF5AFFFFFFFCFCC6E0FFFFFFBFFFFFFF
FFDBFFB3FF5DE0A6FFFFFFFFFF97B273
FFFFC9FF6AFFFFFFFFFFFF8C68DDFFFF
60CCFFFFFFFF4C44FFFFFFBFFFFF3DFF
46FF68FF7CFF05FFC3839AE9DAFFFFFF
FFFFFFFFFFFFBF9BC3FFFFFFA0E2FFFF
FF39FFFFFF78E3FFFFFF9A448FFFE3FF
FFFFFFFFFFEAFFFFFFFFA1FFB153C5FF
FFFFFFAAFF49EDFFFFFFFBFFA7FFA7FF
FFFF43FFFFFFFFD5ED9CFFB8FF980000
E7AA59FFFFFFFF9585FFA1FFFFB3FFFF
FFFFFFFFFFBCFFFFFFFFFF5B8BD0D6FF
FDC8FFFFFFA393FFFFFF77FFFFAD8C64
B3FFAFFFFEFFFFDAFFC028FF49E0FFC8
FFFFEFFFFFFF11FFFFF758FF7AA66C74
A4FF7DFFFFFFECFFDAFFFFE3FFFFFEFF
F8FF30EFFFFFEBFFC8FFF9A167FFFFFF
B6D05F53FFFF38FFFFFFFFFF7BEEFFEC
5FACFFFFFFFFE1FFFFFFFFFFCAFF94FF
5DFFFFFFB771FF3EFFC1FFB0FFFFC9FF
FFFFFFFFFFFFFFFFFF8FFFFFFFFFB3B5
FFFFFFEFFFFF7BFFFFFFFFFFFFED41FF
FF87FFFF9DFFFF6EFFFFFFFFBFFFC7FF
FFFF95FFB19BFFFFFFFFFF7FFFFF4429
FFFFE9E954FFFFFFFFFF80FFFFFFFFFF
FFFFFFFFE5FFFFFFFFD6FF7899ACFFFF
FFFFAF97FF97EDFFFFFFD0FFFAE0E0FF
F997FFFFFFFFFFFFFFFFFFFFFFC4FFA9
FFE0FFFDFFC8BCFFFFFFD0C39957AAF2
AFFF7AFFFFA5DDFFF9FF90A6FFFFFF50
FF5FFFCCFF59FFFFFFFFFFD0FFF1F095
FF5BFFFFFF70FFA9DD67FFFFFFD934FF
FFC1FFD8FFFFFFFF9EFFFFFFFFFFFCFF
95AFFFC2FFFFFFFFFF3BFFFFFFFFF8FF
99FFB9FFFFFFFFFF77BDD4FFFFFFFFBB
FFFFC2A9FFA4FFFFC4F2FFFF66FFFFFF
FF654DFFFFD0FFE4FFFFFFFFA1FFFFAF
A1C7FFFF7EFF88FFFFFFFFFFCAFFFFE1
C4FFFFD89ECBFFFFFFFFFFF17BA0FFFF
5EF488FFFF4ABAFFFFFFD9FFF19948FF
C9FFFFFF8FFFFFFFFFFFFFFF93FF67FF
D7FF2345FFC3FFC45AB5FFB28DD60000
FFFFFFFFFFCDFFFFFFBADBFFFF3CFFFF
D4FFFFFFFF12FFFFFFFFFFC5D4FFFFFF
C4DB91FFFFF34AFFFFFFCFFFA7993EFF
85FFFFFFB7FFDFFFEDB676FFFFFFFF99
FFFFFDFFC9F0FFFFFFFFFFA1E021FCFF
8C3AFF7FFFFFD3FFFFA2FFFFFFFFFFFF
A0FFCCBBF2FFB8E4FFFFBEFFFFFFA2FF
B250FFFFD2FFFFFFA5FFD6D2FFFFFFFF
FFFFFFFFFFFFFFFFFF51FFFF8FFFA6FF
FFFFFFFFFFFFFFFFBFB9ABFFFFFFFFFF
FFFF81FFEAFE42FFFFFFFFFFFF5328FF
D6E3FFE1FF20F2FFB5FFA6FFD17CB4FF
FFFFFFFFFFFFFFFF4FFF9AFFFFDBFFFF
C122FFFFF2FFFFCEFFFFFFFFEEFFFFFF
8E6FD2BBFFFF9AFFFFFFFFFFFFFFFFFF
C3FFC4FFB3FF79FFFFFFCFFF65E7A69B
FFFFFFFFC827B4FFFFFFFFFFFFFFFFFF
26FFFFFFEBFFFFE7FFFFFFFFFFFFFFFF
FFFFFFFFB3FFFF49FFFFC9B9BC543E3D
FFFF8EFFFFFFFFFFFFFFFFFFFFFFEBE0
40F2FFFFFF7AFFFF8AFFFFFF85DBFFE3
FFFFB7FFFFFFDAC9FFFFFFFFFFFFFFFF
A5FFFF31FFFFC8FFFFFFFFFFFFF0FFFF
EF99FFFFDFFFFFFFADFFFFFFFFFFFFFF
FFFFFFFFFFFFFFFFFFFFFF50FFFFD9FF
FFFFFFFFBA18FFFFF6FFFFFFFF9093FF
FFFF8DFFFFEBFFFFFFFFFF9DFF72E2E1
FF9BFFFFFF8445BBD5BBFFFFFF94BC60
FFFFFFAEEDBCAE63FFFF27FF5A976EFF
8AFFF7FFE0FFFFFFFFFFA42FFFFFFFFF
FFFEFFFFFFFF24FF8AFFFFFFF2FFFFFF
C2FF90FFFFE5FFD562FFFFFFFFFC0000
A84993E1FFA3FFFFFFFADD3675465EE4
83FFFFCCFFFFFFD5FFFFFFFFFFFFFFDE
FFFFFFDAFFFFFFA5FFFFBAFFF6FFFFFF
FFF541FF8FFFFFFFD8FF5A4CCBFFFF5D
FFFF90FFFFFFD2FFFFFF43FFFFA9FFC5
D97DFFEFFFFFFFFFFFFFFFFF50E7FFFF
FFFFFFFFFFFFFFA0FFCBFFFFFF6429FF
FFDDFFFFFF38FFDB3F48ECB6FFFFFBFF
48AAF8FFFFFFFFFFB3757597FFFFFFEF
DB417CF8FFFFFF8AFFFFFFFFFFFFFFFF
FFFFFFFFFFFFFFFFFFFFFFECC845FBFF
FFD6FFFFFF69FFFFFFFFE566A665EBEA
FFFFFFFFFFFFFF5ABBFFFFFFC9D0FFC3
FFFFFFFFFFA2FFC963CBFFECFFFFDBFF
FFFFFFFFFFFFFFFFFFFFFFFFFF8DFFFF
E7FFFFFFFFFFFFFFFFFFFFF19F969E9B
FFFFFFFF99FFFFA5FFFF91FFFFFFF5FF
FFFFCCFFFFEDFFFFFFFFCEFFFF7CFFFF
FFFA6EFFFFFFD4FFFFFFFF1DFFFFD2C4
FF92FE1DB2EBFF3CBBFFFFFFFF68FFFF
FFFFFFFFFFFF7AFFFFFFFFF48054FF7B
F8FF7BFFA74AFFFFFFB60ABDFFFFFFFF
FFFFFFFFFF4D56FFFFE7B95A79772CB0
FFFFFFFF32FFBDFF51FF7AFFFFFFFFFF
FFFFFFFFD1FFFFCAFFFFE1FF4DFFFFFF
C9FFFFFF97FFFFDE9AFFFFFFFFFFFFFF
FFFFFF97FFFFFFEBE591B11FFFA065BD
F6FF96FFBA8710DCFFFFB4FFFFD1FFFF
FFFFE5FFFFFFFFBDFFFFFFFFFFFFFFFF
FFFFFFFFFFECFFFFE1CA5F3DFFA4FFFF
83FFFFFFE2FFBFFF92FFFFFFDDBBFFFF
B1FFFFF071F5FF32FFFAFFFFFF9F0000
FFFFFFAFFFA5FFFFD688FFFFFFB1FFFF
E8FFFFFFBEFF91FF359BFFFFFFFFFFFF
FFE0FF9CFFDCFF74FF43FFFFFF52FF85
BFFFFFABFFDEFFFFFFFFB090FFFFC450
CEFFFFFFFFFFBCFFFFFFFFFFFFFFFFFF
FFFF3E0EFFFFFFFFFFFFFFFFFFFFFFFD
D8D9FFFFFFFFFFFDFFFFFDFFFF7898FF
FFF1FFFFFFFFFFFFAFFFFF1FFFFFFFFF
FBE1BEFFC1FF9BFFFFFFFFFFFF196EFF
72DAB08862FF24FF8B6DDFFFCCFFFFDC
FFFFFFFFFFFFFFFF9CFF63FFF152FFFF
82CCFFFFFFFFFFFFF4FF5FD3FFFFFF9B
B7B7FFB5FFFFFFFFFF80FFD3FFFF6566
9671FFA7FFFFFFB6FFFFD8FFFFFFFFFF
FFFFFFFFFF42FFFFFF2FFFFFFF5730B6
E9FFFF61FF9EE4FF43FFFFFFC3CFFFFF
C2FFFFFFFFFFFFF397FFFFFF98FFFFFF
FFFFFFA0D4DDFFFFFFFFFFBBFFFF9577
FFFFFFFFFF6AFF60FFFFFFA4FFFFFFFF
FFFFFFFFFFFFFFFFD4C9FF48FF5FFFFF
D7A0FFFFFFFFFFFFBCFFFFFFD448FFFF
FFFFFFFF94FFFFF1FFFFCB83FFFFD5FF
FFFFFFFFFFBCFFFFFFFFFFC6C6FF75FF
EFFFFFFFFFFFF9FFFFFFFFFFFFFFF8A2
FFD991F7FFFFFFFFFF52BCCFFFFF62FF
8AFFFFFF94FF3C98D3FF4DFFA0FF61FF
FFFFACFFFFFFFFFFFFF5F365FFF5FFC7
FFFFEFF7FFE182FFFFFFFFFFA0A8FFFF
5D0FFF1AFF55FFFDFFD0FFBED9D287FF
FF8F1CF3FCFFFF3DFFFFE328FFFFFFAC
FFFF72FFFFFFFFFFFFCFA7FFFFFFC87E
FFFFFFBCFF13FFB3FFFFFFA3FF730000
B251FFFFFFFF9386D342FF74FF10FFFF
CEFF3A96FF53F3F5FFFFE1B5FFA7299C
FFFFB7FFBEFFFFB1FFFFDE3BE7FFC1FD
FFFFFF65FFFFFF11FFFFFFFFFFC0D24F
FFB453F6D2FFFF2DFFFFFFDFFFFF91E8
FFFFFFFFFF8CFFA8FF74FF2BFF8FFFFF
64FFFFFFDEFFA2EE30FF97FFFFFFFFFF
FFFF35FFFF80B8F3FFFFFFFFFFFFBDE1
FFB9FFFFFFFFFFFAEFF473B3B6B7FFF5
D99C5BFFFFFFBADCFFE6FFFFFFFF3FFF
8CFFFFFFD4FFFFF9FFFFFCFFFFFFFFFF
FFFFF33DB1A2B5FF9EEDFFFFFFFFBBFF
FF5DFF736AFF4EFFFFFFFFFFFF76FFCB
FFFFFFFF86FFFFFFFFFFFFFFFFFFF8FF
1A65FFFFA9C5FAFFFF4AFFFFE397C1FF
FFFF8FFFFFFFEFFFFFFFFFFFDBC37EFF
ABFF6FD8FFFF5AFF9BFFFF98FFFFFFFF
FFFFEBFFEFFFFF79FFFFFFFFFFF37D2D
FFFFECFFFFEDD3FF46FFF2FFFFFF65FF
61FF27FFFFFF97FFFFC4C5FFFFBEFF3C
FFFF8AFFFF94FFFFFFFFA5A2FE9E4C59
FFFFF6D4FBFFFFFFFFFFA5EFFFFF4CFF
44FFFAF0FFFFE7FFFFFFFFFFFFD9FFFF
FFFFBAFFFFFFE7B7FFFFFFFFFFFFFFC0
D4D541C2FFFFFFFFEDCBFFFFFF63FFFF
FF75E2FFD6FCACE5FFFFFFFFFFFFE1B5
A9B074A76CFFFFFFFFFFDB55FFFFFFFF
FFFFFFFFFFC5FFF4FFFFFFFFFF7DFF99
FFFFFFCFFFFFFFFFFFFFFFFF6FFFFFFF
FFFFFFFFFFFFBDFFFFB5FFFFFFFFFFFF
9CFFFFFFFFFFFFFFEA2C82FFFFFFFFFF
FFFFFFFF3DFFFFFF9FEDFFFFFF530000
ABFFFF8AFFFF890F46FFFFFFFFFFFFFF
FFFFFFFF3C2F88A0FFFFFFFFF05FFFFF
FFBBFFFF9BFFFFFFFFFFFF81FFFFFFCC
FFFFFFFFD746FFFFFFFFFFC3FF64FFFF
7E78B8911072D9FFFFFFFFFFFFFFFDCC
FFFFA6FFFF87FFDBFFF8FFFFFFFFFFFF
FFDBFFFFFFFFFFFFFFFF44C1FFFFFFFF
FFFFFFFFD63771FFFFFAEFFFFFFFFFFF
FFFFFFFFFFFFFFFFFFFFFFFFFFFFFF0A
FFFFFFFFCBFFD54FFFFFFF7DFF9BFFFF
B36314FFFFD329BAEDF2FFFFFFC9DAEB
8E49D5FFFFFFFFFFB47DFFFFFFFFFF96
FFFF9E7FFF9BFFFFFF8CFF54FFFEFFFF
FF7EFFE770CCFFFF72EB65BD5C9FFFFF
A5C1FFFFFF1DFFFF938A8DCAFF95FFFF
FFFFCDFCB8FFFFCDFFFFFFFFFFFFEEFF
FFFFC9FFFBFFFFE1BAFF9AFFFFFFFFFF
FFFFFFEBFFFFFFFFFFFF998AFF3A6BFF
FFFFFFE5FFFFEE9CB547FFE9FFFFFFA0
FFFFFFFFB7FFFFFFFFFFE1FFFFFFFFFF
FFFFFFFFFF83FFFFFFFF4EFFFFFF7A93
FF3740FFFFA732FEF4A176FFEDFFFFFF
CBE19936D9FFFFFF95FFFF6DFFFFFFF0
FFFFE6FFBFFF8FA5FFFFFF6C99FFC6A1
E0FFFFFF2F67C7FFCDFFFFFF59F9FFFF
B8C75D92FF95FFFFFFFFFFFFFFFFFF91
FFFFFFC1BCC2FFFFFF9C6643B0CACECC
58FFFFCFFF8AFFFFFFFFFAFFFFFFC1FF
617DFBFFDF34FFFFFFFF68FFFF90E0FF
49DB42FFDDFFFFFF7FFFFFFFD1FF51FF
FFFFC4EB7FFFFFFF85FFFFFFABFFFFFF
FFFFFFB6FFFFE5FFFF67FFFFFFB90000
FFFFFF18FFFFFFFFFFFFFF33BDB3FFFF
FFF7FFFFFFE587B1CDFFFFFFFF55FFFF
FFFFFFFFFF98FFA0FFFFB7FFFFFFFFFF
FFFFA2FFFFFFFFFFF5F91166FFAAFF1C
96FFFFFFFFEBFFFFDAFF59BEFFFFFFD3
FF61F7FFFFFFFFFFDDFFFFFFFFFFFFC1
FFC6B2FFFFFFFFFFFFFFFF8AFFA9FFFF
FFFFFFFFF0FFFF4D7CFFFFFFFFC7FFFA
FF4CFFBEEFDA6796FFFFFFFFFF5B353F
ABD4CFFFFFFFFF85FFFFFFFFEDFFFFFF
C2FFFF49C0FF8BFFFFFFB6FFFFFFF99C
FFFFFFFFA8C4FFFF408BF3FFFFFFFFFF
FFD0FFFFFF83FFACFDFFFFFFFF84FFAB
FFFFFFFFB68DFF08FFFFFFC5CAE9DBFF
FF81E364FFFFFD82FFFFB8FFFFFFFF75
FFFFFFFFA5FFFFA67162FFFFFFFFFF96
FFFF41A4FFFFFEFF5ADAFFBCFFFFFFFF
FFFFFFB4FFEEFFFFFFFFFFDAFF19E7FF
FFFFFFFFFFFFFF6AF615FFD3FF194538
FFFFFFFFFFFFDDFFFFFFFF58FFCDFFCE
80FFFFFFE73FF0FFFFFFFFE6FFFFFF95
A3FFFFD6FFFFFFFFFF45D2D1D36AFF96
FF4DFFFFFF6EB3F3B0A5FFFFFFFFE6FF
FFE6FFFFFFFFFFFF28FF7B8D896ED7FF
FFFF6972FFFF69FFD4FFFFFFFFFFFFFF
F2FFE7FFFF80FFFF9195FFAE36FF73FF
FF9EFFFFFFFFFF6CFFB6FCFFFF966FC5
FFFFFEFFFFFFFFFFCEFFFFFF83CEFF8D
FF3AD6FFD6F3BC1EFFFFCFFFFFFF6FFF
FFF891FFFFFFB9FFFFFF1BFFFFFFB9FF
FFFFFFFFFFFFE47AFFFFFF57FFFFEF3F
FFFFFFFFF1FFFFFFFFF2FFFFFFBB0000
CC7C83C3FFCAFFFFFFFFFFB684FFFFFF
FFFFFFFFBFFFFFFFFFFFFFFFFF72523B
FFFFFFFFFFFFFFFFFFFFFF64FFD14DFF
FFFFFFFFFFFFE484FFFFFFFFFF69FFFF
82FFFFFFFFAAFFFF9FFFFFFFC1FFFFC0
FFFF85FFFFFFFFE02AFF9EFFFFFFF3FF
6AFFFFCFFFFFFFF3FFFFFFFF88FFFFFF
67FF3BFFCDF6FFFFFFFFFFFFFFFFFFFF
FFFF493818FFA8FFFF63FFFFFD79FFFF
22FFFF62FFFFFFFF2ECAE8FFA7E7FCFF
FFFFFFFFFFFFC0FFAAFFADCBFFFFFFD0
B896FF263BCE94FFCBAFD8FFA7FFFFC7
FFFFFFC73B89FFFFFFFF50FF65CD6EFF
FFFFFFFFBAFFFFF9FF6DB5FFFFFFFFC9
22D8D0D5CAFFEDFFFFB5FFFFFF94FFFF
7FE6A286FFFFB0935656FFFFFFFFDEDD
7DA7FFFFFFFFFFC277FFFFFCFFFFFFFF
B7FFFFFFECFF82EEF3DFFFBBFFFF0C20
FFCEFFE6FFFFFFFF90FFADFFFFFF24B9
FFFFFFF9F6FFFFFFFFFF9ED3FFFFFFFF
FFFF39ADFFE1F6C1FFFFFFFFFFCECCFF
FFFFFF92815FF4EBFF319C1CF3FF7AFF
FFFFFFFFFFE3FFFFFFFFFFC6FFAFA1FF
FFFFE6FFD1FFFF5CFFFFFFBAADDAFFFF
6DBE8FFFFFFFB8FF8DFFFFFFFFFFBEFF
FFFFFFFCD5FFFFFFFFEEFFFFB8BEFFFF
FFFFFFFAFFBFFFFFFFFFCBFFFFFFFE56
FF80D330A3F2FFFFFFFFFFFFFFFFFFD6
C892FF50AC50FFEE65FFCB63FFFF7CFF
FFFFFF7CFF555EFFFFFFBFFFFFFFF4FF
EFFF9AFF9ED392FFC9F6FFC6E1FFFFB8
FFE4FFFFFF7F95B882FFFFFFFF440000
FFFFFFFFFF8FFFFFFFFFFFFFABFFFFFF
FFFFFF9A64FFFFFFFFFFFFFFFFFF68BA
FFFFFFFFFFFFFFFF3E4D94A1C4C962FF
BCEFFFA2955EC7FFFF05FFFFFF55FFFF
FFFFFFFFFFFFFFCF82FFDEDBACFFC2FF
FFFFEFFFFFFFDB46AFFFFFFFFFFFFF36
FFCDFFE9FF1BFFFFFFFFFF6BFFFFEC62
FFFF5AFF60FFB9FFFFFFFFFFFFF6F39D
D8FFFFFFFFFFCCDD84FFFFF36DFAFFFF
FFFFFFE7FFFF7949FBFFDDFFFFFFFFFF
FFEEFFFFFCFFE2FFFFFFFFFFFFDFFEC5
FFFFFFD9FFFFB9FFD478C2FFFFFFFFDC
FFFFFFB470FF8BFFFFFFFFFFFCFFFF82
BCF7F370C8FFE1FFFFFF99FFFFB5FFFF
A7FFED4CFFFFFFFFFFFFFFFFFFFFFFE5
FFFFFFFF7DD485FFFFFFFF1DFF268029
BD4E9D6152FFFFA9FFA73CFFE2FFB6FF
FFC374EC2EFFFF65FFCFFF906FFFEE3E
CEFFBCFFFFFFFFFFFFC831FFFFFF4EDA
94FFE5FFFFFFFFE2ABE085FFB077FFFF
FFF49AE7FFFFDEFFFFFFFF67FFA2A1FF
FF2B83975F9A39C3FFFFFF93ED4EFF52
FFFFFFFFFF94FC95EFFFFF98A562EEFF
FFABB4FFFFFFFFFFFFFFFFFF609DFF94
FFFFFFFFFFBCFFFFFFFFFFFFFF2EFFFF
DAB08CFFFFFFFFEBF7FFFF63FFFF86FF
8CFFFF7DFFFFFFD5FFFFE4FFFF8EA6FF
FF43DDCFFFFFFF71FFFFFFFFADFFBDB7
FFFF9CFFFFFFFF93A9FFF2A4FF75C7FF
CAA4CDFF94FFFFFFFFFFC0FFFFFF9AFF
FFFFFF1CFFFFFFFFD6FFFFFFE8FFFFFF
FFFFFFFFFF43606665FFFFFFFFFF0000
6578FFFFB3DB6B96FF53FFFFFFFFFFFF
FFFF7C575986FFFFFFFFE0FFFFFFFFFF
FFFFA8FFFFFFFFFF93D841539C8AB1FF
7776FFFEFFFFFFFCC3FFFF50FFE8F8FF
FFFFFFFFE9D455EE70FF975A60FFFFFF
FFDC8BFFFFFFFFFFFFE1AA4FD8FFFFFF
FFA8F7FFC9D4FFF39D7CFFFFFFFFF6FF
FFFFBCFFC8FFFF65FFBAFFFFFFFFFFFF
FFFFFFE286FFFFFFFFFFFFFFFF79FFFF
FFE7AFFFFF2AFFADC0FFE1C5FF9EFFFF
FFF422FF36FF30FFFFFFFFFF2033FFFF
CBFFFFFFA2FFFFFF98F6FFD8FF2FFF8E
FFFFFFFFFFFFFFFFFFE6FF8DFFFF2DFF
FFFF62CBEFFFFFFFFFFFFFFF846E85FF
FF6BFF8DFF7CFF7BFFE6FFFFFFFFFFFF
AAFFFFFFFFFFFFFFFFCBFFFFFF32E9FF
E7FF9BFF7BA038A07BFFFEF0AFFFFFFF
8CFD99B272353AFFD0B3FF81FF4BFFCC
FF9C11FFFFFFC0FFB4B6D7FFFF61ADFF
1EFFFFFFFFFFFFCCFFFF19C06DDA92FF
FFB2ECFFFFFF58FFDCFFFFFF8769D3FF
FFFF9179D9FFA9FFFFFFFFFFC3D62199
FFFFFFAD75FF24FFFFFFFFFFEFFFFFFF
EEFFFFF1FFFFFFFFB7E04CACFFADFFFF
FFFFFFFFFF75FFFFFFE3FFFFFFFF4BFB
FFFFFFFFFFFFFFACFFFFFFFFFFFFFFFF
FFFFFFB2FF93FFFFFFFFFFFF8FA4ABFF
FFC57DA3FFFFFFBCFFFFFF9150FF61FF
FFFFFFFFFFFF848E5F48E1F9FFFFFFFF
9DFF89FFFAFFB1FFCBFFFEFFFFFFFFFF
FFFFEB6C887DFFFFFFFBFFC0FFFF7C83
FFFFFFB2EFFFFFB470FFFFFFFFFF0000
FFFFFFFF38DC0BFFFFFFFFFFFFFFFFFF
FFFFD4ABFFE9CD95FFFFB0C12AD6FFFF
FFFFFFFFFFCEFF69283C45C3FFC1CBFF
FFFFCFFFFFCA33A6F093A3E2EAFFFFFF
CAEAFFFFFFFFFFFF98BAB979F1A295D4
FFC4F31A9FFF2796FFFFFFFFFFFF3AFF
DA44D445FFFFFFE4FF5B68FFFFFFE7FF
FFFFFFB59A51FFCFFFA7FF40FF7AB5FF
FFFFFFFF859EFDFF97D7FFE9FFFFFFFF
93FFA8E5FFFF41FFFF96FFFF81FFFFFF
FCFF79FFFFFFFFFFEDDCFFFF2486FFFF
FFFF23FFFFFFFF86FFFFFFFFFFFFFFFF
B4FFCDFFFFFFFF73CCFFFFFFFFFFFF9B
FFFFFFFFFFFFFFAEB6E6FFFFFFA54CFF
C3FFFFD3FFFFFFFFFF5080FFFFA5FFFF
FFFFFF8AFFE5FFFFFF71FFFFFF88FFFF
FFFFFFFF3B90FFFFFFFFB5D0EE73FFFF
FFFFFFC5A17FFFDFE5E9FFFFFFB6FFFF
B7FF9EB4FFFFFFFFFF7157ACFF61FFFF
FFFFD7FFFFB3FF6AFF9CFF83FFFFDE3C
FFFF59FFB1DEFF96FFFFFFFFFFFFFFCF
97FF41FFFFFFFFB26FFFFFC2BFFFE1AE
FFFFFFC1DDD987D5FF94FFFFFFFFA6FF
FFA2FF24B5C84DFFA6FF71FAC696FFFF
F4FFFFFFFFFFFFD5FF6DDCFFFF6BFFFF
FFFFF9FFFFFFFF6DFFCCFFFFFFFFFFDF
FF94FFD1FF99FFFFFFFFC7FFFFFFFFFF
FF51FFFFFFFFFFFFF2B1FFFFFF4DE096
A7DBFFFFFFFBFFFFFFA4FF9087FFFFFF
F5FFFFACFFFFFFA0FFF5ADFFA4FFFFFF
FFFFAD334CFFFFA3FF72FFFFFF20BED7
FFFFBDBEFF1CE2EAFFFFFFFFFFFF0000
FFFFFFF7D6FFFFFFFE8F6EE1FFFFFFFF
FFFFFFFBFFD8BFFF6356BCFF8BFFFFAC
FFFF373DFFB7FFFFA18FFFBA5630FCFF
FFFFFFFFFFFF65DFFFFF5AFFFF4CFFC5
32FFFFFFFFFFFFFFB2FF27FFFFED9CF3
FFF2FFFFCEB58A4EDE5FFF20FFFFFFFF
FFFFFFFFFFFF56FFFF7AA4723C76FF40
99EDB8FFFFFFFFFFFFFFE9E5FFFFFFAD
FFFFFFFFFFFFFFD590D8FFDBFFE5FFFF
FFFFFFFFFAFFCAFFFFFF99FFFF36FFFF
C0F5FF65FFFFFFFFFF43E387DE70FFFF
FF19FFFFFF88FFFF96FFE1CDFFAAB3FF
73ECFF68FFFBB0FFFFFF94FF76FFFF15
FFFFFFFFFFA2E8C4FFFFFFFFFFDCA5FF
FFA590AFFFEEFFFF65AB73F4D4CDFFFF
FFFFBAFF9EFFFFBFB7F1FF686FA1F9FF
FFB48AFFFCFFFF67FF6CE7A847FFFFFF
FFFFFFFFC6C042AC3AD4FFE46FFFFFAD
FFBDDAFFFFFFFFFF91FFFFFFFFFFC5FF
FFD2A7D220FF78F0FFFFFFFFFA53FFFF
73FFFFFFE3FF72FFFFD1FFFFD3E2FFFF
FFFFFFFF808CFFB27DFFFFFFFFB35DDD
FFFF6E7987FF6EA8FFCCD7FFFF3CFFFF
FFB9FFFFFFFFFFFF9DFF4FFFFFDBE6FF
93FFFFFFFFFFFFFFFF869FFFFF6EFFFF
FFFFFFFF94FFFFFFFFFFFFFFB09C89FF
FFFFFFFF88FFFFFF87FFDCFF62FFD4FF
FFA9FFFFFFFFF22EFFFFFF1CFFB243FF
FFFFFFF7FCFFFFFFFFEBAA33FFFAFFFF
D7F3A8EDFFFFFFFFFFFFFFFFA2FFA0FF
FFFFFFFFA1FF55FFFFFFFFFFFFFFC0F7
80FF3DFFFFDF5BA2FFFFFFFFFFD50000
80B2FFFFB3FFFFFFFFFFFFFFFFFFFFFF
FFFFFFE2898BB0FFFFFFFAFFFFFFCDFF
89FF6C6EFFFFC2FF7DFFC7FFFFFF4287
97FFB1F5FF6FD673FF4AFF73FFFFFFCA
75D97DB4839FFFA1FF9DFFEFC8754F4B
FF2FADFFFFC1E0FFFFEAFFEDFFFF4664
FFAA66FFFFFFFFFFFFF1E131E6FFDDDB
B8F6FFAEFFFFFFFFFFFF7CFFFFDDFFFF
4CF2FFFFEEFFB8E0FF6285FFECFFFFFF
CAFFFF8AFFFFFFFFFFFFD397FFE5FFFF
3437FFFCFFFFFFA5FFDB718FFFFFFFFF
FF41FFFFFFFFFFFFFFE0F1FFFFFFFF7D
EBFF94FFFFFFFFFFFFFFFFFF9AFFFFFF
BEFFF1B3FFFF5CFFFFFFAB7C76FFFFFF
FF5C860FFF72FF648DF0D1FFFFFF49FF
FFDAFFFFFFFFEAFFFF8DE7FF50FFFFFF
38FFFFBAFFFFFFCFFFFFFFFFFFFFACFF
FFFF47FF83D23176FFFFD0FFFFAFFFFF
FF3AFFFFC0FF5AFFFF51FFFFFFFFFFFF
8A64FFFFFFFF9038FFC4FFFFFFFFFF36
FFFFFFFFE0FFFFFFFF8CFFFF987EFFE6
88FFE9FFFFFFFFFCFFFF45C2FFFFD17C
FFFF869882DD35C0FFC286FF73F0FFD3
56FFFF7BFFB3FFFFFFFFFFFFB5FFFFFF
FFBED8FFFFFFFFEEFFFFFFFFFFAFFFFF
FFFFFF1AB7FFFFFFCFFFFFFFC95538FF
95FF36A6B8FF5FFFFFFFFFFDFFFFFFEA
FFC2FFFF86FFFFFF9083B2FFAD87FFFF
5BFFE694FFAEFFFFFFC822CBFFFFFFB5
FFFF91FFFFFFFF99FFFF6EFFBBFF89E9
BEFF7B59FFB1C8FFFFFF53FFAFFFFFFF
FFFF89FFF3FFF0BDFFFF6CE9568C0000
FFFFD19E977093FFFFFFFFF8FFFFCFD7
FFE9F9DEFFB9E88F91D1FF80FFFF7DFF
C4F6FF45FEFFFFFFFFFF7BFF57FFCDA1
FF52FFFF92FFDCB5FFFFFF8FFFFFFFF8
F4FFF8FF5AD3FFFF7FFF9EDAFFFFFFFF
FF8DFFFFFFFFFFF8ADFFFFFF4CFFFF95
647C4A6667FFFF7BFFD6FF3BFFFFFFE9
FFFFFFFFFFFFFF41FEFFFFFFFFFFFFE5
FF425A106199FFFFFFFFFFFF76FFFFFF
8BCDFFFFFFFFFFFFFFFF2DFF8FFFFFFC
FFFFFFFFEEFFFFD79A213DFFDEFFEDFF
FFFF74FFFFFFEDFFFF2B77FFFFFF5D90
FFFFFFFFFFFFFFFFFFFFFFFFDCFFB2D8
FFFFFD8CDEFFFFFF30FFFFB79EFFFFD0
C9FF80A2FFDFFFFFFFFFCEFFC791FFFF
3382FFFFFFFFFFD4FFFFFFFFFFFFFFFF
FFFFFFFF52FFFF69DB8DFFFFFFFFFFFF
FFF0FFF1FFFFFFFFFFFFE5FFFF476CFF
FFE7FFE1FFF9FFFFFF43FFFFFF3DFFFF
DDEAA9FFFFFFFFD2FFFF6E84FF93FFFF
FFFFFFFFE8FFFFFFFFFFFFFF31FFFF65
E7EB98EAFFFEFFFFFFFF88FFFFF3F5C5
FFFFFFFFFFFFC8FFFFB4DDFF42E4FF3F
FFFFFFC5FFFFFFA7FFFFF2D5416B438C
9DFFC29EEBFFE6FFFF6BFFFFFFFFFFFF
FFC9FF8EC8FFA7FFFFFFF7FFC0442FFF
FFFF9E29FFFFFFFFFFFFFFFFDD71FFFF
FFADFFFFFFFF9DFFFFFFFFFFF1FFFFFF
EEFFFFFFFFFFFFFF5E42FFFFD6FFA7AE
FFFCFFFF994FE4FFFFFFFFFFF4FFFFFF
FFFFFFFFFFE7FFFFFFFFC2FFD7FFFFFF
FF9E56FFFFFF88FFFFFF6FCAE7FF0000
FFFFFFFF56FFFFFFFFFFFF60FFFFC7E7
FFFFA0CDFFC7FFFFFF99FFCDFFFFFFFF
FFFFFFFFFFB2FFFF89FFFFFFFFFFFF79
79FFA5FFFFFFBDFFE4FFFFFFFFCBFCFF
FF9A84983879B6FFFFFFFFF9FFFFA2FF
FF5E87FFFFFFF1FFFFFFFFFFE12DFFFF
56FFFF7834FFFFFFFFFFFFA4FFFF75FF
72BAEBF1FFFFFFFFFFFFFFFFDDF3FFFF
6F367B25DDFFFFA0FFFFFFFFCBFFFFFF
FFFFE6B0FF91F288AEFFE7FFFFFFFFFF
FFFFF4C4FF5DFFFF5AD6FFC2FFD42EFF
E5FFFFFFFFFFFFFFFFF4AFB4A05E90FF
FFD5FFFFFFFFFFFFFFFF48FFEDFFFFFF
FFFF8EB5FFFFFFA0EFFFFFFFFFFFFFFF
B2FF94FFFFF7E98FD4FFFF6EFFFFFFFF
ABFFFF8BFF90FFFFFF66FFFFFFFFFFFF
3FFFDD921FFFFFC88AD3FFFFFFFFFFEF
FFFFFFDCFFF1FFFFFFFFFFFFFFC3FFFF
FFFFFFFFFF4BB3FFFFFF5896274A78FF
FFFFFFFFFFB6FFFFFFA7FFFFFFFFFFFF
FFFFFFFFFFFFFFC9D991D8FFFFFFBCD1
FFFFA02CFFFFFFFFFFFFFFD7BC73E8FF
FFFFDCFFFFFFE38CFFFFCBFFFFD4FF3B
FFFFFFFFFFDCFFFFFFFFFFFFA03B3074
FFADFFB55B7CF5FF4D66FFFFFF8EA35D
FFFFFFFFFFFFFF34FFFFFFFFFFB497D2
FFED1EFFEEFFFF95FFFF34FFFFFFFFFF
FFFFC7FAFFFFFFFFFFFFFFBDECF3CEFF
FFFFFFFFFFFFFBFFFFFFFFFFFF6032FF
FFEAFFFFF6E1FFFFFFFFCEDE7DCCFF7B
FFB9FFD963A7FFFFFFFFD5FFFFFFFFFF
5FD5A6FFFF89FF4B5DFFFFFFFF980000
FFFF6EFF95FFFFBE58FFFFE8FFA1FFFF
FFFFFFFFACFF8EFAFFFFFFFFFFFFD7FF
FFFFBAFFFFF3FFFFFFFFFFFFFFFFFFFF
FF54FFFFDCFFFFFDFFFFCF6DFD84BC2E
FFFFFFFFFFFFFFFFFFFFFFFFF5FFFFFF
FFFFFF9CFFFFFFFFFFFFFFFF50FFFFFF
FFFFFF7EFFFFFFB3FFFFFFFFDDFFFFFF
7D83FFFFFFD7FFDB47FFFFFF91FFB3CD
A74A64C06AFBFFFFFFFFB75BFF79DFC9
FFFFFFFFFF7EFFFFFFE3FFFFFFFFFF21
FFFFFFFFFFFFAEFFFF9DFFE1FFB723FF
FFFFFFFFFFB0FF84FFDACFFF7ED7C2FF
FFFFFFFFFFFFDFFFFFFFFF37FFFFD0FF
FFFFFFFFFFFFFFFFFFFF5179FFFFFF53
FFFFB2FFFFFFFFFFFFFFFF74788995FF
9EF392FFFFFFFFFFFFFFFFFFFF50FFFF
FFFF2BC8FFFFFFFFDDFFFFFFFFC6FFFF
FFFFFFFFC5FFFFFFFFFFF4FFFF9DFFFF
FF19FFFFFFFFFFFFFBFFC5B225B094A7
FFFFFFFFE2FFFFFFFFFFC7D3FFE397B0
CEFFB4FF4E77FF635ED1FFFFFF5AFFFF
FBFFFFFFE1C95EB3FFFFCD777EFFFFFF
FFC8FFFFFFB1FFED61FFFF8DFFFFA2BD
C2FFA7FFFFFFFF81FFFF9FD76795ACAC
FFFFFFFFFFFFF8A4FFFF73FFA7FFFF9A
FFFFFF7DFFE5CBFFF1FFFFFFC1EAFFA3
FF68D2FF79FFB6FFFFFFFFCDECFFFFFF
FFA0FFFFFF9AFFB28AFFFFFFFFFFFFA2
FFF0FFFFB8FFFFFFFF50FFFFCCA0FFD8
FFFFFFFFFFFFA12A62FCFFFF2371FFFF
63EAD6A0F6FFFFFFFFFFFFFFFFF5A1CC
FF837E3FFF7D961844FFFFFFFFFF0000
C3FFFFB8FFFFFFFFFF52FF768BB6FFFF
FFFFE0FFFFFFFF64FFECCDFFFFFFD759
FF8ADCBAFFD7FF4E9B3AD9FFFFFFFF2F
FFEDFFFFFFFF57C2FF3C9B94FF326CB7
D0FFFFFFFFFFFFFFFFFFF6FFAAFFD9FF
52FFFFFFFF99FFFFFFFFFF41FF35CD30
A9DFFFA1FFFF60FFFFFFFFFFFFFF65FF
FFA1FFFFFF56BFFF62FFFF94A4FFFFAF
FFFCBBFFFFFFFFFFFFFFFFFFA0FFB8FF
FFB4FB4AFFFFFFFFFFFFFFFFFFFE8BFF
FFFFFFFFFFFF64FFFF92FFFFFFFFD1FF
FF74FFCBFFFFFF29FFBBFFFFFFDE82A4
5EC8FFFFFFFFFFFFFFFFFFFFC8FFE2B1
FF8EFFFF78FF66FFFFFFF08FFFFFFFFF
FFFF67FF30FFFFA4B8FFE096C2FFFFFF
C4FFFFFFFFAFFFFFFFFFFFFFFFD0FFFF
FF749FC3FFB9FF8546A372F4FFFFB8FF
FFFFDAFFFFBDD8FFFFFFCDFFFFFF11A8
FFBF7BFF44FFFFFFCEFFFFCDFFFFFF44
74FFFFFFFF2AFFFFFFFFE7FFFFFFFF8C
FFFFE06FFFFFFFFFFDFFFFFFFFFFFFFF
FF7A86955023CDFFFFDAFFD6FF578CFF
FFFFFFFFA5FFFFFFFFFFC1FFFFD99CFE
FFFFB7FFF6FFFFFF4AFFFFFFFFFFFF68
FFFFFFA7C3FFFD4EFFFFFFBBFEB0D8FF
FFFFFFA4FFFFFFFFFEAAFFFFFFFF9AFF
FF85ACFFFFFFA2D9FFFFFFFFFFF1FFFF
FFFFD8FFFFFFFFF6AFB5FBEEFFE3FFCE
FFFFFFFFFFF397FFFF19FF93FFFFFF82
F4FFFFFFFFDDFFFFFFFFFFEAEAFFFFFF
A2CEABFFFFFFFFFFFFF048FFFF98AA8A
A25DFFFFFFFFFFE382877553E0040000
FFFFFFECFF1BFFFFFF6DFFFFFF90FFFF
97AEC769FF71FF9B6BFF431885FFFFC0
FFD65BFCFFB8926DCA34C5FFFFFFFFFF
D4ADFFFFF4FFA138FF75FFFFFFE8DBFF
A8FFFFFFFFFBFF35FF8CFFFFFFFFC3C3
FFFFF1FFB66BFFFFFFFFF7FFFFFFFFF0
FFFF60FFFFFFFF51FFBEFFFFFFFFFCFF
FFFFA4FFC18FFFFFFFFFBE3EFFFFFFFF
B9FFFFFF6EFF50FF63FFFFFFFFCBFFFF
B4FFFFFFEFFFFF9FFFFFFFC8FFFFC263
E8FFFFFFFFFFFFFFFF80FF8AFFFFFF45
FF75FF56FF7BFF46FFFF2CFFFFFFFFEF
56FFFFB1978B2CFFFF8BD14B64FFACC7
FFFFFFFFFFE5FFFFEBFFACFFFFFF25FF
CA72E2FFFFA4FFFFFFE7D1FFFFFF784D
E7FFFFF2FFFFFFFBFFACE5FFD7D1D1B9
1CC99AEE20FFFFFFFFB96B4FD3FF6B97
FFFFFFFF96FFC2FFFFE8FFCF9FFFBB48
FFDEFFD5FFFF7BBEFFFFFFE3FFFFFFFF
FBFF4C5EFFFFFFFF93FFFFC5FC96FF6D
FF7685FFFFFFFF5C26FFFFFFFFFFFFFF
FFE48BEC89FFFF8BFFEAFFB1FFFFCF74
FF15FFFFFFFFFFFFFFBCFFFF684CFE3F
FFFFFFFFFFD7FFFFFFFFF87CFFFF69FF
E5FFFFFFBAFFFFE988FCA6FF88AADEFF
FFFFE9FFFF3EEDFFB3FFFF67FFA3F1FF
FFFFFFC488FFC0FF405380FFFFBBFFFF
FFF0FF7FF5FFFFE1325EFF98FFBE29FF
59F85EF6FF76FFFF8D8EAD8AFFFFFFFF
ECFFFFAEFFF8FF6A349FB4FFFF53FFC6
FFFFD6B6C9FFFFFFE7FFB1FFDF7FA8FF
E0FFECFFFFFFFFE7B3FFFFFF94FF0000
FFFFFFFFFFFFFFFFFFFFABFFFF57FFFF
D33E8A82FF9CFFFFFFFFFFFFFFE38A62
C3F7EAFFFFD5BA2764FFA3FFFFFFFFF6
FF2AFFFFFDFAD368FFFFFFE1FFFFFF89
FFFFFFFFFFC3FFFDFFFFFFFFFFFFFFFF
EDCEFFFFFFFFFFFFD8FFFFE5FF5579FF
FFFFFFFF37FFD46EFFFFFFFFFFFFFFFF
8AFFFFFFDC35EBFFAEFFFFFFFF49FFA8
FFFFFFFF61FFFF8EC03DFFFFFFFFFFE8
FFFFFFFFFFFFFFA2F4FFFFFFFFFFFFFF
58F4A4FFFFFFFF61E0A5FFFF36FFFFE0
67FFFF9AFF50FFFFFFFFFFFFFFC4FFFF
FFFFFFFFFF84FFFFFFFFFFB8CBFFFF49
FFFFFFFFFF81EDFFF7E3FF30FFFF57FF
D099FF8CFFFFFFFFFF766EFFDCFFFFFF
FFA670FFC4FFFF9DFFFFFFC7F6B85180
B887FFF6FFFFB7FFFFFFDDE8FFB9FFFF
FFFFEEBDFFDDDDFFFF9AFFC550707D70
FF63FFFFFFFFFFFF7AB6FFFFFFFFFF7F
FFFFE8FFFFFFFFFFFFFFFFFFECECFFA0
DDFFFFFF2AFFFFFFFAFFFFFFFFFFFFFF
26C1FFFF44FFDFFFFFFF5AFFFFFFFFFF
FFFFFFFFFFFFFF64FFFF4CFFA3F3FFFF
FFFFA9FFFFFFFFFFFFFFFF90FFFFFF93
6F427A61FFD2FFFF4FFFF37CFF9ACDFF
FF78FFFFFFE8FFFFA4FFFFFFFFFFFFFF
E5FFFFEB7AFFFFFFEFFFEFCDFF77FFFF
FFEF96FFFFFF8AFFF2FFA0FFFF39FFFF
61B5FFFFFFFFFFD8FFFF71BBC4EFFF4B
FFFFFFFFFFFFFFD7FFFFFFFFFFFFFFFF
FFFF896BD3E0FFC6FFF4FFE270F751FF
FFFFC6FFFF41FF5AFFFFFFFF78FF0000
25DBB4C1C0FFFFFF28FFFFD0FFDDED7B
BFFFC1FFFFFFA75C92FFFA2CB1F09FFF
FFFFFFFF9CFFD4AD13F6FFFFFFA9FFFF
EAFFEBDFFCFFFB16FFFFF4FFFFFFCDFF
FFFFFFFFFFFFFFC4B2A6E6FFFF9EFFFF
FFAAFFFFFFFFFFFFA7FFFFFFF3FFFFFF
FFFFFFFFA9FF5B92FF4EFFFFFFFFC3FF
A8FAD5E87FFFFFFFFF66FF55FCFFFFB7
FFFFFFFBD7A9E5AAF4EEFFFF80FFFFFF
FFFFFFFF32FFFF9EF9FFFFC6DEFEFFB9
FFFFB8C83FFFFFFFFFFFFFFFA9643AFF
ECFFFF51FFEDFFFFFFBEA1FFFFFFA13A
FFE9FFA291FF88FFFFBAFF82FFE3B9FA
FFDD0FF9FF62C299FFFF86FFFFFFFFFF
C965FFC6FF9FFFFFFFC4FFFFE48A42FF
BEFFFFFF7CFFFFA348FFFFFFFFEFFFFF
FFFFFFFFFFFF78CAFFEC2AC8FF8CFFFF
FF99D7FFFFFFFFDEFFFFFFFFFF859EFF
FFFFFFA9FFFFE4FB5FFFC1FFCAFFFFFF
A8FFBAFFFF93FFFFFFFF96FFFFFFFF73
FFFFFFFFFFFFFFFFD5FFFFFFFFFFF8FF
BEFFA0FFFFFFC3FFFFFF7CFFFFFFFFFF
93FFE492BFFFFF12FFFFFF40FF60A9E4
FFFFF4FFA4FFFFFFFFFFFF40FFFFFFFF
FFFFFFFBFFFFFF5FEAFF4ECF67FFEAC8
FFFFFF57FFE2C53AFFFFD5FFFFADFF83
FFFFFFB3FFD3FFDED2D8FFFF8DFFFFFF
FFFF93FF99FFC55C9CFFFFFF4BFFFFFF
EFABCC69FFFFFFA463BB15FF2DFFFFFF
B5FFFFFFAF9248278FFF6CC409FFFFFF
FFFFD45AFFFFFFE0FFFFFFBFFF72FFFF
FFFFFFFFFF87C35AA1FFC9F3A8480000
D6ABAD6AD1D5FEFFFFFFFFFFFFFFFF8A
FFFFFFFFF5FFE18D6EFFE0DCFF9AFF6B
FF97CAF5FFFF582454E7FFE7FFFFFFFF
FFFFFFA2FFFF68FFBAFF93FFFFFFFFFF
FFFFE8FFFF40FFFF3FFFFF79FFFFFFDE
EBFFFFFFFFFFFFEDFFFFBDFFFFFFFFFF
FFFFFFFFF2FF7C5C65FF86FFFFFFFFFF
FFFFFFB5FFC1FFFF84FF52FFFFFFFFFF
FFFFFFDDFFDAFFFFFFFFBDFFFFFF81FF
A4FFFFFFFFFFD8FF1FF7B1FF92FFFFFF
49FFCAFF96FFFFFFFFFF4CFFC7FFFFFF
FFFFFFFFFFFFFFFFFF193499FFFFF9FC
5EFF189EFFFFFFAAFF93EAFFEEB1FFD8
FFFFFFFFB7FFFFFFFFFFFFFFFFFF8EFF
FFFFFF2EFFFFFFFFFFFFFFFFFFFFFFFF
FFFFFFBB84D6CBFFFF4A6482FFFFD8FF
93FFFFFFFFFFFFFFFFFFFFFF619019FF
A0FFF6FFFFFF53FFFFFFFFFFFFB641FF
FFD3FF80FFFFFF724CFFFFFF57E267FF
FFFFFFFE88E7FF29FFFFFFBB99FFFFFF
FFE8FF7256FFFFCDB4FFFFFFFF672DFF
FFE9568CCA28FFFF29A7FF67FFFFFF98
FFFFFFFFFFFFBBE6FFFFFF79FFFFFF74
92F8FFC3EAFFFF584FFFFFFEFFFF1EFF
FFFF8CFFFFFF2BFFFFFFFFFFFFFFFFFF
FFFFC8FFFFFFFFFFB01772FD96FFFFFF
FFFFFFFFFFFFFFDAFFFFFF84FFFFC6FF
D5FFFFD4FFB5FFFFFFFFA070E8B960EC
FFFFFF72FFFFC9E8FFDBA6FFEFFFD1FF
7448FFFFFFFFFFE0FFFFFFFFFFFFFFFF
FFFF94AFFFE0FFE3FFFFFFEEFFFFC62B
FFFFA1FFC394D2E0FFFFFFC2FFEA0000
FFEFFF58B8F7F0FFFFFFFFFCFFFF8AC2
FFFFFFFFFF3DFFFFFFFFFFFF8CDCFFFF
FFFF30FF5F981FD6DCFFE5FFFF98C5FF
FFFFFFFFFFFF45FFFFFFFFFFFFFFFFFF
FFC2FFFFC6FFFFFFBAFFFFFFFDFF9846
FFFF07FFFFFFFFFFFFFFA2B779FFFFFF
D9C9FF3BFFFF89E6FFFFFFFFFFFFFFFF
A2FFFFFFFF2DFF1EFFCC79E6B296ECFF
FFFFD061FFFFFFFFFFFFFFFFFFFFFFFF
FFFFE5FFFFFFFFFFFF59FFFFFFFFFFFF
6780FFFFFFFFFFFFE5B9FFFFFF75FFFF
E2C1FFFF96FF83C0FFFF5ADFFFFFFFFF
FF5BA626FFFFFF2824FA8EFFFFFFC4B7
FFFFFFFFFF89FFA9FFFF25E3FFFFDAFF
FFA8A1FFF2FFF7EECF84FFFFF8FFE6FF
AAD7FFC2FFFF6DFFFF3AFFFFFBFFFFFF
DEB5FBFFFFFFFFFF56FFFFFFFFB963FF
FFCFFFFFEF4AFFFFD48FFF82FFFFFFFF
FFFFFF6FFFFFFF63FF4CFFFFFFFFFFFF
778BFFFF85B7DFFFFFFF67FFFFFFFFFF
FFFFFFFF7CFF85E4FFFF82FFFFFFFF26
FFFFFFFFCEFFFFFFFFFFFFFFFFFFFFFF
FFFD71FFFFFFFFFFFFFFFFBCFFFFFFFF
50FFFFFFFF3DFFFFFFBEF5C79369FFE2
FFF0FFDAF9FFFFFFFFFFFFFF83FF8C6F
FFFFE5FFFFFFFFFFFFA1FFFFFFFFFFFF
FFFFD5DBFFFFFFFFF59EFFFFFFCDFFC0
DBFFFFFFFFFFFFFFEFFFFFFFFF2AB1FF
FF8777FFA7F9D2FFFFCC97FFF5FFFFFF
FFA4FFFFA8FFECFFFF48556770FFF6FF
FFFFFFFFFFD0FF77FF6575E2FFF0FFFF
FFFFFFFFFFE2FFE8FF4FFF87FFFF0000
A3FFFFFFFF4AB5FF48FFE6D8FFF4FFC4
68DD9B9953FFFFFFB1FF86FFFFFFFFD4
FFC6F9FF83FFFFFFFFFFFFABFF55D7FF
FFFFDCA1CBD2CCFFFFFF8EF9FFFFFFF2
95FFFFFFFFF6FFFFE2FFFFFFFFFFFFFF
4FD9FFFF24D3AD56FFF1FFFFFFFFA6FF
FF4FFFFFFFFFACD4FFFFFFFF88FFFFFF
FFFFFF38FF22FF71FFFF8B32FFDEB2FF
DAFF114989FFFFFFFFFFFFFFFFFFD3FF
FFFFB0FFFFFF74FFFFFFFFFFFFFF5340
FFFF5BFBCCFFCEAEFFDBFFFFFFFEFFF6
FF32FFFFFF9FFFFFFFFFA5FFFFFFFFFF
7AFFFF9DFFDEFFFFFBAFFFFFA4C5FFFF
FFFFFFFF38FFFFFFFFFFFFFFA5FFFFFF
FFFFFFFF6AFF29FFA72BF4FFFFC67DE4
FF9BFFFF63FFFFFF5AD6BAFFFFFF8883
65FFFFFFB14AFFFFFFFFA4F1FF10BEFF
FFF6FFFFFFFFFF95FFFFFFFFCDFFFFFF
FF93EDD52F94B3FF2BFFB8AEB1C1FFFF
9549D0CF5B76FFFFFFFF8CFFFFFFBDF1
FF79FFFF5CFFFF76FFFFE9FFFFFFFF82
FFFFFF89FFFFFFFFFFFFFF72FFFFFFB3
FFFFFFC9FF4FFF86FFFF6CF4CBE7FFD4
FFFFFFFFFFEFFFE6FFFFFF9D873869FF
FFFFFFFF98B3D5DCFFFFCDFFFFFFFFFF
E4FF5AFF46ECFFFFFFFFFF959ACDFFFF
AF88FFFFFFFFFFFF6E81FFC1FFD7FFBF
FFFFFFFFF36BFFFFFFFFFFFFFFD1CFFF
DDFFFFF7FFFFC9FF6A7B82FF8DFFFFFF
FFFFFFFFFFFF9CFFE07F3FFFFFD7FF58
E3FFFFFFFFCDFFFFFFFFFFFFFFFFFFFF
C7FFFFDDFF45FFFFFFFFFFFFFFBD0000
FFF5E1FFFF66FF43EBFF9ED34458C8FF
BD5F93C0474B48CCFFFFFFFFFFFFFFFF
FF86FFFFFFFFFFF9FF92FFFFFFE0FFBB
FFFF775DA169FDFFFFFFD5FFFFFFFFFF
A2FFFFFFFF88FF7095FFFFFFFFFFFFFF
FFFFFFFFFFD0FFFF47FFFFFFFFFFFFFF
AA9EA8FE96D173FFA0FFFFFFFFFFFFFF
FFFFFFFFDFFFFFFFFFFFFFFFFFFFFFCD
FFFFFFFFFFFFFFFFFFFFFF45FFFFFF94
F1FFFF93FFFFFFFFFF9AFFFFCFFFFFFF
4EFFFF6CFFFF67FFFFFFFFC6FF8BD497
CD3FFFFFFFD5FFBFFFFFF18AFFFFFFFF
FFC8E8FFFF5CFFF192FFFF3F325FFFEE
FFFFFFFF6AFFFFFFFFFFFFFF35FF76FF
FFFFD6FFFFFF78FFCF14FFFFEEFF70FF
FFE1FFFFFFFFC3FFFF91FF7F53FFFFFF
FFFFFFFF2DFFFFFFFF62FFFFFFFFB6CD
FFFF97FF92AF87FF56FFD7FFFF36FF87
FFFFFFFF26FFE5FF91FFFFFFFFDAFFFF
FF78FFB258B02121FFFFC535FFFFE0FF
FFFFFFFFFFFFFFFFFFFFFFFFFF4EF2FF
4DFFFFFFCCFFA6FFFFFF3FFFFFFF3B52
F8FFB9FFE1FFFFA8FFFF84B783FFD3FF
37F1E7FFFFF0FFBDFFFF4DFFFFFFA8FF
FFFF93FFFFCCFFFF8AFFFFFFFF8FC2C8
EBFFFFFFFFFFCEFFFFFFFFA1FFFFEBFF
FFFFFFB4A6FFFFFFFFFFFFFFFFFFFF84
FFC2EAB174FFFFFFFFFFFFFFFFFFFFA8
9DFFD614DDFFB8FFFFFFFFFFF124FFAE
FFFFFFFFFFFEB7FFFFD6C5FFFFFFFFFF
FFFFFFFF83FFFFFFFFFFFFEEFFFFFFFF
FFFF46FFFF4EFFFFFFFFFFD1FFFF0000
CEFFFFF5FFFFFAFFDCFFFFFFA789FFFF
7DAD91FFFFFFFFFFAC9D7CA1FFFFAAFF
FFC2FFFFA04BC3E4FFFFE3A5BB87F3D7
FF79FFFFFFFFE2FFFFFFFFFFFFFFFFFF
50DAFF2814FFDBFFFFFFFFFF877BD7FF
FFFF8EFFFFFEE4FFFAFFFFFFE27559FF
887A92B9FFFFFF31D2CBFFFF6AFFFFFF
52FFFF0DE0FFFFFFFFFFFFE9FF87FFFF
FFFCFFFFE0FFFFFF83FFFFFF847BBBFF
FFFF7BFFFFFFFF49FFFFEDFFFFC9FFFF
FFFF8D50C1FFC1FFFF86FFFFFFFFA9D5
ADFFFFDBFF81FFFFDF68F381FFFFFFFF
F9FFFFD3FFBAFFFFFFFEFFFF71FFFFEA
FFFFFFFFFFA3F6E8FEC3FFD8FFB69165
FFA5FFFFD9FFFFFFD35FFFFFFFE568C4
E1FF70FFFFD5FF1B4F93FF5BE1FF76FF
5FFFFF78FFFFEEECE4FFFFA9FF8EA3BA
FFFFFFFFFFFFFFFFFFECFFFFFFFF69FF
FFFFFFFFEEFFFFFFFFFF90FFFFFFFFC9
FFFFFFFEDBFFFFFFFFFFFF4DEEFFFFFF
D8FF6048FFFFFFFFFF7FFFFFFFE6FFC2
38E7FF13D3E1BAFF35D2DDFFE6FFFFFF
FEE5FEFFFFADFFFFFFFFFFFFB6FFFFFF
FFFFFFFFFF3EFFFFFFFFFF3BFFAACC86
CCFFE0B97EB172FFFFFFFFFF2AE8CA8B
7EFFFFFF7DFFFFFF43FF8DACCD0BFFFF
FF8E23F0FFFF4EFFFFFFFFFFFFFFFFFF
FFFFFFFFEBBFFFFFFFFFFFFFFFFFFF39
FFFFFFFF6A5EFFE082C6CBFFFFEDBCFF
B4FFFFFFFFE4B5C4FFFFFFFFE1FFFFFF
EAFF7A72FFFF9EFFFFFFBCFFFFC1BEFF
FFFFB6CFDFFFFFFFFFFFFFFFFFFF0000
FFB4FF6EC3ECFFFFFFFFFFFFFFFFFFA4
B6E1FFFFB3FFFFFFFF6DFFFFACC3FFFF
FFFFC3DAB3B3FFD7E2D5FFB59DBCFFFF
DEFFFFFFA9B4FFFFFFFFFFCABAD7FFFF
F8FFFFFFFFFFFFB0FFFFFFFFF4FA9CFF
FF60FFB1AFFF93FFFFFFFFFFFF90E946
A866C785FFB28066FF33FFFFFFFFD1FF
3563FFFFFFFFFFFFC1FDFFFFFFFFFFFF
FF566260FFFFFEFFFBCBFFFFCEFFFFFF
FFFFFFFFBADDF492A3FFFFFFAC68FFFF
FCFF9EFFFFFFFFAEFFFFFF74FFFFFBCE
FFFCFFFFFFFFFFFFFFFFFFFFEFCDFFFF
FFFFFFFFE2FFFFFFFFFFFFFFFFA3FFFF
A061CCFFE5D2FFFFF5FFFFFFC3FFFFFF
E3FFFFFFFFFF67FFFFFFFFC6FFFFFFFF
CE8EFFFFFFFFFFFFA7A3FF88FFFF61FE
FFFFFFFFFFFFFFFFFFFFFFFFFF6A96F3
C3FF5FFFFFFF3857EAB91ECA9FFF72FF
FFFF1CFFFFF1FF93F6FFCE1DFFFFFFFF
FF2AFFFF40FFCD264AFFFF6DFFFFFFFF
6EFFFFFFFFEA6AEDFFFFFF67FFFFE7FF
75FFFA74FFFF78CEFFADFFFFFFFFE8FF
FFA4A7FF2AFFFFCEFFFFDFFF37FFFFAA
FFFFFFA3FFFFFFFFFFFFFDBEC6FFFFFF
FFFF7FF4FFFFFFFFFF80FF77FFDAFFFF
FFFFFFFFFFFFFFFFFFFFFFFFFF1DFFFF
70FFFFFFFFFF29FFCEFFFFFFFFFF92FF
B5E0FFFFFFFFFFFF9E8FE7FF65FFDFFF
FFFFE5FFFFFFFFFF1E89FFFFFFFF929A
FFFFFFFFFFFFFFFFFFADD0DD6AAE7FFF
FCFFFFFFFFFF37EFFFFFFFFFFFFFFFFF
FF49FFFFFFFFFFFFADFFFFFFFFAB0000
FFC1FF6CFF5238FFDDFFFFFFCCFFD5FF
87FFFFFFFDFFFAFFFFFF7069FF3AFF94
C2FFFFFF9BFFFF63C82BFFE0FFFFFFFF
F2FFFFFFFFFFFFF4A8FFFFFFE5FFFFFF
FFFFFFFFFFFFFFFFFFFFFFFFFFFB48FF
FFFFFFBDC0FFFFFFFFFFFFFFFFFFFFFF
FFFFFFFFE18FFFFFFFFFFFFFFFFFFFFF
FF58FFFFFFFF97ADFFFFFFFFFFFFFFFF
BEFFFFFFFFA2FF65FFFFAFFFFFFF90FF
FFFFA8FFFFCC2DFF92FFFFB4FFFFFFFF
FFFFFF5A5825FFFFFFFFFFFFFF5EFFFF
FFD081DFFFDD42F4FF46DAE0BCFFFFFF
E07C5B81ABFFFFFFFFFFFFBFFF70FFFF
FFFFE8FFFFD7BDFFFFFFFFFFFFFFD0FF
FF6AFFFF9B51FFFFFFFFB7FFFF9AFFFF
FFFFFFFFFF469BFFC3B9FFAAFF0DD5FF
FDFFFF18FFFFDBFFEF2EFFFFFFAB21B8
FFFFFFEA61FFFFFFFFFFFF8E2BFFFFFF
52FFFF9F44FFFFFFFFFFFFFF5EC549F9
FFE1FFDDFFFF97FFFFFFB4FF9CFFFF44
FFFFD49AC0FFFFDCFFBCFFFFFFC7FFFF
FFFFFF5AFFFFEBFFE6C8FF68F0FFFFE4
FFFFFF66FFFF92FFFFFFCCFFFFFFFFFF
FF9DFFC6FFFFECDFFF98FFFFFFFFFFFF
FBFFE0FFE9FF70FFFFFFD1FFFF98A1FF
FFFFFC723EFFFF7AFFE3E0FFFFFFF4FF
FF7C84B4A02A2DFF747446A0CEF8FFFF
A9FF3DFFFFD7CEEDFFFFFFFF6386D9AF
FFFFFF90FFFFFFFFFFAFFFFFFFFFEAC4
FFFFFF4CFFE0FF2E6CA7ECFFFF45D7FF
FFFFFF89FFFFFFFF8CFF99FFFFFFFF46
AEFF88FDFFFFFFFFA4FFFF8AFFFF0000
FFCFFFEEFFC777FFFFFEFFFFFFFF98FF
FF22FFFFC9FFA170B3E071FFFF4AFF60
FFC6FFFF64FFFF6EFFFF24FFFF98FFFF
ECFFFFFFFFFFFFFFFFFFFFFFFFFCACFF
9CFFFFFFFFFFFFFFFFFFFFFFFFFF65FF
CEFF41F4FFFFB1FFFFFFFFFFFFFFFFFF
71EC65FFFFECFFFFFFFFFFFFFFFF3FFF
FF7DFFFFE3B4FFFFACAAFFFFFF4FFFFF
FFC0FFFFFF3098FFF8FFB1F1FFFFFFFF
FFFFFFDCFFDBFFFFCCF42EFFFFFFFFFF
FF3FFFC27BF4FFC6FFFF8AFFFFFFE2A9
FFFFFF7DA1FFFFFFFFA1DBFF4AD3D2FF
FFFFFFFFA9FFFFFFFF76FFFFFFFFFFF1
FFFFFF5BACFFFFF2FFFFFFFFFFC718EF
ABFFFFFFFFFFFF8FFFDDFFFF2BFFFFFF
DAC6FFFFFFFFFFD7FF90FFD2FFFF8CFF
43DCA636F1FFFFFFFFFFDE40BA2AFFFF
F7FFC2FFFFFFFFFFFF78FFFFFFFFCD5A
4AD4BAFF54FFFFF2FF49FFFFDAD6FFFF
FF5A90FFCDFFFFE9AEFFFFFF94FFFFFF
FFD8FFFFE0FF7B973BFF85A8E6BECFFF
FFF3B2FF71FFFFFFFFFFFFFFFFFFFFFF
A1DCFFFFFFFFFFA2FFFFFFFFF5FFF5FF
CCC7FFFFFFFFD4FFFFFFFFFFFFFFFF7D
B8FFFFFFE3FFFFFF90FF46FF1EFFFFAA
FFFFFFFF8CFF68FFFFFFFFFFFFFFC870
FFFFFFEB4BB5FFFF4CCCFBB6FFFFFFFF
0CFF3E9DFFFFFF7FFFFFA4FFAAFFFFDC
FFFF9BFF5AFFFFE0F5FFFFFFFFF6FFA2
FF51FF9DFFFFEA7959ABE7C1FFF0FFFF
FFA479FF8C7FFF718BFFFFFF5BF55EFF
FFFFBFE5FFFFFFFFA40CD0FFFFFB0000
FF71FFFF91F85D8FFFFFE04070FFFFFF
FFFFFFFFFFF2FFFF91FD3CFFFFFFFF43
FF8D6CFFFFFFFFFFFFFFFFFFB6FFFF7D
FFB6D948FF46FFFFFFFFFFFFFFFFA5AD
8CA8A9FFFFFFCFFFC2D7FFB1A4999DFF
FFFF1BFFFFFFFFFFFFFFFFE8FFFF38FF
FFFFFFFFFFFFFFFFFFB0FFC9FFA3FDFF
FFFFFFFF94FFA2FF8FA4FFFFFFFF86FF
FFFF927F54FFFFFFFFD2FFFFFF93FFD0
FFF3FFFFC9FFB3FFCCFFFFFDFFFFFFFF
FFC7FF89FFB4FFFFFFFFFFFFFFFFFFFF
FF9AFFFFFFFFFFFF66FFFF25FF7BFFFF
8F81FF405AFFFF79FFFFFFF5B0ABFF61
FF52FFAAFFFFFFFFA1C3FFFFFFFFD695
A9FFFFFF70FA71FF15FFFFFF3FFFD289
79FFFFFFFF5BFFFFFFFF61FFFFF0C8FF
FFC07D406EFFFFFFFFFFD0FFFF22FFCE
FF89FFFFFFFFFF22FFFFFFEDFFFFFFFF
FFFFFF7DFF7BFFFFFFFFFFFFFFFF88FF
FFFFFFFF8E83FFFFFFFFFFFF88FFFFFF
FFE5FFCAF1FFFC64FFE3B4FFE6FF53E0
FFFFFFFF60FF646AFFFFD4FFFAFFC3D0
8544FFFFFFFFFFFFFFFF4FFFFFFFFFB2
FFFC8AFFE5FFFF86FFBBFFFFFFFFEADD
FFFFFFFFFFFFBDFF98FFFFFFFFFFFFB9
80F29DD1FFFFFFF4FEFFFFFFFFFF9AFF
B7FFA9ECEEFF4EFFB634FFFFFFFFFFFF
BFFF3FFFFFFFF6E78DFFFFFFB0FFA9FF
FFFF99FFFFFFFFFFFF5DFFFFCBFFFFFF
FFFFFFD3FFFFFF4FFF38D8FFFFFFFFFF
FF6CFFFFB4FFFFDAB2FFEEFF5CF38F73
FFFFFFFF5556593AD2FFFFFFFF550000
DEA2FF7EFFFFFF3A84FFFFFFFFB6FFFF
37EBCC79FF3CEEFFFF25E3C0B7EEC4FF
4BFFFFFFFF55FFFFFFFFFFFFFFFF66FF
D7FF94FFFFFFFF6EBFFFFFFF82FFFF6B
FFFFBFFFFFFFFFFFABBEFFFFFF76E6FF
FFFF6AFFFFFF29FFFFFFB7FFFFFFFFBF
6EFF9BFFF3FFFFFFFFFFFF15FF31FFFF
FFFFFFFFD8FFFF76F3FFFFFFFFFF64AA
FF9DFFF6FFB3FFFFFFFCFFFFFFFFE361
ABFFFFFFFFA138FEFF82FF6DC4FFFFFF
FFFFFF5580FF51FFFFE6FFB7FFFFFFFF
FFFFFFFFFFFFFFE5FFFFFF42B9ABFFFF
BDABFFB8F1FF31DEFFFFFFC1FFFFDAFF
FF6ED7AB686DFFFFFFFF3DFFFFDCFF3C
FFFFFFFFFFFFADFFFFE4FF6CFF5CF7CF
C2FAFFFF27FFFFFFFFFF229AFFC9FFFF
FFFFFFFF9EFFFFFFFFFFFFFFFF4CFF37
FFE6BEFFFFFFFFFFFFFFF4FFFF6EFFB6
FFD3FFF595FFFFFFD71C99FFFFFFFFAC
FFE4DEFFFFFFB9FFFFFFFF1EFFFFE065
FFFFFFFFFFC6FFB4FF6FFF2AFFFF73C3
FF61BAB98FFFFFFFFFFF6AFF9DB660FF
E61DBCC7FFD7FFFFFFFFFFFFFFFFFFFF
FFB740FFC0FFFFFFFFFFFFC5FFFFFFE5
FFAFFFFFFF41FFE9FFFF9CFFB9FFFFFF
B1FF3FFFFF9FFFFFFFFFFFFFFF7EFFFF
6571F7DCEAFF91FFFFFFFFC6FFFFFFFF
FFFFDAFFFFFFF26EFFFFFFFFFFFFFFAC
7AFFE7FFE879FFFFFFFFFFFFFFFF4BFF
DEAB88FF77C223FF3CFFFF62FFFFFFFF
77FF48FFCEFFFFD4FFFFFFFFFFFFFFFF
CAFF8DFFFF5CFFFF7AFF9BFFFFBA0000
7EFFBFFFFF85FFFFFFFFFF8CFFFFFFD4
FFF3FFE9FFC4FF3630D19EFFFFFFFFFF
FFFFFFFFFFFFFF55FF6368ACFFFFFFE6
FFFFF8FFFFFFFFFFFFFF2A86FFFFFB71
7E3FFFD5FFCDFFFFFFA2FFFFFFFFFFFF
FFFFFFFFC7CDFFFFF5C99EFFFFFFFFFF
FFFFBBFFC95769B49DF179FF6BFFB0F3
B5FF8B39FFFF95FFFFFFFFFFFFFF20FF
FFFFFFFFFFFFFFFFFFFF6ED9FFFFFFFF
FFFFB3FFFFFFFF91D2FFED604AF3FFFF
B668FFB7AA74B9FFFFFF87FFFFFFFFFF
DCFFDFFFFFFFC7FFDBFFA946ECFFFFFF
FFFFD4FFC4FFFFFFFFFAFFFFFF285C8F
FF89FFCF9DF3B3FFDE66FFFFFFFFFFFF
FFFFFFFFFFF2C7FFFFFFFFECC2FFFFFF
E82A6236FFFF4068FFAD6DFFFF8CFFFF
FFFFFFFFFFFD3F15D254BA585932BBFF
E5FFFFFFFFFFFFFFE2FF7EADFFFFFFFF
FFFFFFE3FF9DFFFFFFFFCAFFFF98FFFF
B1916951FFFFFFFFFFFFFFFFB7F276FF
D7FBFFC3A3FFFFFFFFFFFFFFD5FFFF9E
FFC780F3FFFFFFFFFFFFFFFF61B5E3FF
79FF34FFFFD1FFFFA6AED8FFFFFFFFFF
FFEE9BE1FFFF51FFFFFFFFFFFFFFFFFF
FF56FFFFFF93FFFFF7EEFFFFFF66F1FF
FFFFFFFFFFFF55FFFFFFFFFFEA7FBFFF
A3FFFFFFFF86FFA8FFFFFFFFFF21FFFF
D7FF7CFFCC4FFFFFFF94B7A7F0F035FF
A7FFFFFFFFFFC4FFFFFFDAFF46FFFFFF
8CFFFFFFFFFFFFA3FFFFFFFFFFC8FFFF
FFD1FFFFFFFFFFFFFF31FFFFFFFFFFFF
842AFF26FFFFFFFFFF59FFFFFF580000
FFFFFFFFFFFFFFFFFFFFFFFCFFFFFF49
FFFFFFFFFFFF5EFFAC6C5DC5FFD4FFFF
FFFFFFFFFFFFFFF9FFF0FFFFF6F16AFF
96FF9DE5FFFFFF26FFFFFFFFFFFFFFFF
FFFFFFDDD152FFFCFFFFFFFFFFFFFFFF
FFFFFFFFFFFB7942FFEDFFFFFFFFFFB1
B36941FFFFFFD9CA596ADFE0BFFFD7FF
FFCA837FFFFFCFFF645370FFFFFFFFFF
FFFFFCFFFFD3FFFFF3E6AAFF96FFFFFF
FFFF92E2FFFFA4FFFFCBFFFFEDB046FF
D3F3FFDDFFFFFFB0FF60FFFD4FFFFF8F
FF58FFFF7EFFFF9EFFCF6AFFD2FFFFF4
DE7EE4B1FFFF3CFF95FFFFFFDD5BB0FF
A2FFFFFFFFFFFFD6FF9372FFFFFFDAFF
FFFFFFFFFF7FFF2FFFC7A5FFA9FFFFFF
FFFFD5FE79FFFFB2FFFFFFFFFF51FFB3
96C0FFE7FFC2FFFFFFFFFFFFFFFFFAFF
C1FFE6828DFF7CFF83FFFFFFFFFFFF3E
FF16FFDAF6FFFFFFFFFFFFECA7EBFFFF
FFCD9FFFFFFFFF61F3FFABFF8CC2B9A9
FFFFFFACFFFFFFFFFF7CB485784CFFFF
FFFF60FFFFBAFFFF27B526FFFFFFFFFF
FFD6FFFFFFFFFFFD87FFFFFFFFFFAFFF
369C72BC52FFFFFFFFFBD188C0FFFFFF
FF55FF6574F49AFFFFFFFFFF8889FF90
FFFFFFD7FFFFFFFFB9FCFFE5FBFF82FF
FFE879FFDDFFD0FFFF82AE51F3FFD0FF
A1FFFF6BFFFFF3EFFFFFFFFFFFFFF9FF
D4D7FF33FFABFF5BFFFFFF9DFFFF59FF
FFFFFFFFFFADFFFFD0FFBBB96388D5FF
FFFF4CFFFFFFFFFFFFFFFFFFFFFFFFFF
438DE3FFFFFFD34AB85FFF55FF720000
6FFFFFFFFFA9FFFF6453FFFF42FFE1B5
FFFFFFFF86FFFFF1827CB8FFFFAAFFFF
E94FACFFFFFFFF2CE9FF7FFFFFFFEBFF
28FF51FFFFFAFFFFFFFFE6FFFF8DFFFF
FF96FFFFFFFFFFFFFFFFD9FFADFF475F
FFFF7EFFFF72FFFF7FFFFFFFFFFF8ABF
FFFFFFFFFFFFA027878FFFF9F6FFFF90
FF9FE6FFFFFFFFFFFFFFFFFFFF7B83FF
2DFFFFFFFFFFFFD1FF8BFFFFDAED2AFF
FFFFFF1BFFFF43FFFFFFFFC9FFFFF5FF
FF9835FFFFCE8BFFBAFFCEB47AFFB9FF
FFFF7EE0FFB2FF25DC8AFFFFFFFE51FF
7AFFFF70FFFFA2FFFFFFAFFFBD93D0FF
FFFFFFFFF0BAFF93FFD497FFFFFFDDFF
FFFFFFFFFFFFE2FFFFFFF4FFFFE1FFFF
FFFFFFFFFFE9FFECFFFFD9ADFF6EFFFF
FFFC6EFFFFFF91FFFFFFFF2BC7FFFFFE
A3FFFFFFFFFFD45F7154FFFFFFB18EEE
FE8FDECAC5FFFFFFFFFFFFBBC4D74E50
FFF6FFACFFFFEDFFFFFFFF887DF4FF1E
DC16FFF3FFFFEAF39F612D8B5360FFCB
FFFFFFFFDBF7FFFFFFFFFFFFE6FFF63F
FFCFEAFFFFFFFFFFFFFFFFFFFFFF83FF
B17EDEA441FFFF99FF1D27DAFFB3FF52
9BFFDA48FFE6FCFFFFAFB46DCCFFC12C
FFFFFFFF9CFFDFFFFFFFF2FFC5EB8E73
FF81BAFFFFFFFFFFFFFF407AB6FFFFFF
DEFFFFFFBCFF83FFFFC1B6EBAEC1D86F
FFFF17FF39FFF3FFFFFFFFFFFFFF97FF
E1FFFFF7C9FFFFFFFFFFFFFFFFFFFFFF
E3C0FFC5FFFFFFFFFFFFF790FFFFFFFF
FFE9FFFFC235744BFFFFFFFFFFFF0000
FFFFFFFFFFFFFFFFD6FDFFE0FFFFFFD1
77FFFFFF603BFFFFC34FFFC7FFFFFFFF
FFB572FFFF275BB4FFFFC6FFFFFF8BFF
FFFF42FFFFFFF5FFC7FFFFFFFFFFFFFF
6DFFFEFFFF9BB2BFFFFFABFFFFFFAFAD
FF80F66DF2FFFFFFFFED2838FFFFFFFF
81E9E4FFEF5EFF63FFFFFF9694FF56FF
F6FFADCFEE3992FFFFFFFFFFECFFFFFF
FFFFAE6990EAFFFFFFFFFFA4CEFFE272
FF2DF6E5FFFFFFFFFF44FFFFE5FFFFFF
FFFFFF6493B5CDFFFFFFCDFFFFFFFFF8
E2FFDDDF9DFFFFA1E5FFBCFFFFFFFFBE
FFFFFFFFFFFFFFFFFFA7C0FFFFF187FF
FFFF8B3FFF35FFFF88FF31FFFFF6BCFF
FFFF38F5FFFFFFFFFFFFFFFFFFFFFFFF
FFFFFFFFFFFFFFB983D6FFFFFFA0FFE5
FF873CFFFFCEA6FFFFFFFF9AFFFF9D9B
FFC287FFFFA5FFF7FFFF88FFFFCD42FF
FFFF63FFFFFFF0FFFFFFFFFF1D44FFFF
FFE5FFFFD6FFFFFFFFFF60B4A38EFFFF
FFFFFFFF9AFFFFFFFFFFF97BC799FFFF
BDFF90FFFFFFFFFF8C42FFF9FF9EE6FA
FFFFFFD398FFDB55D7F4FFFFFFFFFFFF
E068FFFFFFFFFFFFFF84B416A3D2AB37
BAFFFF75FF5CFFFFFFFFFFFFFF7F5847
FFFFFF8C688A9E98FFB22DABC7B1B356
FF54CAFFFFFFFFD5DFA1FFFFFFFFA9FF
FFDBC9FFFFFF5AFFFFFFFFFFFFFFFFFF
76FF80FF5EFFFFFFFFFFFFFFFFE7CCF2
B6FFF6FFFF29FFC1A7FF62FFCEFFAD7B
3DD8FFA5FFFFFFFFFFFFFF65BFDFC6FF
8F1CE0FFFFFF9B55FFB9D5ACDDFF0000
FFFFCFFFFDFFFFFFFFFFFFD7FF7BFFE5
FFFFFFE58BFFFFFFAA35FFFFBDFF4BFF
FFD8D651FFFFE1FFFF4B5CFFF5FFFF4D
9ABBCDFFFFFFFFFFFFFFB189F9FFFFFF
FFDBFFFFFFFFFFFF96FFFF8AFFFFFFF2
FFFFEAFFFFFFFFFF51FFFFFF31FF68FF
589AFFFFBA68909EFFE9FFFFFFFFFFFF
C378C778FFFF94FFF2FFFF8BBEFFFFFF
D5FFFFA6C32AFFFFD2FFFFFFFFFFFFEF
FFFFFF64FFCE9B0EFF2DFFFFFFFFCBFF
FFDC96FFFF92FFFFFF84FDFFFFF9FFFF
C4FFCC90FFFFFF3849FF90FFD6A17F9A
CEFFFF43FFFFFFFFFF64FFFFFFFFFFFF
FFFFFFFFFFD0FFFF94FFE6FFEAFF76FF
FFFFFFFFFFFFFF99BCFFE0FFFFF4FFBC
FFFFFFFFE5FFFF24FFFFFFFFFFE3FFFF
FFA5FFFFA02D83F1FFB3FFC9FFFF60F2
FFBDFFFFD4FFFFFFFFFFFFD3FFFFFFFF
FFFEC5FFFFFFFFFFFFB7D8BAFFFFFF1B
FFFFFFDF2BFFB4FFFEFFF734FFFFFFE8
FFFF8345FFFFDC61F1FFFFE5E7FFFFFF
6FFFFFFF53FFD0F1C17BE0FFDCFFCED9
F9FFFFFFFFFFFFFFFFFFFFEAFFFFBAFF
61FFD15AD8DBEEFFFF76FFFFFFB6A081
FFFFFFEEFFFFB9FFFFFFFFFFFFFFFFFF
63FFD2E7F6EBFFFFFFFFFFFFE4CEFFFF
FFFFFFC424FFCFFFE9FFFFFFFFFFFFFF
FF818EFFFFFF95FFFFBBD5FFFFFF81A4
FFFFFFFF8CFF3AFFFFFFFFFFFFFFFFF6
E364C4FFFFFFFFFF75EFFFFFAD94E5FF
FFFFFFFFFF3FFFFFFFFF6DFFFFFFFFF8
C2FFFFFF89FD2BFFFFFFFFFFFFFF0000
53FFFFFFFF6DFFE6FFFFFFFFFFFFA6F2
FFFFFFE5492CCFFF59D88FFFD2FFFFFF
C0FFFF60FFFFFFAFAD5AFFFFFF6562FF
93FFD2FFFFFFFFF42BFF51FFA9FFFFFF
FFFF92FFFFFFFFF2FFFFFF4DFFFFFFFF
FFFFFFDBFFADD718F8FF215EDEFFFFFF
FFFFFFFFF4DB9BA847FF18FFFFFFFFFF
A6FF91F1FFFF2CFFFF3B5D982FFFFFFF
FFFFFFFF67FFFFFF5C9BA9BAE9FF1E57
FF50FFFFFFFF65FF7B9EFFFFFFC2FFFF
FFFFFFFF8FFFC8FFFFFFFFFFFFFFFFFF
3EFFFFFFFFFFFFFFDDFFFFFFFFFF8EFF
FFA0FFFF8AFF8DFFD1FFA1FFFFF69AFF
FFFFDBA2FF36FFFF9DFFB5FFE9FFFFFF
FFFFFFFFFFE713CCFFFFDEFFFFFF266F
FFB182FFFFFFFFFFFFFFFFFFFFFFFFFF
77FFD7FFAFD4A5F0FFFFFFFF6AFFFF8D
FFADFFD6FFFFFFFFFFFFFFFFFFFFBFFF
FFFFB3FFFFFFFFFFFFFF4FD593FFFFFF
FFFF64FFA7AAE5FFFFFFFFFFFFA4FFFF
FFAEFFFFFF4DFFFFFFFF335EEDFFFFFF
CBFFFFCEFFF2FFFFFF40CCFF536070E5
FFFFFFFF42C8FFFFECFFFFFFFFFFFFBC
FFFF1AFFFFF2FFFF24FF78FFFFA8FFFF
FFFFDD3BF657FFE6FFFFFFFFFFFFD8FF
FA0DFF6EA8FFACFFFFE0FFC8C3E1FFFF
D2FFFFFF7BFF8AFFFFFFFFE2FFFFD5D3
58FFFDFFFFFFFF39FF90D0FFFFFFD3B5
FFFFF4FFFF6E3252ABA9FFFFE7FFFFFF
83FFFF99FDE971FFB1FFFF6FF969B5FF
FFFFFFFFDEFFFFFFF3FFFFFFF35EFFFF
FF57FFF3FFE9B2FFF5767EFFFFFF0000
DCF3FF66D596FBFFFFB3FFFFFFFF92E9
FFFFFFD7F8FFFFFFFFFFFFFFFFFFFFFF
FFFF6EFFFFFFFFFFFF46B2FFFFFFFFFF
11ABDCFFFFFF7485ECDFFFFF29F8FFF0
FFFEFFFFFFFFFF90FFFFFFFFFFFFB9F6
FFFFFFFFFFFFD4ABFFFF58FFCEF8FFC1
9AFF2531FF18FFA45C99C0FFFFD2FFD8
FFFFFF61FFFF6EFFFF5BA09C757EB2D4
D6D4AAFFFFFFFF984CBDFFD2B3A2FFFF
FFFFFFFFFFFFFFFFEF5EC727E5FFFFFF
FFFFFFFFFEFF1CFFFFFFAFFFFAFFFFFF
FFFFB1FFBCA687BF96FFF29BFFFBFFFF
FFFFFFEBF6FF79FFFFFFFFFFFFFFFFFF
B8DDEBFFA4FFFFFF99FFFFCAFFFFFFF3
84A3FFFFFFFFFF9EFFFFFFFFFFFFFFFF
A5FFD7FFABFFFFFFFFFF9DFFFF24FFFF
FFFB88BAFFFFFFFFFAFFFFFFFFFF5FA6
FFA9FFFFFFD4C1FFFFFFB4FFFFFFC081
6CFFFFFFFFCFFFD38F5BFFB8FFFF867D
FFFBFFFFFF8ADB2DFFFFC816B7FFFFFF
FFA4FFE3FFFFFFFFFFFF7CFFFFA1FFEE
EAFFFFFFFFEFA5FFFFFFFFCBE1E0D3C9
7C45FFFDFFFFFFFFFFFFFFFFFFAB5DFF
FFFFFFFFED38FFFFFFFFFFFFFFFFFFF5
D2FFFFFFFFD5B1FFFFF5FF59FF61C4BE
FFFFFFE8C156C1FFFF3BA6FFB1FFFFFF
FF7DFFF9FFFFFFFFD72DFFFFFFFFFFFF
FFFFFFFFFFFF8CFFFFDFF7FF83FFFFFF
C2F3FFFFFF073FFFFFFF7AFFA8FFB2FF
FFFF1A7EFFFFCC6783FFFF91C7FFFFD5
FFFF9AFF47FFC0FFB8FFFFFFFFFFFFFF
FFFFE345A3FF98FE49B4FFFFFF780000
BCFDD1FFEFFAFFFFFF5EFFFFEBFFF0FF
FFFFFF8BFFFFFFFFFFFFFFFFFFFFFFFF
FF9FFF1DFFB5FF81FFFFECFFFFFFFFFF
FFFF63FFFFA2AEA5FFE2FFFFFFFFFFFF
FFFFB378FFFFFFADFFFFFFFFFFFFFFFF
FFFFFFFFFF23FFFFF7FF5EFFFF65C6FF
FFFFFF18FF38FFABFFFFE483FFFFEBFF
FFFFC9FFA4FFFFFFFFFFFFFFFFFFFFFF
FFFFFFFFDCFFFFFF2BFFFFFFFF86FFF2
C2887DFF6EFFFFFFBBE86BFAFFFFFFFF
C0FFB7FFFFFFFFB3CBCBFFFF1BFF0234
FFD933FFB9BCA0BD76FF9AFFFFFFFFFF
FFFFFFD6BCB2FFFFFFFF9CFFFFFFFFFF
FFFFFBFFFFFFFFFFFFFF41B9FFFFFFFF
935592FFFFFFFFFF99FFFFFFFFFFB0FF
94FFFFFFFFFFFFB1FFFFFFFF98DEE8BF
FFFFFF2AFFFF7D57FFFFFFFFFFFFDC94
FFFFFFFF32CFD8FFFFF6FFFFFFFFFFF4
FFFFFF9CFFFFFFFFFF3BFF86FFFFDCFF
75E2FFFFF445FF1CD7CFFFFFCFEDFFB7
6DFFFF7ABDBBFFFFFFFFFF2E8FFFFFFF
FFFFFFFFFFB5FFFFC5EE8593FFFFFF4E
FFFFFFFFFFFF6FFFFFFFFFFFFF82D9A7
EFFFC0FF4EFF89E7FFE5E0FF35FF9AFF
FF68CEFF2AA8FFFFAC6FFFFFFF62651C
E0FFFFFF59FFFFFFFF61FFFFFF4FC3BC
FFFFEDFFEAFFB8FFFFFFFFFFFF7BB9FF
FFFFF3FFFFFF67C1FFFFFFFFD8FFFFFF
FFF5E1ECFFFFFFFF6BFFFFFFF9FFFFFF
55FFEDBFE9FFFF6AE6FFFFFFD2F6FFAF
BB96FFFAFFFFFFFF6EFFFFFFFFFFC7E9
FFE3FC73FFE5E4A3FFFFFFBFF0FF0000
FF9B13FFFFDAFFFFFFFFFFFFFFFFFF9C
14FFFFFFFF586EFFFFFFF263FFFFFF81
FFFF9A43FFFFFFFFFFFFFFFF92FFFFFE
B8FBFF6DFF2EFFFFACFFFFFFFFCAFFFF
FFBAFFFFFF78FFC4E3FFF7FFFFFFFFFF
E0FFFFFF52FFFFFFFFFFFFFFFFCC7EFF
FFFF70E9FFF0FFFFFFFF1A53AFFFFFFF
ABFFFFE3FFFFFFFFFFC2FFFFFFFFFFFF
FFFFFFFFFFFFFFFFFFFFFFFFFFFF76FF
80FFFFFFC9FFFFEFFFFF55EAFFFF5388
FFB8FFFFFFFFFF5481FFE2FFFFFFFFFF
FFFFFFCEBCDAF8FFFFFFFFFFFFFFC2FF
FFFFFF75CAFFFFEFFFFFFFC6FFFFADFF
FF48FFFFFFF1FFFFFFFFFFFFFFFFB0FF
FFD77A8EFF55FF53EEFF64D8E3FFFFFF
BFFF567AB7FFFFFFA1DAFFFFB9CDFFA6
52FFFFFFFFDFFFFFFFFFFFE8FFFFA780
FFFFACFFECFF9031FFB5FFFFFFFC97F8
FFFFFFFFFFFF52FFFFFFFFFFFFD5CDFF
FFFFFFFFFF63EEFFFFFFFF9FFFFFFF76
FFA8FFFF84CEFFFFFFFFB6FFFF3EFF4D
944A2B3A95FFFFFFFFFFF38BFFFFFF43
FFCF7FFFFFFFFFFF4DFFFFFFFFFFFFE3
FFB7FFFFF4FFD741FFDBD6FFFFFFFFFF
FFE3FAF8FF80FFFF68FFFFFFFFFFFF59
3EEAFFFFFFAAFFFFA1FFFFFFFFFFFFE6
FFEB9FFEFFFF84FFC1D3B1FFFFFFD9FF
FFFFFFFFEDFFFFA6FFFF76FFFFFFFFFF
FFFFFFFFF0CFFFFFFFFFA2D2FFC0FFB9
FF6AFF7192FF8ECDBAA7FFFFFFFF80B4
94FFFFFFFFFFB4FFAAFF6CFFFFFFADFF
D38A98FF9AFF2EFFFFFFFFB198FF0000
FF91FFFFFFFFFFFFFFAEFFFFFF5A5BAA
FFFFEFFF9DFFFFF3FFFFFFFFFFFFE0CD
FFFFFFFFFFFFFFFFFFFFFF8DFFFFFF66
FFFFFFFFDCFFFFC8FF8AFFFFFFE5EFFF
DDFFFF7CFF57FFFFB3FFFFFFFFFFFFFF
FFFFFFFFFFA0FFFFFFFFF2F0AEE9FFFF
BFB6FF5DFFB6C4D5FFFFFFA8FFAFFFFF
FFD6CAFFFF6FFFFFFFFFFFFFFF6BFFFF
FF4AFFCAFFFFFFEE72FFFFFFFFFF7AB9
96FFFF9AFFFFFF73BAFFACFFFFFFFFFF
FFFFDB3EFF3AFFEBA2B5FFEFDBFFFFFF
24FF928CFFFFFFFFFFFFFF4AFFFFFFFF
FFFFFFFFECFFFFFF5DD9FFFFFFFFFFFF
FF67F3FFFFFFFFFFFFFFFFFFFFFFD5FF
FFFFFFFFBAE7FFE7FFFFFFFF83FF76FF
FFFFFFFFB6FF7AFFFFFFFF757BFF35FF
FFFFFF43FFFFFFFFBCFFFFFFECB0FFFF
AE2EACFFFFFFFFFFFFDFFFFFACFF59FF
FFFFFFFFFFFFC842FFFF5AFFFFFFFFFF
A1FF7FFFF8FFC9B4C7D2FFFF75FFFF77
FFFFFFEDC8F3FFFFFFE0FFFFFFFFFFA0
A7FFFFFFACDA8DFFFFFF5B8363FFFFFF
FFFFFF5AD749FF55F3FFFFFFFFFFADDA
71FFFFFFD2FF5DFFC3FFFF6AFFFFFFFF
FFFFBEFFC093DEFFFFFFBBFFFFF7FFFF
FFFFFFF11BA9FFFFD7FFFF9EFFFFFFFF
FFFF6DFFFFFFEDFF84FFFFE4FFE44AFF
22FF4244E0FFFFFF62FFFFFFFF3262FF
59FFFFFFE5FFFFFFFFFFFF93FFFFFFFF
FF16FFB5BABCF0FFFF71FFFFD784829D
FFFF46D2FFFFFFFFFFFFFFFFFFFFD5FF
FF847F87FFFFFFFFFFEC45FFFFFF0000
4AFFFFFF47FFFFC4FFFFFFFFFFFFFFFF
FFFFFFFFFFFFFFFFFFFFFFB6FF93B430
22FF3BFFFFFFFFFFFFFFFFFF206DFFFF
FFFFFF2DFFFFFFFFA1AA9682BEBEC853
FF75FFFFFFA2CFFFFFFFFF57FFFFFFFF
FFFFCCFFFF76E6FF8C8723FFFFB5FFFF
C8FFFFFFFFFFFFB8FFFFFFFFFFFFBDFB
FFFFFFFF7EFFFF71FFFF23C2FFFFE688
C0C9FFFFFFFFFFFFFFB1FFFFFFFFFF98
FFDEB9C0FFFF95FFFFFFC87BEA26FF83
FFC8D5FFFFFFECFFFFFFFFFFFFFAFFFF
FFFFFFFFFFFFB7FFFFFFFFFFFFFF4CC7
FFAFFFFFFFC1FFFFFF438BEEFFFFFFCB
B06EFFFFFFFFFFEFFFFFFFBFFFFFFFFF
FFACFF7AFFFFFFFFFFFFFFFFFFFFFFFF
FFD1FFFFB0FFD0FFA1FFFFFFFF7BF1FF
FFFFFFFFFFFFFFFFFFFFFFFFC7FFFFDA
46C7FFFFFFFF83FF9EB3FFECABA3FFFF
FFFFFFCE838FFFDCFFD0669FFFFDABFF
FFFFFFFFDAFFFF5FFFFFFFFFFFFF8221
FFC9FFFFFFEEFFFFFFFFFFFFFF4CFFD0
FFA7FFFF97FF37FFFFABB97AFFFFFFFF
52FFB0FF3AC574FFE145CDFFFF4997E8
B7FFFFFF3085FFFFE8FFFFD1E4E7FFFF
FFFFC3A9DF5DFFFFB7F09CFFFFFFFFFF
FFFFFFFF93FFFF3AFFFFFFFFF7F4FFFF
FFFFFFFFFFFFFFFFF0FFFFFFFFFFFFAF
5185FFFF24FFFFFFFFFFFFFFFFFFFFFF
FFFFFFFFCEFFFFFF2D79FFFFFFFFFFFF
F0FFFFEBFF3DFF7AFFFF518AFF9A31B4
FFFFBBFFFFFF93FFFF66FFDAF6FF73FF
FFFFFFFFFF2DFFFFFFEBFFFFB7B80000
FF64BBFFFF4DFFFFFFFFFFFFFFFFFFFF
FFFFFFFFEBE3FFFFFFFFA841FFFF5DB7
FFFFFFFFB7FFFF2987FFFFFFEEFFFFE3
FFFFFFFFFFFFFFE0FFFFFFCE67B5FFBB
FFFFFFFFC5FFFFFFC7F6FFFFACFFFFFF
FFFFFFFF91FFB7FFFFFFFF3BA82E62BA
F8FFFFFFFFFFFFFFFFFFFFFFFFFF69FF
D8FFFFFFFFFFFFFFFFFFDA9FFFFFAF47
B711C7FF37A5E8FFFF9CE6FFFFFFFFA9
FFD0D579EAA8FFFFFFFF791EFFFF7135
F5FF91FFFFFF39FFFFFFFFCAFFFFFFFF
FFFFFFFF83FFFFFFFFFFFDFFFFFFFFFF
9130FFFFFFFFBAF9FFFFFFFFFFFFFFFE
A7FCFFFFFFFFAE9A9B685ECEFF08FFFF
FFFFFFFFFF9458C2FFFFFFFFFF5F8E11
FFFFFFFFE5FFFFFF69FF9BFFFF36FFC4
FFE6FFFFFFFFB0FFFFEF4AFF532BFFFF
BFC3BBFFFFFFAFD881FF81FFFFFF59FF
FFFFD5B2FFFFFFABFFFFDB50FFFFFFFF
FFAFFFB4FF8BFFC5FFFFFFA4FFFFAB8E
FFFFFF9FFFFFC1EAFFFFFFD6FFFFFFFF
FFDCFFFFCBFF65FFFFFFFFFF62FFFF4F
96FFFFF6FFFFFFFFD5FFFFFFFFF9DFFF
3AFFD756A3E2B8FFFFFFFFDCE2FFFFE2
E1B4E0BFE3A13AFFFFFFFFFFFFA4FFFF
FFFFFFFFFF1FFFABFFD3F0FFFFF5FFFF
8762FFFFC48BFFFFFF0BFFFFFF61FFCD
FFF8FFFFEDFCFFFFFFFFFFFFFFF4FFBD
A335A88FFFFFFFFF4AFFFFFFA3FFC4FF
59CCBBEB93FFFFFF34FFFFFF389DFFFF
6AFFFFFFFFFFFFFF69FFFF67FF90BAAA
3642FF57F64DDEA560FFFFFF5A210000
FFFFFFFFBFF6D9FFFFBD7DD584FFFFFF
FFFFFFFFFFFFFFFFFFFF64AE9CFFFFD2
FFFFFFFFFFB862FFFFFF70FFC7FFFFFF
A6F4FFFFFFFFFFC953FFFFFFD8B1FFFF
31C4FFFFFFFFFFE2B27FFF8BFFFF4469
FFDED56CFF7433FFFFFFFFFF3C5D24FF
81FFFFFFFFFFFFFFFFFFFFBAFF28FFFF
B1FFFFFFFF88137EE6FFFF5BFFE0FFFF
8DD836FFFFFFFFD9FF21FFFFFF95FFFF
FFFFE3FBF7FFC7FFFFADCE9588FFFFFF
98FFFFCCFFFFFFFFFF8CFFFFB7FFFF75
FFFFFFFF81FFFFFF29FFFFFFFFFF80FF
FFC7A593FFFFFFFFFFFFFF33C4ACFFFF
A1FFFFFFF2FFFFA127B0E95DFFFFFFFF
FFB0FFFFF3FFFFFFFFFFFFFFFFF79562
FFFF16FFFF97FFD675FF7FFF82EEFFFF
FFFFFFFFFFFFFFFFD3FA8BFF793657D2
FFFFFFFFFFFFFFFFA3FFBCFFFFFFFFC5
FFFFFF62FFFFFFFFFFB8B0FFFFFFFFFF
FFA7FF6444FFFF2DFFDD15C107FFCF91
FFFF9A79FFFFFFFFFFFFFFFFC2FFFFFF
FFFFFFFFFFFFFFFFFFFFFFFFA7FFC4FF
F6FFFFFEFFD6FF4BFF84C7B4FFB7D159
FFFFB288ABFFFF7FFFEA8CC6DDFFF3FF
CD7CFFFFFFFFFF6FACFFFFFFFFFF87FF
FF5BFFFF9DFFFF64FFE8FFFFFFFFFFFF
42CBFFFFFF4847C544FFFFFFFFFFFFFF
FFE6FFFFFFFFFFFFFC98E9FFFFFFFFFF
FF90C2FFA7FFFFFF65FFFFB755FFFF35
FFFFFFFFFFFFFFFFFF9690FFFFFFFFFF
DDFFD4FFFF73FFFFFFFFA2FFFFFFFFFF
AEFFFFCDFFFFFFFFD3FFFFF796910000
FFF98AF8F6EFC7FFABFFFFFFFFDFFFFF
FFFF65FFFFFFFFFFFFFF9581FF52FFB8
A8FFFFFFFFEEE5FFFFFFFFB1FFFFFFFF
FFFFFF9AFFABFFFFFFFFFFFFFFFFFFFF
FFFFFFFFFFFFFFFFFFFFFFFFFFFFFFFF
FFFF5F89FFFF3AF8FFC7FF64FFEAC0FF
834FFFFFFFFFC8FFFFFFFFFFFFFFFFCC
5DAFFFFFFF79FAFF7FFF6E98FF9CFFE9
C2FFFF9FFF89FFFFDAFFFF7DC8FFFEFF
FFD86CFFB1FFFFFFFFB9FF957C8CFFFF
FF3CFFFFFF8DFFFFFFFFFFFFFFFFFFFF
FFFFD79F8D52FFFFFFFFC7A268B1FFFF
FFE7FFFFFFFFFFFFFFFFAFFFFFB6F2FF
FFADFFF7FF9CE6AA52FFFFDCFFFF35FF
5854FF6EFF82FFFFEC74FFFFFFD45092
36FFFFFFFFFFF4A309FFFFFFFFFFB8FF
FFFFFFAAFF3EFFE8FFFFFFFFDDC7FFFF
9AABFFFFFFDD7CFFFFFF6CFFFF56FFFF
54FFFFCFAEFFFFFF9BFFFFFFFDEFFFFF
16FFFF4C78B56C64FFF7F2FFFFFFDAC2
FFD6E7D3FFFFFF7DFFFFBBFFFFF1FFFF
33FFFFFFFFBFFFFFFFFFFF9FFFFFBFFF
5EFFFFFFE1FFCCFFF7FFE3FF4289A7B7
FFFF9A805FFFFFFFFFFFC1F7FAFFFFFF
FFFFDFFFF172FFFFFFFF48C0FFFFFFFF
FFE172FFFFFFFFFFFFFFFFFFFFFFFFFF
FFFFE1FFFFFFFFFF7DFFFFFFFFFFFF3C
B9FFFFACFF1B9D85FFB28C55E6B8FFBF
4FFFFF68FFFFFFFFEDFFFFFFDCFF8AFF
FFFFFFFF64FFFFFFFFFFFFFFA1FFFFFF
DFFFFFFFE1B1F9FF91FFFFFF61B2FFFF
FFC6FFFFFF9AFFB6FFFFFFFF78560000
FFFFFFFFFFD7FEC0FF87CA52FFBDFF72
FFFF9DFFFFD24AEB87ABA1DFFFFFFCDF
FFFFFFFFFFFFFFFF5CA5FFFFFFFFFFFF
FFFF40FFFFAC8F40FFFFFFFFFFFFFFB0
FF94FF53FFFFFFE7C7FFF3FFFFFF7CB0
FFFFBBFFFFFF3BFFC9FFEBFF88FFFF9F
3CFDFFFFFFFF63FFFFFFFFFF91FFFFFF
FFFFFFFFD5FFFF42FFFFA0FFFFFFFFFF
FFFFFEB4FFE6FFFFFFFF68E8DCFFFFFF
FFDEFFFFFFFFFFF6FFFFFFFFFFFFFF68
D0FFFFFFFFCCFFFFFFFFFFFFFFFFFFFF
FFFFFFF1FFFFA0FFFFFFFF9AFF99FFFF
FFFFFFFF32FFFFFFC0FFFFFFFFFF75C3
90FFFFFFFF3E81FFFFFFFFFFC3FFFFFF
92FFC6DC8DFFFFFFFFB0DB9A5EB4FFFF
FF5BFFFF81FFFFB77AFFFFFFFFD7C3FF
FFBBFFFFFFFFFFCAD8E7878FF2FFFFF7
FFFFFFF6FF3CFFFFFFFFA787FFFFFFFF
B3FFF4FF83FFA5FFFFFFD5FFFFFFEBFF
FFFFFFFF96FFD4FF42808EFFFFFFE962
7984FFFF4DFFFFF7FFFFFFFFFFA1FFFF
FFFF55DE7784A3A6FFFFFF61497FFFFF
BCFFFFFF45FFFFD69FFF58FFA3F1BD7A
FFFFD77BEEFFFFFFFFD29EA9FFFCFFCF
A6FFA9FFFFFFFFCCFFFFFFFFFFF9FFFF
FFFFFFFFE0FFFFFFFFFFFFE7FFC4B7FF
FFFFFF45FFECFFE0FF72FFFFFFFFE53A
FFFFFFFFFFFFFF6DFFFFFFFFA0EDFFB2
FFFFFFFFFF30A9FFFFFFA0FFFFF0FFFF
FF8BCDFFFF9ED4FFFFFFFFF3D1FFFFE5
1ECDFFFFFFDFFFFF76FFE8FFFFFFFFFF
FFFFF2FFFF5EFFB5FFFFFFD2E7A50000
FFFFDAFFFFB1FFC1FFFF97C4FFFFFFFF
FFFFFFFFFFF8D711F389FCFFDFFFFFFF
71FFFF9DBE89FFDFF63DFFFF98FFFFFF
FFFE7CFFFF5ED8FDFFFFFFFF78FF42FF
3E78FF7AC1FFFFA694FFFF9FFFB3FA5B
FF5DFFFFFFFFFF8EFFFFFFFFFFFF87FF
FF952CFFFFF2DFCDFF79FFFFFFFFFFFF
FFFF8FA9FF59FFFFFFFFFFFFFFFFF1DC
FFFFFFFFFFFFFFFF8AD8AEFFFFFFC0FF
FFEEDAFFFFBF85FFFFFFA6FFF3FFFFFF
FFFFA1FFFFFFFFFFF7FFFFFFFFFFFFFF
FFFFFFFFFFFFFFFDFFFFEE7EFFFFFFFF
EFFFFFFFFFFF8C92FFFF83FFB9FFFF2F
FFFF65E8FFFFFF52FFFFFFFFFFA3E6FF
FFFFE8FFFF85FFFFFFFFFFFFFFFFFFFF
8F8AFFFFFFD5FFFFFF53FF5AFFFFFFFF
FFFFFFFFFFEA5CFF2CD1BBFFFFFFFF9B
FFFFCFFF3EFFFFDFFF53FFFFFFD0FFFF
FFE5FFFFFCFFFFFFFFFFFFA5FFFFFFFF
BCFFFF12FFFFF2FFDDF18DFFFFCFFFFF
FFFFFFD3FFFFFFFFFFFFFFFFFFFFBEFF
C273FAE16855FF7AFFFFFFFFFFFFFFFF
FF6DFFFFFFFFD5FFFFFFD7FFFFFF9D83
B7EDFEFE7EFF4ABBACFFF0E9B4A053F1
A2BCFFFFFF97FFB7FFFFFF5BEFFFFFFF
FFFFFFFFFFFFFFD5B7FFFFFFFFFFFFF7
FFFFFFFFFFFFCDFA78FFFFFFFFF7FFFF
AFFF30FFACFFFFE6FFE4FFFFA9C4FFFF
FFFF83FF7670E5FFB1FFFFFFFFC0FFFF
FF65FFFFFFFFFFFFA19FE0FFFF90A8FF
FFFFFFFFF783FFFFFFFFFFFFFBFFFFFF
FFB916E5FFFFFFFFFFFFFFFFFFFF0000
FFE5FFEFF6D5FFC322FFC7FFFFE3FFFF
46FDFFFFFFFF6CFF197DA3FFFFFFA9F2
50FFFFFFFFFFFF60F67B0F7799FFEEFA
FFFFFFFFFFFFFF47FFFFFFC9FCFFFF09
D375FF89FFFFFFFF11FFFFAEF1FFFFFF
96FFFFFF82FFD3FFFFFFECFFB8FFCAFF
FFFFFFFFFFFFFFA4D8FFD5FFFFFFFF8A
FFE4FFD9FFFFFFFFBDFFFFFF77FFFFFF
61FFFFFFDFFF98E6FF7BFFFFFF6AFFFF
FFFFFFFFFFC8FFB1FFCFFFFFFFC8FFFF
FFA0FFFF98FFFFFFFFFFFFFFFFFFFF24
A7FFC34FD5FFFFFFFFFFFFFFB35ECBFF
FFFFBCFFFFFFF3FFFFFFFFCDFFFFFFD0
EAFF87FFB6FFC07EFAFFD9C4F3FFFFFF
FFFFFFFFFFFF8FCDFFFFB3FDFFFFFBFF
FF92FFFFFFFFFF85FFFFFFBDE4FFF9FF
C7FFFFFFFFFFFFFFFFFF7DFFACFFFFFF
EAE7E4947B87FFEBFFFFFFE3FF6AFFC2
FF83FFFFF1F5FFA1FFFFFFEDFFABFFFF
FFFFFFFF929FE181FFFFFFFF29EC5FFF
99FFFFB7FFFFF1FFBFFFFF90FF7A7BFF
DCD1B7FFFFFFF6FEB3FFFFFFFFFFDDD9
FFFF3DD798FFFFFFFFFFFFFFFFFFEDFF
FF7DBDFFFFFFFFFFFFCDDBFFFFFCFFFF
9EC5E9BEDBFFFFFFFFFFFFB1FFFFFFFF
A8FFFFFFFFFFFFFFB2FFFF5BEB5EE8AB
E8FF78FFFF2FFFFFFFFF8EFFFFFF73FF
FFFF34FFFFFFFFFFFF13EBEF53DA7098
FFFF85E5FFACFFFFFF88FFFFFFA9F5F0
FFFFFFCBFF591AFFCDF2AC6A76FFFFFF
FFFFA68DFFFFFFFFFF98FFD7FFA4D7D4
FFC389FFFFFFFFE2B3FFFF6DFFFF0000
FFE9FF9ACA40FFCDE2FFFFFFFFFF79FF
FFFFF9FFFFFFFFFD5DEAFFFFDCFFFFFF
C8F4FFFFFFFCFFC6F9FE09BBFFA5FFFA
FFFFF3FFD29BC4C92BFFF2CE80FF9AAA
FFFFE8FBFFFFFFFFC5ADFFFFFCFF96B3
FFFF9EFFA0FFD1FB6EC2FFFFFFFFFFFF
FFFFFFFFFFFFFF47FFFFFF227EE7FFAB
FFFFFFFFC4A6FFCCA5FFDD38FF56CFFF
FC9EFFFFFFFFC791FFE8FFDD2DE2FFFF
DEFFFF9AFFFFFFFFD8F4FFFF5EFFFF80
FFFFFF94CBFFFFFFFFFF95FFDCFFFF49
30666DC4C7C7FFEFFFFFFF47F28CFFF6
CC77F6FFFFFFFFDAFFFCF8E6FFFFFFD7
EDFFFFFFFFFF9DFFFFFFFFB0D6FFFF79
FFFFFF9C8AFFFFFEC0FFFFFF7454D1FF
B3FFFFA5D5FFFFFFFF4BFFFFFFFFFFFF
FFFF9741FFFF72FFECFFFFFFB8FFDA78
74CAFFFF38E665FFFF655BFFFF57FF87
FFF8D5FFFFEDFFFF68FFB5F5DFFFFFFF
FFFFFFFFC8A3FFCCF27A96FFDE5CFF45
FF744F8DA662A173FFFF6AC4FFD9FFEE
FFFF7665BEBE79FF4EE7FFFFFFB099FF
FFFFDDFFFF9CFF9BFFAAFFFFFF76DCFF
AC92FFFFFFEBFFFFFB6B87FF3CFFFFFF
C8EEECFFFFFB90FF7BFFCBC2FFD0FFFF
FFFFFF4683FEFFFFFFFFFF80AAFFFFFF
19FFFFE3FFFFE7FFFFFFB0F1FFF1FFFF
D8FFB1FFDAF6DBEFFF8BFFFFFFFFFFFF
FFAEFFDB90FFE868FFFFFFFFB6C0FFFF
FFA3D97D54588DFFFFFFDBC8FFFFFF9D
FFFFFFFFFFFFFFFFFF7E3EFFFFFFFFFF
FFFFDFC7FFFFFFA2B8B5E8FFFFFF0000
F0FFFFAAC1C0D5AFFFFFFFFFFFE2FFFF
CB827A5CFF64DC56B1FFF8FFFFFFFF68
8BFFFFFF79FFFFFFFFFFA2EB99FFFFFF
FF89FFFFFFFFFFFF5FFFFFFFFFA9FFCB
C1FFEFF9FFBBFFDDC5BBFF6EFFFFFFFF
FFFFCBFF60FFFFFFFFE3FFFFFFFFFFFF
ACFFA7D029FFFFFFFFFFFFFFFFD8FFE2
62FFFFFFFF18FFFFFFFFFFFF60FFFFFF
FFFFFFFFC1FFFFFFDCFFFFFFFF7EFFA6
FFFFFFFFFFFF4CFFFFFFFFFFFFC5FFFF
7AFAFF4AB0FFFFE2FFFFFFFFFFA283FF
A5BAFFFFFFB2FFFFFFA5D1C487FFFFAF
28DAFFD0ADBAFFFFFFFFFF61A5F1FF98
FFFFFFC0FFFFFFFFFFFFFFFFFFFFFF64
FFFFFFFFFFFFFFF1A3FFFFFF95FFFF9C
FFFFCDFFFFFFFFFFFFFFFFFFFFFFB9D0
FFFFFFA655FCFF90FCFFD6FFFFE3FFFF
21FFFFFFFDFFFFFFFF5C14E7FFFFFFFF
FFFFFFC0FFE7FFFDFFFFFDEC7B97FFFF
7AA3FFFFFFFFF3A4FFFFDCFFFF74CAFF
FFFFFFFFFFFF64FFACFFFFFFFFFFFF30
FFFFFFFFBC56F0FFF2FFFFFFFFC8FFFF
FFFFB1FFFFDEFBC7FFFFFFFFE262A838
73FFFFFFFFAAFFFFFFFFFFFFAC2ED9FF
FF778DFFC76230FFFFFFFFE5FFFFFFFF
FFF0EFCB72F0FFD0FFFFFFC7FF8E4BCA
EDFFFFBCF497FFFFE3FF8FACDD7FFF86
FFF2FFFFFFFFFFFFBBFBAF9DADFFFFFF
FFFFFF1187FFFFB6FFFFFFC8FFFFFFFF
FFFFFFFFFFFFF7FFEBFFA4FFFFFFFFA7
FFFFED7DD2FFFFFFFFFFFFFFFFC6A9FF
FFF89CFFFFFFFFFFFCFFFFFF528D0000
FF94FFFFCFFFD891D6FF4A86B5EAFFFF
FF99FFE4FF769B4AAD9775FFFFFF377C
C1E9FFFFFFFF47A4775EE8FFA3FFA3E5
FFFFFF8BFFFF8AFFFFCDE2FFFFFF5EFF
FFFFFFAEFFFFFFE7FFFFFFC6FFFFFFFF
FFFFFFFF7EFF91FFDCAB85E1DBFF30FF
FFFFFFFFFFFFFFFFF9FFFFF7FFFFD2FF
FFFFFFFFFF83FFFFFFFBFFFFFFFF7D9C
FDFF77CCFFFFF0FFC8FEFFB4FFFFFFDA
FFFFFFFFD9FF79FFFFFFFFFFFFFFFFFF
E7FFFB94FFFFFFFFFFABFFFFFFFF18FF
CB084A639C74B4FF98FFFFFF60D98CC2
CF97D6FFFFE9FFFFFFFFFFFF58FFD9E0
FFA4FFFFFFFFFFFFC70BFCD094A6AE8B
FFFFFFFFE3FFB6FFFFFFFFFFFFFFFFFF
FFFFFFFFFFFF18FFFFFFDCFFB3FFFFFF
FFFFFFFFFFFFFFFF994EFFFFFFFFCDFF
E086E0FF68C1DAFFFF27BEFFFFFFD4FF
FFFFFFFFFFB5FFFF8BFF4CAAEED4FFFF
FF98A3FFFFDDB7FFCEFFFFAFFFDDE7FF
FFFFFFFFFFFFE3FFD54BE3FFAEFF12FF
FFFFFFFFFFBEECBFFFAAFFE0FFFFFFFF
FFFF46CAC5EAFFBC9D86A3633D9FFFFF
D2FFFFFFE1FFFFFFFFBAE20DFFFFFFFF
FFFFA3B766434CFFFF34FFD1FFE7FFFF
FFFFFFFFFF0E5BFFDCFFFFFFF3FFFFFF
FFFFFFFF81A1EBFF13FF35D5D89575FF
FFFFFFFF21FFFF75FF6EBCFFFFFFFFFF
FFFFFF8E8BFFFFFFFFFFC2FFB4E87FFF
FF65FFFFFFFFFFEEA782C2FFFFFFFFFF
FFFFA9FFFFFFFFFFE1D1E848FFFFFFFF
7AFFFFFFA459FFF3E695FFFFFAE70000
FFFFFFFFFFFFDC6AA2B5481D23FFD1FF
FFFF74FFFFFFFFFFFFFFFFFFFF5FFFFF
8FFFFFFFEBFFFFE9FFFFFFFFFFFFFFC0
FF75FFFFFFFFFFFFFFFFFFFFFFFFFAFE
F2FFFF97FFD3FFFFFFFFFFFF73FFFFFF
FFC5FFAEFFE6FFECFF7022898DF0FFEC
EBFFFFFFFFFF9EFFFBFFFFFFF9FFE2FF
4A8931FFC0BF5DBFFFFFFFFF8CFFFFB6
FFFFFF94C8FF58FFBFFFFFFF5F8CFFFF
FFD7FFFFFFFF5DFFFFFFFFFF767D5C9A
A2477D79FFFFFFF986FF97FFFFFF3EFF
7CDDFFFFFFFFFF8AFFFF39FFEB682C95
FFC3FF29FFCAFFFFFFFFAC83FF78FFFF
FFFFFFFFBCFFFFFF9EFFDE14FFFFFFFF
57FFFFFFFFFFFF0FFFFFFFFF80A7C4B6
FFFFFFFFD8FFFFD5FFFFFFFF76FFD8FF
FFFFFF45257AFFD9FFFFFFFFD7FFFF22
ABFFFFFA03FFFFFFFF78FF36FFFFFFFF
FFFF5449FFFBFFFFFFFFFFFFFFDEFFFF
FFFFFFFFCCFFC5C1FFFFFFFFFFFFFFD6
FFFFFFFFE2FFFFFFFF48FFD1FFFFFFFF
76FF68FFA5FFFFFFFFFFFFFF47FFFFFF
E77FFFFFFFF9FFFF39FFFFFFFFFFFFFF
FFFFCBFFFFFFFF6EFF92BCFFFFFFFFBD
D1FFFFBF4EB0FFFFB97149FFFFFFDCFF
FFFFFFFFFFF37CC7B6FDFFFFFFFF5DFF
36FFFF7CEBFFD0FFDBFFB3DBFFEDD0FF
A6FFFFFFFFFFFFFF4A68FFF3C3D8FF77
FFFF98FFFFFFFFFFFFFFFFA1FFFFFFFF
FFFFFFF8FFFFFFFFBFBAFFFFFFFFFF60
DD4194FFFFFFFFFF6D82FFFFFF1BFFFF
0FFFB9FFFFFFFFFFFFFFFFFF36E50000
FFFFFFCD2EFFFFFFFFFFFF386DFFFFFF
FFFFFFFFFFFFFF31E9FFC69DFFFFD3FF
FBB773D5FFFFFF93FFBA4AFFFFD3A3FF
A4FF5FFF7BC1FFFF3EFFFFC8FF84FF85
FFFFFF10FFFFFFFFFFF7FFFFFFFFE1FF
FFFFD6FFFFFFFF9381D6FF4C8993FFFF
FFFFFFFFFFE4FFFFBFFFFFFF2B9CFFA1
FF5C9E90FF0E94FFFF7FFFFFFFFFFFFF
FFFFFF7F7FFFFFFF88FFB5FFFFFFA9FF
FFFFFFFFFFFF4BDDFFDCAA26201F6BBD
CCC8FFFFFFB1F9696FFFFF28FFEFFFD8
9DFFFFFFFFFFFFFFFFC99EFF70FFBD57
75FFFFFFFFFFF7FFFFFFFFFFFFFFFFE3
BFFF45FFFFFFFFFFFFFFA5FFFFFFFFFF
FFFFEDFFFFFFFFFFB8FFFFFF6EFFD1FF
5DFFC9FFBF9EFFFF776EE3FF93FFFFDE
FFFFFFFFFFFFFFDEFFFFFFFFFFE6FFA4
7FFFFFFF9AFFFFFF37FFBCFFFFFFFFF7
FFD964CCD2A9FFFFFFFFFF32DDFFFFE3
AFFFFFFFFFFFFFFFC0FFFFFFFAFFFD89
FDFFFFFFFF9FFFFFFF86FFCDACFF78FF
FFF2FAFF8AFFD7FFB0FFFFF5D9A2FFFF
AAFFFFFFFFFFB7FF7FFFF9FF12ACFFFF
FFFFFFFF6AFF61FFFFFFFFEAFFFFFFFF
A1FFFFF85381FFE3A8D1FFF5A4FF13FF
FF94FFFFFFD9FF3275F8FFA0FF6AFFFF
FFFFFFFFFFB2FFFF35FF3BFF30FFB0FF
FF58F7FF70FFFFCE93B56FFFE3FFFFD0
FFFF62FFB2DF7463FFFFFFDBDA8AFFFA
FFFFFFFFE8FF93FF4FFFFFFFFFFFFF48
FF8578D972FFFFFFFFFFE0AA82FFFFFF
FFBFFFBDFFFFFFFFF0FFDEFFFFFF0000
FFFFFF68ABDCFF6AFF95C0ABFFFFB0FF
FFFFB43CFFFFFFFFFFFFFFFF83FFFFFF
BBFFFFCCFFFFFF3FFFCAFFFF41ADB8FF
FFFFC1FFFFFFFFABC1CFFFFFFFFFFFA8
FFE4FFCBFF6BFFFFEDFFFFFFFFFFFFFF
D1FF93FFFF8DFFFFDCFFFFFFFF6CFFFF
FFC1FFFFFFFFDAF9FFFF2FBD89FF974D
FF4DEEFF7FFFD1FFFFFF9DFFFF63FFFF
FFFFFFFFA0FFFFFFFFFFFFAFDBFFFFAF
FF98FFFFFFFFFA91FFF9DC92A2FFFFD7
B18EFFFFFF4CE6F2FFFFFFFAFFFF54FF
09FFFFF9FFFFBCC0FF7764FFFF7CFFCE
FF77FFFF15FFFFFF67FFFF5255FFFFFF
FFFFFFFFE9FFFFFF6CFFFFB1FFFFFFFF
FFFFFFFFFFFFFFFFFFFFFFFFFFFFFFFF
9EBAFF80FFFFFFC2B6FFFFFFFFAEFFF9
B6FFFF9C64FFFFFF7890FFE2FFFFFFFF
BBFFFFFF19AD8CFFFFFFB9D2D29AFFFF
FFB7FFFFF4A2FFFFFFFFFFFFFFFFFFFF
FFFFFFFFFFFFFFEFF4FFFFFFFF91FFC2
C9FCFFFFFFFFFFFFFF72B0FFFFFFFFFF
BCFFFFAD7FFFD5FFB4B72DFFFFFFFFFF
94D359FFFFFFFFFF44FFFFFFDDFFFFFF
FFE2FFA2E4FFFFFFFFFFB2FFFFFFFFFF
FFFFFFFF3468FFC4C3FFFFFFFEFFFFFF
881E6EFFFFFFFFFFCDFA43FFFFFFFFFF
FFEE72AAFFFFFF72BBFFFFFFFFFFFFFF
FFFF336FFFFFFFFFC2EBB5A87AFFFFFF
FFFFA1FFFFF23ABDFFFFFFFFFFE9FF62
FFFFFFFFB3A99DFFA1FFFFFFFFFFFFB4
FF369266F4FFFFFFFFFFA07F837BFFFF
FFFFFFFFFFFFF7FFFFFFC2FFFFFF0000
FFFFFFFFFFFFFFFF33EFFF8BFFD8FFFF
FFFFFFFFFFE5FFFFFFFFFFF9FF40FFFF
FFFFFFFFF0FFFFC2FFFFFFECFDD2FFB9
D8FF34FFFFB7FFB2B195FFCEFFFFFFFF
FFE0FFEEFFFFFFFFFFEC98FFFFFFFFFF
FF91C9DFFFFFFFFFFFF144FFFFFFFFFF
FFFFFF2F62FFFFD9FFFFFAEBFFFFFFFF
FFFF5BFF4AFF2FFFFFE6FFBCFFFFFFD1
FFFFFFFF0CFFFF94FFFF89FFFFFFB661
9DFFFFFFF9FFFFFFCDF2FFECFFFFB3FC
FFFFFFFFFF597DFFFFFFFF37FFFFB7FF
AFFFFFD9FFFFFFFFFFB7FFFFEBDCFFFF
B8FFFF48FFFFFFFFFFFFFFFFFFFFD5FF
FFFFFFFFFFFFFFFFFF72FFFFFFD7FFFF
59FFFFFFFFFF8EFFFFFFFFFFFFFFFFFF
5BDFD9FFCEFFFFFFFFFFFFFFFFFFFFCD
FFFFFFFFFFFFFFFFA1E6FFFFFFFFF9FF
E4FFBFFFFFFFD5FF5DFF151B561293FF
FF6AFFFFFFB0FFFFFFF9DA5DFFEFFFE3
FFFF3297FF45FFFFFFC4FFFFFFFF6AFF
FFFFFF5A5C6B24CFFFC05DFFFFFFFFFF
C3FF9298FFFFFFFFFFFFFFFFFFFFB2FF
FF8CFFFFFFFFFFFFFFFFFFFFFFFFF1FF
FF4681FEFFFF88FFFFFFFFFFA3FA3BFF
FFFFFFFFFFAAEEFF8BFFB2FFFFFFD8E0
FFFFFFFFFFFFFFFFF254B255FFFFB9B3
FFFFFFFF56F2FFFFFFFFFFFF9BFFCDFF
84FF2FFF64FFFFFFFFAAB2FFFFFFEFFF
E3FFFFFFFFFFFFFFEC99A4FFFFAC95FF
FFF2FAFF9BFFFFFFFFFFFFFFFFFFFFFF
DAFFFFDCE5FFFFFFFFFFFFFFFFFFFF4F
7DFFFFFFFFFFFFFF43FFBEFFFF320000
FFECD3B3C3FFFFFFFFBE3BFFFFFFF0FF
94A5A0FFFF6BFFC1FF6DFFFFB6FFFFFF
FFFF3BEDFFFFFFFF59FFFFCD85FFFF64
FFFFFFCBFFDED2FFFFFFFFCAFFFFB2FF
FFFFFFFF65FFFFA399FFFFFFFFFFFFFF
8AFFE4E1FFC3C2FFFFFFFFFFFF74FFFF
C0D5FFFFFFFFFFD4FFFF47FFBE56DC6B
BFFFEEFFFFFFFF386D66FFFFFFFF2AFF
FFFF4FFFFFFFFFFFFF7DD8FFFFFFD69D
C6F0FFFFFFFFFF976EFFFFFEFFFFFF22
FFECFFE8FFFFFF3AFFFFFFFFFFFFD2C8
FFFFFFFFFFFFFFE4FF75FFFFFFFFFFFF
D694FFFFFFA4C8FFF8FFEBFFFFFFFFFF
ACFFFFFFFFFFFFFFFFFFFFFFFF4773FF
EB9BFF7496FFFFFFA98A8F30FF44FFFF
FF1FFF69FF91FFFFFFFFFFFFFFFFFFFF
FFFFFFFF8DFFFF8809FFF9FFFFFFFFFF
A1FFFF59FF9EFFFFFFFFB19BB9CE55FD
7AC4D0FFCEDBBD45C2FFCEFFBE34FFC5
FFE5FFFFFFFF9FECFFFFFFFFC0FFFFFF
FFFFFFFFFFFFE0FFA6636FFFFFFF8DFF
F5FFF0ABFFFFF5D64BFFFFFFFFCEFFFF
FFFFFFFF9CA6FFFFFFC5FFFFFFFFFFFF
FF1A79D6FFFFB1FFFFFFEBFFFFFFFFFF
AD97FFFF89FF9DE8FFFFAC56FFFFFFCA
3A85E950797DFFFFFFE1D4FAFFFFDEFF
FFE6FFFFFFFFFF86FFFFFFFFFFFFE6FF
FFFF3CFF93B0FFFFFFF5C35685FFFFFF
FFB0FFFFFFD5FFFFFFFFFFFFFFFF55FF
A2FFFEFFA8FFFFFFFFFFFFFFFFFFFF29
6CFFF975BCFFFFBDFFFFFFFFFFFF5BFF
FFFF9546FFFFD1FF5BFF6AD5FFFF0000
FFFFFFFFFFFFFFFFFFA5FFFFEDFFFFFF
FFFFFFFF66FFE0FFFFFFFFB1CAFFFFFF
FFFFFFFF6BE1FFFFB380FF79FFFFFFFF
A6FFFD91FEFFB0BBFFFFFFEAFFFFFFFF
FFE7FFFF36FFFFA19360FFFF96C1FFFF
FFAEFFFF6294FFFF9EFFFF8EFFFFFFD8
FFA3529EA2FFFFFFFF34FFFFFF4BA6FF
FFF68BA8F8FFD2FBFFFFFFFFFFFFFFFF
FFFFFF0DFFECFFFFFFFEB2FFFFE5FFD5
FFFFFF97FFFFFFFF8CF4FFFFFFFFFFD6
FFFF64FFFFFFFFCEFF6DFFFF6DFFD0CC
97FFFFFFFFFFFEE6FFFFFFFF88B579FF
FFFF944EFFFFEDFFB3C9FFAAFFFFFFFF
9095A2639BE0FF6F91CAFFFFFF9BA3FF
FFB254FFFF92FFFFFFFFDC9DDAFFFFFF
FFD3FF3EFF2A8AFFFFFF88FFC097FFFF
FFB0FFFFB1FF4FD9DAFFFF8EFF97BC7A
FFFFFFFFFFBAFFE24108FFFFFFD1B3F4
FFFFD1FFFFFFFFFFFFFFFFFFFFBD64FF
FFFFFFFFFFFF6D859FFF6CFFFFFFFFFF
F3FFFF26FFFFFF1C7FB5FFFFFFFFFFFF
6AFFBAFFDF80FFFFFFFFFFCBADFFFFFF
91FFFFFFFFFFFFFFFF9BFFFFFFFF8BFF
A99C78A645FFFFFFC2FFFFFFFF55FAFF
FFBBFFAEFFFFE0FFC0FF5BFFFFFFFFFF
EBFFFFFFA4B6FFC99320D3FDFFFFFFFF
FFFFFFFFFF4CFFFFFFFFFFF5FFB6F8FF
FFBF3EFF6EFBFFFFFF403E484FFCFF39
55FFE2FFB5829387DFEBFF60D8FFFFC1
FFFF8AFF5EFFFFFF3FFE80AEFFFFFFFF
5CFFFFFFFFFFFFFFFFFFFFFBFFFFFFFF
FFFFFFFFFF1DF9F1B5FF807CDEA40000
FFFFFFFFFFFFFFE599FFFFFFFFFFA4BB
88FFFFFF7CFFE5FF1DFFFFFFD8FFFFFF
FFA1FF8AFFFFFFFFF4EEBF4FBFFF8BFF
FFAEFFF78CFFFFFFFFFFFFBDFFFFFFFF
FFFF948C1FFFEDA5FFFFFFF2CBFFFFFF
FFFFFF7DA269FFFFFFFF9226C335C077
2C93FFFFFFFFFFFFE4A2FFFFFFFFFFC0
A6FFFFFF9CFFD7FFBDFFFFFFFF55FFD2
CBFFFFFF9FFFFFFFFFF1FFFFFFFFFFFF
7EFF7EFFFFFFFFFF46FECCADE1FFFFCC
DDF2EBFFFFFFFF3AFFC3FF7BFFFFFFFF
FFFFFFFFB2FFFFF3FFFFFFFF35F6FFAA
FFFFFFFFFFFFD05AFFFFB8E65BFFFFFF
BA466EFF7AE7FFFFFFFFFFFFFFFF5AFF
FFF0FF5AFF457FFFFFC06C6FA2C6CF65
FFC3FFFFFFFFFFFF1BFFFFFFFF97FFFF
FFFFFFFF47EB4FFFFFFFC8FFFFFFFFFF
9CDE6AFFFF4EFF539775FFFF10FFFFFF
FFFFFFFFFFFFFF4CFFFF7D89D9C9FFFF
FFFF7177FFFF9113FFFFC6FFFFFFC2FF
FFFF6EFFFFF6FFFFFFFFFFFF06FFFFE4
FFFFF4FFFFFFFFFFC8FFFFFFFFFFFFC4
4AFFFFFFFFFCFF829EC88D70F8FFFFFF
FF4D44E957BD9AF244FFFFFFFFFFFFA8
FFE6FFF7FFFFFFFFFF94BB77FFFFB8FF
FFFFFFFFFFFFFFFFFFFFFFFF7BFFFFFF
FFFFFFFFFFFFFFD4FFFFFFFFFFFF74FF
C8FFFF50FF84FFFFFFFF5626FCFFFFFF
FFFFFFFFFFB5CAFFFFFFFFFFFFFFFFFF
E3FFFFFFFFBBB3806CFFFF1CFFFFFFFF
A8FFFFFFFFFFC5FFFFFFA3FF8BFFEFFF
93FFABFF6AB9FFFF85FFFFFFDC510000
9FFF5DFFFFFFFFA0FFFFAFFFFF29B4FF
FFFFBCFFFFFFE3FFFFCCC1FFFFD7FFFF
FFCDD4EA997AFFB8FFFFFFFF6CFFFF7E
FFFFFFFFFDFAFFFFFFFFFFDEFFFFFFFF
FF25AAD2AFFF73C8FFFFFFFF1DFFFF71
FFFFFF8072C6FFFF9AFF58749AFFFF84
FFFFFFFFFFF54A5DCFFFFFFFFFFFD199
79F45FFFF6FF99FFFFFFFFFFFFE64FFF
FF8DB3FFFFFFFFFF84A55C9E2B268632
81FFDCFFE0FF996C47B099C8A4A6BDC1
FFC6FFFFFF44FFFFFFDEFF7CFFFFFFFF
AB5DFFFF447C4095FFFF1CFFEBFFFFFF
56CDFFFFFF782AFFFF99FF8C4CD730B8
B7FFFF87F3FFFFFFFFFFFFFFFFFFFF4E
C37BF14AFFFFFF9F53C0FFFFFFFFFFFF
10FFFFFFFFFFBCFFE0FFFFFFBFFFFFFF
65FFFFFF3BE3FFFFFFFFFFFFFFFFFFFF
FFFFFFFFFFFFFFFFFFFFFFFF63FFFFDA
FFFFFFFFFFFFFFFFFFFFC8FFD3BE4AFF
FFFFE2FFFF8CBDFF84FFFFFFFFFF68DB
FFFFC0506D5CF6B5FFFFFDFFFFFFFFE4
FF95FAFFCAFF5BFFFFFFFFFFFFFF9CFF
B3FFFFFFFFE69ACBD0AD3D82FFFFFFFF
FFB3D4FFFFFFC26552D883FFFFFF7AFF
FFFFFFCFFF85BDFFFFFFFF41FFCFFFFF
FFFFFF9FFFB3338EE1DCFFFFFFFFFFDA
97FF5EFF12C6CAFFFFAE9DFFFF3FFFFF
FFFF63FFB0FF3F36FFFF90B6FFFFFFFF
B5FFFFFFFFEDCED1FFFFD259A9FFFFFF
D390FFFF3718ADFFFFFDFFFFFFFFFFD9
C3FFFFFF65FFFFFFFFFFFFFFFFFFFFA4
F0FFA0FFE66DFF46FFFF7602FF900000
FFA9B9FFFFFFFFFFFF79FFFFFFFFB9FF
A6FFFFFFFFFFFFFFFFF69B2C5BFFFFFF
F4F7FF672F859EFFE8FFFFB080FFFFFF
FFFF5EFFFFCEE0FFFFB7FFFFBBFFFFFF
FFFFFFFFFFD2FFD5FFFFFFFFA8FFFFFF
FFFFFF56AEE7FFFFFFFFB1FFFFE0FFFF
F451FFF59FFFFFFCFFFFFFFFFFFFC7F6
F7D7FFFAFF91FFFFFFFDFFFF64FFFFFF
FFFF6880FFFFD5FFFFFFF8E5FFFFFFFF
FFFFFDFFFFFFFF9CFFFFFFC7DB5E27EE
FFBCFFFF74FF7DFFFFA8B5FFFFFFFFFF
FFFFFFFA6FA924FFFF9E6BFF64FFFFFF
FFFFFFFFFFFFFFFF39FF1DFAFFFFFFFF
74FFFF4AFFFFA9FFFFFFD6DDFF31FFC0
E4FFFFFFB2FFFFB8EDDEFFFFFFFFFFFB
FFFFA83FC2FFFFFFFFFFFFFF98BEFFDE
FF9BFFFFFFFFFFFFFFFFC272FFFF1EFF
42D36DFF98FFFFFFFFFFFFFFFFFFFFFF
FFFFFFFFFFFF6AFFFFFFEE6EFEFFFFFF
FFFFEB96A0FFFFFFFFFFFFFFFFFFFFFF
56FFFFFFFFFFFFFFFFFFFFFFFFFFFFFF
FFFFFFFFFDD3FFD597FFFFFFFFFFFFFF
4BFFFFFFFFD08CFEEF778EFFFFCECAFF
ECFFFFFF8CFFFFFFAFC8FFFFD2FFFFFF
FFFFFFFFFFFF30C856FFFF82ECFFFFFF
FFFFFFFFFFFFE6FFFFFFFF8AFFFFFFFF
FFFFFFFFBEC973FFFFFFFFFFFF64FFFF
895DAE9AFFFF8BFFFFB7C2FFFFBAFF84
FFFFFFD4D7FFFFACFFFF71837FA9CCCE
FFFFFFF65489704C45A6FFDA93F541FF
FFFFFFFFBCFFFFFFFFFFFFD8E6FFC9A8
C5FFFFFFFFFF3DB1A9FFFFFFFFFF0000
11FFFFFFFF97CCFFFFFFFFFF9DFFFFFF
FFFFFFFFDBFFFFFFFFCCFFFFDDFF9BFF
D9FFFF61ACCAD285FF6CFFFFFFFFCEFF
67FFFF9EFF3BFFFFB6FFFF6F72AEFFBA
FF5BC2FF0D3EEFFFFFFFFFFF93FFC5FF
FFFFEFFFFFFFFFFFFFFFABFFA8D4FFFF
FFFFFFFFFFFFFF50FFEDFFC3FFFF8FFF
FF2CFF6EFFFFFFF8D3FFFFFFFF34FFFF
8FFF2BFFFFFFFFFFFFFFFFDAFF6DFFE1
FFBFBDFFFFADFFFFFFD0FFFFFFFFFFFF
AA94FFE36AA75A94B3FFFFFF8AC2FFFF
D5FFFFFFC5D5FFFF6BFFFFFFFFFF7BFF
FFFF88FF53FFFFE3FFFFFF89FFFFD5FF
FFDC624EFF77FFFFFFFFFFB5FFFFFFFF
FFF3FFD5FF9AFF89FFAAFFFF9AFFFFC2
FF7FFFFFFFFFFFACE0FFFFFF70FFFFFF
AFFFFF87FFE659FFFFFFFFFF4FFFCBFC
FFFFFFFFFFFFB8A1FFBAFFA0E6AAFFFF
FFFFFFFFFFFF2EFFFFFFB1FFD2C1FFFF
FFFF97FF07F8F2FFFFE3FFFF52FFFFB1
FFF5D1FAFFFF78F0FFFCFFFF7AFFFF8D
FFFFFFFF37FFFFA3FFFFFFFFFFFF7AFF
FFFFFFFFFFFF19FFFF95FF54FFFFFFFF
FFFFFFFFFFFFBCFFFFCBFFFFFFFF8DFF
FFFFFFFFFFFFFFFFFFFFFF714DFFFFFF
FFFFFF9DFF76FFFFFFFFFFFFFFFFA7FF
9DFFB5ACFFFF66FF6EFFFFDCF50DFFFF
FFE8FFFF7EFFF1FFDBE28CFFFFFFC1FF
FFFFFFFF26FF9B8BFFFFD8FFFFA9FD07
FFFFFBFFD1EEFFAE58FFFFFF9A4E46FF
4681FFA1FFFFFFFFFFBCFFC8FFFF7772
82FFFFFF7FD7B4FFFFFF9A8439FF0000
47FFA9FFFF5BFF878ECEFFFFFFFFFFFF
FFFFFFADFFFFFFECFFFFD3FF21DFFFFF
E1FFA2A898DEFFFFFFF09EFF7AFFFFFF
87A0F79175FFEDFFFFFFFFFFFFF1FFFF
46FFA6FFBDDAF0FFFF95FDFF39FFFFFF
FFB5FFFFFFFFD7FFFFFFFFBFF794F19C
FF5FFFF5FFFFFFFFE99FFFFFA3F5FFFF
FF7BFFFFFFFBFFFFE9AF7FFFFFFFFFFF
FFFFFFFFFFFFFF27FFFFFFAFFFFFFFFF
FFD8A7FFFFFFFFD1FFFFFFFFFFFFFFFF
FFFFCEFFD9FFFFD1FFFFFF35FFFFFFFF
FFFFDBFFB066FF86FFFF5276F9FFFFFF
B6FFFFFFDF56FFFFFFA8FFFFFFFFFFFF
FFFFFFE31AFFFF67BEDE50C85AFFFFAE
FFFFD6FFFFC9FFFFAAFFDFF6FFFFFFFF
FFD8F7FFFFFFFFFFFFFFFFA450FFFFFF
FFADFF73FF7BFFACFF49C6FFD2ACFFAB
FFFFD4FFFF82A79452FFCA53FFFF92FF
687DFFFFFF2BFFFFFFFFE9FFFFD8FFFF
FFCAFFFFFFFFFFFFFF9DD4FFFF3EFFFF
FF9BFFFFFFBB9641FFFFFFFC75FF26FF
B0FFFF54FF08FFFFFFFFBFFFFFA0FFFF
D3FFFFFF5EFFFFFFFFF5FF89C7FFF624
ABFFC29BFFFFFFFFFF7E81FFFFFFFF94
9CE3FFFFE4C3FFFFFF8EFF3FFFFFBDFF
FF978DFFFFFFFF8EFFFFFFFFFFFF61F5
90E6FFFFD2FF70FFFFBEFFFFF9FFFFFF
FFFFFFFFA28CABFF97FFCBF5FFFFFFB2
FFFF85FF8FFFFFFFFFFFFFFFFF8927FF
FFE693FFFFFF378281FF87FF5ACAE151
FFFFFFFFFFC544E8FBFFFFE2FFFFFFC6
FFFFFFFFFF6EA9FFFFFF7FAB81FF0000
FF5AC9BFFDFFFFDBCBFFFFD9BAFF9DFF
C5FFFF5DFFFFFF57A2FFFFFEECFFFFFF
FFDFE8FFE1FF5DFFFFFF50FFFF92E4FF
F24AC9FFFFFFFFFFFFFFFF95FFFFFFFF
FFADFF82FFFFFFFFFFFF50ECFF1EFFFF
FF5CFFFFDBFFFFFF16FFFFFFFFFFFF45
FFFFFFFFFFFFFFA5E6FFFFFFC4FFFFF4
FFFF5DFFFFFFFF66A3A8FFFF1764FFFF
3DFFFFFFFFFFFFFFFFFFFFFFFFFF1FFF
91FFFFFFFFFFFFF3A7FFFFACFFFFFFFF
A8C5FFFFC67AFFFFFFFFFFFFFFFFFFFF
FFFF57FFFFFFFFFFFFFFFFFF73FFFF23
FF8BFFFFFFFFFFFFFFFFFFFFFFD4FFFF
FF83FFCEFFFFFFD534FFE2AEFF79FFFF
FFF4FFFFFFF0FFFFA4FFFFF7FFFFBFFF
A8B65BFFFF67FFF865FFFFFF68FFFF62
828C7B6CFF50F3FFFFB181FFFFFFFFFF
8EFFFFFFFFFFFFFFFF9DFFFF60FFFF9A
F8FFFFFFFFFFFFFFA8A8C461FB4BFFCD
E7FFFF96B3ECFF5AFFEEFFFF3AFFFFFF
97FFFFFFFFDEFFFFFFFFFFAB2FFFFFFF
3CC7FFFFFFFFFFFF7EFAFFFFFFFFBAFF
FF85FFFFFFFFFFFFFFFFFFFFA4FF7EDC
FFFFF1FFFFFFCBFFFFFFECFFFFFFFFF4
F3F8FFFFFFFF6EFFFFD4ADC7FFD3FFFF
B9FFFFFF6EFFFFFFFFFFFFDD8C59E67C
FFFFFFFFFFFF60FFFFB1FFFFFFFCFFF7
FFFFFFFF7FFF5457FFBFFFFFFFFFFFC4
FFFFFFFFFFFFB6FFEDFFFFFFFFFFE3FF
FFE857FFFFFFFFFFFFEDFFEEFFFFFFFF
BDEDFFFFFFFFFFFFCEFFFF9BFF8FFFAA
6DFFFFFFFF5EFFFFFFFFFF37F5FC0000
FF46FF48FF9AFF84CFD9FFFFFFCDFFFF
A39384EDCBFFFFB6FFFFFF8537FFFF95
FFFFFFFFFFFFFFF5FF73936CFFFFFFB1
B8BE9D53FFFFFFFFFFAFFFFFFF82FFFB
93FFFFFFDCFFFFFFBDFFFFFFFFFFA7FF
FF87FFFF2FFFFFFFAFFFFFFFFFFFFFFF
FAFF71FFFFFFFFFFFEFFFFFFFF70FFFF
FFFFE1FFFFFFFFFFFFFFFF88FFFFFFFF
FFFFADFFFFFFC454FFFFFFFFA672BBFF
FFFFFFFFFF61FFFFFFFFFFFFFFFFFFFF
FFFF49E6FFFF5730FFFFB6FFD5FFFFDD
FFFFFFFFA9FF83FFA7FD8FFFFFFFFFFF
FFA3FFE6FF48EAFFFFC6FFFFB0FFFFFF
FFFFFFFFFFFF37FF4EFFFFFFFDFFFFFF
FF7DFFFFFFFFD02E61D4FF9FFFB2FFFF
94FFFFFFFFFFFFFFFFFFFFFFFFFFFFFF
FFFFFF3CFFFF8C7FFFFFC7FFFFF7FFFF
DC77D4FF9DFFFFB1FFFFFFFFFFF1F961
70FFFFFFFFFFFFFFFFAFFFFF9EFFFFFF
FF66FFFFFFFFFFFFFFFFFFFFFFFFFFFF
FFFFFFFFFFAED1FFFFFF2C8EFFFFFFFF
4FFFFFFFB9FFFFC940FFFFFFFFFFFFFF
EADBAEFFFFFFF2FF74FF4DFFFFFFFF90
FF72FF7AFFFFFFFFFFFFFFFFFFFFFF2D
FFFFFFFFFFFFFFF7FF9FC4619032FFC7
FFCEFFFFFFFFFFFFFFFFFFFFFEFF54EE
E6F9B9FFFFFFFFFFFFBAA5FFCEC6FFFF
FFFFAB76E3FFFFFFFFFFB71BFFFFD6FF
FFCEFFFFFFCAFF85D8FFFFFFEAFF2BFF
FF8CFF94FFFF76FFFFD0C7FFFFFFFFFF
FFFFFFFFFFFF8AFFDCFFE8FFFFCFFF72
FF58FFD9FF9EEDFFFFFFFFFFFFFF0000
FFE5FF9EFF71FFA4FF5EFFCEFFFFFFFF
2BE4C1D1FFFF80FFFDFF83FAE8FFFBF3
FFFF6EEC61FFFFFF98FA7FB3FFA8FFCA
FF4DECFFFFFFFF22FF57FFFF52FFFFFF
FFBDFFFFFFFFB3A4FFEBFFB286FF96FF
FFDEC8FFC6FF843A16FFFFF6FF6DCDFF
FFE0FF56FFFFFFFFCDFFFFFF53B0DDFF
B3FFFFFFFFFFFF7BFF9C79FFFFFFFFFF
58FFD3FFFF5D80E3B78CFFFFFFFF8F6D
A5FFFFFFFFFF64F5FFFF6AFFFFFFFFA6
FFFFFF9B37FF77FFFF5CFFFFADFFFFFF
FFFFEEFFFFFFFF89FFEBF7FF68FFFFFF
FFFFFFFFFFFFFF3EFFFFFFFCFFD3FF51
33FFFFFFFFFFF898FFFFFFFFFFD4FFFF
FFFFFFDDFF39F3FFFFFFFFFF1BD1AAC7
FFE7FFFFFFFFFFFFAD918E274FDA41FF
FFFFFFC3D6B7FFFFFFFAFFFFFFFFFFFF
FFFFFFFFFFFFFFFF78C4FFC4FFFFFFFF
FFFFFFFFFFFFFFCCFFFFB8FF61FFFFFF
FF75FF1ECAFFFFFFFFFFFF94FFF0FFFF
81DCCE6EFFE2FFFFB2FFCEECFFD6FFFF
FFFFFFFFFFFF54D8F8FFFFFFFF143259
93FFFFFF52FFFFFFFFFFFFFFFFFF679B
FFFFFFFFFFAC94FFCAFF37FFFFFFCDFF
FFFFFFFFFFF9FFE2FFFFFFFFFFFFFFFF
6EFFFFFFFFFFB7A5B1FFFFFFFF36FF9E
FF72D8C0FFDAFFFFFFFFFFD79196FFFF
A25C42557688FFFFFFFFFF9EFFFFFFFF
FFEDFFFFA0FFFFFFFFFFAEB3FFFF5746
FFFFFFFFE8FFFFFF9E7D6FE4FFFFF8C5
FFFFFFFFFFFFFFFDFFFFFFFFFFD6FFFF
52FFB4FFFFFFFFDEFFFFFFFFEDFF0000
FF9DE3E6A5FFFFFFA1FF7FFF8EFFFFC3
75FF63D5FFFFFFFFD1FFCCFFF2FFFFBB
FFFFFFFFFFFFFFFFFFFFFFFFFF59FF5F
FFAAFFFFFFFFFFFFFFFFFFFFEF5991C6
9393FFFFB8FFFFCBEDBFFFFFFFFFFF8A
FFA6FF87FFFF8280FDFFFF1CFFFFFFFF
FFFFFFFFFFAC74FF6CFFFF954DFFCFFF
FFFFFFCCFFFFFFFFFFFFFF70FFFFFFFF
FFFFFF23FFFFFFFFFFFFFFE1F6FF9EFF
FFFFDEFFA5FFD063FFFF8891FFFFFFFF
3EFDFF61C349FFFF92FFFFFFFFFF46AC
FFFFFFE86FFFA29CFFC9FFFFFFFFFF5D
6CA2B8FFCDFFE1FFFF71FFFFFFFFFFFF
95FF60FFFFFFFFFFFFFFFFFFC9C179FF
69FFFFFFFF83A1CFFFFF30FFFF72FFD9
FFFFFFFFFF7CFFBEFFC283457DFFBDFF
FFC1FFFFFFC5FF2BFFFFFFFFFFFFFFFF
FFFF93E5D6FFFFFFA86EFF35FFFFFFFF
FFFFFFFFFFABFFFFFFFF612937FFFFFF
FFFFFF88FFFFFFF1FF1FFFFFFFFFFF93
FCA5EAFF94FF86FFFFFFFFFFFFFFF9FF
F42537ECFFFF98FFE23CFFFF7044AD8F
B3A3EDCAC1F3DA78FFFFFFB6FFE3C381
E2FFFFFFFFFFFF95FFFFFFFFFFF8FFAD
40ECFFFFFFFFFFEDFFFFFFFFFFFCFFD9
FFD1FFFFFFFFFF9EFFADC0C5FF61FF61
FF7E84E8FFFFFFFFFFFFFFFFCFBFFFFF
FFFFFFFFB0D9FF83FFFFFFFF56FFFFFF
FFFFACFF33FFFFFFFFFFFFFFFFFFE676
FFFFFFB81555B66BFFFFFF46FFC3FFFF
FFBBFFFF91A34769FFFFFF93FFFF8EFF
FF7167FFFFFFFBFFB9FFBDFFFFFF0000
AD77FFFF4FFFFFFFFFB2C5FFFFDBFFCB
FFFF7FA1FFFF56E1FFFFF1FFFF44FFFF
FBD9E8FFFFFFFFFFFF6CFFE38BF0FFBF
DDFF74FFFFFFFFFFFFFFFFFF4AFAFF63
FFBDA0A5FF46FFFFFFFFFFFFFF98FF1D
FFFFFFFFFFCD99FCFFFFFFFFFFFFFFFF
FFFFBD68F1E7FFFF5B97FFFFFFFFC0FF
FFFFFFFFE2FFFAFFA4FEFFFF6CFFFFFF
87FFF1FFFFECFFFFFFEFFFFF5DFFFFFF
FFFFFFFFFFFFFF93FFFFAEFFFFFFFF90
FFECA4FF83E45AFFFFFFFFFFFFFFFFFF
FFFFFFFFFF74FFFFA9FFFFFFFFDEFFFF
FFFFFFFFFFFFFFC7FFCB3BFFFFFFFFFF
FFFFFFBEF1FAFFB7FFBE9043A9A7FFFF
FFD2FFFFC7FF27FFFF38FFFFFFAFFFED
DCFF9CA051FFC2FFFFFFB2BCFFFFEB43
FFFFFFFFFFF1FFFFF4C586BEFFFFFFFF
FFD7FFC1FFFFFFFFF4FFFF11FF9062FF
FFFFFFB99DFFFFFFD5EF47FFFF96FFFF
BFFFFFBCFFFFFFCB97FFC5C923FFFFFF
E0A4AB6FE0FF9937C333F1E7FF9AFFFF
FFFFFFFFAAFFFFFF9FFFFFB4FFFFFFFF
FFFFFFFF70FFFF579099AFFFFFFFF7E4
FFFFFFFFFFAAE8FFFFFF7FFFBAACFFF4
FFBBFFFFFFFFAFFFFFFFFFFFADFFFFFF
FFFFFFFFFFFF9FFF85FFCCFFEDFFFFCF
FFFF8F55EA42FFFFFFFFFFFFFFFFFFE7
FFFFFFC8FFFF2BC1FFFF77FFFFFF9BFF
FF63FFFFFF54FFFFFFFFA0ABFFFFFFFF
FFFFFFFFFFFFFFFFFFFFFFFFFFFFFFA0
8AFFF1AAFFFF8283819CFFFFFFFFFCFF
FF7DC357B094FFFFFFFFFFFFFFFF0000
33BCFFFFB3FFFFFFAD92FFFFE2FFFFFF
FFC0CFFFFFFFC282884DDDFFE47FFFFF
B4E1C0FF5CFAFF8671A6FFFFFFA1FFFF
FFA2D3FFE7FFFFFFBCFFFFFFAF2DFFFF
FFFFFFFFFFFFD6D0FFFFFFFFFAE6FFFF
FFFFFF42A930FFFFA9FFEBFFFFFDFFFF
FFFFFFBBFFFFFFFFFFFFFFFFF2FFFFAE
FFFFFFFFC2FFFFFFE2FF83D3FFFFFFFF
D0FFFFFFFFFFE7FFFFFFFF50FF7CFF57
FFFFFFFFB435E5FFFF5BFFFFFFB3FFFF
FFFFFFFFFFFFFFFFFFFF41FFFFFFFFFF
A9FFD3FFFFCBFFFFFFFFF9FFFFFFFF99
FFFFFFFFFFFFFF9DFFA5ACFFFFEDF06A
74FFB393CBFFF8FFFF717343FFFFDEFF
FCFFFFFFFFFFEEFFFFFFFFFFE5BCFFFF
C5FFFFFF80FFFF98FFD37774FFFFFEB5
FFFFFFFF56FFFFFFFFFFFFFFFFFFFFFF
FFFFFFFFFFD0E6C2FFFFDAFFFF9CABFF
FFFF8BFFFF2DFFCE7CE5FFFF9CFFFFA1
73FF52EDF8FFFFBCFFFFFFFFFFFF71FF
F0FF7AFFFFCEFFFFFF6FFFFF5DFFFFFF
FFFFFFFFFFFFFFFFF9FFEEFFFC89FFFF
FFFFF9FFF9A0FFFDF260FFFFFFFFCD63
FFFFFFFFFFFFFF99FFFFFFC27A58FFDC
FFFFFFFFFFFFB9FFFFFFDAFFFFFF97C9
FFFFFF43F0FF91FFFFFFFFFFFFFFFFFF
DEFFFFFFFF92FFFFFF7A98FFFFFFFFFF
FFA2FFFFFFFFFFFFFFFFFFDCFFFFC1FF
FFFFFEFF6FFFE8FFFFFFFF56FFFF99FF
FFE7FFF8FFFFFFFFFFFFDDFFFFA5FF5B
FF87FFFF5A54B4B1FFA9FF93FFFFADFF
8CFFFFFFFFFFE3FFFFFF29FFC1FF0000
FB49D4FF7C55FFFFAAFFFFFFFFFFA7AD
3EFFB6FFFFF86FFFB7E1FFFFFFFFFFFF
DCFFFFFFFFFFFFFFFFECCFBFFFFFFFFF
FFE7FFBCFFFFFFFFFF7FB4FFFFD8FFFF
FFFFFFFF99FFFF36FFFFFFFFFFA2FFFF
FFFFFFFF85F0FFFFFFFFFFFFFFFFF4F5
CED7FF12C7DC6FFFFFFFBDFFFFFFFFFF
FFFFF98E62FFFFECB0D5FFFFFF7E4EFF
CFFFFFFFFFEFFFFFFFFFFFFFFFFFFFBD
FFFFFFD5FFFF93FDFFFFFF97FFD171FF
FFC9FFFFD8FBFFFFFFFFFF36FFD5FFFF
75FF98FFFFFFDFFFFFDA23FFFFDAFFFF
FFFFFF8EEBA292FFFFFFFFFF5B98FFFF
FFFF0CFFFF376B9AFFFF79BE4EC564EC
D5457CFF53FFFFFFFFFFFFFFFF5DFFFF
FF93C3FFFFFFC1FFE1BD72F4FF2EFFFF
AEF5FF30D6FFFFFFFFFFFFFFFF9C8ED1
66FFFFFF64FFFFFFFFFFFFFFFFC5FF3E
FFFFFF8EFFFFFFDC96FFCDE3FFFFFFFF
FFDDFF9F18FFFFFFFFFFFFDBFFFFFFFF
FFFF93FFFF38FFA4FFEAFFFFA8FFFFFF
82FFFF24EEFFFFFFFFFFE2E15CBFFFFF
FFFFFFFFFF69FFCF9BFF88E9FFB2AAFF
C0F389FFFFFF8344FFFFFFFF15FFFFB2
FFFFFFFF6FB8FFFFFFFF8FFFFFFFFFFF
FFFFFF34FFFFEAF6FFFFFFFFFFFFDFC3
FFFF813DD016FFFFFF8A79FFFFFFDAFF
FFFFFFFFFFD7FAFFFFD8FFDCFFFFFFFF
DDC562FF71FFFFFFFFFFFFFFFFE7FFC4
D8E8ADA0FFFF53FFD83BB9FFB6EBD0B6
FFFF96FF5F6AC7FFFFFFFFFFFFFFFFFF
EFB6C2FFAEFFFFFFFFFFFFFFFFFF0000
FFFFFFFFB8E219E5FFFF9CFFFFFF7B33
60FFFEFF83FFFF8BFFFFCAFFFFFFFFFF
FFFFFF49FFFFFF5AC9FFFFFF96FFFFD5
FFFFFFFFFF7663FFFFFFFF32FFF2D7A1
A3FFFFFFFFFFE9CBDF1BD774FFFFB0FF
97FFB484FFFFFFFFFFFFFFFFFF98FFFF
FF4BFF5CFFFFFFFFFFFFFFFFFFCFFFFF
FFFFFFFFFFFFFFE4FF735749C78948FF
82FFFFFFFF5FFFECFFFFFFFFFFFFFFFF
FFEFFF3FFFFF83FFFF6FFF74C3FFD1FF
FBFFFFFFFFFFA0FFFFFF4FFFFFFFFFFF
52FFFFFF8A81A6FF49FFFF9DBBFFFF3A
9DFFFFFFFF79C3DAFFFFFFFF9AFFFFFF
FFFFFFE8EEF4FFFFFFFF8B6BFFFFFFB7
D096E7FFFFFFFFFFFFD9FF69FFFFFF24
FFFFC8FF92FFFCC1FF93FFB2FFFFFFFF
C8B4B4FFE27FFFFFFFFFFFABFFDEFFFF
FFA3FFFFFFFFFFFFFF49FF4AC9FFD8FF
FFFF3AFFFFFDDDFF88FFFFFFA5FFFFFF
FFFFFEE0756CE43FFFFFFFFFFF41AB7B
CEFF986EFFD0FFFFFF4FFFFFFF8873FF
FFA8FFE0B03A90C0FFFFE18FB0FFB9EF
FFFFFF85E767C0FFFFFFFFD4FFBEFF68
FFF86AFF4047E6FF3BFEFFFFFFFFFFF1
FFFFFFF60EDDEEFFB9FFFFFFFFFFFF7A
FFFFFF7AE7FFFFFFFFFFFFFFE1FF80FF
FFFFFFB1FF6CE2FBFF3CFFFFFFFFE0FF
FF8FFFCA7BD4FFFFFFFFFFFFFCFFFFFF
F0FFFFFF60C69AF7FF70ECFF93FFFFFF
FF84FF9C56B49DFFFF90D0FF8DCCFFFF
EAFF6BFFEDDD78FF6BFFFFFFFFFFFFFF
FFFFFFFFFFFFFFFFBBB0F4C5FFFF0000
FFFFFFFFFF948847FA43FFFFFFFFEEFF
FFFFFFD2FFFF9CFFFF3BFFFF9AFFFFFF
FFFFFF5CFFFFFFFFFFBAFFFFFF67FF7F
FFFFFEBBFFFFE0C6FFFF5FFFFFC5FFFF
D88CFFFFFFFFFFFAA4FFFFFFFFFFFFFF
FFFFFFFFFFFFFFFFFFFFFF6BA8FFFFFF
FF97FFBDFF9F7DFFFF95FFBFFFFFFFFF
FFA5FF58FFFFFFFFFFFFEDD88FFFFFFF
9BFFFFFFFFFFFFFFFF84FFA7FFFFFFFF
FFFFFFADD6FFFF6CE4FFFFFFDDCEE6FF
FFFFFFFFFFFFFF35FFD9ACFF45FFFFFF
FF896BC1EAFB2ED5A9DCFF84F4FFFFA8
FFFFFF40FFFFFF5FFFB8FFFF77FFFBFF
FFFFFFFFFFFFFFFFADBEFBFFFF37FF8C
FF7CD5FFFFFFFFFFFFFFFFFFFFFFFFFF
FFFFE5FFFFFFB4FFFFFFFFFFFFFFFFFF
FFFFBBFFE3FFC3FFFFFFFFBB7C7BFEFF
FFFFFFFFFFFFFFFFFFFFFFFFFF42FFFF
FDFFFFE654FF7FFFD6FF99FFEF1FF8FF
FFFF4EFF64B9FF3BFFFF91A2FFFF4EFF
C6FFFFFF3CFF913EDD8DFF8DFFFFFFFF
63FFE08E6AA6FFFF15AABCFFFFFFFFAB
FBC645F3FFFFF4FFFFA0FEFFFF9754FF
FFC9FFFFFFFFFFF2FF8BEFFFDAFFD1FF
B1FFFFE7CBFFDB8FFF8CFFFFD289FFFF
FFDBFFFF92FFB5FF32FFFFFFFFFFFFFF
FFFFFFD5FFFFFFFFFFFF9EC5DAFFFFFF
FFFFFFFFFFFFA1FFFFFFFF8EFFD0A1FF
67A2FFFF1F60ABFFFFFFFFE2C583BFFF
FFFFFFB6B3D8FFFFD9D07BFFFFFF8DFF
C9FF3A6AA7FF8FFFFFFFFFF0FFFFFF87
FFFFFFFFFFFFFFAC5BFFFFFFFF9C0000
FFFFFFFFFDFFFFFFCAFFFFFFFFFFFFFF
62FFFFFFFFFFFFFF8CFFFFFFA7FFFFFF
B7FFFF7EFF76FFFF7A3399A5F0FFFFFF
FFE7FFFFFFC4FFFFB5FFEA6D47FFFFFF
FFFFFFFFFFFF4E3057FFFFFFD5FFE6FF
FFFFFFAE2AFFFFF0FFFFFFFFFF7A73FF
FF29AFFF7BFFFFFFFFFFFFFFFFFF63FF
78FF89FFFFE5FFFFEDFFFFFFFFFFFFF3
94FFFF91FFFFFFFFFF61FFD3FF5BFFFF
FFC3FFFFFFABFFFFFFD43CFFFFB0FFFF
FFFFFFB9FF9FFFFFFFDBA9FFFFFFFFFF
FFFFF7B9FFFF6BF993FFFFA3ABC8FFFF
CEFFFFFFFFFF67FFF5FFDEABFFFFFFFF
FFFFF6A5D3FFFFFFFF735CFFA5FFFFFF
FFCA9A6FFFFFFFA6FFFFDD56FFCC38E9
FFFFA6C6F6FF6DB5FFFF89FF36FFFFFF
52BD7BFFFFFFFFFFFFFFFFB1E8FFA9FF
9AD5FFFFFFA8FFFF5AFFC9FFFF9AFFF0
84FFFFFFFFFFFFFF7AFFF2FFFFFFFFFF
8CFFFFFFD8FFFFFFFF9521A6FF3CFFFF
FFFFFFFFFFF9FFFFFCFFFFFF8BFFFFFF
FFFFB2FF40FF77FFFFFFBEFFFFFFFFFF
5FFFEF9BFFB2FF8AFFFFF2FFFFFFFFFF
58FFFFFFFFADFFF1C4FAFFFFFFFF2DAC
FFEBB89FBAFF4254FFFFFFFFFFDDFF44
FFD7FFFFFFFEFBFF1ADEFFFFFFFFFFFF
FFFF84FFFFFF3EFFFFFFFFFFFFFFFFFF
FFFFAFFFE0FFFFE9C4FFCC5F56FFFFFF
FFFFFFFF30C4FF46FFFF312F1FFFFFFF
D355FFFF5EFFFF86541EC8FFFFFFFFFB
5FFFAE7EFFFF94FFFFFFFFFFFFEAAE83
44FFD4FFFFF8FFE0D9FFFFEFFFEF0000
FFFF6693FFFFFFDFECFFCEE5FF8BFF87
FFF33FFFFFFFFFFFFFFF6BFFFFFFC2EF
FFC7FFD9FFFFFF34B384FFFFFFF9FCFF
87FFFFFFFFFFFF45A9FFE4FFEDFFFFFF
FFFFFFFF97FFA0708FD1FF5680FFFFFF
FF83E9FFFFFFFFFFB79C0FFFFFFF6FFF
FFFFFFFFFFF6FFFFFFEAFFE4FFFF6BFF
F9EF87FFFF75FFFFFFFF41AA8BA2FFFF
FFFFB9DCFFFFADFFFFFFFFFFFFFFFF9D
F4FFD97C8EC7FF8AFFFFFFFFFFFCFFFF
FFC1FFFF2BFF8DFFFF87E1A9CDFFFFFF
FF8DFFFEFFFF80FFFFFFFFD25E9DDAFF
FFFFFF51FFFFFFFFFFFFEFFFFFFFFF25
FF9084E78DFFFFFFBD5784FFFF87BFBA
FFFFC4FF94FFEEA0FFB2FAFF494AFFFF
FFB3FF9897FFFFFFFFFFFFFFFFD9FC2A
D2FFFFC5B0FFFF5BFFA0FFFFFF56FF9A
FF6EFFD872F598FFF6CEFFFFFF7DFFFF
FFDBFFD4FFCE72FFFFFFFF76FFFFC8FF
FF4AFFF6FFFFFFFF96907FFFFFFFFFFF
FFFFA0FF2FFFFFCD94D2FFFFFFA9BFA1
C7FFFFFFFFFFFFFFAFDAEDBCFFFFD4FF
FFEBFF8EFFFDFFB1FFFFFFFFFFFFFFA7
FFFFFFFF34FF94EBFFFFFFFFDFFF6824
CAFFFFFFB3D4F2EC9FFFFFFFFFFF59FF
F061EFFFA2FFFFD1ACFFFFFFFFF2FFFF
FFFFFFFFFFFFD3FFFFBFBB60FFFF45FF
866FABA5FFFFFFFFFFF7CCDC32CDBF36
4DFFFFFFF6FFEAFFFFFFFFFFFFFFDFB3
FFFFFFEFFF88FFFF682D3BFF5063FF8E
8DFFFFFFFF86FFFFFFFF81886A2FAFFF
FFFFFFD2DEFFFFFF71FFFFFFFFFF0000
5E95B3FF679DA7FF7BA5FFFFFFBCFFFF
FFEAC0B1FFFFFFFFCCFFFFFFFF87CD90
FFFF9DE5FFCBCA3C775089FF32DEFFFF
FF9EACB5FF9EFFFFEDFFFFFFFFFFFFFF
FF59FFFFFFB1FFCAE2FFFF6DFFFFFFFF
A1FFFFFFE4FFFF9B1FFFFFFFFFFFF399
FFFF2BFFFF7AD9FFFFFFBF77FFFFFF69
94FFDBDFFF4CFFFFFF62FFFFB372FFFF
E1FFFFF0CE6EFFFFFF9C3CFFFFFFFFA8
FFFFFFFFFFECFFFFFF52FFFFDCFFDDFF
D581E3FF71A98CFFFFFFECD3B9FFFFFF
FFFFFFFFFFFAFFFFD9FFFFFFADFFF1FF
FFE8F65BFFFFFFA16FFF9BFFE68DFFFF
FFFFFFFFFFDFA6FFE1FFFFFFFFFFFFFF
FFFF87FFFFFFFFFFFFFFFAFFFFFFFF54
FFFF18FFFFFFFFFFFFFFFFFFFFFFFFFF
FF986494FF3DFFBDFFFFFF18B7F2FFFF
FFFFFFFFFFFFFFFFFFF9FFFFFFFFFFFF
FF5DFFFFFF691F695B28FFFFFF8955FF
FFFFF3FFFFFFFFFFFF8AFFFFFFFFA4FF
FFFFFFFFFFA3FAFFFFFFFFDD67E3FFFF
D4FFFFFFFFFFFFFF6AFFFFFFFFFFFFFF
FF26FF3EFFFFFFF6FFA1FFFBFFB3FFFF
AEFF89CDE577BC8DFF6FFF6BBFFFFFFF
FFFFFFFFDBFFFFFFFF3FFFFFFFB1FFFF
FFFFFF64FFFFE7FFC9FFFFFFD6E3FFFF
FFFFFFFFDCFFFFFFFFFF54FFFFC56CFF
76FFAC4965FF8CFF98E8D187FF67FFFF
FFFFFFFFA673FFFFFFFFA4FFC9FFFFFF
5AFFFFFFFFFFFFE8FFFFFF54FFFF5CFF
FFFFAB6CFFFFFFFF7EFFF0A4FCDFDCEF
71FFFFFF186AFF2CFFFDECFF4AFF0000
3362D6FFFFFFFFFF84FFFFFFFFFF694B
FFFFCDFF4690FFFFFFFFFFFFFF75FF98
FFFFFFFFFFFF7FFF9DE8FFC4FFFF68FF
FFFFFFFFFFFFFFD7FFA7FFFFFF57FFF6
FFC072FFFFFFB9FFDAEAFFFFFFD1FFFF
FF4CDCFFFFFFFFFFFFAFFFFFFFFFA7FF
FFFFFF42FFE94C9AF858C220FFD3FFFF
7AFFFF29EA54FFFFFFFFFFC8FF53FFFF
FFFF32FFE1FDFF55FFFFFFFFFFFFFFEF
6DF6649F90FFFFD2FFFFFFFFFFFF30FF
48A8CBFFFFFFFFFFFFDCFFE6E4DCC2FF
CD5BFFFFFFFF66FFB4FF1C4EFFFFF3FF
FFFFFFFFFFFFFFFFFFFF4194D5FAD6FF
FFFFFF90FF8AFFFF7AFFE08F468BAFFF
CDFFFFBDFFFFFFFF9C48FCE4FFFFFFFF
7EFFE9A3FFC0FFFFFF56FFFFFFA2FFFF
FFF4AEFFFF4BFFFF72FF83FFFFAEFF51
B0E6FFA089FFFFFFC4F1FFFF6AFFFFEF
FFFFFFC6BAFFFCFBF774FFFF8FFFFFE5
65CA6CFFFFFFFFFFFDFFD9E4FFFFFFCB
FFFFFFFFFF2DA0A9FF9D57DAFFFFFFCF
FFFFFF88BBFFFAFFFFFFFCFF43D3FFA2
F4A2FFFFFFF8FFFFCAFFFFFFFF9CFFFF
FFFF576FB165FFFFFF93FF7BFFFFF7E4
FFF434FFB5FFFCFFFF65FFFFFF8A66FF
FFFFFFC5ABFFFFFFECC989FFAAFFFFEF
FFFFF7726667FFFF6BFFB2FFFFFFD5CB
ABFFFFADFF9254FFFFFFFFFFEAB0FFFF
E7FFC7E686FFFFFFFFFFDDFFFFFF74FF
C0FFFFFFDFFFFFFF82A379FFFFFF5EFF
E8FFFFF4FFFFFFFFFFFFFFCEFFB286E9
FFFFFFFF84C3FFFFFFFFFFCEEFFF0000
FFFFFFFFFFFFDAFFFDE4FFFF7DFFFFFF
FFFFD8FFFFFFFFECFFFFFF72FFFFFFFF
CFFFA4FFE3FFFFFFFFFFDBFF86FFFFAF
FFD8FFFFFFFFFF31FEFF883EFFFFFFFF
FFFFDFC4FFFFFFFFFFFFACFFFFFFFFFF
FFFFFFFFDAFFBAFFFFF6FFFFFF8DFFFF
FFFF88FFFFFF71C1FFFFE5FFFFFFFFFF
FFFFFFFA47FFFFBDE7FFFFFFB5FFA4FF
FFFFFFDBFF48FF5234FFD8E4FFFFCEFF
FFFFE8F23EFFFFFFFFFF4DC5DAFF72FF
A7E1EA579BB3FFFFFFD7F8FFFFFFFFFF
8BFFFFFFFFF0FFFFFFFFFFFF37FFE0AC
FFFFCBFFFFB1FFFFFFC8DFFFFF54AC96
FF60FF88FFFFB5FFFFA1FFFFFFFFFFD7
DDFFDCFFFFFFFFFFD6C19BFFE45C7FFF
8DFF21FFFFFFFFFFFFFFFFFFFFFFFFFF
FFFFCCFF61FFF5FFE1FFCDEFFFFFFF8E
FFFFFEADFFFFFFFFFEB176FFFFFFFFD7
E5E2D4FFFF82FFB34BFFF3E7FFFED8FF
9492BCFFFFFFFFFFFFFFFFFFFF21FFFF
FFFFFFDEFF672BFFFFFFFFFF258CFFFF
FFFFA425B7FFF6FF78FFFFFFFFFFFFF2
D2FFFFFFFFB8FFE4FFFFFFFFF5FFFFFF
FFFFFFEF4BFFCDFFFFDBFFFFFFFFFFB3
ABDBFFFFDAFFFFFFFF11FFFFFFFF9244
FF64FFFFFFFF88FFFFFFEEFFFFE1FFFF
4C82FFFFFFB1C5FFFFFFFF63FFA3A4A5
FFFF37D514FFFFFFFFDCFFFF5DB7AFFF
FFFFFFFFFFFF2CFFFF54D8FFFFFF53AD
FA5CFFFFFFFFFFFFFF5A9CFFFFFFFFFF
FFFFFF93FFFFFFFFFF95FFFF58FFFF9F
FFFFFF3FFFE5FFC9FFFF46FFFFFF0000
979F5078CCFFFFFFFFFFFFFFFFFFFFFF
FFFFA6CF51FFFFFFFFFFFFE1BCCDFFC1
FF47C7E0FFFFFFFFFFFFD2FFFFFFFF73
FFFFE1FFCFFFED76FFFFFFAFA8FFFFFF
FFFFFFFFFFAEFFFFFFFFFFFFFFFFB3FF
FFFFA9CBFFD8FFD7FFA737FFFFFFFFFF
FFD0D389FFC3FFFFFFFFA3FF95FFFFFF
FFFFFFFFFFFFFFFFBE7166487F1AFF3E
FFE0A6FFFFFFFFFFC4FF1F48FFFFFFC8
FFCBFF79D0FFFFFFFFFF86FFEFFFFFFF
583D3AFFE7B7EBFFFF8DFFFFC78CEB9D
FFFFE26AE4FFFF76BCC0C8B1FFC941FF
FF6BFFFF31FFFFB7D4FFFFAEFFFFFFFF
FF0BFFFFEFCF33A2ABFF84FFE5EFFF4D
FFDCA764DEFFFFFFFF7BA6FFFFFFFFFF
FFFFFFEC94FFFFC7F0FFFFFFFFFFFAFF
FFFFFFFFFFCFB9FF45FFFFFFFFFFFFFF
FFFFFAFF53FFFFE6FFFFB7FFFFFFFFE1
FFE3C2FFFFF1B4FFFFFF8D7AFFBBFFF2
8CFFFFFFFFFFFFFFFF3033FFB8FFAAFF
FFFFFFFFF8EEC5FFDDFFFFFFFFFFFFFF
E688FFFFFFFFFFFFFFFF8CDACFFFFFFF
FF7AE0FFFFFFFFFF4BFFFFFFFFFFF8FF
FF5C8EABFFFFFFD45690FBFFFFFF40BE
AAFFFFFFFFFFFFFF2B5EFFFFFFFFFF85
FFFFFFBA6A68FFFF79A7FFFFAFFFC7FF
48FFFFFFFF6A916FFDFFA9FFFF66EBFF
FFFFFFFFFFFFFFFFFFFFFFACA5FFAAD8
A87EFFFF67FFFFFFFFFFFFF9FFFFFFFF
76B3A9E272F7B0715EFFFFFFFFFFE5A9
FFFFFFFFFFFFFFFD9CFFFFFFFFFF94FF
CDFF46FFA9FFDA562448FFFFFFFF0000
FFFFFF97FFFFFFFFFFFFFFFFADFFFFFF
FFD8FFFFFFFFFFFFFF69FFFFFFFFFFFF
FFFFF6FFFFFFB4FF72D0BFABFFFFFF4E
FFFFFFFFFFFFFFFFFFF0EDFFF4FFFFFF
FFFF87FFFFCFFFFFFFFF7AFFDCE69AFF
AEFF93FFFFFFFF11FFFFF5D1FFD7FF80
FFFFFFE9C6FFFFFFFFFFFFFF22FFD6B1
FFFFFFFFFFFFFFF540FFFFFF55AB87FF
FFFFFFFFFFF8FFFFFF76956CB7FFD1B3
FFDDFF6FA4B5FF99FFFFFFFFFFD2FFB3
61FFFFFFFFFFFFA9FFFFFFFFFFFF953D
FFFFFFFFFFFFEFFFFF85FFC491C0FFBA
CAFFFF81FFFFFAFFFFFF51FFFFFF94FF
73CDF86BBFFF8C96FFFF81FF45FFFFFF
836AFF71D66CD3FFFFA8FFFFFFFFFFFF
FFFFFFFFFFFFFFABFFFFFF99FFFFFFFF
FFB2FFFFE705FFFFFFFFFF843E9E45FF
FFFFFFFFFFFFFBFF71AE2DFFF27E51FF
647199AB8E6FFFDCFFFFFFA8EBBFFFFF
FFFF5987FFFFFFFF4BFFFFFFFFFFBEEB
3EB2FFFFFFFFFFFF94FFFFFFEC76FFFF
F7FFFFFFFFDC0EFFFFFF4D8AEDFFFFFF
C1B7FFB4FFA33CFFE2FFFFAAFFFFFFE1
A7FFFFFFFFFC9D923CB5FFFFFFFFFFFF
FFFF82FF80A3FFFF9776EF8F99FFFFFF
FFFFA7C4FFFFC4FFFFFFFFFFFFFFFF4E
FFFF3F95FFFFFFF340FDB0FF45F3FFFF
FFFFFF81B1FFFFFFFFFFFF2FE6ECFFFF
FF6CFFFFFFFFBFFBFF73FFFFEBFFFFFF
6AFFFFFFFFFFFFFFFFFFFFBDFBA55590
FF584FFFFFFFFFFFFFFF0EFF79A46FD7
FFFEFFFFFFFFFF83FFFFFF65FFFF0000
F0AAFFFFFFFFF9FF8B45FFF351FFF6FF
DDFFE579FFC2FFFFD2FFFFB687FFDDFF
FFFF5BFFFFF4FFFFFFFFFFFFFFFFFFFF
FFE1FFFFFF3EFBFFFFFF39FFFFFFBAFF
FFFF5EFFFFD06BFFFFFFA3FF9CFFC9C2
FFFF62FFFFE2FF71FF66FFFFFFFFFFFF
B878A2B56CFFFFFFFFFFFFFF2DFFFFFF
FFFFFFFFFFFFABE3FFFFFFFFDEAACBFF
FFFFFF7DFFFFFFFFFFFFFFFFBBFF4360
FFFFFFFF3BFF56FFE98E91FFFFCDFFFF
3BB5FFFF58FF85FFEAFF6BFFFFFFFFBA
FF9BFFFFFFFFFFFFFFFFFFFFD8FFFFEE
FFFFFFFF8DC85BFFFF83FFD5FFFFFFFF
FF45A4BFFFFF9DFFFFFFFF3AFFA3B45B
FFFFFFE6FFADCAFFC8FF7FE3CEB5FF68
4AFFA5FFE3E8FFFF85FFFFFFFF5FFFFF
BFFFFFCEFFFFB556FFE9FFFFFFFFFFFF
FFFFFF59FFFFFFFFFF3DB4FF9871E6FF
FBFFC40F264FFFFFFFFFFFFFABAB63FF
A7FFFFFFFFFFFFFFFFCFB547FFFF749E
FFFFFFFFFFAFFFFFD2FFFFFFD6F9FF99
FFFF79FFFFA10FFFFFFF99FFFFFFFFC4
CCB783A6FFFFA3FF5DFFFFFFB3FFFFFF
FFFF15FFFFFF5EFFFFFFFFFFFFAFF89B
FFFFFFFFFF99FFFFFFFFFFFFFFFFFFB9
FF5DC6FFFFFFFFFFCAFFFFFFA32486B9
FFFFFFFFFF81FFFFBDABBBFFB5FFFFDE
FFFFFFFFF8FFFFF0E2FFFFFFB69FFFFF
FFFFFFFFFFD0B8FF2BFFFFDBFFACFFFF
E578FF80FF72FFFF39FFFFFFFFFFB9AE
FFDAFF97FFE4FFF8FEFFE4FFFFFF9272
FFFFFFFFFF5D35FFFFFF1D92FFFF0000
FFB8C0DFFFFFFFFFFFFFA9FFFFFFFFA2
FCFAFF1BFFFFFF7C80FFF1FFDCFCC9FC
FFFFF3FFFF9BFFFFFFFFFFFFFFFFF6FF
FFFFFFD7FFFFA4FFFFFFCAFFFFBDFFAD
92FF26FFFFFFFFFFFFFFF3FFED54FFFF
9AFFFF7BFFFFDCFFFFFFFFFFFFFFFFFF
FFFFFFFFFFFFACFFFFFFFFF0FFFFE84E
FFFFFFFFC9FFA4FFFF81FFFF9B7F35FF
BEFFFFFFFFFFA0FF49FFFFFFFFF5FFFF
FFFFFF27FF7DE0BBFFFF227BFF9EFFFF
C9FEFFFFD6FFFFA0FFFFFFFFD3FFFFFF
66BDFFFFFFFFFFFFFF9BFFFFFF98C6A4
FFFFC645B3FFD1F1FFFF62FFFFFFFFFF
FFA4FF9AFFFF8FFF9BFFFFFFFFFFEFFF
C3FFFFFFFFF5C20AFFE4FFD3FFA0FF63
FFFFFF69FFBEFFF4FFD4FFFFFFFF462B
FFFF6FC1FFFFFF64FFFFFFFFFFFFB1B3
9FF0FF62FFCBFF4FFFFFFFFF43FFBEAE
FFFFD487404A40E0FFFFFCD3FFFF41D5
FFFF8892FFFFFFE6FF6A6A36FFB3FFD6
FFFFFFFFFFFF9874DED8FCFFDFA5FFFF
FFFFFFFFFFFF8CD2FFFF88FFFFDDFFFF
FF76FFFFFF64C2FFFFFFFFFFFFA9FFFF
DDB2FFFFCFFF53FFFFFFFFFFFFB3FFFF
D1FAFFFFE7FFFFFF7CF4FFFF3DFFFFFF
FFFFADFFFFFF8AFFAAFFFFFFE834452C
ECFFFFFFFF90FFD74BBC4C57FF3BFFFF
FFFFFFFFFFFFE6A8A3FFFFFFFFFFFFFF
FFE5B6F9FFFFFFEC98FFFFFFF3FF76FF
FF7EFFFFFFFFFFD7FF5DFF6090FFC83B
FFFFE4FFD39666DFFFFFFFE6FFF2FFD1
FFFFFFFCFFF69AFFFFFFB5E8FFFF0000
FF84FFFFFFFFFFFFFFFFFF3BFFFF85FF
5E8DFFFFFF80FFFF9DFFFFFFFFFFFFC6
FFE7FF40FFFFFFFFFF9EFF9AEE8CFFBD
9E2CFFFFFFAEE2FFA7FFFFFFFF55FFAA
FFFFFFBFFFFFFFFFFFFF61FFFFE877FF
FFFFFFA3FFF5FFEDE8FFFFFFFFFFFFFF
FFFFFFFFFFFFFFDAFFFFEBFF3FECFFE7
FFFFFFFFFFFFFFFF79FFF1274C8A835E
C4B2FFFFFFFFFFFFFFFFFFFFFFFFFFFF
41FFFFFFE4E3FF8DFFFFFFF3FA98A3EC
FFDFFFFFFFFFFFD12BFFFFFFFFFFFFC5
FFFF93FFFFD19272FFFFFF7BB585ADFF
FFFFFFA4FFFFDEFFCA7739FFFFB3FFFF
FFFFFF24CADDACFFFFFFFFFFE9FFE2FF
FFDBFFFF81FF91FFC0FFFFFF8EFFFF54
FFFFD334C92B8DFFFFFF3BACF7FFB1C1
FFFFFFFF70FFFFFFFFFFFFFFFFFFFFFF
FFFFFFFFFFD6FFFFFFFF83FF8DFFA6FF
53FF6FBD568CFFB3D1FFC2FFFFB1FFFF
FFFFFFFFFFFFFFEC55FFD3E6FF4FE1FF
FFFFFFFF66FFFF22178DDCFFFFFF88FB
2AFFFFFFFAFFFFFFFFC1FFFF5022FFF4
FFFF7D11DEFFFFBC74FFFFFFFFFF4BFF
CAFF76FFFFFFFFFFF2BAFFEDFF82FFFF
E7B8FFFF33FFE7FFDF80FFFFFFDEFAFF
719CFFFFFFE4FFFEFFFFFFFFFFFFFFFF
A9E7FFFFFFFFFFFFFF50FFFFFFFF98C7
39CEF6C4FFFF9063493BFFA9FBFF69FF
FFFFFFFFFFFFFFFF92FFFFFFF6FFFFFF
FF91FF77FFFFB8FFFFC8FFFFFFC6E8A4
95FFDBFFFFC9E1FFE5AFA4FFFFFFFFF9
89FFFF7A7346FFFFFFE1FFFFE8FF0000
FFFF68ECFFFFFFFFFF3BD0FF7AAAC06A
A6EB4866FFFF5F65FF73F9FFFFFFB4B3
2AFFFFFFFFFFFFFFFFFFFFD3FFFFF0D7
E75EFFFFFF8EC5FFFF3FFFFFFFB1FFFF
FFEBFFE6FFFFFFFFFFFF57FFFFFF87FF
FFFFFF96FFFFFFB03BA27FFFFFFFFFFF
FFFFC60DFFD8FF5AF963F6D3FDFFFFFF
FFFFCABAFFFFFFFFFFFFFFFFFF65FF3C
FFE4ACFFFFDEFFFFEFF361FFFF70FFFF
BFFFFFFF90FFFFFFFFD4FFFFFFFFFFFF
FFB88DE8FFE671FFFFFFFFFFDAFFFFFF
85FF2FDBFFF39CFFFFFFE799BAFF99F0
FFFF8EFFFF7118FFFF83B2FFFF7BFFFF
FF55FFFFB058ADFF3CFFFFFFFFABFFFF
FFFFFFFFFFFFFF36FFFFDA23FFF2FFFF
E8FFFFFFFFFFFFFFFF8ABBFF6EBB75FF
B9FFA0FFFFFFFFFFFFFFE9FFFFD820EA
CCFFFFFF23FFFFBCFFFFFFFFFFFFB1C4
D28AFFFFFF94FFFFFFFFFFFFB9FFFFFF
5B9245FFB2FF6339FFF4FF6EFF94F442
FFFF58FFE9FFD6FFDC796961DBBCFFFF
5EFFFFFFFFFF65DF49FFFFABFFFFFFFF
EDD47456FDD0CA2D7CFFFFFFFFFF17FF
5BFFA5FFFFFFE3FFF577FFFFFFFFFF93
67FFFF43FFFFFFFFFFFFFFFFA59CFFFF
FFFFFFFFFFFFC9F5FFEDFFFFFFFFBCFF
FFFFFFFFFFFFFFFF88FFFFFFFF9BFFFF
EAFFFF7CFFFF7EFF2C67FFD199FFFFFF
FFFFFFFFB3FFFFFFFFFFFFD9EABB8EFF
FFBCFFD5FFFFD0FFFFFFFAFFFFFFFF73
FFC0FF3BFF89EE48FFFFFFB925FFFFFF
ECFFE767FFFFFFFF86D8FFFFFF610000
0EFFFFFFFFFFFFFFFFFF71ACB5E5DAE8
EFFFD8F3FFFFFFFFD3FFFF579CB74FE0
FFFFFF96FF7FFFFFFF78E4D4FFFFFF2D
FF56FFFFF4A495D5FFFFFFFFC1FFFF50
FFBAFFE6FFB3FFC7BC4F83357DF3FFF0
FFFFAFAAFFFFC0E32EE285FFADFFFFFF
FFD0FF59FFFFFF5627CCFFFFFF1DFFFF
FFFFFFFFFFE8FFFFFFA7FF6DFF74DFFF
FF82FFF0E38DFFFFFEB7D4E5FFFFFF6D
7EFFFF3C80FFFFFFFFFFFFBAFFFFFFFF
FFB798FFC5FFFFFFBBFFFFBB8CCDC7FF
FFFF97EBFFFF4AFFFFFFFFFFFFFED2B4
FFBFCBFF9551B8FFFFFFFF7DEDC6FEA8
FFFFFF6AF4FAFF58FFFFFFFFFFFFFFA3
FFE4FF79FFFFFF2CFF9FFFCFFFFFE750
FFFFFFFFFFFF93FFFF9A6915A1FFFFFF
FFFFFFFFFFFF875882FF76FFFFFFFFFF
FFFFFFFF4DFFFF77FFB6449DBDFFFFFF
EBFF80FF98FFDAFFFF4B70FFD4FFFFFF
93E191FFFFFFCAF482FF68FF13FFA79D
6DFFFFFFFFFFF34FFF36B0FFEDFFFFFE
FFFFFFFFBDFFFFFFCFFFFFFFFFFFFFFF
FFFFFFFFFFDCFF48FFFFACFFFFFFFFFF
FF58FFFFCED7FFFFFF37FFFFFFFFFFFF
FF8EFF66FFFFFFFF72B3AEFFFFFFFF76
A1FF89FF2FFFFF7DF9FFFFFFFF7AFF14
FFFFFFFFFFF4FBC8C898FF889EFF8BDD
FFFF29FF93ECD5FFFFFFB87664FFFFFF
FF61FFFFFFFFE8E6D1FFFFFFFFFFFFEF
BEFFFF87EEF4FFFFFF38A7FFFFFFFFFF
FFFFFF28EEFFE3FF3959FFA8FFFFFFFF
FFFFFFE5FFC6FFFFA5EDFFFFFFFF0000
D9918FFFCE35ECC2FFFFFFFFFFFFB6FF
C9FFFFFFFFFF308CC3FFFFFFFFFFFFFF
A6FFF7C826FFEC8EE5C0FFFFC1FFA990
FFA2FFFFFFFFFFF3C3FFFFFF87FFFFFF
FFFFDBFFFFFFFFFFFF48B42CFF6BFFFF
FFFFF4966FFFFFFFD9FFD0FFFFFFA7FF
FFFFFFD4FFFFFFFFFFE7FFFF0AFFFF94
FF7EC2FFFFFFFFFFFFFFFFC5FF3E1A55
FFC6FFFFFFEDFFFFA886C5FFD1A4FF73
D54AFFBBFF81FFE0A39CB3FFFFFFFFFF
FFFFFFFFFFFFFFFFFFFFFF89E775FFFF
FFFF85FFFFA2FF87D7FFFFFFFF87FFAF
FFFF9CFFFFFFC0D1FFF4FFFFFFFFFFFF
F4FFD4FFD7FFF8FFFFFFFFFFFFFFD7FF
38FFFFFFFFFF7CFFFFFFE4FFFFFF0B8A
FFFFB9FFFFFFFFFFFFFF9C558E53BFB0
FF78FFFFFFFFFFE8FFFFFFFFFFD06FFF
AEFFFD46FFFFFFFF78E4DDBC58FFFF72
FFFFC879FFFFBC4192FFFFFFC0FFFFFF
FFD5792ECE5177FFE0FFFF55FFFFF0D1
FFFFFFFFFFA1ACFCEEC9B83BB7FF64FF
FFFFA5FFF0FFFFFFFF74FFFFBBA7FFFF
FFF391FFFFB5FFEBFFFFFFFFFF6BFFFF
E6B776FFFFFFFFC6FFFFFFFFFFD2B1E3
FFFFFFFFFFFFFFFFFFFFFFFFFF5FFFFF
FF93C0FFB2A126FFFFFFEBFF8BB29FFF
FFFFFFFFF0FFC6FFFFFFFFFFB5ACFFFF
EC5EFF59FFFFFFFFFAFFFFFFFFADFFFF
FFFFFFFFFFFFB5858DFFFFFFF1FFFFFF
2BB0FFE6FFFF84E1FFFFFFFFFF88CDFF
7DFFFFFF24D6FFFFFF9AFFDEFFFFFFB4
FFFFFFC4FFFFFFACFFFFFFA96CA20000
FFFFFFFFFFFFFFDD2AFF8DFFEA98AAFF
6EFF19FFFFFFFFFFFFFFFFFFFF83FFC1
FFFF58F18FFFE1FFA6C5FFFFCBFFE1BD
FFFFA6FFFFFF4132FFFFC496FFFF90FF
FFFFFF56FFFFFFFF64FFD8FFFFFFB0C4
E1DFF4B6A5FF34984AD8A087B3FF56FF
FFCAFF1A45AFFFFFFFFF64FF22FFFFFF
FFE0FF11FFFFFF70FFFFFFFFFFFF9E3F
0CFFFFFFC9FFFFEAFFF5FFA167A9FFFF
41BEFF80FF76D8E3FE3EE0FFFFFFFF4B
FFFFFF80ECFFFFFFFFE5FFFF83FFB1E7
FFFF50FFEFFF76E0FFFF60FFFF2AFDFF
FFB4E1DE89BB9CFB4C691BEEFFD0FF5D
3AC7FFF6FFFFFFFFBA6184FFFF57FFB3
FFFF9EDF92FFFFFFFFFFFFFFFFFFFFC1
FFFFFF6EFFFFC78A88FFF7FFC964B99D
FFFFFFFFCAF7FFFFFFFFFFFFFFFF54FF
FFFFFFFFFF4BFFFFFFFFCCFFFF66FFFF
FF30FF75FFFFFF4CFFFFEBCEFFFFFF54
FF3895DBFFFFFFFFA779D76BFFFFC5C5
FFFFFFFFFFE8FFD537FFFFFFFFFFFFFF
98FFFFDBFFFFFF49FFFFFFFFFFFFFFFF
FFFFFFFFFFFF68FFC64FFFFFFFA0FFE4
FFFFFFF3FF5BFFFFFFA4FFFFFFB2E6F5
B9F3FFFFA6FF6E8EFFFF99FFFFFFF1F0
FFFFABFFFFFFFFFF5CFFFFBD82FFFFFF
FFFFFFFFFFFFFFE0FFFFC1367FFFFFFF
A7FFFFFFFFFFFFFFFFFFFFFF44FFFFFF
FFFFFF3259FF71FFFFFF2DFFFF844A32
FF1CFFD8FFFFA49A7AFFFFFFFFFFFFFF
FFFFC8FFFFFFFFFFE4FFCDB1D9FFFFFF
BAC4CCD3E5FAFFFFFFDCFFFFFCFF0000
FFD5D2FFFFF0FFA9FFFFFF62FFFFFF47
FFFFFFFFFFFFFFFFFFFAC7FFFFFFFFFF
F8FF9FF1DCFF9FB5C8DAFFFFFDFF73FF
FFB8EEFFFFFFFFFFFFFFF7FFFF50FFFF
FFFFFFFFFF9057FFE147FFFF90FFFFFF
FFFF4CD2FFFFFFFFFFFF9FC4FFFFFFFF
FFFFFFC2FFEAFFD5F1E4FF9D70FFFFFF
FFFFFFFF2EFFFFFFFFFFFFFFFFD28597
FFFFFF9DFFFFBEFFFFF7FFFFFFFFFFFF
FFFF61E328FFFFFFEEFFFFFFD981FFFF
A0FFFFFFFFFFFFFFFFFFA4FFE4FF9BD5
FFFF44A4FFA4FFFFFFFFFFC2BBFF96FF
FF06FF55BBE1628BFFFFFFFF58FFFFFF
6C8CFFFF98FFFFFFFFFFA8FFB1FFFFFF
FFFFFFFFD6EEFF9FFFFFFF86FFFF93DC
FFFFFFFF4CFFF1FFFFC5FFF9FFFFFFFF
FFD3FFFFFFFFD1FFFFFFFFD9FCE2FFFF
FFFFBB98FFFFFFFFFFFFFFFFFFFFFF2A
FFFFFF4397FFFF1DFFFF75FFFF48ADFF
ACF4FFFFFF75C8FFFFFF8F8EFF6A8457
FF6FFFFFFF9FE3FFFFFFFF8E3459FFFF
FFA0FFFFFF3DFFFFFFFFFFBB73E8FFFF
D7FF67FFB4CCC3B7FFF7FFFFEB85CDFC
FFA0FFFF98E7F1EFFF8CFF5CFFFF26FA
7EFDFFFFFFCCFFFFF1FFFFFF81FFFFFF
FFFF53E9FF7BB6FFFFFF9533DAFFFFFF
FFFFFFFFFFD1FF1BFFA079FFFF78FFFF
FFFFFF9BFFFF83FFFFFFFF6BFFFF3EC7
FFFF92FF87FFFFFFFFFFFFFFCEFFFFFF
FFFFFFD2A6A2FF29FFFFFFFDFF7DFFFF
DAFFFFFF52FFABD3FFFF5EFFFFFFFFFF
91FFFFB6FFDBFFFFFFFFF7FF47FF0000
FF5326FFFFFFFFFFFFFF85FFFFB6BC59
FFC7C8FFFFFFFFFF9E3D72FF7016D2FF
FFFFA4AB45CFFBFF91FFFF90FFFFFFFF
FFDBFFC8FFFFFFC399FFFFFFFF78FFFF
B8B98D98C8FFFFFFFFFFFFFFFF7CFFFF
9EFF7FFFFFA6FFFFFFABFFFFFFFFFFAA
6DFFDCFF85FFFDFFFFFFFFFFFFE2DBFF
FFFFFFFF58529CFFFF32E2FFFF8D2FEA
BCFFFFDDFFFEFFFF37FFFFE9FFFFFFFF
FFFFFFFFD2FFAFFFA9FFFFFFFFFFFFD4
E7FFFF8255FFEEFFFFFFF2FFD4FFA0FF
FFFFFFFFFFFFFFFFFFE3FFFFFFFF4DFF
B9F342C1E3FF27F5FCFFFFCBFFFFC7FF
7CA7E9F1FFFBFFFF0BFFB0FFFFFFFFFF
FFFFE177FFFFC4B4FF78FFFFFFFFFFFF
FFFFFFFF9FFFFFFFFF4BFFFFFFFFFFFF
FFE8FFFFFFFFFF89DCE8FFDF8EFFFF9E
FFBCD2FFE29CFFFFFF97FFFFFF8EFFFF
F9F6FFFF48A34DD08CFFFFFFFFF29CFF
FFFFFFFFFFFFFFFF80FFFFFFFFFFFFFF
FF92A8A050FFFFFFF282FFFFFFFFD3EF
FFFFAEB5FFFFFFFFFFFF15FFFFFFFFFF
FFFF98BBFF56D0FFFFFFFFFFFFFFFFFF
FFFFE2B8E1FFFFFFFFB2FFFFFFFFFFFF
FFFFFFFFFFFFFFFBFFFFFFFFFFFFFFC7
FFF2D6FFFFD4BE6357FFFFFF83FF1EC5
FFFFFFCEFF2EFFFFFFFFB7FFFFFFFFFA
1BFFFFFFFFFFFFA5FFFFFF64FFFFFFFF
FFFBFFFFFFFFFF78FFFFFFFF97B68A5E
FFFFFFFFFFC1FFFFFFE6FFFFFFFFFFFF
FFA2BBFFFFFFFFABD3FFFF9FA17D60FF
FFFFFFFFFFFFFFFFFFFFFFFFD8FF0000
FFFFDCFFFFFFFF25D8FFFFC7C2FFFFFF
FFFFFFEBFFFFFFFFFFFF4B9FFFA3A710
FF9AFFFFFF5075FF2B78D5FFFFFFFFEC
FFFFFFFFFFFFFFFFFFFFFFFFFD32B9FF
15C7FFFFFFFF89FF743D2B8C95FFFFFF
FFFFDEFFDC82FFFFFF50FFFFFFDF9B6E
8EB6FFFF8FFF5DFF3AFFFF90CBFFFF9F
FFFFC6EDFFB04676FF9488FF84CC73A2
FFFFFFFFFFFFFFB77AECFFFFDFFF9EFF
FFFFFFFFFFFFD5FF6EDBE5FFC6AEFFFF
B2FFD0FFFFFFFFFFFFFFFFFFD23662FF
FFD6CFE2A8FFFFFF7DFFFFDFFFFFCFE6
FF9EFAD4EA7A559CFFFFFFFF6BF6FFFF
B1FFFF28FFFFDA43FF50FFFFFFFFFFFF
2FE5FFFF87FFBF8FFF83FFFFE1FF39FF
FF87AF9C9BFFFFFFD0E7FFAFFFFFFFEA
CDFFFFFFFFFFFFFFFFFFFFFFFFFFFFFF
5AFF9ED7FFFFFF6EFFFFFFFFFF3CCBFF
FFFFFFFFFFAAFFFFFFFFFFFFFFDAFFFF
FFFFFFFFFFE1FFFFC3AFFF45DCFFFFFF
3CFFE9DDFF8CBAFFFFFF7FA8DBFFFFFF
FFFFFFFFFF9CFFFF99FFFFD0FF70FFC7
FF50FFFF2BFF22FFFFCAFFFFFFFFFFFF
FFE4FFFFFF5DFFFFABFFFF8465F3F0FF
FFFFFFFFFFFFFFFDFFFFECB3B5D4FFFF
7CFFFFFFFFFFFFFFA4FFFFFFFFFFFFBB
1675FFFFFFD0FFFFFFFFFF9FAD62FFFF
FFFFFFFFFF87FFFFFFFF87FFFFFFFFFF
FFFFE2FFFFFFFFFFFF73FF59BFFFB2FF
FFFF83FFFF41FFB7FFA9A2FFC365FFFF
FFFFFFFFFFFFFFFFFF7BFFFFFFC388AB
80FFFFFFFF46FF22FFFFFF8EFF130000
52FFFFFFCBD2FFFFFFFFFFFFFFFFFFFF
FFFFFFFFFFFFFFFFFFFF51FDFFEF66CF
FFFF847F6FD5DCA2FFFFD3FFFFFFFFF7
FFE2FFFFFFFFFF1B9E325DFF9D67FFCA
6BD0693AFF8CFFFF31A957FFFFFFA5B1
FFFFFFFF37F7FFFFFFFFFFFFFFFFFFFF
FFFFFFFFF9FFFFFFFFFFFFFFFFAEFF15
FFFFFFFF63FFCFFFFFC5B6ADF3F3D9D9
A2FFFFFFFF68F2FFA7EF2DFFFFFF82FF
D1FFFF38FF6FF6C69D61EFC0FFFFFFE9
FFFFFFFF54F4FFFFFFFFFF6C6E6B81B9
FFFFFFC8FFFFD6FFFFFF40FFFFFBFFFA
D2B0A2709DA897FFFFFF99FFFFFFFBFF
B5FF28FF70ADFFDBE363FFFFA0FFFFFF
D0FFFFFFFFFFFFCCFF5E73AAFF11FFB9
FFFFFFC845FFFFF098A288FFFFB5FFFF
FF1CFFFFFFF5F9FFFFFFFFFFFFFFFFFF
FFFFFFFFFFEDFFF7F8FFFFFFFFFFFFFF
FFD8FFC58F12FFFFFFBEFFFFB0C37F57
AEFF15925E74C45C926B625415FFBB5F
FFFFFFFFFFE5F2FFD8FFFF58FFFFFFFF
FF71FFFF8CFFFF6B66FFFFF5FFFFFFFF
FF9FA15DFFFFFFFFFFFFFFFFD7EFFFFF
FF8BFFF1FFD7FF8AC5DCFFFFFFE1FFFF
FFFFFFFFFFFFAAFFFFD0FFFFFFF9D5C8
FF3BFFFFFFFFFFFFFFB1D6C520FFC8FF
FFAFD3FFFFC36A8AFFFF446BFF5AFFFF
FFCBFFAAFFFFFFFFFF71FFFFE4FFFFFF
C3FFC4FFFFFFFFFFA6ABFFDAFFFFFFFF
F4B8FFFFFFFFD792ACF84FFFFF26BBFF
E9FFFFFFFFF1FFFFFFFFFF7BFF76E5FF
FFFFFFFF90E9ECFF7789FFFFFFFF0000
FF8AFF5CC5FFFFD6FFFFFFC5E457CDFF
D7FF6AFFFFFFFFFFFFFFC899C85AFFFF
FFFFE797FFFFFFC88AFFFFFF145FE1FF
8179D6FF3EFFFFFFFFFFFFFFB3B0FFFF
D8383C3AFFFFFFFB86FFFFFFFF59FF77
FFFFFFFFFFFFB6FFFFFFFFFFFFFFB9FF
DAFFB35BFFFFFF8DFFFFEC59FFFFFEC6
FFEFFFFFFFFFFFFFFFFF22FFFFFF92FF
B5FFFFFFFFB04DA3FFFFFFFFFF9DFFFF
FFC1B25BFFFF1D295EFFFFFFFFFFFFFF
FFFFFFFFFFFFFFFFF4FFFFBB6A16FFFF
F2D564C8FFFFFFFF7E91FFFFFFFFFAFF
FFF4D3FFB2FFFFFF6CFF818FFF20FFFF
FFE5FFFFC029663459FFBAFFFFFFFFD8
FFFFFFD3F6FFFFFFFF5055FFFFFFDEB7
FFFFFFFFD8FFBEFFFFA1A6F99162FFFF
FFFFFFFFFFFFFFFF3FFFFFFFFFD5FFFF
FFFFC0FFFFFFFFF0FFFFFF39FF8B0BFF
FFC6FFFFE7FF887FFFDCFFFFFFFFFFFF
BCFF892CCDFFFF18B0BCD4FFFFFFFFE1
8BFFFFFFFFFFFFFFFFFF6EFFFFFF91AD
FF83FFE14CA14EC4FFFFFFFFFFBDD7AC
B6FFF9B2FFFF6CFFE2FF60FFFFFFFFFF
FBCEFFFFFFFFFFFFFF5098D6FF4FFF4B
C2FFFFE8FFFFE7FFFFFFBA3FFFED53FF
98D136FFE9FFFFFFFFFFFFFFFFFF2BFF
8DFFFFFFFFFFFFFF86FFFFFFFFFFFFFF
A1FFFFFFCDB5FFFFEFEDFFD15CFFFFF4
E6FF8D6CFFFFFFFFFFFFFFB986FF6B6E
F2FFFFFFFFFFFFA9FF49FFFFFFAFF268
B6FFFAFF3741FFFFFFFFFFFF80893A71
FFFFF0FFFF78FFFFFFFFFFFF43CF0000
FFFFB6FFFFFF7ED6FFFF9F78FCFFFF73
FFA8FFFF29FFFFFFFFADFFEBFF98FF33
A9FFFBFFFFFFFFABFFFFD9FFFF54FF63
FFFFFFFFFF73FFFFFFFFFFFFFF3B9657
FFFFFFFFFFFF75FF80FFFFFFFFCBFFFF
82FAFFFFFFEFFFFFFF7EDBFFC1F6F7A4
B1FFE4FFFFFFFFFFD7FFFFFFFFD943FF
93FFFFFFFFFFFFFFFF71FFFFBEFFFFFF
FF83FFFFFFFFC684FFFFFFFFFFFFFFBB
FFFFF4FF40FFFF9379FFFFFFFFFFFFFF
FFFF2F527B8EFFFFAAFF7940B1FFFFFF
8A454EFF8BFFFFFFFFFF6EFFFFB0FFFF
D99095C6EBFF59FFFFFF73FFFFB9FFFF
34FFE4FFFFD98E74AAFFFFFFFF68FFFF
FFFFFFFFFFFFFFFFFFF0FFFFFFC735FF
A3FFB4FFFFFFFFFFFF27FF64FFFFA1FF
6FFFFFED9B98AEFFFF72FFFF97BFFFE9
5AFFFFFFCCFFFFA1FF9DFFFFFB51ACFF
FF5FFFCDFFE2FFFFFFFFFF34FFFB8B5C
FFFFA4CC60FFADB82EFAB6FFFFEBFFC7
52FFFBFFFFFFE392FF77FF78EA92FFFE
FFFFFFFFFFFFFFFFFFF53FFF6CFFFFFF
FFFFF3F28FFFD390FFFFFFFFFFFFFF70
D4FFFFB2FFFFFFFFFFFFFFFFFF77FFFF
3C5A22B9EBBA69FFF1FFFFC6FFCDFF93
FFFFFFFFFFFFFFB8FFFFFFFFFFFFFFFF
FFFFFFFFCEFFFFFFFFFFACFFE9FFFFFF
FFFF8EFFC9FAA3FFFFFFECFF8DE4CFF5
FFFF82E0E3DFFFFFFFFFFFFF77FFFFFF
C5FFFFFFFFFEFFFF17FFFFFF39FFA8FF
FFA0FFB3FF1BF6FFFFFFFFFF99FFFFFF
68FFFFFFF9B9CF3EB9CFE7FFE49B0000
FFFFFFFFFF8C7527FFFBFFFFFFFFED57
FFFFFF7CB1FFFFFFFFFFFFF6FFFFFF4D
849AFFFFFFFFFFCEFFFFFFF15FFFD8FF
FFFFFFFFFF4CFFFFFFFFFFFFFF53B3B9
FFBE4DC02DFF76FFFFFFFFD6FFFFFFFF
FFFFFFFFFFFFFF7F90FFFFE55FE9FFFF
C8FFFFFF92FFFFD9FFE2D0FFFF64EAC9
FFFFC7FFFFFFCCFFFFFFF6FFFFFF68FF
AEFFFFFF7457FFFFFFFFFFFFFFFFFFE0
3DFF71FFFF71EE2DB46DFFFFFFFFFFFF
FFE3F1E6FFF0FFFFFFFF5E6CFFEBB085
AAFFE6FFFFFFFFFFFFEAFFFFC363FF65
5FB5FFFFE8FFDFFFD3FFF1FFFFFFFFFF
78FF39FF2FC1E1FFFFFFFFFFFF64EFAA
FFFFFFFFBFFFFFFFE8A0FFFFFFFF65FF
CCFFDDD7FFFFFFFFFFE9E0A7FFFFFFFF
EC54FFFFBD60FFFAFFA8FFFFFFFF6B93
FFFFFFFFFFFFFFFFD3FFFFFFAAED93D4
FFE6FFE9FFB9C0D4FFFFFFFFFFFFFFFF
BC90575510FF9CD5E612FFFFFFFFFFFF
C2FFFFF9FFFFFFCA96FFFFFFFFFFFFD5
FFFFFFFFFFFFFF49FFFFFFFFC3FFFFFF
2BFFFFFFFFFFBE3CFFFFFFEAC8FFFFFF
FFFF993AFFFFFFFFFFFF46D632B5FFFF
96FFFFE0F1FFA1FFFFFFE3FFFF35FFFF
FFFFFFFFFFD6FFFBFFFFFFFFFFFFFFE4
C4FFFFFFC8DDFFFF9EFF5CFFFFFFFFFF
B47EFFE3ADF0F7DA3BF0BDBBFFFFFFFF
FFFF82FFF9EDCEFFFF98D492DF8CFF0F
DEFFBEFFFDFFFFFFFFFFFFFFFFFFFFFF
FFFFFFFFFF75FFFFFFFFFFFFFFFFFFFF
FFFFFFFFE4FFFFFF87FFFFFFFF820000
FFFF7FFF7CF1FCFDFFC8FF9AFFFFFFFF
FFFFFFFF72FFFFFFFFFFFF2455FFF9FF
FFB7FFFFFFFF1BFFFFFFFFABFFFFFFBF
69FFFFFFFFFFFFFFFFFCFFFFFFD5DFF2
A3FFFFFFFFFFFFE7FFECD0FFB6BBFFFF
FFEFF3FF34FFFFBBFFFFFFFF8A955EFF
FFFDFFFFFFFFFFFFFFFFFFFFFFFFFFFF
FFFFB0CBFF30FFFF9EE3FFFFD140FFFF
FFFFF9BDFFBCFFFFFFFFFFFFB29A78CB
DBFFFFFFFFFFFF4EFFFFB4FD3221FFFF
FFEEFFE9FFE9FFFFFFE1FFFFB0D74EE7
FF5889FF8DFFFFFFFFFF7C737158FF3A
FFFFDBEFFFCFFF4BFFCAFFFFFFFFFFB3
FFFFFFFFFFFFFF7CFF9CFFFFFFA4FF76
B1BBFFFFFFFFFFFFFF40FFFFFFE1FFFF
FFA7FFFFFFFFFADCFFD5FFFFFFFFFFFF
FFFFFF46FFFFFFFFFFFFFFFFFFFF38FF
88D2FFE0FFFFFFADFFFFFFFFBE9798FF
86FFFFD5FF93FF92FFFFFFFFE5FFFFFF
FFFFA0C7A8FFFFFFAFFFFFFFF4FFFF27
FFDBFFFFFFFFFF593EFFFFFFA8FFA7FF
ADFFFFFFFF57A4B4FFFFD9FFFFFF40FF
FF7729FFFFFFFFC78FD695FF6CA3C6FF
FFDFECFFFF72AFD6FFDEFFB9EEFFFFFF
FFFF6EFFFFFFFFFFFFFFCDC393FFFF50
FFFF3E90FFFF9D41C3FFFFEBFFEE61FF
FF80FFFFCBFFFFFFC0FFFF9BFFFFFFFF
C0FFFFFFC3FFFFFF55A8DFFFB8FFB9FF
FF21FFFFF8FFFF6EF3D9A92DC0FFE644
FF89FF4AFFB0FFFFEAFF51FF39EFD1FF
FFFFA769FFFFFFFFFFEB46FFA3FFFFFF
FFC7FF46E1FFEAFFFFFFFFFFFFEF0000
FFE1FFF9FFFF8BAEFFCFFFFFFFFFEAFF
FAFFFFCC889EE1FF98CEFFFFE855FFFF
2BFFFFCAFFFFFFFF58EBFF22FFFFFFDB
FFFFFFFFFFFFFFFFFFFF78FFFFFF2DF8
BB9EFFFFD5B5FFFFFFFFFFFF82EEFFFF
FFFFFFFFFFFFD3C8D4FFFFFA799BFFFF
FFFFFF72FFFFFF7AFFFFFF274BFF946A
FF69FFFFFFFFFFF2FFFFFFFFFFFF0EF3
FFFFFFD1FF88FFFFE6FFB059FFFFFFFF
C4FFFFFFFFFFFFFFF2FFFFFFFFFFFFF7
F1FFFF2664E44EFFFFFFFFFFFFFFFFDF
F74E2546B9ADC6FAA4FFFFAF3DFFB09F
FFFFFFFFD4FFFFFFFFFFDFFFFFFFEAA2
FFFFFFFFFFFFFFFFE8FFBDFFFFA3FFFF
FFFFFFFFFFFFFF9AF2FFFFE6E39DF4C5
FFFFFFFFFFEEFFFFFEFFFFF2FFA2FFFF
FFFFFFFFFFFFFFFFFFFF37FFFFFF4CFF
FF8E98D7FFFF6EFFFFBFFFFF5A26CDB4
FF710BFFFFFF43F0FFFFFFFFFFCDFFFF
FFFF8EFFF7FF78C8FFFF4BFFFFFFFFFF
FFCB8EFFF8D6FF96A596FFC5FFEBFFFF
FFFFFFFFE2FFB5FFFFFFFFFBFFFF869F
FFF6FFFF75FFC59098FFFFFFFFFFFFFF
FFFFFFFFFF15FFC744FFFFFFF6D2FFFF
6F5BFFFF2FA4FF2CFFFFFFB4FFFFFFD9
FFFFFFFF89467F4AFF1FFFEDFFA1E388
FFFFFF979CD1FF1BFFFB9AFFFFFFFFB7
CFFFFFEFC6FF20C4FFFFFFFFFFFFE6FF
DC6EFFFF6FFFF1FFA9241A3AC927AAD6
FFFFFFFFAFFFFF4C48FFF6FFFFFFFFA0
FFFFFFFFFFF6FFFFA451B3FFAEFFFFB7
FFFFFFC961CFFF5DFF5EFFFF78FF0000
FFFFBAFFFFFFE8748EF4BC9EFFFFFFE5
C0FFFF8EE5FFFF5DB3FFFFFFC8FFFFFF
FFFFF7CEFFFFFFFFE5FFD8D2FFFFFF97
B5BBFFFFFFABFFFFFFFF66FFFFFFFFAA
FF60FFFFFFFFFF7BFF8C71A4FEFF69FF
FFFFFFD2FFE6FFD3BED3FFFFFFFFE5F0
FF9FC6FFFF70EB79C7E3FFFFFF80FFFF
5DFFBAC6FFB5F0FF9AFFFF91DDFFFFFA
FFFFFF9BD9FF93FFFFFF547DFFFFFFFF
85E4FF92FF35FFFFFFFF1D7CFFFFDDFF
93FFFF46FFEAFFFFFF4BFFFFC8FFCBFF
FFEDFFFFBB9CBC99FFE5FFFFFFFFF28E
FFDBFFFF9EFFFFFFFFFFFFFFFFFFCCFF
FFFFFFFFFF72FFD8FFFFFFFFCBFFFF83
7FFFFFFFFFFFFFFFFFFFFFE17472C231
FFFFFFAEC68BFFE5FF6121FFFFFFFFEB
FFFFFFFF8544FFFDF5FFD0E98DCDE5FF
CA838680FFFFFFFFFFFF87B25C3AFFEF
CDFF7CFFFFFFFFFFFFCCFFFFFFFFEFFF
FFD7FFFFFFFFFFFFBFF5FFFFFFFFFFFF
FFFF7CFFFFFFFFFFFFFFFFFFFF84FFFF
FFFFFFD8FFFFFFFFFFFFFFCF96295767
BFFFE1FFFFFFFFFFE8FFFFCCFFFFFFB5
31FFB669FFFFFF72BDA9FFFFFFFFFFFF
FFCCFFF9FFFFFFFFFFFFFFE5FFFBFFFF
FFFFADFFFFFFFFFFFFFFFFFF61FFF683
FFD6FFBB5E9AFF39FFFFFF85FFF6FFFF
FFFFFFFFFFE88A63FFFFFFFFD87963E0
359A3C6FFFFFFFD5BD41FDCA95FFFFFF
FFFFFD80D127FFFFFFFFFF43FF50FFFB
FF92FFFFCAFFB87698FFFFFFFFFF0CFF
FFFF8BCBFFFFEC1BFFFF7919CBFF0000
FFFFFFFFFFFFDBB4CEFF7012FFFFFFAD
FFFFFF6F5F2D7891C3FFFFFFFFC1FFFF
FFFF2C98FF9B879AFFE7FFFFC0F4FFFF
E6AE8E3AFFFFFFFFFFD596FFFFFFFF3F
FFFFAF83FF9CFFAAD3FFCAFFDCFFEEFF
FFFFFFFFFFFFFF6FAE8697597A823B55
FFE28F48B572FFE7CF93FF6B94FFA2FF
64FFFFFFFFFFFFE6CBB9FFFFFFD495F4
FFFFFF5DFF76FFFFFFFF37FFFF3BFF8A
FFFFFFF1FFFFC756FFFFFFFFFFFF99FF
DFA1FFFFFFFFFFBB78FFFFFFFFCBFFFF
FFAEB7FF9178FF9EFCFFFFA7FFA7FF56
FFEE46FFFFFFFFFFABFFFFFFFFFFFFFF
FFFFFFFFFFF7CE92FF10FFFFFFFFFFFF
62A043A4FF61FFE99DA6B5FFFFFFFFFF
FF9FFFFFFFFFA0A8FF8C19FFFFFFB84E
FF35FF566C2F709DFFFF98FFF1CA73FF
FFDDC253FFFFFF33EB3DFFFF1F53FFA4
57FDFFF96A77BB59FFFFFFFFE132FFFF
E9FFFFFFFFBF6EFFA48FFFFFCCFFFFDD
ACFF56FFFFFFFFFFE1ADFF59FF8FFFFF
3DFFFFFFE3B1B4FFA8FFFFFA35362693
FFFFFFFFEFFF6992C4FFCAFFFFFFFFFF
FFFFFFFFCCFFFFFFFFFFFFFFFFFFFFFF
FF32FFFF74FFFFFFFFFFBBC7328AFFE1
FFFFFFBBFFFFE63DD9D9FFFFFFFFFFFF
4AE67DFFFFFFFFFFFFFFFFE67CFFFF6C
FFE7FFF9FFD4FF638FFFFFFFFFFFFFE8
B841A3B6FF9CFF5492F250FFABFFFFFF
FFFF5A83C5FFFFFFFFFFFF2E7EF3501C
FF5FF7FF8AFF70EEFFFF62FFFFEFFFFF
FFFF94FFFFC1FF7FFFFFFFFFDBFF0000
34FFFFFFFFFFF17893EC7989FFFFFFFF
FF9AFFFFFFA5F3FFE9FFFFA678FFFFFF
FFFFFFFFFFCEFFFFFFF7FFFF68FAFFFF
FFFFFFFFFFFFFFFFFFFFFFFFFFDFFFFF
E0FF99A3FFFFFFFFD8FFA5FF6AFFFFFF
F8FF8F85EF71C2FB87A6F1FFFFFFFFFF
9EFFD59BFFFFFFFFFFFFFFBC3AFCFFFF
B4EEFFFFFFFCFFB1FFFFBD8EFFFF5EFF
FFFFFFFF66FFFFFF96FFFFFFA6D3E2E9
89FFFFB5FFB2B9FFAAD8FCADFFB9F7FF
ABFFFFFFFFFFFFC90AFFFFFFFFFFFFFF
FFFFFFA1FFFFFFFFAEFFFFFFFFFFFF7D
FFCFD6BBFFFFFFBAB0FFFFE4FF59BFFF
FF8DFF24FFFFFFFFFFA2FFFFFFFFFFCC
FFFFFFFFFFFAFFFFFFFFFF6761FFFFFF
FFD6FFFFD5DCDA78FFB044FF95FFFFFF
FFFFFFFF5797E98CC0FFFFFFAC13FCFF
FFD2A4FFFFFFFF7EEDFF46FFFFFFFA86
93FFFFFFFFFFB4FFB7FF4EFFFF57FEFF
DFB7FFFF6BFFFFFFFFFFFF81FFE357FF
FF6695FDFF8CFF88FFFFFFF6FFFFFFFF
BBF5FFFFD6F8FFFFFFFC56FF9C3BFFFF
FFFFFFFFFFFFFFFFFFFFFFFFFFAEAA53
FFFFFFFFFFA4FFFFFFA6FFFFD3FFFFFF
E1FFFFFFFFFFB7FFBDFFFFFFFFFF16DA
FF7CFFFFFFEEFFFFFFFFFFDAFFFFFFA9
EDFF929C86FFEDFFA8BFFFFFFFFFFFFF
FFD1FF3F86FFFF70A6FFFFFFFFFF8CFF
62FFFFB0FFFFFF90FFFFC9DAFF6AC7FF
FFB0FFFF82FFFFFFA5FFE4FFFFF4EAD0
FFFFFFFF8CFF4CFFFFFFAAFFFF8EFFFF
FFB29CC4FFFFFFFF40FFEB9BFFF20000
73D652F7E953FFFFFFFF7A21FFFF56FF
E977FFFFFFFF8FFEFF60FFFFFFCBB0FF
FFDAFFFFFF95FF90FF71CCFFF628FFC0
28D3FF95FFFFFFFF74FFFFFFC0CEFAE7
FFFF54FFDCBDFFC8A2FFB0FFA2FFFFFF
FFFFFFFFFFFFD2FF6AFFFFFFE1FFFFFF
EEFFFFFFFFE4F44AFFFFFFFFF3FFFFBE
C1A3FFE3A7FFFFFFB8FFCDFFFFFF82FF
4AFFFCFFFFFF6CFF80FAFF76FFFFFFFF
FFFF9FFFE8FF20FF9AFFFFFFFFE2EBFF
9AC4FFFFFFFFFFFFFFF25DFFFFFFFFFF
3AFFFF8BFFFFFFFF2C69FFFFFDFFFFD8
21FFFFC2FFABFFFFFFFF4DFF9BAC0FE1
FFFBA1FFFFACFFFFFFFFFFFF8DFFFFFF
FFFFFFFFFFFFECFF45FFFFFFFFFFFFFF
FCFF82FFFFFFFFFFA8CEFFFF657A54FF
A8FFFF992BFF66FFFFBDFFFFDC2BFFFF
FFFFB9FFCCFFF2A5FFFFB7FF147D2F6A
30FFB8FFFFFFFFFFFFFFDE81FFFFFFFF
9DC5FFFFF5FBFFFFFFFFFFFFFFDBFF60
68FFFFEAFFFF84FFFFFFFFFFDDFF5CA0
FFEEFFFFFFFFFFE3FFFFFFFFA8B4BDE3
FFFFA0FFFFFFF1E970EEF3D8FFFFFFFF
A9FFE5FF4FFFFFFFFFFFB6FF5C48CFFF
5D4AE5FFFF3FD3FFA7FFFFFFFFFCFFDB
A4FFFFFFFFFFFFD7FFB989FFF5FFFFD4
FFFFFFFFFFFF86FFFFFFFFFFFFFFFFFF
B3B680FFFFFFFFFF36386CFFFFFFF131
FF5C81FFE1FFFFFF7BFFFFE9FF94A5FF
FFFFC7FFEAFFFFFFFFFFFFFFFFFFFF51
FFFFFFFFFFFFFFD3FFFF786FFFE5FFFF
FFFD4D97ABFFFF6CFFFFFFFFC6500000
FF7B9C3345B6F4FFFFC1D5F0FFA6FFFF
A8DE75E1FFFFFFFFFFFFFFFFFFF9FFFF
FFFFFFDCFFFFFFFFFF959BA0BEFFFF7D
7BFFFFFFF0FFFFFFFFD0FFFFFFFFFFFF
FFCAFFE789FFD4B7FF68B2FFFFFFFFFF
FCFFFFFFC4FFFFFFFF26FFEDFFFFFFFF
FFFF3FFFFFFFFFBEFFFFA3FFFFFFFFDE
FF90C1C8E6FFFFFF85FE77FFFFF4FFD6
BE28FFFFFFFFFFFFFFFFF1C3FE1FFFFF
FFFFFFFFFFFFFFFFFFFF3EB19863FFCF
FFFFFFFFFFFFFFE3FFE9E0FFFF83FFF1
FFFFFFFFBDFFFF22FFFF66FFFF484EFF
FFFFFFFFFFFFFFF4FF54FFFFFFFFFFFF
D9FFFFFFB265FFFFC7DB59C037B4FFFF
FFFFFFFF69FFFFFFFFFFB7FFE6FFFF48
FFB5FFFFFF32FF9315FF40FFFFFFAAFF
FFFFFFFFD9FFFFFF84676EFFFFF1FFFF
FFFFFFCDFF61B6DFFF97FFFFFFBA7499
FFFFFFFFA0ACF0FFFDFF61FFFFFFFFDA
D6FFFFFFC8FFBAC2FFFF8FFFFFFF7AFF
FFFF36FFFEFFFF81FFFF7DFFD648FFFF
FFFFB18DB3FFFF8EFFE2AAB8EF89FFFF
ECFFFFFFFFF8FF89FFA9FFFFCDFFBBFF
64FF94FFFF7FFFFFFFFFE0FF32C4E1FF
FFFFFFC440FFFFFF9CD540FFFFFFF7FF
FFFFFFFFF6FD8CFF28FFFFFFFF7E56FF
79C0FFA2A401FF7CFFE5FFD5FFE4FFD7
FFFFFF21B4FFD7FFFFFFFFFFFFFFFFFF
FFC2FFFFFFFFFFFFFFFFF02936FFFFD2
FFFFFFFAFFFFFFC4FFC7FFFFFFFFFF8D
ACFFFF87FFD0FFD1FFFF9846FFFFFAF6
D5FFFFFFFF48FFFFFF918CFFFFFF0000
FFFFFF99C3C7EB9DFF2AA3FFFFFFFF55
FF62F8ADFFFFFF76E0FFFFFFFFFFFFFF
FFA7FF59FFA9FFF7FFFFFFA0A073FFFF
FF5DFFFFFFFFFFFFFFFFFFFFFF6EFFB3
FF90FFFFFFFFFFFFFF5853FFFFFFFFFF
76FFFFFFFF60A0FFEDC6B8FFFF6BF2FF
EA7BFFA7FF597C86FAF0FFF6FFFFFFFF
99A9825BD162ABFFB4FFFFBD87FFFFFF
FFFFFFFFFFFFFFFFFF94FFFFFFFFFFFF
FFFFFFFFB1EFFFFFFFD1C14127FFFFFF
2DFF3FFFFFFFFFF6FFFFBAFFFFFF964F
FFFFFFE4FFFFFFFFAB67FFDAFFFFFF38
6541FFFFE1FFFFFFFFFFFFFF8CFFFFFF
6EEADEFF58FFFC7EFFFFFF906FF6FFFF
AAC2FFF7FFFF44FFFFFFFFEBCEFFFF69
FFFFFF61FFFFFFFFFFD6FFFFE3FFFFF1
694075FFFF8DFFF9A4FFFFFACCFFFF71
46FFFFFFFFFFA5FFFFACC108FFFFFFFF
FF91FFFF4FF389FFC7FFFFF234FFFFEA
FF54FFBBCCFFFFFF7F99A9F43CFFFFFF
FFD429FFDEFFFFFFCDFFD471A3FFFFFF
FFC769FFFF7BFF91FFFFFFFFFFE9FF70
FFFF4350FFCF30FF8349FFFFF9FFFFFF
D7BEFF9793FFFF45FF67FFFFB25EF9FF
9DDAF0E95FFFFFFFFFF67BFFFA73FFFF
E0AE4CFFFFFDFFD8FFFFFF80FFB6FFFF
FFFF9AEBFFFFFFFFFFFFFFFFFFABFF58
FFFFFFFFAB6CC87BFF66FFFFE6FFFF74
FF1EFF2FFFFFFFCBFFFFFFFFFFFFCCF5
FFFF8EA890DCFFFFFF98FF57FFFFD1FF
FFF5ECFFFFFFFFE0FF9592FFFFD1FF35
E4FFFFFFFFFF96FFFFB22BDA7EFF0000
FFFFFFFFFFFFFFFFCFFF2CFDCEFFEEFF
FFFFFFD0FFFFD8B4E8D4FFE7FFE1FF96
D4FFFF58FFB55FFFFFFFFFE746B1F6FF
A2FFB0FFFFFFFFFF2BC7FFFFFF73FF76
FFB1D94821FFFF306BFFFF97FF4AC5FF
D3FFEDFF90FFFFFFFF972D7CFFFFFFFF
383C84EBFFFFFF57FFFFFFFF410DA7FF
C2B38CC01CFCCBFFA5CAFFF279BADB68
FF7C4CFFFFFFE6F2FF8786FFC1FFFFFF
D4FFFFFFFFFFFFFF34FFFFDFA6FFADFF
EAFFE2FF818DFF7CFAFCFFFFFFFFFFFF
FF99FFFFBCFFCAFFFFFFFFFFFFFFFFFF
FE10FFFF1CFFFFFFFFFFFFFFFF83FFFF
FFB8FFFFBC9DFFFFFFF4FFFFFFC7FFFF
FFFFFFFFFFFFFFFFFFFFFFD2FFFF4CBE
FF39FCFFFFB0D3DB85FFE187FB94FFFF
FFFFFFCA8C54FEFFFFFFFF6AFFBFFFFF
1CD6FFFFFFE4FFFFFF61FFFF83FFFFFF
E7EBFFFFA04BFF7CFFFFFFC9FFFFB7FF
FFFFB7FFFFB3FFFF75FFFFFFFFFF86AC
FFAED8FFFF94FFFFFFFF8231BAEAFFFF
FFFFFFFFFFA9FF22FFFFFFBDABFFFFFF
B4F5FFFFFFF03DC246B8FFFFE5FFFFD6
FFFFFFFFFFCAFFFFFFFFFFFFFFFFFFBB
FF6D2225777CFFF3C6FFD5BA5BFFC1B4
29FFFFFF83FFFFFFFFFFA6FFCDFFF2FF
FF39D0FF22D8FFF4F9AE51FFFF4469FF
FFFFFFFFE3E4C944FFB5FFC2B3FFFFFF
FFFFFFFFFFFFFFFFFFFF52FFFFF6FF7E
FFFFFFFFFF43FFFF6ECBFFFCFFFFFFE2
FAFFFFFFFF9B58FF786DA18AFFFFFFF0
FFFFFFFFFFFFDDFFFF7659FF7E550000
FFFFFFFFFF83F6FFFF67FF704CFF6BFF
FFE6FFFFFFFFFFFF2482FFFFFFD9CBFF
F1FFB0DC8CFF8AFFFFFFFFFFFFFFAAFF
28FFCF15FFFFFFFF902FFFFFFFF3FFBC
E6FFFAB1F8FFFFFFFFFFADFFFFFFA1FD
EBEAFF99FF5C88ECFFD0FFCDFF89FFFF
FFFF5EFFC941FFBDD7FF8CFFFFE3FFB6
AFC2B0BAFFE8FF6CCB68FFFFF6FFFFFF
FFFFFFF6FFC1FFFFFFDD19FF68FFFFFF
8CD5FF5DFFFF26FFFFFFFFFFFFFFFFFF
6DFF83FFFFFFFFFFFFFFB0FFFF6283FF
64FFFFFFC5C5A9FFF1DEFFFFFFFFFFFF
61ADE3FFFFFFFFFFFFDAFFFF96BCFFCF
FFFFFFFFC4CDBAC5FFFF6EB1FFFFFA70
7DFFFFFFE3FFFFFFFFFFFFCEFFE4FFA4
FFFF77FF67FFFFFFB8FFE2FFFF95DBFF
FFFFFF90FF6B49FF6FFF29FFFFFFAE68
FFFF356ADBFFFF1DE7F9FFFFFFFFBC35
73FFFFFFFFFFFFBFB0FF62FF81C0E6FF
FACDFFFFB6FF9EFFFFFFFF47FFFFFFFF
6DFFBAA9FFFFFFB3FFFFFFFFFFFF5643
FF74ABDBFFE7FFA8CEFFFFFFFFFFFFFF
FF81FFFFFFAE839575B3FFFF59FFFFCE
FFFFB5FF38D5FFA6FFFFFFB2FFCCF043
EEFFFFFFF2FFFFFF8EFFFFFFFFE6FFFF
FFFFFFFFFFC9FFFFFFFFFFFFFF3BFFFF
FFFFAFA6FFFFFFFFFFB1FFFFFFB0DD5F
EFFFFFFFFFFFFFFBFFFFFF9E6BDEFFFF
FFFFE3E2FFFFFF5FFFFFFFFFFFFFFFFF
FFFFA7FAFFFFFFFFBCFFFFFF4CE0FFFF
EAFFFFB4FFFFFFFF9F274BFF9DEAFFC3
FFFFFFE8FFFFACFFFF98FFE6B2FF0000
FFFFFFFFFFFFFFFFFF18FFFFFFFFE2FF
A594FFBEFFF8AFFFFFFFFFFFFFC8EAFF
FFFFFFFFFFFFFF4FFFA5A5FFFF84FFFF
FFFF6EBFF4FFFFFFFFC2FF5CFF8F9DFF
E7FFFFFFFFFFFA8B6173FFFF90FFFFFF
FFFFFFDBFFFFE352FFFFFFE3FFFFFFFF
FFE5A666FFFFFFFFFFFFFFD78FD5FF8E
FFFFE199FFFFFFFFFFFFFFDCFFA6DBFF
FFFF1EF4FFFFFF4DFFFFFFFFFF9FFFCC
FF94FFE3FFFFFFFFFF859AFFFFFFFFFF
FFFFFFCB69FFB3FFFDFFFFFFF98865D6
FFFFFFFFFFFFFFFFAEDAFFFFFFFFFFFF
9DB8FF52FFF954FDFFFF98FFFFBADFFF
FFFFFFFFFFFFE9BEDEFFF3EDB5FFD9FF
FFFFA0FFFFABFFFFFFFFFFFFFCFFFFFF
97FFDDFF2CFFFFFFFFFFA3C983FFC3BA
FFFFFFFFD8E1FFFFFFFFFFFFC9FF50FF
9073FFFFEC493DFFE0C8FFCBFFFFFFFF
B9FFFFFFFFFFECA451D9FFFFEA7CFFFF
FF5834FDFFFFFFFFFFFFFFFFFFFF2BFF
FFFF3AC199FFFFEFFF55FFFFFFFFFFFF
FFB6FFFFFFFFFFC881FFD0FFFFFFFFFF
D04CD0FFFF8C80FFFFB3FFFFFFFFEDFF
D48CABCDFFFF9AE0FFFFFFFFA1ECFFFF
85FFFFFF2FFFC4FFB7FFD7FFE7FFFF9A
FFFFFFFFFFFFFFDBFF5AFFFFFFFFECCE
FFCBFF4AC0EAFFFFFFFFFFFFFFFFFFFF
FFFF82FFCBFF81B44BEFFFFFFF67C3FF
88FF4895FFEFFF18C7BE80FFD4FFE6FF
5CFF4CFFFF8FC4E0B6FFFF9D4568AA43
FFFFFFFFFFFFFFFFFFFFFFBFFFFF9AFF
FFFFFFFFFFFFD0FFFFFFFFFFFF870000
CCFFFFFFFFFFFF74FFD79FFFFFFFFFD0
FFFFBDFFFF4CFFFFA4FFFFBFFFFFC1FF
FFFFAAFFFFFFFF50D5FFFFFF9D42FFFF
FFFFFFFF7BFFFFFFB5FFFFFFFFFFFBFF
F3FF3CC7FF7FFFFFFF76FFFFEDFFFFFF
FFFFFFFFFFFFFFA4FFD7FFFFB5FFFFEC
729AFF6FA9FFFF71F44738299FFFFF29
FFFFFFCDFFFFA0FFFF29FFFFFFFF86FF
FFFFFFFFD5A2FFF7B46A8FC0FFC2FFCC
FFADFFFFFFA3F0FFFFD7FFFFFFFFFFFF
FF81FF96FFFFE4FFFFFFD375E554FFFF
7DFFFBFFFFFFFFFFFFF9FFFFFFFF4AFF
FEFFFFFFFFFFFFFF69D0B36561FFFFFF
FFFDFFFFFFFFDF8CFF81FF5CFFFFFFAD
FFFFFFFFFFFF09FEFFFFFDFF62FF9DFF
FFFF3CFFFFBAFFCAE6FFFFB9FFDDFFFF
A6FFFFFFFFFFFFB8B3FFFF99FFFFA6EC
FFFF93A7FF89EBFF70DFFFE9FF8088FF
9EFFFFFFFF90FFFFF7CDFFB2D5B5A2C1
FF265E48A450C4FFD7BFFFFF9AFFFFFF
FFE7C6E30CF5FF9DFFFFFFFFFFFFFFFF
F4FFFF4E77FFFF6DFFFFFFFFFFBAFFFF
FFAD98DBE3FFFFFFA1FFFFC7FFFF53B0
FFFFA2E3FFA7DFD2E7FFFFFFFFFFFFC6
FFB9FFFFF9FFFFFFFFFFD0FFFFFFFFFF
DFFFFFCF8955FFFFFFFFFFFFFF7D9B6F
F4FFE8F1B232D1FFFFD4FFFF3BFFFF53
CAFF78FFE9B83374FF83FFBBFFD36274
FFFFFF5DFFFFFF84FF6094FFFFFFBD8A
FFD4FFFFB6FFFFFFFFDEFFE928F5CB75
FF6BFFFFFFB6FFFFFFB5FFFFFFFFFFFF
FFFFFFD0B6FFFFFFFFFFE0FFFFC20000
A40AFFFFADFFFFFF8F5F8CFFFFFF27FF
CBFF53FFFF55FFFF57FFFFFFFFFFCDFD
FFFFCCFFC199FFCF44FFFFD0FFFFFFFF
FFFFFFFFFF43FF77FF4DFFFFFFFFFFFF
7CFFF8FFFFFFFFFFF9B3A0FFFFFFFFFF
FFFFFFFFE0FFFFA28CFFB4FFFFFFFFBF
FFFF714DFFFFFF71FF70FFDC99FFFFD9
DDFFFF31FFFFBA73F6FFFFFF6EFFFFFF
FFFF70FFE1FFC7FFC9E1FFFFFFFFFF7F
FFE7FFFF2DFFF0FFEEFFFFFFFBFFFF54
2BFFFFFFFF92FFFFFFFFFFFFFFFFFFFF
CBFFFFFFFAFFFFA7FFFFFFFFA1FFFFFF
D6FF95F8FFECFFFFFFFFFFFFFFFFFFFF
FFFFFF3FFFFFFFFFFFFFD019FFFFFFFF
1DFFC1FFFFFFFFFFFFEBFFFFFFFFFFFF
8DFFFFD9FFFFFFFFFFFFFFFEF8FF35B3
FFB259FFFFFFFF913DFFF4FFE28849FF
CBFFFFFF40FFFF73FFFFFFFFE8FFFFFF
CAFF85FFE4705FFFFF89FFC2FFFFFF6E
BFFFFFA8FFFFFF84FFFF32B0FFCB4892
F887FFDCFFFFFFFFF0CC15FC53568BFF
FFFFFFFFFFFFFFFFFFFFF9FFC086FFFF
FFDDFFFFFF936AA9FFFFFFFFFF4BFFF2
FFFFD5BFFF349793B3DE66FFFFADE8FF
FFFFFFC1FFFFFFFFFFFFB59192FFFFFF
FFFFCE81FFFFFFFFD2FFB5FF92FFFF54
FFFFFFFF98FFFFFFFF98FFBEFFF3A1FF
E1FFFFFF83A7ECFFFFFFFFFFFFC7E2BD
FF6BFFFFFFFFFFFFFF7581E4FFF4FFFF
FFB234FFFFFFFFFFABFFFFFFFFFFFFD8
4CFFFFFFFFA9FFFFFFC2FFFFFFFFFFFF
A3F5FFFFFFFF9BC9FFFFFFFFFFFF0000
9CACFFFFFFFFFFFFB48918FFFFA3FFEF
DA37FF8FFFF8FF6F39FFFF91E2FFFFFF
DDF3EBFFA1FFFFFFF5FFC9F0FFFFFFFF
7EBCFFFF6AFFBFFFFFFFFFFFFFFFFFFF
E5C7DEF4DEEDF2FFFF68D2FFFFBABEF0
FFFFFFFFFFFFFF8FFFF0FFFFFFFFFFFF
FFFFC67FFFFFFF8EFFFFFFFFCEFFFFFF
B8FF92FFFFC6FFFFFFFFFF75FFFFFFFF
FAFFCFFFFFEEFF302CFFA79DFFFFE7EA
CCFFA5FF9EA9FFD4FCFFFFFFFF4EFFFF
ECFFFFFFFFC6D9FFB388A2E9E4FFBB77
FFFFFFFFD58FFFFFFFA6C9BCFFFFFF3A
A2FFFFFFCCCCDCD3FFFFFFB3FFFFF5FF
EEFF2DF1FFFFFFFFFFFFBCACFFC8FFFF
FFFFFF79FFFFFFD72F454BF27458FFFF
D7FFFFFFFFBE148BFFFFFFFFFFFFFFFF
FFACFFFFFFFFFFFF7E4AFFFFFFFF76C6
E8FFFFFF72FFFF53DAFFFFFFFFD8FFFF
FFFFAAFFFFCAC6FFFFFFFFFFFFFFFFFF
6EDFFF53FFAEFDFFFFFF3065FFFFF8FF
FFFFFFFFFFFFFFFF7CFFFFFFFFFF98FF
FFFFFFFFFFFFFFFF9DA8CCFFBCFF48FF
FF8AFF2FFFD8FF98FFFFFFFFFFFFCEFF
FFFFFFFFFFFFE74FCC68FFFFFFB1FEFF
FFF5A7FFFFFFFFFFB79CFFFFFFFFFFFF
FFFFFFFFFFFFFFFF78FFFFC1FFFFFFFF
FFFFA5FFFFFFFFAFFFFFB2FFA60BB5FF
B0FFA8FF6E78FFFFFFFFFFA4C7FFFFFF
C1FFD6A3FF26FFFFEFFFF9FFF6FFFFFF
E9FFFFFFFF72FFFFFFFFFFFFFFFFFF5E
C8FFFFFFFFBFFFFFFFFDFF62FF2DFFF0
CDB1C5FFFFFFFFFFFFFFFFFFFFFF0000
FFFFFFFF9BFFFFFFFFFFFFFFFFFFFFFF
F79A5AFFFF52FFFFFFFFFFFFFFFFFFFF
D8FFFFFFFFFFE3FF82FFD1FFFFFFFFFF
39C025D662FFFF873EFFFFFFFFFFFFD0
FFFFFFEFFF756EFFFFECFFFFFFFFFFE8
FFFFFF58FFFFFF99FFFFF9FFFFF7FFFF
FFFF9EFFFFFFFFFFAC46934EFF9DFFEB
7FD9FFFFFF6AFFFFFFA8FF9EFF69FF8C
FFE8FFFFFFFFFFFF97FF6EBAFFE1FFE0
FF79FFEAFF9AF6FBF8D1FFFFFF22C3FF
FFFFFFFFFFFFFFFFFFFFDCFFFFFFFF73
FFFFFF6EFFFFFFFFFFE0FFFFFFFFFFFF
FFFF65ECC3FF9FFFFFFFFFBFFFFF3779
5BFF75FFFFFFFFFFFFFFFFFFFFFFFFFF
FFD6EDFF8DFFB17BDAFFFF3BBD7E63FF
91FFFFA7FFFFFFFFFFFFFFFFFFC2FFFF
FFC8D3FFFFFFFFFFFFFFDFE718D6C7B3
FF451FFF56FFFF76FF2FFFFFFFFFBEFF
8BFFFC6C4CE6C383FFFFFFFFFFFFBAFF
BCFDFF46A9FFD0FFFFABFFFF53FFFFFF
FFFFFFFFFF3EF2FFFFFFBEFFFFFF5EFF
A1FFFFFFFFFFFF8BD567E2C2FFE6FF8A
FFFFFFFFFFFFFFB7D4FFE6FFB2FFAE84
85A6A96A88FFFFFF6AFFFFFFFFFFFFFF
FFACFFFFFFFF2CFFC0FFFFFF84FFFF50
FFD96899FF3BFFD182FFB4FFFFFFBCFF
FFFFFFCFE699AAF7DCFFFFFFFFFFFF37
C6FF75FF4BFFFFFFFFFFB2FFFFFFFFFF
9EFFFFFFFFFFFFFFFFFFFFFFFFCDFFB1
EF82FF96FAB4FFFFFFFFFFFFFFFFFF95
FFFBB4FF615FFFFFFFFFFF1BFFFF16FF
FFF8C07EFFC2A5B2CD4E3CAFFFFF0000
FFFFFFFFFFFFFFFFFFFF36FFFF7F449D
E09BB0FFA411FFFFF8FFFF68FF57FFFF
96FF76E5FFFFF7D3FFFFFFFFFFFFFFFF
FF77125D5CFFFFFFFF8F83FFFFFFFFFF
FF87FFFFFFFFFFFFFFFFFFFFA5ABFFFF
FFFFF6B3FFFFFFC6FFFF5EF2FFFFFFFF
7F7BF9FFFFFFFFFFFFC9ABFFFF85FFFF
9EF597FFFFFFFFFFFFFFFF53FFFFFFFF
FFFFFFFFFFE7FFFFFFFFFFFFFFFFFFCD
8BFFFFFFFFFF98FFFF30FFFFFF95F3D9
FF4BFFD1A7FFFFFFAAFF69FFFFFF77FF
FFFFFFCB6AFFFFFFFFEEF8F96043AAFF
FFFFFFFFFFFF5DFF85E0FF89FF922911
FFFFE7FF24FFFFF1FFFFFFFFFF5F37FF
FFFFB0FFFFFFFFFFDEFFFFFF97FFD36C
F9FFFFFFFFFFFFFFFA717C7EFFFF87FF
FFF3FFFFFFFFFFFFFF32FFFFFFA8ADCA
FFFFFFFCFFFFB14DFFFFFFFFFFFFFFFF
FF5AFF94DEFFFF5FFFE6F979FF99FFDE
7D96FFFFFFFFEF6BFFFFFFBF3CFFFFFF
FFFFCB49FFD6E9AAFF8AFFFFFFFFB6FF
FFFFA2ABFFFFE5D530B253FFC4FFFCFF
FF62FFB7FFFFFFCD6DFFFFFF6DFFFFBC
BEBCFFFFFFFFFFFFFFFFFFFFFFFFFF49
B9FF79FFA9FFFF96EF70FFFF92FFFFFF
FFFFFFFFFF50FFF8FFFFADFFFFFFFFFF
FF84FFFF97FFFFFFFFFFFFFFFFFFFFFF
2BFFFF6BFFFFCDBCA3FFFFFFAFC6FFFF
5B8FE4FF6DFFEAFFFFFFFFD8FF74E7D3
9CFFFFFFFFE7379AA1B1FFFFFFFFFF68
70D4FFFF6A896F7EFF29FFF8ECFFFFFF
E1FFFFFFFFD2FFFFFF75BC895CFF0000
FFFFFFFF74FF89FFFFFFFFFF4D67FFFF
27FFFFFFFFD0D1FC6EFFFFFFFFFFFFDF
F2FF975AF8E177FFFFFF91F298AC6DFF
FF96C3FED1E7FFE5FFFFFFFFFFFFFFE8
FFFFFFFFFFFFFFFFFF78FFFFFFFFFFF7
5EFF9E68FFFFFFFFFF25FFFFFFFFFFFF
584FFFFF45FFFFFFFFFF97FFFFFFFFFF
4AFFFFFFFFFF363E8AFFFF48FFFFFF96
5ECEFFFFFFFFFFFFFFFFFFFFFFEBFFFF
86FFFFFFE89859FFFF9AFFDCFEFD5797
FFFFFFFFC8FFFFFFBCFFFFFFFFFF88FF
FFFFFFFF59FFFFFF64FFFFFFFFC780FF
FFFF5CFFFFECD7FFFFFFE8FFFF7BF5FF
A0FFFFFF6BFFFFFFFFFFFFABFFFFFDFF
24FF66FFFFFFFFFFFFFFE1FFA579D5FF
FFFFFF71AE8DA6FFFFFFE8FF6BFFFFFF
FFECFFFFFFFFFFBEFFFFFF06FFFFEDFF
FF6992FF94FFE4FFFFFF94A6FFFFFFFF
CD9FFFFF5E4CE4C1FFFFE2A4FFF5FFFF
8682FF9685B6FFFFFFFFF7FF9CFFC9FF
FFFFFFFFFFE93CFFFFFF3FFFFF7A9A30
FFFFFFFFFFA3FFA3FA9CFF84A9FFC2FF
E3FFFFFF7D97D7D1ACF9FFFFFFFFFFFF
4921FFFFFFFFFFEC5DFF77DED1FFF999
F6FF8FFFFFFFA0FFF4FFFFBEFFFFFFFF
FFB516FFFFB2FFCC5268DDFF3FFF93FF
FFFFFF56EBFFFFFFFFFF97FFFFFFFFFF
FFFFC5FF25FFC687FFE8FF4F48FF5EFF
FAD1E7E6FFA8FFFF54FFFFFFFFBBFFFF
E7FF6BFFFFFFFFFFFFFFFFA6FFB5BAFF
A26BFFFFFF93FFA9FFFFFFDDFFFFE7FF
FFFFFFB486FFB77C47FFB9FFFFFF0000
FFFFFFFFFFBAFFFFFFFF3CFF9FEA39FF
7CACFFE98E59FFFFFFFFFFFFFFFFFFFF
FF7FC392FFFFFFFFFFFFB3EDFF45FFFF
977A23FFFFFFFFBDFF97FFFFFFFFFF80
72FFFFB2FFBAFF8BFFFFFFFFEFFFFFFF
FFFF7CFFFFFFFFFFFFFFFFFF31B635B3
FF50FFF8FFFFFFFFFFFF3AFFFFFFFD95
E2FFFFFFFFB0B3C883FFFFB5FFFF8AFF
A328FF5AF5FFFFBAFF457576FFFF7AFF
FF31B1FAFFFFFF53E66DFFFFFFFFFF5A
4AAADAC4FFFFFFFF8AFFFF6977FFFFFF
FFFFFF3FFFFFCA2BFF31469DFFB75D5B
FFFFF4C5FF97FFFFFFFFFFFFBFFF58DC
4DFFFFFFFFFFFFBDBAFFFFFF78E167FF
FFFFFFDCFFFDFFFFFFDAFFFFFFFFFFFF
FFFFFF983B52FFFFFFFFFFFFD5FFFFFF
43FFFFC9FFFFFB97AFC0FFFFFFFFFFFF
E0FFFF7AFFFFE8FFE3FFFFFF9BCAFFAD
FFFFFFFFFFFFFFAFFFFF36E2FF71FFFF
8305FFFFFFFFFF7DFFFFFFFF8CFFFFFF
FFFFFFBEFFFFFF7C798EFFFFFFFFFFC5
FFFFFFFFFF78FFBDB8FFFFFF85F0FFFF
FFFFFF8D1B65ADFC0DFFFFFFFFEE25FF
FE61FF96FFFFFF7BB65CFFC9FFFFA3FF
397DFFFFD2FFD7FFD1DE9FFFFFFFFF33
A3FFFFFFFFFFFFA2FFFFC8FF38FF46FF
ACFFFFFFFF62FFFFFFFFFF6F98FFFFFF
7653FFFF51F288CFFFFFFFFFFFFFFFFF
D0F6FFFFE8C0FFFFFFFFFFDEFFFFFFFF
FFFFFFFFFFFFFFFFFFFFFFFFFEFFC5FF
F7F69342FF66FFFFFFFFFFFEFFFFFFFF
56C0FFBCFD60FFFFFFFFFFFF9FFF0000
A2FFFFFFFFF1FFFFFFC3FFBF7CFFFFFF
EFFFC7BAFFFFFF8CFFFFF3CD72FFFFFF
FFFFFFFFFFACFFFFFFBD22FFFFC84490
7F814DFFFFFFFFFFFF54DA8FFFFF53FF
FFFFF5FFFF75FFFFFFFFFFFFFFB8D2FF
FF0FFF358BFFC5D0FFFFFFFFFFFFFFFF
FF7AFF6FFFF0FFFFFFFF8D7AFFFFFFFF
C5D1FFFFEBFFF5698AFFBAFF91FF4EFF
FFFFFFFFFF7FFFECC8D966CFFFA5FFFF
FFD9B0D3D7EFFFE62392FF90FFFFFF95
FF3389CBFFF0DBFFFFFFFFFFFFFFFFE7
9BDBFFFFFFFF8690E4FFFFFFFFF34837
FFFF1D93FFDAFFFF8DFF8DFAFFD8FFFF
CFFFFFC7C3FFFF37F9B188FFFF663AFF
FFFFFFFFFFFFFFDEFF81FF97649EFFFF
FFFFFFA48498FF6CFF1CE77A7AFFDEFF
35FFFFCDFFFFFFFFF1A2FFFFFFFFFFFF
A9C3FFFF98BFFFFFFFFFE6FF23FFBC8F
AFFF8584E1A16BE8E0D2FF1DFFFFFFB7
E0BCFFFF81EDD1C5EA4CF0FFFCFFFFFF
9EFFFF82E3B491CBB4FFFFE5CEC8FF9A
FFFF89FF6FF9FFC7D1DA7FFFA8FFEADF
FFFFFFFFFFFF25AAFFB9FFFFD9C3F0FF
98FF64FFD6FAFFFFFF55FFFFFFFFFFDD
96FFFF2BFFFFFFFFFFFFFFFFFB4326FF
FF9719FFFF9AFFFFD4FFFFFF75FFB6BF
FFD8F8FFFFFFFFBA65FFFFFFE6FFFFFF
FFAFFFADC97F2EFFFFFFA8FFECFFFFFF
FFFFFFFFFFFFFFFF5EC6FFFFFF4BFF71
FF3EFFFF4BFFE95C94FFFFFFB1C7FFFF
82FFBEE9FFFFFF70FFF6FFBE93DDB0FF
FFFDFF88DFFFFFFF92FFFFABB3FF0000
FFFFFFCDFF81FFFF9F79FFF2FFFF9BFF
FFD1FFEAE3FFD7B7FFFFD6FFFF23FFDF
FFFDBEFFFFFFFFFFFFA040FFFFFFFFFF
FFFF96FFA3FFFFFFFFB0FFFFFFFFFFFF
499791FF49FFFFFFFFFFFFFFE3D451FF
6FC6FFFFB1DDE3FFFFFFFFFFBCFFBBFF
9DFFFF0AFFFFFFFFFFFFFFFF50FF9537
FFFFFFFF85FFD7AAC2C4D8FF44FFFF4B
FFFFFFB6FFF499FFFF16FFC2FFFFFFFF
FF957E71FFB8EAFFFFFFFFB4D6FFFFFF
DEFFFFDC2912669AFFA9FF7CFFFFF9D6
FFFFFFFF8A9EFFFFFFA78AFFFF859C94
ABFFFFFFFFFFFFFFFFFFFFFF41FFFFFF
FFFFFFFFFF9DFFFFFFFFFF4C8295FFFF
37FFFFFFFFFFDDE8FFB1FFFFFFFFDEFF
FFFFFFA8AFC1FF79FFFFFFFFB5A1D1FF
FFFFFF9BFFFFCBFFFF93FFFFFF56FFFF
FFFFFFE3FFFFFFD2C3FFFFFF7DFF7DFF
32FFFFFFFFFC719AFFFF8EFFFFFFFFFF
9ED1FFFFFFEBC61AFFD0FFFFFFFFFF70
FFFFFFFFFFFFFFFFAFF6FFFFC1B9FFFF
5CFFFFFF4E7874F3FFFFFFFFFFFFFFFF
FFFFFFFFFFFFFFFF7AFFFFFF91A5FFFF
FF6FD79FFFFFFFFFFFFFF2FFFFFFF1FF
6149FFFFFFFFFFFFD8FFFF7FD875FFFF
FFFFEAFF51FFAF6FB1FFFFB1FFFFFFC8
6FCAFF49FFFFFFFFEBAEFFFFF9EDFFFF
96FFFFFFFFFFC4F4E3FFFFFFFFFFFFFF
FF94FFFFFB9FC6FFFFFFA1FFFFFFFFFF
C3FFFFDCFFFFFFF0FFFF5BFFED9C8CFF
FFFFDEFF9E94FFFFFFFFFFFFFFA6FCFF
FFFFFFFFFF88FFFFFF8FED9CFFFF0000
FFFFFFFF7FD775CD8E9064FFFFC3FFF1
FFFFFFFFBDFFFFFFFFFFFF5FF1FFA6A2
FFFFFFEAFFFFFFFFFF59B4FFBFFFFFFF
B8FFFFFFFFFFE1E9FFC7A66BA5FFFFFF
FFFFFFB5FFFFDFB5FDFFFFCB9B8EFFF0
FFFFFFFFC8F8FFFFFFFFC5FFFF86FFFF
FFFFA1FFFFFFFFFFFFFFFFFFFFFFFFFF
76BFBD99A0FFFFFFFFFF52FFFFFCBDFF
EBFF73FFE72DFFFFFFFFFFFFFFFFFFFF
FF8FDFFFFFFFFE37FFAAFFFFFF9DA85A
FF3A72FFFFFFFF69FFE9FFFFFFFFFFFF
B793FFB7B2AEFFA489F0FFFFFFFFFF6E
FFFFFFFFFFFFA6FFFFFFFFFFFFFF36FF
9EFF8294FFCBFFFFFFFFFF7F79FF31FF
FFFFFFFFFFF0B450FFE8FFFFFFFFFFFF
FFFFFF62F8F2FFFFFFFFFF18FFE222FF
FFFFFFFFCD65E4AC7CD5FFFFD4EBD9FF
9BFFFFFFFFA9FFAF97ABFF993FFFB06B
FBFFFFFFFFFFFFFF63894F5AFFFFFFE6
FFFFF9FFFFFF88A5FFFFFFFFFFFFFFCC
D3FF4942BF67FFFF83FF94FFFFFFFFFF
FFFFFFFFDCFFA1FFFFFFFFF2FFFFFFFF
FFFFC7FFFF59FFFFFFFFFFFFFEFFFF7A
FF889086ECFFFFBDFFFFA6FFB8AEFFB5
FFFFFFFFE3FFA3FFFBFFFFFDFFFFFF6C
3D8BAFFFB8FFE6BEFF18FFDCFF7FFF8A
C5FFFFFFFFFF8CFF6AE7FFFFFFFFFF7C
FFDBFFFF65FF96E1F6FFE4F6FFFF50FF
FFFFC898FFFFFFFF35FFFFFFBDC3E8FF
68F8FFC3DF6028E297FFFFFFFFFFB7FF
FF76E648FFFFFFFFFFFFFF6897FF85FF
FFFF84FFFFFFFFFFFFF8FFD0FFFF0000
5EFFFF557AFFB05B8C7393FFC5FFFFFF
B5FFA5FFFF88FF5EB92DFFB6FF8EFFFF
FFFFFFFFFFFFFFFFFFEBCDFFFFFFF7FF
FFC3F3FF91FFFFFFF4B1FF6575ED95FF
DDFFFF64FFFFFF64FFF4FFFFFFFF80FF
02FFFFFFEED8F5FFFFAEFFFFFFF7FFFF
69FFFFB680FFE5FF6EFFFFFFB328FFFF
FFFFB7FFE74475FFFFF975FFFFFF35AC
FF86FFFFFFFFFFFFF0FFFFFFFFFFFFFF
FFFFFFFFFFFFFFFFFFFFBFFFFF91A4FF
FF4FF6FFA5FF68A9FFFFFFFFFFFFFFFF
F094FBFFABD9F6FFFF17FFDEFFFFFFFF
FF947216E1FFFFFFFFFFFFEDFFFF30FF
FFFF306EFFDCFFFFFFFFFFFFFF6CFFFF
FFFFFFFFFFC4FFADFFFFFFFF40FFFFB7
F6FFFF6EF7FFFFFF6DDEFFFFD9FF9DFF
C2B9FFFFFFE1E4EEFFFFFFFFEBDCFFFF
FFFFFFFFFFFFFF42FFFFFF94FF25FFFF
FFFFFFB7FFFFFFFFFFFF5EFFFFFFFFAF
31FFFFFFFFFFF271FFACE0B6FFFFFFFF
FFFF6EFFFFFFFFD4FF50DCBED0FFFFE9
FFFFE38BC5FFF97EFFB1FFFFFFDCFFF6
FFFFFFFFAEFFECE9FFFFFFFFFFFFFFFF
FFCDD1FFBBFF9EFFFFA6FFD1DDFFFFFF
FFFF82FFFFFFAFFFFF3FFFFF53FFFFFF
FFFFFFFFC7FFFB83FFFFFFD2FF45FFFF
FFFFFFFF4EFFA8FF93FFFFFFE3FFFFFF
A454E9FFFFA5BFCE8DF2CAFFFFFFFFFF
AAFFD6FFFFFF37FFFF91FFFFFF35BEFF
5FFFFFC5E2B3FFFFD649FFBFFFFFFFB8
FFE1FFB554FF7AFFFFFF72FFFFFFFFFF
A80EFFFF20FFFF45FFFFFFFF84FF0000
FFE2FF88FFFFDD29F9965BFFFFFFFFCC
BDFFC4FFE99CFFFFFEFFF7FFFFFEFFFF
5AFFFFFFFFFFFFFFB4FFFF459EFFFFFF
E5FFA5FFFFFFC7B1C7F9FFFFA064FFFF
FFFFFFFFFFFFFF68FFFFFFFFFF743DAF
FFFFE8FF709AB2FFFFFFFFD5FFA592FF
6A1EFFFF91CEBAFF3B1DFFFFFF9558FF
FFFFFFFFDDFFFFFFFF75DEFFFFFFFFAF
FF29C335FFFFFFFF83FFFFFFA8FFFFFF
D4FFFFE5FFBFFFFFFF86FFFFFF31FF41
59DC76FFFFB7FFFFFFFFFFFFE9FFFFFF
A8FFFFFFFFFFFFFFFFFF94B696FFFFFF
FFFFB8FFFFFFDEFFE5F9FFAEFFFF80FF
D8FFFFD2FFFFFFFFC5FFFFFDFFFFFFFF
FFFFE9FFFFFFFFAAFFFFCB93FFFFD1ED
FFF732FFFFFFF8ECFFFFFFFFFFFFFFFF
BFFFFF90FF6AFFFFEFFFFFFFFFFFFFFF
FFFFFFE5FFFFFFA56FFFFF98C6FFFFFF
FFFFEFFFFFEBE5FFFFFFACFF8CFFFFFF
6AFFFFB6FFFF94FFE7FFBBF8FFFFEEFF
C1FFFFFFFFEC9EFFFFFFFFFFFF4DB7D4
FFFFFFFFD6FFFF66FF6AFFFFFFFFA3FF
FFDA847788E889A26D8EFF65FFFF77FF
7BFFFF5EC9FFFFFF8DF9FFFFFFFFC2A0
FFFFFFFFFFFFFFFFFFFFD1FF51EDEFFF
FF919BFFBBAFFFFFA798A76FA04EFFFF
A4FFFFA4FFC5FFF0FFFFFFFFFFFFFFFF
FFFFFFDCFFDBFFFF30FFFFFFFFFFE168
4FD778FFFFFFFFFFFFFFFFFFFFFFFCEE
DCFFFFFFFFFFFFFFFFFF57FFFFFFEA3B
E7F4FF97AEFFFFFFFFFFFFFF48D893E5
FFFFFFFFFFFFFFFFFFFFFFFF72FF0000
FFE5FFFFFF76FFF35A50CAFFFFFBFF67
F4A0FFABFF5DCA68FFFF80FFFF59FFFF
DF6BE2FFFFFFFFFFFFDDFF9CFFFFFFFF
926CFFFFFFFFEBCFFFFFFFFFAA47FFFF
DBFF5CCCFFFFFFE1E9FFFFFFFF8645B8
FFFFFF9CFFFFFFFFC8FFFFFFFFA9FFFF
B967FFFFFFFFA737FFFFFFFFFFFFFF8B
FFFFFFFFFFFFFFFFFFFFE2E595FFFF1F
FFE0FFFFFFFFFFFFA674F1FFFFC6FF6C
A8FF95FFFFFFFFFFFFFFFFF5FFFFFFFF
61F5F8FFEEFFFF6EFFFFA0FFFFFF6EFF
87FFFFFFFFFFFF94FFFFFFFF83FFFFFF
FF4878FFFF5786FFFF8CFFFFFFFFFFFF
FFFF1E54FFFFFFFFFFFFB2F7C0FFFFFF
83FFFFFFD0FFFFE483F72C99FFB4F1B3
FF89FFFFFFFFFFFFFF56FFE6FFFFFFFF
FFFFFFFFFFFFE3FFB6FFFFFF9EFFFFFF
AAE9D5FFFFFFFF51898EFFBCFFFFFFFF
38B9FF80B8FFFFB552E6ADFFFFB269EC
EFFF6CFFB6DFFF98FFFF66FF775AA5C4
FFFFFFFFFFA7C3FFFFAC6EFFFFFFFFFF
FFFF7AA6DFFFFF95FFFFE4FFFFFFFFA1
FFFFFFFFFFFFFF6C5CFFFFFFFFFFFFFF
75FFB4A4813FFF9CAFFFD8FFFFFFFFFF
FFFFBAFFFF1AFFFFC3FFE5FFFFA95D1C
D779FFFFFFCDFFC9FFFFFFFFE9A08ACE
6C97FFA66A36FF60FFFF7CFFFFFFFFFF
9571FFFFFFFFFF74FFFFD3FFD0FFE2FF
FF8192FFFFFF09EDFF19FFFFFFFFFFA1
FF4043DFFFE2FFFF66FFFF2DFFFFFFFF
E6EDFFFFFFD7FFFFFFFFFFFFFFFB7B83
FFFF77FFFFF8FF94FFFFFFFFFFFF0000
FDB7D6FF32FF96FF6EFF777AD695B7FF
E2BBFFECE8FF5AFF90FFFFE1FF569875
FFFFA9FFFFFFFF6BA5FFFECE98FFFFAA
FFFFAC26B4FFFF8AAB62FFC249D9A2FF
86FFDEFFFFFFFFF2EBFFD0D6FFFFFFFF
FFFFD4FFFAFFFFFF9AF2FFFF94FF6FFF
ACFFFFFFFFFFFFFFFFFFFFC4FFFFFF6F
E7B6FFACFFFFD1FF9EFFAFEA9BFFFFFF
8AFFFF30FAFFFFACFFB089FFFFFFFFFF
FFFFD4CCFFFFFFFFF6FFF2FFFFFFA2FF
70FA99FFFFFFFFFFFFFFFF1F2FFFFF53
FFCBFFFFB64EFFFFB2FFFFFF8291FF90
FF54CAFFFFA8CBFFFFFFFFFFFF9B57FF
FFFFFFF2DF97FFFFFF20FFFFA8FFFFFF
FFFFFFB8FFB106FFFF8F5F75B0FFFFFF
FFECFFFFDDD8A8FFFF91FFEDEEFFFFFF
FFFFFFFFFFCBFFFFC7FF9981FFFFFFFF
FFFFFFFFFFFFFF51FFFFFFFFFFFF50FF
FD81FFF2FFFFF4FFFF16E629FFFFFFFF
FFD0B99BA234FFFFFFFFB9D2604CFFFF
57C3FFFFFFFFFF9BDEFFFAFFFFFFFFFF
FFFFFFFFFF80C1A96CF5B8FDFFFF9BEA
ECFFFFBECDFFFFFFF8FF829EFF8EFF83
B4FF47FF63DDB6FFFFFFFFE09AFFFFFF
FF7E2FE99C39FFFFCBFFF0FFFF8FAE88
D4ACFF89FFE7C7B8B776FFB8FFFFFFFF
FFFFFFC0F354FFEFB2FFFFFFFFFFFFFF
FFFFBAFFFFFF3EDDFFF8FFFF2D9FFFD9
8B5EE2FFFFFF4560CFFCFFFFFFFFFFD4
F8FFFFFFFFFFFFFFFF6BD1FFFFFF57D5
2926FBFFBFFFFFFF86FFFFD0FFFFFFFF
FFFFEFFFFFFFFFFFFFFFFF97FFFF0000
FFFFFFFFFFFFA7FFFFD1AA91FFB25332
E3FFFF7EFFFF3BFFFFFFFF41FFFFFFFF
37FFFFFFFFFFFFFFFFFFFFFFFFFFFF7A
FFFFFFFFFFFE38F5908EFFFFA9E79CFF
FFFFFFFFFFFF96FFFFFF25E3FFEF72FF
FFFFFF61FF53FFFFBC95FFFF39FFFFFF
FFFFF6FFFF98FFFA43C3FF77FFC6FFF0
FFFFABFFECFFFFFFFFFFE5FFFDFFFFFF
FFFFFFFFFA71B4B77BBCA5FFFFFFFFFF
FF90E98DFB38FFFFBEFF65FFFFFF9BFF
B1B9B3FFFFFFFFABFFFF8EFFDABCFFFF
FFFFFFFFFFFFDEFFFFFFFFFFC6FF49D0
FFFF37FFD06BE5FFC1FFFFFFFFFFFFFF
FF82FF59FFFF71FF6DFFFFEB76FFB1FF
FFFFE7DAFF7A93FFFFDCA3FFF7FFFFFF
FFFFBCFF60FF47FFFF8CE2D56BFFDCAA
DAFF6AFFE9FFFFFFFFFFA5FFFFFFFFFF
FE7EC1FFFF3386A1FFBE56F7FFFFBAA3
FFFF60DFFFFF5AFFFFFF47FFFFFF39FF
63FF62FFFFFFCFFFFFFFFFFFFFFFFFFF
C1D094FF88FFF7FFD0FFFFFFDAFFFFFF
60FFBADEFF4DFFB753B2FFFF1F84D1FF
CCB68D846844FFFF60E0FF96FF90FFFB
FFAAAAEAFFFFFFFFFFFFFF4AE9FAFFFD
FF9DFFBE92FFFFE5C7FFD5FFFF575477
D8FFE3FFFF2BFFFFFFB9FFFFFFFFA5FF
B6FFC97EFFFFFFDCFFFFFFAA91FF8FFF
FFFF23FF95C4FFFFFFFF67FFAD8FFFE3
E7FFFF47FFEFFFF4AEFF63FF20FFFFFF
BDFFFFFFFFFEFFB6FFFFFF93FFFFFFFF
FF8789BEB7FF14FF83C1D4DAFFFFFFFF
FFFFFFFFFFFFFFFFFFFFB9C2FFFF0000
FFB96AFF76DAB267E5A7F8FFC5FFFFFF
DC87C9C0FFFFF682FF876CFFFFC9C6CF
FFFFFFFFFFBDC3FFFFFFFF742CDEFFFF
88FF4B8D4354FF97C4FFFFFFFFFFFFF4
FFFFFFFF53FFFFFFCBFFD4FFFFFFFFFF
FFFF5BFF6D4EFFA8FFFFFFFF86FF8CFF
FF92FF5BEFF3D3FFFFFFF3FFFFFFFFFF
FFD4FFE6FFFFFFFFFFE5FFF0FFFFFFFF
FFE4FFFFAEFF73BDADF492AEB5FFFFFF
FFFFFFCCE5FFEBFFFFFFFFE1FFFFFFFF
FFD2FFFFFFFFADD55B6D8E759FA4FFBB
FFFFFFFFD7FFFF6DFFFFFF40BCB6FFFF
94FFFF5A2666FFFFFFFFFF9B9AE0FFAD
FFFFFFFFFFFFFFFFFFF2FFD8F5FFFFFF
FFCCFFFF88FFFFAEA5FCFFFFFFB1FFFF
FFFFFFA8FFFFF5ACFFFFB5C4A3D2FFF1
D3FFCBFF59FFFFFFFFFFFFFFFFFFFF3D
FFFFF1E6FF43DF7CFFFFB84FFFFFFFFF
48FFFDFFFFFFFFFF6EFFA6FFFFFFA6FF
FFAABDFFFFFFFFFFFFBB2FFFAE7AFFFF
A5FFFFFFD0FFFF6D9554E983F3FFFFFF
AD23FDC5FF99FFFF7E8BFFFFFF82ADCE
FFFFF0FFFF9EFDFF84FFFFFFFF77FFFF
2E6BCDFFFFA03DD4FFFF58FFFFFFFFFF
F2FFFFFFBC7DFF86FFFFFFFFFFFF8143
6FFFE3FFFF90FF947718FFFFFFFFF9ED
E2FFFFFFFF9FFFDCFFAAFFFFFFFFB2FF
793CC6FFFFFFB0FFFFFF9749FF80A97B
F564FFFFFFFFFFFFE0FFFFFFFFFF88F5
FFFFFF4FFF93FFCEFFB7FFFFAEFFB0BF
FFB7FFCDC567FFEA4516AEECFFFFFFFF
E6FFB7FFFFFF55C3FFFF9FFF7AFF0000
FFBBFFFFA7E6E588B989FFFFFFFFFFFF
FFFFD4D8A6FFFFF5689B5BFFB7FFFFB0
FFEDFFFFFFBFFFDF7F36FFFFFFBE5EF2
FFFFC376FFFFFFFFEDFFFFFFFFD085FF
76FFFFFFCB31FFFFFFFF98D7FFFFFFFF
D8FFFFFFFFFF5697FFFFFFBCDFFFFFD1
A1FF95FFFFFFFFA1FFC4FFFFEDFFC3FF
FF89FFFFE9FFFFFFFFFFFFFFFFFFD7FF
EFFFFFFFFFFFFFE0FF8CF8FFFFFFB2FF
FFFFFF4FFFFFFFFFFF16FFEAFFFFFFFF
FFFFFFFFC7FF70FFFFE7F3FFFFE0EEFF
FFECFFFFFFFFBAFFD1FF6BB3FFFFFFFF
FFFFFFFFFF4BFFFFB79AA0FFE54731FF
FFFFF1FFFFFFFFFFFFFFFFFFFFFF27FF
8AFFF2FFFFFF70175DCB59FFFFFF7DFF
FFFFFFFFFF43FFFFFFDB547EBCFFFF5B
BBFFA9FFCBFFFFFFFFFFFF87FFDDFFFF
FFF3FFFF48FFFFFF8DFFF4AC53728CA5
9C8556CCD8DEFF6BFFFFFFFFFFFFC760
FFAF70FFFFFFE8FFFFFFFFFFFFFFFFF2
9547FF76B8514E83D2FB32DE9C4EFF7B
FFFFFFFFFFFFFFFFF276FFF9FFC9FFFF
FF3DDFABFFFF1AFFD5FFFFFFFFD3FFF8
E2FFFFFFFFEAFFFFFFFFFFFFFFFFFFFF
FFFFFFFFFFFFFFFFD9FFCAFF87FFAB60
ECFF939878CDFF8AC726FF5DFFFFFFF4
B1FFFF77FF7AFF79B7FFFF97FF53D0FF
FFFFFFFFF6D4FFFFFFFFC7F57F8A2EB2
FFFFFFFF7EFFFFFFFFFFFFFFE2FFFFFF
FFF2FFAEFFF4FFFFFFFF86FFFFD6FFFF
FFFFFFFFFFFFFFB75DFFFFFFD4FFFFB2
FFFFFFFFFF5EFFFFFFC099AFFF8C0000
FF77FFFFFF43FFFF2AFF95F2FF57EEFF
FFFFB9FFFFFFFFFF5490F928FF54FF9A
FFFFFFFFFFFF8CFFFF5BFF23FFFFFFD6
FFFFADFF4DFFFFFFE4EBFFFFFF7AFFFF
FFFFFFFF7BFF46FF74FFFFFFFFFFA2FF
FF97FFBB8AE1FFF464FFFFFFFFFF57FF
D5FFFFCEFFFFB7FFFFC7E5FFFFFFFFFF
BFE5FFFFFFCB5B26FFFFFBFFFFFFFFFF
FFFFFF66FFFFC3BA5FFF6DA3FFFFFFFF
FFFFA8FF48FFFF6EFFB3FF92AEFFFFFF
DFFF80FFFFFFFFFF8CFFFFFFFFF6FF91
FFFF696DFFFFFFFF6FFF65CBF0FFFFE0
FFFFFFFFD2FFD7FFFF7BFFFFFFFFFFFF
FFA4FF2CFFFFE1FF92FF56BD308BAEFF
A2DFFFFFD86EA89BFFFFFF4CFBFFEAFF
6FFF50F1FFFFFFFFFFADFFFFFFFFFF63
5B88FFFF8FC3EAFFFFFF49FFFF63FFFF
FFFFFFFFFFD1FFFFFFFFFFFFFFFF902B
FFFFFFFFFFFFFFFFFFFFFF75FFFFFFAD
6BFFFFFFD9FFBB76E7FFFFFFFF4DFFFF
80FFFFFFFFFFFAFFFFC288FF89FFFFFF
FFFFFFFFFF36FFFFFFFFC0FFFFFFFF7D
E5FFFFFFFFFFE5FFA1FFFFFF99FFFF5E
FFFFFFFFFFFFFFFFFFFFFF0EFBFFFFFF
FFB9FF88FFFFFFDBE4FFFFFFFFD0F0F9
67FFAFFFFF9ADBFF92E99AFFFF4187FF
FFCA9299FF6CFFFFD364FFFFFFA3FFFF
FFFFFFFFACFFFFFFFFFF8AFFFFFFFFFF
FF9EFFFFFFBAFFAFFFFFFE70FF67FFFF
FFFFFF68FF29FF288DFFFFFFFFBAFFFF
FF6AFFA6EBFFFFFFDBFFFFEAFFFFFFC4
FFFF17FFFFFFFFFFFFFF6F6CFFFF0000
FFE9FFFFFFFFFFFFFFFFFFFFC5ECDEFC
E0FFAFFFFFFFFFFFECFFFFFFFF6BFFFF
F9DEFFC8FAFF5CFFFFD6FFFFFF7CFFFF
FF327CFEFFFFFF8DFFFF6271D5B3FFE8
FF78E5FFFFFFFFFF239DFFFFFFFFFFFF
FFFFFFFFC9F0EFF8F6FFCCFF505EFFE0
FFBE24FFE0FFFFDCFF66AEC6CC47EFBD
FF4CD4CFFFFF4732FFFFFFA4BBEFFFC2
FFFFCBFFFFFFC57DB2F28EE5E5FFFFCD
FFFFFFFFC5FFFFFFFFFFFFF3FFFFE3FF
FF5BEDF2A6FF46FFFFFFFFFFFFFFFFFF
FFFFFFFF9FFF74FFFFFF97C89DFFFFE4
FFEAFFFFFFFFEFFFFFA5FFFFD2FFD5FF
FFFFFFD9FFFFFF7FFFF9959874CCFFF3
8FC7E9F4A0FFBF7BFFF2F8FFFFFF69FF
50FF82FFFF7923FFFF84FFDAFFFFFF58
C4C0FFFF2BFFFFE3FFFF4FFFFFFFFFFF
A610FFFFFFFFFFFFFF68BC8DFFFFFFE2
FFFFFFFFFFFFFFFFF6FFC7D5FFEEFFFF
FF6D62FFE7FF32FFFFFF3AB54CFBFFD4
85FFFFE1FFFCD33CFFFFFFFFFFFF59FF
F0FF1F3C3EF0FFFFFF81FFE660FFFFFF
FFFF96FF59FFD1FFC059FFFFFFFF9E23
FFFFFFFF6DFFFFB927E2FFFFFFFFFBFF
C1FFFFFF7DFFFFC6A8BDFF3BF6FFFF67
FFFFEAFF59B6FFFA7181FFFFFFFFFFFF
FAFFFEFFFFFFFFFFFFD4FFFF7DFFFFFF
FFFFFFFFFF6DFFFFFF52FFFFB6B4B7CC
FFFFFFFFFF4BFFFFFFCBFFFFFBFFFFFF
FF5E89FFFEFFBAB042FFFF71FFFFFFFF
06FFFFFFFFFFFFFF68FFFFFFFFFFF544
CBFF54FFFFC6FF87FF618CFFFF850000
87FFFFFFFFE79A7BFFFFFFFFFFFFFFFF
FF8AFFC2FFFFFFFF9338FFFF818DFF35
AFFFFFFFFFF2F4FFFFDCFFFFFFFFFFDC
FFFFFFFFFFE1FFF9FFFFFFFFFF96FFEC
FFFFFFFFFFE8FFF4FFFFFFFFFFABFFFF
FFFF51FFFFFFFF48E5FFE2FFFFFFDEE5
7CFFFFFFFFFFEDFFFFFFE5F3FFFFFFC1
FFFFFFFFFFA0666FD9FFFFCAA1FFFFFF
FFFFFFFFFFFF59FFFFE5A5FFFFFF89FF
5AFF52FFC8FFEEFFFFFFD3BFFFADFFFF
0CBCFF82FFFFE465F0A1FF51B16510FF
9B42BAD3FFD2FF8976EE54B9E8274878
FFFFCAF9FF41A4FFFFFCFFFFFF88FFFF
657AE5FFA4FFFFBCFFFFFFFFFFADFFDE
FFFF8CFFFFE952FFFFD0A8AFA8E9FFFF
FFFFFFE0BCFFFFFFFFC1FFFFFFFFFFFF
FFFFFFFF29FFFF389FE5E8FFFFFFFFFF
E9FFFFFFD04BFFFFFFFEE6FFFFFFFFFF
FFFF525A07FFC4FFFFFFF2FFFFFFFFFF
FFFFFFFFFFFFF7FFFFFFE8FF91E6FF70
FFFFDDAD6D97FFC4F5FFFF73FFFFFFFF
CCFFA97F6AFFF6FFFFFFC12A61FF4DFF
FFFF62FFFFD4FFFF50FFFFB2FFFF8576
FFFFFFFFACF8A7FFFFFFFF50D4E1B27F
FFB9A0F438FFFF81FFFFFF93FFFFFFB8
FFFFFFFFFFFF7AFFFFFFFFFFFFFF53FF
FFF6D0DCFFFFFF8AFFC8FFFFFFFFFF1B
FFFFFF1BFFFFFFB8FFFFFFFFD0FFFFFF
FFFFFFFFFFAFFFFFB5FF99FFFFFFFFFF
FFFFFFA2FCA0FFFFCBFFFFFFFFECFFFF
FFFF38FFFFFFFFFFFF88FFFFFBFF6CFF
FFFFFFFF96479CFFFF7CFFFFDDFF0000
FFFFC0FFFFFFFFFFFFFF30FFFFC5FFC2
E2FFFF8AD4FFFFFFDAFBFFFFFFFFFFC1
FFFAFFFFFFA5FFA1FFFFC0FFFFFF76A7
FFFA30C3FFFFFF67FFFFFFFFFFA474FF
42FFFFFFFF85FFE1FFFFFFFFFFFFFFFF
FF7DFFFFFFFFFFBCBAFF9EFFFFFF92CA
FFBCFFFFFFF5FFFFA8FFFFFFFFFFFFFF
FFFEFF6AFFFFC3B1FFFFFFFFFFA990FF
FFFFFFFFECFFFF0AD637F3E2FFFFE1FF
FFFFFFFFFFFFFFFFFFFFFFB2FF0FFFFF
EAE0DFFFFFFFB031F0A3FFFFA4FFFFFF
FFFFFFA3FF3DFFFFFFFFFFFFD223FFFF
FFFFFFAB94FF938BFFEF4833FF39E9FF
FFFFFFFFFFCCFF90FFFFFBFFE2FFFFFF
FFFFFFFFE6BD4AFFFFFF977FFFC9FFFF
FFA0FFAC90E9FF4164EDFF91FFFFFFFF
FFFFFFF0FFFF93C1179AFFFF2CC9CDFF
E3E8E6C9FF47FFFFFFC4FFFFD4FFFFE9
FFFF5BFFF5FFFFFFFF85FFFFFFFF77F1
FFFFFFFFD3FFCBFEFFF4DBFFFFFFFFFF
F5FF73206297FFFFFFFF506ADDFFFFDB
E7FFED2BA2FF7EFFF1FFFFCEA7FFFF7D
ACE5A3FFFFEAC29A7FFFFFFFE5FFFFB5
FFFFFAFF3554C9826CADFFFFF0FFFF80
FFF6FF35FFFFFFFF32FFFFFFFFFFFFFF
A22686FFFFFF61FFA3A583FFE2FFE1FF
8526FFE1FFFFFFFFFFC9FF80FF7AFFA1
FFDFFFB47775FFFFFFFFFFFFFFFFFFFF
FFFFFF553BF88DFF28FF45CFF4D4FFFF
FFFFFFFFFFFF94FF99FACFFFA5E0CBFF
F7FFFF93734BF1FFFFFFFFFFFFFFFFFF
FFFFFF676C4FFFFFFFFFFFB7FF7B0000
FFFF2BFFFFFF55FFFFBEFFCF6592FFAE
FFFF8CFB53FFFFDFFFFFFFFFAAFFFF6C
FFFFFFFFFFFFFF85FFF0FFFF40FF9EFF
FFDEFF32FFFFFFFFFFFFFFE1FFFFFFFF
FFFFFF9ABAFFFFFFFF8395F67AFFFFFF
FFFFFFFF5595B38EFFBC48FFFFFF59FF
FF20FFA028E2FFFFFFFFFFF5FFFF71FF
7CBAFFFFFF83FFFFFFE1FFDBFFFFFDD6
FFFF997BFEFFFFFF24FFFFF1FFA7FFFF
93FFFFFFFF57FFFFFFFFF1EEFFFF559B
FFFFB9FFFFFFFF87C2FFFFFFFFFFF678
FFBAFFFFFFFFFFFFC7BEEFFFA4B649FF
FFC6FFFFC2FFBF62FFFFFFFFFFCEF6DD
FFCDE34FFF5EFFF7F1FFFFFFFFFFDEFF
FFFFFF8AC3FFFFFFFFFFFFFFFFFFD783
7EC1858EFFFFFFFFFF95ACFFFFCAFFFF
FFFFFFFFE8FFFFFFFFFFFF59BA5FFF5E
FFFFFF6AFFDBC5FFDAFFDFFFFFFFFFB5
FFFF30FFFFFFFFFFFFFFFFE2FFEDFFA5
138AFFFFFFFFFFFFABFFFFFFFFFFFFFF
FFFFFFFFFFFFFF3DFFFFF6D3FFA6FFFF
FFFFFF4D70FF37FFBEFFFFFFE9B7FFFF
E384FFFFF5F334FFFFFFFFFFFF76C7FF
FFFFF8FFC6FFFF49FFFFFFFFFFFFFFEB
BDFFFFFFF1FFFFFFFFFFFF96FFFFFFFF
FFFFFFFFFF9BFFFFFFFFFFFF2CFFFF9E
FFCAFFFFFF4FFFFFFFFFFFFFFF16FFA3
C16C3487D1FFFF5068D5FFFF31FFC2FF
FFFFE2D1B5FFFFFFE6FF57FFFFD9FF9A
FF3BFFFFDCFFA6FFFFAC5DFCFFFFFFFF
FFFFFFBA8946FF9CDCFF95FFFFFF76FF
FF98F2F5E6D6FFFF417EFFFFFFFF0000
FFFFE6CEEAD6FEFFFFFFFFFFFFFF8DE7
FFFFF836F2FFFFFFC4FFFFFFFFCEFF9E
25AAFF84BBFFFFFFFFFFFFFFF0FF33FF
5AEAFF41FFFFFFACFFFFE10F188AB52C
A9C1FFDBFFFFAEFFFFFFFFFFFFFF5BFF
DC7DDC7396C6FF74FFFFFFBAE3FFFFFF
FFABFF7AFFFFFFFF92FFFFFFFF72FFFF
FFFFFFFFFF9EFFFFA6FFB4FFFF80FFE9
FFB1FFFFFFD129ABFFD1FFAFFFFFDCFF
FFB1FFFFBD48FFFFFFFFDAFFFFFFD6FF
FDFFE1FF9E9FCF79FFFFFFFFFFFFFFFF
FFFFFFA0FFFFF4E57FFFFF93FF9CFFFF
E9CA9FFFFFFFFFFFFFD63E756E80FFE3
FFFF728CEDFFFF4DEDFFE6FF46FFFFFF
FFFF8DEDFFFF82C0FFFFFFFFFF8AFFFF
FFFFFFFFFFFFFFFF45FFD6FFA282B6FF
B5FFFFFFE7EAFCFFFFFFFFFFFFFFCE9F
5BFFFFFFFF4EFFFFFF719F7936FFFFFF
FFFFFFFFFFBBFFFF958BFFFFFF7BFFFF
FFFFFFFFFFFFFFC6A9FFFF8EFFFFFFFF
ACFDB8FFFFFFFFF7DEFF786CE4FFFFC3
FFFFFFFFE7FFFFFF7BFAFFD31DFFD9FF
FFD6FCFF9D9741FF97FFFFFFA168B9FF
FFFFFFFFFFFFFFFDFFFFFFFF5FFFA4FF
1FFFFFB6FFFFFFFFFFE19BFFD692D2FF
FFFFFF8BFFAAD1A0FFB17CFF13CBDD78
75FFD5B3A0E5FFFFFFFFFFFFFFFFFFFF
78AAFFFFFFFF4CFFFFCCFFFFFFFFFDFF
CEFFFF6A5F98C6FFFFFFFFFFFFECFFFF
FFFFFFB5FFFF71FFFFB0D6FFE1FFFFFF
FFB0FFFFA848FF15FFFFFFE889ED68E3
FFFFDF55F6FFBCFFEEEEFFFFFFFF0000
FFFFFFFFFF75CBFFFFFFFFFFFFFFFF72
FF67FFFFFFFFFFFFFFFFA8D0DDC7FFD9
FFFF9FFFFFFF76D9FFFFFFFFFFFFFFFF
FFFFA7FFFFFE8C86FFFFFFC82183FFFF
FFFFCEFF24FFFFFFFFFFD1FFFFFFFFFF
8A8D4EFFFFFFFFFFFFDC46FFFFFFFF78
FF7FFFCBF3FF91FFFFFFA6FFFFFFFFFF
89FFFFFFFE7D7D7FFF7FFF75FFF02BFF
FFFFD05163FF75FFFFFFCCFFFFFFFFC7
FFFFFFA57DFFFF8C90FFFFFFFFFFFFFF
F1FFEFFFFFFF8DDEFFFFFF8276FFFFFF
FF78B3FFFDFFFFFFFFFFFFFFAEFFFFFF
D27BDAF2FFFFFFBBFFB4FFFFC6BDFFFF
FFF2B7FFFFFE1DFFFFFFE3FBFFFF83FF
FF9AFFFF79A69EA7FF89FF26FFAAFFFF
FFFFFFA9FFFFFFFFFFFFEAFFDFFFFFF6
A9FFFF6EFFFFFFFFFF56FFFF5EBD7AFF
FF73FFFFFFFFFFFFFFFFFFEFF6FFF6B4
FFD3FFFFFFFFFFD3AFFFFFE9FFCDBCAC
8473FFFFFFFF7FB6FEE1FFFFFFFCFFFF
FFFFFFFFFFDCE687FFFFFFFFFFFFFFFF
DFFFFFFFFFFFFFFFFFFF8748FEEEFF0C
B6FD2AFFFFFFFFB457FFFFFFFF8AFFFF
AAC6CAA4FFFF5E79FFE674ECFFFFFF3F
FFFFF6B7F0FFFFFFFFFFFFFF31D3FFFF
FF45FFFFFFFFFFFF26FFDEFF9BFFFF65
FFE874A9FF9AFFFFD4FFFFD9F9FFFFFF
FFFF75E795FF7AFFEFFFFFFCFFB8FFFF
FFFFFFCFF475FFA096FFFFFFFFFF6CFF
3BDCFFFFFFCBFFFFFFFFFFFFA77277FF
C8BCFFFFFFFFFFFFFF7189FFFFFFFFD0
D9FFFFFFFFFFFFB8CC73FFFFDDFF0000
FFFFC2D9D26C80833AFF59FFFFFFFFFF
FFFFC3FFFFFFFFFFFF10ECE9A2FFFFFE
FFFFFFC1BD16FFFFD74D5CFFB5FFF1FF
ACFFFFA9FFFFE9FFFFD0F3C34241FFFF
9BFFFFCFFFFFFF8BFFFFB5D6FFFFFFFF
825D34FFFF58A2FFFFFFFFFFCCFFFFFF
FFFFFFBDFF5DFF71853986FF899BA9FF
FFFFFFDDDF78FC8C908BFFFFFFB9FF47
FFFFFFFF92EE4BFFFFB619FFE2FFFAFF
79FFFF79CBFF46FFFF3EFF96FF3FD3FF
ACFFFFFF46FFFFFFFF7FFFFF8FFFFFFF
CC99E9FFFFFFFFFFCAFFFFFFFFFF1EFF
FFFFFFFFE2BB45FFFFFFFFFFFFFF79F6
FFF74AFFFFFF7DFFFFFFFFFF47DFB7FF
DDFFFFFFF0FFFDECFFECFFFF74FFFFDC
FF7FFFAFFFFFFFFFFFFFFFE4B3FF6449
FFFFFFFFFFFFFFFFFFFFD9FFFFF1FFFF
FFFFFFFFFFD6FFFFFFCDFFFFFFFF4EFF
FFFF87FF8398F6FFFFFFFFFFFF37FFFF
FFDE76C89EFFFF944CFFFF9FFFB28B38
FFFFFFFFFFF2FFFFFFFFFFFBE6FFFFFF
FFFFFFFFAC78C8E769FF49FFFFFFFFFF
B091FFFFFFFF7D9BABFFFFFFE389FF9F
7DFFFFFFBCFFF3FFFFFFFFFFFEFFF8DB
FFFFFFFFE548A7FFFFFFFFFFFFF4FF31
FF9979FFA1FFFFFFFFFF71AA52FFFFFF
EF6AFFFFFFCEFF8CFFFFFFFFFFE1FFA8
FFFFFFFFFFFFFFFFFFFF8DE4BBFFFFFF
7EFF8A1C739B35FECFFFFFFFFFFE1EFF
FFFFFFFFFFFF1FFFFFC5FF3FDDFFFFFF
4A9382FFADFFFF4AFFCFE89EFFFFFF52
FFFF551FFFFFFF95FF82F3ECFFD00000
FFFFFFFFF5FFFFFFFFFFE3FFE9EDF4FF
FFFFFF60FFFFFFFFBAFFFFFFFFFFFFFF
FFFFFFC633FFFFFFFFFFFFBFEFFFFFFF
FFFFFFFFFFFFFFFFFFFFFFFFFFFFFFC4
FFFFFFCF18FFFFFFFFFFFFFFFF3AFFFF
F2BC984488FFFFFFB0FFF4FFFFFFFFF0
FFFF47FFC691FFFF53A0FFFFFFFED6FF
FFFFFFFFFFCEFFFFD0FFFFFF27BFCAFF
FFFFFFFFFFFFFFFF7CD6FFFFFFFF4EFF
FFA0FFFFFFFF7DFFFFE6FFFFFFFFFF21
FFFFFFEDB6FFFFFFFFFFFFFFA3EB99B2
80FFFFFFFF5E6BF7FFFFFFFFFFB1FFFF
68F7FFFFDE59FFFFFFFFFFFFFFFFF5F4
AFAFFFD3C6FFFF47FFFF28FFFFDF8886
FFFFFFA5FFECFFFFA2FF7EFFFFFEFFFF
FFA3FFE9FFFFFFE1FFFF6650454E2262
FFFFFF74FFFFFFFFFFFFFFFFFF83FFFF
FFC894FFFFFFFFC5FFFFCDFFFFFFD2FF
FFFF92FFFFFFD7FF84FFFFCFD8EDFFFF
9EE6772EFFFFCCFFFFFF94FFFF6774BA
FBFFFFFF2DFFCC7AFFD6FFFF927EFFFF
FF9EFF24FFFFFFFFFFFFFFFF6AFFFFFF
F6FFFFAFDAFFFD07A0EDFFFF7DFFFF3F
8BFFFFFFE5FFFF86FFF2F4FFFFFFB06B
C2FFFFFFFFFFFFFFFFA8FFFF93ECCBCC
FFFFF9FFFAFFA7FFB098DCFF8DFFFFFF
F4FF95E4E5D5FFFFFFFFFFFFFFDF57E1
C6FFFFFFFFFFFFFFD362A65BFFDB6089
5AFFFFFFFF9BFFFFFFA4FF15FFFF7F28
A7FF6AFFFFB8FFFFFFFFFF94F8FFFFFF
55F1FF1FFFFFFFEBF67DFFFFFFFFFFEF
FFEDFFFFCFFFFF82CCCAFF809A430000
60DDA0743BFF79BDFFD1FFFFFFFFFFFF
FFFFFFFFFFFFFFFFFFD6FFFFD9FF7FAE
50FFFE69FFFFFFFF95FFFFFFFF917FFF
FFFFFFFFE4E5C85CDAFFFFFFFFFFFFFF
82FFBFFFA5FFFFFFFFFFFFFF3FF544C4
CDFF91FFFFA5FF4FFF76FFFFFFFFFFFF
DCFFFFFFFFFFFFFF4949FFFFFF3E38FF
F172FFBBEAEFFFFFC93FF7B284A3FF90
FFCDBDFC51A4D4FFADFFFFFF65FFFFFF
FFFFFFFF12FFFFD3FF23FFAE637284FF
5DFFFFFFD4FFFFFFF6FFA475775D7BFF
FFFFFFFFFFFFFFFFFFFFFFFFFFA9FFFF
FFFFFFFFCAFFFFFFFFFFFFFFFFFFFFFF
9371FFD5B3FFFFFFD9FFFFFFFFFF239B
FFFFAFFFFFFF85FFFFB5FF26FFDDFEA2
FFFFFFFFFFFFCFEF35FFFFB8782E8F4B
FFFFDCFFEAFFFFF9FFA2FFFFFFFFFFFF
C0FFFFFFFFFFE9FFFFFFFFFFFFFFFFFF
FFFFC1FFFFEBFFB0DBFFFFFFFFFFFFFF
FFD786C3FF8AFFFFFFF9C8FFFFFFD3E7
FF2FFFFFFF6FFBFFFFFFFF52FF95FFFF
FFCA3EFFCDF5FF8CFFFFFFFC7BF9FF7D
FF5FFFFBE8CFFF57FFABFF95FFFFE5A3
C2FFFFFF23A97391FFFF57FFFF9DFDFF
4CFF4C5079FFFFFFFFFFFFD7D5FFFFFF
FFFFFFFF9BFFB0A0FFFFEDFFFFFFFFFF
FFFF5E6F92B2FFA3FFFFFFC662FFFFE2
BD2CFFFFFFFFFFFFFFFFFFFFCCFFFFB6
2DFF6680A4F4FFFFFFFFFFFFFFFF9925
FFF8AAFFFF5AFFFF6CFFA6D0DA71A679
FFFFFFFFFF12FF85FFFFFFFFFFFF30FF
FF6AFFFFC5B1C2FFFFFFFFFFFFFF0000
FFFFFFFFFFA3FFFFFF7F555F49CAFFFF
FFFFFFD2FFBBFFFFFF6EFFFFFFFFA073
FFD52EECFFA34FFF7CFFFF8DFF80D8FF
FFFFFFFFF0BDFFFF85FFFFFBFF95FFFF
FFFF4AFFFFFFFFFFF7FFFFFFFFFFFFFF
FFFF38FFFFFF59FFFFFFFFFFFFFFFFFF
60FFFFFFFFE4DEFFC8DDDBFFFF81FFE3
6B12E7FFFFFF88FF4EFFFB76D3FFFF96
FFFFFFFFFFB8FFFFFFFF8284FFFFFFFF
FFFFFFFF4EFFFFDAFFFFFEC094FFFFFF
FFFF5EFFFFFFFFFFFFFFF2FFAFB4FFFF
FFFFFFC782FBFFFFEEFFFFFFFFAFE046
C3FFB7FFFFFFFFFFFFFFBCFFFFE7FFFF
FFFFFFF2E2FFFF57FFFFFFDEFFFF82FF
FFFFFFFFFF8DF4FFFFDEEAFFFF24FFCD
FFFFFF10F7B00FFFFFFF94FF4184B4FF
D9B0FF41FFF5FFFFFFFFFFFFFFFF8CD0
FFFFD9FFFFB9DAFFFFFFFFA448FFFFFF
F0DE6BFFA779FFFF94FFB0FF67FFFFF5
D6FFDEFFFBFFFFFFFFFFFFFFFFFFFF59
FFF9A6DAFFFFFFFF34FFE4ACFFFFFFCF
D9A89DFEFFFFFF75F2FFFFFFFFFFFFFF
FFFFB7CBACCBFFEFFFFFFFF2FFFFFF79
FFFF94FF71FFFCFFFFD1FFFFFFFFA482
978B3AFFFFFFFF78FFFFFF62FF69FFFF
FFFFB69BFFF3FF5CFFFFFF2FFFFFFFA8
FFFCFFFFFFABFFFFFFFFFFFFFF29FFFF
FFFFFFFFFFFFFFF2FFFFFFFEA8FF98FF
FFFFFFD0DBABEEFFFFFFFFFFFFFF54FF
FFFFFF8EFF2DFFFFFFFFFFFF23D3FF7C
91FFF599FFFFFFC45CAFFF92FFFFFFFF
FFFF7726FFE9ADFF76FFCDFFD1C40000
FF83DBFFFFFFBD3C0B6985FFF0FFFFFF
FF51FFFFFF1FC6FFEFFFFFF5FF9CD227
FFFF3DFFFFFFCD84516EFFFF86FFFFFF
FFFFD1FF48FDFFFF99FF0EFFE9FFFFE2
FFFFFFFF46FFFFFF51FFFFA361FFFFFF
FFFFFFFFFFFFFFFFFF36FFFFFFFFFFFF
98CEFF93E6D3FFFFFFD26DB7EBFFFFFF
FFFF84FFFFA3FFFFE1FFFFBFFFFFFFA8
FFFFFF7FFFFFFFFFFFFFD58181FFFFFF
E794FFE98FFFFFA8FF81318C5DFFFFFF
FFFFFFDAFFBCFFFF97FFFF2BFFFFFF4E
FF88FFFFFFE3D5FFFFFF2FFFD7B8BFFF
5FFFFFFFFFFFFFFF69FF99FFFF9AFFFF
FFB1C49DFFADFFFFFFFFD9FFFFFFFFFF
FFFFFFFABD7E29FFFFFF9AFFEAFFF976
FFFFFFE3FFACFFFFFFD0FFE685FFDCFF
FFFFFFFFFFFF91FFFFC7A83CFFFFE1FF
FFFFFFFF65A185FFFFFFFFFFFFFFFFFF
FFFFFFD5FFEBFF49FFFFFFFFFF7BFFDC
FF16F0FFFFFFFFFFFFBCFF62E4C8FF79
FFF3A22CFFFCFFF2FFFFFFFFFFFFFFFF
FFA27562E6CCFFC4FFFF78FFFFFF67FF
FFFAFFBED0FFCBFF90E6FFFFFFFFFF9D
A8FFFAFFBB9B5AFFFFFFC5FFFFFFFFFF
324FFFFFFFFFFFFFFFF6FFFF88FFFFF5
4EFFFFFFFF76FFFFFFFFFFFFFFFFFFFF
FFFFFF2BA3D1B1FFFFFFFFFFFFE995EF
FFFF31FF44FFFFFFFFFF82FFFFFFDAFF
FBFFFF8EBDFFAC93FFFFE7C14EFFFEFF
BEFFFF16FF52FFFFFFFFFFFFB581FFFF
5C2FFFA025E1FFFFFFFFF3FFFFFFFF78
FF9722FFFFFFFFFFFFFFD6FFBAFF0000
FFFFFFFFD1FFFFFFDFA4C7FFA3FFEBFF
35FFFF97768C7CC8A9FF7DFFFF9CFF67
FF82FFFFC5FFFFFF33ECE9FFFFFFFFFD
FFE2FFFF48FFFFA8FFFFFFFFFFFFD2FF
B6FFD0FFFFFF41FFFFFFFFFFFFFF8EFF
FFFFB8BDFFFF56FF51FFFFDCFFAAFFFF
FF2DFFFFFFFFFFF2FF367FD4FFC4FFFF
FFD2FFFFFEFF6AFFFFFF92FFACFFE1FF
FFFFFF8468FFCEFFFFFFFFFFFFE765FF
AE97B2FFFFD7FFFFA2FFCEA5FFFFFFFF
FFFF8845D7FFFFFFDC95FFFBBBD58DD9
B0FFFF19FF66D0FFC5FFF0FF6FFFCFD1
FF90FF6F73E2FFFFFFFF5BFF72FFFFD7
FFFFFFFFFFC1FFFFFFFFFFFFFFC4FF40
FFFFFF60FF74A0FF79FFFF50FFFF36A2
D4FFEEDCFFFFFFFFFFFFFFFF588AFFFF
FFFFFFFFFFFFF6FFFEFF638AE6FFD8FF
A6FF54FFFFFF49FFFFFFCE95FCFFFFFF
FFFFFFFFFF73FF8B237A6EFFFFF9FFFF
27FFFFFFFFFF966EFFFFFFFFFFFFFFFF
FF8AEEF8FFFFFFFFFFFFFF3BFFFF85FF
FFFFD5FFE5FF53FFFFFFFFFFFFFFFFFF
FFFFFFFFC19FD6FFFFFFFF29FFFFFFAD
FFFFFFFFFFFFEC8CFFADF5FFFFFFFFDA
FFFFFFFFFF5A3FFF8EFFFFFFFF6EFFFF
F92AFFFFFFFFFFFFFFEEFF86FFFFFFFF
FFFFFFC9DA6A6AFF93FF6CF9FFFFB7FF
FFFFFF95FFFFC2FFFFFFFFFFFFFFFF9D
FFFF30ECFFFFC4A2D8FFA9B7FFAFFFF6
DFFFFFFFFFFF8EBFFFFFFFBCE0F279C1
EFFFA5F8FFFFDDFFBFFFFFFFFFFFFFFF
FFFFA4EAFF14FF64FFFF4DFFDD610000
FFCB4DFFD2FF71FFFFFFB7FFD1FFFF44
FFFFF87D7FE1AC98BDB7E9FFAA5BFF23
FFFFFFBCCDFFFFFFB0FFD2FF9AFFC8AC
FFEFFFFFFF59FFC89183C0FFFFFFFFE9
FFFFFFD6B3FFF6FFFFFFFFFFFBFFFFFF
AF96C0FFFFFFFFCBFF5B6FFFFFBEFFFF
FF3B742454FFFFC5FFC1FFFFFFFFFF5A
FFFFFFFFFFFFFF67FFFFFFFFFFFFFF65
CB3C8765B3B934C8DDFFFFFFFFFFFFFF
7BC27FCFFF9C39FFFFFFFF4EFFFFFF3A
20FFF5C9D3AEFFFFFFFFF74DFFFF2972
C8FFFFFF746EFFFFFFFFFFFFFFFFFFFF
BBD6FFFF5BFFCFFFF1FFFFFFFFFFFFFA
FFFFE8FFA1F6FFF7FFB0FF87A9FF4BFF
29A4FFFFFF2EFFFFFFFFFFFFFFFFFFFF
FFFFFFFFEF99FFFFFFFFCDFFCAFFE468
3BFFDCA1FFF0FFE7D49F4DFFFF9CCEAB
FFFFFFFFFFFFD7FFFAFFFFC74FB0C89A
FFFFFFFFFFE5FFD3FFFFFFFFFFFFBF61
FFFF7DFFFFFFCFFFB3FFFFD6FFE9FF7A
E6FFFFFFFFD2FFFFFFFFFF6ACDFFE3FF
FFFF72FF2AFF67FFFFFFFFFF9621D2FF
FF83FFFF2DFFFFBD51FFFFFFFFFFF428
D6FFFF7289FFAAFF6A8A9078FFFFE3B6
D9F5FFFFFFFFFFB7A9FF0CF626A3A9FF
FFFFFFFF78E5A7FF89FF8EFFFFC2FFFF
FFFFE5FFD597D2FFFFFBFF9AFFFF2984
8085FF58FFDAFFF7FFFFFFFFB9FFFFC4
FFFFB1FFACFFFFFFE4FAFFFFABFFFFE2
FFFFFFFFB2BDFFFFFFFFFFDCFFEFFFFF
FFFFFF3EBFFFFFFF2EFFFFFFFFFFD8FF
D0E87D33E03BFFFFF5FFFF7CFFFF0000
FFFFECFFFFFFFFFFFF33FFFFFFFFFF5B
FFB7FFFFFF739F9CA0FFFFFFD3FFFFFF
DDFFFFFFFFFFFFFFFFBAFFFFFF8AD182
D4FFFF8FFFFFBBFFFFFFFFF5FF93FFFF
FFF841FFFFFFFFFFFFFFFFFF60FFACA6
FF75B9C4DFFF43FFFFFF7A66FFA2FF85
FFFFFCE2CCD2FF78FFFFFFFDFFFF9AFF
B4FFFFFFFFFF76FFFFFFFFFFFFFF7AFF
CFCD978DFF16BAD89FBAFF72FFFFFFFF
FFFFFF94FFFFFFACFF5FFF7EFFAEFFDB
FFB3FFFFFFE9FFFFFFFFFFFF0CFF50FF
FF92FFFFFF51FFC4FFE3A2FFFFFFFFB3
FFFFFFF7FFFFFF3A77CBFFFFFFFFFFD7
FF5DFFBAFFFFFFFFFFEAFFFFFFFFCAFF
FDFFFFFFD3FF89FFFFFFFFFFFFFFE631
47FFFFFFFFE325FF8A98FFFFFFFF2C3C
FFFFFFFFFFFFFFFFD5FFFF86FF3AFFFF
FFFFFFFFFFFFFFFFBDFFFFFFDDFFFFFF
FFFFFFAAFFE6C29C985F60FFE3FFFFFF
3C52FF42FFB9FFFF6DAC226ABBBFFFFF
FFFFFFDB7CFFFFBE31FFFFFFB8FFFFE7
FFFFFFFFFFFF4C92FFFFFFF6B9FACCFF
FFFF5BFFFF932CFFA46CFFFFFF67DA77
FFDAFFF2FFFFC0FFFFFFFFFFFF6EFFF0
FFFDFFFFFF92FF8E95FF5671FF91533F
FFFFFFFFFFF8CCFFF0CCFFFFFFFFFFFF
FDFFFDFFF290996EFDFF75FFFFFFFFFF
FFFFFFC8FFFFFFFFE3FFFFFFFF5FFF78
FF98FFC2FFFF30FFFFFFFFFFFFE189FF
ADFFFFFFC2CD5BDFBC438FC9FFFFFFF2
4899A49BFFFF64FFFFFFFFFFEDFF8BBE
FF69ADABFFFFFFC2FFFF60ECDD0B0000
FFFFFFFFFFFF5FFFFFFFFFFBFFFFAAA5
63FF2EFFDAFF80FFFFFFFFA7FF2AFFFF
FFFFFFFFD0FFFFFF6794EC2DFF6A99FF
FFFFF67AFFFFB7C3F2FFFFFFFFFFFFEC
FFFFFFFFFFFFDCE86CF3FFF2FFDAFFFF
3ED0FFA6FFFFCDFFFFFFFF302FFFFFFF
FBFFFFFFFF6EFFFFFFA3FFFFB7FFFF99
EBF65EBFFFCAFFFFFF73FFFF8EFF8BFF
81C7FFDCFF93F8E8FFFF68FFFFFFFFFF
FFFFFFFFFF58F6FFFFFFFF3777AAFEFF
FFFFFFFFFFFFFFFFFFFFFFFFFFECFFFF
FFFFFFFFFF65FFFFFFFFFF88FFFF4FFF
D1FFFF31FF7BFFFF76FFFFFFFFFFE635
BCFFB0FFFFFFBFFFFFFFFFFFFFBA4C9E
FFFFFFEED0A0FFFFFFFFCCFFFFFFFFFF
E8FFFFFFFFA36BFFFFFFE3FFFFFFA8C3
FF5DFFFFFFFF49FFFFFFFFE326FFFFFF
FFFFFFFFFFFFFFFFFFB7FFFFE3FFFFC5
E5FFFFFF3548F3F1792E6DC59DEAFFFF
4CFFFFD0FF9063FFFFED92A6377182FF
FFFFFFFF69FFFF41FFFFFFFFFFFFFFAD
DBF6FF6B5DFFFFFFFFFFFFFFB1FFFFFF
85FFFFFFFF4DFFFFBFB0FF9BFFFFFF4E
FFFFFFE1FF90FF78FFFFE99FFFFFFFFF
FFFFFFFFD2FFFF3A30FFBE64FFFFFFB9
E917ADFFFFFFFFFF7BEFFFFFFFD0A8FF
60E5FFFFFF898DFDFFFFFFFFFF4AFFFF
FAE732FF68FFFFFF20FFCEFFA2D97A71
FFFFEAD0C3FFFFFFF1FFFCFFFFFFFFFF
FFFF9CDCFFFFFFFFFFFFFFFFFFFFFFFF
FF7846F1DF15B4FFFFFFFFFFDB7ABBCC
FF52FE369687EFFFADFFFFC2FFFF0000
78FFFF94FFFFFFFFFFFFFFFFFFFFEFFB
A4A9FFFFBAFF8EFFD1FFFFFFFFEC35FF
FFEDFFFFFFFFFFFFFFFFFFFFFFFF3BFF
0A7FFFFF65FF37FFFFFF26FFFFFFFFFF
FFDA7FFFFFFF4176B152FFFFFFFFFFF2
FFFFFFFFFF75BDAB63FFFFFFFFFFFFB1
FFFFFF596AFFFFFFFFFFFF73FFFFFFFF
FFA8FFDD976FB1994FE4DBFFFFFFFFFF
FFFFFFA9FF8A8FFF61FF9396FF562486
E3FFFFA0FFFFCEFFFFFFFFFFFFFFFFFF
B5FFFFFFB8FFFFFFFFFFEBCBEBFFFFFF
C4CF7CA5FF99FFFFDF86FFFFFF6EFFFF
FFFFFF79FFFFFFFFFFFF89FFE4FFF90D
DCFFFFA2FFBEFFFFFFFFFFFF8EFFFFFF
9B19FFFFFFFFD7FFFFFAFFFFFFFFFFFF
18C9DCFFFF9CFFFFFF4B60C0FFFFFFFF
DDBCFF45FFD2FFFFDFFF70FFFFFFFFFF
FFB9FFFF9B65C9AF7F7CFFD8FFFFFFFF
6DFFFFFFFFF2CD7851D8FFFF9A1F24FF
4AFFFFF8FF7FFFFFFFFFF6FF3FFFFFFF
A1FFFFFFFFFFFF50FFFFFFFFFFFFFFFF
D21990FFFFFFFFFF66FF49FFFFE698FF
F4FF2F4B70FFFF42FFFFFF3CFF0FFF88
FF65FFFFFFEFFFE9E380C388FFFFFFFF
FFFFFFFF69FFFFFFFFC5DEB5BEFF7EC8
72CFFFD8FFFFFFFF799CFFFFFFB757F8
B7B7FFE5FFFFFFFFFFFFFFFF4CD7FFFF
FFFFD5FFCEFFFFFFF1FFC4FFFF785BFF
ABFFFF852B4FFFFFFFFFFFFFFFFFFFFF
FFFFFFFFFFD2FFFF8495FFFFD3FFF2FF
C7D4FFFF46FFFF75FFFF44D3EB83C6FF
FFC0FF97FFFFFFDEEBFFF1FF51CD0000
FFFFFFFFCC7DFFFFC0FF45FFFFFFFFEF
27A5FFFFFFA5E8CCB4B6FF59CBFFFFE7
ECFFFFFFFFFFFFFFC5DFFF42FFFFD296
FFFFFFFFFF9FFFFFD2FFFFECFF9DB8FF
FFFF18F4EAFFFF53FFFFFFFF2C71FFFF
F0FFDFFFFFFFFFFFADFFFF75FFFF66FF
A3FFFFBFFFFF79FFCFFFFFFFFF7EFFF6
9CFFFFFFFFFFFF72FFFF95FFFFFFFFFF
AEFFCAFFF6FFD4FFA0FFFF43FFF1B5F4
FFFFFFFF40FFFFBAFFECFF4DA1C7FFFF
FFFF4CFFFFFFFFFFFFFFA1FFFFA3FFFF
FFFFF998B5FFC9FFFFA5ACADFFFFF4FF
A4FFFF66BF87FDFFFFFFFFFFFFFF75CF
B8E6FFFFFFFF5BBFFFFFFFC2FFFFFF97
98976FFFC6C4FF8CD86298FFA4FFAEFF
CBB7FFFFFFFFFFFFFFFFFFFFFF94FFDB
FFFFFFFFFFFF91ECA0FFFFFFFFC9FFF0
FFFFFF52FFFFFFFFA573D7FFFFFFC3FF
B5FF8B6A98FFFFFF83E4FFFFFFFFA7FF
1096FFFFFFFFA4FFFFFFD9ACFFFFFFFF
FF99FFFFFFB662BEFFFFFFFFFFFFFFD4
F7FFA94FFFD1FFFFFFFFBFFFACFFFF83
FF30FFFFFFFFDCA3FFFFFFFFFFFFA497
FFFFFFFFEBDA588CFFF8BDDDFFFFFFD6
FFFFE2FFB6FF86FFFFFFFFFFFFD4FFFF
FFFFF29CCEFFFFFFA39FFFFF86FFFFFF
FFFFFFFFFF5BFF9AFFFFD0FFFFFF3F86
FFFFFFFFFFFF33FFFFA9A0EFFF8C7BFF
FFFFFFFF6A52FFFFAF59FFFF7A615FFF
FF2FFFFBFFFF9EFFFFFFFFFFFFFEADE7
617CFFFFB6FFCEFFFFFFFFFFE2FF49FF
FF7FFFFFFFFFFFFFFFBFFFB3FFFF0000
65EBE577AD8BFFFF44FFFFFFFF5BFFFF
FF84A582FFFFFFFFFFE4FF92FFFFFFFF
E7FFFFC2FFFFFFF0FFFFFFFFFFF1FFFF
A6FF7244FFC3FFFFFFFFFFFFFFFFA1FF
FF3BFFD7FFFF9FFF58FFFFFFFFFFFFA9
FFFFFF4331FFFBFFFFFCFFFFFFFF84FF
FFD030E1FFFFFFFF619BFFEBFFFFFFFF
89FFC650FFFFE9FFFFFF5DFFFFFFFF86
BFFFFFFFFFFFE1FFFF10FFFFFFFFFFF1
FFFFD060FFFFFFFFFFFFFFFFFFFF5196
FFCCFF6DFFFFFFFFFFFFFFFFBF7BFFFF
FFBFFFFFFFFFFF32FFB5FFFFFFCEC5FF
FFFF537BFFFFFFFFFF4EFF41FFA8BAFF
FFFFFFDCFFFFFF8EFFFFFFFF6AFFFFE3
FFFFFFFF8F48B5FFFFFF9471A3FF84FF
8FCDFFFFFFFFFFFF3CFFFF9FB9FFA191
FFFFFF9CFFFFFFFFFF65FFFFFFFFFFFF
8C82F63AFFFFFFFFB07AFFFFFFFF90FF
FFFFFFFFFFFFFFFFB3FFEFFFFFFFEAFF
FFFFFFFFFFFFFFFFAEFF90FFFFFFFFFF
62C3C2F6FFFFFFFFFFFFA6FFFFFFFFFF
FFFFE35BFFFFFFFF02C5FFFFBAFFFFB2
F6FFFFDDFF8FFFFFFFFFFFFF7895B2FF
FFFFFFFFFF4E9676FFFFFFFFFFFFFF6D
84FFFFFFFFFFFFD4FFFFFFFFFFFFFFFF
BBFFFFFFFFB6F842FFFFFFFFFFFF20EE
1DF6BAB8FFFFFFFFFFFFFFFFFFFF49FF
FF78FFFFC579FF50C6FFFFFFFFFFFFFF
FFFFFFFFE7FFCBFFFFFF9EE9FFFFFFFF
FAD8FFFFFFFF9335FF59FFFFFFFFFFFF
5AC29FE4EDFF5788B3EEFFFFFFFFB3FF
6FFFFFFFFFFFFFFFFF857697FF870000
FFFFF879FFD6FF9BFF94FFFFFFFFACFF
FFEFFFFFFFA5FFFFFFFFFF5DABD397FF
FFFFCE74FFFFFBFFFFFFFFB5FFFFFF70
FFFFFFFFFFF2FFFF75FFFFFFFF96B4DE
93FFFFF0FFB3FBB1FFB6FFFFFFFFFFFF
F7FFFFFF4CFFFAFFFFFFFFFFFFA2D6FF
C69787FFFF75FFFF29A5DFB5AF51A4FF
FFFFFFFFFFFFFFFF23FF9AFFFFFFFFFF
FFABFFFFFFFF81FF88FF8694FFFFBCFF
EAFFFF5FFFFFFFF6D1FF2363FFFFFFFF
7EFFFFFEFFFFFF59AFCEFF8CFFF3613C
51FFFDFAFFFFFFFFFFDBFF40ABAE7CFF
FFFFFFE1CBDC9AFFFFFFFFFFAFACC2FF
E4ADFFFFFF87B0FFA5FFFFFFFFD2FFF4
FFFFFFFFFFEDFFFFFFFF68E8D730FFFF
9FC3E0FF7EBE72FFFFE2AFE2FF6071FF
FFFF61FFFFFF9EFFFFB3FFFFC685FFFF
E0C425FFFFFFFFDDFFD1FFCDFFFFFFFF
FFB554B9BAFFDCFFFFFFFFFFFABC3CE4
4BFF97FFFFC4FFFFFFFFFFAAFFE375FF
FFE983C3284AFF9AFFFF8DFFFF17FFFF
958E6C4CDF5BFFFFFFFFFAFFFF64FFFF
44322DFF3CE2FFFFFF4EFFE9FFFFC7FF
FFFFFFEEFA89DA97FFFFFDFFFFFFFFE8
FFFFA0FFFFE6FFFFFFFFFF63FFFFFF9F
FFFFFFFFFF8470FF67FFFFFFFFFFFFFF
FFFF9DBAFFFFD8FFFFFFFFFFFFFFFFFF
FFE0FFFFFFFF9CC18FFFFFFF6CFFFFFF
FFFFFFFFB6FFFFFFFFFFD0B62D7FB2FF
47A3FFFFFF3FFFFFAFFFFF76FFFF9DFF
FED7FFDDBA9CFFFFFFD0FFD7FFFFFF7F
BB91FF37FFFF78DAFFFFFFFFFFD10000
FFFFFF43DBFFFFCD72FFF8FFFFFF72FF
FF62FFF1FFFFFFFFFFEFFF8DFFD895FF
FFFFFFE652FFB2FFFFFFFFFFFC689054
FFFFFFFFFFFFFF2CFFFF8EFFF5BFFFFF
FFBDFF02FF76FFE3FFFFFFFFFFFFFFFF
B6FF3FFFFFFF26FFFFFFFFFFE7FFFFFF
E846F5FFFFE853FFF2FFFFFF3AAAA5FF
FFFFFFFFFF5BFFFFFFFFB2FFFF3EFFFF
FFFFFFFF93FFFFFFFFFFFFFFFFFFA8FF
FFFFC4FFFBFFFFFFFFD381B285E8FFBB
B2FFFFFFFF324F976648FFFFFFC37A65
FFFFFFFFFFFFFFFFFF73AEFFFF8D9AFF
FFBFFFFFA8AB2DFFCCFFFFFFFF53FFFF
C1FFFFFFFFFFFFFFF49EFFFFFF5A91FF
FFAEFFFFFFDEFFDDFFFFA3FF7EFF4A34
FFFFFFFFFFC75FE63BFFFFFFFFFFC2FF
9EFF83C4FF82FFFFFF76FFF09EE464FF
1AFFFFFFFFFFFF46BD75FFFFFFFFFF3D
FF15FFFFFF74FFFF82FFC8FFFFFF7BDD
FFDDFF45FFF7C4D2FFDBFFFFFFFFFFFF
FFFFFFFF9CFDFFFFFFCAFFFFFFC3FFFF
A76971D107FFFFFFFFC7FFFF46FFFFFF
94FFFFFFFFFFFFFFFFB8FFE2FFBB70FF
FFFFFFFF64B8FEE465FFFFFFFFEFDAFF
FFFFFF7090A8FF52FFFFFFF1FFA3FFFF
FFCC90FFFFC983A2FF6365BAFFFFFFFF
FFFFFFFF9FFFFFFFE294FF32FFFFFFFB
FFAAFFFFC7DA82C3A57415FFFFFFFFFF
FFFFD0FFFFFFFFFFFFFFFCFFAC91BEFF
FFFFFFFFFFFFFFFFFFFFF7FFCDFFFFFF
FFFFFFFFF3FFFFFFFFE4A8FFFFFFFFFF
FFE7FFFFB7FFFFFDFF4AFF41F0C10000
9C4FFFD4E88AC2FFFFFF79D87EFF3BFF
FFFFFFF3FFFFFF895199FF5DFFFFFFFF
B7EDFBE8FFFFFFFF8CC5FFFFFFCCACFA
FFFFFFFFFFE5FFFFB6FFFF91FFFFADFF
FFFFFEFFFF87FFC9FFFF9DFFBAFFFFFF
FFFFFFFFEDFF7D981DFFDEFFD4FFFFFF
FFA5FFFFFFFFFFFFFFFF99FFFF9E957E
FFFFFFA5B3FFFFFF8BFFFFFF9DFFFFFF
FFFFFF9E58FFFFBAB48CACFF7AD2FFFF
FFFFFFFFD9FF7CD6FFFFFF8BAA41FFFF
73FFFFFFFFFFFFFFFFFFFF95FFFFD833
FFFFFF2BFFFFFFFF9AFFB2FFF9225DEB
D9FFFFFFE2EF2AFFFFFF25FFFF2DFFFF
DEA6FFFFFFFFFFFFFFA18CFFFFFFFFFF
FFFFFFDAFFFFFFFF6A76FFFFDEFFFFFF
FFFFFFFFFF9DEFD7FFBCFFFFFFFFFFFF
AFFF9E98FFFFFFFFFFFFFFFFDAFFB2FF
1BFFFFFF30FFFFC28CFFE5FFEDFFFF6E
FFFFFFFFFFFFFFFFFFFFFFFFFFFFEE7A
FFFFFFFFFF9AFD75FFFFBDC4FFFFB2FF
FFFFFFDBFF9CFFF8FFFFAFFFFFB0FFFF
FFDDFFFFFFFFFFFFFFFFF7BF14BC5CFF
FFFFFFFFFFFFFFE151A457AF9EF0FFFF
FFC19BE98DBB90FF51FF9DFFFFAC5EFF
FFFFFF8EC1FFFFFFFFACA0FF65FFFFFF
FFE2D4DAFF20FFFFFFFF6F8C63C8ECFF
FF92FFFAFFFFDEF5FFFFFFB7FFB5FFFF
FF7EFFFFFF8EFFC4FFFFFFCEFFFFFF97
FFADFF82FFFFFF42FF51FFFFFFFFFF73
FF3398FFD4FFFFFFFFFFFFFFFFFFFFFF
4397FFD96DFFFFFFFFFFFF18F2FFFFFF
92FFFFE0B37AFF83FFADFF48FFE10000
B75A82FFFFFFFFCEFFFFFF75FFFFC4FF
FFFFFFFFFFFFFF61405DC3FFFFF6FFD4
FFFFDCFFFDFF7CFFFFFFFF40FF60FFFF
6F3D81FFFFFFFFFFFFBAFFFF3DFFDCFF
88FFFFFFFFA3FFFF78DCB7FFF9FFC5FF
51F7FFFFE8FFFFFFD3CFFF95FFFFFFFF
CD879DFFFF5A94FF9CFFFFFFA2FFFFFF
FFFFFFA2FFFFB1FFFFFFFFFFFF95FFFF
FFDB9CFFFFFFCFFFFFFFFFFFC2FFFFF8
FFBCFFFD99FF9CF8FFFFD08E98D1FFFF
43FFC5FFFFFFFFFFFFFFFFFFFFFDCC16
FFFFFF6DFFFFFFD4FF92FF5FFFFFFFFF
FFFFEFFFC492FFFFFFFF91FFFF7685FF
7DFFFFFFCCA6FFFFFFFFFDFFFFFFFFCB
BAFF5704FFFFFFFFFFFFFFFFFFFFFFFF
FFFFFFFFF4FFFF51FFB6FFAAFFE3FFFF
79FF78D6ECFF6FFFFFFF5FFFFBFF18FF
EA35FFCEFFFFEBFFFFFFFFFF16FFE74F
FFFFFF77D8FFFFFFFFFFFFFFFFF7FFFD
FFFFFFBBFFFFFF8FFF48FF72B5FFFFFF
FFFFFFE2F69CFFFFFFFFFFFF2BFF3FFF
FFFFFFEFFFFFFFA9EEC4FFFFFFE54FFF
FFFFFFFF60FFFFFFAEFFFFC5FFB6B9FF
FF2B63FFFF987CFF78FFFF83FFFFFFFF
E3FFFFFF84FFFFFFF8FFFF69FFD3FFFF
FFFFFFFBFFFFB0FFFF51FFFFFFFFFFFF
6392289BFF7FFFFFA2FFF9FFFFFF6DFF
CCFFFFFFEDFFBAFFFBFFFF7DFFFFC5FF
FFFFFFE5D7FF33FFFF8FFFFF7BD440FF
FF246CFFFFFF6CFFFF61FFFFFFFFFFFF
FFFFFFFFFFFFFFFFFFE0FF79FFFFFFFF
F9FF35FFFFFFFFFFFFFFFF96FF580000
FFFFFFFFFFFFFFFFFFFFA4FF4EFFFFFF
66FFFFA6FFF1FFFFBEFFFFFF82E7FF07
3C6697FFFFFFFFFFFFFFFFF2FF84FFFF
FFFFFFFFDBFFF37CFFFFFFD5C6FF62FF
FF9EE2FFFFFF82FF02FFFFFFECA7FFF7
FFFFFFFFCAFFF5C4FFFFF7FFFF81FF9A
439CFFB1FFFFFF4FFFFFFF49FFFFAEFF
FFFFFF66FF2DFFFFFFFFFFFFFFFFD7A1
C7D7FFFFE8FFFF824DFFFF4CFFFF6FE6
FFFFFFFFA2FF54A158A1FF2CFFFFFFFF
FFFFFFFAFFFFFF94A3EBFFFFFFA5FFFF
FFFFFFC63AB8A4AEA326FFB0C1F34BE3
6FC2D0FF54FFBDFFFFFFDCFFFF9745FF
FFECFFB4FFFFF9FFFFFFFFECFFFFBAE8
F8ABFF5CFFE5FFFFFFFF92FFFFFFFFFF
C3FFFFFFFFC447FFFFFFFFFFFFFFFFFF
FFAEFFFFCDFFFF1DBF7AFF9D88FFFFFF
97FFFFFF59FF9FFFC7FFFFFFDDFFCE49
FFFFFFFFC9FF69FFFFFFFFD4FFF4FFFF
0CFFC0FFFFFDB5FFC7FF64FFE599AFFF
FF3BFF873CDCFFFFFF73FF78BFFFFFFF
FFDDFF48FFFFFFFFFFFFFFA9FFFFC9FF
67FFD827FFFFE5FFFFFFFFC2FFC0A2FF
FF864DF93A95FFC2FFFFFFFF85FFFFFF
FFFFFFFFFFECFFA1FFDDFFFFFFFFFFFF
FFFFFFFFFFFFFFFFFFFFFFFFFFA3E979
D3FFFF0EFF77FFFFFFFFFFFFABFFFFFF
FFFFFF86FFFFFDFFD3BEB1F2A2FFABFF
F2FFFFFFFFFFFF24726EFFFFD1FFFF9A
52F999B3FFFFFFFFFFFFDFFF91FF3AFF
FFFFFFFFFF4EFFFFCE8AFFFFFF7B71DF
CBFFFFFF68FFFFFFFFFEFF4375D80000
DBFFFF8FFFFF42FF5EB0E4FF63FFFFFF
FFFFFFFFFFFFFFFFFFFFFFFFFFFFFFFF
FFFFFFFFAAFFF7FFC59CD58CFFDDFFFF
FFFFFFFFFF2BF4FF2DFFFFC2FFFFFFFF
FFFFC7FFFF9AFFFFFFB6FFFFAB52FFFF
FFFFFFFF9EFFC88649FFFFFFFFFFFFFF
FFFFFFFFFFFF95FBA556FF5DFFFFFFFF
FFFFFFFFFFFFE8FFFFFF9754FFFFFFA8
FF9FFF41FFFFFFD44FFFFF96FFFFFFFF
FFFFD159FFFFFFA3D6FFFFFFFFFFFFFF
CCFFEE8BFFFFFF24C7FFFFFFFFFFFF6D
FF9CE55E8D98C0FFA1FFEDABFFFFFF9E
FFFFFFFFFFFFFFFFFFFFFFFFB0DFFFFF
FFFFFFA5FFFF87FFFFBBEDFFFFFFFFA3
FFFF8FE63D8FFFD5F0FFEAFFFFFFFF8F
FFFFFFBAFFFFFFF9FFFFFF77FFF8FFD7
FFFF4AFFFFFFAFFFFFFCFFFFA7FFDAFF
FF60196AC3FFFFFFFFFFFFFFF4FFC093
F6FFFFFFFFFFED79FFFFFFFFA4FFFF41
FFCDDE61FFFFFFFFFFFFFF18F3FFFF60
C044FF6761FFFF6FCED6AE858570B5EA
FFFFFFFFFFFFFFFFD5D6FFFFFFFDFFD6
FFB0FFEEAEECC1FFFFFFFF90FFFFFFFF
FF329C17FF65FFD5FFFF68FFFFFFFFFF
FFFFCA7FFFFFE2A7FFCD9CFFFFFFFFFF
FFFFFFFFFFEBFFFFFFFFFFFFFFFFFFFF
FFFFFFFFFFCAFF576DFFACFFFFFFFFFF
FFFFBFFFDAF45AFFFFFF60FFFFFFFFFF
FFFFFFFFFFFFFF90FFFFFF7CE1C4B1FF
FFFFFFFFFFCEDFFFFFFFBEFF70FFFFFF
FFFFB7E0FF8BFFDFC0FFFFBFFFFF4FEC
FFEAFF9D87FFFFD0FFFFD778FA930000
FFFFFFFFFFFFDEB25B5269DFFFFFFFFF
FFFFF8A0B6FFFFFFD7FFFFFF726BFFFF
E1FFFFFFFFFFFF4EFFBDFFFFFFFFFFFF
A7DBF462FFFFFFB8FFFF7BB1FF43FFFF
FFFFFFFFFF2DFFFFFFFFFFFFF6BAF46F
FFFFFF983CFFFFFFFF91FFFFFFFFFFFF
FFFFFFFF8EFFFFFF71A1CDFFFFFFFFB2
2BFFE3FFFFBDFAFFFFFFFFFFD0FFFFB6
FFF2A094DCFFFFFFFFFFFFFFFFFF9DC3
FFB294FFD77FFFFFFFFF0EFFFFFFBFC4
B8FFFFD7FF9AFF4CFFF4E3FFFFB6FFFF
75D2FF91B856FFFFE5FFD4FFFF11FFFF
BFFFFFFFE4FF6CFFFFFFFFECFFFFFFFF
FF9FFF5067FFFFFFFFFFE4FFFFFFFFFF
80FFFF2E78FFFF64F8D4A4FFC5FFFFFF
FFFFF2FFFFFFE4FFE6BAD1FFE4FF7A7B
FFE9FFFF89FFFFFFFFD1FFFFEEFFFFFF
E5BF5AA2EAFF5EFFFFCFFFFFFFFF4DFF
FFFFFFFFF1FF72CEFFFFC5FFFFFFFFFF
FFFF6DFFFFD1FFFF7DBA7A98136640FF
FFFFE4FFFFFFFFFFFFC3D7EFFFFFFFF1
FF9AFF98FFF0FEFFFFEBE34BDE4EE7FF
FFFFFFFFFFFFEAFF59FFF4AE92FF69FF
FFFFF8AFFFFFFFDBFFF6FFFFFFFFFFFF
FFF9FFFF9F6EFFFFFFD67EA5FFFFFFFF
FFFFFFFFFFFFFF1CFFFFECFFFFFFFFFF
FACE6FD2FFE4FFFFF5FFC4FFFFFFFFFF
FFFFD67AFFFFFFFFFF40FF4AFFFFFFFF
BEFFFFFF60FFFFFFC1FFFFD4D5FFABFF
8DFFFFFFFFC0FF8DFFFFFFFF8FFFC8FF
FFFFFFFFF5FFBDF96DFFFFFFF7FFFFFF
DBFFFFFFFFFFFFFFD165DFAFFFB70000
FFFFFFFDFF9E9AFFFFFFFFFFFFFFCFFF
FFFFFFE0FFFFD8FF9DFF9FFF2F89FFFF
90FFE5FF5EFFFFF6CAFFCEFFFFFFDEFF
9E409EFFFFBBCDFBDAFFFFFFFFFFAA2B
FFFBFFF0FFFFA057FFFFFFFF5E99CE9E
FFFF7AEE77C9C7FFFFFFFFD6FFFFFFFF
FFFFFFFFFFFF84FFAE3499FFFFFFFFFF
FFFFCFFFFFFFEAFFFFFFFFFFFFFFFF1C
FFFFC46AFFFFC4FFFFB2FFFFDFFFFF40
FF75FFFFADFFFFFFFFFFFFE3FF68CCFF
A5FFFFFFFFFFFFF4FF71FFFF8ACDFFE7
FFFFEBFFA2FFFFFF97FFFF98FFFFFFFF
E5FFFFFFFFFFFFFF9ACBFFFFF0E4FF2E
FFFFFFFFFFFFFF79FFFFFFBEA8FFFFA3
DCFFFFB1FFFFFFFFFFFF3FBEFF765DB0
D6629AFFFFFFFFEFFFF6FFFF94FFFF7B
FFFFFFFFFFFFFFFF66985691C7FFFFFF
FFF977A5FFFF90FFFFE7FFFF85FFE544
FFFF8DFFFFFFFFCEFFFFFFFFFFFFFFFF
FFFFFFFFFF8AC2FFD8FFFFDE80FFFF9A
FFFFFFCBFF4FFFFFFFFFF2FFFFFFFFFF
FFFFFFC1D5FAAF778FEEF8F562FFFFFF
FFFFFFFFFFDF8384CAADFFFF83FFFFFF
FFFFFF33FFFFFFFFFF75A3FFFFFFFFFF
FFE9CDBE7BC9FFFF8682FFFFFFFFFFFF
FFBBC3FFFFA3B5FF9EFFA1FFFFB3FF5F
FFFFFFFFFFCDFFFFFFFFFFFFFFFFFFFF
FF47FFFFFFFFD4FFFF55FFFFFFC6FFD2
C7FFFF4B9AFFFFFFFFFFFFFFFFFFFFFF
FFFFB987B9A0FFFFFFFFFFFFC3D7FFFF
FFFFFFFFFFD5FF2E1DFFFFFFFFFFFFD6
FFFFFFC77AD1FFFF98FF84FFFFFF0000
A4FFFFFFFF9445FFFFFFFFFFFFFFA6FF
FFCDFFFFFF2AFFFFB1FFAF0B97EE72FF
FFABDC8AEBEFFF49FFFFFFFF9FFFE3FF
9F3397FEFFBEFFFFFFFFE4F6FFD580DD
FFFFFFFFFFDEFFE9FF74FFF672447984
FFFF896FD2FFFF60FFFFFFFFC96C6FFF
FFFFFFA663FF6EFF6ED74FFFFF95FFCF
FFFFFCFFC8B66BABFFFFFFF7FFFF90A1
FFFFFFC8FFFFFFFFFFFFFFFFD97CFFFF
C6FFFFFFFFFF77FF6CFFC724FFFFFFFF
FFE9FF5EFFFFFFE0D0FF7C6D0D95FFFF
FFFFFFFFBAFF36FFD5C6FF61FFFF7C71
68C8E129FFFFC19698D1FFFFFF22FFFE
F0FF4C52FFFFFFFFFFFFFFFFD9E18AB6
FFF6ED7AFF945DFFFFFFB284FFFFFFFF
ED9399FFFFFFFF47FFFFFFA6FFCCCFFF
F2FFFFFFFFFF8AFFFF72BAFFFFFFB599
FFFFFFFFFFFF8DFFFFB79F87F8FFFFFF
FF9E72FF49FFB0FF8F9AFFFFFFFFFFFF
FF27FFFFC0FFFFFFC2FFFFFFA2FFC8FF
FFFFFFD3FFDDFFA2FFFFFFFFFFFFFFFF
FFFFFFE3FFFFFFFFA6FFFFA7DAFFFFD5
FF7BFFFFFF91FFB54792FF464E366DFF
FFDCFFF8FFFFFF60FFFF5ADADEFFFFFF
FFFFE44FA5C9CCFFFF23DAFFFFFFF2FF
FFB1DBC5FFFFFEE7CFFFFFCDFFFEADA3
FFFFFFFFFFF9FFFFFF2CA1FFFFFFABFF
FFB5FFFF66FF65FFFFE6F0CDA37964FF
FFFF98FFFFC9FFFF57D3AF68D6FFFFFF
FFC6E7ADFFFF4477FF3CFFFFFFFFFFE1
FFAFFF83FFD472D8FFCEFFFFFFFFFFFF
74E1FFFFD088FFFFFFF9BDFFFFFF0000
15FAFFFFFF9AEDFFFFFFFFFFFFFFFFE5
83FFFFFF8D2EFFFFFFFF79FFE5FFD7FD
39FF65FFFFFFDCFFFFFFD6FFAAD6FFFF
A76877A077FF9EFFFF497A97FFFFFFFF
A1FFD9FFFFFDFFFFDFFFFF5ADAFFCFFF
C9CCFFFF3EFFFFFFFF61FFFFF776C3EC
FFDDFFFFBDFFA6FFFF85FFFFF58CFFFF
FFEEFFFFFFFFE7557DFFFFFFFFE54EFF
FFE5FFFFFF9EFFFFFF5FFFFFFFFF7EFF
FFCBFFFFFFFFE4E3FFFF75BDFEFFFFFF
FF6BFF57FFA923FF83FFE537EECFF550
FFFF92FFFFFFFFF9FFF7FF8057FFFF2B
95C34D52E3AFFFD16ED6FFFFFFFEFFB7
EFFFC8FFFFC6FFFFFF26FFFFFF83FFF0
FFFFFF5EFFFFFFFFFF4AFFFF8FFFB7FF
28FFFFFF71FFFFFFBF62FF472BFFADFF
FFC0FFFFFF9E4DFFFF5417ACFFFFFFFF
D26FFFBF4DE533FFFF6C6EABFFFFFFFF
FFFFFFFFF0FFFFFAD0FFFFFFBCFFFFFF
D0FFFFFFFFFFFFC6EBFFFFFFFFA0FFD5
B926FFFF84FFB4FFFFFFFFFFFF6D6AFF
ABFFFFFFFFFF38FFFFFFFFB93AFFFFFD
FF542AFFFFDBF4FFFFFFF1FFECDE76FF
FFFFFFFFFF2A79FFFFCDE75FF76DFFFF
FFFFFFFF95FFFFFFFFFFFFD9FFFF2AFF
FF2F9CC8F5FF7FFF4BFF55FE56935E93
FFFFFFFFFF98FFCAFFFFFFFFB1E9FF66
FFD0FFF0DAFFFFFFFFFFFFCFC1FFFFFF
FFFFCDFFFFFFFFFF61FFFFFFEAFFFF7B
FFFFFFFFF099C340FFFFFFFFFFC7FFFF
CC63FFFFFFFFFFADFFFFFFFF78FFFFFF
E8782EFFFFFFFFFFFFFFFFFFFFFF0000
A87A15FFFFFFFFFFFFFFFFFFFFFFFFFF
FFFFDFD4D24FA188FFFFFFFF6CFFFFFF
FFFFFFE5FFFFFFFFFFFF98FFFFFFFFFF
D318FFFFFFFFFFD372FFB392FFFFFFFF
FFFF8D4A45FFFFFFE3D8FFFFFFFF6AFF
FFB3FFFFFFFFF9FFFFFFFFFFFFF2FFFF
FFFFFF93D1FFFFFFFFA73AFFFFFAFFFF
FFFFFFFFFF3BFFC0EEFF62FFFFC175E6
FFFFFFFFFFEBFFFF89FFFF9AFFFFD5FF
B6E034FFFFC2DEFFFF2289FFFFFFFFFF
FFFFFF79FF29FEFFFFFFFFFFFFFFFFFF
FFFFFFFFFFFF5CEFF0FFFFFCFFC4FFFF
FFC0DBFFE8FFFFD2FFFFFFFF4FFFFFB0
FFFFFFFFFFE8FF84E7FFFFFFFFFFFFBF
FFFFFFFFFF20FFFFFFD0FFFCFFFFFFFF
FFFFFFFF7EFFFFFF3B9FFFFFFFBCCBFF
DDC66FD4FFFFFFFFFFFFFCFFFFFFFFFF
FFFFFFCB92FFFFC4FFFF7BFFFFFFFCFF
8A9DD0BAFFFF3BFFFFFFFFFFEC2E8FFF
FFD0FFFFFFFFFFFFFF64E5FFFFBF15E3
FFEBFFFFFFFFFFB0FFFFFFFF70FFFFFF
FFFFFFFFFFFFFFFFFFFF9C58FFFFFFFF
AC9AFFFFFFFF93FFFFFFFFFFFFB37D5E
72FFA579FFFFF5931CF9FFFFFFFFE6FF
FF1FFF10E6FFFFFFFFFFEDFAFFC3FF3F
C199FFFFFFFFFFFFFFFFFFFFF0FFFFC7
FFACD7ACFFFFFFADFFE65DFFFFF9D7FF
FF75FFFFFFFFFFFFFFFFFF3EFF9EFFAB
FF5DFF9C70FFD1FFFFFFFF9DFFFFFFFF
CCFFFF62FFFF0FADDFB0FFFFFFFFA1FF
FF2613FFFFFFFF61FFFF83FFFFFFFFFF
EF584FBA3192A6FFFFFFFFFFBDFF0000
DEECFFE3FFFFE5D8C8DEFFFFBBFFFFFF
FFFFFF907737CAFFFFFFC9FFFFFFFFFF
FFD9A7F1FFFFFFFFFFFFFFFFFFFFFFFF
4B8DFFDAFF5CC6FFFFFFFFFFFF6FFFCD
FFFFFFFFFFFFF6FFF1FFFFB8FFCBFFFB
FF4DFFFFD3FFFF69FF57C0FFFFA3D080
FFFFFF7E66FFFF91FFFFFFDCFFDBFFFF
FFFFFFFFFFFFFF80FF4BFFE2FF94E507
FF2EFFDFFFFFFFFFFFBAFFFFFEFFA2FF
FFFFFFFFFFFFFFFFFFFFFFF2FF91FFFF
FEFFFFFFD0B0FFFFFFFFFFFFFFFFFFFF
FFACD448FEFFF85D8250FFFFFFFFFFE0
FFFFFF9CB9B44BFFFFFFFFFFFFFFA9FC
FFB1D5CCFFFFFFFF51C7FFFFFF9AFFFF
FF53FFFFFFFFFFFF6AFFFFFFFFACA2CE
EFFFFFFFC4F1FFFF7ECBFFFFFFFFFFFF
B2E17EFF9680F6FFFFFFFFFFFFFFFFFF
FFFF36FFFFFFFFAE9FFFFF9FFF22FFFF
89FFFFFFFFFFD7D8A8FFFFEDA0EE62E0
FFFFFFFF99FFFFFFFFFF955289FFFC88
FFFFFFED57FFFFFFFF47FFFFFFFFFFFF
9AFF5DFFFFFFFFFFFFFFFFFFFFC5E2C6
FFFFFFCAFF80FFE777E8FFFFFFFFFFFF
64FFFFFFFF37FFFF79F0FFFFFFFFFFB9
FFFFFFFF69FFFFFFFFFF99FFFFB1FF6E
71A8FFCE72FFFFD5B4D6FFD2C7FFFFFF
6394FFFFA8FFD0D7FFEC3FFFFF5CC6FF
FFB1FFFCFFFF9DFFA6BEFFFFFFFFFFFF
FFFF8FCDB4FFFF5BFFABFFFFAFFFFFFF
FFAAFFFFFFFFFF12FF84FFC8FFFFAAFF
FFA8FFFFDEFFD3FF48D7FFED73FFFF99
F3F0FFFFFFFFC8854AFFFFFFFFFF0000
FFFFFF91FF690EFFFFFFC0FFFFFFACFF
E7FFEC9FD3EFC86354FFFF86FFFFFFFF
FF6AFFFFFFFFFFFF80FF51FF10FF8AFF
FFFFFFFFFFFFFFFFBFFFFFFFFF9EEB97
96FFFFFCFFCBFFFFFFFFFFA6FF8CFFFF
FFFFFFFFFFFFFFF4FFC2FFFFFFFFFFFF
CBFFE778FFFFEAFFFF45BFFFFFFFF0B4
FFFFFFB6CFB4E6D9C9FFFFC4A7B3F791
FFFFFFFFFF85FFFF28FF15FFFFFFCABF
FFFFFFFFFFFFA7F7FFFFFFF6FF88FFFF
FFFFFFFFFFFF4EFFFDFFFF48FF8E82DA
5AFFFFFFABFFFFB34978B5FFFFFFFFA0
FFD5FFFFDEFFFFFFFFFFFFFFFFFF2BFF
AAACFFFFFFFFFFFFD8FFFFFFFFFFFFFF
F4FFFFFFC6FFFF1EFFFFFF94B5247E94
FFFFFFFFE5FFFF1482E3FFFFFFFF678B
FFACB45A4AD8D3FFFFCFFFFF64FFFFFF
FFFFFF79B1F2FFFFFFFFCBFFFFCD5EBE
5A9DFF31FFFFFF5AFFFFFFC7FF6AFBCA
AEFFD4DCFFFFEAFFFFFF1BFFFDFFFFA2
FFF8F5DBF3FF50FFFFAB7EFEFF79FFFF
FFFF8240FFFFFFFFFFFFFFFFFFFFFFCE
D98DE9FFFFFFFFFF60FFFF4FFF98FFD6
A7A2FFE5FCFFFFFFF9FFFF9DFFFFFF38
FFFFFFFFFFFFFFFFFFFFFFFFFFFFFFD3
FFFFFFFF9AFFFFFFFFFFFFFF92FFFF74
FF27FFFFFFFFB93E90FFFFFFFFFFFFFF
FFFFFFFFFFFFFF5DFFFFFF1AFFFFFFFF
BCFFA3C4EAFFD2FF27FFFFFFFFFFFFB2
FFEFFF64FFFFFFFF9F68F9F2D2FFFFFF
9BAAFF7FDBB26DFFFFFFAFFFFF98717D
8A94FFFFBFFFFFFFFFFFFFFF99FF0000
FF9D379FFFFFAFFFFFFF8DCFFFCF54E0
FF59CD51CCFFC3A0B8C8F8FFFFFFFFF3
FFFFFFFFFF98FFFFECE7FFFFC3FFFFFF
FFE9FFFF89FF53FF9AFF7BD077FFFFFF
FFFFFF7DFFFFFFC9FFFFFFA8FFFFFFFF
FFB36CFF7EFFFFFFFFFFFFFFFFFFFFFF
FF74E1FF8FFFFFFFFDFFFFFFFFFFBFA2
FFFFFF30FFFFFFDDFFFFE0FB67FFFFFF
FFBCFF70FF56FF52F5FFFFFF4619FFFF
FFFFFFFFFDFFFFD5FDE8CDFF44FFFFFF
FFFFFFFF9EFFFFB6FFFF15FFFFFFFFFF
FFFFFFEF92FFFFCDFCD7FFFFFFFFFFDC
FFFFFFFFCCFFA1FFFFFFFFFFFF39FFC1
4AA4FFFFFFFFFFFFFFFFFFFFFFEA75FF
FFFFE1FFFFFFFFEDFFAD5BB9DCAEFFFF
FF8A7BFFFFF2FF9045C1FF5DFFFFDEFF
BBFF6BFFFFFFFFFF54CEE3FFFFBD5EE3
FFFFE0C0FF84BAFFF4FFFFFFFFFFFF9D
A6FFAC80FB589FFAFFFFFFFFFFFF9BA7
FFFFFFFFFFB6FFFFFFFFFFDCC5FFFFA3
747FFFFFFFFFC7FFFFFFFF88FFFF6FFF
87FFFFFFFFFFFFF4FF4AFFF4C790FFB2
FF6D3CFFFF65FFFFFFFFFFFFFFFFE88A
888FFFFFFF429EFFFF5BFF71CFFFFFFF
C3FFE7B1DEFFFFDBD3CBFFFFFFFFFFAF
FFFFFFFF6EFFC8FFB7A691FF9FD260A7
C4FFFFFFFFFFFFFFF0FF8DFFFFC6ECE9
FFFFAB3BFF50FFFFFF63FFFFADFFC4FF
8CFFFFE4FFFFFFFFFFFF5F93CEFFE57E
FF916FE2EBFFFFFF88FFFFFFFFFFC6FF
AE83FFCFFFFFC107FFEDFFFFFFFFFFFF
FFFFCBFFFFFFFFFFFFFFC6FFFFFF0000
FFFF68FFABFFFFFFFFFFFFFFFFFFFF96
FFFFFF8C778440B8C8E3CDFFF798FFFF
EDFFB0FFFFFFFFFFFFFFD3FFFFFFFFF0
FF7BAAFFFFFFFFFFFFFFFFFFFBE6FFFF
C7FF7361FFFFB24BFFF2FF17FFE9FFFF
FFFFFFFF60FFFFFF57D7FFFFFFFFFFFF
FFFFFF65FFFFFFFFCBFFFFFFFFFFC1FF
A8FFFF694A72FEFFFFFFFF7ED2FFFFFF
3E8DFF5BFF7ADBECFFFFFFFEC6FFFFFF
FFFFFFFFFF95FF5AD49CFFE2FF7DAC3C
FFFFFFBADAFFFF4B6EFF4EFFFF36FFFF
F3863768F4FFDD9FFFFFFF48C9FF4984
81FF0545FEDC60FFC69B68E7FFFFFCFF
7AFF78FFFFFFFFFFFFCE41FFBCFFFCFF
3ABBFF6941FFFFD0FF4D7CEEFF2AFFFF
F3FFFFBCFFFFEFFFFFFF7BFFFFFFFFB2
9FFFFFFFFFFF84FFFF97DCB7FFFFFFFF
FFFFBEFFFFFEFFFF9B7E67B22BC17782
FFFFFFFFB13054FAF8FFFFFFFFFFB8FF
FFFFFFD4FFBFFFFFFFA6FFFFDBD2DCFF
AEFFFF95FFFF75FFAAF5FFFFFFFFFFFF
FFA2E0FFFFFFFFFFB7FFC3FF6E36FFFF
FFFFFFD1FFFFFFFFEAFF54FFFFE5FFFF
E7E2FFE0FFFFFFA9FFFFFFB250FFFFFF
E6EBFFFFFFFFFFFFFFFFFFFFFFE77637
FFFFFFFFFFFF4ECB855156FF71F98F6E
FFFFF5FFFFFFBEFFFFFFFFFFFFFFFFFF
FFFFFFDDFFFFFF723CFFABFAFFC0B8BC
FFFFC1CDFFFFFFFFFFFFFFFFFFFFACFF
FFFFFFB7FFFFFFFFFFFFFCFFE6FFFFFF
C79EFFE7FF8AFFFFFFFFFFFFFFFFFF87
FFFFFFFFFFFF52FFFFE2F040A3FF0000
FF37FFFFFFFF6CDA25FFFFFF82DFFFCB
FFFFFFADDD0690716FCCFFFFFFFFFF8B
CDFFF034FFFFFF6FFFFFFFFFFFFF85BF
FFFFFF37FF98E28FFF8DFFFF7CFFFFFF
FFDCFFECC1FF9F85FF7EFFB9FFC2CBD9
97FFFF4CFFCAE29DFFFFFFFFFFA8FFFF
FFFFFFFFFFFFFF3D5FFFFFFFFFFD99FF
3BD78689E6D713FFACAAD5D36DFFFFFF
71FFFFFFFFFFFF0AFFC8FFE8ABFFFFE6
DCFFFFFF67DDFFF6FFFFECFF9E7F9B98
FFFFC9F7E0FEFFA0FFFF29FF57FFFF5E
DBFFD87AA4D2A4FFFFFF43FFFFC6FFFF
FFFFCF8AFFBDFFFFFFFFFF8DB9FFFFFF
FFD0FFFFE3FFFFFFFFFAFF36FF84FFFF
8AFF66A0FFFFDFCC6EE7B7FFC84FFFFF
FFFFFF47FFE9FFFFEDFFC7B1FFFFFFFF
FFFFCFFFFFBAFFFFFF747BFFFF3269FF
FFFF90FFFFFFD1FFFDB119FFDFFFFFFF
74FFFF2B76CA67F145FFE9FFF0FFFFA2
C4FFFFFFFFF54AC0C4FFFF819B3180FF
D551FFFFFFDCE2ACE2A6C7FFFFFF64FF
8FEBFF81FFFFF7FFFFFFD1FFD5BFBFFF
FFFFFFFF82FF8EFFEABBFFFFFFFF64FF
A0FFFFE23A46CCFFFFFFB4FBFFFFFFFF
BE94FFFFFFFF4A2151F035D396FFA58F
8EFFE7FFFFFFFFFFBDFBFFFFFFFFFFFF
F27428A6FFFFFFFFFFFFFFFFFFC9FF7A
FFFFFFFFFFFFBBFFFFFFFFFFE28AFF43
FFAFFFF453FFFFAA74FFFAFFFFFCFFFF
FF5BFFFF66FFBA57FFFFFFFFFFA1FFCE
6DFFFFFFFFFFE4D292FE99F4FAFFB2FF
FF7BFFFF5EFFFB26B1EDFFFFFFFF0000
FFFFFFFFC5FFFFAD68FFFFFFFFFF45FF
FFFFFFFFFFC485EA92FFAFFFFFFFFFFF
DEC8CCEBF6FFFF73FFFFFFCBFFFFFFFF
FFFFFFFFCAFFD6FFFF87FFFFFFFFFFFF
FFFFFFFFFFFFFFFFFFFFFFFFFF87FFFF
FFEDFFFFD0FFFFFFFFFFFFA1F5FFD0EA
F9FFFF3CFFFFFFFFFFFF25D2B4D899FF
FFE2FFFFCFFFAD3FFF22C052E3FFFFFF
FFFFFFFFA0FFFF86FFFFFF82FF6860FF
FF45FF87FF46FFB9FFB0FFFFFFFF72FF
D9FFFFFFFFD4FFFFFFE1FFFFF3FFFFFF
7791FF865435AFFFFFE0C0FFFFFFFF4B
FFFFFFFFFFFFFF1DFFFFFFFFFFFFFFFF
FFFFFFC154EAFFFFACEEFFFFFFFFFFFF
FFD3CAFFFFFFFFD0FFAE6AE85DFFFFFF
FFB6FF61FFFFC9FFFFEA90FFFFFFFFCB
FFFFFFFFEAFF90D3FFFFFFFF5CE8FFFF
79FFFFFFFFFFC5FFFF538FFFFFFFFFDC
FF5EFFFFFFFFC2AEFFFFC1FFFFFF6978
FFFFFFFFD3FF9BFFF066B8FFCAFFFFFF
FFFFD3FFFFFFFFFF1C8D4EFF86FFFF9F
FFBDFADEFFE1FFFFFF9FFF92843BFFFF
FF60FFFFFFFFFFFF97FF5CE6A83B7AFF
FFFFFFFFFF97CAFF43BEC5A9FF9FFFFF
D5C8986AB6FFFFFFFFFF879AFFF8FF90
FFFF7DF7F3FFFFB58B71F285FFFFFFFD
FFFFDDFF9AD0FFFFFFFFD259F88FFFE3
FFFAFFDDC398ACFFFFFFCAFFFFFFCBFF
FF9EFFFF8AFFFFFFFFFFFFB296A8FFA8
FCFFFFEEBCD039FFFFFFE7FFFFC5FFFF
EDFFFFFFFF4176FFFFFFFFA6FFA5FFA0
FFB7FFA596FFFFB0BAFBFF92F1C00000
F9A877FFFF94FFAF8165AFFFFFFFFFFF
FFFFFFFFD7EC3FD685FFFFFFE7C9EBFE
FFFFFF8E16C9FFCE498364FFFFFFFFFF
3CE9FFF5FFFF42FFFFFFE1FFFFFFFFFF
FFCEFFFFFFFFACB4FFFFFFFFF0FFFFFF
C1FFFFA0FFA8A2FFFFFFFFFAACFFFF48
FFFFE8A9FFEBFFFFE73D88696199DDFF
FFFF79FFC1CFFFFF63B74BFFFFFFFFFF
1FFF6BFFFF796895E4CBFFFFE617C6FF
FFFF5DFFFF9AFFFFFFFFFFFFFFE9F7FF
FFC0FF7EFFFFFF6DFFFFFFFFFFFFFFC2
7CD6FFFFFFFFFF9A42FFFFFF49FFFFC6
AE80FF9FFFFFFFFFE1FFC8FFEAFFFFFF
FFFFFFFFFFFFFFFFFFFFFFFFFFFF9EFF
CFFFC6FFFFA9EEFFFBE1637654FFD9FF
FFFF3DFFAED4FFFFFFFF9C3CFFD4FFFF
9E8EFFFFFFFF62B366FF119DFFA8FFD5
D850EBFF30FFFFFDFFFFFFC7DDFFFFFF
FF88FFFFFFD6FF9FEBFFFFFFFFFFFF88
BDDBFFFFFFFFFF4BFF8472FFFFFFFFFF
FFDAFFFFFFFFFFFFFF8FB5FFFFFFFFD7
EFFFFFFFFFFFFFFFFF65FF7BEDA0FFFF
FF52FFF9FFFFFFDBFFFFFFFFFFFFFFAF
FFFFFF97AEFFFF8AE1FF37D6FFFFA2ED
BE7BEDF4FFD9D0FF37BBDB49BB5FFFE8
FF25FFB6FFFFFFFFFFFFFFFFFFFFFFFF
FFFFFFFFFFFFFFFFA4FFFFFFFFFF94FF
FFFFFFFFA7ABEBFFDA905BFFFFFFFFFF
C9FFFFD5FFFFCFFFFCFF6FC2AF22FFFF
92FFFFFFFFFFFFFFFFFFFFCEFF4CFFAB
AD6FFFE8FFFFFFFFFFFFFFFFFFFFFDFF
BFFFFF8CFFFF75FFFFFFFFFFFFFF0000
FDEFFFE8FFC4FFCFFFF5FFFF33FFFFFC
FFFFFFFFFFFFFFFFFFFFFD87F1F5E4FF
FFEDFF8AD4C6C2ADFFFFE181FF6CFFFF
FF31FFFFFFFFFFFF72FFFFC8FFFFFFFF
FFFFADFFB7FFFF973795FBFFFFFFFFFF
FFFF8BFFFFBAFFFFE3FFFF85DDFFFFFF
FFA8FFFFFFFFF7FFFF66FFFFFFF6EDFF
FFFFFFFFFFD05FC56BD17CFFF971FFE8
FFFFFFFFFFF3FFFFFFFFFFFFFFE0FFFF
FFCAFFFFFFFFABCDFFFF57FFE53B66FF
FF51BFD8FFFFFFDBFFDCB259E7FFFFFF
FFFFFFEFFFA5FFFFFF7A6BFFFFFFFFFF
FFFFFFFFFFFFFFFFFFFFC43FFFD9FFD6
83F95D90FFFFC1FFF3FFFFDCFFFF2CFF
69FF61FFFFFFFBFFFFFF1DE792FFFF0C
FFFFC3FF6DF1FFFFFFFFFFFFFFFFFFFF
FDFFFFFFFF8CFFFFE1FFFFFFE28DFFFF
FFFFFFFFFFE5FFD9FFFFFFFFFF1EFFFF
FFFFA2FFFFFF6BFFD3FFFFFFFF7FFFEC
FFFFD7FFC2ECFFFFFFFFBAFFC1D4FF83
F7FDF7FFFFDAFFFFFFDA87FFFFEBB4FF
FFFFFFCDFFC8FFFFFF5EC7D768D5FEFF
FFFFFFD039FFFFFFFF9CFFFFFFFFFFFF
89E950BA207BFFD8FFFFFFFFE8FFFFFF
FF85E4AEFFCBFFFFFF7AFFFFFFF4FFC6
4F82C8FFFFFFFFC6FFF2FFFFFFFFFFCF
FFFF25DFD5DFFFFFFF6974F6FFFFFCFF
FFFFB4FF78FFD9CFFFFFA3FFFFFFFFFF
FFFFF3FF37FFFFFF7FFFFFFFFFFFFFDD
48FFC6FFFFFFFFFFFFFFFFFFD7FFFFFF
4BFFD6FFFFBAA9ECB8FFFFE2FF71F33C
FFFBFFFFFFFF8EFFFFFFFF9BFFA00000
FF93FFAD52FFFFE169FFA0FFFFFFE6FE
FFAEFFFF12FFFFFFFFFF79FFFFFFFFFF
EE4DFF6EFF7BB96597E1FFFFFFFFFFBD
FFFF2E79FFFFFFFFFFFFFFFFFFFFFFFF
B0FFFDF5FCFFA9FFFF91C7FFFFE4FF98
FFAFFFFFFFFFA8FFF6FFFFFF82FF55FF
FFFFFF49FFFFFFFFFFF4FFFFA9FFFF7C
2C89FFEFF2F8FFFFFF95FFFFFFA2FFFF
33FFFFFFFFFFFFF7FFFFFFFFFFFFFFB3
FF95B7F5C6FFFFFFFFFFFFDBFF3DAD54
FFFFFFA3FF9D6EFFFFFFB537FFFFFFFF
F5FCFFFFFFB26890FFB9BCFFE062BAFF
C4FFFFFFFFFFFFFFFFFFFF97FFFFFFFF
FFFFFFFFFF9FECFFE463FF90FFBDB69E
FFFFFFFFFFB2FFFBAEFFFF21FFFF9653
FFFFFFFFB75FA9E5DC87FFD4E49CA7FF
FFFFCDC7E5D7EFFFE8FFD8FFFF4F2EFF
FFFFFFFFFFEFC1CEFFFFFFD1FFABFF7F
2CFFFFE68C96FFFFFFFFFFFFFFD6FF99
FAFFC2FFD2F954FFA3C5FF9837FFFFFF
79FFFF21FFFF41FF4FFFF690FFFFFF7B
FFFFFFF1CDFFFFFFFFFF73BDFFD27CD4
FFFFFFFFFFFFFFFFFFFFFFFFFFFFAAFF
FFFFB170D59070FFFF69FFFFFFFFFFFF
FFF8FFFFFF5FFFFFFFFFFFC490FF63FF
FFFFEDFFFFFF47FFFFFFFF758EFFFFFF
51FFFFEEFFFFFFFF7AB6FEFFC2FE81FF
3BFFFF6F57FFCAFFA9C4C0FFFFFF9D82
FF76FFFFFFFFF6FFFFC4FFD2FCFFFFFF
5DFFFF68FFFF57FF5AFFA5FF61FF97FF
EFFFFFFFFFFFFFFFE2FF876EB0DCFFFF
6AFFFFC383BAFFFFFFFFFFE2FF9B0000
4BFFFFFF67FFFFC9FFF6F9FFFFFFFFFF
FFFFFFFF6671FFFFBCFFFFFFFAF04EFF
C86B37FFFFFFFFD099FF79FFFFFFFFFF
08EAFFFFFFFFFFFFFFFFFFFFFFFFFFE0
D3FFE9A9FFFFFFB9C3D564FFFFFFFFFF
FFFFFFFFFFFFA496FF84CBFFD0FFA7FF
FFFFFFD0FF66FF9CA08347FFFFFF3FFF
AFF7FFFFFF9AFFD6A6D7FF38FFA14A6D
FCFFFFFFFFFFFFFFFFFFFFFFFFF2FFFB
FF14FFFFFFEC97DAFFFFFFFF30FFFFFF
2AFFFFFFFF684092FFF7FAFFE35D3DFF
EBFFFFFFFFA17FFFB5E492FFDD9CA73D
FFE7FFFFFFECFFFF8AFFFFFFF9E5CCFF
FFBAFFFF9645FFFFFFCAFFFFFFFF36FF
FFFFFFFFFFFFBDC6FFFFFF80FBFFF5FF
A454FFFFFFFFFFFFFF5BFFFFFFFFFAFF
FFFFFFFFE6FFFFE1FF4F6D71EA419BED
FFBBFFFFFFFFFF8AFFE6FFFFFFFFFFC8
78FFFFFF6B8FFF91E2FFFFACFF50FFEF
FCFF61FF21FF2EFFFFFF89FFFF8DD5FF
FFA3A3BFFFFFFF57FF87FFFFACFFF597
53FFFF90B1D233FFDCFFFFFF72FFFFFF
FFCCFAFFFF37FFFFFF56FFFFA9FFF8FF
FFFFFF8DF5BC528FFFBAFF7CFFFFEFFF
A7FFE46987FFFFFFFFB560FFFFD07EFF
FFFF65FFFDECFFFFFFFF1FFFFFF2FF58
FFFFD6FFFFFFFFFF6AA7FFFF3772FFFF
FFFFC6FF22FFFFFFFFFF46714AFFFFFF
D1CBFFFFFFFFC5FFFFFFFFFFFF3EFFFF
FFDEBAFFFFFF94A8FFFFCCFFD0C9F8CB
FFFF90FFFF9BFFFFFF77FF916CFF86FF
FFFFFFDCB3FFFF21FFFF89FFEEE80000
FFE4FFFFFFFFA8FFEEFFFFFFFFFFFF23
C8FFFF9BCEDE71FFEBFF45FFFFFFFFFF
FFFFFF72FFFFFFFFFF976CADFFFFFFFF
5DEBE18FFFFFFFFFFFFFC2FF57FFFF2E
FFDAA367FF3F82CCC06CF651EDFFFFF8
FF7DB7FFFF91FF84FFFFFF8DEBFFF9FF
A8FFFFFFC2FFFF36A377FFA0FFD3FF94
F7FFFFFFFFFFFFFFCEFFFFFFFFFFF38C
FF9BFFC7D793FFFFDEFFE0FDFFFF60FF
FF1FFF9DA0FFFFFFEBC8FFFFFFFFFFFF
FFFFFFFFFFFFFF5931FF86FF8EFF8CFF
3CFDFFFFFFFFFFEB99FF62FFE5FFB1FF
FF4EFFFFFFFFFFFFFFFFDE9FC5FFFFFF
FFFCFC48F854FFFFFFCBFFFFFFFFFFCE
FF66FFFFFFFFFFFF9959FFFFFFFFFFFF
9884AF74FFFFFF78FFFFFFFFEBFFCDFF
FFFFFFFFE6E0FFFFD1FFFFC1FFD8C0FB
FFFFFF1DD0FF93FFFFFFFFFFFFA7FFFF
FFFFFFFFFFFFFFFFFFFF78FFFFFFFFFF
43FFD6FB6EFFFFFFFFFF8EFFFFFFFFFF
FF69A09BFFFFA8FF78FFBBFFFFFF7CA7
F668FF4CFFFFD8FFFFFFFF61FFFFFFFF
63DDFFFFFFDAFFEAFFFFFFFFFF84FFFF
EA2BFFFF4826FFBCB6FFFFFF57CEFF83
FFFFF6FFD13B6F5B8CC49B468E59FFE6
AD5FFFAEFFFFFF2FFFFFFFFF96FFFFFF
C8FFFFFF9AFFFF5E8CDBFFFFFFFFFFFF
E1FF84FFFFAEFFFFFFFFFFFFFFFFFFFF
DCBFFF5DFFFFFFFFD2FFFFFFFF91FF98
FFFFFF387DFFE8FFFF34F950FFFFFFFF
FF3BFFFFC020FFFFA3C9E65673FFD0FF
FFFFFFFFF124FFFFFFFFD8FF29640000
FFFFFFFFFFFFFFFFFFFFA3FFA0FFFFFF
6DFFFFFFFFFFFFF6FFE1FFFFBBFFFFFF
FFFFFFFFFFFFFFFFC1FBFFFFFFFFC9FF
FFFFA9E2D5FFFFA8FFFFFFFFFFFFFFFF
FFFFFFFF92FFFFF9A5F3FFFFFFFFFFFF
FFFFFFFFFFFFFF53FFFFFFFFFFFFFFDA
FFFFFFFF9FE383FFFFFFFF87FFFF76FF
CBFFF0DEFFFFFFD4FFFFFFFFFFFFFF50
FFFFFFFFFFFFFFFFFF13FFFFFFFF59FF
FF74FFFFFFFFFFFFFFFFFFFFFFFF6D77
FFFF65FFFFFFF6EFDCFFCFFF79C1FFFF
FFFFE896FFFFFFFFFF8F7183FFFFFFFF
B0F9FFFFFFFFBAFFFFFFFFFFEDFF6AC8
FFCDFFFFFFFFFFD5FFA6A2FF3FFFC69C
85FFFFFFFFFFFFFFF6A8FFFFFFFFFFFF
FFFF92FFFFC4FFFF89FFFFFFA8FFC675
54A9FFFFFFFFDBFF80CBFFFFFFFFFFFF
FF94FF83E1FFFFFFA7FFFFFFFFFFFFA2
F1FFFFFF80FFFFFFFFFFFFFF95FFFFFF
89E6B3C77B33AC5D38FF29B36D84FFFF
FFE3FFFFFFFFD1FFF2FFFFFFFF11D4B4
F77851FFFFFFFFC1FFFF20FFEDFFFFFF
FFFFFFECAAFF59FFFFFF7C5EFFFFFFFF
77FDFFB9FFFFFFFCAFFFFFFF867DBAFF
FF9F8E8CF1E8CCCCEBFFEF4659FFA7AF
5938FFDE24BDFFFFFF76FF75FFFFE49F
FFFFFFFFFF9E87FFEA35FFFCFFFFFFFF
FFB6FFFFBBFFFFCEFFFFFFFFFFFF5FC7
FF6586FFFFFFFFFFFFFFFF7DFFFFFFCE
11FFFFA1FFFFFFFFFFFFFFFFFFFFA7FF
E4F5A1FFF2FFFFFFFFFFFFFFFFFFBCFF
FFFFFF3541FFD4BAFFFF6EFFFFFF0000
44FFFFFFCDC7FFA7FFFFC8FFE56EFF21
39FF84FFBFFFFF8DFF59FBD2FF9ECF66
FFFFFFFF4AFFFFFFFFFFFF917EF2FFFF
FFFF48FF8CFFC5FFFFFFCBFFFFFFB7FF
FFFFFFFFFFFFFF7FAFD8FFFFFFC3FFFF
FFFFFFFFFFFFFFC2FFFFFFFF98FFFFFF
FAFFFFABCA3AFFFFFFFF40BDF2FFFFFF
FFFF5AFFFFDFFFFFFFFFFFFFFFFFFFBE
FFFFFF6EB9FFCEFF36FFFFFCFF8DFFC9
FFFFFFCBFFFFFFFFFFFFFFFFFFDFFFBD
FF9EFFFF54D383EDD4FD42CBFFE64BFF
FFFF794AFFFFFFFFFF99FFFFFFEBFFC8
FFFFF897F2FFFFFFFFFFFFFFEDFFFFFF
FFF6FFFFFFFFFF46FFFFEAFFFFFFFFB3
FFFFFFFFFFFFFFFFFFF4FFFFFF88FF62
FFFFFFFF6CFFFFFCFFFFCBFF7DBFFFFF
E6FFFFFFFFC6FFFFFFFFFFFFFFFFE8FF
FFFFFF30FFFFFFFFFFE8FFFF5FD7FFFF
F1FFFFFFFFFF8EF06FFFFFA6FFFFFFFF
3AF2D4FF8FCBFFFFFFE5CBFFAEFFFFFF
FFF3FFC8FFB9F9FFDAFFFFFFFFC9FF78
FF4FFFBDFFFFFF4BFFFFFF6AEFFFFFFF
FFEFFFFFFFCEFFFFFFFFFF86FF43FFEC
FFC5FF94FFCA5DFF90FFFFB9FFFFCD8A
2CFFFFFF277C6766FFFFFFB9FFFFC849
FFFFFF95FFFFFFE1FFFFFF6FFF82FFFF
FFFFFFFFFFFF75FFFFFFFFFFFFFFFFED
FF916778B1FF9DFF70FFABFFFF5EE9D1
4DFFFF7EFFFF9AFF84FFFFFFFFFFFFFF
A0A282FFFFD180FFFFFFEAFFFFFFFFFF
96FFE95BFFFFFFFFFFFFFFFFA7FFDAFF
196DFFFFFFFFFFF35954FFFF92C90000
FFFFE7FFFFFFFFFFFFFFA7FFFFFFFFFF
FFFFFFFFFFFFFFF6FFFFDCFFFFFF9D9F
FFFFFFFFFFFFFF2FFF90FFFFFFFFC3B5
7EFFFFFFE8FFFFFFFFFFFFFFA9FFD6FF
FFFFFF97FFCAEDFFFFFFFFFFAFFFFF5E
FFFFFFB29AFFFFFF7FBCA9FFFFDDFFFF
5B8447A26DFF33FFFFFFFFFFFF2BFFEF
FFFFFFFFB0FF83FF5AFFFFFFFFFFFF75
FF8DDFA2FFFFFFFFFFFFFFFFFFFFEDFF
FFFFFF7FBBFFFFFFA0E7A2F9FFFFFFAF
79FFFFFFFF90FF6B957CF4FFFFFF51A7
FFFFFFFFFFFFFFFF9A9EFFFFF6FFFFA6
FFFFFFE1D5FFFFFFFFEBFFFFFFFFFFFF
D7FFFFFFFFFFFFFFFFFF5CFFFFA4FFFF
FFE2F8FFFFFFFFFFF8B1FFF0FFFFFFFF
FFFF88FFC8A6FF19B9FFFFFFFFB2FFC4
FFFF1F9AFFCA9EFFFFBED1FFFFFF94FF
FFFFFF98FF2997EAFFFFFFFFF15CCFFF
FFFFD4FFA8FFFFFF7BFFFFFFFFFF96FF
FF7FFFFFFFFFFFFFFF6E863DFFD5F6F8
FFFFFFFFFFFFFFA7FFFFE0FFFFDBFFCF
4FFAFFFFFFFFF434FFFF094C86F4FFBE
FFFFFFFFFFB6E8F478A7FFA2FF8CFFFF
31FFEF42FFAB9BBDF2FFFFFFD4F0CE19
9EFFFFBEF3FFFF7AFFFFFFFFFFFF4FFF
FFFFC5FFF6FFFFFF74FFFF93FFFFFFFF
FFFFFFEAFFFF2F483D6CC4A5FFFF5EEB
81FFFFFFFFF944B2FFBFFFFFFFFFFFC5
FF57FFFF35BBCCFFFFFFFFFFFFFFFFFF
FFFFFFFF08FFFFFFFFFFFFFFFFFF78F7
FFFFFFFFFF97D267FFCDFFFFCCFF92FF
45E3FF4DFFFFFFFF7166CBFF80B80000
FFFFFFFFD3FF942FFFFFFFFF95FFFFFF
FF8AFF86FFFFFFFFFFF36B7A74FFFFFF
FF7B7647FF8E8BFF815C85FF78FFE3FF
61FFB4FF84FFFFFFFFFFFFFFFFFFFF6E
FFFFFFDAB9FFFFFFF0FFD3FFFFFFFFFF
86FF6AD9FFA1FFFFFF77FFA9FFFFFFFF
9A78FFFFFFA3ACF4FFFF88FFFFFFFFFA
FAA8FFD9F1FFFFFFFFFF9BFFFFA59BEE
FFFFFF93FF50AD5BEA88FFE4FFFFFFFF
D5FFFFFFFFFFFFFFFFFFFFFFFFFFFFFF
60827FFF52FFFFFFFB65FF9DFFFFEFB4
FFFFDFFFFFFFFFFFFFD6BFFFFFFFBB8B
45FFA6FFEE5EB649FFFF1CC29EF5FFBF
91FFFFFFFFFF55FFFFFF73FFFF37FFFF
61E0CFFFFFFFFFFAFFB2C5E03FA9A474
FFFF4CFF9385FFFFFFFF99FFFFFFFFFF
FFA4FFA387E8F0FFFF66FFFFC1D9FEFF
FFFF3FFFD21D8AAAA40F63BFAC6F76FF
FF76FFFFFFFFFFFFFFFFFFD0FFFFFFFF
B060FFFFFFFF3EFFFFF0FFFF34FF66E9
FFFFFFFFFFFFFFFFFFFFFFFFFFFFFFFF
48FF5994FFFFFF14FFC6BCFFFFFFFFCC
7BFFFFFFFF49FF71FFE496FFFFFFFFFF
FFFFFF658668366FFAFFFFBCE085ADFF
FFFFFFFFCBFFFFB6FFFFFFADFFFFCCFF
FFFFFFFF96FFFFFF6BFFFF77FFF8FF39
FFFFFFFFFFC7749DA8D43731FFE69F8F
43FFFF8CFFC4FF81C8FFFFFFFFFFF5FF
FFFFFFFFFF42C8FFC4FF7AFFE6BCFFFF
DC38FF90FFFFDAFFFF8AFF22FFFF4C83
FFFFFFFFFFFFFF888BFF8CFFFB83DA9A
E03BFFFF57FFFFFBEDFFFFFFFFFF0000
FFFFFFFFFFFFB3AEFFFFFFFFFFFFFFC5
FFD4FFFDFFFF9C21FFFFFFFFFF5764F3
634D31A8FFFFFFFD9DD4FFFFFFFFE59A
FFFFF4FFB7FF2F6F2594FFDBFFFFFFB7
FFFFC5F5FFFFFFFFFFE0E4D78EFFFFFF
FFFFFFFFFFFFFFFFFBDEFFFFFFFFFFFF
FFA3BBFFBFDBE3AF77A49AFFFFFFFFFF
FFFFFF94E2B2FFC9FFA2FFFFFF47CBDB
FF92FFFF9396FFFFFF81FFFFFFFFFFFF
FFFFFFFFFFFFFFFFB7F0FFFFFFFFFFFF
0CA6DAF0FFFFA8B7EFF5FFF5FFF07DFF
FFFFFFB4FFFFFFA2FF5DFFFFFFBC8828
FFFFFFAEFFFF6590FFFFFFFFFF6AFF8B
FFE8FFFF42E7FFFFFAFFD1FFFFFFFFFF
FF6BC6FFFFFF72FFFF4CCFFF329DC4C7
E4E6FFFFC34BFFFFFFFFFFFFDCFFFFFF
AFFF8BCFFFFF6CFFFFFFFFB693D3A0ED
FFFFFFE9FFFF905A9B868EACA4FFFFFF
FF82FF64FFF89BFFFFFFFFFFFF84FFFF
FFD376CEFFF6FFFFFFFFD3FFFFFFFFDE
FFFFFFFFBBFFFFFFFFCAFFFFF1FFFF98
6AFF9DFFFFFFFFFFFFDCDBFFE9FFDBFF
FFFFFF76FFFFFFFFFFCEFFFFFFFFB8FF
FFFFFF49E0B68321BBFFFFEDB668EFFF
91FFC1FF9DFFD2FF4ADDFFFF5EFFFFFF
CEFF949AFFFF5038FFFFFFFFFFE7FFFF
95FFABFF22FF6FC914FF99FFFFFF34FF
A1C7FFC7FF94FFFFFFFFFFFFFFFFFFFA
FFFF82FF59FFFFB7FFFFFFFFFFFFFFFF
E088FFFFC5A6FFFFA2C0FF8BFFFF19FF
37BAFFFFFFFFFFFFFFFF87A0B1FFF3FF
FFFF9F11FFFFA1DAFF67FFFFFFFF0000
FFFFFFFFFFD5FF749FFFFFDCFFFF7FFF
FFFFFFC17FFF65937379FFFFFFE0FFFF
CBFFFFFFFFFFFFFFFFFFFFFFFFC7FFFF
FF54DFFFEAFFFFFFFF82A7FFFFFFFFA8
7DFFFFFF3193FFFF8AFF5FFFFFFFFFFF
FFE7FFD2FFFFFFFFFFE6FF52FFFF57C6
FF7BC6FFFFFFFFFFFFB354FFFFFFFFA8
FFFFFFFFFFFFFFFFFBFFFFFFFFF7FFFF
FF89FF7BFFFFFFA6FFFFFFFFFFFFFFA1
FFFFF9FFFFDFFF3899FFFFFFFFA1FFFF
C1FFFFFFFFFFFFFFFFFFFFC6FF7CE2FF
FF883BC1FFFFFFFFFF7271FFFFFFFFD5
FFFFFFFFFFFFB7FFFFFFFF8FFF3BFFA7
FFADFF30FFFF8FFFFFFFFFFF997DCA94
ACFFFF6DFFFFC9FFFFFFFFFFDF61B3FF
DF4DFFB7FFFFB5C0FFFF93FFFFFFDD52
E6B8D6FFFFFFFFFF7BFFB4FF64D2FFFF
FFFFFFFFFFFFA1ABFED6FFFFFFFFFFAB
FF29FF50FF6EFFFFFF6B6E96D1FFB9C0
FFECC478D6FFFFFFC86EE6FFF5D3FFA4
FFFFFFFFFFFFFFFF3031FFFFFFFFE4FF
FFFFFFFFFFFFFF4EFFB5FFFFFFFFABFF
73FFFFFFFFFFFFFF98DBE3FFFFFFFFFF
E6FFFFFFD180932AFFFFD9DD8046FFFF
FF70FFE0A0FFFFFFFFFFFF66FF79FFFF
99FFFFFFFF49FFFFFF44FFC9FFFFFFCF
FFFFFFB4FF54FDFFFFFFE4FFFFC6DBFF
FFFFFFFF97FFEEFFFFFFFF30A10BFFFF
FFFFEFFFFFFFFFFFFF7BFFFFFFFFFFFF
8FD2FF7EF372FE59B684FF95FFFF49FF
FFFFFFD4FF63FF9EFFFF824DEFFFFFFF
FFFFFFCD9AFFA0FFFFFFFFFFFFFF0000
FFFFB295FFE162AA6CF5ABFFFBBEFFFF
FFFFF1FFFFFFFFBFFFFFFFFFFF46FFBD
FFFFFFFFB2FFFFFF72FFBEFFF7FFFFFF
9EFF76C7C2EB7CFFFFFFFFFFEBFFFFFF
8CD097FFD9FFFFFFFFFF89FFD8FFFFFF
FF6BFFBFBEFFFFA6ADD6FFFF86A97F7F
69F8FFFFFFFFFFFFFFFFA4F6F1D597AD
FFFFFF2BFF62FFFFFFFFC0FFFCFFFFFF
FF9CFF41FFFFFFFFFFFFFFFFFFFF8DFF
A1FFFF5FFFB6FF63FFFFFFFFB4FFFFA8
FFA9FFFFE4FCFFDD0B1136FFABFFFFFF
CBF9FFFFFFAAFFFFFFFFD9FFFF7BFFAE
FFFF9BE419FFF3FF33FFFFB7FFFF2FCF
FFFF82D178FFFFFFFFDF5BFFFFFFFF95
FFFFFFFFFFFFC4FFFFC6FFFFFFFFFFFD
87FFFFFFFAF1FFEDF1938DFFFFFFB638
FFFFFFFFC4FFFFFFA8FFCF93DBC0CDFF
FFE1FF49FAFFFFFFFF70AEFF73FFFFF9
FFFFFFFFABFFF6FFFF6982DAFFBFFFFF
FF8DFF89FFFFC7FFFFFFFFFFFFFFFFFF
FFFFFFFFEDFFFF61B240AAFFFFFFFFFF
FF3EFFB1FFFFFFFFFFE3FF6BE8FFFFFF
FFFFE7FFFFFFFFFFFFFFE6FFFFFFFFD5
C4FFFFFFC8FFFFD8FFFFFFFFFF5DE2FF
54FFA64F97F572FFBFFFFFFFFF1FFFFF
FFFF49FFFFFFFFCCFFFFFFFFFFE8A7E9
F4C362FFA9FF7CFF89FF47FFFFFF41FF
FFFFFFFFFF5BFFFFA4FFD2FFFFFFFF29
FFFFFFFFFFFFFFB6FFA8FFFFB7FFFFFF
FFEBFFACFFFFFFFFFFFFD6FF9AFFFFFF
CCFFFFFFFF8BFFFFFFFFFFEBFFCBFF70
2694A4FFFFFFF4CCFFFFFFFFFFFF0000
FFCEDDEB19EAFFFFFFD1D4FFDCFFFFFF
93EDFFFFFFEDFFCDECAAFF70FFFFFFFF
CD2DFFFFFBFF9676FFFFC5FFF2F03FFF
DBFFE6FFFFFFFFFFFFFFFFFFFFFFD006
3FC9FFE3FC6EFF8FFFFFFFFF9DF9B9FF
FFF3FFFFFFFFFFFFB025AD78FFFF9E35
FFFFFFFF41E8F9FFFFF5FFFFFFB660CE
FF5CFDFFFF17FFFFFFFF94FD83FF6CFF
FF7BFFD922B7AEFFDBFFFFC4FFFFFFFF
4CF4FFB3FF63FFA6FF64D69AFCFFFFFF
72B95FFFFFF6BFCBC3FFFFFF8FFFE71D
EEFF64FFFFCCFFFFB2FFFFFFFFFFFFFF
CBFFFFFFFFFFFFFFFF7AFFD90D37AAF5
D4FFFFFF5DC0FFFF96FFFFFFFFFFF16A
FFFFFFFFFFFFFFFFFFFFFF75F5F5FFFF
FFFFFFFFFFFFCDFF6AFF9AFFFFFFFF9D
FFFFAEFFB76FE6FFEEFFEAE34D489FDB
FFFFFF7EC2FFFFFFFFFFFFFFFF90FFFF
C8FFFFFF9FFFFF7075FF60E8FFABFFCD
FFFFFF6BBFFFFFFFFFFFFF26FFFFFFFF
FF879E8CF2FFFFFFFF9FFFFFFF4FFFFF
A4FFFFFFFFFFFFD846FFC9FFFFFFE1FF
E787FF21FF3674A9FFFFE5C2B0FFFFFF
CFFFFF77FFFFFF59FFFF72FFFFFFFFE0
FFFFFFA6FFC8FFFFFFFFC5FFAD86FFFF
FF841FF1FFFFFF151CF3FFFFFFFFFFFF
0EAECF5BACCFFF72FFFFFFDDAFFF84FF
FFD4FFFFFF5DAEFFFFFFFFFFFFD1FFFF
FFFFA4AAFFFFFFFFFFFFFFFFFF81AFFF
FFFF99FFFFFFFFFFA8FFDBFFFFFFFFFF
FFBAFFFFFF84F8FFFFFFFFFFFFFFFFFF
FFFFDEEBFFEFFFFFFFFFFFDAFFFF0000
FFFFFFE24FFFFFD2FF8CFFFFF7F1FFFF
FBFFFFFFFFFFFFAD66FFFFB3FFFFFFFF
CD8CBFCE58FFFFE0D77FFFFFFFFFFF58
FFFF2990977E77FF879AFFFFFF596068
9023B844C3FFFFFFA7FFFFFFFBFFFFCA
FFD7B7FFBFFFFFFFACFFFFFFFFFFFAFF
FFFFFFFFFF26DF6BFFFFABFFFFFFFFFF
FFFF5EABFFFFFFFCFFBCFFFFFFFFFFFF
E2E4A9AAFFFFFFB7A5A9FFFFFFFFFFFF
FFB8FFFFFFFFFFFFFFFF92195BADEFB0
D595FFE4FFFF5DFFFFFFFFFFFFFFFFFF
A2FFFF3391F7FFFFFF767381FFD8FFFF
FFE2FFF3FF90FFA8FFFF64FFFF2BA668
7DFFFFFF40FFFFFDFFFFFFFF97FF24FF
FFFFFFE2FFFFFFFFFFFFDBEFE2FF96FF
FFFFFFFFFBFFFFE4FFFFE36CD1FF71FF
FFFFFFFFFFFCFFFFFFFFCCEF7652FFFF
B071855D50FFF9FFFFFFFFFFDABFFFE6
AF38FFFF80FFFFFFFFFFFF722EFF30FF
EB0579B764FBC7FFFFFFFF8EFFFFFFFC
FFFFFFFFC2FFFFFFFFFFFFBAFFFFFFFF
FF85FFFFFFD5FFE7F4ED62FFCAFFFF18
FFFF33FFFF3DBEFFEA842C68FFFFFFA5
FFE23FFFFF42FF60FF27FFABFFFF20FF
D2FF24FF72FFFFFF74FF44FFCBFFFFFF
FFD0FFE6FFFFFFFFFFFFEDFFFFFFFFC5
7ED1FFFFFFFFFFDBFFFFFFFFFF76FFFF
FFFFFFFFB94055FFFFFFFFFFFFFF32FF
FFFF51FFFFFF3AFFFFFFFFFFD9790DFF
FFFFE1FFFFFFFFFFFFFFFFFF42FFFF89
FFFFFFFFF5BBFF893AFFFFFF51FFFFFF
FFFFFF07FF90FFFFFFFFFFFF7AFF0000
86FFFFBA59EDFFFFFFF4FF75FFFBFFFF
FFFFFFFFFFFF7293B4FFFFA6FFF8FFBE
B492FFFFFFFFFFFFFF4FFF97FFB6FFFF
FFFFCEFFFFFFFFFFFFFFFFFF99FFFF45
D0EDDFFF85FFD4FAFFFFFFFF2AFF6C70
FFEBFFFFFF23A2FFFFFF85FFFFFFFFFF
FFFFFFFFFFFC1CE0FFFFFFC2FFFFB0FF
FFFFFFFFFFFF9D86FFFFB6DACECDFFFF
E4FFFFF6FFFFB1FFFFFFFF2DEECEFFFF
FFFFFFFFFF78FFFFFFC1428CACA385FF
2FD6FFFF8AFFFFFFFFFFFFFFFFFFFFFF
FF78FF84FFF9FFEAFFCBFFBDFF61FFFB
7972AEEB6FFFFFFF78FFFFFFFFAADB42
FFFFFFFFFFB8FFCF3A6671FFFFFF1CFF
FFFFFFFFFFFFE7FFFFFFA7FF56FF9DFF
FFFF77FFFFFFFFFFFFD3F2FFFFFFBBFF
FFD7FFFFFFFFFF75CDFFFF7CFFFFFFFF
FFFFFFFFBDFAFFFFFFFF7AFFF080BE6C
95EFFFEDEEFFBBFFFFFFFFFFFF6FFFCA
98FFFFFFFFBBEAFFFFFFFFFF75FCFFFF
FFFF8D9093323DFFFFFFFFE68DE674FF
3A98FFFFE86AFFED80FA8CFFFFFFDD93
59FFFF7BFFFFFFFFFFD08516EBFF8E2E
FFFFFFFF75C7FFFFFFFF99FFFF45FFFF
E8FFFFFFFFFF1C8DFFFFFFFFFFF8FFFF
FFFFFF1BC2FFCEFFABB0FFFF61FFFFFF
FFFFFFF7FFFFFFFFFFFFFFFFFFFFFFE8
FF0AFFADFFFFFFFFFFFFFF5EFFFFFFD4
FFFF95C7FFFFFFFFFF5FFFFFFFF3FFFF
84FFFFFFFF2EFFFFAE7E9137ACFFFF63
88CFD454FFB8DE31FFFFCBFFFFAEFFFF
FFFFFFFFFFFFFFFF57AFFFB0DBFF0000
96FFFF92D4FFFF790A5BFFFFEBFFFFFF
E1FF93FFFFDAFFFFB87BFFFF8BF2E55D
FFFFFFFFABFFFFFFFEFFBCFF9CFFFFFF
FFFF1398FFFF5B86FFFFFFFF44FFC185
FFFFBB9DFFFFFFFFFFFFFFFFFFFF4DFF
FFAAFFFDEBDAFF9CFFFFB2FFFF82FFFF
FFE9FFFFC0FFFF73FFFFFFFF76FFFFFF
FFFFFFFFB2FF4DA1C192FFFFFFFFFFFF
FFF461FFFFFF77FFFFFF75FFFFFFFF64
E2FFFFFFFFFFFFE2FFFFFFFF89AB4AC1
72FF84FFBEFFFFFFFFFF3BFFFFFFA65C
FFFFFFFFCE4EFFFF80FF8AFFFFC9FFCE
FF90FFFFFF7AD7FF9361DDFF96FFFF6F
FFB5E1FFFFFFFF96DBB5F2FFED1DB4FF
82FDFFFFFFFF93FF40655BFFC2FFFFFF
FFFFFBB7FFFFE5AFFED767FFFFFFFFFF
47FFFFFFFFFFDBF2B096A7FFFFFFE9FF
FF45DDF4FFFFFFFF7FFF97FF709DFFFF
FFFFFFFFFFFF9EFFFFFF22FF51FFD7FF
FFFF62FFB7E776FFFFFFFFFFFFFFBEFF
FFFFB6FFFF59FFFFBDFFFF6D9C94F0FF
FFFF32A1FFFFDDFFFF89FFC3FF3EFFFF
FE25FFFFBFFFC8FFFFE7FFFFFF89FFA5
FFFFFFFFFFFFFFFFA5FFFFFFB1FFFFFF
FFFFA1C928FF94C6E1FFFFFFFFFF91FF
FFCEFFFFFFFF52FFFFFFFFFFFFFFFFFF
FFFFE093FFC7FFE6FCFFFFFF94FFFFFF
34FFFFFFF6A0CCFFFFFF5C5DFFFF71FF
D5FFFFFFFFFFFFFFC9FFFFFFFF6AFFFF
FFFFE795FF61FFFFFFFFFFFFFFFFFFFF
FF8EFFFFBCD327FFFFFFFFFF5CFFFFFF
FFFFFFFFFFB5FFFFFFFFFFB6FFFF0000
FB78FFFFFF21FFFF978FFFFFFFFFF9BB
B4E8FFFFDA8EFFABFFFFAFBEFFFF594F
FFFF7B7B35FFB5D3FFFFFFFFFFB7FFFF
BEFFFFFFFDFFFFFFFFFF78FFFFFFFFF0
FFCDFFCBFF5AFFBAFFFF695530C1D5FF
DDFFDCFFDCFFFFD430FFFFFFFF68FFFF
AAFFFFFFFFFFFF97FFFFBA61A6C7FFFF
FFFFFFFFB5C783CB75BC6A4CFFFFFFFF
FFA791FFFFFFFFC9FFFFBBFFFFFFFF7C
FFFFF0FFFFF3BFAEFF94FFFF96FF354E
B7FFFFFFFFFFFF1FFFFF92FFFFFF96FF
FFFFFFFFFFFFC5FFCF07FEFAFFB4BCE3
FFFFFFFF57FFFFFFFFFFFFFFEAC0FF7A
D6DCFFFFFFFFFFFFF04E9A95FF7F9DD3
FFFFFFFFFFF3FEFFF4FFF9FFFFFFFFFF
FF29FFFFFFFFFFFF56FF62FFC6FFFFFF
7AF5FCFFFFFF16FFFFE0A4B7CEFFFFFF
FFFFFFC4FFFFFFFFD8FFB7FFFFB5B29D
FFFFFFFFDFFFFFFF6BFFFF99F6FF78FF
FFFFFFFF48966FFF82FFFFFFDCFF23FF
BAADFFFF9CFF6BFFFFE38CB0FFFFFFFD
1CFF1BFF9CFFFFFF9859FFFFFFFFFF97
FFFFEDFFFFFFFFFFFFECBC4EFFD4FFFF
FFFFFFFFFFFFFFFFFFFFFF8137AB51FF
FFFFFFFFFFFFFF352CFF8CEC69FF4FFF
FFCB307E6A6AFFFF63FBFFE4FF86E0FF
477580FFFFFFFFFF2FFFFF94FFFFA86C
FFFFFFFFFFFFCFFFFFFFFF21FFFF989C
FFFFFF6BF8FFCCFFFF6CFFFF70CAFFFF
FFFFFFFF88FFFFFFEAFFD86CFFFFFFFF
FFFF66FF327FE37EB9D8E253FFFFFFFF
4FFFFFFFA0FFFFFF41FFB89EFFE60000
523CFF81FFD17CFFFFFFFFFF8EFFA2E4
FFFFFFFF9069FF64FFFF8E4DCBFFFFFF
A6FFD0CA76FF9149FFFFFF9CFFFFFFFF
FFE5CCBDC7F8FFFF35FFECFFFFB4FFFF
FF57FFFFFF672DFFC5FFA6FFFFE4F7FF
FFFFFFFFFFFFFFDAFFFFFF288C85A2FF
FFFFFCFFFFFFFEFFFFFF53F6FFFFFFFF
FF2A20FFFFFF89FF579619AAF7FFFFFF
1DFFFFFF42FFFFB08EFFFF86FFFFDBB9
FFFF9485FFFFFFFFFFC6FFFF5AFFFFFF
FFFFFF847D70FFD0FFFFDFFFFFE089FF
FFFFFFFFFF61FFFFDD53FFFFFFFF3EFF
FFC5A7FFD7FFDEB5FFFFB4E0FFFFFFEA
364419FEFFDEFF83FFFFFFFF3BFF4991
FFAC91FFFFFFFFE9FFFFFFFFFFA1EBFF
0B7C1FFFFFFFB2FFFFFFFF8EFFF8FFFF
FFFFFFFFFFFFFFFFFFFFFF52FFE0FFFF
EAADFFFFFFFFFFF4FFCDFFFF64FFFFFF
FFFFFFFFFFFFFFFFF422FFC2FFFF76FF
FFA051FFFFE8FFFFFFFFFFAEFFF6FFA6
2DF1FFFFD4FFFFFF48FFFFFFFFBF65FF
FFD03EFFFFFFA8FF9BFFFFFFE3FFFF76
FF77FFFFFFFFFFADFFFFFFFF4DFFA2FF
54F1FFFFE0FFC8FFE5FFB9FF879CFF2C
FFABFFEFFFB66FFFFFD061FFFFFFFFFF
FFDFFFFFE2F7D7FFFFFFFFFFFFFF91D5
FFFF98FFACFFFFFFFF7BFFFFD8EAC1FF
FFFFFFFFFFFFF554F0FFC2FFFFFFFFFF
FFFFFFDB89FFFFFFFFFF7DFF8BFF40FF
FFFFFAC8EEFFFFFFFFFFFFFFCADEF17D
FFFFFF92FFC4E1FFFFFFFFB3FFFFFFFF
FFF1FFFFFFFF24FFFFF6FFFFFFFF0000
FFFFFFFFFF3CFFFFFFD5FF30FFFFB4FF
FFFFFFFFFFFFFFFFFFFF1DDD7CFF5176
FFFFB17DE3D384C1FFFFBFACBBFFFFFF
FFFFFFFFFFE3CFC797C7FFD3FFFFFFFF
FFFFFFA6BAFFFFFF30FF46FF64FFFFF8
FFFFFFE6FCD4AEFFFFFFFFFFE490E2EA
FFFFFFFFFF98FFACE5BFB0FF7FFFDA84
FFCDE3D3FFFFFFFFFFEE397DEBFFFFFF
FFFFFFFFDAFFFFFFFFFF9158FE6487BD
FFFFC37DFFC9FFFFFFFFB9FFFFFFAB67
FF91FFFFBBFFFFFFFFFFFFE3FFA5FBFF
0D98CB7257D5FF95F5C3FFFFFFFF8FFF
C3A4BDFFFFFFB7FFFFFFA7E4FFFFFFFD
FF9382FFFFD2FF6FFFFFFFFFDB5074B2
C6FFFFFFFFFFFFF15AFFFFFFFB6E47FE
FFFFF1F6BDFFFFBFFFD0C9FFFF7D7F71
FFFFFFEFFFFFFFFF80D7A9FFCCFFFFFF
C668FFFFFFFFFFE5FFCE76FFFFFFD4FF
FFFFC1FFDEFF6B5DA1FFFFFFFFFF88C7
BEFFA1FF34FFFFFF8D0EF6FFFFFF5DFF
FFFFFFFFFF5AFFFFFFA0F92BFFFFFFFF
8AFFE9DEB397FFB9FFFFFFFFFFBFFFFF
FFFFFFFFFF6BD2FF7DFFC089EAFFFFFF
FFFFFFFFFF2CFFFFC7FFFFFFC3E9FFFF
FFFFFF79955FEAFFFFFFFFFF82FFFFB5
FFB4BCFFFFFFFFFFFFFFFFFFFFFF9875
FFFFFF08FFFFFFFFFCFF76FFD0ADA8FF
FFE0FFFFFFFFFF9BE7FFFFFFFFFFFFFF
82FF801D3A3FAAFFC5FF57FFFFFFFFFF
FF83FFFF69FFE4FFFFFFFF8192F288FF
59FFFFFFFFFFFFFF93FFFFF6FFFF91FF
FFFFFF53FFFFFFFFFFFFFF8488890000
FFA2FF81FFFFFFFFABFFAAFF7CFFFFFF
FFFFFFFFFFDD94FFFFFFFFFFFFFF51FF
C9C876FFB6EAACFF6DFFFF4DB1FFB2C4
8AFFFF78E5FFFFDFA489FFFFFFFFFFA7
FF56FFFFFFA5FFFFFF43FFFFFFFFFFFF
3CB23B30BADAFFFFFFFD90A9A37868C7
FFFF9DFFFFFFFFFFFF74FFFFFFFFFF91
5494FFAAFFFFFFC9DAFFFFFFFFFFFFFF
FF70AC3138B0FFFFFFB8A482CAFFFFFF
FFFFB766FFFFFF94FFFFFF91FFFFFFFF
FFFFFFFFFFFFFFFFFFFFFFFFFFFFFFFF
648B73FFFFFFFF6DFFFFFFFFFFFF99A5
FFFFFFFFA8F9FF7DFFFFFFABC6D485C6
FFA4B2D4FFFFFFFF9BFFFF76C7C5BA8A
F0FFE9BDFFFFFF7FF69EFFFFFFFFFEB6
FFFFFFFFFFFF769E4BFAFFFF90FFEF52
FFFFFFFFAFF2EFFFFFFFFF88E6FFFFFF
4CE7FF53FFFFFFFFFF56B0FFFFFFFFFF
FFFFFFFFBEFF1258FFFFFFFFFF4E58DA
FFF657F9FFFAD0FFFFFFEDFFFFFFB6F9
FFBC96FFF3FFFFFFFFFAFFFFFFFFFF85
FF89FFF3B0FFD4FFFFFFFF3BFFFFFFFF
FFFFFFD87096FF6DFFFFFFBDFFC3FFFF
A1E727FFBCFF74B6FFFFFFC699D396FF
FF7341FF5FFF59ECF805CAFF8FA35DFF
C194FFFFEEFFFFFFFF5AFFFFFFFF3EFF
B9FFF2E9FFFDFF8FFFFFCDFFFFC9FFFF
FFFFFFFF69FFC4A9FF8CFFFFAFC7C0FA
88FF20FFFF7464D98BFFFFFFFFFFFF40
A611B045A360FF94FFFF79E6A6FF9B45
A9FF67EFA4FFFFBAFFFF67FFFFFFFFA6
