Time resolution is 1 ps
Info: [XPM_MEMORY 20-1] MEMORY_PRIMITIVE (0) instructs Vivado Synthesis to choose the memory primitive type. Depending on their values, other XPM_MEMORY parameters may preclude the choice of certain memory primitive types. Review XPM_MEMORY documentation and parameter values to understand any limitations, or set MEMORY_PRIMITIVE to a different value. tb_top.dut.fusion_top.old_fifo.inst.gen_fifo.xpm_fifo_axis_inst.xpm_fifo_base_inst.gen_sdpram.xpm_memory_base_inst.config_drc
Time: 1 ps  Iteration: 0  Process: /tb_top/dut/fusion_top/old_fifo/inst/gen_fifo.xpm_fifo_axis_inst/xpm_fifo_base_inst/gen_sdpram.xpm_memory_base_inst/Initial302_901  Scope: tb_top.dut.fusion_top.old_fifo.inst.gen_fifo.xpm_fifo_axis_inst.xpm_fifo_base_inst.gen_sdpram.xpm_memory_base_inst.config_drc  File: /Data/cad/Xilinx/Vivado/2024.2/data/ip/xpm/xpm_memory/hdl/xpm_memory.sv Line: 514
Info: [XPM_MEMORY 20-1] MEMORY_PRIMITIVE (0) instructs Vivado Synthesis to choose the memory primitive type. Depending on their values, other XPM_MEMORY parameters may preclude the choice of certain memory primitive types. Review XPM_MEMORY documentation and parameter values to understand any limitations, or set MEMORY_PRIMITIVE to a different value. tb_top.dut.fusion_top.new_fifo.inst.gen_fifo.xpm_fifo_axis_inst.xpm_fifo_base_inst.gen_sdpram.xpm_memory_base_inst.config_drc
Time: 1 ps  Iteration: 0  Process: /tb_top/dut/fusion_top/new_fifo/inst/gen_fifo.xpm_fifo_axis_inst/xpm_fifo_base_inst/gen_sdpram.xpm_memory_base_inst/Initial302_901  Scope: tb_top.dut.fusion_top.new_fifo.inst.gen_fifo.xpm_fifo_axis_inst.xpm_fifo_base_inst.gen_sdpram.xpm_memory_base_inst.config_drc  File: /Data/cad/Xilinx/Vivado/2024.2/data/ip/xpm/xpm_memory/hdl/xpm_memory.sv Line: 514
[TB] Sending pair 0: new=frame0  old=frame0
[AXIS INPUT 0] Loading input file: /home/23EC01052/Desktop/my_branch/LRF/data/hex_data/hex_img_000
[AXIS INPUT 0] Loading input file: /home/23EC01052/Desktop/my_branch/LRF/data/hex_data/hex_img_000
[TB] Sending pair 1: new=frame1  old=frame0
[AXIS INPUT 0] Loading input file: /home/23EC01052/Desktop/my_branch/LRF/data/hex_data/hex_img_001
[AXIS INPUT 0] Loading input file: /home/23EC01052/Desktop/my_branch/LRF/data/hex_data/hex_img_000
[TB] Sending pair 2: new=frame2  old=frame0
[AXIS INPUT 0] Loading input file: /home/23EC01052/Desktop/my_branch/LRF/data/hex_data/hex_img_002
[AXIS INPUT 0] Loading input file: /home/23EC01052/Desktop/my_branch/LRF/data/hex_data/hex_img_000
[TB] Sending pair 3: new=frame3  old=frame0
[AXIS INPUT 0] Loading input file: /home/23EC01052/Desktop/my_branch/LRF/data/hex_data/hex_img_003
[AXIS INPUT 0] Loading input file: /home/23EC01052/Desktop/my_branch/LRF/data/hex_data/hex_img_000
[TB] Sending pair 4: new=frame4  old=frame0
[AXIS INPUT 0] Loading input file: /home/23EC01052/Desktop/my_branch/LRF/data/hex_data/hex_img_004
[AXIS INPUT 0] Loading input file: /home/23EC01052/Desktop/my_branch/LRF/data/hex_data/hex_img_000
[TB] Sending pair 5: new=frame5  old=frame0
[AXIS INPUT 0] Loading input file: /home/23EC01052/Desktop/my_branch/LRF/data/hex_data/hex_img_005
[AXIS INPUT 0] Loading input file: /home/23EC01052/Desktop/my_branch/LRF/data/hex_data/hex_img_000
[TB] Sending pair 6: new=frame6  old=frame0
[AXIS INPUT 0] Loading input file: /home/23EC01052/Desktop/my_branch/LRF/data/hex_data/hex_img_006
[AXIS INPUT 0] Loading input file: /home/23EC01052/Desktop/my_branch/LRF/data/hex_data/hex_img_000
[TB] Sending pair 7: new=frame7  old=frame0
[AXIS INPUT 0] Loading input file: /home/23EC01052/Desktop/my_branch/LRF/data/hex_data/hex_img_007
[AXIS INPUT 0] Loading input file: /home/23EC01052/Desktop/my_branch/LRF/data/hex_data/hex_img_000
[TB] Sending pair 8: new=frame8  old=frame0
[AXIS INPUT 0] Loading input file: /home/23EC01052/Desktop/my_branch/LRF/data/hex_data/hex_img_008
[AXIS INPUT 0] Loading input file: /home/23EC01052/Desktop/my_branch/LRF/data/hex_data/hex_img_000
[TB] Sending pair 9: new=frame9  old=frame0
[AXIS INPUT 0] Loading input file: /home/23EC01052/Desktop/my_branch/LRF/data/hex_data/hex_img_009
[AXIS INPUT 0] Loading input file: /home/23EC01052/Desktop/my_branch/LRF/data/hex_data/hex_img_000
[TB] Sending pair 10: new=frame10  old=frame0
[AXIS INPUT 0] Loading input file: /home/23EC01052/Desktop/my_branch/LRF/data/hex_data/hex_img_010
[AXIS INPUT 0] Loading input file: /home/23EC01052/Desktop/my_branch/LRF/data/hex_data/hex_img_000
[TB] Sending pair 11: new=frame11  old=frame0
[AXIS INPUT 0] Loading input file: /home/23EC01052/Desktop/my_branch/LRF/data/hex_data/hex_img_011
[AXIS INPUT 0] Loading input file: /home/23EC01052/Desktop/my_branch/LRF/data/hex_data/hex_img_000
[TB] Sending pair 12: new=frame12  old=frame0
[AXIS INPUT 0] Loading input file: /home/23EC01052/Desktop/my_branch/LRF/data/hex_data/hex_img_012
[AXIS INPUT 0] Loading input file: /home/23EC01052/Desktop/my_branch/LRF/data/hex_data/hex_img_000
[TB] Sending pair 13: new=frame13  old=frame0
[AXIS INPUT 0] Loading input file: /home/23EC01052/Desktop/my_branch/LRF/data/hex_data/hex_img_013
[AXIS INPUT 0] Loading input file: /home/23EC01052/Desktop/my_branch/LRF/data/hex_data/hex_img_000
[TB] Sending pair 14: new=frame14  old=frame0
[AXIS INPUT 0] Loading input file: /home/23EC01052/Desktop/my_branch/LRF/data/hex_data/hex_img_014
[AXIS INPUT 0] Loading input file: /home/23EC01052/Desktop/my_branch/LRF/data/hex_data/hex_img_000
[TB] Sending pair 15: new=frame15  old=frame0
[AXIS INPUT 0] Loading input file: /home/23EC01052/Desktop/my_branch/LRF/data/hex_data/hex_img_015
[AXIS INPUT 0] Loading input file: /home/23EC01052/Desktop/my_branch/LRF/data/hex_data/hex_img_000
[TB] Sending pair 16: new=frame16  old=frame0
[AXIS INPUT 0] Loading input file: /home/23EC01052/Desktop/my_branch/LRF/data/hex_data/hex_img_016
[AXIS INPUT 0] Loading input file: /home/23EC01052/Desktop/my_branch/LRF/data/hex_data/hex_img_000
[TB] Sending pair 17: new=frame17  old=frame1
[AXIS INPUT 0] Loading input file: /home/23EC01052/Desktop/my_branch/LRF/data/hex_data/hex_img_017
[AXIS INPUT 0] Loading input file: /home/23EC01052/Desktop/my_branch/LRF/data/hex_data/hex_img_001
[TB] Sending pair 18: new=frame18  old=frame2
[AXIS INPUT 0] Loading input file: /home/23EC01052/Desktop/my_branch/LRF/data/hex_data/hex_img_018
[AXIS INPUT 0] Loading input file: /home/23EC01052/Desktop/my_branch/LRF/data/hex_data/hex_img_002
[TB] Sending pair 19: new=frame19  old=frame3
[AXIS INPUT 0] Loading input file: /home/23EC01052/Desktop/my_branch/LRF/data/hex_data/hex_img_019
[AXIS INPUT 0] Loading input file: /home/23EC01052/Desktop/my_branch/LRF/data/hex_data/hex_img_003
[TB] Sending pair 20: new=frame20  old=frame4
[AXIS INPUT 0] Loading input file: /home/23EC01052/Desktop/my_branch/LRF/data/hex_data/hex_img_020
[AXIS INPUT 0] Loading input file: /home/23EC01052/Desktop/my_branch/LRF/data/hex_data/hex_img_004
[TB] Sending pair 21: new=frame21  old=frame5
[AXIS INPUT 0] Loading input file: /home/23EC01052/Desktop/my_branch/LRF/data/hex_data/hex_img_021
[AXIS INPUT 0] Loading input file: /home/23EC01052/Desktop/my_branch/LRF/data/hex_data/hex_img_005
[TB] Sending pair 22: new=frame22  old=frame6
[AXIS INPUT 0] Loading input file: /home/23EC01052/Desktop/my_branch/LRF/data/hex_data/hex_img_022
[AXIS INPUT 0] Loading input file: /home/23EC01052/Desktop/my_branch/LRF/data/hex_data/hex_img_006
[TB] Sending pair 23: new=frame23  old=frame7
[AXIS INPUT 0] Loading input file: /home/23EC01052/Desktop/my_branch/LRF/data/hex_data/hex_img_023
[AXIS INPUT 0] Loading input file: /home/23EC01052/Desktop/my_branch/LRF/data/hex_data/hex_img_007
[TB] Sending pair 24: new=frame24  old=frame8
[AXIS INPUT 0] Loading input file: /home/23EC01052/Desktop/my_branch/LRF/data/hex_data/hex_img_024
[AXIS INPUT 0] Loading input file: /home/23EC01052/Desktop/my_branch/LRF/data/hex_data/hex_img_008
[TB] Sending pair 25: new=frame25  old=frame9
[AXIS INPUT 0] Loading input file: /home/23EC01052/Desktop/my_branch/LRF/data/hex_data/hex_img_025
[AXIS INPUT 0] Loading input file: /home/23EC01052/Desktop/my_branch/LRF/data/hex_data/hex_img_009
[TB] Sending pair 26: new=frame26  old=frame10
[AXIS INPUT 0] Loading input file: /home/23EC01052/Desktop/my_branch/LRF/data/hex_data/hex_img_026
[AXIS INPUT 0] Loading input file: /home/23EC01052/Desktop/my_branch/LRF/data/hex_data/hex_img_010
[TB] Sending pair 27: new=frame27  old=frame11
[AXIS INPUT 0] Loading input file: /home/23EC01052/Desktop/my_branch/LRF/data/hex_data/hex_img_027
[AXIS INPUT 0] Loading input file: /home/23EC01052/Desktop/my_branch/LRF/data/hex_data/hex_img_011
[TB] Sending pair 28: new=frame28  old=frame12
[AXIS INPUT 0] Loading input file: /home/23EC01052/Desktop/my_branch/LRF/data/hex_data/hex_img_028
[AXIS INPUT 0] Loading input file: /home/23EC01052/Desktop/my_branch/LRF/data/hex_data/hex_img_012
[TB] Sending pair 29: new=frame29  old=frame13
[AXIS INPUT 0] Loading input file: /home/23EC01052/Desktop/my_branch/LRF/data/hex_data/hex_img_029
[AXIS INPUT 0] Loading input file: /home/23EC01052/Desktop/my_branch/LRF/data/hex_data/hex_img_013
[TB] Sending pair 30: new=frame30  old=frame14
[AXIS INPUT 0] Loading input file: /home/23EC01052/Desktop/my_branch/LRF/data/hex_data/hex_img_030
[AXIS INPUT 0] Loading input file: /home/23EC01052/Desktop/my_branch/LRF/data/hex_data/hex_img_014
[TB] Sending pair 31: new=frame31  old=frame15
[AXIS INPUT 0] Loading input file: /home/23EC01052/Desktop/my_branch/LRF/data/hex_data/hex_img_031
[AXIS INPUT 0] Loading input file: /home/23EC01052/Desktop/my_branch/LRF/data/hex_data/hex_img_015
[TB] Sending pair 32: new=frame32  old=frame16
[AXIS INPUT 0] Loading input file: /home/23EC01052/Desktop/my_branch/LRF/data/hex_data/hex_img_032
[AXIS INPUT 0] Loading input file: /home/23EC01052/Desktop/my_branch/LRF/data/hex_data/hex_img_016
[TB] Sending pair 33: new=frame33  old=frame17
[AXIS INPUT 0] Loading input file: /home/23EC01052/Desktop/my_branch/LRF/data/hex_data/hex_img_033
[AXIS INPUT 0] Loading input file: /home/23EC01052/Desktop/my_branch/LRF/data/hex_data/hex_img_017
[TB] Sending pair 34: new=frame34  old=frame18
[AXIS INPUT 0] Loading input file: /home/23EC01052/Desktop/my_branch/LRF/data/hex_data/hex_img_034
[AXIS INPUT 0] Loading input file: /home/23EC01052/Desktop/my_branch/LRF/data/hex_data/hex_img_018
[TB] Sending pair 35: new=frame35  old=frame19
[AXIS INPUT 0] Loading input file: /home/23EC01052/Desktop/my_branch/LRF/data/hex_data/hex_img_035
[AXIS INPUT 0] Loading input file: /home/23EC01052/Desktop/my_branch/LRF/data/hex_data/hex_img_019
[TB] Sending pair 36: new=frame36  old=frame20
[AXIS INPUT 0] Loading input file: /home/23EC01052/Desktop/my_branch/LRF/data/hex_data/hex_img_036
[AXIS INPUT 0] Loading input file: /home/23EC01052/Desktop/my_branch/LRF/data/hex_data/hex_img_020
[TB] Sending pair 37: new=frame37  old=frame21
[AXIS INPUT 0] Loading input file: /home/23EC01052/Desktop/my_branch/LRF/data/hex_data/hex_img_037
[AXIS INPUT 0] Loading input file: /home/23EC01052/Desktop/my_branch/LRF/data/hex_data/hex_img_021
[TB] Sending pair 38: new=frame38  old=frame22
[AXIS INPUT 0] Loading input file: /home/23EC01052/Desktop/my_branch/LRF/data/hex_data/hex_img_038
[AXIS INPUT 0] Loading input file: /home/23EC01052/Desktop/my_branch/LRF/data/hex_data/hex_img_022
[TB] Sending pair 39: new=frame39  old=frame23
[AXIS INPUT 0] Loading input file: /home/23EC01052/Desktop/my_branch/LRF/data/hex_data/hex_img_039
[AXIS INPUT 0] Loading input file: /home/23EC01052/Desktop/my_branch/LRF/data/hex_data/hex_img_023
[TB] Sending pair 40: new=frame40  old=frame24
[AXIS INPUT 0] Loading input file: /home/23EC01052/Desktop/my_branch/LRF/data/hex_data/hex_img_040
[AXIS INPUT 0] Loading input file: /home/23EC01052/Desktop/my_branch/LRF/data/hex_data/hex_img_024
[TB] Sending pair 41: new=frame41  old=frame25
[AXIS INPUT 0] Loading input file: /home/23EC01052/Desktop/my_branch/LRF/data/hex_data/hex_img_041
[AXIS INPUT 0] Loading input file: /home/23EC01052/Desktop/my_branch/LRF/data/hex_data/hex_img_025
[TB] Sending pair 42: new=frame42  old=frame26
[AXIS INPUT 0] Loading input file: /home/23EC01052/Desktop/my_branch/LRF/data/hex_data/hex_img_042
[AXIS INPUT 0] Loading input file: /home/23EC01052/Desktop/my_branch/LRF/data/hex_data/hex_img_026
[TB] Sending pair 43: new=frame43  old=frame27
[AXIS INPUT 0] Loading input file: /home/23EC01052/Desktop/my_branch/LRF/data/hex_data/hex_img_043
[AXIS INPUT 0] Loading input file: /home/23EC01052/Desktop/my_branch/LRF/data/hex_data/hex_img_027
[TB] Sending pair 44: new=frame44  old=frame28
[AXIS INPUT 0] Loading input file: /home/23EC01052/Desktop/my_branch/LRF/data/hex_data/hex_img_044
[AXIS INPUT 0] Loading input file: /home/23EC01052/Desktop/my_branch/LRF/data/hex_data/hex_img_028
[TB] Sending pair 45: new=frame45  old=frame29
[AXIS INPUT 0] Loading input file: /home/23EC01052/Desktop/my_branch/LRF/data/hex_data/hex_img_045
[AXIS INPUT 0] Loading input file: /home/23EC01052/Desktop/my_branch/LRF/data/hex_data/hex_img_029
[TB] Sending pair 46: new=frame46  old=frame30
[AXIS INPUT 0] Loading input file: /home/23EC01052/Desktop/my_branch/LRF/data/hex_data/hex_img_046
[AXIS INPUT 0] Loading input file: /home/23EC01052/Desktop/my_branch/LRF/data/hex_data/hex_img_030
[TB] Sending pair 47: new=frame47  old=frame31
[AXIS INPUT 0] Loading input file: /home/23EC01052/Desktop/my_branch/LRF/data/hex_data/hex_img_047
[AXIS INPUT 0] Loading input file: /home/23EC01052/Desktop/my_branch/LRF/data/hex_data/hex_img_031
[TB] Sending pair 48: new=frame48  old=frame32
[AXIS INPUT 0] Loading input file: /home/23EC01052/Desktop/my_branch/LRF/data/hex_data/hex_img_048
[AXIS INPUT 0] Loading input file: /home/23EC01052/Desktop/my_branch/LRF/data/hex_data/hex_img_032
[TB] Sending pair 49: new=frame49  old=frame33
[AXIS INPUT 0] Loading input file: /home/23EC01052/Desktop/my_branch/LRF/data/hex_data/hex_img_049
[AXIS INPUT 0] Loading input file: /home/23EC01052/Desktop/my_branch/LRF/data/hex_data/hex_img_033
[TB] Sending pair 50: new=frame50  old=frame34
[AXIS INPUT 0] Loading input file: /home/23EC01052/Desktop/my_branch/LRF/data/hex_data/hex_img_050
[AXIS INPUT 0] Loading input file: /home/23EC01052/Desktop/my_branch/LRF/data/hex_data/hex_img_034
[TB] Sending pair 51: new=frame51  old=frame35
[AXIS INPUT 0] Loading input file: /home/23EC01052/Desktop/my_branch/LRF/data/hex_data/hex_img_051
[AXIS INPUT 0] Loading input file: /home/23EC01052/Desktop/my_branch/LRF/data/hex_data/hex_img_035
[TB] Sending pair 52: new=frame52  old=frame36
[AXIS INPUT 0] Loading input file: /home/23EC01052/Desktop/my_branch/LRF/data/hex_data/hex_img_052
[AXIS INPUT 0] Loading input file: /home/23EC01052/Desktop/my_branch/LRF/data/hex_data/hex_img_036
[TB] Sending pair 53: new=frame53  old=frame37
[AXIS INPUT 0] Loading input file: /home/23EC01052/Desktop/my_branch/LRF/data/hex_data/hex_img_053
[AXIS INPUT 0] Loading input file: /home/23EC01052/Desktop/my_branch/LRF/data/hex_data/hex_img_037
[TB] Sending pair 54: new=frame54  old=frame38
[AXIS INPUT 0] Loading input file: /home/23EC01052/Desktop/my_branch/LRF/data/hex_data/hex_img_054
[AXIS INPUT 0] Loading input file: /home/23EC01052/Desktop/my_branch/LRF/data/hex_data/hex_img_038
[TB] Sending pair 55: new=frame55  old=frame39
[AXIS INPUT 0] Loading input file: /home/23EC01052/Desktop/my_branch/LRF/data/hex_data/hex_img_055
[AXIS INPUT 0] Loading input file: /home/23EC01052/Desktop/my_branch/LRF/data/hex_data/hex_img_039
[TB] Sending pair 56: new=frame56  old=frame40
[AXIS INPUT 0] Loading input file: /home/23EC01052/Desktop/my_branch/LRF/data/hex_data/hex_img_056
[AXIS INPUT 0] Loading input file: /home/23EC01052/Desktop/my_branch/LRF/data/hex_data/hex_img_040
[TB] Sending pair 57: new=frame57  old=frame41
[AXIS INPUT 0] Loading input file: /home/23EC01052/Desktop/my_branch/LRF/data/hex_data/hex_img_057
[AXIS INPUT 0] Loading input file: /home/23EC01052/Desktop/my_branch/LRF/data/hex_data/hex_img_041
[TB] Sending pair 58: new=frame58  old=frame42
[AXIS INPUT 0] Loading input file: /home/23EC01052/Desktop/my_branch/LRF/data/hex_data/hex_img_058
[AXIS INPUT 0] Loading input file: /home/23EC01052/Desktop/my_branch/LRF/data/hex_data/hex_img_042
[TB] Sending pair 59: new=frame59  old=frame43
[AXIS INPUT 0] Loading input file: /home/23EC01052/Desktop/my_branch/LRF/data/hex_data/hex_img_059
[AXIS INPUT 0] Loading input file: /home/23EC01052/Desktop/my_branch/LRF/data/hex_data/hex_img_043
[TB] Sending pair 60: new=frame60  old=frame44
[AXIS INPUT 0] Loading input file: /home/23EC01052/Desktop/my_branch/LRF/data/hex_data/hex_img_060
[AXIS INPUT 0] Loading input file: /home/23EC01052/Desktop/my_branch/LRF/data/hex_data/hex_img_044
[TB] Sending pair 61: new=frame61  old=frame45
[AXIS INPUT 0] Loading input file: /home/23EC01052/Desktop/my_branch/LRF/data/hex_data/hex_img_061
[AXIS INPUT 0] Loading input file: /home/23EC01052/Desktop/my_branch/LRF/data/hex_data/hex_img_045
[TB] Sending pair 62: new=frame62  old=frame46
[AXIS INPUT 0] Loading input file: /home/23EC01052/Desktop/my_branch/LRF/data/hex_data/hex_img_062
[AXIS INPUT 0] Loading input file: /home/23EC01052/Desktop/my_branch/LRF/data/hex_data/hex_img_046
[TB] Sending pair 63: new=frame63  old=frame47
[AXIS INPUT 0] Loading input file: /home/23EC01052/Desktop/my_branch/LRF/data/hex_data/hex_img_063
[AXIS INPUT 0] Loading input file: /home/23EC01052/Desktop/my_branch/LRF/data/hex_data/hex_img_047
[TB] Sending pair 64: new=frame64  old=frame48
[AXIS INPUT 0] Loading input file: /home/23EC01052/Desktop/my_branch/LRF/data/hex_data/hex_img_064
[AXIS INPUT 0] Loading input file: /home/23EC01052/Desktop/my_branch/LRF/data/hex_data/hex_img_048
[TB] Sending pair 65: new=frame65  old=frame49
[AXIS INPUT 0] Loading input file: /home/23EC01052/Desktop/my_branch/LRF/data/hex_data/hex_img_065
[AXIS INPUT 0] Loading input file: /home/23EC01052/Desktop/my_branch/LRF/data/hex_data/hex_img_049
[TB] Sending pair 66: new=frame66  old=frame50
[AXIS INPUT 0] Loading input file: /home/23EC01052/Desktop/my_branch/LRF/data/hex_data/hex_img_066
[AXIS INPUT 0] Loading input file: /home/23EC01052/Desktop/my_branch/LRF/data/hex_data/hex_img_050
[TB] Sending pair 67: new=frame67  old=frame51
[AXIS INPUT 0] Loading input file: /home/23EC01052/Desktop/my_branch/LRF/data/hex_data/hex_img_067
[AXIS INPUT 0] Loading input file: /home/23EC01052/Desktop/my_branch/LRF/data/hex_data/hex_img_051
[TB] Sending pair 68: new=frame68  old=frame52
[AXIS INPUT 0] Loading input file: /home/23EC01052/Desktop/my_branch/LRF/data/hex_data/hex_img_068
[AXIS INPUT 0] Loading input file: /home/23EC01052/Desktop/my_branch/LRF/data/hex_data/hex_img_052
[TB] Sending pair 69: new=frame69  old=frame53
[AXIS INPUT 0] Loading input file: /home/23EC01052/Desktop/my_branch/LRF/data/hex_data/hex_img_069
[AXIS INPUT 0] Loading input file: /home/23EC01052/Desktop/my_branch/LRF/data/hex_data/hex_img_053
[TB] Sending pair 70: new=frame70  old=frame54
[AXIS INPUT 0] Loading input file: /home/23EC01052/Desktop/my_branch/LRF/data/hex_data/hex_img_070
[AXIS INPUT 0] Loading input file: /home/23EC01052/Desktop/my_branch/LRF/data/hex_data/hex_img_054
[TB] Sending pair 71: new=frame71  old=frame55
[AXIS INPUT 0] Loading input file: /home/23EC01052/Desktop/my_branch/LRF/data/hex_data/hex_img_071
[AXIS INPUT 0] Loading input file: /home/23EC01052/Desktop/my_branch/LRF/data/hex_data/hex_img_055
[TB] Sending pair 72: new=frame72  old=frame56
[AXIS INPUT 0] Loading input file: /home/23EC01052/Desktop/my_branch/LRF/data/hex_data/hex_img_072
[AXIS INPUT 0] Loading input file: /home/23EC01052/Desktop/my_branch/LRF/data/hex_data/hex_img_056
[TB] Sending pair 73: new=frame73  old=frame57
[AXIS INPUT 0] Loading input file: /home/23EC01052/Desktop/my_branch/LRF/data/hex_data/hex_img_073
[AXIS INPUT 0] Loading input file: /home/23EC01052/Desktop/my_branch/LRF/data/hex_data/hex_img_057
[TB] Sending pair 74: new=frame74  old=frame58
[AXIS INPUT 0] Loading input file: /home/23EC01052/Desktop/my_branch/LRF/data/hex_data/hex_img_074
[AXIS INPUT 0] Loading input file: /home/23EC01052/Desktop/my_branch/LRF/data/hex_data/hex_img_058
[TB] Sending pair 75: new=frame75  old=frame59
[AXIS INPUT 0] Loading input file: /home/23EC01052/Desktop/my_branch/LRF/data/hex_data/hex_img_075
[AXIS INPUT 0] Loading input file: /home/23EC01052/Desktop/my_branch/LRF/data/hex_data/hex_img_059
[TB] Sending pair 76: new=frame76  old=frame60
[AXIS INPUT 0] Loading input file: /home/23EC01052/Desktop/my_branch/LRF/data/hex_data/hex_img_076
[AXIS INPUT 0] Loading input file: /home/23EC01052/Desktop/my_branch/LRF/data/hex_data/hex_img_060
[TB] Sending pair 77: new=frame77  old=frame61
[AXIS INPUT 0] Loading input file: /home/23EC01052/Desktop/my_branch/LRF/data/hex_data/hex_img_077
[AXIS INPUT 0] Loading input file: /home/23EC01052/Desktop/my_branch/LRF/data/hex_data/hex_img_061
[TB] Sending pair 78: new=frame78  old=frame62
[AXIS INPUT 0] Loading input file: /home/23EC01052/Desktop/my_branch/LRF/data/hex_data/hex_img_078
[AXIS INPUT 0] Loading input file: /home/23EC01052/Desktop/my_branch/LRF/data/hex_data/hex_img_062
[TB] Sending pair 79: new=frame79  old=frame63
[AXIS INPUT 0] Loading input file: /home/23EC01052/Desktop/my_branch/LRF/data/hex_data/hex_img_079
[AXIS INPUT 0] Loading input file: /home/23EC01052/Desktop/my_branch/LRF/data/hex_data/hex_img_063
[TB] Sending pair 80: new=frame80  old=frame64
[AXIS INPUT 0] Loading input file: /home/23EC01052/Desktop/my_branch/LRF/data/hex_data/hex_img_080
[AXIS INPUT 0] Loading input file: /home/23EC01052/Desktop/my_branch/LRF/data/hex_data/hex_img_064
[TB] Sending pair 81: new=frame81  old=frame65
[AXIS INPUT 0] Loading input file: /home/23EC01052/Desktop/my_branch/LRF/data/hex_data/hex_img_081
[AXIS INPUT 0] Loading input file: /home/23EC01052/Desktop/my_branch/LRF/data/hex_data/hex_img_065
[TB] Sending pair 82: new=frame82  old=frame66
[AXIS INPUT 0] Loading input file: /home/23EC01052/Desktop/my_branch/LRF/data/hex_data/hex_img_082
[AXIS INPUT 0] Loading input file: /home/23EC01052/Desktop/my_branch/LRF/data/hex_data/hex_img_066
[TB] Sending pair 83: new=frame83  old=frame67
[AXIS INPUT 0] Loading input file: /home/23EC01052/Desktop/my_branch/LRF/data/hex_data/hex_img_083
[AXIS INPUT 0] Loading input file: /home/23EC01052/Desktop/my_branch/LRF/data/hex_data/hex_img_067
[TB] Sending pair 84: new=frame84  old=frame68
[AXIS INPUT 0] Loading input file: /home/23EC01052/Desktop/my_branch/LRF/data/hex_data/hex_img_084
[AXIS INPUT 0] Loading input file: /home/23EC01052/Desktop/my_branch/LRF/data/hex_data/hex_img_068
[TB] Sending pair 85: new=frame85  old=frame69
[AXIS INPUT 0] Loading input file: /home/23EC01052/Desktop/my_branch/LRF/data/hex_data/hex_img_085
[AXIS INPUT 0] Loading input file: /home/23EC01052/Desktop/my_branch/LRF/data/hex_data/hex_img_069
[TB] Sending pair 86: new=frame86  old=frame70
[AXIS INPUT 0] Loading input file: /home/23EC01052/Desktop/my_branch/LRF/data/hex_data/hex_img_086
[AXIS INPUT 0] Loading input file: /home/23EC01052/Desktop/my_branch/LRF/data/hex_data/hex_img_070
[TB] Sending pair 87: new=frame87  old=frame71
[AXIS INPUT 0] Loading input file: /home/23EC01052/Desktop/my_branch/LRF/data/hex_data/hex_img_087
[AXIS INPUT 0] Loading input file: /home/23EC01052/Desktop/my_branch/LRF/data/hex_data/hex_img_071
[TB] Sending pair 88: new=frame88  old=frame72
[AXIS INPUT 0] Loading input file: /home/23EC01052/Desktop/my_branch/LRF/data/hex_data/hex_img_088
[AXIS INPUT 0] Loading input file: /home/23EC01052/Desktop/my_branch/LRF/data/hex_data/hex_img_072
[TB] Sending pair 89: new=frame89  old=frame73
[AXIS INPUT 0] Loading input file: /home/23EC01052/Desktop/my_branch/LRF/data/hex_data/hex_img_089
[AXIS INPUT 0] Loading input file: /home/23EC01052/Desktop/my_branch/LRF/data/hex_data/hex_img_073
[TB] Sending pair 90: new=frame90  old=frame74
[AXIS INPUT 0] Loading input file: /home/23EC01052/Desktop/my_branch/LRF/data/hex_data/hex_img_090
[AXIS INPUT 0] Loading input file: /home/23EC01052/Desktop/my_branch/LRF/data/hex_data/hex_img_074
[TB] Sending pair 91: new=frame91  old=frame75
[AXIS INPUT 0] Loading input file: /home/23EC01052/Desktop/my_branch/LRF/data/hex_data/hex_img_091
[AXIS INPUT 0] Loading input file: /home/23EC01052/Desktop/my_branch/LRF/data/hex_data/hex_img_075
[TB] Sending pair 92: new=frame92  old=frame76
[AXIS INPUT 0] Loading input file: /home/23EC01052/Desktop/my_branch/LRF/data/hex_data/hex_img_092
[AXIS INPUT 0] Loading input file: /home/23EC01052/Desktop/my_branch/LRF/data/hex_data/hex_img_076
[TB] Sending pair 93: new=frame93  old=frame77
[AXIS INPUT 0] Loading input file: /home/23EC01052/Desktop/my_branch/LRF/data/hex_data/hex_img_093
[AXIS INPUT 0] Loading input file: /home/23EC01052/Desktop/my_branch/LRF/data/hex_data/hex_img_077
[TB] Sending pair 94: new=frame94  old=frame78
[AXIS INPUT 0] Loading input file: /home/23EC01052/Desktop/my_branch/LRF/data/hex_data/hex_img_094
[AXIS INPUT 0] Loading input file: /home/23EC01052/Desktop/my_branch/LRF/data/hex_data/hex_img_078
[TB] Sending pair 95: new=frame95  old=frame79
[AXIS INPUT 0] Loading input file: /home/23EC01052/Desktop/my_branch/LRF/data/hex_data/hex_img_095
[AXIS INPUT 0] Loading input file: /home/23EC01052/Desktop/my_branch/LRF/data/hex_data/hex_img_079
[TB] Sending pair 96: new=frame96  old=frame80
[AXIS INPUT 0] Loading input file: /home/23EC01052/Desktop/my_branch/LRF/data/hex_data/hex_img_096
[AXIS INPUT 0] Loading input file: /home/23EC01052/Desktop/my_branch/LRF/data/hex_data/hex_img_080
[TB] Sending pair 97: new=frame97  old=frame81
[AXIS INPUT 0] Loading input file: /home/23EC01052/Desktop/my_branch/LRF/data/hex_data/hex_img_097
[AXIS INPUT 0] Loading input file: /home/23EC01052/Desktop/my_branch/LRF/data/hex_data/hex_img_081
[TB] Sending pair 98: new=frame98  old=frame82
[AXIS INPUT 0] Loading input file: /home/23EC01052/Desktop/my_branch/LRF/data/hex_data/hex_img_098
[AXIS INPUT 0] Loading input file: /home/23EC01052/Desktop/my_branch/LRF/data/hex_data/hex_img_082
[TB] Sending pair 99: new=frame99  old=frame83
[AXIS INPUT 0] Loading input file: /home/23EC01052/Desktop/my_branch/LRF/data/hex_data/hex_img_099
[AXIS INPUT 0] Loading input file: /home/23EC01052/Desktop/my_branch/LRF/data/hex_data/hex_img_083
[TB] Sending pair 100: new=frame100  old=frame84
[AXIS INPUT 0] Loading input file: /home/23EC01052/Desktop/my_branch/LRF/data/hex_data/hex_img_100
[AXIS INPUT 0] Loading input file: /home/23EC01052/Desktop/my_branch/LRF/data/hex_data/hex_img_084
[TB] Sending pair 101: new=frame101  old=frame85
[AXIS INPUT 0] Loading input file: /home/23EC01052/Desktop/my_branch/LRF/data/hex_data/hex_img_101
[AXIS INPUT 0] Loading input file: /home/23EC01052/Desktop/my_branch/LRF/data/hex_data/hex_img_085
[TB] Sending pair 102: new=frame102  old=frame86
[AXIS INPUT 0] Loading input file: /home/23EC01052/Desktop/my_branch/LRF/data/hex_data/hex_img_102
[AXIS INPUT 0] Loading input file: /home/23EC01052/Desktop/my_branch/LRF/data/hex_data/hex_img_086
[TB] Sending pair 103: new=frame103  old=frame87
[AXIS INPUT 0] Loading input file: /home/23EC01052/Desktop/my_branch/LRF/data/hex_data/hex_img_103
[AXIS INPUT 0] Loading input file: /home/23EC01052/Desktop/my_branch/LRF/data/hex_data/hex_img_087
[TB] Sending pair 104: new=frame104  old=frame88
[AXIS INPUT 0] Loading input file: /home/23EC01052/Desktop/my_branch/LRF/data/hex_data/hex_img_104
[AXIS INPUT 0] Loading input file: /home/23EC01052/Desktop/my_branch/LRF/data/hex_data/hex_img_088
[TB] Sending pair 105: new=frame105  old=frame89
[AXIS INPUT 0] Loading input file: /home/23EC01052/Desktop/my_branch/LRF/data/hex_data/hex_img_105
[AXIS INPUT 0] Loading input file: /home/23EC01052/Desktop/my_branch/LRF/data/hex_data/hex_img_089
[TB] Sending pair 106: new=frame106  old=frame90
[AXIS INPUT 0] Loading input file: /home/23EC01052/Desktop/my_branch/LRF/data/hex_data/hex_img_106
[AXIS INPUT 0] Loading input file: /home/23EC01052/Desktop/my_branch/LRF/data/hex_data/hex_img_090
[TB] Sending pair 107: new=frame107  old=frame91
[AXIS INPUT 0] Loading input file: /home/23EC01052/Desktop/my_branch/LRF/data/hex_data/hex_img_107
[AXIS INPUT 0] Loading input file: /home/23EC01052/Desktop/my_branch/LRF/data/hex_data/hex_img_091
[TB] Sending pair 108: new=frame108  old=frame92
[AXIS INPUT 0] Loading input file: /home/23EC01052/Desktop/my_branch/LRF/data/hex_data/hex_img_108
[AXIS INPUT 0] Loading input file: /home/23EC01052/Desktop/my_branch/LRF/data/hex_data/hex_img_092
[TB] Sending pair 109: new=frame109  old=frame93
[AXIS INPUT 0] Loading input file: /home/23EC01052/Desktop/my_branch/LRF/data/hex_data/hex_img_109
[AXIS INPUT 0] Loading input file: /home/23EC01052/Desktop/my_branch/LRF/data/hex_data/hex_img_093
[TB] Sending pair 110: new=frame110  old=frame94
[AXIS INPUT 0] Loading input file: /home/23EC01052/Desktop/my_branch/LRF/data/hex_data/hex_img_110
[AXIS INPUT 0] Loading input file: /home/23EC01052/Desktop/my_branch/LRF/data/hex_data/hex_img_094
[TB] Sending pair 111: new=frame111  old=frame95
[AXIS INPUT 0] Loading input file: /home/23EC01052/Desktop/my_branch/LRF/data/hex_data/hex_img_111
[AXIS INPUT 0] Loading input file: /home/23EC01052/Desktop/my_branch/LRF/data/hex_data/hex_img_095
[TB] Sending pair 112: new=frame112  old=frame96
[AXIS INPUT 0] Loading input file: /home/23EC01052/Desktop/my_branch/LRF/data/hex_data/hex_img_112
[AXIS INPUT 0] Loading input file: /home/23EC01052/Desktop/my_branch/LRF/data/hex_data/hex_img_096
[TB] Sending pair 113: new=frame113  old=frame97
[AXIS INPUT 0] Loading input file: /home/23EC01052/Desktop/my_branch/LRF/data/hex_data/hex_img_113
[AXIS INPUT 0] Loading input file: /home/23EC01052/Desktop/my_branch/LRF/data/hex_data/hex_img_097
[TB] Sending pair 114: new=frame114  old=frame98
[AXIS INPUT 0] Loading input file: /home/23EC01052/Desktop/my_branch/LRF/data/hex_data/hex_img_114
[AXIS INPUT 0] Loading input file: /home/23EC01052/Desktop/my_branch/LRF/data/hex_data/hex_img_098
[TB] Sending pair 115: new=frame115  old=frame99
[AXIS INPUT 0] Loading input file: /home/23EC01052/Desktop/my_branch/LRF/data/hex_data/hex_img_115
[AXIS INPUT 0] Loading input file: /home/23EC01052/Desktop/my_branch/LRF/data/hex_data/hex_img_099
[TB] Sending pair 116: new=frame116  old=frame100
[AXIS INPUT 0] Loading input file: /home/23EC01052/Desktop/my_branch/LRF/data/hex_data/hex_img_116
[AXIS INPUT 0] Loading input file: /home/23EC01052/Desktop/my_branch/LRF/data/hex_data/hex_img_100
[TB] Sending pair 117: new=frame117  old=frame101
[AXIS INPUT 0] Loading input file: /home/23EC01052/Desktop/my_branch/LRF/data/hex_data/hex_img_117
[AXIS INPUT 0] Loading input file: /home/23EC01052/Desktop/my_branch/LRF/data/hex_data/hex_img_101
[TB] Sending pair 118: new=frame118  old=frame102
[AXIS INPUT 0] Loading input file: /home/23EC01052/Desktop/my_branch/LRF/data/hex_data/hex_img_118
[AXIS INPUT 0] Loading input file: /home/23EC01052/Desktop/my_branch/LRF/data/hex_data/hex_img_102
[TB] Sending pair 119: new=frame119  old=frame103
[AXIS INPUT 0] Loading input file: /home/23EC01052/Desktop/my_branch/LRF/data/hex_data/hex_img_119
[AXIS INPUT 0] Loading input file: /home/23EC01052/Desktop/my_branch/LRF/data/hex_data/hex_img_103
[TB] Sending pair 120: new=frame120  old=frame104
[AXIS INPUT 0] Loading input file: /home/23EC01052/Desktop/my_branch/LRF/data/hex_data/hex_img_120
[AXIS INPUT 0] Loading input file: /home/23EC01052/Desktop/my_branch/LRF/data/hex_data/hex_img_104
[TB] Sending pair 121: new=frame121  old=frame105
[AXIS INPUT 0] Loading input file: /home/23EC01052/Desktop/my_branch/LRF/data/hex_data/hex_img_121
[AXIS INPUT 0] Loading input file: /home/23EC01052/Desktop/my_branch/LRF/data/hex_data/hex_img_105
[TB] Sending pair 122: new=frame122  old=frame106
[AXIS INPUT 0] Loading input file: /home/23EC01052/Desktop/my_branch/LRF/data/hex_data/hex_img_122
[AXIS INPUT 0] Loading input file: /home/23EC01052/Desktop/my_branch/LRF/data/hex_data/hex_img_106
[TB] Sending pair 123: new=frame123  old=frame107
[AXIS INPUT 0] Loading input file: /home/23EC01052/Desktop/my_branch/LRF/data/hex_data/hex_img_123
[AXIS INPUT 0] Loading input file: /home/23EC01052/Desktop/my_branch/LRF/data/hex_data/hex_img_107
[TB] Sending pair 124: new=frame124  old=frame108
[AXIS INPUT 0] Loading input file: /home/23EC01052/Desktop/my_branch/LRF/data/hex_data/hex_img_124
[AXIS INPUT 0] Loading input file: /home/23EC01052/Desktop/my_branch/LRF/data/hex_data/hex_img_108
[TB] Sending pair 125: new=frame125  old=frame109
[AXIS INPUT 0] Loading input file: /home/23EC01052/Desktop/my_branch/LRF/data/hex_data/hex_img_125
[AXIS INPUT 0] Loading input file: /home/23EC01052/Desktop/my_branch/LRF/data/hex_data/hex_img_109
[TB] Sending pair 126: new=frame126  old=frame110
[AXIS INPUT 0] Loading input file: /home/23EC01052/Desktop/my_branch/LRF/data/hex_data/hex_img_126
[AXIS INPUT 0] Loading input file: /home/23EC01052/Desktop/my_branch/LRF/data/hex_data/hex_img_110
[TB] Sending pair 127: new=frame127  old=frame111
[AXIS INPUT 0] Loading input file: /home/23EC01052/Desktop/my_branch/LRF/data/hex_data/hex_img_127
[AXIS INPUT 0] Loading input file: /home/23EC01052/Desktop/my_branch/LRF/data/hex_data/hex_img_111
[TB] Sending pair 128: new=frame128  old=frame112
[AXIS INPUT 0] Loading input file: /home/23EC01052/Desktop/my_branch/LRF/data/hex_data/hex_img_128
[AXIS INPUT 0] Loading input file: /home/23EC01052/Desktop/my_branch/LRF/data/hex_data/hex_img_112
[TB] Sending pair 129: new=frame129  old=frame113
[AXIS INPUT 0] Loading input file: /home/23EC01052/Desktop/my_branch/LRF/data/hex_data/hex_img_129
[AXIS INPUT 0] Loading input file: /home/23EC01052/Desktop/my_branch/LRF/data/hex_data/hex_img_113
[TB] Sending pair 130: new=frame130  old=frame114
[AXIS INPUT 0] Loading input file: /home/23EC01052/Desktop/my_branch/LRF/data/hex_data/hex_img_130
[AXIS INPUT 0] Loading input file: /home/23EC01052/Desktop/my_branch/LRF/data/hex_data/hex_img_114
[TB] Sending pair 131: new=frame131  old=frame115
[AXIS INPUT 0] Loading input file: /home/23EC01052/Desktop/my_branch/LRF/data/hex_data/hex_img_131
[AXIS INPUT 0] Loading input file: /home/23EC01052/Desktop/my_branch/LRF/data/hex_data/hex_img_115
[TB] Sending pair 132: new=frame132  old=frame116
[AXIS INPUT 0] Loading input file: /home/23EC01052/Desktop/my_branch/LRF/data/hex_data/hex_img_132
[AXIS INPUT 0] Loading input file: /home/23EC01052/Desktop/my_branch/LRF/data/hex_data/hex_img_116
[TB] Sending pair 133: new=frame133  old=frame117
[AXIS INPUT 0] Loading input file: /home/23EC01052/Desktop/my_branch/LRF/data/hex_data/hex_img_133
[AXIS INPUT 0] Loading input file: /home/23EC01052/Desktop/my_branch/LRF/data/hex_data/hex_img_117
[TB] Sending pair 134: new=frame134  old=frame118
[AXIS INPUT 0] Loading input file: /home/23EC01052/Desktop/my_branch/LRF/data/hex_data/hex_img_134
[AXIS INPUT 0] Loading input file: /home/23EC01052/Desktop/my_branch/LRF/data/hex_data/hex_img_118
[TB] Sending pair 135: new=frame135  old=frame119
[AXIS INPUT 0] Loading input file: /home/23EC01052/Desktop/my_branch/LRF/data/hex_data/hex_img_135
[AXIS INPUT 0] Loading input file: /home/23EC01052/Desktop/my_branch/LRF/data/hex_data/hex_img_119
[TB] Sending pair 136: new=frame136  old=frame120
[AXIS INPUT 0] Loading input file: /home/23EC01052/Desktop/my_branch/LRF/data/hex_data/hex_img_136
[AXIS INPUT 0] Loading input file: /home/23EC01052/Desktop/my_branch/LRF/data/hex_data/hex_img_120
[TB] Sending pair 137: new=frame137  old=frame121
[AXIS INPUT 0] Loading input file: /home/23EC01052/Desktop/my_branch/LRF/data/hex_data/hex_img_137
[AXIS INPUT 0] Loading input file: /home/23EC01052/Desktop/my_branch/LRF/data/hex_data/hex_img_121
[TB] Sending pair 138: new=frame138  old=frame122
[AXIS INPUT 0] Loading input file: /home/23EC01052/Desktop/my_branch/LRF/data/hex_data/hex_img_138
[AXIS INPUT 0] Loading input file: /home/23EC01052/Desktop/my_branch/LRF/data/hex_data/hex_img_122
[TB] Sending pair 139: new=frame139  old=frame123
[AXIS INPUT 0] Loading input file: /home/23EC01052/Desktop/my_branch/LRF/data/hex_data/hex_img_139
[AXIS INPUT 0] Loading input file: /home/23EC01052/Desktop/my_branch/LRF/data/hex_data/hex_img_123
[TB] Sending pair 140: new=frame140  old=frame124
[AXIS INPUT 0] Loading input file: /home/23EC01052/Desktop/my_branch/LRF/data/hex_data/hex_img_140
[AXIS INPUT 0] Loading input file: /home/23EC01052/Desktop/my_branch/LRF/data/hex_data/hex_img_124
[TB] Sending pair 141: new=frame141  old=frame125
[AXIS INPUT 0] Loading input file: /home/23EC01052/Desktop/my_branch/LRF/data/hex_data/hex_img_141
[AXIS INPUT 0] Loading input file: /home/23EC01052/Desktop/my_branch/LRF/data/hex_data/hex_img_125
[TB] Sending pair 142: new=frame142  old=frame126
[AXIS INPUT 0] Loading input file: /home/23EC01052/Desktop/my_branch/LRF/data/hex_data/hex_img_142
[AXIS INPUT 0] Loading input file: /home/23EC01052/Desktop/my_branch/LRF/data/hex_data/hex_img_126
[TB] Sending pair 143: new=frame143  old=frame127
[AXIS INPUT 0] Loading input file: /home/23EC01052/Desktop/my_branch/LRF/data/hex_data/hex_img_143
[AXIS INPUT 0] Loading input file: /home/23EC01052/Desktop/my_branch/LRF/data/hex_data/hex_img_127
[TB] Sending pair 144: new=frame144  old=frame128
[AXIS INPUT 0] Loading input file: /home/23EC01052/Desktop/my_branch/LRF/data/hex_data/hex_img_144
[AXIS INPUT 0] Loading input file: /home/23EC01052/Desktop/my_branch/LRF/data/hex_data/hex_img_128
[TB] Sending pair 145: new=frame145  old=frame129
[AXIS INPUT 0] Loading input file: /home/23EC01052/Desktop/my_branch/LRF/data/hex_data/hex_img_145
[AXIS INPUT 0] Loading input file: /home/23EC01052/Desktop/my_branch/LRF/data/hex_data/hex_img_129
[TB] Sending pair 146: new=frame146  old=frame130
[AXIS INPUT 0] Loading input file: /home/23EC01052/Desktop/my_branch/LRF/data/hex_data/hex_img_146
[AXIS INPUT 0] Loading input file: /home/23EC01052/Desktop/my_branch/LRF/data/hex_data/hex_img_130
[TB] Sending pair 147: new=frame147  old=frame131
[AXIS INPUT 0] Loading input file: /home/23EC01052/Desktop/my_branch/LRF/data/hex_data/hex_img_147
[AXIS INPUT 0] Loading input file: /home/23EC01052/Desktop/my_branch/LRF/data/hex_data/hex_img_131
[TB] Sending pair 148: new=frame148  old=frame132
[AXIS INPUT 0] Loading input file: /home/23EC01052/Desktop/my_branch/LRF/data/hex_data/hex_img_148
[AXIS INPUT 0] Loading input file: /home/23EC01052/Desktop/my_branch/LRF/data/hex_data/hex_img_132
[TB] Sending pair 149: new=frame149  old=frame133
[AXIS INPUT 0] Loading input file: /home/23EC01052/Desktop/my_branch/LRF/data/hex_data/hex_img_149
[AXIS INPUT 0] Loading input file: /home/23EC01052/Desktop/my_branch/LRF/data/hex_data/hex_img_133
[TB] Sending pair 150: new=frame150  old=frame134
[AXIS INPUT 0] Loading input file: /home/23EC01052/Desktop/my_branch/LRF/data/hex_data/hex_img_150
[AXIS INPUT 0] Loading input file: /home/23EC01052/Desktop/my_branch/LRF/data/hex_data/hex_img_134
[TB] Sending pair 151: new=frame151  old=frame135
[AXIS INPUT 0] Loading input file: /home/23EC01052/Desktop/my_branch/LRF/data/hex_data/hex_img_151
[AXIS INPUT 0] Loading input file: /home/23EC01052/Desktop/my_branch/LRF/data/hex_data/hex_img_135
[TB] Sending pair 152: new=frame152  old=frame136
[AXIS INPUT 0] Loading input file: /home/23EC01052/Desktop/my_branch/LRF/data/hex_data/hex_img_152
[AXIS INPUT 0] Loading input file: /home/23EC01052/Desktop/my_branch/LRF/data/hex_data/hex_img_136
[TB] Sending pair 153: new=frame153  old=frame137
[AXIS INPUT 0] Loading input file: /home/23EC01052/Desktop/my_branch/LRF/data/hex_data/hex_img_153
[AXIS INPUT 0] Loading input file: /home/23EC01052/Desktop/my_branch/LRF/data/hex_data/hex_img_137
[TB] Sending pair 154: new=frame154  old=frame138
[AXIS INPUT 0] Loading input file: /home/23EC01052/Desktop/my_branch/LRF/data/hex_data/hex_img_154
[AXIS INPUT 0] Loading input file: /home/23EC01052/Desktop/my_branch/LRF/data/hex_data/hex_img_138
Info: [XPM_MEMORY 20-1] MEMORY_PRIMITIVE (0) instructs Vivado Synthesis to choose the memory primitive type. Depending on their values, other XPM_MEMORY parameters may preclude the choice of certain memory primitive types. Review XPM_MEMORY documentation and parameter values to understand any limitations, or set MEMORY_PRIMITIVE to a different value. tb_top.dut.fusion_top.old_fifo.inst.gen_fifo.xpm_fifo_axis_inst.xpm_fifo_base_inst.gen_sdpram.xpm_memory_base_inst.config_drc
Time: 1 ps  Iteration: 0  Process: /tb_top/dut/fusion_top/old_fifo/inst/gen_fifo.xpm_fifo_axis_inst/xpm_fifo_base_inst/gen_sdpram.xpm_memory_base_inst/Initial302_901  Scope: tb_top.dut.fusion_top.old_fifo.inst.gen_fifo.xpm_fifo_axis_inst.xpm_fifo_base_inst.gen_sdpram.xpm_memory_base_inst.config_drc  File: /Data/cad/Xilinx/Vivado/2024.2/data/ip/xpm/xpm_memory/hdl/xpm_memory.sv Line: 514
Info: [XPM_MEMORY 20-1] MEMORY_PRIMITIVE (0) instructs Vivado Synthesis to choose the memory primitive type. Depending on their values, other XPM_MEMORY parameters may preclude the choice of certain memory primitive types. Review XPM_MEMORY documentation and parameter values to understand any limitations, or set MEMORY_PRIMITIVE to a different value. tb_top.dut.fusion_top.new_fifo.inst.gen_fifo.xpm_fifo_axis_inst.xpm_fifo_base_inst.gen_sdpram.xpm_memory_base_inst.config_drc
Time: 1 ps  Iteration: 0  Process: /tb_top/dut/fusion_top/new_fifo/inst/gen_fifo.xpm_fifo_axis_inst/xpm_fifo_base_inst/gen_sdpram.xpm_memory_base_inst/Initial302_901  Scope: tb_top.dut.fusion_top.new_fifo.inst.gen_fifo.xpm_fifo_axis_inst.xpm_fifo_base_inst.gen_sdpram.xpm_memory_base_inst.config_drc  File: /Data/cad/Xilinx/Vivado/2024.2/data/ip/xpm/xpm_memory/hdl/xpm_memory.sv Line: 514
[TB] Sending pair 0: new=frame0  old=frame0
[AXIS INPUT 0] Loading input file: /home/23EC01052/Desktop/my_branch/LRF/data/hex_data/hex_img_000
[AXIS INPUT 0] Loading input file: /home/23EC01052/Desktop/my_branch/LRF/data/hex_data/hex_img_000
[TB] Sending pair 1: new=frame1  old=frame0
[AXIS INPUT 0] Loading input file: /home/23EC01052/Desktop/my_branch/LRF/data/hex_data/hex_img_001
[AXIS INPUT 0] Loading input file: /home/23EC01052/Desktop/my_branch/LRF/data/hex_data/hex_img_000
[TB] Sending pair 2: new=frame2  old=frame0
[AXIS INPUT 0] Loading input file: /home/23EC01052/Desktop/my_branch/LRF/data/hex_data/hex_img_002
[AXIS INPUT 0] Loading input file: /home/23EC01052/Desktop/my_branch/LRF/data/hex_data/hex_img_000
[TB] Sending pair 3: new=frame3  old=frame0
[AXIS INPUT 0] Loading input file: /home/23EC01052/Desktop/my_branch/LRF/data/hex_data/hex_img_003
[AXIS INPUT 0] Loading input file: /home/23EC01052/Desktop/my_branch/LRF/data/hex_data/hex_img_000
[TB] Sending pair 4: new=frame4  old=frame0
[AXIS INPUT 0] Loading input file: /home/23EC01052/Desktop/my_branch/LRF/data/hex_data/hex_img_004
[AXIS INPUT 0] Loading input file: /home/23EC01052/Desktop/my_branch/LRF/data/hex_data/hex_img_000
[TB] Sending pair 5: new=frame5  old=frame0
[AXIS INPUT 0] Loading input file: /home/23EC01052/Desktop/my_branch/LRF/data/hex_data/hex_img_005
[AXIS INPUT 0] Loading input file: /home/23EC01052/Desktop/my_branch/LRF/data/hex_data/hex_img_000
[TB] Sending pair 6: new=frame6  old=frame0
[AXIS INPUT 0] Loading input file: /home/23EC01052/Desktop/my_branch/LRF/data/hex_data/hex_img_006
[AXIS INPUT 0] Loading input file: /home/23EC01052/Desktop/my_branch/LRF/data/hex_data/hex_img_000
[TB] Sending pair 7: new=frame7  old=frame0
[AXIS INPUT 0] Loading input file: /home/23EC01052/Desktop/my_branch/LRF/data/hex_data/hex_img_007
[AXIS INPUT 0] Loading input file: /home/23EC01052/Desktop/my_branch/LRF/data/hex_data/hex_img_000
[TB] Sending pair 8: new=frame8  old=frame0
[AXIS INPUT 0] Loading input file: /home/23EC01052/Desktop/my_branch/LRF/data/hex_data/hex_img_008
[AXIS INPUT 0] Loading input file: /home/23EC01052/Desktop/my_branch/LRF/data/hex_data/hex_img_000
[TB] Sending pair 9: new=frame9  old=frame0
[AXIS INPUT 0] Loading input file: /home/23EC01052/Desktop/my_branch/LRF/data/hex_data/hex_img_009
[AXIS INPUT 0] Loading input file: /home/23EC01052/Desktop/my_branch/LRF/data/hex_data/hex_img_000
[TB] Sending pair 10: new=frame10  old=frame0
[AXIS INPUT 0] Loading input file: /home/23EC01052/Desktop/my_branch/LRF/data/hex_data/hex_img_010
[AXIS INPUT 0] Loading input file: /home/23EC01052/Desktop/my_branch/LRF/data/hex_data/hex_img_000
[TB] Sending pair 11: new=frame11  old=frame0
[AXIS INPUT 0] Loading input file: /home/23EC01052/Desktop/my_branch/LRF/data/hex_data/hex_img_011
[AXIS INPUT 0] Loading input file: /home/23EC01052/Desktop/my_branch/LRF/data/hex_data/hex_img_000
[TB] Sending pair 12: new=frame12  old=frame0
[AXIS INPUT 0] Loading input file: /home/23EC01052/Desktop/my_branch/LRF/data/hex_data/hex_img_012
[AXIS INPUT 0] Loading input file: /home/23EC01052/Desktop/my_branch/LRF/data/hex_data/hex_img_000
[TB] Sending pair 13: new=frame13  old=frame0
[AXIS INPUT 0] Loading input file: /home/23EC01052/Desktop/my_branch/LRF/data/hex_data/hex_img_013
[AXIS INPUT 0] Loading input file: /home/23EC01052/Desktop/my_branch/LRF/data/hex_data/hex_img_000
[TB] Sending pair 14: new=frame14  old=frame0
[AXIS INPUT 0] Loading input file: /home/23EC01052/Desktop/my_branch/LRF/data/hex_data/hex_img_014
[AXIS INPUT 0] Loading input file: /home/23EC01052/Desktop/my_branch/LRF/data/hex_data/hex_img_000
[TB] Sending pair 15: new=frame15  old=frame0
[AXIS INPUT 0] Loading input file: /home/23EC01052/Desktop/my_branch/LRF/data/hex_data/hex_img_015
[AXIS INPUT 0] Loading input file: /home/23EC01052/Desktop/my_branch/LRF/data/hex_data/hex_img_000
[TB] Sending pair 16: new=frame16  old=frame0
[AXIS INPUT 0] Loading input file: /home/23EC01052/Desktop/my_branch/LRF/data/hex_data/hex_img_016
[AXIS INPUT 0] Loading input file: /home/23EC01052/Desktop/my_branch/LRF/data/hex_data/hex_img_000
[TB] Sending pair 17: new=frame17  old=frame1
[AXIS INPUT 0] Loading input file: /home/23EC01052/Desktop/my_branch/LRF/data/hex_data/hex_img_017
[AXIS INPUT 0] Loading input file: /home/23EC01052/Desktop/my_branch/LRF/data/hex_data/hex_img_001
[TB] Sending pair 18: new=frame18  old=frame2
[AXIS INPUT 0] Loading input file: /home/23EC01052/Desktop/my_branch/LRF/data/hex_data/hex_img_018
[AXIS INPUT 0] Loading input file: /home/23EC01052/Desktop/my_branch/LRF/data/hex_data/hex_img_002
[TB] Sending pair 19: new=frame19  old=frame3
[AXIS INPUT 0] Loading input file: /home/23EC01052/Desktop/my_branch/LRF/data/hex_data/hex_img_019
[AXIS INPUT 0] Loading input file: /home/23EC01052/Desktop/my_branch/LRF/data/hex_data/hex_img_003
[TB] Sending pair 20: new=frame20  old=frame4
[AXIS INPUT 0] Loading input file: /home/23EC01052/Desktop/my_branch/LRF/data/hex_data/hex_img_020
[AXIS INPUT 0] Loading input file: /home/23EC01052/Desktop/my_branch/LRF/data/hex_data/hex_img_004
[TB] Sending pair 21: new=frame21  old=frame5
[AXIS INPUT 0] Loading input file: /home/23EC01052/Desktop/my_branch/LRF/data/hex_data/hex_img_021
[AXIS INPUT 0] Loading input file: /home/23EC01052/Desktop/my_branch/LRF/data/hex_data/hex_img_005
[TB] Sending pair 22: new=frame22  old=frame6
[AXIS INPUT 0] Loading input file: /home/23EC01052/Desktop/my_branch/LRF/data/hex_data/hex_img_022
[AXIS INPUT 0] Loading input file: /home/23EC01052/Desktop/my_branch/LRF/data/hex_data/hex_img_006
[TB] Sending pair 23: new=frame23  old=frame7
[AXIS INPUT 0] Loading input file: /home/23EC01052/Desktop/my_branch/LRF/data/hex_data/hex_img_023
[AXIS INPUT 0] Loading input file: /home/23EC01052/Desktop/my_branch/LRF/data/hex_data/hex_img_007
[TB] Sending pair 24: new=frame24  old=frame8
[AXIS INPUT 0] Loading input file: /home/23EC01052/Desktop/my_branch/LRF/data/hex_data/hex_img_024
[AXIS INPUT 0] Loading input file: /home/23EC01052/Desktop/my_branch/LRF/data/hex_data/hex_img_008
[TB] Sending pair 25: new=frame25  old=frame9
[AXIS INPUT 0] Loading input file: /home/23EC01052/Desktop/my_branch/LRF/data/hex_data/hex_img_025
[AXIS INPUT 0] Loading input file: /home/23EC01052/Desktop/my_branch/LRF/data/hex_data/hex_img_009
[TB] Sending pair 26: new=frame26  old=frame10
[AXIS INPUT 0] Loading input file: /home/23EC01052/Desktop/my_branch/LRF/data/hex_data/hex_img_026
[AXIS INPUT 0] Loading input file: /home/23EC01052/Desktop/my_branch/LRF/data/hex_data/hex_img_010
[TB] Sending pair 27: new=frame27  old=frame11
[AXIS INPUT 0] Loading input file: /home/23EC01052/Desktop/my_branch/LRF/data/hex_data/hex_img_027
[AXIS INPUT 0] Loading input file: /home/23EC01052/Desktop/my_branch/LRF/data/hex_data/hex_img_011
[TB] Sending pair 28: new=frame28  old=frame12
[AXIS INPUT 0] Loading input file: /home/23EC01052/Desktop/my_branch/LRF/data/hex_data/hex_img_028
[AXIS INPUT 0] Loading input file: /home/23EC01052/Desktop/my_branch/LRF/data/hex_data/hex_img_012
[TB] Sending pair 29: new=frame29  old=frame13
[AXIS INPUT 0] Loading input file: /home/23EC01052/Desktop/my_branch/LRF/data/hex_data/hex_img_029
[AXIS INPUT 0] Loading input file: /home/23EC01052/Desktop/my_branch/LRF/data/hex_data/hex_img_013
[TB] Sending pair 30: new=frame30  old=frame14
[AXIS INPUT 0] Loading input file: /home/23EC01052/Desktop/my_branch/LRF/data/hex_data/hex_img_030
[AXIS INPUT 0] Loading input file: /home/23EC01052/Desktop/my_branch/LRF/data/hex_data/hex_img_014
[TB] Sending pair 31: new=frame31  old=frame15
[AXIS INPUT 0] Loading input file: /home/23EC01052/Desktop/my_branch/LRF/data/hex_data/hex_img_031
[AXIS INPUT 0] Loading input file: /home/23EC01052/Desktop/my_branch/LRF/data/hex_data/hex_img_015
[TB] Sending pair 32: new=frame32  old=frame16
[AXIS INPUT 0] Loading input file: /home/23EC01052/Desktop/my_branch/LRF/data/hex_data/hex_img_032
[AXIS INPUT 0] Loading input file: /home/23EC01052/Desktop/my_branch/LRF/data/hex_data/hex_img_016
[TB] Sending pair 33: new=frame33  old=frame17
[AXIS INPUT 0] Loading input file: /home/23EC01052/Desktop/my_branch/LRF/data/hex_data/hex_img_033
[AXIS INPUT 0] Loading input file: /home/23EC01052/Desktop/my_branch/LRF/data/hex_data/hex_img_017
[TB] Sending pair 34: new=frame34  old=frame18
[AXIS INPUT 0] Loading input file: /home/23EC01052/Desktop/my_branch/LRF/data/hex_data/hex_img_034
[AXIS INPUT 0] Loading input file: /home/23EC01052/Desktop/my_branch/LRF/data/hex_data/hex_img_018
[TB] Sending pair 35: new=frame35  old=frame19
[AXIS INPUT 0] Loading input file: /home/23EC01052/Desktop/my_branch/LRF/data/hex_data/hex_img_035
[AXIS INPUT 0] Loading input file: /home/23EC01052/Desktop/my_branch/LRF/data/hex_data/hex_img_019
[TB] Sending pair 36: new=frame36  old=frame20
[AXIS INPUT 0] Loading input file: /home/23EC01052/Desktop/my_branch/LRF/data/hex_data/hex_img_036
[AXIS INPUT 0] Loading input file: /home/23EC01052/Desktop/my_branch/LRF/data/hex_data/hex_img_020
[TB] Sending pair 37: new=frame37  old=frame21
[AXIS INPUT 0] Loading input file: /home/23EC01052/Desktop/my_branch/LRF/data/hex_data/hex_img_037
[AXIS INPUT 0] Loading input file: /home/23EC01052/Desktop/my_branch/LRF/data/hex_data/hex_img_021
[TB] Sending pair 38: new=frame38  old=frame22
[AXIS INPUT 0] Loading input file: /home/23EC01052/Desktop/my_branch/LRF/data/hex_data/hex_img_038
[AXIS INPUT 0] Loading input file: /home/23EC01052/Desktop/my_branch/LRF/data/hex_data/hex_img_022
[TB] Sending pair 39: new=frame39  old=frame23
[AXIS INPUT 0] Loading input file: /home/23EC01052/Desktop/my_branch/LRF/data/hex_data/hex_img_039
[AXIS INPUT 0] Loading input file: /home/23EC01052/Desktop/my_branch/LRF/data/hex_data/hex_img_023
[TB] Sending pair 40: new=frame40  old=frame24
[AXIS INPUT 0] Loading input file: /home/23EC01052/Desktop/my_branch/LRF/data/hex_data/hex_img_040
[AXIS INPUT 0] Loading input file: /home/23EC01052/Desktop/my_branch/LRF/data/hex_data/hex_img_024
[TB] Sending pair 41: new=frame41  old=frame25
[AXIS INPUT 0] Loading input file: /home/23EC01052/Desktop/my_branch/LRF/data/hex_data/hex_img_041
[AXIS INPUT 0] Loading input file: /home/23EC01052/Desktop/my_branch/LRF/data/hex_data/hex_img_025
[TB] Sending pair 42: new=frame42  old=frame26
[AXIS INPUT 0] Loading input file: /home/23EC01052/Desktop/my_branch/LRF/data/hex_data/hex_img_042
[AXIS INPUT 0] Loading input file: /home/23EC01052/Desktop/my_branch/LRF/data/hex_data/hex_img_026
[TB] Sending pair 43: new=frame43  old=frame27
[AXIS INPUT 0] Loading input file: /home/23EC01052/Desktop/my_branch/LRF/data/hex_data/hex_img_043
[AXIS INPUT 0] Loading input file: /home/23EC01052/Desktop/my_branch/LRF/data/hex_data/hex_img_027
[TB] Sending pair 44: new=frame44  old=frame28
[AXIS INPUT 0] Loading input file: /home/23EC01052/Desktop/my_branch/LRF/data/hex_data/hex_img_044
[AXIS INPUT 0] Loading input file: /home/23EC01052/Desktop/my_branch/LRF/data/hex_data/hex_img_028
[TB] Sending pair 45: new=frame45  old=frame29
[AXIS INPUT 0] Loading input file: /home/23EC01052/Desktop/my_branch/LRF/data/hex_data/hex_img_045
[AXIS INPUT 0] Loading input file: /home/23EC01052/Desktop/my_branch/LRF/data/hex_data/hex_img_029
[TB] Sending pair 46: new=frame46  old=frame30
[AXIS INPUT 0] Loading input file: /home/23EC01052/Desktop/my_branch/LRF/data/hex_data/hex_img_046
[AXIS INPUT 0] Loading input file: /home/23EC01052/Desktop/my_branch/LRF/data/hex_data/hex_img_030
[TB] Sending pair 47: new=frame47  old=frame31
[AXIS INPUT 0] Loading input file: /home/23EC01052/Desktop/my_branch/LRF/data/hex_data/hex_img_047
[AXIS INPUT 0] Loading input file: /home/23EC01052/Desktop/my_branch/LRF/data/hex_data/hex_img_031
[TB] Sending pair 48: new=frame48  old=frame32
[AXIS INPUT 0] Loading input file: /home/23EC01052/Desktop/my_branch/LRF/data/hex_data/hex_img_048
[AXIS INPUT 0] Loading input file: /home/23EC01052/Desktop/my_branch/LRF/data/hex_data/hex_img_032
[TB] Sending pair 49: new=frame49  old=frame33
[AXIS INPUT 0] Loading input file: /home/23EC01052/Desktop/my_branch/LRF/data/hex_data/hex_img_049
[AXIS INPUT 0] Loading input file: /home/23EC01052/Desktop/my_branch/LRF/data/hex_data/hex_img_033
[TB] Sending pair 50: new=frame50  old=frame34
[AXIS INPUT 0] Loading input file: /home/23EC01052/Desktop/my_branch/LRF/data/hex_data/hex_img_050
[AXIS INPUT 0] Loading input file: /home/23EC01052/Desktop/my_branch/LRF/data/hex_data/hex_img_034
[TB] Sending pair 51: new=frame51  old=frame35
[AXIS INPUT 0] Loading input file: /home/23EC01052/Desktop/my_branch/LRF/data/hex_data/hex_img_051
[AXIS INPUT 0] Loading input file: /home/23EC01052/Desktop/my_branch/LRF/data/hex_data/hex_img_035
[TB] Sending pair 52: new=frame52  old=frame36
[AXIS INPUT 0] Loading input file: /home/23EC01052/Desktop/my_branch/LRF/data/hex_data/hex_img_052
[AXIS INPUT 0] Loading input file: /home/23EC01052/Desktop/my_branch/LRF/data/hex_data/hex_img_036
[TB] Sending pair 53: new=frame53  old=frame37
[AXIS INPUT 0] Loading input file: /home/23EC01052/Desktop/my_branch/LRF/data/hex_data/hex_img_053
[AXIS INPUT 0] Loading input file: /home/23EC01052/Desktop/my_branch/LRF/data/hex_data/hex_img_037
[TB] Sending pair 54: new=frame54  old=frame38
[AXIS INPUT 0] Loading input file: /home/23EC01052/Desktop/my_branch/LRF/data/hex_data/hex_img_054
[AXIS INPUT 0] Loading input file: /home/23EC01052/Desktop/my_branch/LRF/data/hex_data/hex_img_038
[TB] Sending pair 55: new=frame55  old=frame39
[AXIS INPUT 0] Loading input file: /home/23EC01052/Desktop/my_branch/LRF/data/hex_data/hex_img_055
[AXIS INPUT 0] Loading input file: /home/23EC01052/Desktop/my_branch/LRF/data/hex_data/hex_img_039
[TB] Sending pair 56: new=frame56  old=frame40
[AXIS INPUT 0] Loading input file: /home/23EC01052/Desktop/my_branch/LRF/data/hex_data/hex_img_056
[AXIS INPUT 0] Loading input file: /home/23EC01052/Desktop/my_branch/LRF/data/hex_data/hex_img_040
[TB] Sending pair 57: new=frame57  old=frame41
[AXIS INPUT 0] Loading input file: /home/23EC01052/Desktop/my_branch/LRF/data/hex_data/hex_img_057
[AXIS INPUT 0] Loading input file: /home/23EC01052/Desktop/my_branch/LRF/data/hex_data/hex_img_041
[TB] Sending pair 58: new=frame58  old=frame42
[AXIS INPUT 0] Loading input file: /home/23EC01052/Desktop/my_branch/LRF/data/hex_data/hex_img_058
[AXIS INPUT 0] Loading input file: /home/23EC01052/Desktop/my_branch/LRF/data/hex_data/hex_img_042
[TB] Sending pair 59: new=frame59  old=frame43
[AXIS INPUT 0] Loading input file: /home/23EC01052/Desktop/my_branch/LRF/data/hex_data/hex_img_059
[AXIS INPUT 0] Loading input file: /home/23EC01052/Desktop/my_branch/LRF/data/hex_data/hex_img_043
[TB] Sending pair 60: new=frame60  old=frame44
[AXIS INPUT 0] Loading input file: /home/23EC01052/Desktop/my_branch/LRF/data/hex_data/hex_img_060
[AXIS INPUT 0] Loading input file: /home/23EC01052/Desktop/my_branch/LRF/data/hex_data/hex_img_044
[TB] Sending pair 61: new=frame61  old=frame45
[AXIS INPUT 0] Loading input file: /home/23EC01052/Desktop/my_branch/LRF/data/hex_data/hex_img_061
[AXIS INPUT 0] Loading input file: /home/23EC01052/Desktop/my_branch/LRF/data/hex_data/hex_img_045
[TB] Sending pair 62: new=frame62  old=frame46
[AXIS INPUT 0] Loading input file: /home/23EC01052/Desktop/my_branch/LRF/data/hex_data/hex_img_062
[AXIS INPUT 0] Loading input file: /home/23EC01052/Desktop/my_branch/LRF/data/hex_data/hex_img_046
[TB] Sending pair 63: new=frame63  old=frame47
[AXIS INPUT 0] Loading input file: /home/23EC01052/Desktop/my_branch/LRF/data/hex_data/hex_img_063
[AXIS INPUT 0] Loading input file: /home/23EC01052/Desktop/my_branch/LRF/data/hex_data/hex_img_047
[TB] Sending pair 64: new=frame64  old=frame48
[AXIS INPUT 0] Loading input file: /home/23EC01052/Desktop/my_branch/LRF/data/hex_data/hex_img_064
[AXIS INPUT 0] Loading input file: /home/23EC01052/Desktop/my_branch/LRF/data/hex_data/hex_img_048
[TB] Sending pair 65: new=frame65  old=frame49
[AXIS INPUT 0] Loading input file: /home/23EC01052/Desktop/my_branch/LRF/data/hex_data/hex_img_065
[AXIS INPUT 0] Loading input file: /home/23EC01052/Desktop/my_branch/LRF/data/hex_data/hex_img_049
[TB] Sending pair 66: new=frame66  old=frame50
[AXIS INPUT 0] Loading input file: /home/23EC01052/Desktop/my_branch/LRF/data/hex_data/hex_img_066
[AXIS INPUT 0] Loading input file: /home/23EC01052/Desktop/my_branch/LRF/data/hex_data/hex_img_050
[TB] Sending pair 67: new=frame67  old=frame51
[AXIS INPUT 0] Loading input file: /home/23EC01052/Desktop/my_branch/LRF/data/hex_data/hex_img_067
[AXIS INPUT 0] Loading input file: /home/23EC01052/Desktop/my_branch/LRF/data/hex_data/hex_img_051
[TB] Sending pair 68: new=frame68  old=frame52
[AXIS INPUT 0] Loading input file: /home/23EC01052/Desktop/my_branch/LRF/data/hex_data/hex_img_068
[AXIS INPUT 0] Loading input file: /home/23EC01052/Desktop/my_branch/LRF/data/hex_data/hex_img_052
[TB] Sending pair 69: new=frame69  old=frame53
[AXIS INPUT 0] Loading input file: /home/23EC01052/Desktop/my_branch/LRF/data/hex_data/hex_img_069
[AXIS INPUT 0] Loading input file: /home/23EC01052/Desktop/my_branch/LRF/data/hex_data/hex_img_053
[TB] Sending pair 70: new=frame70  old=frame54
[AXIS INPUT 0] Loading input file: /home/23EC01052/Desktop/my_branch/LRF/data/hex_data/hex_img_070
[AXIS INPUT 0] Loading input file: /home/23EC01052/Desktop/my_branch/LRF/data/hex_data/hex_img_054
[TB] Sending pair 71: new=frame71  old=frame55
[AXIS INPUT 0] Loading input file: /home/23EC01052/Desktop/my_branch/LRF/data/hex_data/hex_img_071
[AXIS INPUT 0] Loading input file: /home/23EC01052/Desktop/my_branch/LRF/data/hex_data/hex_img_055
[TB] Sending pair 72: new=frame72  old=frame56
[AXIS INPUT 0] Loading input file: /home/23EC01052/Desktop/my_branch/LRF/data/hex_data/hex_img_072
[AXIS INPUT 0] Loading input file: /home/23EC01052/Desktop/my_branch/LRF/data/hex_data/hex_img_056
[TB] Sending pair 73: new=frame73  old=frame57
[AXIS INPUT 0] Loading input file: /home/23EC01052/Desktop/my_branch/LRF/data/hex_data/hex_img_073
[AXIS INPUT 0] Loading input file: /home/23EC01052/Desktop/my_branch/LRF/data/hex_data/hex_img_057
[TB] Sending pair 74: new=frame74  old=frame58
[AXIS INPUT 0] Loading input file: /home/23EC01052/Desktop/my_branch/LRF/data/hex_data/hex_img_074
[AXIS INPUT 0] Loading input file: /home/23EC01052/Desktop/my_branch/LRF/data/hex_data/hex_img_058
[TB] Sending pair 75: new=frame75  old=frame59
[AXIS INPUT 0] Loading input file: /home/23EC01052/Desktop/my_branch/LRF/data/hex_data/hex_img_075
[AXIS INPUT 0] Loading input file: /home/23EC01052/Desktop/my_branch/LRF/data/hex_data/hex_img_059
[TB] Sending pair 76: new=frame76  old=frame60
[AXIS INPUT 0] Loading input file: /home/23EC01052/Desktop/my_branch/LRF/data/hex_data/hex_img_076
[AXIS INPUT 0] Loading input file: /home/23EC01052/Desktop/my_branch/LRF/data/hex_data/hex_img_060
[TB] Sending pair 77: new=frame77  old=frame61
[AXIS INPUT 0] Loading input file: /home/23EC01052/Desktop/my_branch/LRF/data/hex_data/hex_img_077
[AXIS INPUT 0] Loading input file: /home/23EC01052/Desktop/my_branch/LRF/data/hex_data/hex_img_061
[TB] Sending pair 78: new=frame78  old=frame62
[AXIS INPUT 0] Loading input file: /home/23EC01052/Desktop/my_branch/LRF/data/hex_data/hex_img_078
[AXIS INPUT 0] Loading input file: /home/23EC01052/Desktop/my_branch/LRF/data/hex_data/hex_img_062
[TB] Sending pair 79: new=frame79  old=frame63
[AXIS INPUT 0] Loading input file: /home/23EC01052/Desktop/my_branch/LRF/data/hex_data/hex_img_079
[AXIS INPUT 0] Loading input file: /home/23EC01052/Desktop/my_branch/LRF/data/hex_data/hex_img_063
[TB] Sending pair 80: new=frame80  old=frame64
[AXIS INPUT 0] Loading input file: /home/23EC01052/Desktop/my_branch/LRF/data/hex_data/hex_img_080
[AXIS INPUT 0] Loading input file: /home/23EC01052/Desktop/my_branch/LRF/data/hex_data/hex_img_064
[TB] Sending pair 81: new=frame81  old=frame65
[AXIS INPUT 0] Loading input file: /home/23EC01052/Desktop/my_branch/LRF/data/hex_data/hex_img_081
[AXIS INPUT 0] Loading input file: /home/23EC01052/Desktop/my_branch/LRF/data/hex_data/hex_img_065
[TB] Sending pair 82: new=frame82  old=frame66
[AXIS INPUT 0] Loading input file: /home/23EC01052/Desktop/my_branch/LRF/data/hex_data/hex_img_082
[AXIS INPUT 0] Loading input file: /home/23EC01052/Desktop/my_branch/LRF/data/hex_data/hex_img_066
[TB] Sending pair 83: new=frame83  old=frame67
[AXIS INPUT 0] Loading input file: /home/23EC01052/Desktop/my_branch/LRF/data/hex_data/hex_img_083
[AXIS INPUT 0] Loading input file: /home/23EC01052/Desktop/my_branch/LRF/data/hex_data/hex_img_067
[TB] Sending pair 84: new=frame84  old=frame68
[AXIS INPUT 0] Loading input file: /home/23EC01052/Desktop/my_branch/LRF/data/hex_data/hex_img_084
[AXIS INPUT 0] Loading input file: /home/23EC01052/Desktop/my_branch/LRF/data/hex_data/hex_img_068
[TB] Sending pair 85: new=frame85  old=frame69
[AXIS INPUT 0] Loading input file: /home/23EC01052/Desktop/my_branch/LRF/data/hex_data/hex_img_085
[AXIS INPUT 0] Loading input file: /home/23EC01052/Desktop/my_branch/LRF/data/hex_data/hex_img_069
[TB] Sending pair 86: new=frame86  old=frame70
[AXIS INPUT 0] Loading input file: /home/23EC01052/Desktop/my_branch/LRF/data/hex_data/hex_img_086
[AXIS INPUT 0] Loading input file: /home/23EC01052/Desktop/my_branch/LRF/data/hex_data/hex_img_070
[TB] Sending pair 87: new=frame87  old=frame71
[AXIS INPUT 0] Loading input file: /home/23EC01052/Desktop/my_branch/LRF/data/hex_data/hex_img_087
[AXIS INPUT 0] Loading input file: /home/23EC01052/Desktop/my_branch/LRF/data/hex_data/hex_img_071
[TB] Sending pair 88: new=frame88  old=frame72
[AXIS INPUT 0] Loading input file: /home/23EC01052/Desktop/my_branch/LRF/data/hex_data/hex_img_088
[AXIS INPUT 0] Loading input file: /home/23EC01052/Desktop/my_branch/LRF/data/hex_data/hex_img_072
[TB] Sending pair 89: new=frame89  old=frame73
[AXIS INPUT 0] Loading input file: /home/23EC01052/Desktop/my_branch/LRF/data/hex_data/hex_img_089
[AXIS INPUT 0] Loading input file: /home/23EC01052/Desktop/my_branch/LRF/data/hex_data/hex_img_073
[TB] Sending pair 90: new=frame90  old=frame74
[AXIS INPUT 0] Loading input file: /home/23EC01052/Desktop/my_branch/LRF/data/hex_data/hex_img_090
[AXIS INPUT 0] Loading input file: /home/23EC01052/Desktop/my_branch/LRF/data/hex_data/hex_img_074
[TB] Sending pair 91: new=frame91  old=frame75
[AXIS INPUT 0] Loading input file: /home/23EC01052/Desktop/my_branch/LRF/data/hex_data/hex_img_091
[AXIS INPUT 0] Loading input file: /home/23EC01052/Desktop/my_branch/LRF/data/hex_data/hex_img_075
[TB] Sending pair 92: new=frame92  old=frame76
[AXIS INPUT 0] Loading input file: /home/23EC01052/Desktop/my_branch/LRF/data/hex_data/hex_img_092
[AXIS INPUT 0] Loading input file: /home/23EC01052/Desktop/my_branch/LRF/data/hex_data/hex_img_076
[TB] Sending pair 93: new=frame93  old=frame77
[AXIS INPUT 0] Loading input file: /home/23EC01052/Desktop/my_branch/LRF/data/hex_data/hex_img_093
[AXIS INPUT 0] Loading input file: /home/23EC01052/Desktop/my_branch/LRF/data/hex_data/hex_img_077
[TB] Sending pair 94: new=frame94  old=frame78
[AXIS INPUT 0] Loading input file: /home/23EC01052/Desktop/my_branch/LRF/data/hex_data/hex_img_094
[AXIS INPUT 0] Loading input file: /home/23EC01052/Desktop/my_branch/LRF/data/hex_data/hex_img_078
[TB] Sending pair 95: new=frame95  old=frame79
[AXIS INPUT 0] Loading input file: /home/23EC01052/Desktop/my_branch/LRF/data/hex_data/hex_img_095
[AXIS INPUT 0] Loading input file: /home/23EC01052/Desktop/my_branch/LRF/data/hex_data/hex_img_079
[TB] Sending pair 96: new=frame96  old=frame80
[AXIS INPUT 0] Loading input file: /home/23EC01052/Desktop/my_branch/LRF/data/hex_data/hex_img_096
[AXIS INPUT 0] Loading input file: /home/23EC01052/Desktop/my_branch/LRF/data/hex_data/hex_img_080
[TB] Sending pair 97: new=frame97  old=frame81
[AXIS INPUT 0] Loading input file: /home/23EC01052/Desktop/my_branch/LRF/data/hex_data/hex_img_097
[AXIS INPUT 0] Loading input file: /home/23EC01052/Desktop/my_branch/LRF/data/hex_data/hex_img_081
[TB] Sending pair 98: new=frame98  old=frame82
[AXIS INPUT 0] Loading input file: /home/23EC01052/Desktop/my_branch/LRF/data/hex_data/hex_img_098
[AXIS INPUT 0] Loading input file: /home/23EC01052/Desktop/my_branch/LRF/data/hex_data/hex_img_082
[TB] Sending pair 99: new=frame99  old=frame83
[AXIS INPUT 0] Loading input file: /home/23EC01052/Desktop/my_branch/LRF/data/hex_data/hex_img_099
[AXIS INPUT 0] Loading input file: /home/23EC01052/Desktop/my_branch/LRF/data/hex_data/hex_img_083
[TB] Sending pair 100: new=frame100  old=frame84
[AXIS INPUT 0] Loading input file: /home/23EC01052/Desktop/my_branch/LRF/data/hex_data/hex_img_100
[AXIS INPUT 0] Loading input file: /home/23EC01052/Desktop/my_branch/LRF/data/hex_data/hex_img_084
[TB] Sending pair 101: new=frame101  old=frame85
[AXIS INPUT 0] Loading input file: /home/23EC01052/Desktop/my_branch/LRF/data/hex_data/hex_img_101
[AXIS INPUT 0] Loading input file: /home/23EC01052/Desktop/my_branch/LRF/data/hex_data/hex_img_085
[TB] Sending pair 102: new=frame102  old=frame86
[AXIS INPUT 0] Loading input file: /home/23EC01052/Desktop/my_branch/LRF/data/hex_data/hex_img_102
[AXIS INPUT 0] Loading input file: /home/23EC01052/Desktop/my_branch/LRF/data/hex_data/hex_img_086
[TB] Sending pair 103: new=frame103  old=frame87
[AXIS INPUT 0] Loading input file: /home/23EC01052/Desktop/my_branch/LRF/data/hex_data/hex_img_103
[AXIS INPUT 0] Loading input file: /home/23EC01052/Desktop/my_branch/LRF/data/hex_data/hex_img_087
[TB] Sending pair 104: new=frame104  old=frame88
[AXIS INPUT 0] Loading input file: /home/23EC01052/Desktop/my_branch/LRF/data/hex_data/hex_img_104
[AXIS INPUT 0] Loading input file: /home/23EC01052/Desktop/my_branch/LRF/data/hex_data/hex_img_088
[TB] Sending pair 105: new=frame105  old=frame89
[AXIS INPUT 0] Loading input file: /home/23EC01052/Desktop/my_branch/LRF/data/hex_data/hex_img_105
[AXIS INPUT 0] Loading input file: /home/23EC01052/Desktop/my_branch/LRF/data/hex_data/hex_img_089
[TB] Sending pair 106: new=frame106  old=frame90
[AXIS INPUT 0] Loading input file: /home/23EC01052/Desktop/my_branch/LRF/data/hex_data/hex_img_106
[AXIS INPUT 0] Loading input file: /home/23EC01052/Desktop/my_branch/LRF/data/hex_data/hex_img_090
[TB] Sending pair 107: new=frame107  old=frame91
[AXIS INPUT 0] Loading input file: /home/23EC01052/Desktop/my_branch/LRF/data/hex_data/hex_img_107
[AXIS INPUT 0] Loading input file: /home/23EC01052/Desktop/my_branch/LRF/data/hex_data/hex_img_091
[TB] Sending pair 108: new=frame108  old=frame92
[AXIS INPUT 0] Loading input file: /home/23EC01052/Desktop/my_branch/LRF/data/hex_data/hex_img_108
[AXIS INPUT 0] Loading input file: /home/23EC01052/Desktop/my_branch/LRF/data/hex_data/hex_img_092
[TB] Sending pair 109: new=frame109  old=frame93
[AXIS INPUT 0] Loading input file: /home/23EC01052/Desktop/my_branch/LRF/data/hex_data/hex_img_109
[AXIS INPUT 0] Loading input file: /home/23EC01052/Desktop/my_branch/LRF/data/hex_data/hex_img_093
[TB] Sending pair 110: new=frame110  old=frame94
[AXIS INPUT 0] Loading input file: /home/23EC01052/Desktop/my_branch/LRF/data/hex_data/hex_img_110
[AXIS INPUT 0] Loading input file: /home/23EC01052/Desktop/my_branch/LRF/data/hex_data/hex_img_094
[TB] Sending pair 111: new=frame111  old=frame95
[AXIS INPUT 0] Loading input file: /home/23EC01052/Desktop/my_branch/LRF/data/hex_data/hex_img_111
[AXIS INPUT 0] Loading input file: /home/23EC01052/Desktop/my_branch/LRF/data/hex_data/hex_img_095
[TB] Sending pair 112: new=frame112  old=frame96
[AXIS INPUT 0] Loading input file: /home/23EC01052/Desktop/my_branch/LRF/data/hex_data/hex_img_112
[AXIS INPUT 0] Loading input file: /home/23EC01052/Desktop/my_branch/LRF/data/hex_data/hex_img_096
[TB] Sending pair 113: new=frame113  old=frame97
[AXIS INPUT 0] Loading input file: /home/23EC01052/Desktop/my_branch/LRF/data/hex_data/hex_img_113
[AXIS INPUT 0] Loading input file: /home/23EC01052/Desktop/my_branch/LRF/data/hex_data/hex_img_097
[TB] Sending pair 114: new=frame114  old=frame98
[AXIS INPUT 0] Loading input file: /home/23EC01052/Desktop/my_branch/LRF/data/hex_data/hex_img_114
[AXIS INPUT 0] Loading input file: /home/23EC01052/Desktop/my_branch/LRF/data/hex_data/hex_img_098
[TB] Sending pair 115: new=frame115  old=frame99
[AXIS INPUT 0] Loading input file: /home/23EC01052/Desktop/my_branch/LRF/data/hex_data/hex_img_115
[AXIS INPUT 0] Loading input file: /home/23EC01052/Desktop/my_branch/LRF/data/hex_data/hex_img_099
[TB] Sending pair 116: new=frame116  old=frame100
[AXIS INPUT 0] Loading input file: /home/23EC01052/Desktop/my_branch/LRF/data/hex_data/hex_img_116
[AXIS INPUT 0] Loading input file: /home/23EC01052/Desktop/my_branch/LRF/data/hex_data/hex_img_100
[TB] Sending pair 117: new=frame117  old=frame101
[AXIS INPUT 0] Loading input file: /home/23EC01052/Desktop/my_branch/LRF/data/hex_data/hex_img_117
[AXIS INPUT 0] Loading input file: /home/23EC01052/Desktop/my_branch/LRF/data/hex_data/hex_img_101
[TB] Sending pair 118: new=frame118  old=frame102
[AXIS INPUT 0] Loading input file: /home/23EC01052/Desktop/my_branch/LRF/data/hex_data/hex_img_118
[AXIS INPUT 0] Loading input file: /home/23EC01052/Desktop/my_branch/LRF/data/hex_data/hex_img_102
[TB] Sending pair 119: new=frame119  old=frame103
[AXIS INPUT 0] Loading input file: /home/23EC01052/Desktop/my_branch/LRF/data/hex_data/hex_img_119
[AXIS INPUT 0] Loading input file: /home/23EC01052/Desktop/my_branch/LRF/data/hex_data/hex_img_103
[TB] Sending pair 120: new=frame120  old=frame104
[AXIS INPUT 0] Loading input file: /home/23EC01052/Desktop/my_branch/LRF/data/hex_data/hex_img_120
[AXIS INPUT 0] Loading input file: /home/23EC01052/Desktop/my_branch/LRF/data/hex_data/hex_img_104
[TB] Sending pair 121: new=frame121  old=frame105
[AXIS INPUT 0] Loading input file: /home/23EC01052/Desktop/my_branch/LRF/data/hex_data/hex_img_121
[AXIS INPUT 0] Loading input file: /home/23EC01052/Desktop/my_branch/LRF/data/hex_data/hex_img_105
[TB] Sending pair 122: new=frame122  old=frame106
[AXIS INPUT 0] Loading input file: /home/23EC01052/Desktop/my_branch/LRF/data/hex_data/hex_img_122
[AXIS INPUT 0] Loading input file: /home/23EC01052/Desktop/my_branch/LRF/data/hex_data/hex_img_106
[TB] Sending pair 123: new=frame123  old=frame107
[AXIS INPUT 0] Loading input file: /home/23EC01052/Desktop/my_branch/LRF/data/hex_data/hex_img_123
[AXIS INPUT 0] Loading input file: /home/23EC01052/Desktop/my_branch/LRF/data/hex_data/hex_img_107
[TB] Sending pair 124: new=frame124  old=frame108
[AXIS INPUT 0] Loading input file: /home/23EC01052/Desktop/my_branch/LRF/data/hex_data/hex_img_124
[AXIS INPUT 0] Loading input file: /home/23EC01052/Desktop/my_branch/LRF/data/hex_data/hex_img_108
[TB] Sending pair 125: new=frame125  old=frame109
[AXIS INPUT 0] Loading input file: /home/23EC01052/Desktop/my_branch/LRF/data/hex_data/hex_img_125
[AXIS INPUT 0] Loading input file: /home/23EC01052/Desktop/my_branch/LRF/data/hex_data/hex_img_109
[TB] Sending pair 126: new=frame126  old=frame110
[AXIS INPUT 0] Loading input file: /home/23EC01052/Desktop/my_branch/LRF/data/hex_data/hex_img_126
[AXIS INPUT 0] Loading input file: /home/23EC01052/Desktop/my_branch/LRF/data/hex_data/hex_img_110
[TB] Sending pair 127: new=frame127  old=frame111
[AXIS INPUT 0] Loading input file: /home/23EC01052/Desktop/my_branch/LRF/data/hex_data/hex_img_127
[AXIS INPUT 0] Loading input file: /home/23EC01052/Desktop/my_branch/LRF/data/hex_data/hex_img_111
[TB] Sending pair 128: new=frame128  old=frame112
[AXIS INPUT 0] Loading input file: /home/23EC01052/Desktop/my_branch/LRF/data/hex_data/hex_img_128
[AXIS INPUT 0] Loading input file: /home/23EC01052/Desktop/my_branch/LRF/data/hex_data/hex_img_112
[TB] Sending pair 129: new=frame129  old=frame113
[AXIS INPUT 0] Loading input file: /home/23EC01052/Desktop/my_branch/LRF/data/hex_data/hex_img_129
[AXIS INPUT 0] Loading input file: /home/23EC01052/Desktop/my_branch/LRF/data/hex_data/hex_img_113
[TB] Sending pair 130: new=frame130  old=frame114
[AXIS INPUT 0] Loading input file: /home/23EC01052/Desktop/my_branch/LRF/data/hex_data/hex_img_130
[AXIS INPUT 0] Loading input file: /home/23EC01052/Desktop/my_branch/LRF/data/hex_data/hex_img_114
[TB] Sending pair 131: new=frame131  old=frame115
[AXIS INPUT 0] Loading input file: /home/23EC01052/Desktop/my_branch/LRF/data/hex_data/hex_img_131
[AXIS INPUT 0] Loading input file: /home/23EC01052/Desktop/my_branch/LRF/data/hex_data/hex_img_115
[TB] Sending pair 132: new=frame132  old=frame116
[AXIS INPUT 0] Loading input file: /home/23EC01052/Desktop/my_branch/LRF/data/hex_data/hex_img_132
[AXIS INPUT 0] Loading input file: /home/23EC01052/Desktop/my_branch/LRF/data/hex_data/hex_img_116
[TB] Sending pair 133: new=frame133  old=frame117
[AXIS INPUT 0] Loading input file: /home/23EC01052/Desktop/my_branch/LRF/data/hex_data/hex_img_133
[AXIS INPUT 0] Loading input file: /home/23EC01052/Desktop/my_branch/LRF/data/hex_data/hex_img_117
[TB] Sending pair 134: new=frame134  old=frame118
[AXIS INPUT 0] Loading input file: /home/23EC01052/Desktop/my_branch/LRF/data/hex_data/hex_img_134
[AXIS INPUT 0] Loading input file: /home/23EC01052/Desktop/my_branch/LRF/data/hex_data/hex_img_118
[TB] Sending pair 135: new=frame135  old=frame119
[AXIS INPUT 0] Loading input file: /home/23EC01052/Desktop/my_branch/LRF/data/hex_data/hex_img_135
[AXIS INPUT 0] Loading input file: /home/23EC01052/Desktop/my_branch/LRF/data/hex_data/hex_img_119
[TB] Sending pair 136: new=frame136  old=frame120
[AXIS INPUT 0] Loading input file: /home/23EC01052/Desktop/my_branch/LRF/data/hex_data/hex_img_136
[AXIS INPUT 0] Loading input file: /home/23EC01052/Desktop/my_branch/LRF/data/hex_data/hex_img_120
[TB] Sending pair 137: new=frame137  old=frame121
[AXIS INPUT 0] Loading input file: /home/23EC01052/Desktop/my_branch/LRF/data/hex_data/hex_img_137
[AXIS INPUT 0] Loading input file: /home/23EC01052/Desktop/my_branch/LRF/data/hex_data/hex_img_121
[TB] Sending pair 138: new=frame138  old=frame122
[AXIS INPUT 0] Loading input file: /home/23EC01052/Desktop/my_branch/LRF/data/hex_data/hex_img_138
[AXIS INPUT 0] Loading input file: /home/23EC01052/Desktop/my_branch/LRF/data/hex_data/hex_img_122
[TB] Sending pair 139: new=frame139  old=frame123
[AXIS INPUT 0] Loading input file: /home/23EC01052/Desktop/my_branch/LRF/data/hex_data/hex_img_139
[AXIS INPUT 0] Loading input file: /home/23EC01052/Desktop/my_branch/LRF/data/hex_data/hex_img_123
[TB] Sending pair 140: new=frame140  old=frame124
[AXIS INPUT 0] Loading input file: /home/23EC01052/Desktop/my_branch/LRF/data/hex_data/hex_img_140
[AXIS INPUT 0] Loading input file: /home/23EC01052/Desktop/my_branch/LRF/data/hex_data/hex_img_124
[TB] Sending pair 141: new=frame141  old=frame125
[AXIS INPUT 0] Loading input file: /home/23EC01052/Desktop/my_branch/LRF/data/hex_data/hex_img_141
[AXIS INPUT 0] Loading input file: /home/23EC01052/Desktop/my_branch/LRF/data/hex_data/hex_img_125
[TB] Sending pair 142: new=frame142  old=frame126
[AXIS INPUT 0] Loading input file: /home/23EC01052/Desktop/my_branch/LRF/data/hex_data/hex_img_142
[AXIS INPUT 0] Loading input file: /home/23EC01052/Desktop/my_branch/LRF/data/hex_data/hex_img_126
[TB] Sending pair 143: new=frame143  old=frame127
[AXIS INPUT 0] Loading input file: /home/23EC01052/Desktop/my_branch/LRF/data/hex_data/hex_img_143
[AXIS INPUT 0] Loading input file: /home/23EC01052/Desktop/my_branch/LRF/data/hex_data/hex_img_127
[TB] Sending pair 144: new=frame144  old=frame128
[AXIS INPUT 0] Loading input file: /home/23EC01052/Desktop/my_branch/LRF/data/hex_data/hex_img_144
[AXIS INPUT 0] Loading input file: /home/23EC01052/Desktop/my_branch/LRF/data/hex_data/hex_img_128
[TB] Sending pair 145: new=frame145  old=frame129
[AXIS INPUT 0] Loading input file: /home/23EC01052/Desktop/my_branch/LRF/data/hex_data/hex_img_145
[AXIS INPUT 0] Loading input file: /home/23EC01052/Desktop/my_branch/LRF/data/hex_data/hex_img_129
[TB] Sending pair 146: new=frame146  old=frame130
[AXIS INPUT 0] Loading input file: /home/23EC01052/Desktop/my_branch/LRF/data/hex_data/hex_img_146
[AXIS INPUT 0] Loading input file: /home/23EC01052/Desktop/my_branch/LRF/data/hex_data/hex_img_130
[TB] Sending pair 147: new=frame147  old=frame131
[AXIS INPUT 0] Loading input file: /home/23EC01052/Desktop/my_branch/LRF/data/hex_data/hex_img_147
[AXIS INPUT 0] Loading input file: /home/23EC01052/Desktop/my_branch/LRF/data/hex_data/hex_img_131
[TB] Sending pair 148: new=frame148  old=frame132
[AXIS INPUT 0] Loading input file: /home/23EC01052/Desktop/my_branch/LRF/data/hex_data/hex_img_148
[AXIS INPUT 0] Loading input file: /home/23EC01052/Desktop/my_branch/LRF/data/hex_data/hex_img_132
[TB] Sending pair 149: new=frame149  old=frame133
[AXIS INPUT 0] Loading input file: /home/23EC01052/Desktop/my_branch/LRF/data/hex_data/hex_img_149
[AXIS INPUT 0] Loading input file: /home/23EC01052/Desktop/my_branch/LRF/data/hex_data/hex_img_133
[TB] Sending pair 150: new=frame150  old=frame134
[AXIS INPUT 0] Loading input file: /home/23EC01052/Desktop/my_branch/LRF/data/hex_data/hex_img_150
[AXIS INPUT 0] Loading input file: /home/23EC01052/Desktop/my_branch/LRF/data/hex_data/hex_img_134
[TB] Sending pair 151: new=frame151  old=frame135
[AXIS INPUT 0] Loading input file: /home/23EC01052/Desktop/my_branch/LRF/data/hex_data/hex_img_151
[AXIS INPUT 0] Loading input file: /home/23EC01052/Desktop/my_branch/LRF/data/hex_data/hex_img_135
[TB] Sending pair 152: new=frame152  old=frame136
[AXIS INPUT 0] Loading input file: /home/23EC01052/Desktop/my_branch/LRF/data/hex_data/hex_img_152
[AXIS INPUT 0] Loading input file: /home/23EC01052/Desktop/my_branch/LRF/data/hex_data/hex_img_136
[TB] Sending pair 153: new=frame153  old=frame137
[AXIS INPUT 0] Loading input file: /home/23EC01052/Desktop/my_branch/LRF/data/hex_data/hex_img_153
[AXIS INPUT 0] Loading input file: /home/23EC01052/Desktop/my_branch/LRF/data/hex_data/hex_img_137
[TB] Sending pair 154: new=frame154  old=frame138
[AXIS INPUT 0] Loading input file: /home/23EC01052/Desktop/my_branch/LRF/data/hex_data/hex_img_154
[AXIS INPUT 0] Loading input file: /home/23EC01052/Desktop/my_branch/LRF/data/hex_data/hex_img_138
[TB] Sending pair 155: new=frame155  old=frame139
[AXIS INPUT 0] Loading input file: /home/23EC01052/Desktop/my_branch/LRF/data/hex_data/hex_img_155
[AXIS INPUT 0] Loading input file: /home/23EC01052/Desktop/my_branch/LRF/data/hex_data/hex_img_139
[TB] Sending pair 156: new=frame156  old=frame140
[AXIS INPUT 0] Loading input file: /home/23EC01052/Desktop/my_branch/LRF/data/hex_data/hex_img_156
[AXIS INPUT 0] Loading input file: /home/23EC01052/Desktop/my_branch/LRF/data/hex_data/hex_img_140
[TB] Sending pair 157: new=frame157  old=frame141
[AXIS INPUT 0] Loading input file: /home/23EC01052/Desktop/my_branch/LRF/data/hex_data/hex_img_157
[AXIS INPUT 0] Loading input file: /home/23EC01052/Desktop/my_branch/LRF/data/hex_data/hex_img_141
[TB] Sending pair 158: new=frame158  old=frame142
[AXIS INPUT 0] Loading input file: /home/23EC01052/Desktop/my_branch/LRF/data/hex_data/hex_img_158
[AXIS INPUT 0] Loading input file: /home/23EC01052/Desktop/my_branch/LRF/data/hex_data/hex_img_142
[TB] Sending pair 159: new=frame159  old=frame143
[AXIS INPUT 0] Loading input file: /home/23EC01052/Desktop/my_branch/LRF/data/hex_data/hex_img_159
[AXIS INPUT 0] Loading input file: /home/23EC01052/Desktop/my_branch/LRF/data/hex_data/hex_img_143
[TB] Sending pair 160: new=frame160  old=frame144
[AXIS INPUT 0] Loading input file: /home/23EC01052/Desktop/my_branch/LRF/data/hex_data/hex_img_160
[AXIS INPUT 0] Loading input file: /home/23EC01052/Desktop/my_branch/LRF/data/hex_data/hex_img_144
[TB] Sending pair 161: new=frame161  old=frame145
[AXIS INPUT 0] Loading input file: /home/23EC01052/Desktop/my_branch/LRF/data/hex_data/hex_img_161
[AXIS INPUT 0] Loading input file: /home/23EC01052/Desktop/my_branch/LRF/data/hex_data/hex_img_145
[TB] Sending pair 162: new=frame162  old=frame146
[AXIS INPUT 0] Loading input file: /home/23EC01052/Desktop/my_branch/LRF/data/hex_data/hex_img_162
[AXIS INPUT 0] Loading input file: /home/23EC01052/Desktop/my_branch/LRF/data/hex_data/hex_img_146
[TB] Sending pair 163: new=frame163  old=frame147
[AXIS INPUT 0] Loading input file: /home/23EC01052/Desktop/my_branch/LRF/data/hex_data/hex_img_163
[AXIS INPUT 0] Loading input file: /home/23EC01052/Desktop/my_branch/LRF/data/hex_data/hex_img_147
[TB] Sending pair 164: new=frame164  old=frame148
[AXIS INPUT 0] Loading input file: /home/23EC01052/Desktop/my_branch/LRF/data/hex_data/hex_img_164
[AXIS INPUT 0] Loading input file: /home/23EC01052/Desktop/my_branch/LRF/data/hex_data/hex_img_148
[TB] Sending pair 165: new=frame165  old=frame149
[AXIS INPUT 0] Loading input file: /home/23EC01052/Desktop/my_branch/LRF/data/hex_data/hex_img_165
[AXIS INPUT 0] Loading input file: /home/23EC01052/Desktop/my_branch/LRF/data/hex_data/hex_img_149
[TB] Sending pair 166: new=frame166  old=frame150
[AXIS INPUT 0] Loading input file: /home/23EC01052/Desktop/my_branch/LRF/data/hex_data/hex_img_166
[AXIS INPUT 0] Loading input file: /home/23EC01052/Desktop/my_branch/LRF/data/hex_data/hex_img_150
[TB] Sending pair 167: new=frame167  old=frame151
[AXIS INPUT 0] Loading input file: /home/23EC01052/Desktop/my_branch/LRF/data/hex_data/hex_img_167
[AXIS INPUT 0] Loading input file: /home/23EC01052/Desktop/my_branch/LRF/data/hex_data/hex_img_151
[TB] Sending pair 168: new=frame168  old=frame152
[AXIS INPUT 0] Loading input file: /home/23EC01052/Desktop/my_branch/LRF/data/hex_data/hex_img_168
[AXIS INPUT 0] Loading input file: /home/23EC01052/Desktop/my_branch/LRF/data/hex_data/hex_img_152
[TB] Sending pair 169: new=frame169  old=frame153
[AXIS INPUT 0] Loading input file: /home/23EC01052/Desktop/my_branch/LRF/data/hex_data/hex_img_169
[AXIS INPUT 0] Loading input file: /home/23EC01052/Desktop/my_branch/LRF/data/hex_data/hex_img_153
[TB] Sending pair 170: new=frame170  old=frame154
[AXIS INPUT 0] Loading input file: /home/23EC01052/Desktop/my_branch/LRF/data/hex_data/hex_img_170
[AXIS INPUT 0] Loading input file: /home/23EC01052/Desktop/my_branch/LRF/data/hex_data/hex_img_154
[TB] Sending pair 171: new=frame171  old=frame155
[AXIS INPUT 0] Loading input file: /home/23EC01052/Desktop/my_branch/LRF/data/hex_data/hex_img_171
[AXIS INPUT 0] Loading input file: /home/23EC01052/Desktop/my_branch/LRF/data/hex_data/hex_img_155
[TB] Sending pair 172: new=frame172  old=frame156
[AXIS INPUT 0] Loading input file: /home/23EC01052/Desktop/my_branch/LRF/data/hex_data/hex_img_172
[AXIS INPUT 0] Loading input file: /home/23EC01052/Desktop/my_branch/LRF/data/hex_data/hex_img_156
[TB] Sending pair 173: new=frame173  old=frame157
[AXIS INPUT 0] Loading input file: /home/23EC01052/Desktop/my_branch/LRF/data/hex_data/hex_img_173
[AXIS INPUT 0] Loading input file: /home/23EC01052/Desktop/my_branch/LRF/data/hex_data/hex_img_157
[TB] Sending pair 174: new=frame174  old=frame158
[AXIS INPUT 0] Loading input file: /home/23EC01052/Desktop/my_branch/LRF/data/hex_data/hex_img_174
[AXIS INPUT 0] Loading input file: /home/23EC01052/Desktop/my_branch/LRF/data/hex_data/hex_img_158
[TB] Sending pair 175: new=frame175  old=frame159
[AXIS INPUT 0] Loading input file: /home/23EC01052/Desktop/my_branch/LRF/data/hex_data/hex_img_175
[AXIS INPUT 0] Loading input file: /home/23EC01052/Desktop/my_branch/LRF/data/hex_data/hex_img_159
[TB] Sending pair 176: new=frame176  old=frame160
[AXIS INPUT 0] Loading input file: /home/23EC01052/Desktop/my_branch/LRF/data/hex_data/hex_img_176
[AXIS INPUT 0] Loading input file: /home/23EC01052/Desktop/my_branch/LRF/data/hex_data/hex_img_160
[TB] Sending pair 177: new=frame177  old=frame161
[AXIS INPUT 0] Loading input file: /home/23EC01052/Desktop/my_branch/LRF/data/hex_data/hex_img_177
[AXIS INPUT 0] Loading input file: /home/23EC01052/Desktop/my_branch/LRF/data/hex_data/hex_img_161
[TB] Sending pair 178: new=frame178  old=frame162
[AXIS INPUT 0] Loading input file: /home/23EC01052/Desktop/my_branch/LRF/data/hex_data/hex_img_178
[AXIS INPUT 0] Loading input file: /home/23EC01052/Desktop/my_branch/LRF/data/hex_data/hex_img_162
[TB] Sending pair 179: new=frame179  old=frame163
[AXIS INPUT 0] Loading input file: /home/23EC01052/Desktop/my_branch/LRF/data/hex_data/hex_img_179
[AXIS INPUT 0] Loading input file: /home/23EC01052/Desktop/my_branch/LRF/data/hex_data/hex_img_163
[TB] Sending pair 180: new=frame180  old=frame164
[AXIS INPUT 0] Loading input file: /home/23EC01052/Desktop/my_branch/LRF/data/hex_data/hex_img_180
[AXIS INPUT 0] Loading input file: /home/23EC01052/Desktop/my_branch/LRF/data/hex_data/hex_img_164
[TB] Sending pair 181: new=frame181  old=frame165
[AXIS INPUT 0] Loading input file: /home/23EC01052/Desktop/my_branch/LRF/data/hex_data/hex_img_181
[AXIS INPUT 0] Loading input file: /home/23EC01052/Desktop/my_branch/LRF/data/hex_data/hex_img_165
[TB] Sending pair 182: new=frame182  old=frame166
[AXIS INPUT 0] Loading input file: /home/23EC01052/Desktop/my_branch/LRF/data/hex_data/hex_img_182
[AXIS INPUT 0] Loading input file: /home/23EC01052/Desktop/my_branch/LRF/data/hex_data/hex_img_166
[TB] Sending pair 183: new=frame183  old=frame167
[AXIS INPUT 0] Loading input file: /home/23EC01052/Desktop/my_branch/LRF/data/hex_data/hex_img_183
[AXIS INPUT 0] Loading input file: /home/23EC01052/Desktop/my_branch/LRF/data/hex_data/hex_img_167
[TB] Sending pair 184: new=frame184  old=frame168
[AXIS INPUT 0] Loading input file: /home/23EC01052/Desktop/my_branch/LRF/data/hex_data/hex_img_184
[AXIS INPUT 0] Loading input file: /home/23EC01052/Desktop/my_branch/LRF/data/hex_data/hex_img_168
[TB] Sending pair 185: new=frame185  old=frame169
[AXIS INPUT 0] Loading input file: /home/23EC01052/Desktop/my_branch/LRF/data/hex_data/hex_img_185
[AXIS INPUT 0] Loading input file: /home/23EC01052/Desktop/my_branch/LRF/data/hex_data/hex_img_169
[TB] Sending pair 186: new=frame186  old=frame170
[AXIS INPUT 0] Loading input file: /home/23EC01052/Desktop/my_branch/LRF/data/hex_data/hex_img_186
[AXIS INPUT 0] Loading input file: /home/23EC01052/Desktop/my_branch/LRF/data/hex_data/hex_img_170
[TB] Sending pair 187: new=frame187  old=frame171
[AXIS INPUT 0] Loading input file: /home/23EC01052/Desktop/my_branch/LRF/data/hex_data/hex_img_187
[AXIS INPUT 0] Loading input file: /home/23EC01052/Desktop/my_branch/LRF/data/hex_data/hex_img_171
[TB] Sending pair 188: new=frame188  old=frame172
[AXIS INPUT 0] Loading input file: /home/23EC01052/Desktop/my_branch/LRF/data/hex_data/hex_img_188
[AXIS INPUT 0] Loading input file: /home/23EC01052/Desktop/my_branch/LRF/data/hex_data/hex_img_172
[TB] Sending pair 189: new=frame189  old=frame173
[AXIS INPUT 0] Loading input file: /home/23EC01052/Desktop/my_branch/LRF/data/hex_data/hex_img_189
[AXIS INPUT 0] Loading input file: /home/23EC01052/Desktop/my_branch/LRF/data/hex_data/hex_img_173
[TB] Sending pair 190: new=frame190  old=frame174
[AXIS INPUT 0] Loading input file: /home/23EC01052/Desktop/my_branch/LRF/data/hex_data/hex_img_190
[AXIS INPUT 0] Loading input file: /home/23EC01052/Desktop/my_branch/LRF/data/hex_data/hex_img_174
[TB] Sending pair 191: new=frame191  old=frame175
[AXIS INPUT 0] Loading input file: /home/23EC01052/Desktop/my_branch/LRF/data/hex_data/hex_img_191
[AXIS INPUT 0] Loading input file: /home/23EC01052/Desktop/my_branch/LRF/data/hex_data/hex_img_175
[TB] Sending pair 192: new=frame192  old=frame176
[AXIS INPUT 0] Loading input file: /home/23EC01052/Desktop/my_branch/LRF/data/hex_data/hex_img_192
[AXIS INPUT 0] Loading input file: /home/23EC01052/Desktop/my_branch/LRF/data/hex_data/hex_img_176
[TB] Sending pair 193: new=frame193  old=frame177
[AXIS INPUT 0] Loading input file: /home/23EC01052/Desktop/my_branch/LRF/data/hex_data/hex_img_193
[AXIS INPUT 0] Loading input file: /home/23EC01052/Desktop/my_branch/LRF/data/hex_data/hex_img_177
[TB] Sending pair 194: new=frame194  old=frame178
[AXIS INPUT 0] Loading input file: /home/23EC01052/Desktop/my_branch/LRF/data/hex_data/hex_img_194
[AXIS INPUT 0] Loading input file: /home/23EC01052/Desktop/my_branch/LRF/data/hex_data/hex_img_178
[TB] Sending pair 195: new=frame195  old=frame179
[AXIS INPUT 0] Loading input file: /home/23EC01052/Desktop/my_branch/LRF/data/hex_data/hex_img_195
[AXIS INPUT 0] Loading input file: /home/23EC01052/Desktop/my_branch/LRF/data/hex_data/hex_img_179
[TB] Sending pair 196: new=frame196  old=frame180
[AXIS INPUT 0] Loading input file: /home/23EC01052/Desktop/my_branch/LRF/data/hex_data/hex_img_196
[AXIS INPUT 0] Loading input file: /home/23EC01052/Desktop/my_branch/LRF/data/hex_data/hex_img_180
[TB] Sending pair 197: new=frame197  old=frame181
[AXIS INPUT 0] Loading input file: /home/23EC01052/Desktop/my_branch/LRF/data/hex_data/hex_img_197
[AXIS INPUT 0] Loading input file: /home/23EC01052/Desktop/my_branch/LRF/data/hex_data/hex_img_181
[TB] Sending pair 198: new=frame198  old=frame182
[AXIS INPUT 0] Loading input file: /home/23EC01052/Desktop/my_branch/LRF/data/hex_data/hex_img_198
[AXIS INPUT 0] Loading input file: /home/23EC01052/Desktop/my_branch/LRF/data/hex_data/hex_img_182
[TB] Sending pair 199: new=frame199  old=frame183
[AXIS INPUT 0] Loading input file: /home/23EC01052/Desktop/my_branch/LRF/data/hex_data/hex_img_199
[AXIS INPUT 0] Loading input file: /home/23EC01052/Desktop/my_branch/LRF/data/hex_data/hex_img_183
[TB] Sending pair 200: new=frame200  old=frame184
[AXIS INPUT 0] Loading input file: /home/23EC01052/Desktop/my_branch/LRF/data/hex_data/hex_img_200
[AXIS INPUT 0] Loading input file: /home/23EC01052/Desktop/my_branch/LRF/data/hex_data/hex_img_184
[TB] Sending pair 201: new=frame201  old=frame185
[AXIS INPUT 0] Loading input file: /home/23EC01052/Desktop/my_branch/LRF/data/hex_data/hex_img_201
[AXIS INPUT 0] Loading input file: /home/23EC01052/Desktop/my_branch/LRF/data/hex_data/hex_img_185
[TB] Sending pair 202: new=frame202  old=frame186
[AXIS INPUT 0] Loading input file: /home/23EC01052/Desktop/my_branch/LRF/data/hex_data/hex_img_202
[AXIS INPUT 0] Loading input file: /home/23EC01052/Desktop/my_branch/LRF/data/hex_data/hex_img_186
[TB] Sending pair 203: new=frame203  old=frame187
[AXIS INPUT 0] Loading input file: /home/23EC01052/Desktop/my_branch/LRF/data/hex_data/hex_img_203
[AXIS INPUT 0] Loading input file: /home/23EC01052/Desktop/my_branch/LRF/data/hex_data/hex_img_187
[TB] Sending pair 204: new=frame204  old=frame188
[AXIS INPUT 0] Loading input file: /home/23EC01052/Desktop/my_branch/LRF/data/hex_data/hex_img_204
[AXIS INPUT 0] Loading input file: /home/23EC01052/Desktop/my_branch/LRF/data/hex_data/hex_img_188
[TB] Sending pair 205: new=frame205  old=frame189
[AXIS INPUT 0] Loading input file: /home/23EC01052/Desktop/my_branch/LRF/data/hex_data/hex_img_205
[AXIS INPUT 0] Loading input file: /home/23EC01052/Desktop/my_branch/LRF/data/hex_data/hex_img_189
[TB] Sending pair 206: new=frame206  old=frame190
[AXIS INPUT 0] Loading input file: /home/23EC01052/Desktop/my_branch/LRF/data/hex_data/hex_img_206
[AXIS INPUT 0] Loading input file: /home/23EC01052/Desktop/my_branch/LRF/data/hex_data/hex_img_190
[TB] Sending pair 207: new=frame207  old=frame191
[AXIS INPUT 0] Loading input file: /home/23EC01052/Desktop/my_branch/LRF/data/hex_data/hex_img_207
[AXIS INPUT 0] Loading input file: /home/23EC01052/Desktop/my_branch/LRF/data/hex_data/hex_img_191
[TB] Sending pair 208: new=frame208  old=frame192
[AXIS INPUT 0] Loading input file: /home/23EC01052/Desktop/my_branch/LRF/data/hex_data/hex_img_208
[AXIS INPUT 0] Loading input file: /home/23EC01052/Desktop/my_branch/LRF/data/hex_data/hex_img_192
[TB] Sending pair 209: new=frame209  old=frame193
[AXIS INPUT 0] Loading input file: /home/23EC01052/Desktop/my_branch/LRF/data/hex_data/hex_img_209
[AXIS INPUT 0] Loading input file: /home/23EC01052/Desktop/my_branch/LRF/data/hex_data/hex_img_193
[TB] Sending pair 210: new=frame210  old=frame194
[AXIS INPUT 0] Loading input file: /home/23EC01052/Desktop/my_branch/LRF/data/hex_data/hex_img_210
[AXIS INPUT 0] Loading input file: /home/23EC01052/Desktop/my_branch/LRF/data/hex_data/hex_img_194
[TB] Sending pair 211: new=frame211  old=frame195
[AXIS INPUT 0] Loading input file: /home/23EC01052/Desktop/my_branch/LRF/data/hex_data/hex_img_211
[AXIS INPUT 0] Loading input file: /home/23EC01052/Desktop/my_branch/LRF/data/hex_data/hex_img_195
[TB] Sending pair 212: new=frame212  old=frame196
[AXIS INPUT 0] Loading input file: /home/23EC01052/Desktop/my_branch/LRF/data/hex_data/hex_img_212
[AXIS INPUT 0] Loading input file: /home/23EC01052/Desktop/my_branch/LRF/data/hex_data/hex_img_196
[TB] Sending pair 213: new=frame213  old=frame197
[AXIS INPUT 0] Loading input file: /home/23EC01052/Desktop/my_branch/LRF/data/hex_data/hex_img_213
[AXIS INPUT 0] Loading input file: /home/23EC01052/Desktop/my_branch/LRF/data/hex_data/hex_img_197
[TB] Sending pair 214: new=frame214  old=frame198
[AXIS INPUT 0] Loading input file: /home/23EC01052/Desktop/my_branch/LRF/data/hex_data/hex_img_214
[AXIS INPUT 0] Loading input file: /home/23EC01052/Desktop/my_branch/LRF/data/hex_data/hex_img_198
[TB] Sending pair 215: new=frame215  old=frame199
[AXIS INPUT 0] Loading input file: /home/23EC01052/Desktop/my_branch/LRF/data/hex_data/hex_img_215
[AXIS INPUT 0] Loading input file: /home/23EC01052/Desktop/my_branch/LRF/data/hex_data/hex_img_199
[TB] Sending pair 216: new=frame216  old=frame200
[AXIS INPUT 0] Loading input file: /home/23EC01052/Desktop/my_branch/LRF/data/hex_data/hex_img_216
[AXIS INPUT 0] Loading input file: /home/23EC01052/Desktop/my_branch/LRF/data/hex_data/hex_img_200
[TB] Sending pair 217: new=frame217  old=frame201
[AXIS INPUT 0] Loading input file: /home/23EC01052/Desktop/my_branch/LRF/data/hex_data/hex_img_217
[AXIS INPUT 0] Loading input file: /home/23EC01052/Desktop/my_branch/LRF/data/hex_data/hex_img_201
[TB] Sending pair 218: new=frame218  old=frame202
[AXIS INPUT 0] Loading input file: /home/23EC01052/Desktop/my_branch/LRF/data/hex_data/hex_img_218
[AXIS INPUT 0] Loading input file: /home/23EC01052/Desktop/my_branch/LRF/data/hex_data/hex_img_202
[TB] Sending pair 219: new=frame219  old=frame203
[AXIS INPUT 0] Loading input file: /home/23EC01052/Desktop/my_branch/LRF/data/hex_data/hex_img_219
[AXIS INPUT 0] Loading input file: /home/23EC01052/Desktop/my_branch/LRF/data/hex_data/hex_img_203
[TB] Sending pair 220: new=frame220  old=frame204
[AXIS INPUT 0] Loading input file: /home/23EC01052/Desktop/my_branch/LRF/data/hex_data/hex_img_220
[AXIS INPUT 0] Loading input file: /home/23EC01052/Desktop/my_branch/LRF/data/hex_data/hex_img_204
[TB] Sending pair 221: new=frame221  old=frame205
[AXIS INPUT 0] Loading input file: /home/23EC01052/Desktop/my_branch/LRF/data/hex_data/hex_img_221
[AXIS INPUT 0] Loading input file: /home/23EC01052/Desktop/my_branch/LRF/data/hex_data/hex_img_205
[TB] Sending pair 222: new=frame222  old=frame206
[AXIS INPUT 0] Loading input file: /home/23EC01052/Desktop/my_branch/LRF/data/hex_data/hex_img_222
[AXIS INPUT 0] Loading input file: /home/23EC01052/Desktop/my_branch/LRF/data/hex_data/hex_img_206
[TB] Sending pair 223: new=frame223  old=frame207
[AXIS INPUT 0] Loading input file: /home/23EC01052/Desktop/my_branch/LRF/data/hex_data/hex_img_223
[AXIS INPUT 0] Loading input file: /home/23EC01052/Desktop/my_branch/LRF/data/hex_data/hex_img_207
[TB] Sending pair 224: new=frame224  old=frame208
[AXIS INPUT 0] Loading input file: /home/23EC01052/Desktop/my_branch/LRF/data/hex_data/hex_img_224
[AXIS INPUT 0] Loading input file: /home/23EC01052/Desktop/my_branch/LRF/data/hex_data/hex_img_208
[TB] Sending pair 225: new=frame225  old=frame209
[AXIS INPUT 0] Loading input file: /home/23EC01052/Desktop/my_branch/LRF/data/hex_data/hex_img_225
[AXIS INPUT 0] Loading input file: /home/23EC01052/Desktop/my_branch/LRF/data/hex_data/hex_img_209
[TB] Sending pair 226: new=frame226  old=frame210
[AXIS INPUT 0] Loading input file: /home/23EC01052/Desktop/my_branch/LRF/data/hex_data/hex_img_226
[AXIS INPUT 0] Loading input file: /home/23EC01052/Desktop/my_branch/LRF/data/hex_data/hex_img_210
[TB] Sending pair 227: new=frame227  old=frame211
[AXIS INPUT 0] Loading input file: /home/23EC01052/Desktop/my_branch/LRF/data/hex_data/hex_img_227
[AXIS INPUT 0] Loading input file: /home/23EC01052/Desktop/my_branch/LRF/data/hex_data/hex_img_211
[TB] Sending pair 228: new=frame228  old=frame212
[AXIS INPUT 0] Loading input file: /home/23EC01052/Desktop/my_branch/LRF/data/hex_data/hex_img_228
[AXIS INPUT 0] Loading input file: /home/23EC01052/Desktop/my_branch/LRF/data/hex_data/hex_img_212
[TB] Sending pair 229: new=frame229  old=frame213
[AXIS INPUT 0] Loading input file: /home/23EC01052/Desktop/my_branch/LRF/data/hex_data/hex_img_229
[AXIS INPUT 0] Loading input file: /home/23EC01052/Desktop/my_branch/LRF/data/hex_data/hex_img_213
[TB] Sending pair 230: new=frame230  old=frame214
[AXIS INPUT 0] Loading input file: /home/23EC01052/Desktop/my_branch/LRF/data/hex_data/hex_img_230
[AXIS INPUT 0] Loading input file: /home/23EC01052/Desktop/my_branch/LRF/data/hex_data/hex_img_214
[TB] Sending pair 231: new=frame231  old=frame215
[AXIS INPUT 0] Loading input file: /home/23EC01052/Desktop/my_branch/LRF/data/hex_data/hex_img_231
[AXIS INPUT 0] Loading input file: /home/23EC01052/Desktop/my_branch/LRF/data/hex_data/hex_img_215
[TB] Sending pair 232: new=frame232  old=frame216
[AXIS INPUT 0] Loading input file: /home/23EC01052/Desktop/my_branch/LRF/data/hex_data/hex_img_232
[AXIS INPUT 0] Loading input file: /home/23EC01052/Desktop/my_branch/LRF/data/hex_data/hex_img_216
[TB] Sending pair 233: new=frame233  old=frame217
[AXIS INPUT 0] Loading input file: /home/23EC01052/Desktop/my_branch/LRF/data/hex_data/hex_img_233
[AXIS INPUT 0] Loading input file: /home/23EC01052/Desktop/my_branch/LRF/data/hex_data/hex_img_217
[TB] Sending pair 234: new=frame234  old=frame218
[AXIS INPUT 0] Loading input file: /home/23EC01052/Desktop/my_branch/LRF/data/hex_data/hex_img_234
[AXIS INPUT 0] Loading input file: /home/23EC01052/Desktop/my_branch/LRF/data/hex_data/hex_img_218
[TB] Sending pair 235: new=frame235  old=frame219
[AXIS INPUT 0] Loading input file: /home/23EC01052/Desktop/my_branch/LRF/data/hex_data/hex_img_235
[AXIS INPUT 0] Loading input file: /home/23EC01052/Desktop/my_branch/LRF/data/hex_data/hex_img_219
[TB] Sending pair 236: new=frame236  old=frame220
[AXIS INPUT 0] Loading input file: /home/23EC01052/Desktop/my_branch/LRF/data/hex_data/hex_img_236
[AXIS INPUT 0] Loading input file: /home/23EC01052/Desktop/my_branch/LRF/data/hex_data/hex_img_220
[TB] Sending pair 237: new=frame237  old=frame221
[AXIS INPUT 0] Loading input file: /home/23EC01052/Desktop/my_branch/LRF/data/hex_data/hex_img_237
[AXIS INPUT 0] Loading input file: /home/23EC01052/Desktop/my_branch/LRF/data/hex_data/hex_img_221
[TB] Sending pair 238: new=frame238  old=frame222
[AXIS INPUT 0] Loading input file: /home/23EC01052/Desktop/my_branch/LRF/data/hex_data/hex_img_238
[AXIS INPUT 0] Loading input file: /home/23EC01052/Desktop/my_branch/LRF/data/hex_data/hex_img_222
[TB] Sending pair 239: new=frame239  old=frame223
[AXIS INPUT 0] Loading input file: /home/23EC01052/Desktop/my_branch/LRF/data/hex_data/hex_img_239
[AXIS INPUT 0] Loading input file: /home/23EC01052/Desktop/my_branch/LRF/data/hex_data/hex_img_223
[TB] Sending pair 240: new=frame240  old=frame224
[AXIS INPUT 0] Loading input file: /home/23EC01052/Desktop/my_branch/LRF/data/hex_data/hex_img_240
[AXIS INPUT 0] Loading input file: /home/23EC01052/Desktop/my_branch/LRF/data/hex_data/hex_img_224
[TB] Sending pair 241: new=frame241  old=frame225
[AXIS INPUT 0] Loading input file: /home/23EC01052/Desktop/my_branch/LRF/data/hex_data/hex_img_241
[AXIS INPUT 0] Loading input file: /home/23EC01052/Desktop/my_branch/LRF/data/hex_data/hex_img_225
[TB] Sending pair 242: new=frame242  old=frame226
[AXIS INPUT 0] Loading input file: /home/23EC01052/Desktop/my_branch/LRF/data/hex_data/hex_img_242
[AXIS INPUT 0] Loading input file: /home/23EC01052/Desktop/my_branch/LRF/data/hex_data/hex_img_226
[TB] Sending pair 243: new=frame243  old=frame227
[AXIS INPUT 0] Loading input file: /home/23EC01052/Desktop/my_branch/LRF/data/hex_data/hex_img_243
[AXIS INPUT 0] Loading input file: /home/23EC01052/Desktop/my_branch/LRF/data/hex_data/hex_img_227
[TB] Sending pair 244: new=frame244  old=frame228
[AXIS INPUT 0] Loading input file: /home/23EC01052/Desktop/my_branch/LRF/data/hex_data/hex_img_244
[AXIS INPUT 0] Loading input file: /home/23EC01052/Desktop/my_branch/LRF/data/hex_data/hex_img_228
[TB] Sending pair 245: new=frame245  old=frame229
[AXIS INPUT 0] Loading input file: /home/23EC01052/Desktop/my_branch/LRF/data/hex_data/hex_img_245
[AXIS INPUT 0] Loading input file: /home/23EC01052/Desktop/my_branch/LRF/data/hex_data/hex_img_229
[TB] Sending pair 246: new=frame246  old=frame230
[AXIS INPUT 0] Loading input file: /home/23EC01052/Desktop/my_branch/LRF/data/hex_data/hex_img_246
[AXIS INPUT 0] Loading input file: /home/23EC01052/Desktop/my_branch/LRF/data/hex_data/hex_img_230
[TB] Sending pair 247: new=frame247  old=frame231
[AXIS INPUT 0] Loading input file: /home/23EC01052/Desktop/my_branch/LRF/data/hex_data/hex_img_247
[AXIS INPUT 0] Loading input file: /home/23EC01052/Desktop/my_branch/LRF/data/hex_data/hex_img_231
[TB] Sending pair 248: new=frame248  old=frame232
[AXIS INPUT 0] Loading input file: /home/23EC01052/Desktop/my_branch/LRF/data/hex_data/hex_img_248
[AXIS INPUT 0] Loading input file: /home/23EC01052/Desktop/my_branch/LRF/data/hex_data/hex_img_232
[TB] Sending pair 249: new=frame249  old=frame233
[AXIS INPUT 0] Loading input file: /home/23EC01052/Desktop/my_branch/LRF/data/hex_data/hex_img_249
[AXIS INPUT 0] Loading input file: /home/23EC01052/Desktop/my_branch/LRF/data/hex_data/hex_img_233
[TB] Sending pair 250: new=frame250  old=frame234
[AXIS INPUT 0] Loading input file: /home/23EC01052/Desktop/my_branch/LRF/data/hex_data/hex_img_250
[AXIS INPUT 0] Loading input file: /home/23EC01052/Desktop/my_branch/LRF/data/hex_data/hex_img_234
[TB] Sending pair 251: new=frame251  old=frame235
[AXIS INPUT 0] Loading input file: /home/23EC01052/Desktop/my_branch/LRF/data/hex_data/hex_img_251
[AXIS INPUT 0] Loading input file: /home/23EC01052/Desktop/my_branch/LRF/data/hex_data/hex_img_235
[TB] Sending pair 252: new=frame252  old=frame236
[AXIS INPUT 0] Loading input file: /home/23EC01052/Desktop/my_branch/LRF/data/hex_data/hex_img_252
[AXIS INPUT 0] Loading input file: /home/23EC01052/Desktop/my_branch/LRF/data/hex_data/hex_img_236
[TB] Sending pair 253: new=frame253  old=frame237
[AXIS INPUT 0] Loading input file: /home/23EC01052/Desktop/my_branch/LRF/data/hex_data/hex_img_253
[AXIS INPUT 0] Loading input file: /home/23EC01052/Desktop/my_branch/LRF/data/hex_data/hex_img_237
[TB] Sending pair 254: new=frame254  old=frame238
[AXIS INPUT 0] Loading input file: /home/23EC01052/Desktop/my_branch/LRF/data/hex_data/hex_img_254
[AXIS INPUT 0] Loading input file: /home/23EC01052/Desktop/my_branch/LRF/data/hex_data/hex_img_238
[TB] Sending pair 255: new=frame255  old=frame239
[AXIS INPUT 0] Loading input file: /home/23EC01052/Desktop/my_branch/LRF/data/hex_data/hex_img_255
[AXIS INPUT 0] Loading input file: /home/23EC01052/Desktop/my_branch/LRF/data/hex_data/hex_img_239
[TB] Sending pair 256: new=frame256  old=frame240
[AXIS INPUT 0] Loading input file: /home/23EC01052/Desktop/my_branch/LRF/data/hex_data/hex_img_256
[AXIS INPUT 0] Loading input file: /home/23EC01052/Desktop/my_branch/LRF/data/hex_data/hex_img_240
[TB] Sending pair 257: new=frame257  old=frame241
[AXIS INPUT 0] Loading input file: /home/23EC01052/Desktop/my_branch/LRF/data/hex_data/hex_img_257
[AXIS INPUT 0] Loading input file: /home/23EC01052/Desktop/my_branch/LRF/data/hex_data/hex_img_241
[TB] Sending pair 258: new=frame258  old=frame242
[AXIS INPUT 0] Loading input file: /home/23EC01052/Desktop/my_branch/LRF/data/hex_data/hex_img_258
[AXIS INPUT 0] Loading input file: /home/23EC01052/Desktop/my_branch/LRF/data/hex_data/hex_img_242
[TB] Sending pair 259: new=frame259  old=frame243
[AXIS INPUT 0] Loading input file: /home/23EC01052/Desktop/my_branch/LRF/data/hex_data/hex_img_259
[AXIS INPUT 0] Loading input file: /home/23EC01052/Desktop/my_branch/LRF/data/hex_data/hex_img_243
[TB] Sending pair 260: new=frame260  old=frame244
[AXIS INPUT 0] Loading input file: /home/23EC01052/Desktop/my_branch/LRF/data/hex_data/hex_img_260
[AXIS INPUT 0] Loading input file: /home/23EC01052/Desktop/my_branch/LRF/data/hex_data/hex_img_244
[TB] Sending pair 261: new=frame261  old=frame245
[AXIS INPUT 0] Loading input file: /home/23EC01052/Desktop/my_branch/LRF/data/hex_data/hex_img_261
[AXIS INPUT 0] Loading input file: /home/23EC01052/Desktop/my_branch/LRF/data/hex_data/hex_img_245
[TB] Sending pair 262: new=frame262  old=frame246
[AXIS INPUT 0] Loading input file: /home/23EC01052/Desktop/my_branch/LRF/data/hex_data/hex_img_262
[AXIS INPUT 0] Loading input file: /home/23EC01052/Desktop/my_branch/LRF/data/hex_data/hex_img_246
[TB] Sending pair 263: new=frame263  old=frame247
[AXIS INPUT 0] Loading input file: /home/23EC01052/Desktop/my_branch/LRF/data/hex_data/hex_img_263
[AXIS INPUT 0] Loading input file: /home/23EC01052/Desktop/my_branch/LRF/data/hex_data/hex_img_247
[TB] Sending pair 264: new=frame264  old=frame248
[AXIS INPUT 0] Loading input file: /home/23EC01052/Desktop/my_branch/LRF/data/hex_data/hex_img_264
[AXIS INPUT 0] Loading input file: /home/23EC01052/Desktop/my_branch/LRF/data/hex_data/hex_img_248
[TB] Sending pair 265: new=frame265  old=frame249
[AXIS INPUT 0] Loading input file: /home/23EC01052/Desktop/my_branch/LRF/data/hex_data/hex_img_265
[AXIS INPUT 0] Loading input file: /home/23EC01052/Desktop/my_branch/LRF/data/hex_data/hex_img_249
[TB] Sending pair 266: new=frame266  old=frame250
[AXIS INPUT 0] Loading input file: /home/23EC01052/Desktop/my_branch/LRF/data/hex_data/hex_img_266
[AXIS INPUT 0] Loading input file: /home/23EC01052/Desktop/my_branch/LRF/data/hex_data/hex_img_250
[TB] Sending pair 267: new=frame267  old=frame251
[AXIS INPUT 0] Loading input file: /home/23EC01052/Desktop/my_branch/LRF/data/hex_data/hex_img_267
[AXIS INPUT 0] Loading input file: /home/23EC01052/Desktop/my_branch/LRF/data/hex_data/hex_img_251
[TB] Sending pair 268: new=frame268  old=frame252
[AXIS INPUT 0] Loading input file: /home/23EC01052/Desktop/my_branch/LRF/data/hex_data/hex_img_268
[AXIS INPUT 0] Loading input file: /home/23EC01052/Desktop/my_branch/LRF/data/hex_data/hex_img_252
[TB] Sending pair 269: new=frame269  old=frame253
[AXIS INPUT 0] Loading input file: /home/23EC01052/Desktop/my_branch/LRF/data/hex_data/hex_img_269
[AXIS INPUT 0] Loading input file: /home/23EC01052/Desktop/my_branch/LRF/data/hex_data/hex_img_253
[TB] Sending pair 270: new=frame270  old=frame254
[AXIS INPUT 0] Loading input file: /home/23EC01052/Desktop/my_branch/LRF/data/hex_data/hex_img_270
[AXIS INPUT 0] Loading input file: /home/23EC01052/Desktop/my_branch/LRF/data/hex_data/hex_img_254
[TB] Sending pair 271: new=frame271  old=frame255
[AXIS INPUT 0] Loading input file: /home/23EC01052/Desktop/my_branch/LRF/data/hex_data/hex_img_271
[AXIS INPUT 0] Loading input file: /home/23EC01052/Desktop/my_branch/LRF/data/hex_data/hex_img_255
[TB] Sending pair 272: new=frame272  old=frame256
[AXIS INPUT 0] Loading input file: /home/23EC01052/Desktop/my_branch/LRF/data/hex_data/hex_img_272
[AXIS INPUT 0] Loading input file: /home/23EC01052/Desktop/my_branch/LRF/data/hex_data/hex_img_256
[TB] Sending pair 273: new=frame273  old=frame257
[AXIS INPUT 0] Loading input file: /home/23EC01052/Desktop/my_branch/LRF/data/hex_data/hex_img_273
[AXIS INPUT 0] Loading input file: /home/23EC01052/Desktop/my_branch/LRF/data/hex_data/hex_img_257
[TB] Sending pair 274: new=frame274  old=frame258
[AXIS INPUT 0] Loading input file: /home/23EC01052/Desktop/my_branch/LRF/data/hex_data/hex_img_274
[AXIS INPUT 0] Loading input file: /home/23EC01052/Desktop/my_branch/LRF/data/hex_data/hex_img_258
[TB] Sending pair 275: new=frame275  old=frame259
[AXIS INPUT 0] Loading input file: /home/23EC01052/Desktop/my_branch/LRF/data/hex_data/hex_img_275
[AXIS INPUT 0] Loading input file: /home/23EC01052/Desktop/my_branch/LRF/data/hex_data/hex_img_259
[TB] Sending pair 276: new=frame276  old=frame260
[AXIS INPUT 0] Loading input file: /home/23EC01052/Desktop/my_branch/LRF/data/hex_data/hex_img_276
[AXIS INPUT 0] Loading input file: /home/23EC01052/Desktop/my_branch/LRF/data/hex_data/hex_img_260
[TB] Sending pair 277: new=frame277  old=frame261
[AXIS INPUT 0] Loading input file: /home/23EC01052/Desktop/my_branch/LRF/data/hex_data/hex_img_277
[AXIS INPUT 0] Loading input file: /home/23EC01052/Desktop/my_branch/LRF/data/hex_data/hex_img_261
[TB] Sending pair 278: new=frame278  old=frame262
[AXIS INPUT 0] Loading input file: /home/23EC01052/Desktop/my_branch/LRF/data/hex_data/hex_img_278
[AXIS INPUT 0] Loading input file: /home/23EC01052/Desktop/my_branch/LRF/data/hex_data/hex_img_262
[TB] Sending pair 279: new=frame279  old=frame263
[AXIS INPUT 0] Loading input file: /home/23EC01052/Desktop/my_branch/LRF/data/hex_data/hex_img_279
[AXIS INPUT 0] Loading input file: /home/23EC01052/Desktop/my_branch/LRF/data/hex_data/hex_img_263
[TB] Sending pair 280: new=frame280  old=frame264
[AXIS INPUT 0] Loading input file: /home/23EC01052/Desktop/my_branch/LRF/data/hex_data/hex_img_280
[AXIS INPUT 0] Loading input file: /home/23EC01052/Desktop/my_branch/LRF/data/hex_data/hex_img_264
[TB] Sending pair 281: new=frame281  old=frame265
[AXIS INPUT 0] Loading input file: /home/23EC01052/Desktop/my_branch/LRF/data/hex_data/hex_img_281
[AXIS INPUT 0] Loading input file: /home/23EC01052/Desktop/my_branch/LRF/data/hex_data/hex_img_265
[TB] Sending pair 282: new=frame282  old=frame266
[AXIS INPUT 0] Loading input file: /home/23EC01052/Desktop/my_branch/LRF/data/hex_data/hex_img_282
[AXIS INPUT 0] Loading input file: /home/23EC01052/Desktop/my_branch/LRF/data/hex_data/hex_img_266
[TB] Sending pair 283: new=frame283  old=frame267
[AXIS INPUT 0] Loading input file: /home/23EC01052/Desktop/my_branch/LRF/data/hex_data/hex_img_283
[AXIS INPUT 0] Loading input file: /home/23EC01052/Desktop/my_branch/LRF/data/hex_data/hex_img_267
[TB] Sending pair 284: new=frame284  old=frame268
[AXIS INPUT 0] Loading input file: /home/23EC01052/Desktop/my_branch/LRF/data/hex_data/hex_img_284
[AXIS INPUT 0] Loading input file: /home/23EC01052/Desktop/my_branch/LRF/data/hex_data/hex_img_268
[TB] Sending pair 285: new=frame285  old=frame269
[AXIS INPUT 0] Loading input file: /home/23EC01052/Desktop/my_branch/LRF/data/hex_data/hex_img_285
[AXIS INPUT 0] Loading input file: /home/23EC01052/Desktop/my_branch/LRF/data/hex_data/hex_img_269
[TB] Sending pair 286: new=frame286  old=frame270
[AXIS INPUT 0] Loading input file: /home/23EC01052/Desktop/my_branch/LRF/data/hex_data/hex_img_286
[AXIS INPUT 0] Loading input file: /home/23EC01052/Desktop/my_branch/LRF/data/hex_data/hex_img_270
[TB] Sending pair 287: new=frame287  old=frame271
[AXIS INPUT 0] Loading input file: /home/23EC01052/Desktop/my_branch/LRF/data/hex_data/hex_img_287
[AXIS INPUT 0] Loading input file: /home/23EC01052/Desktop/my_branch/LRF/data/hex_data/hex_img_271
[TB] Sending pair 288: new=frame288  old=frame272
[AXIS INPUT 0] Loading input file: /home/23EC01052/Desktop/my_branch/LRF/data/hex_data/hex_img_288
[AXIS INPUT 0] Loading input file: /home/23EC01052/Desktop/my_branch/LRF/data/hex_data/hex_img_272
[TB] Sending pair 289: new=frame289  old=frame273
[AXIS INPUT 0] Loading input file: /home/23EC01052/Desktop/my_branch/LRF/data/hex_data/hex_img_289
[AXIS INPUT 0] Loading input file: /home/23EC01052/Desktop/my_branch/LRF/data/hex_data/hex_img_273
[TB] Sending pair 290: new=frame290  old=frame274
[AXIS INPUT 0] Loading input file: /home/23EC01052/Desktop/my_branch/LRF/data/hex_data/hex_img_290
[AXIS INPUT 0] Loading input file: /home/23EC01052/Desktop/my_branch/LRF/data/hex_data/hex_img_274
[TB] Sending pair 291: new=frame291  old=frame275
[AXIS INPUT 0] Loading input file: /home/23EC01052/Desktop/my_branch/LRF/data/hex_data/hex_img_291
[AXIS INPUT 0] Loading input file: /home/23EC01052/Desktop/my_branch/LRF/data/hex_data/hex_img_275
[TB] Sending pair 292: new=frame292  old=frame276
[AXIS INPUT 0] Loading input file: /home/23EC01052/Desktop/my_branch/LRF/data/hex_data/hex_img_292
[AXIS INPUT 0] Loading input file: /home/23EC01052/Desktop/my_branch/LRF/data/hex_data/hex_img_276
[TB] Sending pair 293: new=frame293  old=frame277
[AXIS INPUT 0] Loading input file: /home/23EC01052/Desktop/my_branch/LRF/data/hex_data/hex_img_293
[AXIS INPUT 0] Loading input file: /home/23EC01052/Desktop/my_branch/LRF/data/hex_data/hex_img_277
[TB] Sending pair 294: new=frame294  old=frame278
[AXIS INPUT 0] Loading input file: /home/23EC01052/Desktop/my_branch/LRF/data/hex_data/hex_img_294
[AXIS INPUT 0] Loading input file: /home/23EC01052/Desktop/my_branch/LRF/data/hex_data/hex_img_278
[TB] Sending pair 295: new=frame295  old=frame279
[AXIS INPUT 0] Loading input file: /home/23EC01052/Desktop/my_branch/LRF/data/hex_data/hex_img_295
[AXIS INPUT 0] Loading input file: /home/23EC01052/Desktop/my_branch/LRF/data/hex_data/hex_img_279
[TB] Sending pair 296: new=frame296  old=frame280
[AXIS INPUT 0] Loading input file: /home/23EC01052/Desktop/my_branch/LRF/data/hex_data/hex_img_296
[AXIS INPUT 0] Loading input file: /home/23EC01052/Desktop/my_branch/LRF/data/hex_data/hex_img_280
[TB] Sending pair 297: new=frame297  old=frame281
[AXIS INPUT 0] Loading input file: /home/23EC01052/Desktop/my_branch/LRF/data/hex_data/hex_img_297
[AXIS INPUT 0] Loading input file: /home/23EC01052/Desktop/my_branch/LRF/data/hex_data/hex_img_281
[TB] Sending pair 298: new=frame298  old=frame282
[AXIS INPUT 0] Loading input file: /home/23EC01052/Desktop/my_branch/LRF/data/hex_data/hex_img_298
[AXIS INPUT 0] Loading input file: /home/23EC01052/Desktop/my_branch/LRF/data/hex_data/hex_img_282
[TB] Sending pair 299: new=frame299  old=frame283
[AXIS INPUT 0] Loading input file: /home/23EC01052/Desktop/my_branch/LRF/data/hex_data/hex_img_299
[AXIS INPUT 0] Loading input file: /home/23EC01052/Desktop/my_branch/LRF/data/hex_data/hex_img_283
[TB] All 300 pairs enqueued.
[TB] Written output frame 0 → /home/23EC01052/Desktop/my_branch/LRF/workspace/top_video/outputs/out_hex_img_0.hex
[TB] Written output frame 1 → /home/23EC01052/Desktop/my_branch/LRF/workspace/top_video/outputs/out_hex_img_1.hex
INFO: xsimkernel Simulation Memory Usage: 3075648 KB (Peak: 3141184 KB), Simulation CPU Usage: 1268130 ms
