5758585a5a5755525556535353535453
5656575554545557575552575a595956
55555556555454535455555656555556
4b4f5353545354575756575757575555
555556565155555556565655564f4c49
54545556575a5a585957565655555554
54555756545355565755515454555554
57595a5a5958575754514e5051555654
53545556555556575758565754545555
55565657565554555a58545554515252
5655545756534e4f4c4b4c5053575857
56575657575956565454555556565655
585757575952565f5957535654565659
525152515456585958585b5958585857
585a5d5e595957585757575758585855
57575758595553505052555755565657
58565756555655575756555756565655
545356565654545555585a5b55505255
4f4e4f4b515953555555535658565454
55545657575656555556565557575554
514f5051504f4d494d54565656565655
5253545352535356555556565352524e
51514d5152545353525050504e4f5054
514e53564849494a5053515354525050
4c4d4e4f4e4b4d50504e4f5050505252
5152515152504f464d4e4d4d504f5050
4c474e51525455525656575651504f4e
515150504f52504d4f514c4f50524f4c
484847484747474649494a4b4b4d4f51
767775757678767878777d735d4f4e47
47484745443c41586e70797374757675
4c4c4a4c4e4f504e4e4e4e4d4b4b4948
575757595a5a57565656535253565354
56575654565556545658575757575856
56555556555553535556565756565656
4f525453535555555756575757575655
5455575852555956555655565650504e
54555657575859585857575754555553
54555756555456575555525555555554
585a59595957575755504e504f535354
53545556565556585958575655555554
57575656535453525454505354545353
55555555514f4c504d494e5055575757
56575657575758575454555656565655
58585757585a5a5a5858535250555657
52535250555759595757585a57585958
59595b5e58585656565758595b5a5854
56565858595653515251565656565858
575758575758565959585759595a5957
5755575757555556585b5e615a535357
534e5155565753555659555557595657
56525758575657545756555656575655
52535254534f4f4b4c53555755585957
52515151515151515155555451535351
514f515352545353524f4f4f4e4e4f53
525252524848464d5054555452515152
52504e4f5151535251514f5255545453
5152525253534b474f504e4d4f505253
49494e54505455555657595755545251
4d4e4d4b4a4d4f514f504c4e54544d4a
454547474846474a49484a4a4d4f5051
767775757477777a787578735e51494a
48484746413c48586e76757574757675
494f4c4a4d4b4d4d4d4e4c4c4c4b4746
57606059595959585856555355565655
5656585656585b585756595c5c5a5a58
626263636263626262636260585a5a59
51575753545758585c5b5c5b5756575a
5a5958555256595655565a595a585450
5457565b5b5a5b5d5c56585a59575455
5e595555585f59565758575856595855
5f5d5a5d5d5a58585a54535858555557
61606061616063646364615e5957575e
626364636260605f605f5b5c58565655
5e5b5d5f5d5b58595d5f5f5d5a585758
595b5b5b585757575556585857595857
5a5b57595a635d5a5c5f5c5c5b545959
585154595b5d595756585b5d5b5d5958
6465666862636161626263615e5b585c
58565c5c5e5a565253545b5958585959
5a5a5a5a595756575c5d5c5957585958
5658575758565555585a5c645c555459
594f5156575857575657585858595957
57585a5959575654595a5a5b5656565c
5254575a554f514d50595b5d5d565758
555857595a59585d5b5958575752534f
4e50575d5a5653555655535053575754
5b5c51504d4c4b4d5456545455595852
53525253555551525455545553555657
5557565359565b5b5e59595956515053
4a4a4f5d5456555b5a57575556545353
56514c4f4b4e5053535456525153544c
4a494b4b4c4a4b4c4b4b4d4e50535859
7a7a777576777b8482807e76685c4c4d
4c4e4c484a465063707e747676767677
4b4f545454535253565553514c4d4b4a
576261585c5c5c595a56555559565453
56565957595e5c5857575b5b5a5a5b59
6464646565656666656665635e5d5c59
5a5c585555575a5b5f60615e5656565e
5d5c5a5555585958535557575c5a5753
545655585a5c5c5d5c57575859585655
5f5856565b635d575759585a57585956
645c5b60625d555a5d55535a5958595b
5c62605f60606364636460575f58595d
6459585e65615757575b5d5554575856
5756565c5e5e585c585d63605559595d
5958595a595856565558585959565958
595b59595b5e5e5d5f63615c5b535c5b
5f5c6062636663636261626260595a58
666565605f5f5d5764645d5d5f5b595c
6365656766625d5a575d5d5c595a5a5c
606160605b5757575c64636160616364
5e59565658595c5b59595b636057565b
60525c5e606163646262615d5b595b5e
5758575b5a5755575b5f616056555663
4f51545555545051555b5d5f60575656
5657585a5854505b5e5952525652504b
5351585b5e5a5658595a575256555755
595d59544d4a4c53585a545453575a53
55555250595c4f515556595956565756
57595857565a5b585e57555d5c575755
4c4a4d555656575d605a565354535454
54524c515152515151525d595451534f
504f4f4f504f4f4c4e4d4f5151575655
82827f7c7878818887857f75695a4e4e
50534e4c4e485365747d75737676767f
4e4e525858585757565657514d4e4d4d
6559585e62605b585c5755575c585352
606061616362605b575b565e5a5b6264
6665656565666666686363635c5d6161
5d606061616263636463636361626466
6262605a59605f57555655555d5a5c57
565a57585a595d5a5b5b5a5555595863
6363626066655a555657565757585e5a
65605f60635959575956564f5b5d5c60
5e626364625e6365645d59565c576263
65626367666561605e625e5f5b58595f
58585e64655e595b5f63635b585a6064
605f5b5b595655585c59575b5a5b595b
5f5b595e5e60636461615d5a5c616160
5e5f6362656867656665665f5d5b6364
66656564636265666666655f625c6165
6568666868655d5d5f5e605e5a5a5c5f
6564635a57585d646565656364656565
66636363646564605a5e5e605e5a5963
65635f616463666866686562595b6165
61636364646363636565646461626465
4f51575e5e5d5d595c5c6062635b5e61
53585b5b5a555156565a575a5552514c
5b57605f5f5f5f60605e5c585d5a5553
5c625f5a5654565f5f5e565253555a5d
5e5d5e5f61605f5f605f5d5c57585954
5b5a5a5e616260636160615e5b5e605f
5055575d5f616362655c5f5c5e5e5d5d
5c595c5c5d5e5e5d6064615c56585556
53565959585758595857575559585d5e
847d7d798183868686837d7265585957
4c4d4d4c4e485460797c7f7976797c85
4a4f4f4f574f4f4d5056564f4e4f4949
635a5c5f65635c5c5b595a5c59545151
636263636356635b5856555555565c65
65676664656666666564636460565a5a
53545959585959606261616461636565
6464636262646462615d5c595f5c5a54
57585a5b5d5b5f59595a5759575a5857
64656659575c575656595c5b575c5a59
64615d5e6162605d585a56575a5d6062
6464625e5c59575858585554555e6365
656768666566636364645f6261605f5f
62626667655f5c595f62615a59596364
656462625e5c585d5f5e5f6063606162
66656362636263635f5e5f5f605f6464
6563636162696565666566605e5b5d65
67676667676666656666656565636665
64646765636254555f5e605f5d5e5f66
67625b5a58595c6566635a595a5b5b5e
6966676666665b5d5f63635f5f565866
5d625f605a59565760635b595c5c6465
64645f5a6264645d59585d615b5b5657
54555663625f5f56525b5b6362585759
59585e5d5655565c56555c565a535855
5757525755525556555452505f585455
6463615b585a5b5f5c6058525559565c
6465625f60616464646364615e5a5d60
575b5c6164625f5c555a506062636364
555c5f615f5b6163646566635e565658
5c5a61605f5e5f5f6365625d54585956
4b494b4c4e4b4f524e5251525454605e
84807e7e8684878786847d726a58554c
4d4e4e4f4b435b677a7c827e7a7d8585
5251505052544f515050534e4d4e4e4d
645f5e626464635d5d5b5a5f58545553
5d5f63626162665d5755585457555a5f
665e6763595a5965626260615d606159
5259585a5a5a575f6162605e5d665858
65666564626566645c5c5e5a5f5d5953
575b5f655f5f5d5d5a57585a5b5b5a63
636665625a5d585758575c5e585a6059
66655d5d656566625c5760585a616664
6263615e5b5a5a5959575b5a5d5d6465
6469696764656263656566666461615f
6666696464645c5b5a5c5e575c656666
6966666362635f646264656564615c65
66686968645f656760605d5b58636466
626363646465656664615a605e595d68
67676867676662636567666665656665
5b575e636461595553585a605d5b5f65
5b5e5e5c5b575766605b5a5a5d5c5d5a
5a5c5e5c666660636467676660505a5e
5d635c545b5a60626364605d5d5c5a56
66636664656564656564645e5b5a555a
5756596362605e5d5d5f61635c5a5e66
5d5f5e5c5a585f5c5a52565d545e5b57
57555558575454555656545e5f555758
6565635348555c5b50555c5854555656
6766656263636465656666655e5e5e64
565d59596162615e5f59566161646765
565f605e5c5f62636465665957545956
5e5f5f5f5f4f5d5d5e62615f5f5f5e56
51505052514e4f5e5c5756555d605d59
7e7c7c798686868486837c72685c5953
515049494640485b7a797d8180857785
57535252555556555358534e5052504e
645b5d646363625f5c5c626154535553
575a6160595a5a5a59585e5e5e5c5c5d
6467615d5c6164636364645659585758
5c5e606464646464646465665d615a61
635d566264645e5c59585c60615d585a
5a5c626562615e5e59575a5c5b5c5b61
665a5a59575855575955576058625a59
65655563666466626163605a5b5d5e64
6163625c585a59575a61656463636566
6565666766655b6466665d5b62635e58
66666463635a5a585a5d5a5763646566
6567675f5c61615e5b5a666665655d67
5a5a6a6965616967645f5b5562626565
5558555555555364636363645f5d5e59
67686865655f5f6666665c6062615958
6464666764625f605e575b5d5e5e6566
585d5e5a5b5965655f5b5c5c5b5d6364
5d5e5e5f5d5b5e666667666663595b5c
5a63514d595d60636463605b615f5c5b
66635c6364636163565a5f5c5c5b5a5c
585d6161625d5c5d5a5f5d5e5d606667
57555c55515354565c5e56525453575c
5f5e5f5f605f5e5f5c60635f56585858
66666255494c564f535958555a57505a
676766636464656667686866605f5e65
575655565e6257585e5b5a6064666766
555b5e5e5e616160636463615d5b5b5c
5e5f545f535d605e5f5b5a5c5f605d4f
4e50535551535a5d5a5552525e605d5b
7c7c7a828684868686837c70695f5a51
4e4e4a4849414c657a7b828082877a7f
5858565757595555535a555156555350
545d6163626362605d5d5c605a565350
555b5f5f5c5757575b595d5f615e5956
65645f5c5961636363645f5854575955
615f575e67666462616362605d585863
555b5c5b5956545554525360615a585e
58595d656161605e575c5d5958565b5a
6766635e575c5c5a5d5f636463615a56
5d5a5a646459595a676660585a5f6163
5553555c5c5b5d5b5c64665b64636565
6665656361605e6366645b5b5b585c58
656462615e5959585b5d5e6261606767
6565636067656664625e635b62626667
5e605e62656667646361605f62616464
595757575657556564635c6565635e5e
696666676665666666655b6260605b5a
6668686866666564605e626464646465
5b59585c5e616268656461595a666565
62636464606567666262585f64605b5d
58565a55555e63636260605b61616062
636265605b6062626056565c5f5e5d5b
55595c5f5e5e5e5b58595c575a59625e
575f5c565251575c5b60575657576361
5f5b5c6163615e605b63635d54595a5c
6566635c5657574f575b5e606060605f
64656362646464656768686662616566
5c5656585c5f5a5d605e606363636463
474f5a5a5b61605a5464636160626060
5952545855505a515953575c625f5a4e
525356575a5c5c5c5b58535758565f5c
7d7e7b8385828386848077685b5d5856
4c4d504e4c47525b6e7c837f787b7579
55585854595758555b57555158574c4e
535261616160615f5c615f5c59585250
4f59585e595654575c595d5855585555
6564615e626261606167605d5b535155
625c64656867605e605b5c5e59586365
5a5b5d5b595756585652575f60595760
585962646262625f5c5c5a5c58535859
6365625e5d5d5c5e6362666565625855
63616263636364625c5a5353575a6261
5c58595c5d5c5f616462645a65616564
66565659625f60615d615e5f5a556261
646461575b5e59595d5a545364656365
585b5a68686564656158595e635c5c63
5c606363666467665e57595962605b58
5a5d5e5d5d5d615f5f5f5e62605f6362
67666767656666676766656261605e5c
6767676766666662605f636565656565
595a555f585b5e686c68625f5b676564
65666665665e666663605b675a606160
57625b5a6064645e61615b5f5f676660
646664605e605e545454545d5e5f605d
5a60615e61645f5a59595a565759585e
646260605e5d5d5b6260616263626461
5f5f62616361606160615f5757595c63
6567645e565049555a5c616561555f60
62656363626463656661616365666665
5c5b5b585656605f5d5a636357585664
47555b5c5c5e5655646564646463615f
53515051575557555553525d5e5d594e
555655555c5b5a5d595a5e5c585c5e52
757780848584848685817b6c5e4c5a58
52504f4e4f504b556973757576757372
565857595d5f5c585956545a58574f54
535f605f60625f5c5c5e4e585656514f
575658565f5c595a5e5f5d5955545954
5558536061605f6062625e5c5e5c5a51
545363635f5e585d5b5a5a5857535057
595f5e5d5d5b5657585d616060575454
595e6363636364615b5762625e595a5a
636564626160616061626562635a5a59
62606265646463615f5c5156565f6163
565f6160626161615f5b605f5e5f6563
5d56535558596162625d5f5f58566464
6466625b5c5852525154515163636360
59596065666565635e5b5b5b61626162
5b615f5e565665645d56585f60605a57
615f606061616264625c5c5a605c6560
66656769666667656563686563646361
64656567676767635e60646666676566
58585f5f5a5c5a606a685d585c596665
6667686667636666645f5c645d605f5b
605c595c5f5e605d5e625b5767676666
6367646163625955555758585e5f5e5b
6160615f5d545e5b58575a5855576364
6461616162615f5e6261636363616564
525e61606263625e5d5c565453515d63
66685c564b48505d625c5d5b55545354
64646261646464666363626266666565
5560605f5b5a5d62616464605b5a5b66
505c5e5d5c5c5f60656564656355605d
5050515455504e4f525a5e6054575a4c
54555650515a56585c58565752535252
7a838383797a7d82847e796e5c544f4d
4c4b4b4b494a4a636874717375757478
595b5a5b5c5c5c5a5c5a5b5957575151
585d5c5d5c5c55575a5a535555504f4c
5257575e605b5b5c5e6059534f565856
5c5a596161605d5f5a5a5b5b5e5d5a4e
50535457595c595b5b5a5554524f5a5c
5d5d5f5e5b5e5e5c5d5c5e5b5f57534d
5c606362635d5f5e585c63635e5d5d5e
64646263626161605b5755585554595b
60616063636463615e5a5059565f6162
5e6064605f605f5e605f6261615d6261
59575856565a656362585e605a5a5765
676563615e54534e515151606159595f
58635662595c5964595c5d635c626167
615f585b585c60605f5b5d55575a5b59
63626363656564606362605e5c5d6564
65656768696867665b6365625c5d6264
66656160636765635c5a62635b586566
5756625f59585a5c6567635d5c5d5955
59585c595b5a5e6666626060615c5552
69645c5b605b5b5b60625a575f606565
61605e5b59625c55535c5b5e5c5f5c5c
6161625f5b5b5a5959585a5a60626160
62616263636160606262636163646565
525d606364645f5c5e5b555655606363
65655c5456504d5b615b585753535453
575b5f6163615d605b5b626468666566
565f625f5a595a5d646462615e5c5b5c
545a5f5e5a5959555b5a5a5c58565f5a
5556535456505152575f605f5a585c56
555654535a59565557555a57514e5757
807e847c7a7c7c7b82827b715456504c
4b4a4c4c4a484e646b717376787a8080
595b5a5b5c5c5e60615b5a5a5454524f
5b5d5a5c565653555b58564f504d4a49
48565b5e5c5b5a5756585857585b5b58
5e5e5c5c5c5d5d5c5b575b595b5d5553
4d515356595c5e56504f545452555260
5a5c5e5e5c5c5e5d5d5f5d5a59595148
5f6461615c594f56595453605f585b5e
61645f635e5d5a5b59545a545b595a5a
63636463636260636363605653544e5f
61606461626260606264656462636264
5b575b5857555d6060575756605e6262
606663625f545151504e58605f56585b
5b5c6565635b5a5b595a5c5e6261605d
65655f5f6265645c605e5a5858585c5b
606264646565636265645f5e5d606265
69686664696866645f6668635b5a6264
595d6163666665635c5c605e5d5d6469
585463675f5d5c5c646765605d5b5a58
5c5b5d5a5a5b66666760615d5f5d5454
6b6462606161605d5b5c5a6262616663
605e5c5b56635f55535f5c5f63615f5c
645b63615e5d5d5b5a5b5e5c63646360
5f5f6060626161606362626164616262
5d5e5e626260605b5b55545a5f636362
65656058574c4e4e5f5c595b57525858
5b58566163636463636061625e666667
5e61605c575a60605d5c5a5c5b595d5c
4f56605e5a5957595b5a5b56555b605a
5d5c5854575352525a63605e5c585b58
56555454515756565855595954504f5c
818277797b7b7f8484847e624d54504c
514e4e4d4b4c54626e7375777880827e
575a585b5a55535a625c594c4b545251
5959595a57595a50515a57564f4d4c4c
4b4b5b5c5a5a5958575859595b5b5654
5e5e5a5a59555759565558555b594f4f
50525255565757574c4c515051525a5f
5e5f5d5d5e5d5a5b595a595a5b5a5551
5d63606058535456595b605f5f5e5b60
5153535d5d5a585a5c5c5e585c5d5c59
5c5b5c5e5e5d5f5f615d5a5856565453
5a535350615f5f5f6265656463615d5c
5c5c5f5f5c5a60645b5659556263615f
65666363635c565554555b5f5f5b5f62
5958666564625e595d5d5d5b57555653
666563666766665e61605c5a5a5c5c5b
5f5f61626665645a6062605e60615963
5c66635b64635d5c575e64616163625c
5d62656666666463605f625f5f616567
5b5b5e6261615f65645f6666615f5a59
595d605c5f6668636664646165605655
6965636364656258585b5b5c62626661
625f5d5f62636157585a5b5c5c60615f
5e645e5b5f5f5d5c5a5b5f6263636057
54515655545654535751555a5e5c5c5f
5b5c5761565e60595b5d5d5e61625657
65666158534f50535e5e605f5f5e5d5d
5b585a6666646364625e5c5d62666565
605a5e5c5a595f5e5f5d5c5d585b5e5d
51575e5d595a585a625f5b595a5d5d5d
5e5d5b575454535357615f5d554d5b56
53565656525356565a5a5c5c5450575d
7c7e77777c7c7f83828b887662515051
534e514f4e4f5b676e6d767474777677
5c5b5a5e5c585154605e5b5552575755
57585858575c5a5a5d5b5d5452555454
585c5d5d5c5d5c5b5a59595b5b5b5659
58585e5855554d515859585a5b565557
58565a59584d4f4f4f54565957575659
565a5b5b555b5a5956595a5d5c5c5c57
5b5d626059534f4e545d5f5f5d5d5756
524f535e5c595a5b5c5d5b5b5d5a595a
5a5a585a5b585d5f5951595957575553
554f53555f5f60605f6163625f5d5a5a
5c6062635a5c5c585a59535d61645f5c
62616161635b4d4f595d5c5d61605f61
5b5c5b656462635e5f5f5c5856545557
5f5e5e5f656566585865625f61605f5c
605f6466676667676260626462625f5d
64666461615f5a595b66676766646766
605f5f67646664665f5f625f64666567
5b5d615f636465625e64675e5f605a5d
5b61625f5e645a5a676666676862595e
65656365645c605a5959626162616864
585d57646665605d5f5d5d655f5e6464
63636160625e5b584f5c5e615e625b57
54585657565357585a5a535b5e5d5c5e
5f615d5a5959615f61636362635f5654
62625c48484f535e606062616160585c
59595867676463636161636264666566
5b5b5b5c5d5e5c5c60626262625f5e57
474c5e5b5c5b5d636261605a5e5d5b5c
5f5d5b585555514e585e5f5e534e5b55
4e4e49465255575a5b5b5a50545b5c5e
807a787b7c7c8384847e877869565150
5554565452515d686769767875767d7e
615f5c5555505458515f5d5b59585350
4b565357575d5d5d5d595d56555b5656
5a5d5d5d5c5c5d5b5d5a595c5b58574b
5f5a5c5a5958595b5a58565c5e5d5c5d
59595d5c5b5351515455595b5d5d5958
47494c5155535b5a5858595c5b5d5351
595a5f5d59524c4d5155585a5b554c4d
50505059595a5957595a5b5b57595a5b
5b5a595b5c5c5e5c5d5c5c5a55545353
4b4d585c5d5e5e5e61625d5b5b5b595a
58595f5a5b575f61605d55545f605e58
5f615e5b5b514d505a5f5f5d5e5f605f
5d5d6063636264635a60605d56535657
5861605e686c6962676663626262615f
635f6566686969686461666966645f5a
6566635f60605e5e5d696a6866626869
6465666565696761615e666467696765
5d605e565d63645b6161606769646162
6664605e615c58626567666a68645b58
666664635a5c625e5c62666662616165
5c60626461625b5f605f6163605f6566
606162645e5f5c5c5a5b5a61615e5859
52505359565254585c5c555a5c5e5c5c
6162615c585c61616062615e61595754
586263585254575462626264645f605e
5956575b6665645c5c60615e64646362
5f5f5f5f5e5c5c62656565665f5e5a5b
46575e5e56585d6364635d605f595a61
5e5c5957545453515451525756565954
4f4b464f5555565c5c5b5b4f4e5d5d5e
7d7a7b7c7e838482878085756f615850
565450544f51556468707677807d7e7c
5e605e5d585c5a5b5e5e5d5d5a575450
4d5b5a5b5052525d5e57555354585455
59595b5e5e605e5c5d575b5d5a57514a
5a5c5c5b605d5d5c5c5a56575d5e5f61
5c5e5d5f5f5a5457585a5c6765626160
616055545a56565c5e5d5e5b5b5a575b
5b5957564e4f4f525556585b59575e60
55525857575a5a5a5d5d5c5f5d5c5d5d
5a59595c5e5f5b5d5c5b5a5a56585655
494f545d5c5e59565e5e595d5f5e5c5c
5856565a5f6161646255575f5f5e5952
5d5e575e5b5450515b5c5c5d5f605e5b
60616263606063635b62605e5552555c
62676b6d6b646b696967696860616261
6e6a65676a6b6766686b6b6b6a65625d
686b686365676167666c6b6666646370
64676a6768676664605d64666a696966
65635f6161635d63645e635f63646168
6868625c616061676769676464615962
66655f5e5e5a5e586062606462636464
595859646559565c5b5c5e6062606566
5f62645e615e5c5251504f5b615b5559
5d5e5f5f5b5956565a595c5e59595a59
5f61615a5d6261605f606161605b5b5d
5d65685a5655566162656364645f5f5d
595b5a656466605c5e625f5f61635d57
62616363605d5c5d5c5d6564585a585a
55595c56545e63646563646461626464
5d5c5a545452504f5752545d5b5c5248
554e5454565553505b5d55515f5e5c5f
7a7a7a797c85858579787a7f78695e58
4d5356554f4c5355636a737c84827b7a
5f605f5d5e5d5d585f5d5c5c5a565452
4b505d5a55575c5f5a57575455545355
5a5b5d6260605f5c5d5c5d5e5c584f4c
62636361605b5f5e5f5a565759545d5b
5f616260615d5a5a5a5a596667656363
6664605f5b5b6162625f5d605e5c5c5f
5e5e5d59505053545960625d5b596565
605d51585c62605e5d5d5f5f5f5f5f5e
5a595c5e625f615e5f5d615f5e5d5457
535b5b5c5a575a5d5d5e5f606463615f
5c5c5d5a60615e5f5c5b5e5f605d5a56
57615e5a5a5756515b595c5d595c5f5d
5e5f6260595a5b6460605f5b54565858
6e6b6e7470696e6d6f6a6a6866616261
70706a6a706f6f707172726e6c6c6a6b
6f6f71736e6c6c6a706d6e6d6c6c6f71
6b6b69696c6b6562676b6b6b6c6f6f6d
656763665f63656764645b646567676b
6c6a696565656165696a6962645e5f61
6357575b556163605e63686868666a69
5c636666655b5e5d595d5a5c65646767
6165656360615c515151515c605a5659
5e6362645e575655545960625e575a5a
5a56565d5f62636363605c5e5c5b5b5e
555e605d5956585d5b5f6063625c5359
5f5f5d5a6464605b5f5b5d5c585b5f5b
6565636361605d5c5c5d65635c5c5a5c
4c575c5d5f635e6266656467655e5e65
575a5b585454555a5855525358595048
4e474855585559595a5251515e5e5e5f
7a7a7a787e7f8685848082877d6c6259
4b5055534f4b505d656d74828481807e
605f5e5d5e5d5c5c5f5c5b5c5859544e
5b5c595b5452525b555a5b5755545351
5c5a5753525454565a585a595e5b5055
6465635e595b5d615a5757585d595c5c
5d59636363615f606162666667665764
67636461615c5e6063615e6060595f5e
6762605a525454596465635d5c5a685a
5c5b5a656764615e5e5f616261606164
605c5d5a5c6662616063625f61615e5c
5b5b5a5d616363646361616563646361
615f6160625d5f5b5b5f61615c635f58
605d53575b5a59575c5b59575c5d5f5f
5955535a585b5e5b5e5e5e5a5458595b
7172706c676c666e6e6c68646061615c
7170706e6e706c706e70727272717170
73757976727071727272727371716b66
716e6f6f706e6b6d6e73707170727171
6769696a6a6b6b6b6a686867686b7070
6f67676b6b6a6c6e6d6c6a6b67626564
65605e59595b68656265686769696a6d
656666635e6062636261606065666b6b
68666564635a545258535a5e5f5f5d5b
575e605f5c575958585957575c5b5c5a
595f5b5e61606065615e5b59595b5f5f
595b5f5c58595a5c5660626561585851
5f635e5c5b605a58575454575a61615b
6565646364636262626464645a5c595d
4d575b5d5e62626464626263615f6365
5b5a5d5a58545c605d5a5c4d4e554f4c
4c45465459565c5c585050505d5e5d5b
7d7b78777f7d7c888685818d876f5c52
4c555454504d4f5b6b7a71797c807f82
5f5c5d5c5b5b5c5c5f5c4f4d564f5451
5c5b5b5756545150595c5f5c55545451
58545453575657575651515c5b58505a
626464625f61615f5c5955595b5b555a
5c64646564635860656563556263625a
5757575c5c5c6363636363625e5e5f5e
5e60625f58575e5f6264645d5a5f5a57
5754545b6664625e6061636362616261
62616060616363626062616261616059
51585e5d60605c656563626567676362
6161635b615a60616364626163595753
605d59595e5b5b5d63605e5e595d5e63
57535054585c5f5c5f5e5b5655595b5f
7073726d666a6b6c6f6a635a6660615a
6d676e6e706e6f6e6f726a6d706f6568
73737575747476777a797679787a7877
747171707073716f74767271676c7171
685f6a6b6c6f6f6e6d6c6d6c6f737676
6e6c6c6b6c6e6f6f6e6e6d6c6b686c69
6865635f60656b686968696969707170
6668676662626263626464636c6b6b6a
65665f6363605956595e5d5e5e605f5b
595b60605d5b5957535457595f5c5c5c
5a5c5a5a59625c635f5d5d595a595e5d
60615f565a595758504d5a5b5a535653
58595c5d5d5c5b58575657545a596160
636362626262626260626262585a5a5a
52585c5c5f6163646664636362636362
5d5a5b5c5e5d5d5f51535c5b574d4d56
49494d545257595c585557535a56575d
7f797b7b81838789878681888163584d
4b4e56514f494d596875727b7c7e777e
565652564f53565d5c594e4c4a484d4b
4f5c5b5b5b5c5d5e5e5d605d58555353
5956525752595a5759555e5b5e5a4b50
63646463656564605d59565859575959
5e626466656462656663635a605b5556
59575a5f6162656365646262625f5e5f
5863615e5a5a5f626467645f5b5d5e56
5656565f646461606261615e63636358
6360615f616061616161615c5a595b5a
525c5e6056636664645a626566656564
6362565b5b5e5f636565646363605950
5d5c5c5f5f5f61636362615b605e605c
555255585d626160605f5f5d5d5d5c5b
6c7273706f707374767775696360625b
716b707273717270707272736f6c6868
7271736f7676797d86837d7f817b776e
6b707071706e6d6c6d7b7c79756f7071
6d6c6c6c6b6d696f6d6f6e6f7374736b
73716a6d6e727172726f69666a696d6c
676b6865626c6a6b696b6c6f6c737676
67686b6b69696b6a6969686e6d6d6f67
60605e63625e5c575f61605d61636666
5a5f5f5e59575c5e5e5b5f5d5d5d5b5d
5c5d5c58515357555f5f5c5a5b585c59
5c575b5358564f53585b5a5753525758
5c5e5d5b5a56595756565457595a5c5e
5557545757595756565554555557565b
494c4b5a5e5c64635e5d5c5c59585855
5e5a5c5f5f5e5e5c515f5b5c5a535855
514d515c575a575b5755545458595d5d
7c767a7e82827a79858a8780675f5956
4e505454534f4a5a6a6e6e7c7f7c7877
57555351565b5b50504e494b4a494e50
57575d5d5c595b5b565f615f58575352
57545353555a5f5b5d5d5f5f60514c50
656463636666645f5b5655574e525558
6360646665656262646364605e595556
5b58595b646669666463606062606364
63675f5e545058625b596662605f5c5e
5553585b63635f636361616361645f5f
6361595d5c5855535253535958555457
5858595c5f5c5d5d5d5c5f6061605e55
65625d5c626563646666656563625a5a
595a5f5e595d6158645d5f5b605f6365
58545f5f5d5e5e616062636261605d5a
71726f6e6f6f72717374716e6866605b
7272716e7777767271716f6d656d6a6a
6d6f7174737674757777787877757372
6f72757370706f6c71727071706e6f68
6b68676769696f6e6d6c6f6f76757171
72747070726f71737371716c74736f6e
6e696d6a6c6a6e6e6e6e727172757774
696d6e6f6f6d6a686b6c6e6b6f6e6d6d
5e62605a5c5e5f605f63616167676769
504f4e585755595c62605f5f5d5d5d5b
5d5e5e5b5955575c5a5957535256524f
5e5c5c5b58574e505257524c56585a55
5b5c5a595657565656585b5a59585c5d
4d4e50515356565655545a565a585a58
4a4b4b4c5d5d5c5a5b5659595653514f
595a5d63655d5a5d5e5f5d595956574f
4b4a4d59595a565550535252565a5e5d
7776787f7f7e7b7c84898980635e584f
5053545454524b5d6a6f737d80797777
5a5651505b5c5a595751514b484d5452
5857575859585758585b575e59575252
595a5c5c5a5d565354555f5b56524e53
656464636362615f5954565551545756
63656a69555c61626162625852555559
5c5b5f5f666560635f62605f5d5c6261
5b5c5957524e504e5262686561626061
585d585e5e5f61666565646362616162
5f5e5b5b5b5855525051535b5b595556
535b5d5f5e5f5d5e5f61626164605953
59585f636967595e6365646363625a55
595d5f5f5e5a605c5f60626362616565
52626467626163616464646461605e5c
73716f7172747573696a66756f6b5c5b
6c6e6f6e6e6f7071706d6c60656a6d70
6d6d6e6b6e6b73717274746d6b6c6b6b
71727674717272726f6f6a726d6d6c6c
6e6f6e726f6e6c6b6d6d6e6d74736b66
70736e70707473747270706d71736f6f
6a6a6b696c6d77727074746c787a7176
6f717171706f6c6e70706d6e716d716a
62605d5e61605e605a60606567696b6a
4e4c4b4f535654585c5e615f5b5c5d5c
5d5860625e5b5b5b5b595354504d524d
5e5c5d595857565655514f505857555e
5c5a59585d5d5d5c5b5c605c5d5b5d5d
4b4a4e535c5c5d5d5d5d5e5d5d5e5a5b
5352585a5a5858585a58575855534e4c
5b5e605e535d5a5b5f5f544e55555650
5656585355525356555755565a5d555f
777b807d807c7a7a797785806b606156
5855555555544f5e6d727e7f7c767778
5b5654535b5c5b5b5a5a58544f4f5655
57595756545954535a595a5859595353
5c59615a5b5b55555654605956505050
6263625f615e645e595655535657585c
656769676055636264655f585557585c
5d5d5a6562635e63615d605b5c5e5f62
615e534c4e5151515d60615e59586161
575f60605e61625e6463616062636463
5f5f5d5f60605f5f5b58545454595755
585e5e616160606062636160605f5d5b
59566463656364636365646363615b53
5f6161606062615a5b5a646463646465
5f6264636461636365646362605e605e
71707273747672716867767b766e5d5a
6d706a636c716f7373726d676e707172
706f67636f6f7272717273716e6a6d66
71727176767576746e72706d63616f6f
6f6f72726766686d6a6f716e73726c6e
7272737274736f757367717173706f6f
6a6a6a6b7172726f71716f6d74707575
6e737373757472707272727173716b6a
5b5e5d5c6060615f5b5c62676a6c6e6c
4d4d4e515455585a5e615f5a5f5e5d55
5a53585956585b5c5959554f4f4f4e4d
5a5b5858585758595a595a5951525a5d
5a5558555d5e5d5b5b585e5d5e5e5751
524d575b5c5b595a5b5b56575b59575c
4d4c4d5b5a5651555755545158524c46
4f5551535251534f53534e4c56514e51
55555854544f57595a5959565c5a5151
7c818180807e7e7b7d808580706a605d
585555555350475166717b7c7e7a7b7a
5b5a5453535c5b5b5a5a5b56504f4c55
595b5b5c5a54595b5d60605c55555454
5c5a575e58595a585b615c5a54525352
6263605d5c5e66605d58555559575b5a
636867645d5b636466665f595756565b
5d5c5c61626163645f56595f615e6260
615d55504d4e575b5a5b5d5e5a55575e
565661615d6463616160616362626463
605f5f60636364625e57585b5c5d5957
5b5e5f60615f60626364636164635f5e
5d6367666463615c5b5a5a5e5c615a5d
5e5f606260605e5f5a565453635e5c5c
635c625a57575c5c61625d61605a615c
7474777576767876767a7b8276756463
70727072727171777372696d6e747273
7165636a697373716f74726c70706d6c
656c7174797673717071717270727372
71727171717272726f6e71737471736b
7271737372706f6c7171716c6a747370
6b6d6c7172746c686a68686f70686e72
7073737372727271716f71717372716b
585f5d5d616061605f60656a6b6c7170
4f53525454595d60625d5d605a555151
545455565453534e5257555354504e4e
5652525b5a5a5a5959575c5a59595958
5452525b5c5b595757595d5d5e5c5551
4f51535758565b5a5d5d5a4c5a5a5056
4f4f585b5a52515255524d4e4b4b4840
4c4f4e4d4e524e52504f4d4c58544f50
50505553514d4c4d4d514b4d59544f4e
7c838282828280807e7e858082736760
4c4a47474d474a50626c76807c7b7d7c
5f5b57555e5e5a595a595a574f4e4c49
515d5f5e53575d5e5e57565853525150
5e5c5d5d565a5b5b6262615c58545552
63626261615855605c57564f5356585a
5e6667645f5b5d656868615d595b5e5d
585d606262626464545863635f585d5c
62625f5952515d5d595a5b5c57565a5c
52525161606364646464646464645a65
5a5f5f57595d5b615d5f606261605e5c
545d5c5e605d61616263625c5c5f5b58
616b6b6764626158575b5a5765625d58
575961615f5e5f605f5a555d5e5b6061
6362605a57585e5b5f5e5c605d5b5f59
76716f746e72787a796f6c817a6e6562
7073747373706c6c6d6c6a7276787275
78736970737472717374706f706e656c
7576797a79777576787a797778787b7a
7576777a7776787978797a7977777976
7373716a707272767473737574757676
6a6a717373726b6e6a69696a70746f6f
6c626e71706f6970716f6b717674716b
585d606160605f616165696b6c6e706f
5053565455555d6062615f5a53575351
5554555756515153525a5a5a5a585653
58585d55585d59565c5f5e5d5b595a57
4d4b485b5c5b5a5a5a5b5c5956545555
57525555535853585b5c575454525351
5253575050515553504c4b494d4d4750
54585855545354544e54565259585653
4c4e514e5252504e494d494e51585556
747c76838383827f818487817d7d6d5d
4e4d4a4744494953646a778378767f7d
5b5b5a575c5b59595a595b5851514e4d
55595b55575853545652525353525150
625f5d5c5b595c5c5f58535259565655
65656165635b63615856514e4e565b62
656665656364676266605e5a5f626363
5f5e5e5a605f625f5c5d5a60615e5e5e
5f5a645e585353514f5c5a5c5958565b
5b565b5f5e5f5d5a595b58565d555957
5a5857565759565e6061616462626260
57535456545454626365615f5d615d5c
595f6865656159575a58605c6764605a
54556164615e5f62615b5b5e5e606261
6563625d5e626264635f5c5c5c5a5858
7678777878797b7c7c7a7a747e6e7165
737370716e706e72716f6d7376767577
7a78727476767573737672706e626764
7e7b8383827a7e7f7f7f7e7f7f7f7d7c
7a7a7b7c7a7b7d77807f8180817d7f7c
7474777775757575747c7b7e7e7b7d7d
6d6e7376727472706c6d727777737373
69696964716c70727475747374747771
615e646261606463646466686d6f7167
59595853505157575754535d5a54565b
5855555957585958585e5c5d5c5b5959
56595e5e5e5d5d5a5d645f5d5b5a5a5a
545456595e595a575a5c5b5a57555654
5856564a555352525558585953525254
5452565251515356504c4b4e55524c55
5c5b5a5b5b5958585958545656585958
55534c494b525353524e4c4e53595a5b
797d798382828383838587817a7f6b59
46484948424d4754686d7c7579797679
5d5b55544d5757575654575254544e4b
5d5d5b5856585856515254515251504f
625f5e5b59595a5c5c545253575b5a5b
595958626463635b58564f4c525a5d62
616062665e6565625e5e5c5f61636163
5f605b595f61615c5e5f5c63605e575a
56575756525055575c575a605f616262
6162625f5c5e5f5f5e6261565559615f
5a5a595a5c5b566361636063615b6463
575b5a58575756585862616063625d5a
525a5a60635f5b5b5a5e616064635f5b
5a6159585e5f5b5b58595d5d6163645a
66605e6364645d585b58565b595a5a5a
797a7a7b77797c7c80847d7185707368
767875726f717577757474777b7c7b78
8383707072737776777775726b656466
81868683807f80808283818283848484
7d7e818281817f827681837c7e817c7e
75797c7b7778797c838483837e7e797f
71787773707370737b79757074777877
73737272726f6f737372737275787e79
62626666656566656362656d71717373
5b5b585454535959575560615d55575b
5f5d5d5f5d5c5a5a5a5a5a554f4c575a
575b5f5f5d595a5d60605e5d5c5c595f
5656565658585a5b5b5c5d595b595958
5b595656565554565556575654575758
595a585455525857554c4e4f58534d4f
5e5c5b5d5b58595a5858545354585959
524a494c4e4d50525253515455555b5c
76787a81848382838585867b72795c4d
4d4c4d4e4c4e4a5869697772797b7674
5b58544a4b535354505352525554514d
5d5d5a59585b5d5b545351515251504f
5c5a5a5a55544f514e5152595a5d5d5d
5a605f656365625e5855514d555b5e5f
5f60615e5c5c5b65605d636465625c5e
656461605e605e5c5f5c5b605e595a59
57575752515151525e5f636464656465
62615f5c5c5d606063645f585555635d
595b5c5c58555458636263615a5d5d62
55595853595e5f5d5d5d5b6062625c56
5a5c5a5d62605b5a5c5e626262625e5c
5d5f5c5d62605b58575a5a606463615a
64656563656360626263625e5d625959
787a7c7d7b7c7d818486858585726c68
797c7b7572797c7e7a7778797c7c7a79
8d7f78737477797b7c7971776e6b6871
86898c8984848484807f848486888c8c
84838486848584848685848480828281
8081807c7c7c7d7e7e84848485838485
7e7e7b7776737477797875747c7e8082
7a787978767676777979797a7b7d8080
6162666667676766606269707374767b
5a5b60605a5b606161646464625f5f61
62605c5b5d5959595c5c5e55504e4e50
585f626060606160615d595f5c595f61
5858595b5b5c5c5b5c5a57585a5c5b5a
4f595756575659585658585756585859
585c5a565356565850514f5158545252
5c5c5b5a5558595a5959585757585557
46454440484647485054535153555756
74747484838484858480828261655845
4949464f4e4f49565b6b737072777575
5a574f4c4c525554504d50555453424d
5557575757555452515256585753504f
555852505a5b5b5657565656545c5c58
5c6161646165625e56565252555c5d5d
5a605f5c595b66675e5b6365615b5d5e
5a61656461626160646263625d595a5e
575555535555575a5f5f5d5d56566460
626161616163636363656460605e5a56
585c5c5b5958595b5c6462605a5c5e5a
5b5a5a56545859595e5d5f6361625755
5f5e5d585953515a626362626361605c
5d5f6464625f5c5a5a5b606265576160
6462656464676a666463646261625d5e
757b7c7c7e7e81898b8b858282726d6a
7b7a7775717b7979716f7a7a7d797577
9179747475777979787d7a76706f7175
8889898a8a8a8a8988868b8b8d8d8a81
848a878884888789898a848989888889
86857e817f848181867f7f8a8b888786
868381807d777674757c7a7885828286
7c7a817e797f827e7e7e807f81858387
605d5d5d6366646462636873797a7b7c
5a5f6160636466676564646365636060
5e5c55575759585a5b62615f5b525051
5e60646062575661615e5d5d5c576061
5a5b5c5d5e5e5e5d5c5a5a5a575c5d5c
5b5a5754585c5c5c5957565657585759
595b5858565859575857585958555555
575b5c5d5a595959575959595a5a5555
4549494c4d4b4d4e5453565554575757
7476848582848584817b85826361514a
4b454a4f4e4d49555c676f7377767575
584c474848525553504e515453524452
55565658544e575d5d5e615d5a56504f
5151545a5d5d605c5858575758585a55
5a5b646364655d554e56504a4e595c5c
61605e5e5a5e615d585a64645f57565b
5c62666460626060626361625c58595c
57544f575955545a5752545455555e5f
5f60605e626464656566655f585d5b57
5d575a5e5b595d63625e5d5f5f616161
5c5e5950575c5e5c5d5c5d6163605958
615e5a595854545d636261625f626261
54625e5a5c5f5f5c575f5e5c55585863
6763646364666665646567645f606160
6e787e777d82848c8d8f878e816e726b
787677716b7d7a7c6d6e7a7b7c7c756f
867b6e7474767c7a737a7879776e7577
888a8b8d8d8d8d8e8c8e908f8f8f8b8c
8b878c8a8c8d878f908e8d8f8f8b888c
89858584858585868884848b8c8c8a89
888b8a87807c7c7d7e7e80858786888a
808182848286858585848886878a888a
59605863646667666069707778817f7f
5a565755535757616455575760615d5e
58585a5d5e5c5b5b5c5a636152505051
5e60535c5f5c5d5d605e555e5f616060
565e5e605c595c5c585c5b5b5b63605b
5c5b575658535856565754575858594d
555d5b5c5c5b5a5f635d5d5b53515758
58595857585959595b595b5a5e565656
48474c4f4e4d4d505253595857585959
78777c86858585817f847d78675c564a
46434a494c443f445a5b747979747776
56504c4c545352514e4e4a5152515253
57585758575a5b5f5e4f535454525150
5957575f5e5d5f4f5050504f5455564f
5a5d666564645b564d50504d535d5c5b
5b5c5d5c5f60615a5a57645b5b565859
5e5d60616060615f5e5f5c5c5b5c605f
58585c5b5856554c5052555558575d5d
615f5d5f6464656666676563595c5a55
54565c5d5e616262605e5e5e60616060
585758575c5e5e5d5b5a5f60615f5d5b
5a5a5f5e5853626062625f626463605d
5c5d5a5d6261625d5c615a59575a5a57
66646565616464646466676861626260
6e787d7c7f828488818f88878668776b
7876706b677a7d78696a777a75716a67
8a817b71747475787879787673767878
8b8c8c8c8888888b8e8e8f8e8f8d8581
8c8d8e8d8b848e8f8f918c8e8f8d8a86
8989888989898889898989898d8c8b8d
8a8989898684838283848a8888878785
827f86888788898a8a89898b898a8e8a
5d585f5c616566666869727d837d8182
52575453595756575b555758595e5d5b
5d5b56595d5a595c62615e5c524f514f
5e5e5f5e5d5b5b5e605e5e5f62616060
5a5d5f615e5b5c5e5c5d5e5f60655f5c
5b5b57565655595b5957545759555359
5f605f5f5d5d5a5d5b5d5f5b54555759
55545357555a5b5a5c5a5a5b5b5a5a59
4d4f4c4e504f5050525655575a595455
7576828585807f7f827e82776550554f
4b494a4a43403e486266737d79797d7b
55505053575b5958524f484a5253524e
5d5c5c5b5a57505b5d58545957545151
5e58595e5e5e5b514d4e53514f56555b
64676867635854525453505153565c5d
5d58585f605f5c576061555657556262
606262606261626464615d5b5f616260
615e5e4e585853535457555c61626362
616061626364646066656263635a5a56
56525f5f63636262605e605f64616060
5a555c5c5c56595c5b565f6261605d5a
5956635e5b5654616262626264626163
5c5b5e5f5e5e605e6263615b56555d5c
66676461616161605f62656563636362
70737c7e8082838588897b827268796e
72706f6964737e747072787872767271
898074686b717276797978777777787b
8d8b8f8e8d8f908f8f8e8f8f8e8e8a86
8e8f8f8e8f8d8f8f8f8e8e8f8f8e8e8f
8b8b8b8b8b8c8b8c8b8c8c8c8c8c8e8f
8b898983858985898988908a8b8a888d
848587888a8a878b8a8c8d8d8c8c7e8f
605f6062636566646a6e767580817f83
5555545b5957565f5a575758525b5d57
5c58545352524e60625e5f5c524f5050
5d5d5f5d5e5c5d5c605e5e5c5f5f5f5f
5b5b5d5f6160605e5f5f5e5c5e5d605a
5d5c5958585c5d5c5a57555857545359
5e5a59595f5e5c4d5053615c5658575b
54504e5151535e5d5d5d5c605b5a5b5c
4e54525150514f4e5156575858575053
75747483837e7c80818081765a505153
494c4b474647484f606f747d7c7e817c
55524f53535d5d5d585149464b544a49
5f56575c5b5a51524e50545459545151
59585860616054524d4e535353575559
65636065635e57575756535457565857
5f5b5b6061615b56575b545554616464
646163625f61626364635d555d656563
565b57544f4c4d5b5b54525e61636463
63626262636465646466676560555f60
58545e5e5f585f5c585e626566616163
5f585c595858575958626161605f5f5e
5e63635d5b5855636462636464636361
5e5c5f60585a5f62646666615e565d5f
656b6460616161615f66655e61605a61
74717581808486888987808472787a6d
78726f687079807879727a7078757270
867b6e646c6d71787879797778787682
90908f9091918f8a8c8e9090908f8c85
8c8e8b8f8d878b928e8f8f9090919190
8f8e8e8e8e8e8e8e8e8e8e8e8e8e8f8f
8f8c8c818d8b888b8d8c8c8e8d8c8a8e
8585828a8b8c8c8c8d8f908f8a8d8b8e
625f5c5a656565645c6f797d84838383
56585b5c5d585657555655595e5e5f60
575f5d595352586160605e5d564f4d50
5e60605f5e5f5c5e5e5f5d5b5f5d5e5e
5e5d5b5d5d60625f5f5d57595e5d5e5c
5d5d59525c5e5f5d5b53565854535454
54575258565e5d4f50515d5d5958595c
53505254515c5d5d5d5c57625c5a5b59
4d4e4f52504f4b4f5154575959564d52
7574737a827d7b7b7e7c77685453574d
4e4b4a47484844516669767778777f7e
5653535655565a565655505656524d4d
57575c5c59515252514e565258525151
57595a61615656554e4e4f5655575454
63635d54615c575856565452565a5755
615d61615d57595d5b58555a54635665
5c5e5f5e5f605d5f5f5f5c525465635f
5b585a5b515057534f4e5a5f61605e5c
64636465656664636464685c5957645f
5252595b5957555456525f6463666565
5f5d5a4f57555a5b5c61625f5c515b53
615d5c5f615e5c5e5762626262636360
5f5d6463615d63656464645c57565963
68646563635e61626665656460585e5f
7873757779838a8a8788848580838077
77706b7379787c7e7774737676747776
83727266666c75787a7a7977787a7e80
90919190908f88868a90919191918f8e
8d878d8a8a88878e8e909090918f8a90
90908f8f8f8b8d878686838383848c87
8f8e8386878a88878b8e8f8f8d8c9190
8585888a8b8c8d8d8e8f908f8e8d8d8e
645e5e5c6566686a696d7b8285888386
575a5c5e5f5d5e5e595655595f5e6163
5a61605d5753606161605e5859504d4d
5e606060605d60605f5e5d5c5a52605d
5c5f5d5c5d5e6058575554545f5e5f5e
5c5b58575d5758565450514d4b505257
525352515557554f515a5f5d5c57555e
5b5856545a5e5f5e5c5b595c5c5c5c53
4e4e53524f4e4a4f535558595857575a
74747b7f7d818183837f77634b554f48
4f4847463f4747525f626b737578787b
5052535457555a56514f555553525150
54545a5b52545153585b5b5a57535350
595b5f5d5f575253514f565a58565456
5d5e57555254514c4d4c4a4c59585859
5e5e616363615d5a5a595c605f5f555f
5c616360615c5c5c5656535151545860
5d5c5e5f5654534f4d4d595d5f5e565a
62616464646464625a5a625f5f61625d
53585854575657585561616063646363
5f5d564b54535d5b5a61615e5a535657
5f595d5f65605a59546264616162625e
61616565636165656463615e59575b64
6063656564636566676565635f575f60
7673737675828b86878d8a807a8a7e70
777265767f7b847a7e7a767675777678
877e73696f72767777777a7c7b7f827d
848d92908b888888898e8f8f9191908b
88898a898d8c8d8f91909090908f9083
919090908e8c8d8b8683838b89858788
8f8d8a898a8a8d8a8c8f93908d8d9190
858587898b8c8d8c8d90918f8f898c90
5c6061636260626a6b6e7b8589868587
56595c5e5f59595a585a626262605c5d
5d5e5152525460605e5a5f5d564e4d4a
595b5a55535655515d5e605e59565e60
5b5b5f5e5b595b54595658535f5c5459
5b5c595958575655534f4e454952565b
525451585a5558535a595e5c59595b5c
5e5c585b545c5d5c62605e605c5e5c51
50535352504d4a4d44484852474e5b5c
79808076767a81837f7f857459554f45
4a49474637414952565e656976747375
4f50514d58594f4f4e4c525355545551
545a5d5a545555555b5b5c5958544f4b
5a5c615c564d5a585756515558555354
5b5a54545453504d494a4e53595c5b5c
5e62626261605f5d5b5c5d60605d5d5e
5f5e60646361605d5e5e535256525151
5f5c595758524c4a4d5a5d5d5c5b4f5a
535b535e606163626064646262625e54
56645e565857575759605c62605d5d57
504e4a49575a5b5b5d60625f59595b58
535d5e5d58575a596261636262616050
60616563646066646363595359595a59
6a686561636562635f5a5a615a5e5c5b
777579817d848a88848d8b82808c806f
6d6a564b60727f78767876787d7a7978
897e74627170757a7c7d7e7f7d818880
878e8a858a89898b8d8a8e8f8e92908d
878b8a888f8e8f909190909192918e87
9191918f8d898c8b8d8c8b8d8b888887
8f8c888a8a8a8c8b8c8c8d8d8d919190
858584838484898f8f878787838d908f
5f626262605d66666061678589868985
56595c5f5f5f5d5a5a5c62616264605c
53535053575860615e565c6053504c4b
5a585454515355515d5e5e5e5d5d615f
5b5d5b5b5a5b585959595c545c535959
595c535557585957534b4b4f4f4d575a
4f505c5b5a535c5c5b5c5b5a5a5a5a59
5e5c5b595b5e5858565e615c4f5e5d58
38555353514f4d4d5052535453504b56
7f83807777818283818388805c545143
50514f4b474442495764707775757576
565153555a4e5054504d484e53575755
5b5d60594f535559575153545250474a
5350595b51535a5c5a504f5a59555457
575857565253524d4c5558565953534f
525b5d5e5c5f5f5e5c5b575f5f5f5e5d
5e5d5d646259595a5f5e555b58595b55
5c5e585856544d4f4d504e4c4b4f565b
535150504f4f51606163626157615c57
5c63615c5d5954585d635e5f5f5a5452
4d4f49464d4e50595c60605d5a595c59
5a605e6360595b5a5e5857585b55504f
58595a6464656362636055585658615f
6e6b64646563626364646564615f5d5d
7d7e857d87898b8b8e8e8e88848d8478
716c5f626b727f817f807f8083837979
88817271746e6f7b7e8282838385897a
87898989858c908f8b888a908e92918d
8d8c8b8f8c8d8b8f8d91929293878384
908a8a898783838a8e918f8d8b8a8c8c
87828385888b8b8d8e8e8e8d8d8c9190
85818887878b8d8e8f8f8988828e8f86
6062615e5f6565635f5e657687888a85
57595a60616260565e625f5e53645b5b
515655595f6157585656565553505058
585552535452555b4d5d5d535a5f625c
595b595b585b57585a5254505e5e5b5a
4c4c4c565857575954504f545452585a
525a5a5c565559585b5b5a5859574d4e
545857585a5b57595b5c5d5c565c5c5a
474c545352504d4c50515555514c4b4b
837d79797d7f7f7e868487836254554e
5552514a463f474c5d69727a75757e83
555052555851535a565453555757524c
5a59515d5453585752515a5653504c4b
56545b5b55555b5d5b54545d5a58585d
5b5a5a595152534e4b5a585255535254
555d58595a5c5f605c5a5b585d60605f
5c5d5c625a5a5a59555f595d5c5c5a57
5d5b5a5755565455535b595750545953
4f4f505150555f5b655f615f58565659
5c5f5e5957585c5e5c5a585555555250
5352525051504f57595b5d5c5b5a5b5b
646260625d5c605f5d585559565c5a58
5d5d656666666662655f5e5c5a586163
65666664626165676665636364645f5e
84848982797c8c8e8f8e918d8b898875
6c6b737673797f8582807e7e7e7f8082
878a6e7a747376787883838384838179
858483838284918f8c8e8f908e929392
918f87878886888487828a8d928e8685
8e898a8887898486898a91908f909291
86898a8a8e8b8b8f8c8f8f8d9091918f
87878788858d8b8e8b878685848a8987
62585d54626362605e616b8087898886
57595c6057655a5a60615e5f605c5761
5954545a5d625e5d5f5e5e5b52525259
585957545a5b535c56595a5d5a585c5d
5656575653545351504e4c5c605f555f
4b4f53595a5650585653504b4b535657
565a5c5a58585958595a595858564f4f
5859595b5b5a595b5b5b5c5c565c5c59
453c535253504e4e51524e4b4c4c4a4b
7e7777777c7c7f8585868089755d5950
5654534e49403d4f5c68747674747381
534f4f4e55585a5f5a5959574a495658
5d5b58585a5a5c5956575b58524f4f4f
5755565954505e5d5d59595e5b555956
5d595f5f5a535058585f565658545555
535b5a5a5b5b5f5e5a595954595b6060
5b5c5957595a5a5959595b5d5c5d5854
5a5a58575a585859595c5d5a554c5958
4e4e5050505a585d655f5e5f5d585a5b
5d5c5c5a585e5d5a5958595652514d4d
494e4f514e484e555c5e5959575b575c
62636357575b5e5a58565655585c564d
5e6265625f64636362575d5a5a555459
6868676563615b5c5b6164636664605f
87898a887b7c858e8f8f928c8c8c886e
78796f7b7e7f8388878b888685868989
8e8d8782787a7d80807f81888383827f
8585848584888e8f8e929191908f918c
918e87868787838889888785918e8786
8e8a8a898d8b85828b8b899293939393
8986808c908d8c919092939292909190
87817f8389898a888c8a8487828c8c8b
5c5b5d5f6060605f5d69757a84878685
555a5e6062625b615e60615c5e595562
555352585e65605c626060575456575b
605f5f5f5f5f5f5a5a5b5a5b56555a58
565557535454534f52504e5b60615f61
4f535a5b5b585b5b56524f5052515557
53524f50504e595a5a5a59534e4e4f4e
5959595a575a5a5a5b5b5d5d5d525c5b
4749515354524f4e52514c4c4d4b484b
78797877777c7f81867f898b7d6d5a52
5654504c4742424f5b68737774737879
45454340585d515f605f595653555659
5f585658595a5e5c59585d5a5751504f
5657565755545e605e5d5b5e5c5b5c59
5b53605f5c5758595a58565652555354
5753575b5c5f5e605c59555c5d5a605f
5f5f5a62625e5c5c595a5c5d56595459
5c5d59595e5e5d5e5e5f5e5c5e5f545d
56575a55595f5d5d5d625d5d615c5a5a
5b59585b595b5b5d58585a5856534f4d
4b4f5153544a575d62605b5a5e5b5a58
5c655f5756595d5b5857575855584e4c
5c5e5a636263625e605c5e5856595d56
6468666562615e5f585f5e595d5c5754
8f8a8c8e87858a8b888c958d796e836e
878882798484898c8b8b8b8c8c8b9193
8b8b87848187878585838b8a86878285
86858585848b8b8d87908b908f90918e
92918e8c888687879089888b93918386
918c8b8b8f8c8583878b939493949295
8383848d898e8f8a888f8d8c87848e91
847e808b8b838a8a88898685818c8d86
5f605e5e5e5f6261616c697a83868583
585c5f61615f5d595e5c63635f5e5a5e
5b54585a5c5c5a5a5e60625c5b5b5d5a
6362605e5f61615a5b5b575a54535a59
57555656555554525a59575962626161
51575957595a5c5c5853515053525758
54554d4f5459595a5b595959594f5351
555552514c5558555658505559565b5b
4e4d55555353504c4a4b4d4a49484b56
7a7a797d7b7f848586787a887e6f5a54
4c514e4c4c494b44586474777378747b
4a46454d585a525d5f5d53565556534a
6059555a5f5d5d585d5c595656565353
5e5d5a58585f6164605d5d5b5d5c5f56
5d5764605e58565c5a585658565b595c
52534c5b5c595f5f5e5c5d575d575f5f
6162606562615e5c55595c565a605d59
5a616162626362606162615d5f5e5f63
5958565d5c5f5e5b5d595e59615d5a5a
585859595a5a5855575b5a5656495652
5652514a4b4d666a6867656560575b56
5c5b5856595a575e5c5c5a574c4f4c4b
5f5f5a60626058615b5b5756595d6058
69646365635f605e5d5b5b5a5b595757
8a87868783818a898c92958e83726262
8d8c8c8d8b90909193919394938c9390
8c858383858c8e8c8d8f8f8a8c84858a
8c8b8789888b8c8b8b908e8b8f908f8d
93929292908e8f92939192939493868c
8e8b8c85848c86878c90929190919191
848283878887878d8e8c8b8f908e868c
82828686858b8a8b8a89888583888884
61605e5e5b61625f6267707c86848282
595d5f5f5c575e5a5e5e5665625f6060
5d56535c5f5f5b5a5d5e5f5e5d5b5c57
6262635e5e61605c5c5a4f5a5656595a
585656545350565250515a52585c6263
50575a5b54595d5851534f4e54545759
53515057585a5a5454595b5b57515851
55514e51545758535755525459595d5b
514e515654514f4d464a49454b4c4f53
7b7b787e7a7a8585837a7c83795c5751
545153534e4e4b42516372777277777c
51484743495b5a575959595755545554
5f5e5a5a5e605a5a5b58585a58565450
5e575c566160645d5f5f5b5a5f626461
64646260605e5c5b5f5f5d5d5c555f5b
544f565e5f615f5f5c5e61605b5f5b62
656564646363635c57565e616164665c
5f5f5f6063635c646260525f5e5c6061
4d525f5f60615e5d5b636364625f5c5b
52595959595758565b5b5a55544c5655
5a544d545d656d7079786e6c665d564d
5755555554585656575a5a5857555253
5e5d62605b5d615d5b53585452555e5a
5e5c635f615d5b5e605e5c5d5c58595a
898a8b898185828c918e958c847a7168
8f93928f90919191919294949292918e
918e8b8a8d878e899292918f8f898991
8b8d868d8c8f908e928f90928f8f918e
91939193929192929292929292939291
918c858b9191908f8d90928e8f919394
8d8b858585838d8e90908f9092919091
7f81838582918e8d8d8d898786858788
5e615e5b5f625f5e6265717a85858184
5658585b58595b5d5a5b61625c62605b
5f5e5d5e6160615d5d5b5c5b5f5d5a5a
5858555355585251515559525d5a5d60
5b5a58555455574f51525958565c5c57
52585d5b55505753514f4c5052555858
54504e575a5a5855535d5b5b59535b54
5452515457585857575352525b5a5959
545255555452524c494b4b454c4c4c55
757a7979797985858182868a75615852
5650505251514c4450616e7373777374
47444452574b595a5a5b5a574f4f5055
616060616462625e5c5655565b585753
5e5c57585c61605e6160616361646362
6261595e5e5d5d605f5d5a5c595b5760
51565c5f5f6057565a5f6061605e6059
5e646060606263606061626367655f5a
616062636563636461605e575c606363
5e6155545151514d4f5459605a5b6061
57585957595b58585255584c4e555b5c
58545353585b60696c6966635c5c5852
58575655545553535357565859585054
57565c5f5e5d5e5c5a5b565253525c59
605d5f5e5b59555f5f5f5f5e5d535556
8b8b8d8c88838b8f8a8e8f8c84766868
90949493908f91919194939493938c8b
9291868f8e8f909292939493928e888d
8f8d86878c8c8c8f928994939090918f
9593868784848e8d8f91918f93939391
8f8887859292928e8d91919190919394
8b908c898685868f9090918a92929192
727f7a8185918f8f8e8b8b8f8988878b
65615f64685e5d616368737c7d7e7777
595b5e5f5e595c5c585f576366626065
6564626362605f5d5e5d5a5f5d5c5955
5859545459595854545d5a505b595f61
5352564f515754595c5d5352555d5c59
5e5f5e5e5e5d59575653545254545456
50514c5b5b595350565e5c5a55535e5a
5756565453504e534b5354535b5a5a56
504b505155514f4f504a4b504c4c5656
737a7f7b7b7d83858474898f7b625b52
51525352504e4d465862737671767373
474044554e4d5a5a5c5d5a5754545151
61626162615e5f605c59595854555455
605e59595a64615f6463635c585e6462
55545f64605f5d5a5f5b5b5d5f605f61
4e525a5e635e5b595d5c5e635f5c5e5b
5d58556161656363646464656565655a
5d5c596364636364615f5b606063645f
5d5352515052524e525a5a5a55535460
575659595a55595553595852535c5c5d
5852514f5a616f6f6d68676061585654
5b5b5656545752535455525459584d4a
5e605c5b5f5f5d5a5958545250535959
615f5e5f5e535b5e5a5d56585658565b
8c898e8a898b8d8d8f8c917c8f86746b
92939392919292939393949491908d8d
9590928e928e9290919091918f898e90
908c85868d8d8b898791959391928f8b
93918c898685888a8a8b8585858d9290
8f8586929393918d8b84858885849391
9393918e8988879193938f88878c9291
747b7d808691918f88859091908a8c8e
65645c63635d5d5b646a737d817f7e75
5a5d5f605f5a5c585b5d5f6262616267
64636362615f605b6264635f5e5a5b59
5d5f585656575755575c5b585a5d5f5e
4c515151575657575c5d5853585c5a5b
63615e595b5f5d525358585353544e4d
51514e5b594d5050545e5c5b57525e59
5c5a574b4c4b53534f57564e5b595652
514e4f4f534f4b4c4e4b535653535859
73757d7e7e7b7b788175878b695f5b50
4e515352504d4651575d6f7570767274
464556504f4a5a5b5d56575857535150
615f5f5d5c5a6263605e5b5a55545152
5f605d595a61625e575a595759586461
57585d615f60605e6362606061626262
4e4c5a5d5f5d575c5f5c615f5a5e5c5a
5a586262645d5d5c605f656263676558
606162626464636161615e6161625f59
55565655585957585a5c5757575c555f
564b56505855575758555856595c5d5b
4b48444d6174797b7676736e6c5f5a5a
575a585656575757545250545a584d4d
625e5e5e5e5d5b595958595957575859
5e535e5b595d5d5c595c575757575f60
888a8e8d8f8788908f8d8f8f8c8a7463
8b8f8f90919293929091908991878b8c
9492908d8e919192918d8e8e8a8c8c8a
8e898a8c888b8a88888b949393939394
91908b86858685868a868583858b8a8a
8c858c9293928c8b8a878586878a908e
93949291918d8b8b93948d8b89878e85
73757b84858f8f8c8a8e9292918e8d8e
5f5b59605d5c5b5b5f6c767d81807a75
58575f5f5a5d595958605c5e5e606061
626462605f5e5c596564605f5f5a5a58
5f5f5e5e5d5a5958565d5b5a5d605e5e
515253525655525654535355565f6060
605f5f5f585d584e515d56534d514c4b
5153585b5250545958595c5258565958
554f57514f4b4c4e5959525959595855
4b5050504f4f504f4b474a564d4c4e4f
7e7a7b7a7d7b7b7f81828685765c5a50
5353524f524e4446445a6c6e72737479
4942464c4a585a555a55585957565351
5e565d5d5f6264636361605c57535255
61625d5a5958595757595e5a5d645f60
595d5b61615e5b646764626162626162
4d4e555d5b5a5151525a5d595c5d5c59
5b6361605d5c5c595d5f606161606054
61605e5e5e6262626463605e5d5b5d5b
5c5a5c5b5b5b595a595a595f61605e61
55545556585659564f514e4e565b5d5f
4d4844526d8480787575747371676159
5a5958595b5d5c58565356565c5a5453
606061605f5d5d5d565959565b575454
5b5c5c5d5a5f5f5e5e5a58585e575c63
88889091908b8a8a8e90958d8c7d7369
8e8c919191929092908f8e8b92908d89
938d898d8d8f919392918d8c8b8a8b8d
8c89898b8a8c8e90908e949495969594
8991858885858686878486858886848a
8b8b868f92928e8e8f8e8d8b8d87878b
93939291939192929493918f8e8d9290
767c7e848a88818d8d8f8d8685898e93
5b535d5c5f5a5b5f5f5f7b7e82817c77
575d5f5d5d5e5a5c58585e5e605f5d56
60575e5e5f5b5a5e645f5c5c5b5a5a57
535b5f5e5f5f5b5b58564f575e5e5d5e
4c555454565552555754515259595654
5b60615e5a5d565658545153534d4d4d
525b5d594e515350514e4e595c595856
594e5656565657565755525554535556
4d4f50504f51504f45494a584e4f5153
827f7a797a7577838585868069615b4b
534f514c50504c48535d687270737c76
4e493d484f5a5a595a57595757564e53
5c555758646463626263615b58555154
555c605f5c5b5e5b5f5f5f5f5b53565e
5f6161616060606064615a5956575759
55595b5a5d575058585e5d5d595a5a5d
626362605d5d5f5e616161615e5a5658
605e60626262625a5d5f615f5e5a5d58
5f5f60605e5d59565b5a5f6262615b60
504953545355585a5453514d58575f5f
4d4645656f797c7a746f7777776f6458
5c525c5f5f5e5a57565657565a5a5756
61606161605c5e5c58595b5f5c585857
63625f5c606061605e5d5d5c5a5c5760
868b8d888f8d8a899391938e9382746a
8b8e8a898a9092918f8e8d8c8f91908b
8f868f8e8d8e8d9093918e8d8a87898b
8b878584868a90928e89949494929493
908d8b8885848487838483888686898a
8b8c909490908685858e88868a8a888e
9293939295928d9397948b919089918c
75787b85888a877f8a908f8a8c898e92
575c565a57585e5f5e6969848183807a
555a555d595d585b605e5e5d5d5e5b5c
5b5d5b54525b5d5c5f5e5e5e5c595957
535a5c5b5d56555759544f565e5e5d5b
504f4e4e5758595a595556555c5b5851
5d5a5c565756515c5853524d4b4b4e4d
595e5c584f4c4c514d4b50585d5b5c5d
4f585c5c5a5b5a5a5854535353515656
51524e4f4e464f4e5356595755555859
817b7877747981848584847c68655b4f
52514f4a4a4c4a475563787677757b7f
514b42494b555a5a5b5b5a58595c5649
5553565d62656363625f5f5a5a595155
63636362616160625f615e5e57545756
626260625e5e5c595958585554545755
50545c5c5255535256555b615c566162
585e5f5e606062626363635e5c585651
6161626563616160616162605d5d5f59
575d626461605e5d5b5b5b5a5e5a5b60
55505154535659585452525655535758
54524b5a79787d7e7d7f7e7c766e6455
59595c5e535254575758564e56555557
6363636262605f5c57555155504f5c5c
6662605b63626161616062615b606161
8c9090908c8c8b8b8f928b8d90708369
8b8a898885869393929091918a8a908b
8c878c92908c8c88868588908f8d8b8a
8b8b8888898d91908f8f9392928e9192
8e908b878586898584878a8988878e8d
8f8d8486848082848382838a8a8d8b8c
9393929293928d9295928a898586898d
717981868888808d8d908e8985858392
5e5c58585a5b5c5e626976888285807d
51585e5d5c575859575e5c5b5a4f5a5d
595a595553555d5b5e5d605c5c59524f
5c585c5d5f5a5654525b5a565b5a595c
5054575a5c5e5c59595a5356585a585b
5d5c5b5754595c5b5a56534e4c4f4e4c
4f5a59554b4b4b5250585a5b4d535b5d
525a5b5b5c5c5b5a59595655534e4e51
55545353504f50515758595958595759
79737375767a8283838683766f655d55
4a4f4c48484b4a474c62737c7e78797a
4a484c4a4c4d4d4c4f55575b5b59544b
56595d5f60625b5c6060615e5b5a5055
656664616262605e6263615f5d5b5857
625d5c5e565d5c5b58595b5c5f5c5e5d
56575c5c5b555354565a5e5d5c616564
5b5e5f6163626363646563605a56615c
585f6265615f5e5f60605e5e5c595e5d
59565764626060605d5c5b5b565a5a56
5a56555759595658555552585654585a
5450485a7a767f817f817f7f736d5f5e
5b565655535255545758574f55525557
64626262635f5b524b50515050565a5e
6d65636364636361616160595c5f6064
888e828b8a8b89868b91898d8887837a
8889898986878693928c8b8a898c908d
8a8e8f8f8e8b85828e91919192928f8e
8a8587898e91908e908d8f8e89898685
9292918f8f918e8a898a8f8b898b8f91
8f8c848381818285848587888d8c8b8d
94928c8a8e8b8e9394908d8a8b8c888b
737980898c86838d8b8e8f8b88868993
5e58595b57585a6261657b8a8b82807b
56595f5e5a595858585c5b5b57545a5c
5c595955575a5b5f5c5d5d5a5c5c5656
5857545a5d5c5553525e605e5b5d5b5c
55585b585a5d5a575855545657595858
5e5f5a58595a5c59595655514e4c4e50
515659564f4a4c524c585a5a5a5a5b5c
545b5c5d5b5c5c565959554f4f4d4e50
545352514f4d51525456585b595a5858
72737d79777d82838284858b7c666058
4b4b4c4b47494b494b5f6f7d7f7c7b74
574f4c484b4e4d4f54585a5856534f4c
5a566161605f5f5f6260605359515355
636156555e525d61615d6258615e5c5c
59575a5e58585a55595759615863615b
58595b5c5d59595658575d5f595c6464
5c615a5c5d636464635c5f615f625d5e
5b616163626061615f5d5f5d59595b5d
595860626061605d5e605c5a56555b5a
5b5a595959595a595858575758595959
554f5b69717678787a83837d776d665f
5a5b5b5b59555452575b5a5856535752
6361606061514f4f4b504e505858595d
6a666566696863636362615e53555b56
898c908e8a8c8c8b8c958b858382847a
88888888878f909393918e84898b8b8a
9190918e8f8e8a888591929492928e8b
86848489878a8f91909090908f8e8e8d
9191918f90918f8f8e8f8f8e8e8f8985
8f8b848483828483848687888a8c8b8c
8a84888889858693908e918f8e8b8790
7277787b7e8b8c8b8c858889878a8a89
5d5f5f5c5a595765686e79888185807a
56595d605d595a585d555e57525b5a5d
5e5d53525a585a5e5d5a5e5d605d5b56
545051575c5c595958545b5d5e5e5a5a
565755534c4b59514d4f4e4e5c5c5a57
5a5b59575a595958595857504f4d5153
544f56544f4f4e4d59585a565a5a5b5a
5a595154575557585a58585657545352
52515250505051525054585856535959
7576787a768282828382868c77666458
49494c4e4d4e4c565c63747474727977
534c43454b504e505b5c56495054504e
5e60605f5a585a5854545b5f54565657
57595957545a5c5f5e616463625a5d5f
56575b5b5b5d595b5a5d59606264625d
5856575c5c5a54545b5c5d605f615657
60605e59595b5f646463626462636259
5d64646260605f5f5a5e5e5d5c5c5f60
5b5b62616060605f5a5f6057525a6261
535655595958505650565655595a5a5b
4e54636a6d747779837d7e82776d6156
5d5d5c5c5c5755555d5d5d5957565553
605e5d5d5f55504e4c5151555b59504e
6263676366676563615f615e58575553
86898a887e8c8c8b8a908c8988858577
8386868784929291929189858a89858a
8f8e8e8c908d8b888792919188878686
848482878b8c909191908f8e8f8f8e8e
8c8b848382918d9090909090898a8283
838388898c8d8e8c8b898d8e8d8a8387
85868a8a86868e8e92929392908a918f
74777d82828289878888898d8c8c8b8a
5d62635f5a5a5c646863758485857f78
5e5f5f5b5b595e5d5f64655f5f5f5c5d
505f585a5b5c5b5f5e5c606160575e5d
58595a595958565a5b5f5f5f5f5d5a5d
5855595758505b574d4f535a5a5d5c5c
56545551504b52555553504e4e485253
595755545550504e4b4b4b5559595856
564d4c54545a595a5757575758585758
494b5250514f494c504c5354504e5759
797579737d838383848787856e6a6456
484d4d4d4e4e4d47515e686d706e797a
4d4a4046474a54525259555356504e4c
5c60615c5b585a585656535f605a5455
5a5a5957555c5b625f62636360566060
5756575a5c595f605f5c5b5d5b5d5c59
5557595a5b5956565e5f5e6059585657
63615d5758586162646364636462615b
61605f5e5a5a5a545a5c5f5e605e5a5d
5e5d616161625e60616363605f5e6062
49494c4b4c4c4b4a4c565656555a595e
4e535e656c72737e82817c8270664f4a
5a53535d5f5b535356575a575850534f
5e5f57605f5f5a515251555953584f5a
666465656766655b5f5d5e5a57555651
888388877d8c8d89878e8e888b858663
81878a8c898892928485878a8b8b848a
8d8d8b8a808286858688898989848280
838283898c8a8c8f8f8f90908f8f8c84
8b8682817e7d7c7f7e7f877f8787827e
8e888d8f8f8c87898e8f908988878587
87888987868e8e8c8c8f90908f868f90
74777d7c80817e8083848a8c8c8c8b88
5f6565656160655e606d7a7d79857e78
6161605e5e606463626363626362605f
5a605d5a5e5b6062615b605e5d626261
5b5e5d575556535a5c5d60646562605f
525058595a58515551515a5b595b5a60
545552554e4e565554524f4e4c4b5654
5855535256484c48494947464a4b4a55
5652525557515a595757545452535457
504d5250514c484d4f4d5151504d5256
7271797d7c7b84848386848372616157
4848444141424d484d5f676c6d757778
4f48454d5150565548474b4e504b4f4d
516161616060615e59535259615c5254
5b585a595a5655545253575f5c546052
56595e5e5b5a5656565b565f5f5a5d5c
5b5959555b5e5d5a66625e5958575756
605c56595c5f5f63645d5a5e6463615e
62605f5c5c5a595b5e5e55595b5c5b5b
5c5e636263625f6064646463625d5162
4a4c4a4b4b4d4d505357575957575858
534d4d666f778285838286806e605c4f
5454555c5e5854525559585854515554
5f5d565561615d564f5057564f4d5055
696762696264625d5a5a55594f525349
8a898b8b8d86868b8e8f8e878d8b8367
8d8f8e8d8c8a9190848b8e8d928e888a
888988837880807d8085858989847f86
80858c8d8887898687858784827d7b79
8583807b7b7b7f83817e7e8886807b82
8a848e8e8e8d8d8e8e8d8c8b89878784
878688858884838c838c8d8e8c888d8d
76757b7a7e7f828384878b8d8b8a8e8b
62676667666460616a747b7d77787f7a
5e645f5f615f646565645b59575d6062
5f5e60645c5b625e5e5c5d5f60606264
60615e5b554e4c595a5c5d5c5762645f
5858535c5a584e5a57585d5d5a585a5c
4e5652575658575656575555595a5955
57535151534c4a4b4b4b494b4a514e4a
575856534e5057565756575756545754
544d4c4d4e4a4a4b4b4f504f4e515451
7b7d78808081828384817f7d6f5c6259
4a4a3f3f4243404b53576b6f6f757672
49454e51505053504c4f4e535250504d
5e6162636362615f5d585a5b5d5f5454
5a595b5e5d59575454565a565553554e
5d60636260625f5d5c5b5f615e5e5e60
575a585060605f5e5f64615b59575a5d
5c5d5d5b5a595e6563625e5f6363615d
6263605f5d5d5a5d60605d5c5a5a6361
6160615f61636264646464645d605a5c
5452504b4e4c4d545656585957575956
4d413b5a6b778789838588816e635a58
4d4d4f5b5d5a56585656575654535454
5f5e606464635e514c555a57504e504e
5d6a69645b595d5c5f5d54545351504f
8e8b8690908c8b8d8c8b8c898d8d876a
8f8e8e8e8e908e8a8c8e8f929284888c
7f8886827e7f7e7f808487898886857c
8889898987878585847f80807e7a797f
81847f77787678787a7a7a848688888a
87898a8b8c8b8a89898a8b8a8a888584
888488868684828d8a9091948c8b8988
757378797d8183898786888989888e8d
67595c60666467696d6e797f8080817a
635d605e60615b5f635c5c5958636469
626263605c5b5c5d5e60616061616362
5f5e5f5c555252595b5f5f5f55596062
5c59585a5a555856595663605c5e5e60
5358585858595957595c5d5e5d5d5b5b
565450524f4d4c4d4f4b4a4a4b4b4c4d
4c52514e4f5354565754545655555657
524c4b484a4c4d4f504f4f4c4b4c4a4c
7e818180807e808483837d78725f5659
4d48404544444a4748586b7073737772
4549504f4f4e51525153535351514f4c
62616260535760605f605e625e5b5353
5f5f6262605d5a5a575a575754515656
616365656565646362626464605f5e5f
574853575559595c5c64625f5c5b5e5f
5f5e5f58575e5e60635f5c6263615f5d
6363625f5d5c5b5d62625e5e5d626362
645f5f62635d61626462626358575b66
575556524c4c53565657585754515252
49423b4b6a7686888581868275695b60
4e53544e535e5b595956525353515150
5f6164666355585658585a58514f4f51
5b6b6a686060605e5e5e5b5a57514c4d
8e8f8f8f978b898e8d8e8a838d8b896f
898d8e8f8e8d8a898e9091928e848c8c
788082817d7b7c7c8182827683827d7d
85848a878581808383847d827d7b7973
84858481828183848181838485848788
88898888898889878687878686858484
8a8785878a848c8c8f908c8c878a8988
7577757c7b808383858c8e8b88848c83
585957596567676a686e7c7b8481817d
64646263636566656664625f60625e59
6265615e5a5d5f5e5d5c5d5e61616463
61575458534b55575f63635a55575560
5e5a5958575c5b5d5958636162606261
51525a5b5a575a595f5a565c5d5d5e5e
514e49484c525551514e51504f4f4e50
4e534d4e4d545656555656565b5a5152
5048414a464d4f51505051504d4e4c4d
748282817f7f8181838280776d665559
42413d4441424848506673737b777871
464950504e494a484d5050524f4f4e46
6362585d6162525255585d5f58575454
63636362615e5a5b5b59575655535050
626364656566656565656665605c5762
5852575657575a5d6364646362616262
62615f5b5c5c5e6063636060625e5c5c
606467605f5f606161635f6364646462
5d6160635f5862626163625e5c5a5964
505757534d4e4c56575857544d4d5253
504e4f5969748186858288837c6d6751
505758535a5f5d5b5953535451514952
5f61626058575855505253594f515755
5a686d69635e5e555d605e595b595353
91918f8f9189898d8d8e8a878d8b8269
868c8d8c8f8d8d8e9091908f8f8e9191
7c7e7e7c7a7a7a7b807f7f807b75787c
8282847d7e7f807f7e7b79797d7b7778
7f817e7d7c7c7e7e7f7f7f7f7f7f8182
8886888887838384848382838282807f
9085858f8e878c8d8f8d8987817f8487
756f6c747b7f878c918f86888588898a
5759585a6667666568626774707c817c
6464636363636463666465645b585b59
646560606261615f63615e615e616363
5d5b5d5f594e57595f595858565e6059
5958575b5d5f60606161615f6061625f
55575252585e5e5f60565a5a5b535b5a
52504c494d4e4c535a564e4e4e525154
5454514e5357585857575b5b5c5b5655
514a474f4c515254545454524c4e4f4f
8073827d7c7e7f817c8081827e6b564a
434248474335494c5266757478767273
4a4a52514f4d49494d4d4e5453504d44
6461595b61605553545b5b5856545354
6161626262605e5f61605e5c5351504f
616565626565666363655f5e60596157
5a5a58585655585c63635a5a61646565
63615f5a615e5f616264636161605e4f
5f626562616161616063605e64655e62
585656585d5758595863635d5c606363
4f53554f4e4d4e57575857534d4c5356
5252546068737f8484867f757b715e58
565558565b51525855534d4c504c464f
585a615d57565a5552525059504e5b59
63666c646259565c5a5f5f5d5f5f5456
9392908f8e8e87878787888c8c85695a
808b8e909090919091908e8592929192
7b7c7c7b7b7b7a767a7a7c7c73717479
7a7a7a797b78777673737576797a7a7a
7e7a7a7e7e7b797878787a7a79777c7a
828082827d7d7e7a767d7d7d7775747e
8f89878987888d918f8d8983817f8081
757270787c80878e8d8e88898b8c8d8c
5b5c5860646364616063767b7d7b817b
605f626263635b5b5e6164605657615f
64625f5e5e61636162605f5e62645c5f
585a5b59575457585d5c595755626162
57595c5e62636162636162626363635d
5654595d59595f5f5a5b5c5e5b5c5d5b
4d524f535253505f5751535b50505355
595752535757575a585a5d5d5e5c5a58
4b504e4a505251545554515152525558
74807f7d7d7d7d7b7b7c7e86876f5f51
48484848464240494e655f7278737375
5254545354504d4b4d5153504d444549
625d5a5a59565254595c5c5c55565253
5e64635d5659586163615f5453535351
6161635a5a575f59575f615e5c565856
5159545a5c5d5e6161625c5863656262
636261615f5e61606164635c605f5b59
635e5d5c5b5c62636362615c62585b62
5559595c5e58535a595d626059646463
4d4a524e4e5150545256574d504f5357
514c506069768186838281797a745e52
59565a5a565654555451514e4f4c4b54
5d615d555557525655565c5b545a5b59
6a686261615c565c5e5f5f5561605852
908f8d8e8a83848786858a8a82796e63
928c8f8e8e908c8c918e8c8791908c8e
7677787976777777767b77746b6f747a
74757476757171707478797876767778
7c7c7c7b7779787778777574746f7575
6d6d7972807b7173757474766e707a7c
918f909092929191938e84817c777471
77767d7a8186898a8b8786848d8d8f91
63605f5d5b65676667727e848583817b
5a5755626260575c5d5d645d58596566
59555554535f5e6260615c5e5f5b5d5d
5c5c594e4956565b5a5e5e5e5e595857
5b5c54525f636164646362625f60625d
5554515759595e5d5a585759575d5a5a
5250535659595c615c5b5a554c51514e
5855514e535556585a5b5b5a5b5a5750
50474b4d454f50525553545455525559
7a7f7a7c7e7e7c7c7d80857f82766958
4e50504f4945414459656c6374747375
5656555452515250514d4e515152514b
615e56565657515858595d5b57545153
59595556585860645c5f615857585455
6163626261606161636362605a585858
534d4b595e605f60605f565864626262
63666160605f5f5f6364626061615f5e
635d5c5d5f6263636463635e57545554
5b5c5d5d5d585f5f605f5f5a57576162
4b485153534f53565655554c50525357
504c495b6b768388838383827e766352
59565856555158595753545353555454
5d635f5a5e5e5c5856535b5e5a5a4f55
5d62615d5c5c595a5f615d5d5f58574e
8a8e8c8a838688888b8d8c8c88807469
90868f8a8e8383918c89868d8e8b868e
7276767972737575757875706770727a
70767974767577787877707573737473
76756e6c696a6d757575757471717575
7073797b797673717374757475737678
91908e9294939191928d84827a6c6d6e
7a758081878b87838687828288888692
66635f5b5b666668646e808b8886817c
575255535051565a5b585c5853586668
585856555d60616061605e5f5d5a5c5b
5c5e534d494c5a5b60615f605b5b5955
5c5751565f656362636362626064625e
56525456555b5a5e5b5957545a5c595b
51505053595757595e5c595651515154
585551525354555a574f584e52565654
4f444b4d4b515053545454534d4a5659
8281817b807a7e7a7f8384807c736b5a
5251534f4a45474156646b647377747d
56545754525452505555534d514d5552
625f5a5859606156535151555654514f
59585757595760605d5e635952565556
62626364646463636160605e5a575857
534e505a5e5859595a575358625f6062
625d615a5b5b625d636160586060615e
62625f5d5d5d60626158565754565c5d
5c60625d59595c5b5a58565455575d59
5253555555545657564e53534f55545a
5151414b6b7582888584868a7f60664c
4e4c5655525155595655555352565755
5e5d5e5e5e5e5c5a565355605b514f4e
645a5e5c5e5f5c5e60555d5a58525654
8982818a878789898a8d8d8e8983776f
8e8d8d89888785868a8a8b8b86878683
737373736d6d73757373706c69706e75
73727472747579777776757473737465
72706d6f6d7275757575757573787772
6b656672727172707174747073757471
908e848992928d90918c837b7773706d
7a7b868a8a8c8c8d8c89898b8b8e9291
6463605f64656667676e80858582817d
5e5c5d5a555858585d62625f5b5e6163
565554595761606161615e5b6055595a
5456524f4d4c4c52565e60615c5d5958
5c5a58565e5e6360615f5c5e605b6361
585956545b5b5a59575859585b5a5d5c
50504d494d4b4b5151525a5958575b59
5755525353524e56564f4d4d4f575652
514c524c4f4c51515354525351544d58
807b7f7f7a7b7b7c7b82827c7c6a6d58
525253504d474b425162636471777a75
59554f4a4a5554565655494852525454
5f5f5c5c5b565e605e5b5b555753504f
585554575860585b61605e5054535d5e
515f636261646261605e5c5b56555657
554e55585a535458574f525e6163615f
64625e5858596160635d5754605f615d
5f5d5a5858555e626262605e58555f5d
5d5f616261605e59585857525354565e
5554565454555857504d58554e554f5c
43444e596e788184858687807b60664a
4e4c4c4b4a4655585858565850504e50
5d5f5e5d5c56524a4f52515653514e50
6760595a615f5c5e5d575c5f59535758
858d8e8e8a8986858c8e8e8b87817870
86868583848d8b8e8c89898687888c83
7575747573727575767776726f726f76
716f726f6a6f71787878787a77756e72
706f6e747271757676767675767b7974
7072726d717174737071737371737572
8a87848c908b8f90918d7e7e7a76726e
7b80888d8d8e91908d8c8f8e8e8e9292
59595e5b656666626970787a8587817b
6462615b5a5b595f6362646261655e63
5757555453605f60605c60595e585f62
5d5c5953505155535c61616262625c58
5b585356595f5f605f60615d5f5d6261
5c5e5e5b5b5c5a59595b5a5b5f5d5e5d
55535252504e4f4f504e4d544e4e5c5d
505052525453504d544e4a5153595557
4f4b4844524d524f4c4f4b4d56564e57
81817f7d767d7b79797e817f7b6c7152
54524b52504e4a44515e70727273777a
5955504c4954555658564e5052524a4a
5b5f5e5b55555a544d54565654535150
52525156554e54585d605c5452545f5d
61605e5a60625f605f5f5e5f5d595252
5355555957575857504b4e5261616163
64605e5c5b5e5f5f605e5a5c6160605c
5a5a5b58595f606464635e5e5b5a5e60
5b5d606563625e59585d5a5456595757
5957575455545656525457554e4d5158
454a5160696e7e8382888088745f5b4a
4f4f4c4b56565657585757565050504b
5f605d5d5b555453505152525251524e
6c625c54565e5d5b5a5f5d625c56585d
85888289868a878c8b8d88818a84786f
858586878683848a8e8d8c8886888a86
71717073716f6e776c7a787374737078
7372706f6c7778737276787876716c68
7473767576787473737476767a7d7475
70787774777775757474737271727678
8f898c90918e838f938d897f7470736f
82818389898384868a89898c90929292
615d5d6064676564686b6a7587888481
545454535a555b615e5c5c58575b6065
565653535e5760605d59585d5d565658
5f5c5650545654555d5e6063615f5b5c
4e4b525a60605f5e606060605f5a5c61
5c5f5e5b5a5b5a5d5c5e5e5f5e585e4e
4f53555657565754504f4e4e5059595a
505355515552514f4e4c4d4e565a5959
504a49505252525150504e5354524f51
8281807d7e76777b7f807b7d73697363
50514e4c504c4748505d7a777474797b
5355504d4c4c4e484c51505451514d54
5a606058555656575858525754514e4f
515257524e53575a595e5c565353595a
5f5d5d5d5e5f5a5b5a555354524e4d4f
585450585a5c5e5c5a58595d60605f5e
625e5e5e5b605f5e5e5f5c60605d5e5e
5f5f5c5657606264636362605c5d585d
4f5d61615c5a5b595955535a5555555d
595757555554555654595753514d514f
4c514e5d676e7b8484807f7d6f5a594e
4f4d4c4c4f565a59585b56505050534c
5e615f5f5c5a565451505251504f5150
6b66605b525a59525d585a595e57585d
888d8c888e8c8b8e8f8c83818d877a70
848b8a86848387858e8c8f8d82898688
767671736e737977766c777469736e74
737576767677797b7b797a78756f6d6c
707278797a726f6d777a79787a797272
737b7a78777875757575737375766f6c
928f8c8e8c878b8b8e8f8d8678777572
807f8088858484868a8b8a8b8f8f9395
605d6363636767666762637d89878581
57545254545b5b5a5959585d57565a61
5357555559575c5f5e5d575d56595758
545656554f5353555d5d6062605c565c
4d55595d5e5f5e5d5f5e5d5d5a59575d
5a5d5e5b5d5c585a5d5e605f5954534d
504b4e5457595b5a57545352514d4b4e
504f545554555757524e4e4c4f5d5b57
504e4f4f51515253524b4e5256515154
81807d7e747c7d8081807e7e76687462
5251524d4a494847515d78787678797a
505051504c4c4a4b4c4d4f4e4b4d4b53
5c5e5d56575a5b5c57504e4e4f4f4c4e
545958595a5e5f5d5c5b595855534f50
5d5d5d5e5e5a5b5a59575654585a5452
57555158545b5c5959575e615d59625b
5b5654545453515e5c5d605c605c5c5c
60615e5a5e60616161615f605c5c5a5e
585d5e5e595c5c56575653575454535a
58575856544a51525258544c4d4d534f
4e49565e69767f84887b757c75636257
5250575a574f4f4d51564f4d4f4f5147
5f5f605f5f5d5a5655565753514e5454
5c5a5b5a5a595e5e5d5c5d5e5c595a5a
9091908e8c87878f8b87898886848261
82868b8a8b8c8c8b8d908f8884878784
7778747573747a74706f727567737074
666e787978767b7c7c7e807b77757270
7674797977747277776f797979776969
747876777979776b767575757776746f
86868486868b908f87908c86847e7774
7f8081828385888a8c8c8a87908f9191
5d5c62626266655c636b717a888b8584
5a55535b575b585b57585a5d5d5a575b
59585d5d5c5d605f5c53555a5e62615a
575655534d484d5453585b5e5d575556
5a59565b595c5a57595e595759575759
595a4f5b5c5e5b585d5c64605b58564e
5652475052525350504f4d5252504c4f
55565758585959595751504e4f594e59
544e5051505053454f4e515152535655
7f7e7c7a7b7d7e7d808383807e75745b
4443464b4d4942404e5c75777b7b7d80
565553504d4c53514f504f4e4c484845
5c5555585a5b5c5c55534e4f534e4c4c
50585656575d5c5b595755545655535d
5d605c5b5c5b5c5d5c5959595a595553
59565455575a544e534f556159595c5c
56534e5454545e5e5f5b5e5e615e5d5b
60625f555451505455575a565457585d
5a5d5b5952504e5255585b5a55535256
4a49474645444e505154514f4c4c5356
4e50555e6d767e847e7888806d606457
4e4e5a5a575454545351504e5153514d
525f5f5f5f5e5e5a5451534f514e5656
6c6560575a5e5b5d535a595c58595551
8d838282817f808e8e8c867f89847068
7f8385818e8f8a8483918f8b87888b8b
78787876757679717271727466737073
6e717f7a7a787c7c7d7f7e78716e736b
6f6d797b797b7270747b807a7b786e67
79787575787371737776757576746d72
848685868b87888d8f8f8b86827a7377
83888a8b888884807f85838387848688
5f5f63636064686664646a7988898085
59555455565857575559585664625b5e
62625f6060615f606160616363646464
5b585552525052534e525d5c5a545d5f
5b59575c5e5c5b5b5b5d5b5756555458
5b575750525a595b5f5b5d69675d5e5c
57504c505154544f505150545451585a
5858575759595a5a5956585455565757
524c51514f504f535152514f50565857
80767a7374737e7f7a82838284806f5c
444b4942454946474e6273767c807d79
575354504d53565450504f4e4a484742
57565757595c5a5553545a5356504e4e
4c53534f4f5456594f5354525453545a
5e5e5d5b5c5c5d5d595a59565857544d
5a575250524d4d4d4c4f5b5f54575c5b
51535553585f5d5e5f5d5a5e5f5d5d5b
5d5a5654504e52515553555553545953
585b595351505155595b5b5b5655575a
4d4b4446454652525055544f4e535458
4751565d69747c827f81837f79666554
5b5b5a584d565758565151515655554d
585c5e5a5d5f5a58524f525351505559
6f675d575b5e5e5a5e5a5c5d59595653
84838282837e7c8d8d8c868a88807368
7d8883818f8e8b8684918f8c82878786
79797776727b837c78786d726f717076
6f7271737b7c7a7c7b7a747477747a75
6d747c717e7e6f7a7c7e7e6e6c726e6d
767879797978787a7978787878766970
87878889888f8d86878f8c8782747779
8a8a8d8e8a8485818686878787898788
62636164656468676762677c8689838a
5e5956555059585a5e60676664646362
636160626563615f5d63636365636262
5b53524c524e56585859595b56576364
5c5c5d5c5d5555545050585355545457
5958595355575d6160626b6d6a615d5d
494b4b515356565550504f5455575b5a
5354585859595859554c59585655584e
535252514e4c5353444d515353505757
74797d797c7c808182828283857c6f58
4c4e4c4b4f4b49454e62707877737a72
564b4752524c4f4f5251504f4b484a4b
58575255595d5d5a545a5c5256525050
5252525155534e52575652525054595d
5d5a585a5c57585c5d5b5b545655524f
565456524d4d4d4c51565a5a5a5a5d5c
4f53535a5c595050525755505f5e5a59
51555751555251515055555455565750
565754514c5259595a5c5d5a564f595a
4a4946464d4c53535352535050525252
444e595c68758082837f83847d735f55
5a5a5a585757585c5956555454534d49
57555451605d5b5a554e50555856585a
6e5e5a575f5e575b5d595a5855565a5a
8884848284868b8c8e8b8b8c7e7c846f
8284868b8e8f8f8d8e8b878988868988
7b787674787c7c7c796d6b7271726f77
72706b7a7a797a757877727279797475
787a7b7c77746c737b7472716c66736c
7c7c7d7e7879797b78777a7b79787775
888b8a898f8e89868c9080877f737b7e
868a808d8b838789898882878d898986
59555e5f6568636869697081868a8a8a
595e5a56595b5f626564676565656460
6363646163625f555463656262635e5c
585a5955544f495b5d5e5d5d57576464
5c5d5d5d5c5a5a5a5b5b5a5855585a5b
5151515758595c63676671716258555d
48464552555657565052565a5b5c5453
53515858595a5857585a5a5855575352
5755515051525251494f505355565656
7b7e807f7f8080828181818184737062
55544e47484744484f5f717a74727374
544c48514f4e4f4f5450504e494c4c4d
5c5c5554535d5d5c5c5b5b514f535050
555658595754525257565454595d5d5a
5e5c5c5a5c5b5e5b5d5c565054535552
57565755505051505354585c5d5b605f
5555555b525252555755525b5e5d5b5a
595a5856565253505b5d5c56555b595c
53544f4c585959535358575a54545a57
4e494851524e54525657555451515354
4f54616e6a777f858887858883776757
5c594f52545454585959575650555350
57555456585e5b5a5856525455555559
6a5352605f5e5c5d575752534f5a5a58
8c8a88868c88888d878e908889897f72
7d84818c85868687868687848987868c
79767778766e7976706e6f7072737075
6e716d77817a7a787676767676757274
7a7a77767677717b7d78797676727274
7d7a717575767877767675737a777877
878e8d87918a8786909289867d787c7d
878b8c8b8d8d8c8f8f8b8a8d918c8787
616263646166676968636b7581868587
615456595d5f5f676865666765676763
6161635e5f5e5e616364626264626160
55545657544a555f625f5a5a54545559
5951585a5b5d5e5f5e5c5a5854585b5a
4d4e4e5a5a595b5e6767746f605c5759
4c525453545557595450575a59555251
4f534f4e5756534c4c4d545a5c544f49
58554d50555455515154535555555253
7e7f7d7778788082828082847b75705e
4a524c484a48424348657475716f7474
504d4c51514e50524f514f4e47494546
5d5b59595c5c5d5c59584f4d57524e4e
5857595a59575556595b5a575c5c5e5c
5d605e5e6363605e5d59565252525451
555a5e5e5a5657585a5b5c5b5e5f605d
5e595a59585657545a56565d5e5f5c56
58505a5a5858565654585c5a565b575f
565755525c5c5a5356575756555a575c
575250454f5355555656565555555557
4f575b666976858884878685857c6d5f
5d5955565457535a5858575653525553
545a59585a5a5b5c5a59505256565659
6a5f555a5a5c5d5c5b56535557595856
8a8886868684868b8b88888c8c867d7a
7e8485898a848485848281838884858b
767776777675786f6d71736872737172
6b75787670737676747575727072706f
7b7a7a777674707c8888827d7c777078
7d787475747574747476757478777979
898f9092918f8f919390837d807b797d
85898d8d848f8e8f8c87868a918d8786
636565646665625f65666c7881828488
605656565d6164666665656665666664
616060625b58585560615e5e5f636162
53535657504a585d605656595655575e
534c585c5d5c5d5c5c5b5b585a5a5c5b
4f4e4e5a56595b606c726b6c6c5d554e
5050545356565a5a5653565a5b54504d
4c4d5458564e51514e53515853514f4f
5a524d51525154535352555550514a4e
7d777576778082807f7b7c817d756f60
4e443c3e423d3b434756797773737173
4f4e4e514f4e525254544f4d484a494c
585857545556555d5c5c5c5a59544e50
58595c5a5b545757595b60635b5e5d5c
5d6366576162625f5961605553515154
5a5c5c575455535a54535e5d5d605f5e
605d5252585c5b5b595856545b5e5e5a
565b5a595a58534f5259575359545760
5a5b5a5c5f5e5958585a59585a585c5b
56504b4d51545355525457585857595a
525354586a76748380868a90897a7566
5d56555054555a595a55524b4f4e4d52
5353515055595a5c5b535558575a575e
5e615b5255555d5d5d59575956565450
888b8481858583878787898b89877571
7f848482848b8886828181888b868a87
7777787877776a686561606671737170
6e6b746f737475767875737170707374
797f7c797a7376767c767c7973707272
7775747977787979797478797c7f7e78
909191909090918f8b8482806f797979
878a898682808f8f81868a878e8d8989
635f5b62615e5c5e61616a748181808a
5e555655546262636365656563666463
616161615b5858585d5c5c5f5e575654
5253565352505d5e5d5757585759595c
53575858505d5d5b5b5a535858585a53
4d4f5a5a575d5c61706b5c69645e5653
4d4a50545457504d5557574f50534f4c
4c4e56585751484c5255545852525554
52564e53514248494a515353534e4a49
717676737a7f817f7d81817d7c756c5f
473d4042444948465470837971737172
48494b5355555655565552515252514d
4c5157555957545c5d5b5b5b58554d4f
545a59595555575851525a60625f5e50
5d61585956606261595c615655514f51
5f5e56565356565a575f605f5e5f5d5e
615e58555d5f5f5b5a5a565652595e5e
5657585a59555251585b5b5355575b60
57585b5b5d5c5d5d5b5c5b5c5c5c5d5b
5a545156565454534f5859595a5b5c59
4b50596065707b81858685898a817c71
51515155565a56575853514b514e454f
585857555b5d5b5a5a595c5b5258504d
6f645d585657585c5d5d5c5b59585356
87888784878885888a88887f8884756c
7f8289898b8d85858485828d8e8d8b8a
76777878776b6a69686c6c7171736f71
6e71747575767677777572716d717776
7478797577727279767a796f656f7673
7976747a7979797b7878797a7a797478
919290908491908c8785877f70696f7a
8a8184888882898c88868d8f918f8b8a
605f5f61605c5d5f6465717a81858589
524e4e50525e5f626162626162616161
5a5860605b585a565655505252535254
5653524d525059565451575754575b5b
4b4e4b4f4e554f50515252514d4f5654
504f505b5a5f5f6266637168625e564c
524e4e55565753575a5b5a5b5d575551
46494857554b4b585758575857595555
4d564f534f4949494a4b5156544f4949
71777574778081817f82807e7c75685f
48414241404a4b3f52667b7471717172
49484c4d535657575655544f50525552
504f55575759575251595a5358555151
505758585857575553525b5c5f5d5951
5f58585c5c61615f62636056554f4551
625f5b5a5a5b605f5f5f6060605e5b5f
606057535d5e5f5b5d5d5b5b575a5d56
595c5a5a58525055565c5c5858595d5f
5a5c5b5c5b5c5d5d5b5b5a5d5c595957
554e4b5556534a56585b5a5a5a5b5c5a
47535b5a58717c828388857d8881786c
5353565b5d5c5557524f4c4a46484843
5e5d5d5d5e5d5e5d5c5f5f5e5a5a5553
6e5b5f5757595e5e5d5d5b5a585c5d5d
87908c898a8b8c8d8c8a898187847e74
87898a8a868a87848884898e90908d8a
78777878747071757770727171726f75
6e76767673736e6e6b6e6d69666e7177
787979797873747677797c7570717772
75747a7c7a7a77787a78787b7a797570
8b8d8e8e83908f84868d8a7d736b6f6b
898183898883898b87849090908f8e90
5f5f606161605e5f60646e788189898a
505552525b5b585f605f606160616260
555c5f5e5e5c56565555555553535453
5a5851544e4d514e5453525657555655
4c4d5051514f4f4b4b4d4d4e504e5659
4f4d525b5b5f60606674716a5f5c5150
555454585e5a57585b5a5b5a5d5a5853
50504754554f4d4d51565451515c5956
59545152525051505254575756524a48
7574757475728382817f7d7f7d766861
4349494745464e41435d6d7371717177
48474a4f565658535655554f504d4c42
57535355595b5b5d5b5b5a5854524d4d
504e5952585757514c4f57555655555a
514f4f576062615d5f635b54534c494f
605e575b5d5f615b5853535c5e605d59
5f615a56565b5a5a5d5d5c525e5c5c60
5b5958585656525752595d58595a5a5a
585c5b5a5d5e5c5a585a5c5b5c5a585c
514d4b58564f4d515a5a5a5c5c5b5759
4e4f5551596e787d7d82837d7969595c
5453565c5e5b585755514b49474d5049
626262615f5d5f5f5f6160595d5c5b58
6b605c5a585d616061625e585a646161
84898b81848d8d8d898c8b898b888177
83858980848b838388888e91928f8d87
78786f6f6e6c68696d6b717372716f77
70716e656a71666767635e636f767877
7c7e7e6f797878797a7c7a726f7b7765
7a767a78747178777877777978777377
8e8c8c8e8e9088858d8e8b7d76717477
8083878c8a818388868c9191908f8e90
5e5d5d5d5c5d5e5d606e787882848587
4c4c4b5458595b5d5d5e5f5e5f5e5f5f
5c5d5d5e5b5d5c5b5a5b5e5a5550514d
5859595952514c50515054555555595a
4a4b4d4e4f4e4d4d4b4c4d4e5656565a
4f52525b5e5e5d5f646a5e615b594b49
56545453575754555b5a595a5c595656
5450525453514f5056575756575c5b54
56535252525353535456565657535155
797a7574757f7b82818281817e766961
524f4d493c3d4b4347546d777071747c
4f4d4e52534d5b56564e5052514e4744
59565350535e59534e4c4d5352514c4b
505a5755515654545154585a56575959
514f535861625f5f5f5b505352514f52
5a585f5f605b56525250625f51505957
615e55535352535e605f5e5f5f5f5f61
5c5c565957554f5353525655595a5a59
525d5c5c5c5a59595a5a5b5d5c5a555e
4c4b545052535655505a5c5d4f504e52
4a5052565e6b6f76747b7a786e6b5951
595c585f5f545952595855504a4b4e4c
605f61606163635d646458585f605e5d
6e68605c5b5b626162615f5f5f616360
848c8a8584818a878a8c8c8c8a8a8378
8286828b8c8883868b8a8b8d92918e89
7a7b7a6c6b6968757b84656873726f76
77786f7176757372717172747987827a
7c7a7978717573777674776c76777074
7673747578797876757777707877756e
90898a858386888d8d8d90827c757676
7e888788857f83838489908f8c8c9091
5d5d5c595e5d5b5b5f6671788281827c
5253585859595957575d5d5d5c5a5b5e
5d5b5b555c5b5c5b5a5b5e5d4e505757
54595957554e5153575758595a5b5c5b
4c4f5052504e4d4c4b4a4d5458585553
5252555d5e565c606466605d5d594948
433a404043454d555353545655565652
54555455514c494e4f4f51575a5e624f
4f545152525454545252535454545055
737d7775747b7f8078827f8081736c65
514e434d4b49483f425666707271777c
505150534f5158575652535352504852
59585559595b595958554f54534e4c4d
4f534f4f53575750595a5a595757585a
55525655585f57595d585c5b56534f52
5c5a5f5f605e5c5a575b5c5453525a5b
5757565451585e5e5858565d5b5e5f5e
5f595658595848505255585758595a5a
5a5c5c5d5c5b5b5b5a5a5a5b5c5c5e5d
4d504b4e4d534d57595b5b5c5a585358
5051505058656d787979726a6e616250
565a5b5e5e5d5e5e5e5f5c534d4d4c51
5f5d5c605e5b6161685e5b5c62615b58
716b6564616363626465605e61616361
8482898786868984888c8d8b7d7a8277
84898b8b848283848a8c8d8e8d928f8c
7779716a6e6b73717677706e73726f74
7d7a717173757d767e7a76797a847978
796f6f6f716c7576757371717a707477
797373767a7b7b7a7779787777747578
918f8f908f8f8e8e8d8f8e827d797979
7c8a888b8a868483898f908f88878a84
58565754595757595d606a788281807f
5454585857595856545c5c5c5a555b59
5a5552535b5c5b5a5b5a5b5956565053
595a595656555357595a5b5b5e5c5750
50535355565655514d4b4c5758565356
505052545a5c6065665d575b5c574b4e
524c4946464853565252545553545654
5454534c484a4a48484f4f5256565552
37404247434341414545515252505052
817f777674777b8081838380847e795d
514d464c4b4b473a3b58626e707c747e
4e5253505254575755534f5352525152
595b51585c5d5b5c5b5754524e4d4d4d
50574e4d545451514e4f5a59585a5957
565151595d5e5d535d5f574f49494d4f
5a575859615f5e5d5c5c5b5753535455
58575757575e605b5958585e5e585558
59595757564f4f525557565553545d59
5b59585d5e59545a5250565c5c5c5b5c
4a474f504f52535052545e5d5c5a5a56
545149455d5d6365656d6f6a6c68604f
5a5d585f5f5e5f5e5f5d5b514d4e4c46
52565651525a58516054546161625d53
726a676765636261626461625e595d5a
82838b88858e8986898d8c8885848577
8688898b8a878884858588838a8b908c
726a70746f6c77756d75726e74736f71
7271727475787c7b7a7d74726f767773
7a766f6e707170797878787a72716f7d
7978757a797e7d7b7979797576757e80
928683919191908f8c928f867e7c7c7b
818888898b8882848387878c8a87858e
5855575a5a5657575e59617a8281817f
514f5553595853535354595b5b575958
4c525355585c5c5b5a57545758565453
595857504d5457585858595753515052
52535556595a58524a4a525448555758
535456575257595f5b575b4b4e535050
52504d4e4e4d4e54504d515253525351
51484d4d49494b494950505252524f53
3b42444647454244484a504f51505150
7f7a7c7673757e818284837b808c7556
4a3f43464d4c4d4046557075737d7682
4f5555545359585755535352534f4b4f
575450585b5a5b5b5a5a585853504e4b
5757534e5254524e5058595a5b5a5b57
52545c61605d59575b5e5e5a584f4b54
5e5d5e5d5b5d56565c4f545355535356
5b5856585c60595959575b5e5c565f5d
5a575959574f4e5456575655545f5f5c
544d4d56555550525251585d5c5a5b53
4c4a4f5052534f5153555e5e5d595154
535149494d515b625e60605f6d6a5b50
535553605f5e5c595554554d4f515054
565756555855555857565c6060615f56
71686667656162616364625a5a5b5e52
898e858d908f8a878788888888878579
878c8c81848c8a87868485838a8a8f8d
737273757574777374746e696f746f73
756b6a73786b686a767c777375787878
7b747176767676747079787772777a7b
7b7977757a7a72767778767475787779
918c87878b8e908e8b90847e7b7d7f7c
868989888b848381848e898d898b8d92
585b535a575a5a5a5d64647b817f8b89
4a54575153565257575453525c5c5a51
5256525b54595b5b5852525b5a59554f
56565150514d4c59595958525250504f
4f4f4d575a5955564e4e534e55575958
51505755525a595b605e5a504e495250
49484646454951504f4e525251515251
4b4d4d4a49454a4c504f5151504f524f
474a494d504d4d484a4e4d4e4b474a4d
797c7d7675737e7b7d80827e7a7c675c
4a4445424d4d4945455d7176737a7583
565757575757565552555552534d4344
53595a585b565353505a5b5a55524f4e
4b525254524f515558595b5c5d5b5252
575d6063625c5b5e5a5a5e5e58544e4c
5f5f5f5e5d585558605d555658545155
585c5c5c5c5f5a5b595e5e5a59585f5e
5c5c5a5958565555575858595f605d55
514f57575650515153545c5c5b5a534d
45444850515554525557575753545252
53504a47404e5658585b5663645f5751
5552535e5e5d5b5957595c5552555353
555558595652565754565d565f60605a
696261686462626261625f5e5a5a5656
858882838b868788858886898a8a8578
878a8e8e8e8f8d898787878a8a8b8c89
746e737b817c797976757a706d747471
77747578756e6c71777c7b7c837e7c7e
787676767773787671797d78757a7d7e
787771726f6b6d666168707478777b7b
908a87888b8c8d8f8987857e7c797e7a
898684848d8d8e8e8d8c8d8e8b8b9292
5f5d5d5d5e5e5e5d5d565d737a7f8d90
5356535156575553595a5a5b5c5c5159
5056575b585b5d5c58595b5e5e5c5552
575452504e555859595a58534e4f5051
4e535659505054524e4a4f4954575958
4f4c4d52535b5e646662595657555351
4744434345474e494c4d4f4e494e4e50
4a4a4a494c4d4c4e4f5153524c4f4b4c
3f4345424e474548464a4c46464a4645
7778767874747e7e787f81807d7f7055
4c494c4e4d424042455a726f79747b75
5556544f555752534f53524e524f494e
56565a5c5b57545253595c5b53504d4c
58595a564e54595b5a5555505152504e
5a5c62625c59585d5e6063574a575754
5c5c5c5d5b58555c605d58555b565257
5a5e5d5e605e5859605f5e5c5b5c5b5d
5a5b5a57555a565758585d6061615c59
545655575552535556575c5b5c584e4f
48525353565754535958505554555351
5144414748464c4f52544e585956514d
5957504e585557575557585956565656
58595756535356565354555962635f5d
6f6a68666563636261625e5f5d5b575a
83828185838789898686888a8b8a8576
878c8c8e918f8e8a8987888a8a8b8b85
74757678747679796e706c6c616c6e73
7773737574717075727c7d7e7c7c7e75
706f71757575777776747b7c78717d7d
7875736d6e6a6b6a696d7777787d7c78
8f8b888985868b8a8a8986807e7b7d79
8b8a8a8d8a8593918f8e8f90908f9090
5d615e5f616161605a5b6b797c869092
5356565759605c59585e605c5d5b5a5d
545a5d5d5c5f5e5d5c5b5f575e5e5854
545856545151525758505a5757545653
4f535151524f5654535050504a585654
4d4b4a545759605f64625d5858534b52
464344464a4e504e4b474b4d4e534e4d
4b4c4a4c504f4c4e4c474844494c4847
434b44434c48454a47494a4744444647
7676777777777e7c7b7e8382847f6c56
4e4d4e4e4b474644465b6c6f79797b7a
57545154505051505152514b4c4c4c4f
4d4d595b575554565959555252504f4f
5a5959504f575a5a595252525252504f
5c5c5a615b555e5d5f60565b514e544a
5d5c5c5b5d5a51516060605f5b575654
5c5b5c5c605d5b5c5e5c5e5d5d5d5c5c
5b585a545358534f534f5c5c5d5c5c59
57544f5155585a595957555b5a525251
46545454575854535a59595553545459
4f45404a45414c4d52514e51524b4d48
5e585250535c5e5b5b5c5e5d56575756
605c57565755545656565b60575b565b
6e6b676565605f6260616163615f5f5b
8081848382808a8a8a87888a8a827d75
86807f8b908984868586868a898a8381
73777a7a777b786d71767a7270717275
787b797b78777779787673756d767171
7c7b776f747575767876767473707375
787678726f6e6f70767973797d817e7b
898a8686878b8c8e8b8a8a84817f7d6f
8c8b8b8c888190918f908e9092908c8c
5a5f605f6060626160646d77838d9191
5255585861605f5d5b5a5b5d5b595354
5f5f585c6060625f5b5c5d5e625f5751
585b585658565559565154515d59595c
53535456555758585752525252534f4d
48495257545a5b5c62564e4e5b544e53
454546484a4d4f4e4e47444c4e55524c
514d49494f464b4c4b4b4c4b4b494746
54504b4548474a49484a48494848484e
75767672727b7c7b7a7c82838480685a
4d4742504d494843515a6e767b7c7877
53524f4a455051525454504c4f4e4e4f
4f58585b5c554f5357534d51504d4d4d
54575855575b554c5451504f53545655
5f6160615f5f5f5f5c5a5254504c514b
5e5d5d5c5d5d54536161616056565455
5a5b5b5b5d5c5b56545d5b605c5b5a5f
5a5658565855545455595a555d5c575d
5a5051545457585b575255514e4d4f53
444c5454555452555c5a5a565456585c
4f514e4a41434849494a4e4d4c4b4c46
605b56565b565c5a5856595552515753
605858565856555657575e6058595d60
6c6b676464615d5c58586363605c5a61
7f858583888c8c8a8a888a8c89837d7c
8482818a8e8485878585888f88898180
767876777778716c697c827274726e74
7b7f7a7275746b6c70706d7379787570
6f72767473716f727676747778787877
797778797576757777767778797a7673
8a8787858c8c8d8c8d8b8b88847f7970
848b8c8c85898a818b8d8e90908f8482
5556525554605f5f6363637283898a87
585555595e62625f5b5b5b5e5c545555
5e615c5d625d626160605f605f5e5658
595d5d595d5c5a5c5c5b585357595f62
5455555558555b5a5a57565758505253
494a5457586161605f59565e5a565456
4745474a4b4f4f4e4a47444f4f4d4f4c
494d4b494e525353535251504f4b4b4b
585250494346444a424b4b4c4b494a52
7a77737a7f7e7c7c7a7d7c7e817c6d62
4a4642494e494d464f6375787b7d7a7c
514d4c46454a545255534c5253545251
5a5b4c5051514d4e5755554f4d4d4d4d
53504e5356575652514c565652555955
60605e5e5e5e5e5d5953504a4b494d53
5e5c5c5e535755545956555c54565352
5556585c5b5b58535f5e625b5454565e
5759575755595456555455575e5d5c51
534f56525555534e4e544f4c4e4e4f4d
42444e4a4848494b565755585758585a
4d544c463e3c414b4c50504d4a4a4a42
605e59565a5c5f5e5c5c5b5754525755
5b5c5858575656595a5f5f595c5c6060
6a615f5b5f5b565356595762615f5c53
84878886878d8c8b8a8b8c8b8985817c
85868b8d8f8c8c8c8e8f8e8f8f8c8180
797878787271726a6c6e787774727279
817c767371757877717476777c797372
7d6c767479747373767f8076767a7a7c
78766d7273726f6b6d757874787a7b73
868585858d8c8a8b8b8d8d88827d7879
85898d8d90908f8d8f8e8f8e92908683
56545157565c5e5f60615c8286868a88
565459595b5f615b5e60615f5d535354
64626060635f60606161605f61615f5d
545556585a575e605c5b5b5c5f5f6264
56565853595a5c5a5a5555575d535558
4a4e57585c5d605f6260625f5b565155
434648484b4a4b515155514e52514b4a
474c4e4c4a545556545452504e494f4c
5951534e49434f45404948494d474a4b
7e7c797482807f7e7a7e81807575655d
4b484c474643494a42626f6c7a7c7f80
504f4d4c474b514b4d47494855555453
585551545154565a5a595a554f524b4a
4e5652565053505058595958524f5359
60605e5e5e5b5e5d5a57534e46484e4c
5d5c5c58525456585957575554565654
585b5b5b5a5d5d5f605f5d595c545a5e
57575855564f5056565756585e5e5959
514e4e5251565759575858554f4d4e50
43484a4a4847494a494a484747484e4f
56464a433a3f44484946474341484942
615e5d5d595557595b5d5a5253525752
605b59595a5a585b5d5d5e595c576360
6864655f5c5a5654545f5e5a5c5a5d5d
89858586888f8d8b888a8b897c837c73
898b8c8d8f8c818091908b89908c8480
7d7d7a77747576746f727e777072737b
797770747a7d7977737676777b796d6e
6f7475787d7e7b787a7877716a726c77
7877757474707273757878787a6f7171
8c8a8c8c8b8e8b888788908a857f7679
8a8d8d8d8e8f8f8e8e8e8e8f928e8581
585651585a5e5e5e5f656d8389888a8c
555457595d5f5e606463655d5a5a5a5b
656363605f61615e5c6062606061675f
59595b585b5d61615d5e5f5b62616164
5355585a555a5c5c5e5d5a5c5b545052
5253575a5b5c5f5a605d66615c575551
444746484c4b505554535051524d4e52
494c4a4e53555654545452504f494a49
505257524b45473f4d4b4c494849494a
817f7c7678767e7f7d7c827c7a79645f
50504e4f4c4c4d48465d5f67797a8182
5251504b494c4e4e4d4c4c5757565554
534c57585a5a5a59595a5a544f4d4b4b
4e4f4d504f585a5a5b5b5a59574f5854
61605f5f5d5e5e5d5a57514c4946494f
575c5b4e5252585e5d5b585355565555
58585b595a6261605f5f5c5a5c595858
575859585756505053514f53575b5959
534e4c555659585c5a5b5b574d4e4e4f
464c4e4c4d4b4c4f4c4c4944494b5050
4a473b3e3b424247444a4941484d4442
605b5e5f595a565c5a5c5a5353535053
53585a5255555a5f5b5b5e5559606160
6c6366655f5b57535a5f605f5c5b5d5a
8885848486908d8b898b8b807f827a72
8a8c8c848b8482908e8f8d85918b8483
7c787a7b7c7d7d7a767175717170727c
7676707c7e7f7a7a7679787c7a797271
77797b7a797a7a7b79767c7b757a7b6f
7777727776777574787a7a7a7971716e
8f8f8d8c908e8c8a8987837e857d7876
878d8b8e8d8c90908f90928f918d8380
5d575d62615f5e5e5e6a717d747d8e8d
474550575c5d54636f65686558575d5b
6060605f605f60605e62615e5e5f6457
595b5b595a5f5f5e5e5f5f5f5f58615e
535059585b5b5d605f5e5d5956525054
535558595d5c5d585d61616159535250
514f505051504c4b5354544c54535454
4d4f4f4f4e55565454504f54524c464a
54525a554e484943464b4c4a474d4f50
767f79787576747d807f827a7f7c6f63
55565153514d4a494650637278797377
5350414548494c505253535554575354
52504f4f54555454545859564c4a4a4a
554f51514f5b5b5c575b5a5a5751534c
615f5f5f5e5d584f5b58534e49484a4f
59565b55545b6261605f5d595657555a
4e59555b616362615a5d5d5d5c5d5958
58575258595653505151515353535557
535353555858585d59595a544e4e4f51
434949464548474b4a4749474b4e5152
4e4c49423e4041484b4948483e4a3e40
5f5f5d5a5c5c5b59575c555554545250
5c605c51505a5e5f5c605f5c5c626060
6760656664605a545f616262605f5e60
898887888e8e8d8a868b8b86877f7974
878a8386888585888b878d82938a8181
797b7978746e7977767571737271727a
7b7872767c7c7871797678767576726f
777c7a797979777b7c787776777a7d7a
7a77777476787a7b7c7b797879777675
8d858483838e8b87878b8a88817e7c7a
8c8b8a918f8d9291908e8f90908d8281
5e5b626565605e555c6570787689898d
49415458595859607664676866615e5c
5e555a55605d5f6262635f5d5c58594e
585d5d595b5d5c5b5f5f5f5d625d5c5d
565155565b5e5f5d5c5b595655505156
5557595a5d5c5d5f6061615c58545051
5253514f52514f4d50565556524e5858
52504f504954565656595656514d4b48
5a555858534e4e4a474c4e4f51525453
78757675767e807f7e737b7c82837465
535455544f4a4a424956626a757a7975
524744434a4b4d5557554d58554b5250
4f4e4e4b4b4a494b4b4b4d564f4c4a49
4d5252525e5c5b5b5c5c595752505250
5d5e615f5f5e5c5c5c58534e4b494d4a
5b5b4e575b5b54565a5b575d59565655
5a595b5a5f5f5f5d5d5d5c5d5d5d5955
575656585957524f50514d5452555659
54534f4e4c4e4b4d4b4d52534c4c4f54
45454749474a4a4d4a454c4753545556
4248433e3d3f434c4f4d4c4e4f4b453a
5e5d53595a5d5b575155575656565352
5857545254575d5d5c585e605e605f5d
6461666464636163646563635e5a5b5d
8c8b8c8b8e8f8f8a858a8b887e7a746e
87838389828388858a8c8e9092898285
6d706d6f6f7a7a7a7a787a7672717179
75777c787974767a7a75796b76766f6a
7c7c7c7b7d7e7e7c7b7b797a7b7b7972
7d7b7c7b7a79767d7d7c72797b7a7879
8e868580828281898c8c89887f7d7b7d
8b8a7c938f8e908f8f8c8e90918e8383
6462635d60615f5f5f5b67677a7c858e
4f4f5359535f6867626968685d626464
545758565f5f5e6162625d5c5b595655
5e5e5f5c565d5059565e5e5853575856
59595858595e5f605e5a595554525854
5059595a57595c5f605f5c5551505257
4a4c4e51525350515355555352514f52
4e4f504f535357555859554b494d4c4a
5b56535754514f4a474c494e52525350
7375737373767e7e7a7f7f77757f7665
5352554e504d49414c546e6f72767472
50494541464751515756544e4c495454
504e4c4e4b4a494d4c4b4a56524d4848
4c51525a5b5b5b5c5a565a54514e5353
5859574e5d5d5d5b5b59514d4f52514f
555055594c504c505a5a5d545b595455
5c59575b5b5c5c5c5c5b5b5e5d5a5350
5657545757524e4a4a4a4c5453565656
54524d4c534c4a494a4c4d4d49494c49
4a49444245494d4d49434b5051525254
4c4b453f3f43474e52535250504a4949
5c5c55505c5c5b575353575354544743
5a615853545554575c5d60605d5f5f5c
6c6c665764646260565c635d5b5b5654
8e8d8b8c8a908f8685868d8a867f736b
8184898688898684878c8f908b837f7f
74727071717b7b7b7a7b7d7b73746f77
7d7b747f747d797a7d7777747a797575
7c7d777975747d7c7b7a797a7b7c787c
7a7b7c7778716b6f756e6e7b79797679
8b898382828c88878b8b8d84787d7a7b
83797d858682848281828e8d908a868f
636364605e60525252636d7480848685
555355555f676b6c6c6d676262666a64
585858575e5c5d5b5e5c5659565a5a59
5f605b5c5c56515a5f5e5e5a59555856
5955505350505f605d5a5b5753555858
4f575e5b59585a5c615e585451505258
4a4e4f50535250515356565248505254
4a49515154535652544a5552514b4c4e
595752534f4f4b45484a4a5152524b47
7d7b76747377787778807b7d797f7665
5353504c4b4b46404a54656b6e73727d
484b4143454b4e5757504f544f505654
4e4a4f4d4a4a4e4f504a45524d4b4546
5256575956565653555a595553525253
59575a5a54545b5a544e50505052534b
5558564d4e4f4f575552595a5b545957
5c5a5a5955525b5b5b5a5b5b5c5a5656
595558544e4f4b4a4b4d515557585b5b
4c4f504e525150504d484a4949494948
494946474b4f52504b484a504f505251
4a4945433f43464c4f5055504c494a4a
55515150515251514d4b4d485552484d
57575452545758565d5e5d5c5e5e5d5d
706c5a575f5f5b565a5c5c595e5d5861
848483828181807b84888a7f8a837879
7d838c8a8683817e8383848383817f7e
6e6e707270707b7b7b7e7a7871716d76
807c7a7e7e727d777d7975747a756f6e
727677726b6d6d6d6f686f6e75767a7f
727b7b796e706f756b6e7b7e7b787770
858786848a8e8c8d8a888b8581787a7a
7d7a85818181838181908f8487848e8e
5b58565755585b564f586d767f838484
564e5055626a6f6e6d6c69645e67716d
5c5d5c5e605c58585b595c5a53595c5b
5c5d585d5c58565c605f615a595a5a5d
555457575a5b4f5c574e5b5157525056
50555b5953585a5a605c585351535756
4e4e4c53535153534a4a4b4e4a4d5555
4d5051515456544f4c4d5554514e4c4c
5c5858554f4847464a4b4e514f51504f
81807c79787a7a7b7d807f7e80757266
484a494847453e3a4049596670737d7f
4f4c4943494a5156544f504f51504b4c
51565555555455544b47474543424245
57565557575555515659575754515452
524f5057555a5b5a4d4b524e534e4d4a
5b59504f5053535957555a5c58535a5a
595558565452515b5b5a5a5959585656
5556544e4e4d4c4a4854555753555d5b
4e4c5051505252504c4f4d4c4b4a4845
4a4847454b4c44434d4a4a4b4c4e514d
49443d3f3c3f474b4d505250494a403e
4f504e4e4d494c4d4d48484853524e4c
58555253545558565d5f5f5d595c524f
71635959605f5b545b5e5c5e61606161
8382808082807f7b86867f7f8a878278
7b818d8b848081818083828683828381
6f706f6e737776756e7c7b7971727078
747b767670747b7b787877707b716c6c
7879776e6d6d6e6f6f7274767a78727b
757f827d74757c7c7a7b7a7b7b7a797a
8689898b8e8f8e8d89888c86807b7a7a
8389878685827f8184908f8987838384
5d595657515b5e595659657a82818382
585250565b6067696a6b696a686c7469
5c5d5c5e5f5d5a585b5a5c58555c5e5c
5c595b555c545b5c595d5f5a5c5b5b5b
5251555a5a595455545253574d505654
5355575355575c5b5c5b5b5551505256
55535352525456524c4d495052565556
4f4f5051505654504b5053534e4f4f51
5a575a4f443f4e494c4b4f4e4f525352
81817f7c7c7e7e7d7e807f7d82777666
494948464541433e3e48566371747e7d
544e4a43484c4f56514b4e4d54504d4b
535250514a54534d514f4f4b43434342
56505555545251505655545756555454
515254565a5c584f4e4e524f4f4c4d4e
57565252555959504f4e4d4b5050584f
47514f5452504e52494e58565858575a
4b5554504d4d494b534f4d4c4a4c4c50
4d5046494d4e50514847444947474b4c
3b463d3f4143403e47494b4b49494d4c
4a403d3c3739444848454644403f3f3d
55555653525352514b494a49524d4b4c
5d5a5453555857605e5d5c57585a5653
726a615e545a565f605a5e6362626062
8a89868888898c8a8886888b8b87817c
81808c8687858481818586848280888a
7373727a7c7b776d717a7e7b71717077
7a7779737e7d797b7b76777a7b77746e
7878766f717175717271777971777b7c
76787b7d7d7c727d7c7c7e7d76777d7a
8a8f8f8f8e8e8c8b888b887e7a797a79
8889878a8e8780868b8f8e8a89868384
6058555959565d5f5d57687079808788
555353565a6365696e6868666e6f635b
5b5d6059645c5d5c5b5d5c585d5e565a
595b5a54545b5751585c5a575859495b
534d4f545b574f50514e585356545351
4d51525756595b5c5a585552514d4d57
55545352525257514a49515453544a55
504e4f5254565654504e534e4b4b4e4f
5f5555544a404e494a4a4d5152555355
80807f7f7f807f8082817c7c827d7262
494947454c4845404c4a5363777c7d80
55504d47434a4c55534d4e5453504b45
555250534f5453515051524d46434240
5454544e4e4e4e565757545656555555
505359595a5b59555152504e4d485353
56575353585754514e4d4c4b4b4e4a4b
4c494f53504d494e4a524e5456565757
545352514e4749494c45464948484849
4e504b4c4c4f4f4e4b4a4e4c4c4b4d4c
3d3d403e4442464948494d4d4b4b4d4c
48433e3c393e4444474543413e3c3d3c
5857595958565655504e484c4c4b4c4c
59554d5359585252505c5a595b595656
716b635f5b5f575e5f5e5d61605a585c
908f8a8a8c8a8b8a8888888987898378
7f7e808386868b898b8a8a85848c8e8e
7475767a7978757073787c7c74717579
7b7a787777797d7b7978797b7c787071
74787a797a787675757e807c747a7b7c
7a7b797a7c7d7b7c7d7a7879797b7978
8b8a8b908e8e8c898c8c8684807c797a
8889867f81858a8c908d8b8782868588
695d5b5e5f5f616061606775807c8a89
4e5151576668676c676a6260675e6765
5b5a5d5959595b5d5c5d5d5c5f5c5857
5a5a5a56515d5b555a575552584e465d
57514f555a584e50524f545753514f53
4c504f504d4d4d4e585454564f4c4e55
54545451525256535051555654515454
50535454545656565554524e4c4e5355
4e4656544f524e4f474a4e4f534d5351
7e7f818180817f8082827f7c817a6f66
494948494c4b4543404554616f7b7e7f
51524b4742484c4f484b4f5556534b49
56585550504b4d4c4d5255524c474142
5454514f4f5458595758585755555555
4f575858595959565454524f4e4d4d52
51504e5357504e4d4c4e4d4b4e4e4d4c
5257555354535053514b555156565354
5050504946464e4d4646474748484a54
4a46434244424a4444434a4e4b4a4848
3c393f413c3a443f44484945494a4b4c
433e373734413f434644433f3c3a3c3d
504d5453534f5753514c4c4c4b4b4a45
4f595657575150525c58595a59585452
716b5c615c5355504f504e5555525450
8f8f8e8c8d8b8c8b8987898987898678
7d7f8486858a87818c8c8c8b8a8c8c8d
747574706d757573777b7b797671757a
797879797a777775747779817d7a7373
75767276737171726c71727177787a7c
7b7c7f807c7b7c7f7e7c797a7b787675
8288878e8d8d8f8c8c8c8a87837c787a
888985838283888f8e8d848182868584
5f5e5a565a5b5d5a626469768286878a
4f48525b5b666b69696966656665716c
5d5e5f5c575b5d5e5c5d5e59585a5a54
585a52545456545a5a5b5b5b594d555b
504d4a495657545151544f4d4f515655
51514e51505053515b58564a504b4a54
5352544f4d575756585a56555655524f
4947454b5556565654524a4850515155
53464f4e4b484a424c4c4d5051505051
7e74737f807f737d807f7e79767a6e63
4d4a494d4d48484c4d4e4a57697c7e7c
5556534a474a50474b4f545058544c4d
57555859534f4f4f4e5557544a474545
524f4d4c4f5455545454585856565656
56595954595854555554525150514f52
51505254544a4b4a504f4d4d4a4a4d4d
53525252535354534f55555354555053
5052544c484b514d44454647464a4b53
46424141444145464241474c4b4a434a
3c3e3e3c3a393a404344444342474946
3c3b393d3b3a3d404141404142403d3c
4e50504f4d4c4c4b4e4c4a4949434644
585c595853514f4c57515a5254575756
72675d5a575453504e4d4b4d5353514e
8c8d8e8d8c8d8f8c8a88848487898178
7c8081828487888a8888898a8c8d8c8d
706e6e6f70727777797b787877737681
797a7e7d7a7a787573717d817f7f7470
7677777a79777473737371676d717879
7b7b79797a7b7779716e777475717274
8c8d8c8d90918a8d8e8d8b8581787a7e
888982807e8180808b8d858183858186
655e5a4b575a5e5f60687a7f8185898b
4849484d617076726a63686b666e7372
626062615d59575c5c5e5c5b5e605957
555956585653585a5d59525b55545f60
4a4a4b4e51504f4f4d534f555351585a
4e4f4d5155585a595b5b56554f494b55
54535453535659595959555657564d51
46474646505655534c4b494a52535154
534644484a4d4d474a4b4c515551504a
7e7773777d7b797e7c80817f797e6a58
504e504e4b494d4e4e474246667a7c7a
564d4a4f4b4d514d4b5756485653514d
5a585a5a585151525858584e49484848
5553514e545451504b4b575759575759
55525753575954575655534f5452514a
53555250554f4c4a4b494b454c4d4c4d
55515255535452555553525353525354
494c514f51525452504f51504f504e53
3f3f4041414345484748464b4b464a4a
3c3f3f403b393c414142414241424644
3e3d3b373b3d4242414245464442403b
5152514f4a464a504f4e4c48473e3d3e
58585757534e4b4c4f55555554545452
715e5b5f595a5658585955534d554e4a
868c898e8f928f898a888989878a8d7d
7d8084878589898b88898a8d8d8b8385
717072717678757a7a71767572757d81
7b7c7e7e807f7c7275767c787e7d7772
7b797a7c7b79797a7675717274777a7a
76747171747474757973757474767d7d
8f908e8e8d8d8b8c8e8d8d7b7a777775
898882818081827e8a8d888283878d8e
5d56545352536161606a63758587898c
4953565961686f716d6a6a706e757276
63666e655c5a5e5e5e5e5f5e625e544d
4e54555b5b5c5f5f5e5f5d4e535d5e60
4c494a515351534e5152535b58575b4f
504f4e4f5e5e5f595d5e5e5850494e51
514d4e484d54565849564d4b59524e4c
51504e4d4c4d4d53504b4b4a54535453
5a524b51524f494744424d5353505253
7c7c7b7b7a7b7a7980818281847e6464
5051524e3e454f4c403e506268767b72
4746433f4150514e4a55565655555351
56545959555453565759524f4a494948
55544c515350514e4d5254575a5a5a58
59575756575959525551565754565656
5750505057524c4a4e4f4d484c4c5559
555557595a5652545158515457595856
4d50525354535050504f505052555758
3e3e42434346474646484a4245484a4a
3a3b42413f3f43434344443f3d423b3e
3e3939383d3d423c3d4546464544423e
4d50514f48444d4d4f4c4a48483f3c38
504c575055555253514e4d4b4a4d4d4c
72625d5c5e5d595a5a5a5959564e524f
8687878c8a8c758689898a888688767e
797c7c888b8a88888a8a8d8d8c8a8685
71747371767878746f74797a7c777f7f
7a797c7b7b757b777776777776767372
7b7a797a7c7b7a7778777678757a7b7c
76727a7678757a75787679747d7e7e7e
8e8e90908d8e8c8d8e8c86837d79787c
88877b84838989867e8a838683848e91
5e585455585f5f5f5e6967838588898a
4d51535d65696c6c6c6c6e74787c726c
667374655d59575e5d5e5f5e5a5c5754
52555b5a575d5e615f5d5a4d5b5f6061
484e545352554f5251575a5b51524d4d
4e524f5059555759534e4b49504a4d49
54555455555757585856565b59525151
4a484749484e4d54504c4d4c52535554
5957535453514a45433d494f5250524b
7d787c7b7c7c7c7e83838281827a7067
4e50514e4a474d4d4b3f5c68717b7e79
4b4c4643405054494552575856575451
575a5857565052525855585756544b4a
5654545656564e53525457585b585857
5a5758575a595b5a595a595b5a595853
56575354585756595a5a5a595858565a
5c5a585c5a5a5d5b5b5d58595a5a5958
52545557565555555548535559585454
3e404345474a4a47484c4b4a4a4c4c4d
3d3d4044413f47464647443e403e3b37
3b3c3d3c3d3d3b3b3f40464542424341
5150524e4948494c4b44494845373d3c
504e545657565552504a46494a4f4f4f
6a625b5d5d5c56595459565658565251
85858181807e7a7b7e7e898482888279
7a7d7e8d8c8c8b898b898c8e8e8d8886
767b76757672797370747a7877747f7f
78787879746e77787377727876767774
7b7b7176776c727b7876706d72777878
787875717473777b7a7b7a7b7a787977
8f8e8f8e8e8e8c85878a8a867f79757c
8788888a8c8d8c8b8889838684849190
5d574f575d5d5c5257687985878a8a8a
4e51585d636764646e6f6e7874726a63
60706e665f5954525a5e5d5c595d5452
52514e4c4a515450505355555f616466
494e5051555654555454595951535355
555550515354605d585357564f4a4c4f
52505657555957585855575b59565254
49474a4a49454a4f514f4c5453545455
4f57595553524d4342474c504e4c4a49
7b787c7c7d7e7c7f84858481817e715c
4f4f4d4a4c4c4b434b415152647b7c7c
53514c4a4c4e5353555656484d535751
575c585854525151595a5a5851504d4b
5854595959564f515457595a5b5b5a59
5956565b5c5a5b5c5a55525555595857
5857545754585a5c5d5b595a5a585254
53525b5b5c5c5c5c5e5e5e5c5c5b5958
4e50545558575756534b4f4f52525654
464842474a4b4b4d4c4746464e50504f
3f3e3f433f403b454c4a49433d4a463e
484544413f383a3f4243424643454237
504f4d4b4e4d49484a434941403a3e41
53545353535756534c4c4f4b50494445
645e5d5c5e5b59575958595758525353
878487828984838684848b868485847b
7d85878a8c8d8e8c8e8d8b7f8d8b8482
79797775767173737478767776737e7f
7776757471706f7171706f6f7b797a7a
7b7a76756e706d716f7577787a7a7978
7a787575747a79797779787572797476
8e8e8e8a8b8b888b8c8c898378737579
878685878286857f838b8b88888c8a90
605e5a5e5e564e585e6a7b6a888a898a
5654585d5f6065666c6e6e737b716d66
6c6c68676156525250565a605f5e5551
5552525153565650565856585e5f666e
494c52585756575558575b5553555252
56515153545a5e58595b5954504a4b4f
5252555448554f4f564e575957575358
4a4b4c4c42444c4f534e4a5554545351
4c53554d4e4f4f4d474c4b4c4e474944
76777d7b717e7c808281807f79807a5f
4c4e46494e4c46444b44444b667b767c
57524f4c484d5255545656565151574f
585a5b58565453555a5b5b584d4b4d4b
57595a5b5b59525456585b5a5c5b5a58
55525b5e5b5a58545355535250565759
565654534d4b514e53524d5053575355
57595a5a595a564d50595c5a5a595257
4a4e545858585857534f505154585957
494b4d4f5050504f494949495151504f
47423e3f46484848434f4c4c49474a47
494a49453f3b3f3c403e3f4c48474745
4c51514c5150504e4e4b464246433f4a
545554535256565151504d53524a4243
70625a615f5c59595755555555575557
8b8788848b89877d8587868888878473
8789898c908e8e8c898381818d8d8088
78777875717271757778777777777c82
787677706d716f71747879797877757a
7a797671706d6d73767a797b7c7a7978
7977747670717a757e7971737479767a
85878784858b88888b83857c79757875
808285838284818a8d8f8f8e8e8d868c
5d595d5859544c5a5e676d6e878b8a88
4f5256595d565e67656a6b727a716860
726c65595a505055535e61605d5b5851
5451505050504d5056545556605e6367
4c4857585858575759525a5d5956514f
5d4e5656525b5a57595755554e4c4f50
4f4a4a4e4f52534f5156565356545658
52515252525254575453524f4d4d524c
51504d4f52525146404a4c4d4b454851
7a7f807f797f7b7d7e80827e7e807564
4b49454b4f4946454c494a52736d787a
56504f4d4d474a535657565351535352
5459585a5555535956504f56554d4a4a
59595c5c5b5854575a5d5c5b5a595356
4f595c5d5a5959585857525457595c59
595554504c4f4f525251505152545054
585552525458534c55534d595958505b
4e5151535857544e5655565658585a59
54545354565554524c4b4d4c4e4f5151
51515251515357545553515151515251
4c4d4c4944434b4f4f4f53534e4e4f50
53524e515252525352504a4c504c4c4d
58565755545655545454515350474e51
6262605c615e5a58585656565757565a
8a89858b8d86847783878a898a8a786d
8988887e848385838384827f8e8d8c89
79787873747372727778757778797e84
777576716c71706f7371797d79787977
7976736f70707a7a797a7a7b7c797078
777477787c777074716c6e797a78787a
8a818588868a8e8d8787847e7d797d74
7c8384878686848c8e8f8f8f8b878d8c
5b575b59595654555a6675698789837e
4d53565b5c5d65676268727678726256
7369605a4a4a4e545a595d5c5c5b504e
5453525354565658575a5c60605d6170
454556585857575655525a595a575455
5156625f5b5a58555a5b55564e4a4e4a
4a4d4f4e4e5253505156525458564d4c
515153555556585857575756534e524b
56534e4d4e524e4741484d4f4d4a4852
80807f7e7b7880797874807d81807365
46474d494e494c4d4c4b465b67727077
52534e4c4d464753534f4d4b4a4f524c
54545958524f595a5553514f4c504a4b
5a5a5b5c5d5b5b5d5c5d585857555458
4d4c56574b545b5d5c5a57575458595a
5a5552505356575858575554514f504f
5655564e4e5153525b504e4a555a5a5a
4c4c4a52565858585858595a58595958
5a58585858565654504a41454a4d5251
5856575658595a595857585558555658
51545452535658515353545455565858
56545455575757585654535350435348
5a59585756555655554d4e5252535556
6f62625d605e5956565756565856585b
8b838988858784848488898a898c7866
878785848587838380848480908d8c8a
7a797575767372737877787a797a787d
737379787574767274717c837c797978
7a777677787a7979787870707b797677
7878777576707274716c6a746f76797b
80818588898d8e8c848387847e7b716e
8588898b8b8a8b92909082838d8c8d8a
5b575b5a5b5648516066736d8082817f
534e515a5d626565656870747269615c
75646058555557575c5c5f5c5b5a5554
5654514b514c4b57585356595d5b616e
4a53535456575653555b505750544a48
545665665e5c5a56595b59524d4b4c4b
4f4c4d4c4c5052515156575657544a48
515153555557574f535857534e4f524f
5753514f504e4b47444b4a4f4d4c4a48
707e7b7e79747b78787d7d81827d7265
4a4d4f4f4e4d4b444b4847525f747274
464d4a4c44434f54515152514e444848
53595b5b59535655555554534f4e484a
5859575858585d5d5b5c5a5454535a56
544e4d575856605c4d54535859515959
5b5751515455595a5b594f4c4c4b514e
595858524f545454504a50524d4e4e51
4c4a4b4e565858565958595a58585658
5e5f5e5d5c58544a474a454d4e4c5250
55575f60605f5f5e5e5d5d5d5f5d5d5e
5a58585657595a5b5c525352585f615f
5658595a5c5c5d5c5c5b585957514f58
5a59575453505652524d555454565758
766c6460615d5d5b5955585758545c59
8a8a84897c897f7c827c8785898c7c66
868987888886858385858d8c8d8e8a87
79787879747575757a797876726e6c80
75787a7a797071747474737e7d7a7974
7a7a737a7b7a7a78767775747a797975
7372797776727471706f6f767a7c7b7b
898687898989898a89898a867f797576
898989898a8a8d888283858b8f8c8b8b
5a585b5d5a524c56586673797f7f868a
5255555a5c62726c73717272716a635b
685f5e59584c4d525a5a59525a574e52
475552525454565854504c47585e6163
505353544f4b4e534e4e524f4a4c4b49
53525b59615e5a585756554f4b4b4b4b
504b49474e525251535857555353514d
5251525454555350535854524e4d5452
5c5653524846434643454b4e4c484847
787a767c75757a747d7e7e7e8378746a
4f4e4e4e53524d433d3f4d525f767374
484e48484044474a515252534f4d4d4d
5a5d5b53565d5c59575656544c4b4847
58555554565a5c5c5a5b595353585657
4e4c4e585a595a55555a594d52585454
5b49475054515152524d4e4f544f4c4d
595a4f51595a59565556595955515455
4c505054555054575757575755595a5a
64656463615a4c474746484b4d4f4e4c
61626262656163666361616162636365
605d5d5d5f6162635f56515062646462
5b5a5b5f5f5e6060635f635f5c50535f
50585656565657554b48565656565656
7268625c5f5c585b5655575256565858
8c8b88807f807d808384878887847a65
8687888b928b8b898b8b8f8c8c8e868a
70707074726e6e7a7a7b78746b656181
787b7c7573757373747a7a767b757a6c
7976757c7e7b777676777672737a7a74
7576737776757579797777767679797b
8481827f7e8c8c8a8a897d85847a7877
898989898b898c868080878d8d86888c
5c5b585b5a575455595e737b797a8989
5756595d63666e73776e74686f68645c
64625f535658575351565a5858585658
505152535953555352515350545c5f5e
4f414c4c4d4b474852535350524a4747
55535d62605f5a59585553504c484b4c
504f4e4d4e504f4f4f55545454555554
5152515252524b4b4d4f535250545455
5c4d4d474a494946474643414a45424b
79777a746e7374797d7a7a82857e7368
51504f4d514f4a3e3d3c5061637d7075
494c4e4c47494d544f524950524f514f
5b5d5b55595c5d58575656524b4a4848
4f5056575a5b5b5556585c5956565655
4d55555a5a5a5b5b5c5a58545351514e
4e51474b5155574f4d52575a58555752
58564950595b5a59575a5a5b58565550
484b4d55555558564e58585856565659
6868666661584e4845494e4a4b4f4a4c
62626466636366666865676766676664
666264646b6a6e6d605f5f6268666762
5c5f5f6163646262615957575f575960
5455575557565653504a535254555859
6e695c5d5d5b58565052555754544e4d
888b8a86827d807e8284888a88827475
8689898c8e8c8b8b8a8684888f8c8c8b
7373727071716f727a7b77736c696671
7b797a78716e73797a7a78747373706e
7277777777767874737171717171717a
737478797a7979787878797676797d7b
89868282818a8a8c8e8a878680797067
8988898a8b85848483818a8c8a85848c
595a5a5957575754576472747c7a8889
565558606c6863656f726f6c6f6b6760
63615e5d555557565251545758575959
444a3f4e4c534e494847525553595555
46504e4343494d52515255504f4d4943
5a5c605f5f5e5a55555453514d4a4042
4f52504d4f50504e545455555149535d
44454641434849464b4852515252514a
604d504e4c42464647474747494a4643
7e7b7772707272747d807b8582817468
504f4d454444403e3f5148465f727175
54535350494e50534e474a494b4d4c50
585957545d5951525758544e4a494949
4e52504e4e4c4c52535b595857575755
555759595a5c5d585054504b50515552
4f46484c5155544f4f5a5a5c5a5b5858
595652525a5a595959595a595a595751
42525456575655535352585757565859
64686660645c4d524d4a4a484c4d4443
6969686969696a6a6869696967666663
645f6969716d6b6a6c6c696d6b696868
606163676666666463635f6765646866
505757575655544b484d4f5250545c5f
6c675a5d5e5b565550515354524f4d4e
81888c8a8381838685868a8988817576
8084887e7f898983848586898e898a82
6f6c7172706f7579747271726f6f6b76
79717377777876797a7b7a756e726d6e
7579787677746e767878767676787a7d
696b6b777c797a797876787973757777
84878584828287858887878781767167
7e7d7d8a8a8987878884818c8b888680
595c5857564f5758596371738085857f
5a58586c6a5e6166687377716e6a6763
595a5b5857565e58565758585750525a
4a424a4c4e4f4e49464b4f4f51556369
444b4a43444c4c5450514e4d4f4e4b4c
505a5c655f575755545450504e474144
4c4c4c4c494d5052535453514f4d5457
434143484a48464847464352514e5151
624b504e4a42424345484846403e4245
7c7c7e777573767b747e7d8381767367
4f4f504c4c42434646463f4150677178
545352514d5050534f4848494e4d5151
56595359595c5d5b58574d494a49494a
57565858554d51575b5b5c5a58575656
5859585a5d5e5e5c5a59585352545b59
54544d505555595b5c5b595957565758
514b4d5c5b5b59595c5c5e5c5d565851
45535456575857545556575553525959
6765665b585d5059534e4b484c4a4346
6a6a6a6a6a6a6a696a6a696468646662
67626667686a69696a68696b6b6a6966
62656868696868676662616467676167
5456575656504c4e4d4d4e4e4c505b56
6b5f615e5b57545254514e514b4d4a4b
898a8c8a7f807e7a84857f868a837171
828588878280838988898c898b888787
6d706f726f6d797a7a7978746e6f6f73
796b6b7a7a787978787a79777a756e6c
777a79756e6e74777a7c7b7978777b7c
70706c81807a7a7b7a77757574737a7b
8a878686848287888688877e7b797372
7f7c7e7e8a8a888b8887828d8d8c8883
595e5953515055575b60727a82848282
585659655a606a6b7075766f6d696662
60625a58555a595b5a5a5a5957575359
474a54514d4f4d4b48484d51525d7267
51504f4b49464d554d575652544c4b50
585c62635e57565554524c494f47484d
4e4b4b4c4b4e51515254545251504d4f
434343464847454443494f4f4f49474a
554d4a4e4a48484746494948403d4342
76767c7c79747a7a7e7e7f8178796953
474f4f4e4b48424645423a434c6a7373
5050524f4e4e4a54504b4a4944464747
575756545c5e5b5a544b4a4b4b4a4a49
595c5959585457575c5b5d5b59575756
5859595a5a595b5d5b5a5552524f5158
4b47393a5155595c5c5b5a515857575a
4d4c4b5c5a595959595b5a5e5354574f
4c5457555556514e4d544c555658584f
67665a59615d5c5653514f4446474749
666a6a6a6a6a6a6a6a696665655e6764
666666696a686160616466716e696460
5f6469686a696967656566696b6b6767
515656575749494c4c494d4b4f4d4f56
6a655d58585653545151514e434a474c
8c8a8b8980807f88868689898d857877
82868b89858480878a8c8d8a8a8a888b
6b747371706f7a7a7a7878746e6f7275
7772747b807a717a7b7877757b786f6b
727879787276797b7e7d7e79797a7b6d
73777b797a787579787077767477797a
878288858583888a8b847e837a797a76
827f818587848a8b8d8b8e8c8d8c8985
5c645d5655545355504d677a80848483
57595a615a606f6f717a716e6e676463
65605d5b5c5b5755565857535757595a
4d4b5452534f4e4e48484b515b666e69
4b5057524c4a53555857564d4c4f5052
5b5a636052595a5956515051514d4b4d
4e4c4a49403f4d4e505555514e4e5050
3e414146494848474441464751525351
5e504b4d4d4c4a494948494b49413d3e
75777b7f7d7d7d7f80807f7e7a766c66
42444a48414a48453d3e36545e6c7478
4b494750484d504c4a4f4f4c4b484846
565858585c5b5b5a514c4c4b4f4f4a49
5557525951505057545a595d5a595755
5858595a59595d5d5c5a555150525455
4a4736435354595c5b5854515857575a
4d535a5a5a595855595a5c5954535852
4f4b49525354514d515652545053544e
686358555c5a5652515252494c474b4b
6969666165666a696b6a67605e686869
656966676c6b68605e646a6a6a696967
6065656a6a6a67626767676566696968
4d51555656514d4b4949494a454c4856
66635c5a53545151524e3f48494a4e4d
8a7f868a868988868585878486858076
84878b8c878282898e8e8c8b8a8e8f8b
7974717073797877737571706d6c7371
7874797475757f7d7b726e7c7c7a726f
7878696e7070787b70797a7d7c7b6f6f
757a777775766f7a78777373727d7678
8b8b8b8b8a8b8c8c888183817e7d8078
8282828686858b8c8c8d868c8d8d8b8a
5f5c5b5958575656565461747c808484
5e5f6065665c70726f6f6d6c6e6a6762
64625f60615d595855564f5959595b5a
4c4f56554d4b4e4e4b4b57595d616768
51565652504c51535858575551525450
565a5d5d5557535a5754545456545453
4f4a43454d514f4f505054515251524f
42444a4b4b46474a4c4c4c4d53585955
525150474c4c4b4b4b474b4c4d4a4641
676b717b7e7e7f80807f7e7e7e7c7265
464547474a4a433e44423f4b696a7272
4c4b4a4940424649414f4c4b4c4a4a46
565653585950575956524f4c4d4c4948
4f545357525051545059595c5b575756
515a5959585a5c5b59574f534f4f5454
56534b494e56595c584b544d58585857
5558565453514c504e56595652505b57
4d4f515253534d4d4c4b4d59554f4e4e
666563645f5858514e4c524c4c454549
6d6e6b6a676a696a6a6b666164686a69
6b6b6765696b68696868646764686b6b
606368696969676667666465696c686a
52544d5555544d4d4942414847494a56
5e6459504c4b4c4d504e42414a4d4c51
898b8c8c8a8b89868384868586857e76
848787818283888b8e8c8d8b8a8a8c8b
777271706e787774727075716c6e6e6f
7979756e6f6d79797977786f7d7b7371
79787670767978717270797c7c7d787b
7470737a787874737873757271797677
8c8c8c89807f808787847f7d78776f6d
85848786888a8b8c8b8b8b8d8e8d8d8d
5e535d5b59595759585b666f7c838485
5f63656a706e74716f6f706a6e6a675f
5b5f6362635f5b5859555a5a5a585c5e
56575353514f4e4c4c4e51555a5f6365
4e4e4d4c4c4b53545858584d4e505655
53585c5b5856555a5856585857564b52
534c3f3f455051525352535254525150
43434c4b4848474754524e4e51555452
5b52514a474d4d4e504e4f4f4e504342
76787c7d7e7e7f8081807e7d7e7a7768
454647484944423b484744486d707378
4b4c4b49483f43494b4c4b4749484944
554e4d565859534f4f4f504c4b4a4948
54544d4f514e4e4d55595a585a595758
5458595a585b5a58525255524f4f4f53
4d4a414b53535a564d4f544e5858574b
5958535351514e4d4e4d5a5754505d5b
4c4c50534f4f494c4f505259554f5356
686665685f5a58524d4b4d4f4b474a4c
6d6f6b6a696569696b6a696565676869
696a6b6a696c6c6c6d6a665f6265696a
5f626865666969676866676a696a686a
56565755544c4d473f3d433f48484b57
605c5c554e4d4c4e4b4341444b504d52
8d8b8b8b8b8b8879817e838586848076
7c8786838183898c8c8c8e8c8b87898c
7777747279767372737374726c6f6e71
747b79706f716d797977797b7c776f71
7979787878787473747776757b7b7d7b
77797b79717875777673737477727378
8c8d8a7f85868887888987847e7d6e71
86858787888a8c8c8b8c8c8d8e8c8c8e
5b57544f52595a5a5a5e67747c818787
5d6367696b6c6f71686c696c6e67615b
5e666664635f5e5d5c5b5c5c5a5a5c5c
575754545653504e4e5354585c5d6063
4f4e4b4a41464955504e555854515758
4f514859595b5c5b5a58585758555652
5148434b4b504f52535353525355524f
46474e4e514b51525556435355565552
5c534e494c4d4f504f4f4e404447434a
777a797e7e7e7f80807c7e7c7f767365
4540484848454447474b46586a6f7874
4a4f4c4f43424c4d4b4b4a4a4b4b4c47
5756574a5552544e4e4e4e4c49484947
55555251514f4e535a5a5a5752525a5a
54565856595c5a5754565754524e5151
5755534d555358585454544c5956514b
5a56505150504e4d5657595b564e5b5a
4e515154524a4b504f504f534d505151
68666464615c5a54514c4d4f4a48474f
6c6c6a69676261616a6b6b6768696a6b
6b696968696e6d6b6a68636062646a69
5f65686661656b6b6969686a6b69676b
565655554c484b4642413d3d45464c56
67625a4f4b4d4a48424546464d505357
898c8c8a898079858084838186847c72
7d8886827b85898b8c8c8d8c8a878b8a
787977797a75747272767b736c6f6f72
787a79797876746d727978777a736e73
797b79797a74727176777c757d7d7c7b
74726e73767777777372747b79777978
8c8a82868988898884868685887d7373
84858687898887818a8c8b8c8a8c8d8d
615a5450515a595b5a5c5f69707a8783
5f676b6f6b6d6c68686a696e6b67625a
63646560605d595f5d5d5b595a565b60
5756525359575050505457595d5b5d63
4e4c4843474e4f50514e5157514e5455
58565a5d5d5c5d5c5c56595a504f5752
54504550504d4f505155555657575556
4f50534e4f4c5056554a585857575755
504645474b4d4b4c4e514d4d49484849
7a7a797f7e7e7d7c7a7a787b797b8168
4a4b4b47494146484a4b493c47627874
4e4d4f4e4a4e4e4d4c4c4a494a4c4a47
4c4d5757584e4d4d4d52504a49474848
555855524c4e5053585754514e4d524e
5457555a5a5c5a595655585854504e4a
5656514f5456595b5756535458554b4d
56574c50514e4f5259595a5d56575958
51515152524c4c525354514d4e515052
6b6666676768595751504e4f494a5051
6c6d696b6a67686a62616b67676a6669
6b6a6a6b6b6d6e6c686968696663666b
5f6568666863686b6260625d605b656b
555555484b40454442413b44474c4c55
665d564f504e4c4943484c4d4b525556
89898b8b8a8889888182848481828169
858585828689898783838b8d89838588
777978797e7b78797b7f75756f706f6f
697c7a76777972767877787974736e78
7a7a776c716a6f787977737c7b7a7b7a
74757375767277727075777b7a797879
8b8985878a8a89878382838983817876
7e858586898988878c8d8b877f89898b
5d5b56554d56585c5c5d636d6d768081
505a5f6870706e6c6966666c69656259
646f67595b5d5c5d5b5b5c5c5c5b5a5e
51575655555153515153555b5b60605b
504c464852545454545553524d4f5555
5a5a5b5d5d5d5d5d5e5958544f505253
54524a4a4e4e5051525555565657585a
4b4e4a48524e53565556575654555656
46474746494c4a49484b514f4d454c47
7a7b7b7e7e7e7d7b7a797c7a717a7e68
4a4b4b4a4b4a4a4a494746463e607576
4948525048434c4b4a4d4c4b4544474a
52535557554d4c4b4b504f494a454745
515252504d4c4b4c4a4d5351504f4e4c
4c5755565457565958525a5954544d4c
5757524c505759595656565858545255
55555754504c4e545356495555595a59
4b4b47484f51534f5253524f4e4c544d
68636370695855544d5051504c4c4646
6b6a696a6a6a6c696360636366656565
6a6a6c6d6c6e676968666f6e65636a6c
5d6468686b69625d5d63605d5b5d5d5f
54504a524d4b45464240434449404c56
6d605c515251524e4b4d504c4f505556
877f888b8a888e888180838383847569
797d8686878a89878486858c8c868187
78747c7c807d7b7b77786b6a69706c6c
6b6e6d70757672757675766f6b6a7474
7877767272706e77757471726e787978
7675757678787d7d7b7b79797a797979
86827e8c8e838a8582868889897a7c78
848688888b8b88818d8d8a8888878985
5e554e55575b5d5d5f4e5f6e7c7b7f80
4f5a616e7773716b6968686d6763605f
6c72685d5a5a5d5e5b5a5c5c5a5c5958
4a585654535553515052565a5b5e5753
524f4a49535556554a49494e5157564e
5a5a575d5e5e5d5c5d5a595351524f4c
525250504f4f4d505152525552525659
4849474d505252555454535456545556
574a4a4e4e4e4c4b4d4f4e4b4c4b4b4a
777775777e737a7b7a7a787c7b6f796b
4c4b4b4747454a4949494a48395e7178
5356544d4d4f4e4d484745424441464b
53535554564b4c474d4e504846474545
545051524e4a4b4a4b58575355514f50
4f535056585659575950585556504d4d
56564f4f50525a5a5a5a5a5a5a55514c
57585b5a5655555356504c50545a5858
444b495249525353555655514d514f4a
6967646066625a50524e52504d4a4c49
6c6d6b6a6b6265635c5c5b5967666767
6a6b6e6d6f6f6e6a696e676a696b645f
4f6269626d6c6a6a6a68676766656a6d
4e4c4d4e4e4a463f403e3a45434a414b
69635a55535555545152494d4f534f51
878785858185868985838383807f7e78
7b7c8688898a8b847e7f857e8b888286
76717e7d7d7e7d7b7b776a686a716c6c
78777779777c7a7775706e6a696a7678
727372717270787375707675787a7a79
7374757677777a77807a777879797978
8783898b8c8481898c8b837a7a867c79
8585877f86888b877e8c888b888a8989
5c5354575c5c5d5e5e50627280818079
5e656d70706a686e6765696967566665
6371685e5a5853525550575c585c5e60
4c4b505051494640444249525d56514f
45484b4742555456534c4b4b504c504c
5a5a5c5b5352534e4a4c4c474b4c484a
51524d484b454248494d4b5353535458
474e4d504c4a524f4f50525555505556
584c4e4f504f4f4e4d4d4d4c4e4d4f4a
7579747470717b7d7b7b7a7f7d727971
47494e4c46474b4a493f394d3e5d7078
565757535152504e4a46424644484947
4f5656514c4e4c4f5453464546464545
525554524c4a4a4a4b4c4d504f545150
535257525556585755575958534f4e4e
55555150514e4f58524d555551524d55
54585c5457564e4d4a504f5257585858
454b4f504c4c505448484a4d474c4b4b
68636666625359514e50504f4e4f4e48
6f6f6c6b6a675f5f5e5f5f6b69686868
63696b6a726e6e696c6b6e6d6e6c6261
5d6569696c6c6c6c6d6d6969635f6a6b
4f4d504a4d4d494842454747393a3d47
6c5f5b55535453565553524d4c4e4e4f
84828486868687867b7c818087847d79
7c7f8688868580848381888183868385
7171797d7d7b6e6e6f6c6b6f71706b6e
7a787a797f8079746d6a6c6b76757576
747474737371746a74747378776d7b79
7675747573726e6e6b706d74747a7a78
898a8d8d8784838a878d89817b867e77
827c828384888c8987898c8d88878788
60535251575c5c5f5f595d6f74787f7b
5d5c6c6f737272706c6b6a67625f6c66
6a6667615a53555350555c5a565e6061
4d4b4d4a4846463f3b45555e5e5c5656
4d4d474c515453494b4d4c4d4e55504d
5b5c5c5b545356524c4949484e4d4649
534f4a464745494a4c494e5352555657
4b4d4d45464e4e53504f5053514d5559
534a4f515042434d4b4b4c4f4f4f4f4b
727573717271767c76767e7c7d767366
4c4e4e4c474b494a4a3a384a395b6d76
565658585550514f4b474544424b4c4e
4d5754504d5354555453444544474545
525655524d4a4a495051505056555350
4f4c5c4f51574c545756565354514c4f
53494a4c4d4e504b5052544d4e4e4c47
52504b4a4d4d4c4946474549494b5053
4c45464a5251504747484a4d4c4a4c4e
68676968615b55514f5150504f52524a
6c6c6c6c6d6a665e5f5f5d5e66686a69
69696a6b6f6d6b6b686c656f6a616060
5d646a6b6d6d6e6d6c6c69665a5b626a
4f4e4f46504e4e4d494b4f44393a454d
5d615b54524f4d4f5555554d50525250
7d7e81858680867e807f81868984796d
7e828389888385858589888888878685
797c7c7c7b7b7b7a77726f6d73716c70
7879797a847c76726f6d6f6c7a7c7a79
72706f73707070727673737878797b79
7676757675737172716c7573767b7976
82818d8d8a847e84898e8b868c847b77
7e7c8284858388818b878e8f8a888686
6059565859595e5f5c595e6c7078827b
6b666b6b707272706f6e6d6d66696e69
686b675b6355535450525c5257616265
4e474949494a48423d53575c6060605f
4e504f5253534e4c4b4c4d4e4f57544c
5b5d5854545355514e4b4543484f494c
54504942454848484f4f505352555657
4c4c464454524f52504e515252535656
4e4550524b41414c4c4b4c4d4e4a4c4a
747b74747572717570787a7c7e79715f
4d4d4f4a4d4b494a494648473b5b6c74
55535b585445504f4b4c4746434c4e4e
4855524f5056565552514a4a4e4a4444
544d4e4f514d494b4d504f54514a534d
555259524d565354555152555552524f
50504e4f4c4e4e5049474d52514e4848
534f4b4d4b514e484644434244434c51
4c45444d51514d474144464d4b4a4a52
69696a696261605a5653504b48545250
6c6e6d676d6b696761625e5a5b686767
6669676e6c6c6c6b6c6c6e6e5d5c6268
585c67696a6b6d6e6d6c65655f606264
524c4e52545350504c495244383b3d45
6c6056504d4c4e53555251534e525352
8083828887867d838580828787817669
807f7d89887f7e8588888a8a86868480
7b7b7c7c7d7a797978756f6c6c6c6e76
797977777c797575706d6d7b7d7e797a
77747678767676787976757979797b79
79787874727576757575797879797775
848283868b87888b8b8e8c8b8c83807b
817f83868687898a89868688827e8586
65605b595a5b5b605d5d616b70758483
6e6a696a6d6a7176736f706e6b6c6a66
7375676260575448575b58595a5d6b6d
4c4e5054534e4a454c52585d60636465
48535455534f4c4e51514f4d58574f4e
60605a58565955544f4e46444448484a
51514a494e4d4c464544445155545358
494b48414a414f54534f4e5053545351
5e53524d47444242413f484648494a49
747e6d73717370717775757e7e7b7065
4c484d444044494a413c394866746966
4d4f5655534b5554534f4648424d4a4a
575654545556555453504b4949474141
514f4e4e52514d484f4f545350495252
544f555750525454524e545451525152
4b4b4d4b4d4e505049484c465352504d
4b4a4f4f4d4d474d4d4f4e4e48474c4c
4b4c4e5050504e4d4d4d4c504c4a4c49
69655c676563645d544f474d52524f4c
666c6b656768656b676561625e656768
5f5c5a6a6a6465646b6d6d6b5f606169
4f6265636462646a6c6b6668665e5d5f
534e4f535658534f4a414845373c3d45
6e55504f4c4b52575753504f4e555453
807e887f838080868781848686837a76
7d7b7d7d898484858784898987848381
7a7979757979796c6d6d6c6f6c746f73
6a78777779727576747178777c76787a
78797877787878797877767979757571
7778766c6c787678777a7e7b797a7875
8683818889888d8d8d8c8c86807a7d7d
8082888788888a8b8783848581848484
645c5b595c5a5c5c5c58616e7c848385
646670696c6c7d787c7a7878756e736c
757a6f675e595b5458595a59585b5e5c
51564e56554e4d4b49525b5f64646665
514851544b4a4b4c4d4e504e57565352
636667635f5e5852504846474b474a49
504d3f4b524f494646454b525458585b
4b483f474a4c4f5553514f504f505457
584b524b4844434143434546494a4d4a
7679757373737171727c7d7d736c6f6d
4544474642434b4b4141494a6a676e70
5452515655534f5254504c434d4f4e4e
5859575654545354534f494647423f40
47434d514f4a4f50504e4c4f52525254
515350505152524a4e5153574a4f4d48
4c4b4b4b4b4e4e4d4e4e4f504e4b4d53
5050504f4e464e4d5251504d4c4b4d4c
4a49474d4e4e4e4d4d4c4c4e4d434c4d
676768656666504f4d494b4c4e4e4c4b
696a68626066686b6a69676062686768
5e5c606768666365686769685f646266
4e54576163646466686a6766645d5d59
484442514f4e4746464240433b3d3f42
66575154504f5756525253525454504e
807e7e827b838685817b7f8387847b7a
78797c7f8487858686858b8a8b8a8484
7a79767979796e6e6f716f756c747273
7075797576737377787877787875787a
797a79787a7a78787b78777974717271
716e716c77797872797979757878797a
81827f8a8b8b8688858584877d797877
82828586818680848586848688898280
635d57595d5c5c5a5c60687382887784
6169666767676e76767a7b7973697973
7672705f625c5858515751595b61615d
5256575956554f514a5157616467686d
4846484b4e4c48494f4d4e524e545456
6264676760575d5b4d4b4e504847474c
4f48444e52454a464a4d525756525760
4b4842424f4f5050504f504e4e4f4951
56494e4a494343424043434747484c4c
7374707472716f7477797e7d7c77756d
484340424645494743434241635c7c6e
55515355575552514b4d494c5050504b
53534b53535455544e48464b4947403f
46454a4e4f505453504d4d51524f504a
5253504d514e4a4f504f534e48474347
4d4b494a4c494c4e50504f4f504e4e50
4f4d504c4e4d4e4d49504f4c4b4c4849
474d4b4b464849474d4d4c4b494c4e4f
686a6863636253504e4a4d4c4c4c4646
6b69685f63626a6b6969666068686768
5a5e5d62646567676766605e5c606167
545a595c62626768696a67675f595a5a
4a4e4f4f4f44474842403f423d3b3643
6854544f4f5557545255515353504c4b
817e838482828787837e7e7e7f7d8279
7d7c80848585868681808b8b8d8a8383
7372787773716f73757576736e6f6f74
7077767777757773737279797674797a
7a7b7a797a797879777773746e707174
6e6c707276757171747878767676797a
80888a8c8d8a8987838483857a7d7d77
82858685867a828a8b8a898b8a8c867e
5d5c5d5a5c5659575556657580858083
645e5f64656c6f787a7a7e766c71706c
6b7663665d5d575357515a5b5c635c64
575a5a585452484946545d626162646d
46494f4f4f4c4d4e535151535353544f
63626265625e5e5f554d5a5552535450
4e484447424b4848454d505657555d62
4b49494b47494a4e504e4f4f504c494f
4f534c4c4a4a4a484949494849484c4c
73747675747271767a7b7a7d7d7a776b
4c49484245453d3f3c3e423d645d6e6f
555057565655515148443f4d4e4c4f4f
554e52535453525249494648494b4442
4b4c4a4c5151515050494f5050504e4a
514e4e4a4d49484a4a4e4f4c41424a4a
443b3c4440484a454743424b4e434e4e
4d4e4d4c4d4e4d4c4a4c4d4b4c4b4843
44494b48444647464b4a4b4a4e4c4e4c
65696763665f564e4e4a4848494b4546
676a666565676a69696a676768686766
585b5b6263666463635a5a59595f6366
575e5f6266646769696a6866585a5c5b
5052514c44403f3e3e3840463e3a3a43
6b5c5b50515253525453544f4d4c4c4e
8181848784828788867f7c7d7d7d7a77
8081838584878787888a8b88887e8382
6f726d7176747376757570727370797c
727776717976757474797a7677717978
7a7b7b7a77787878787673716e6d6d6d
70707476797875737778767271707a78
8080838b818988858384828084808279
8285878580797e8a8b8b8b8b8a8b8883
595f60605d5a585858575f6e777f8283
5c59626562697877857e7b706d6c635f
6b715e645d5759545453585b5d5f5e60
5b60615e57564a4d51575b66615e5a64
4b4c4e505150514e5656565555545553
54535e6062615f61605d5b565555554e
4c4a42424747424849465154575b6154
4a4a4b4b4a4948454544424e4c504940
535c524f4c4b4c4e4a4b4b4b4c4c4d4c
6d767974747375767775717a7e7a6b5d
51514d4644424a47453e3b3354557275
4d5351565655524a4343494b4a4b484f
5357574e514b54524e4d4f4c43474545
504b475152524e4c4d4f5150504f4947
4f4f4d4c4d4b4b4b47474c43494a4a4e
3b424545424745434843494a504f504f
4c4a4d4d4c4c4c4d4e4b4c4d4c4b4244
49444c47464747454a48494a4e4d4d4c
6768665c615957544f4a48494b474746
63696666656562686561686968676665
6462656564625e605e5a595861616465
5a6162606063615e5e6368655d5e5f63
51535145443b403b4445454637384053
70655b4d535455565554484d4e4c4d52
8382867f7c7c788789817d7e7d7c7368
7e828083858887878a8b8b8988828180
75746d74787879817d7878767776797d
68757071707375757877787771717578
7070726f706f6b6c737877716e6d6768
747578797b787371716f6f7070706f6e
84838382807f848483878582807d7f76
827f87847e797d7e807f7c7e7c8a8782
5f5e67635d5a595859565f6976808184
595863645f6b6e78817e7c74726a5b5b
6e706c615b5b605957575b5b5a585f5d
5f6766675a574e4853575b5e575d5c5f
50505053514e5350535557555556555a
525d615c595c5a5f5e5e4f48414f5151
504c4344474643474650545556595855
46494a4b4a49424346474f4b43434b52
5763574f4c4c4e4e4b4b4b4b4b4c4d4c
73787b78777373747476767479776a5f
4f44464848464a4246453e325e6c7072
4e4e4856575653464e454c4e4c494150
55524d4c4f5254534d4f525248454547
4c473e4b46494749474c4b4651514e4f
4d4d4f514f4e4e4f4b464a4e4b4a4b4e
414345464d4b47434243434951515149
4d4a4d4d4d4d4d4c4a413d3d46444441
4849514c4a4949474948494c4c4b4c4c
666866646358555548444245444a483d
5f6365666564635e656a675967676766
5d5a596663615e585a5e616463646666
5b60636361615f5e5d6168655d646263
52514a4945463c3f4849474639394a51
7068605554575457564f474745495151
8584847e7c7b868584837e7c7c7c7b79
7d828281858789888a878a8a88848082
797370787f7b7b7e7a7775737575727a
71717075777575747a7c747272727676
72747370706e72767776776e6c6a696a
777771776e7871736f6e6d7271707071
8788828282838688858986857e7a7075
787e7e817a7e7f8781857e7d8c8c8883
5c63635f5b585b5b5857555f707a837f
5b5c61645e616d7978827e75766c5a63
5c73685f5d635652535a5a4c59575b5c
626867645f59524950554f565c636265
54535253515456545756555350575c60
4f575b565b53605d615c524a47515255
504d4a49464044484851535556575956
464449484a4b474a4e504d4c43434f53
656551514e504e47463f414b4b4b4947
787b797a7e7b747074757b7c71776963
4e4b444a4a4945424b44444b5f737075
4647524c564a54504b4c48424e484e50
51504f4d4a484b4b4a4f544b4c484448
4a4b47494845474c4a4b45474952504f
4d4e4f4c51504f4d4a44454749494a45
4b4b47454f4f4c4b4646464b4d494e4c
494d4e4f4e4d4a46473b3d3d4a494b4b
434345454c49474b47484a4e50504b4c
64666865625a4c4c4442454243494242
5c5f626665635a5f686b676767645b62
5d57576765605c54576160616261615e
4f595b62615f5f5d5e5f65686867615f
524e494849484a49464545383e403b47
6c605c505555534e4a4b4b4b4e505353
84817a7d7b80868487857e7f82807d7c
7f838284858889888685868a8b868480
7978737b7d7e7d787372757576777077
72727178777575777b7a797773746f74
76747271706e747a766e746e6c6c6d6e
737274747375706c6d6f6e7071707071
858682818485898b8a8584847875716e
768183847f7c7f817f82807c8a888884
5c5b5f5e58575a5955565d616f7e837a
5858575f586470797d817a75726f6761
676b655c5c585b56525858575659565b
666a64645f5c4f4e505050585b5e5657
4f535150525557535657585759575f68
5b5d5c58565858605f57535054535555
4a4c4a4c4a4949494552545451575d5c
4a474b4b4d4e4c4e4e4f4e5248465251
6d63564d49444344433e3f384349484a
797b797a7b7a767275797c7d7e796f6a
514f504c4b4743424343434161717276
4e535555565655514b504f4a48454c52
51504e51504b4c4e4e4f5352524c4446
4e4e4c4e4e4d4c4c4c4949494d524b44
4e4d4e4e4f49484d4c524e48434b4c4b
4f4e454043423c4644454a484847534f
4d494b4f4e4c45424a484a4c4d4e4e4f
46454548494c4a4948494b4e4f444c4d
6664685d5e57514b484547494d4e4645
5d6061626665666968696b6767646162
5f646563665e5d5c595961605e545154
515757546263615f5d6668696a665e5c
524f4b4846424c504646484646444241
74675f5a56534c4a4b4e505151525253
7f7f7e807e8485847777827f8885807b
81848285888989888483888c8b858486
6f706e79777c7d767678797c78797378
716f777b7a767979737c7c7778746d74
7c7c76706f727a79757272736e6d6f70
7677787576766f6c6d6c726f6f6c7179
7d827e838785858b867a7f807a736f73
7f84828383847f7d808785828a878783
5a5d5e5f5c5a5b58544f5b64677a7878
5955615a636e6b787e82847e6e65675f
64625f5d665c524e4c5757575557575b
79736e686b5f55524b4f51575b5b595f
51535250535657555657595a5a5a726d
605e58595754565451534f4e504f5351
423f484c484a4846495253514e565d5d
4d4a4b4c4c4c4b4c4f53515556565346
4c48474f4747474746463d4a494e494b
6d6d7872757671727479767b7d7c7466
504e514d514c454648483e435f6f7a74
555556555554525154524f43464d4e51
454e474d484b4f51535453514d4e4443
4f505051524f4e4b4b49474c4b504943
4d4d4e4f4e4b494e4b434847423f4d4a
4f4e41403f403e4645464d4a494f504f
4d4c4c504f4c46444b4b4c4c4f504f50
4a48494c4b4c4742403a404c494d4c4c
5d65665f5f5958494447454a424b4647
5c5b575d5f616767696b6c6a68666364
686769635c5d59595c5a5a5a58534c50
56555c6161565862615a5c6968636060
55524e4f4f4b4c4d4644434747443d38
73686158524f4c4b5151515252524d53
8081848483878682787b837c828b7e7d
778385868688877e7e7a7a878280837b
6c6d6f79767979767578787c77777470
6f76787a7678767c79777c69787b726e
7b7776736e7279756c6e6e6d6c6f6f6f
70717374777870706d76766f7074787a
82878486868b8a898279837c7b777478
8586878385827d7f888b8782827e7b80
50504f4c49474c4a49545e6270777778
595d595f4f6b737a77867c806c586652
5f5d5f635d5b524e4e57525756565556
7278696869615950474a4b48585a5a5d
515149504b4b484a525658585c5f6d72
65665c585450545151524e4f5250514f
4d4a4c4e4a494b4b4f4e4c4f4b56585e
484b4b4b4e4c4c4a4d4e504d4c494744
5d54514c4e51504c4142424b4e4f4b4a
6e6f7473777372727a7b78747d807564
4f4f4e464f4c4648484a3e52636c7a70
554a56544a4b4e545554504950535551
4648444a444450535253544546474443
4f515252514f504f53504c4a4e4e4946
4e4c4c4b4c4f4d4e47494647473d3e4c
424240413f494f4d4a4f4b464b4a4e4e
44454f4d4d4c4e4f504e4c4a4e4d4e50
4c494c4c484b484445454a4c424d4d4b
656766625d5e584e4d474a4b464b494c
615e565a58606368696b6c5d69676061
6967615b5b59595a5b585a5056525357
50575461605f5f6365655b6869675f5b
525052504f4c4a494140454246433b37
7469615353504d4a5353535555524d50
868682817d858584827e82808287807d
7a8484858687867f7a7d79847e7d7c7a
6c6d6b7676726a667677767472727170
75797878787b7b7a7875787373726f6d
7370707077797b797775717075757778
767a7b7c7c7671717071717370797876
7f868686858c89848078817f7a7c7978
7e8080888684828283818682817e7d7f
52514e4f4c4a4b49485a5f5e5a6e7478
58555b5e5f6f7c7b82807b716c5a5357
62625e69644f4f4c5355535853505555
6d5e676c685c59524949515556595d5f
4a4d4c4849494a4d5558585c5b63736c
5f62565552495756525254544e504e4b
4f4d404d4c4b4b4a4e4f505050525869
4a4b4c4c4c4d4c4e4c4d4d4e4b48494a
584e4f494e4d49403f434a4d4e4f4c4a
6f747577767879787477797173877664
4f4e4c3d474c4941434246536d6c706e
484a52494d4f4f53534b504f52515350
4c47434d4d4c4f5154544e4747454344
5152525351514f5151544f4a4f4d4044
4e4d4c4d4d4d4d4d4d4a464c46493e4e
424241424d4e4d4c494a49474c4f4e4e
4b4d4e4748494d4c4443464a494a4e4d
4d4e4f50494442434242454a4a4b4a4a
606669665c585b4e4f4b494d4e4f4d4d
5a56545350616165615d5d5e6d656264
6467625e5c585a5b5b5a595756535858
3d474c585e615f5d6068686569666263
50504c4f4e4d4a494747474637363f45
746a5f57555250505554545352505150
878780817c7b85858482738080837f7b
7e8084858686807d7d7f7c86807c7b7c
736e727475757377757268707074706f
787878787b7b7c7a776d797674726e75
7172737175777a7a7a7876777a7c7978
7979797a7b78716f72717272707b7977
89888580847f868281848483797c7a77
7c7f8084888681807f828587827f8280
514f4d4d4a494951544e4e626c75787b
565f5e62676e77787a76776865585850
68625b6057535150534c535555544d56
716d69656059583e444c5155565a5d65
4f4a4a4e4d4b4d4d555555565c67736e
665b54514c4d4b554d525351494e4c49
4f4f4a474c4a4c4e4e50515053595559
4c4c4a4b4b4a4b4c4c4c4c474f51514f
4f46494c484b4647464c4f4e4d4f4c4c
6f71707776796f76757b787779847a76
4242454a444c484745474a557172686f
48484a4b4f54525245464c50514f4c42
43434342514f51565548454647454242
5051504f51514d4e514e4d514e4b4a47
4c4a4e4e4e4e494b4c4c4a4c48443e51
4544484c4e4e4d4e4848474d4f4f4d4c
4c4a474847484c494a4b4c4c494a4d4b
4e51514e4b4745473f3c454a4c4a4a4c
62636267575b55554c464d4f514e4d4d
57544a52545d5d5c5d5f646568666064
6563665f555259565a5b5a5056575b59
444e565c5861615e5e6368675d5e6666
504f4f4d48474749494847443e364342
786b5e5956554e4f5254515152515251
87797b817f7b798785837f7f8283807d
6f7e82848585807f7e828786807e7f85
7b737470736a6f74746f6f727374716f
787771767672777a78797b7a79747a7d
73727476777979797c7b7b7d7e7c7a7a
7b79757c7475737472736f6f75777977
89858585847f7b8887878680756f7c7a
7d7e808388858382848584888382817d
4f4c4b4b474847545145465d6a796f7b
536f596670827e7c787672686256504c
6d645f5f56575553534d544f53524b54
73777c67615751464b505658575b5866
494b4b4b4d4d494d5353555f616a7072
5e5e4a4e4f5455525152524e48474648
4e4e4b4447464c4a4d50505152515055
404041403f40454b4b4d494e4d504f4f
554b493f3e46474b414a4b4b434f534b
73727373767772727778767b79797b71
40403c41454a484847454a556f6c746d
4b484e5258575252504d494c52504841
43434252534a4548544d474a43444341
4e4d504f4f4d4a4644454f515152504b
4c4c474d4a4b48444c4d4d4c49464051
4447484d4d4f4e4b4746494e4b4c4a4d
4948474547484648474d4c4c484a4e4a
4f51454b4e4b4b45464647454d4b4b4c
5f66675e5b615a594d49454c494a4b4a
52525252485b5e5e5d636b6067625d5e
5f6869615b5857585a58545557545a57
485760584d61605e5e64686660656967
5252544b4949474a494944414240454b
71645f58545453505554525453545453
857b7b81837c7c8786807f7f81818287
6f7e84847d7c807f8285898785838787
7a77747170706f766e706f7178787470
78787577777178797877797a746c787c
7775727879787a7c7d7d7e8183817d72
7b797875727478797674727375777675
898a8989817d83898882888074737d7d
7f808185837d80848482838080828080
5552504c474a54504b4a595e65787177
6b565360748c83947e6c696560565350
606864554e4f50504f4f4c4d525b5c65
747674635f5f59514b4f605d54546165
495152504f4c494c5452515f65616764
6359435353545250504d4c4b4a494748
4e4b4649474847494e4f50514f4d5253
484748484543474a4b47484f4d4f4f4f
5a4d4a46453f3d42424a4c4d47484a48
6d6d75797a7a78797971777a7a7e6e6d
4849454143443e44424348536b66686e
4d4f5055574c5152504d4d4e4e4e4a48
4c464f50534f46415151464540424241
47464d4d464d4b47474e4f4f4c505251
4c4e4a494b4c49484e4d4d4b473e3e45
4b4b4a484e4f4d4d4948484d4a4c4a4b
49484a4d4b4b4a4a4e4e4d474a494c4d
4e4e4d4d504c4146474847484a4c3e4b
5e625d61625b564f46464849484c4d4b
5357524e4d5e645d5a65676164625e5d
6a635e615c545051595754534f4e5456
4a5554564d545855586860616367676b
4f4b52494e4c4b4e4a48464444444545
7765655b4d5554525554535155565551
7a7b7a81817f8187877f7e7e8080827e
757b767b787882878788898988888787
79777571757677757573727076777675
6a696f756f6b6a736d6c6c6a6b737979
7776747b7979797e7c7e7f7e7e7f7e75
7c7b7573737879797774737371737477
8b8a8a8985808987807f847f78797375
817d7983858486878684888988878689
57575656555756564c4f57565f6e7479
5f5f5c697a85938e876e615b54565957
716e665d585755514e4c4f5458685e61
74756f78776a5c5551545c5f5755676a
494951514d4c50515054525a5a636e6a
4d49555859545450514e4d4b4c494b4a
4a423f484a4a4a4e4e4d4e4a4b4f4a4f
4e4c4b48494855524a454e504d4e4c4e
63554949453e424242404a4149474a4b
6c6d6d6d7879777979777b7f80786c5e
4e4945424044434244434c5566676a6c
4d484f5452474c524f4b4a4845514e50
50474a4b514f4b414344414246444342
49484b4a48484345474d4a4a45474e50
4d4f4e4d4a4b4747484242474a474745
4c4c49423f404f4d4a48494c4a4a4c4d
4c45444a4b4c4b4b4d4d4c4a4947494e
4e4e4e4e5047404649484a483d3d4346
5b5c605e626453504d4a4b4a474a4a4c
4b4b473a4f58595a6466636264616061
6b675d57574f4d5659555452514e514f
4c4d56575154575b6566615d5f636768
4d5155504c4e4c4c4949474544424447
786c6659505454565655545554504f52
7b7a818585828486867f7e7e807f807e
73757677787f82898689878788888987
7475736f7272777a76767576787a7674
6a696d6d6a656a6f6d6d6d6c777b7c7c
777575766b72787b7c7a76777a7a7b67
71777676797a7a787777757375767678
8b8b8a88888889878487867f78797575
82807b8184868a8987898a8b8b8a888b
5757575758595757504c5a5b5f6b747e
6b676d6f839170697968645c5c5b5958
6b6c6a615b5c57544f4f555b5f58595e
71757d847b686156535152555a616d6a
47444541485455535356545859676d6d
4f4e5a5a52575855504f4d50514d4a44
4a47494c464945444b444e463f4b4c51
4d4a4b4b4b49444b4a4a4e4d4c484e4e
4c4d484c46424345453a3a4649494a4c
6d737471746f767a777a7c7b7c796c5e
4e4a44403b45444445424c4964686a6c
444f45484d4c4d504b413f494344494f
4e4f4f504c4f4f4e4b42434746444243
4d4c4b4546424243474e4c4a494a464c
5152514d4d4849474543424d4c4b4b4d
484c49454540414e4c4a47464b4b4a4e
4d4a4642463e4b4a43494c4b48444448
4e4d424b42454b4c484a474847494b4a
5f65615e656553504e4a494948464044
4a49403d434e545967646363625a6263
675f615e544f5557555154535251524e
4e52545454575b6567645f5c5e5e6869
5350494b504f4d4b4a473b3943413f45
6f6e665954534f525352535350464c53
7b787f80808483827c7f797e7e808181
6e75757c7f8182828588847a797a8485
756e707372717273737170727573716f
6f6c6d6c6d6c706e6f747979797b7c79
7673707373717c7b7b7b7a7272747669
73777672797b7a797878787777767670
8a8a817f8789898988898782807c7674
80838486798486858785817e848b898b
5858595958585657595a5a55676b7581
656f71768e96716a7067675d5e5a5858
5e5d5b5a5156565b4e545557605e5f62
7379716d6c56575656575b5a54616567
4545444b5151525353575b5f5e686b66
55595b5959625f5553504a4a4f4b4943
494a504f4849434545474d4c4e465051
4c4c4a4a494b4a47464e4e4d41464b4c
524e4b4c454445484641394447484949
6f707573706d7777717b7c7a80756c5e
4e4a43414042444342434b545f666c6f
4e4c50514f4e504f4c4b4a4744454c4d
4e51514d425050504b41434644474142
4c4c4844433f46484b4f4e494c4c4f4e
4d4f4c4849474641474142404940434c
4c444444454b4f4e4d4e4d4d4a4a4a4a
4948464847484348484a4c4a4746474e
4e4c42434348484a44464d4e514b4b4c
646864625f5757504d474a4b494a4a4b
4f4d4d48424a51596261625c5d5e6161
6866635d515152515253535453505451
565d5a5c57585c666866615c5e5e6967
53514f4f4f504c4b4949464242423e48
5e65645a5654515355514343494e4f4d
7a7f7e7c817e7675737174776f716c73
70757a847e7a7a7d7c8581797e777b81
766d7072777771737175747375737170
726e6a686d6f73737879797778787978
76736a6e7372797a7a776d7474757876
757671716f74756e6f6f696763646775
8882828180898a89888885827b7c7875
7c8384837f8385858684827d84868186
5a5a5b5b595a5a5c5b5b5954616d7687
727378727d918379646c6a615b5a5a5a
715f52535156585854565a635a68676d
6e7673655e5b59594f54555b6267676c
43414f50535353555859596265686f65
575f68655e58575757545148514e4444
4e52504e4d49454547494d4e4f515551
4b484a4c4d4a494b4e4e4f4d48454e4d
525c4c4b44434048484440444547404c
757877726f727978797b7d7f817a6c5d
4d4a46443e3d3b393e41445361666e6a
505252504e4f4f4d4c4c4946484c4b49
45524f42434e4d4f4e44464446474242
4b4a4441403f4b4c4c504b4b4e4d4e4f
494a4b4d4b45424647464445464b4749
4b4847464d50504f4c4b4d4d4b48424c
49483d48484746474b4e4d4442424d4f
4f4c454649454a4a45464a4b4c4c4b4b
665c6464645c574c4c474a4b3e4d514f
53515248413d4e625b5f5e5e60605e5d
68635b5b5755565655514f4f4c4d5755
4b57585555565d67675c595e65666869
4f4b4d4e4c4e4c4d4b4746453f413a4a
686b665c57575758585349455252524a
7e7f7f7b777776757472747374746d74
6d7783847e797a7a7b84827f7c78777f
6f6b7275797876787676767376767368
746f6c6e706d7278767a7d7b79777c79
7773717272746f6c7070757875776f75
7576767474717173716f696661677278
8782838489898988888986817c7f7675
7f807d7b7a787c858786818185868084
5b575a525a5b5d5e5958545765717c83
7a7d7a728d92816c686565615a5a585a
615053535357595c5c5b5b6260698172
717c6f68645c5b5954575c6466686a73
424e53534e5153555755566066716d6d
575e5f5f655b5a5c585758534e4f4a4c
5154534d474746474d4f51515152554c
494a4d514d47444e504c4c4649474f50
4e5a4b4947454849443d46464845454f
697a776f6f797875787a7a7a7c72615c
4a4746453d3e3b383340324b5f666972
4d4b4b46464e4c4b4c4d48434c4d4948
3e4b42474e4d5046494a4a4949464546
48494845444445443b44423f4440403e
4a49454c4c47464949484744494b4447
4d4c49474550514e464e4e4d4a4a4e4d
494845464746454a4a51533f444c4d4e
4d4f4c4d4b454447414446494a4b4b4a
655e6462636153504d4748494a4e4e4c
4d4e4c47444d525b5e5f595e575e5e5f
685f5a5e5b555956525052534f4e504f
51545557575862675f62626169686868
5151504e4e484c4d4d474240423a374a
6d6b645e545859585448464f53515354
808484827f7c797c7d77757578796f72
75797d7f7a7c7979767784827b7f7f7b
6f70756f756f777a777777777272706d
75706c6e70787779797a7a7b797a7473
797677757273706b7174747879747378
77757372727271757475706a67757a7d
81837f8384898a877f8982827b797c79
817f7a7c7b7b7f868889848185848587
55595a5b5b59585d5a5d5a5e696c7e81
837e78777a807e72716662615a595858
5054595356585857595c5a5e6868707d
68726e675d55585b5a5c5f646a6a6c58
49504e52555555585a5b5f6f696b6b6f
646c6c6c695e5a55575755534c4e4c4c
54524e494848494a4f4f51504c515653
43474048494548514d4d4a46444c4e54
695a4b47464649484547474747464244
7478756e6f77747778767a787b71645f
484444453f3f403e38332f435e656873
4e504444474a4645494c4c4940474948
3b4d4c494b50504b494b4b4d4b474545
484a48453f3f423e4044403f3e3c3e3c
4a48484a4a46464a49473f474c4b4a46
4c4d4b49484e4e4746494f4f4b4c4e4c
464548484a464a494c4e44424b4d4d4a
4b4f514f4c4a4a444443434a4a4b4c4a
5a606262625f55504c44464a4a494b4a
534c4a44474c4e595a5e615b5b5a5c5e
676564605f5e52555151545854504f51
5258575a5957575f545f616c6c6a6868
52504f4c4b4d4b474947423f3e37324c
716d645b585752484646465150505454
7f848586848483837e7f817d807e7277
76797f7d7b7e7f78787a7f7d83817e7d
716f70737577756f7576777776717172
746e696c6c76787a79797d7a6f6f656e
757c77727171716e6e6e757277777774
6b6c6a6e77777675777674716a697877
84848182858488848686877e797e7d78
7d7e797d8386888b8a867e8183828386
504c57505759585a585b5a5e68778180
8d8d7b7574827b6d6e66585f5b58564d
56545a5c57585a5257605d5a656c7788
727968625c555a5a555a636b71716257
4d47474d535654555a5c606469716c6e
60696a65685c5a55515955514a494f4e
514d484847504c504f4e4e4d52545556
464449494e4b4c524e4d4b4649505050
55584d45494644454547484846444343
7477716b6e767673787b7b7b76706a5f
4749483c393c3f3b3d3a3a4b5d666b72
4f514f4c484645474748494c4a474548
343d403d4a483f454c4f4e4e4c4c4443
403f41403d3d414645424040413f403a
4a4a4b484544494547464a4c4b4a4043
4447464750504e4c4d43454a4e4e4b49
474046484b424a3d3e4240424b505247
4e5050424b4a4b484543424248474a49
5e5b625f635b5b52494a45484a4b4c4e
505348474540505958555b5a575a5c61
676765615d58565c5650585a59555256
525a555658585860595e615f67656967
5351504f4e4a4a464849423f3c362d4b
756c625b5756544c4545464b4e525353
81777b78777b8484847f787d78807c78
7b80827d7a84837b7b7c7b7a86837b7e
707574767775716f7177787778797577
777770727475747b77727d7d7e797172
797976777677756f706e7678776c7272
736e706a6c72757766666b6c6c6b6a78
8485828183848482838582817f7a7972
7b838587887f7e7f8285858185868588
5558505a5b5b5a5857575a5e6c768183
818f7d7578736e5d5f5e5d5b5850544f
58535a575b5a5a5658565665656f8096
726c6a65615a5f5a56575f6665625b5c
4c4a495257585554545c5f65676f6b6c
606165666f5e5b535458554f4c494e4c
524e4a4d514d5353524d505250535757
4545464c4f4b4f52504e474a494f504f
6255514c4e494543424247463f444745
7776736e6d7472747a7b7b7b7a6d6d6c
494c49403b44403d4345403b5c696a72
4b484d4a4946464642454d53504e494b
3f4344434545494b4c42464a4b4a4846
45423f4449494c4b49413e4548494841
494c47474c4e4c49504d4b4948474746
4b4c494f55514d4e4a464f4f4c4f4e47
43484a484f454a42474545464e4e4f4a
504f4d4c4c4a48443d3b3d3e413b3d41
61615e5d6560594b4341393f4a4b4d4e
56524a3e3f3854665b5a5b5c5e5a5f62
67686665605b5e5b55585b5a58565957
4751545859575d625d63625f5e5f6169
4b4b4a474d4a4a454149433f41372e39
776b625a5753544d484d4d4d5153524e
7f7d8281788384847e746f777f7f796b
747e7c7d7d7879797b83848787817b7f
7576777776736f6c717676787a776867
70787b6f777678767679736a736a7375
747171717877776b6c6d7272706d7177
72736f6c6c6d6e6e6c6c6d696a6b6b75
8686878585858286878482847e79716d
828182827f7c7b7e8386888485868787
504a4a4a57595854525055606f798185
758578756f69675c635f5c5d5a4f504d
57585657565a545854505961686c8599
697569635d5e5759575e64665a615e5c
4b484f5052595453595a5d676b6a6569
585c5e616460615c5a4955504b4c4e4e
524f4d4e4d4b4c51555554515154585b
484b4c4e4d4f4e4f504d4f4e51515152
5a584e4848453f4342403f444549484a
78776e6e6c68686a6d7a7b7b7c7d6a64
4544494546443b3e434546375e676c72
47474c4b473f47444345504e4d514f4b
444549464347484c48444e4e4a484647
42413c4a494b4d4d4b45494b4b4a4944
4e474c464e4f4c4a4d4e4d4945454841
4b4f4c4c4e4d4d4f4c4d4e4e4e4e454c
4944484b494c49494946494f4c504f4d
4f4e48414949473a3c403e4440474749
615d5f5f605c504c46444545474d4d4f
55524b453f34464d5c5c5f61625f5e61
65615e60625c5a51525d5e5c5a5c595a
4d545a5b585a575b6565635e5d5e5d5d
4e464d474c4c4746494947413d31303f
776b61534c52514a47494d5354464e51
8283848183858581786f6d787f7f7c7d
757a807e76757f8286868688877b8083
7374737273727072767576786a716b6b
76706f7478757173716d70737674746c
756b6f7271706e6c6f72736d70747574
7573706e7071727171747169696d7578
8389898987858887848482837c787372
82817f7c817c7a777e7d7c7c7c7e877d
4b4a4b4a555756555557565d70728185
6f856d6f6d616761625e5b5b56524e54
5a59585859575a5857525b6469697e8e
71716c5f665e58595c5e616462585c5a
4b4843484c4b494f54575a626367676d
61626568656260595f5c56514b4c4b4a
4a4a4b4b4b4c4d505554545455555859
4c4d4f5050515351514c5151504f4f48
5f5a4d484a3e3e413f4246444650484b
76706b6a6d6a696d787a7978746e6362
474948453e3d39373c3f47445f6a6c72
4748454343464848484e52514d454c47
474a4a484647484c484d524948443e3f
463f3f3f39404444484a48473b3c4745
474f504d464f4f4f4d4d4b4842464a48
4e4e4b4c4f4c4e4d505050504f4d4945
444d444643434747484c4c4d4e4f5050
484d4a4b474a47433b454145484c4a4a
5f5f615d5b5a524a48454847434b4d44
56534a4540404d515a5f5e6161605c5e
5956555d615c5254525b5b585a5c5c5a
4a595d5c57585965666767666361605f
4e4f4d4c4a4948484848474238243239
776c62575553514c474c4850504e4a52
8483848486858480766b767c7d807d80
7071767f7a75798688877e83847c8084
746c737273767075776f717674746f6e
746874767775767777726e7a73757470
77706d71747473717072706c76777679
7576746f6f7072727376746a6d707579
85838788888989888284847f74787674
827f79777678797c7b7b7b7b7f7d7d7c
524e4a51535357565759565f6c7d7983
917d7172726a645b635f5c5b59535252
5b585a5350575c5d5c505b6269647d93
75796a64655a5a5d595d515e615d5f5f
424442444a4a49555557525e5e66686f
5d5c5e605f605d575f5e56514d4c4b48
4848474c4c50504e5048545754575a5a
494e504e4f50514c464c515242474647
665b4d4a494641413d3d45454a4f4945
77746d6b6a6c6a777777797678716968
4a4947423e3d3c414142444b5f707072
48474341464848484d50515349484949
484948484947484c4e4e4f49433d3c3d
4847453d3b404248484b4a46443c3f49
4a4d4d4b4e4f5150504e4a4542424a49
50504e4c4c47424d4e4d4e4e4e4a4543
4d494c494244444749484e49414f4e50
484849493c3f42414040424343454345
646564625c5d55504d4c4940444a4947
585449443a3b625955575c5f5d5d5d60
63626262615e525552585859585e5e5b
3b585c5c53565c666260686a66605a64
4f4e4c474a46434a4548473f392f302f
7564625a57544f4c504f4c4f4e4b4b4b
81807a8283838381756f797d7f78737f
71737a837c7885878885808283788282
71716e7674727176767378767671706e
787676787979797a7772697376747471
6e6c707576767778747170767878797b
737373706e6f717069706f6f71747576
85858a8d898989888888847e7a76756c
837f7b7877787c7f7d7a7d7d7a7b7f7d
50515153544d5655585e595b69757c82
90707074706a615a605d5d5c58534e54
5a564d5a57595e5f5f5f6573895f7e95
767c685b575153545757535b61666d5f
454a46464b4a4b545553546164686f75
5b595e5f5d5e5853505756524d4c4744
474b4b524f534d484a49505353555a5d
454c4f515150454d4f50504b44474648
525b564b4d4a453e4443444647484745
717675716f6c73787576757879746c5c
4848443b3f454244413f425460737672
4c4b4a4947464a4b4f52504e4b49404b
45484b4c4c4c46424e4d464345403f3c
45434947444342433c3f3e4548463c3d
4a454b4b505352514e45484b46434b48
51514b4a4b4b4a494347474247454047
4e4f4b4948454a494c4d4d4c4e4f4f50
484c4b453d3f44414140414340444c4c
626063615f5955534e4b4742433f4448
595757493c485651435b5d595a5b5c5e
60676460625f5b55575d5e5e5d5d6658
4f585f5f5b5560635d61666d685d5c5a
5451494749474949484743463c36313a
736b6057534f50464a47454541474d4d
83838383848482777271747d7c7e7b7e
757e8484807e86877a79808081838081
75726d73727573766a6f727171727073
7677777977797a7d7b736c6c74747470
7271716f77787876726c687877757575
716c6b69686564647370757678747475
838280837c838684808688827e787670
86837c78777b8286847f7b7a79797a7c
4d4e4a5353525857554e5c656b758284
6e6c6e6d62605e5c5d585d5c5755504f
5b5b5452505b635d5c666b6e8489807d
6468685a565452535256595e5f63625c
444645454b4b47555455546064676764
545a5b59615c56515354574c4e464444
4e4e4b4e4d52504d4b4d55555657595a
4a4b4f50504f504d4f504f4b4b4c4a4b
514c4b484b494647464346454648403e
6c6773706d6f7170717679797b7a6d58
4b47434149483b373335235260717872
4d4b4b493e43464a4f53504e4d4a494b
3d434c4d4b4a49494b4e4847423f393b
413c484945423f43433e45493b3e3c3a
48474a4b4e4a4b4f4e46464845434946
4e4d4a444c494a454547484940454249
4e504f4b4a474a4b4c4c4b494f4f4e4f
463f4041474a49444543404646484b4e
5b5f5f6261605556514b474446474449
57615b4e3e4d4e4c375757595b5c5e5c
65676665656363605d5f626466556160
495660625b5861646263686c665d5c64
534e4a4747494847433e454a3b352e36
7369615a4c4b504d4b4847454d4e4f4c
82838283817f817976757b7c807e7e7b
777f8482828486858182828281848082
7473747476797a76716e717172717375
797978757976777a7d7a777578777677
70707072696f75706e72716d78747778
706b6a6a6866656574777777756e6770
82817f8181868581848588847d797674
85847b7678798284817a7a7c7b7c7f80
4c4b4a4d4c4b514a4b4e616a6c7e8685
76695f6a6662595c5d5b565356534e4f
5859585b555c5e5c59707370898a8688
68675958575758585157575a6364635e
4443484d4e4c4b5151515661666a6969
56585e5e5f5d5c5852504b464a484646
4d4c4d4c4f4f4f4a4c54545354565757
4c4c4e505252514e4f4f4f4e4c4e4b4a
5954514c4a4b4a473f3a434346494244
6d6e716f6f6d6e76727878797a7e745e
4d4c464348453c3a33352d305c666f72
474a4b48444345494e524f494d4a4949
424a4c4e484947404b4a474a40413838
443c3e3c3d404045403e49453a393d3c
49474a4a494745494c484346443b4844
514f474b4a4a484a4b49494a45404b4a
4d4e4e4a49464a4c4b4c4d4d4a484649
47484847484a4946454545494942454a
5d5e6161625a54575048424243424b49
60545f534c48353a415355595e5c5b5a
666665606367676c6e706c6f626a7171
475460605f6360626466676a625d5d63
494a4846474848473c40474839333540
7164614f484d524e4b4847444e4d4e4a
8382838381827b7c7b797b7b84817c7c
787d8286828386858586858583828283
70747575777777787576736f72736b76
75757678797870727575747a78787675
72726f6d6f72706d726d756d75727076
6e6d68686a6a69736a747173666c7a7c
7c797b817d817d81828589817d7a7373
8379797b8183858683797a7a807e7f7e
525052544e4e4d494a54536374838483
6f5f6a6964625a565e58535257565252
55555a5a595962777666757b8a888991
63615d5c5b595d58565556565a646759
4845494c4a525251525357636b6b6968
595c5f6353555c58534a474749494a4a
3d3c444a52534c4d5453525252535353
49494a4b46464b4b4c4d4e4e4d4d4a3f
5e52514e464a4a484645414647453e45
6e736f6d6d69727371767678757a7a65
4c48434145443e373c3c485459626b72
444949494542434749504f4c4d49464c
45484d4d48484f4b4a4c4e4a423e3c3c
48454a433e414242404949423a3a3f41
4b4a49474947494a46484647443a454d
4d504c4e4c494c4d4d4d4e4d4a4d4b4a
474a43474348494b4a484a48494a4948
4747404845464846434446474142474b
5d5e5d5f5c57554d4a464347464a4949
6b665e544d413939434b585b5a5c545d
64666564636b6e6e7570757474737275
4a575e5f6263616364656868615f5e64
45454345434347474545453e393e3f45
74635f534e54524f4a494d4e4d4d4948
85848383787777767275777b7e807c7b
787a7e837c8288828385807f79818180
77777978777877767477706e73727277
75777776797973707377787678777574
766f6f6b706e726f726f6f6e71727576
746f72716e6771707476706d72737a79
7c7f81807e7e84848484827c7c7b7274
827c7a808383837e7b7b7c7d81807f7c
5051535754505052575a535775848382
62686c5d5f5d5c5a5450534e554c5553
53545c53515c5883736d7d818585948b
65646663615b5c5956555354506a6557
3f3f4a49515452514c575d6870716e6f
556165605b545b59534d4a444743423d
404a4a4946514c4b4f52535251515249
494d4d474847484c4c4d4e484a4a4342
5c58514847494948483f3e4342464040
717074706f6c6c696e78787777767865
4446494546463c404240464c5f5e6a73
4d4c4c4a3f3f3f44444948504e484a3b
454b4f5047484a4a4e4c46433f3f403e
494744444445484b4e484a463c3c3f44
49433e4745484846474948404345464a
4b4c4e4c4a474d4a484c514d4f4f514a
4a4a4d4c4b4b4b484649474a4c494b4b
4741404444444444403e42413e424647
5d5d595e515a524d4344464243444241
766b60564c49384147535b5b595b5b5e
6564625d5b646675706a71696f70777c
45585e5a5e63645f6566635d5d5d6766
46424443434846454444433e3a303233
74675e564e53514b4a4a4d4d4d484747
838484837f7b78737773707c80827b74
6e7b7883817d7b7b7e8180807e838082
76777776787876777273747473747275
7577777577777775767778797a747576
7371716771716f6e6f6e737372737575
71706f716a73716f7576716874756c77
7e83807e7e828887848681787f79726a
7e7c7976827c7e878583838785807b7a
4c4a515857564c52525b5a5c6d7e7f7d
56536b66655d5d544f5351505352564b
5358565153585b626d7c89898b8f978a
6d6c6469635b5d565655524d51655c56
404249505355525352505d6f6e7e7371
525e6c6667625256555048444342403d
424b4b4a494d4c4a50504f4e4d4f4e52
4146474749494b4a4c4c4c4547493e3c
5659524e4b4745464340404041434445
74717273716f696a7077777976767061
3e474348463f43413c414757535c6b70
4d4c4a463d4043444a4c4d4e4e4a4340
4a5052515051505154514a403f42403f
484c4847484b4f4d4d464a473f3f4343
4445434c4a4a49474d4b4a4747434847
474349454a47474a484649494b4d4e46
4a4a4c4b4a4a4a49494a494c4b4a484b
383738423e463f41413f3b3a3a46484b
5c59615d585a5c4d4244444344393d3a
756d59464c4d49494b585c5b53575857
6463615d5b62727a79776c6d70797678
465a5e5c6367615f68675b5d5e626265
403c454046453f3f4343413e3e36373e
7863595050534e4b4a4d4d4949434740
83818384837f7a7375717e80817f7c72
6e757c807c777b85837c767e81828182
6b72676d6d7773747372747273747272
76787874747777767676757a77757571
72726c73776c757871706c7770747578
6e676a6f73716e727372726e7674776b
8385827d8486878682858382807b7670
7e7c7a75787b7f878788878687827a7a
4a4b52574d4d504f545b5a606b6d787e
59616a67615f5c5a595857555254544f
5856545658595e697982858b94968c75
7873616660615c58525653595d5d5d59
3b434e4f524f4e5856575c70737d6d73
4f6872656861575355524d4b48474542
3f484347494c4a494f504e464f504a53
474744404142404f4c4f4d4b4b4a453f
5c5e4f4b4d4544444140403f403f4843
766e6f6d6d6e696b7577727678766f62
464645454247444345424641595a636d
4946453e3e3d43484e4e4f504d4a4a4c
4e535353525151545249464c49453f3e
484b4b4b4c4e4f4e484a44484848484a
49494a484d4b4d4d4e4d4c4a4849494b
413b434647494646474244494a4a4d49
4a494a4a4a4a4845474c4e4f4b4b4945
3338393a454447444343423d393f494b
585657605f5f5b4e45464543443f3b33
776a5e55534f475056585b5a52565859
645e5f5f5e64686c6f7070707a7d7d7b
4e525e60616162616864606166666562
434546473944444443413e3d3f3d4047
6a5f534c49474a473d3f3f3c45444442
7e7b788183827f797876807e807b7b71
7678787975777882827e777781808281
706e706f6d7975747274757074757374
6677766e7277757c7675757571707272
7777787979787978787877766975756f
6b676e6b686d6a6d726e6a7474737777
8887868487868885807c7e837f7a766c
797476777b7d847f8888837c87837c7a
4e5255504f505053565557607376727d
6165696e64636157555456524f4e5755
58585758595b5e687f8e7f8a8e816252
7f7a6d675d57525755595c5c61605c5d
46444e50524f5154545f646f72757578
536c7668645f4f535855524f4d4a4b46
3e484444484c4b4f4e4d4b454e515455
4a463f3f434448484d5047464c4c4a44
605a4e494944474442433f3c3d3f473f
6d6c6b6c6b6a6b6b6f726e777a756c66
48494b4b49474544423a45414958606c
4445453d3d44454a4f4e48504d4b4945
53555352525351514d4b4f504842403e
4d4d4c454d4f4e4c4c4d4a4c4d49504d
444b4c4b46464d504f4e4f4d4e4d4f4f
4242494641454548494848494c524f4a
4a4949484a4a4b4c4c4c4f4b47494c49
36373b4346494948484644424443434a
56565a5f63625d534342424141383c36
646d625b564d44485553505653535355
5d5d5c5c616a717578797a797c7e7e78
4c4c6060606162636465616168676564
44403e4343414543403f3d3f3e404a51
685c55504c49484541413f4643434340
7f7e77778384817e7a797e7e7f7b7870
78776c727679778383807e7c80808382
6f6b6770737579767471777574747576
666f716f6e6e6a6c6b6a696e6e716c6d
76767474747374757575726d6a6c6564
6f727370716d6f6d6a696c6c71717676
8886838086817f81818585837c7a716c
7f7e7b78737879857e80808087807c7c
57585a5250555350545354617475757e
66697170666a5d5254504d4c4c4e5858
53585953515f5f6a8188948d886c545e
7d786a66625e595b54585b5d61615554
45484c4d4c4d5353555d65726c767978
5966735f6761565253535553504e4c48
4d4d4a42464345494c4b49474a484c52
49474647494a48484947444d4c4e4c4c
60554e4a4444433f39353e3f3c3e3e3c
69696c6c6e6c6a6b6768687674736c6a
494b4b4c4b464645433a4648435f6164
3e474a464644474c4e4c4c4d40444747
515353525354535151504c4744433f42
4a434e4c4e4d4d4d504c4c464d4d5252
4b4c4c4946474f50535150504d4e4e4e
49444a464445474a4b4e4d4e5053504d
4c4b464547484b4a4a4e5351444b4b4c
424445464547414b4948484444443e4b
54575c5c63635d4f48393e3f43414443
726f655d534c4c4e4954515551515353
5c5552565c6c6f737b7b7c7b777c7a66
4e4f5c5d5e5f645e5f6261616362635e
453c3b424548474241403e3d3e3d4d4c
6a605955504e4b414042434944464b49
7d81817f7f83807576717e7c7c867971
707373767b7d7c777d7f7e838482827c
71716873706d737a7778797676757373
696d706a6a6a6b686a6b6a676d6b6b6e
736f70737676757675746b686c686668
6b757273706d6f6a6a69616c6e6e7576
84847c807f7e8181828785827d78716e
82817477787f80797f7f8580787b7c7d
58595955504b545253505b6471767880
666b66716369545157594f4f53555659
54534e575c6469727c88818979695f64
746c696964605b5451555c53605a5555
4a4a4e4d4d4f4e55535b5c6e66777481
486770676d63615a55555354494e484a
4f4c46413e3e3f4d4b4c4b49474b4f52
47484646474543444645484c4b41424a
635a504b434244403a4541433d3e3e3e
666b706e716f6b6c696d6d727674706e
47443e423d3d393b394445463b59606c
46454d4b4648494b4e505049454c4b4c
525252514e5250505354504745443f41
4b424848514f4e4f4e4d46474c4b4c52
4e4a4c474a4e4d505352504d4847494b
504e4a4244454a4c4d4f4d504e4f504e
4c47494a4c48494b4d4e51504d494a4f
47474848494443403e4b4d4847494e4c
595b5d5c585958533e43403d3f454645
766e6b5d544d46434b515254514f5559
5454545459636c6f747979736f746c65
4c49505251525a5d5d5f5c61615c635d
42464848494a454440413a3f3f434948
6a615d584d454d4b4c464b4f4d4e4b3f
7d7f79757d7c787a7a7e807e7d7c7973
74767c827d7d7a75787f808385828280
7272706a717577787775727675757273
686e6f6b6a6969696a6c6c6967727273
767676757474727575736d6b6f696668
6e6f6f6f70706f6f6969676d6f717474
858686878584838386827d838077736e
828076788083827e7e7f8781797b7e7f
52585858564d4e4f55585e6471777c80
6b6b6d6f6e685f5a5a5952504f544d4e
53524e525166727d86828b796a695460
6b685c5e5a5d65565457575659565553
4b4844454946475155595e6b6e71736d
505a667376705d655754545350484a4b
514d453c3e41494b4c4d4d4a4c4c4e4f
47474646454c484742433e3d48473f42
6356514343404445454242433c3c3e3f
6d6e7370716d6668676c6d757574706c
47424241403f3a373e454545525f606c
494847474a49454b494e514b494c4e4c
515151514e4d4b4f53554c4744444042
4b464444474b4e4f504e474548494e51
434f4e4b4f525254525251515050504e
504f484541474c4d4e504d4f4f4d4f4e
464b4c4d4c4c4d4d4e51504f4e49504f
4448484848464649484b4e4d484e4c43
54575a5e5b5357514945423f3e41413c
76716a5b554c49494d424e5356535658
615f5c58595f666f6b76777678736c71
404a4f515052545b585a595758566261
4d4c4d4d4e4c49474445414041444547
6c685d5456555754555352525453524e
7c7b78777e7e7f7e7b7a7d7a7c7c766f
76787e7e7e77767e7e80798276747a77
74757474767a7f7d7775747174747371
6a6d6d6c6a696769686968666f717370
706b75747675737070727272726f6a66
6c6c6d6f707270716e6f727173737671
87878788878786847b7b827d7f78746f
7879787b7d84817e7a7d7f827c7e7f80
525758575550504f575c5e5f6c777f80
717171756e635e5d5a56534d4c4c4b4b
525256535e777c808d8c8b8675695155
685d5c625f605e595653585659555554
4b4543414c4e514b4d586270706f6f6f
56606867786f5f565e59555350454b4c
4d49433f3e404c4c4b4b49474b4a4f4c
484844414249454142413e4141464142
63564e48423d3e3d384644443b3d403f
74737875756967696a6b74757577746d
4846474745433c393c37364e4f5c5e6b
4a48434444474549464e504c4a4c4e4b
504f4f504e4e4a4f52504c4845454441
4845494643474f4d4a4748484f505251
414c4d4d4945444b4d525150514d4843
4e4d4b4648494b4d5051444d4f494c46
4d4d4e504f4e4e4f515251514f51504f
3b434547494a4c4b494a4b46494b4245
5456555f5b5352554c45443e3e3c3b3b
6a5c5d544b4341322d3c4e5556585853
5e605c58585b696d7377787779767171
4e575c5f61616163656564605c5c5f62
544e4f524f4d48464347414242433e42
765f5851585b5e594b585c5958575c5a
79797a7d80807b7b7b77797b7c7c7971
76767d757c7d8080777a7b797c787676
6b777777757978797376737475737373
7475706c6b6b6c6b6b6f6f7474726f6a
6b6c727676717372737274716d6f6d65
676a6a686b6d7075726a6f7474767570
88878788878787847e7b807b7474756f
7f7c75757a81828584867f8081828180
525158564e52525758585c5f6b747d7e
7372706e635959585954524c4a4b4c4a
51535759656f83838f8f82847569525c
706a655b5353595654535456524f4b46
4b434241404d4e515057616d6a6e726e
57636a6c746d615e5b59565351494e4b
4c454041444b4b44484a48484a4b4c4d
4b4943464646424141413f3f40414c50
65584e4b423e3f3b373b44433e3b4445
737476777674706d6a6f7576767a776f
504e4b494a47423c3939374b4d5a5c6b
4b4a48464747494b4a4f514d4a4e5451
50524e50504e4f50515151504d4b4842
4b4a4a4b4d484b494d494548454e504a
47524d4e4746414a5051504f51504b4d
4f514b4947474a4c51504c4d47464b4a
4c4d4d5050504e4e4f514a424f504d4f
46484248454649444b4e4a434b4a4348
5151565a5d5c5b564c47403e403e3f3b
5f5a6054493e3f3430334b5656575853
5f5c53555a5d616360646c6c6e706b6a
535d606064666567666766635f5d6464
584f4b51524c464444413a383436324d
77675d55525a5351525c565a565b5a59
7879777f7f7e807e717479797c7e7961
74747a77788180817b7a7876817e7878
7275737474737675746d6e7174727275
7171706c6b6b6c6d6b72726969696866
6f7276767170717373716f6973706567
706e6a6a6f71727472666f707676736e
8786877e7f7f838582797c79746c756e
817d77777a7e808385837d8083817f87
4e57595751505657585757576e787f7d
6e615f5a5754565d5455504a4a4a4d4f
4d53555e6a7381909a918675625a4d67
716d5e58514653514d4f4f4b4d484b48
413f484d50504e4a535b5f6b6d6c6e74
4c59676e706a5f5c57524d5342424845
4b4543494d4c4745484745474b4b4b4f
4847444a484644434547424240454f4c
6b504c46413e3d3a423f3d383b3a3f45
71737677726b6e727673717477797976
49484844474646434240404948515d62
514945423f4a4c4d4e4c4c4b45415447
4a4848474c4e5251505252534d454546
504a4c49414546434544434250505150
4c474f4e4c4c4d4f4d47444e50464a4e
4745423f45474c4e4c4d4f4c46464e4d
4b4949414a4c4d4e4d4e494e4f504e48
434247494849494b4b4a444741464447
5b5d5f5e5454544b423a3940413e3e3f
5f5c5a564d43453e3d3d495455555557
605e5d5c5a5d5f5c585962656b69655f
52595d60616364626163686564646363
56545057544f46443c3d3d383739494c
77615e58545959585d5d5d5c575c5a59
737378787376787e78797c7c7e7d7c7c
747579797f7f7b767b7a7c7784817a75
727273757573747676737473756d726f
7071706c696a6b6e7375736a6e6b6b66
6f6f6a6a68686563646f6f6d7169666f
70726e7073736b727270727372757673
877a797a7e84868382807e7a736d7675
807e7b79767a7f797c7d7c7e7e7c7a79
5757595652515657585657616b7f817f
605a5c58544d524b4c52514f4b4f4e53
5355515c676e859d9a89827567575d6f
6d675b4c3c3f48525052555457565056
3d40404d53524e485458616e76727a6b
4e5869776e5d5954524a48454242403e
494644444a464243434647484a4a4b4c
4647464848464343464a4441404e4e4a
655542433b3e37434341413d3e403945
6e737676756e717376747476787a7675
4b49424146474145473f42483c535e60
4c433f4144453b3e473f3e454e4e4d4d
4a4a4749464e50515355545351494446
4f4f4e4b44414445454a4f505051504d
494b4d4e4f5151514b48474d47454e51
47484541444a4c4f4d4f4f4747454f4e
48484a4d494c4d4b4c4e474f4e4c4c48
444648484b4442424142423e42424348
5b5c5d5e5c58524c433e3b48473f4041
5a5357544f49413b3f3c415255515358
5f5f59514f4d4e4e505653576765635b
51565b5f606464626364646565645959
54585a514c4d4649463d3c3b3d414b48
6b5f6158545958605d5c5e5d5a5a5d5b
777b7c7a7a7e7e7e7b787c7c7d7e807d
6b6772717178757875787e80837f7974
6f6f69676967677777777576726e6e6f
717373726c70707274756f6b70716e71
6d6e6a696868676664706f6e6d65676a
6e70676e75736e656e6c70716f6f7470
86837c7e7d8281808475827a74726f70
7c7d786e767a817f7d7c7d7d7b7d7c87
57575550505253585757534e68747d7f
5858595854514f4b4d5555544d505055
57504c556b808a91958b7072655f5e5d
655b4b414547494c4f50555a5f5e5857
4442434f4e44464a5363707177757566
4f5859636159605a544d504e494a4543
474340403e3e4142454642484a4a4b51
433f45464745403f40464540424e4d4a
63514435393c44444342413f3a3f4047
6d736e6e6e6e6f6c71717778797a7471
4846423e4042443b3b39434835515162
4f4b484340403d3f4243464b4c4f4e4b
483f3e464850535254524851574d4142
515054504a4a4646404c5152514f4c4d
47505253515152494d4f4e484348504f
4c4e4a4a4d4e514f505049474a464444
484a4c504b4a4c474a4c4a4e4a4b4b4b
47464547444349444343433f43454749
5c5d5c5c5d59544a464c4e4c44424144
595753524f47423a30313f5155565a5a
6258554e514f52514c50525b6459595a
585e616063636565665e616463616160
5a5c5b514e504e4f493f454342444a51
6d60615d5a4f5e5f5f5e5f5960605b5c
8180807f7f8080807f797b7a7d7f817d
6c7276727378757b787a7f7f82807d76
706d6c6b6b6a687377757574706d6d6c
68656966667376767475726f706b6c70
6d6f726f6a6b696c646a69696d6a6669
6a68666d7373726e6e70716e6e6e716c
857f7a7e7e8084838480827d7a73726d
7e7d756e7a7a84817d7c7c7781817983
5759504e504f5556565352535478807f
565d5a5654514f4e4c5156534e515057
5857545b77878b9a978d666b615a4a4e
5e594f504f4b484c4f4d52675d5a5852
463f3b3a4040454d556a6f737a757266
4d54585e5e5b5967545353525046484b
46423f3f3f404044444345454a4a4b4e
444444474644404140454440434d4a46
6452443a3f3d43434042403f3e404146
6c7375737270706f717271777a797570
4145413e403c3b3a383d40432e484d58
4f534c43423f3d41454245474a4c4f4a
45474b464350515150524e514c4b4444
4e5254544f4e4b4744434c53504d4c4c
4f5254555150524647514e4a444e4e51
4f4d4b4a4c4f5354504e4a484a474749
4d4e4b47424142433f3f3e4a474b4c4c
423d4544444541403f3d3e42454c4848
5e5c505c525c554b48494e524c414144
505351494a47423a3e3f48515452555b
5f5d5756574f4f4e5255515b51555050
50524d504f55555c5857646463615f5b
5d6160575b5257554d4646434444484f
645f5e5c5b53585b5b5b5e5d5d5d5d5c
767578797d7d7a767d7b757b7b7b726c
6b7274737471747f7b7c7d7f827e7774
736e6e6b6f70767673716b6b6d6b6d6a
68646967686e75767576747372727271
727275736c6a6b67696a707171666469
68696d66717271727172706e6e6f706d
7a7a7a7a8385878584797d7d7269716e
6e7068716e797e7d757c7c808b83807f
55595555545256555656505569798280
565852534d5150505758575251545657
5b5b58607d7c8a9467666a6757564d4e
63615353504f4b4e4d535c6462635f4c
4b444645484b4c5a5c647c747976745c
4f4e525d5e54514e564f545049484a4e
43403f3f40424440414443494a4a4b4c
444343433d3c3b3736403f39443f3f43
6553444841423d36383443403f413f45
7572757574707070716c6f7678797470
433f3f3d3d3c3a39403d3c4137445c6c
4e494947464645423d45494a4d4a4640
484f4a46505052535453515048454646
545158555351504d4847474d4b4e4e48
5254554d4e4d514b464f4f4a4c4e5050
4e4e4c4b4c515751484646404140434b
4d4a4a473d3f42463f3f3f3d464c4c4c
3a3a42443f3e4247444045464b505051
5b55515a5c515345485359564d434242
54534f48494a453c3e43484e5154585a
5a5c524a4e4840504b53525453574a54
50514f53535556575958576664636262
576469615c5c5b564b49464344474e52
7166635b584e575a5a5150545a585a58
787879777a7c7b7d797a757878797467
6f75746d6e727f807e7e8182817f7777
6e696a6a6a69767675726c6a71717071
716f6f6e686f74777977707073767475
75767672747272737474757473717171
6e707174747472706e6b6b6b6d717274
807c7979868682827f7a797d75716c69
79746a6d6e7a7d7d7b7e7f868a7e7f7e
555b575455525057595857566979737c
4c52514d52575655575755534f565656
62616275846c8f81676769655f534349
635952544c454c4d5060716865696450
5151504d4d4d48546266747d7a74695e
514f4e585e5d5b555551504e45454b50
3b383b3742434242434546404948494d
4543433f3d3b39373844433d3b3c3d3d
56514c45413a37374240323541424447
77727272717171707270727275737970
45443f403c3c3a4543413f3e31435362
4c46424946433f434547484c47464444
4e55585b57535152534e515149443e3c
575c5d5954484b504c4b4e4b4552524e
515655514e45474e53534e4c52505054
434945493d40504b3e434b4a46474c46
4f4b41414441393e403c3f4b4c454745
464248444a4b4d4f4e4b504d4f4f4e51
5a5355595c5450484b555c59544d494a
5956504e474644414143475151595c5a
5e5d544d524a493f524f4f5055544c59
56545760616061605e5d666866626463
5968665b5c5956504b4c4747474a4a54
7274695a575756514e4b494a55545b59
777779757b7f7f7b7c7a6c6d70777a6d
747375777475828181818280807f7c7a
6f6b6b6b68696a7675726f6f75706a6d
75746f706671747577756f6b75787472
716f76727571727373706f7073737375
6c6f7073747271676464676e70717171
837b7b7a8885827f7b7a7b7c736b6b66
72716b6571787c7b757b7c7d7d7b7b81
595c57554f55545357595a61656e7571
51555a53575858525957535257595757
5a606d827a7e777e616563625c52414a
635c4b544b41514f50636e6b68666262
55585a5a58525564636b727a746b685b
4c4c55575d61615a55534d4c50525756
3a444342434444444444474849474c4c
4745433b39373f42454643403e3c3b3a
574e5347403c3342423f3a3440474949
6b6c6c71716c7173706f707271737769
464545423f3e414643423f372944535a
4c484446444746484348474444454646
5257524b5b564e4e5051515e6a5c4e48
6367635e5656505151514f51524e484b
56565555574a5367615f60565c54545e
4748464542494d4e5153564f4a4c4d51
514849454843413e3a3b39474f474846
47494f5856534f4d504a494f4f504e53
585758585d584a5258595f4e57544b48
5c5b5653514c49423d444e53575c595c
5e5f5848574b4b4b53595a5459585c5f
5e5b656864666866686b6e6f6d636665
5c6560575b5e5c58534d494b4a4b555b
71746b5e59544a4653544e444d555656
7b7774777a7e817f7c797777797b7d6f
726e74767978787574757d82807a7c7b
72696c6b6c6c6d717573727376777673
716c716a7370737374726d726b747170
73747574746f6f71747272727373746f
65635e67727171706f6e706c676c706d
7f7f7f7d8284817e7d777673716b6963
71736c626f7682807b7582807c7d7e7f
585b59565855535a56595a5f63757977
5d5c5c5c5a58595958565452595a5854
5c5f7e8e8487856c52606063615d4e49
67555a52544f514a545f696b6d656263
5a5a595a5e5e6160646b737c7a726b5c
514f55595a605f54544e545052595859
47494645454444454546474849474350
484743393c3b4849474643413b3c3d3c
6a64554d463f373d4235353b41484a49
656c686c726f71787774716e73726b6c
45434240403a444441403e3729425262
4b4b444747464749444645424845403d
6368808e6a70726c5967758281665651
7d6b68625d5b4462726e6969615f5b5f
4a4d504e4d4949494a4a4f525a5f7c7e
49464a4e514c4a585b5f5b5d56594a4c
53545a564f54514b505359554d434047
4e5a62625e584b424b4f505351504f4f
58555863595d6061626b5d51555a5355
61545b59564e4e53575a5a575c5f5b5a
68635f5b52515a59595a515c5f585b5b
6567686263636e51686964756b71746e
5f6058555d5e5d5c56524e4d4e515b60
757066595954505254514c4f585d5d62
7b7c7b7c7e7e807d6d757b7a7b7a8176
6c6e72777678787672777881857e807d
696b6c6d6d707176747474737271736f
7170736f756d6b6e73756e6d7573686f
73737675747373747272737474737470
656c706167717071716a696b6c656f71
797b83838283837d7b797674716c6b63
6f6f6c677175716e707e83837b82827a
595a59575b5955585a59555c64717676
6478685d5b595a59555554505b575456
6d79928f8a847e675c595a666b5c4b56
64545a535354524f4e5f5e656f666160
595a5e595f5d5f5f5f6a67817a605d5f
4f5256585b635e59524e4e4e56565858
4c4a494747474646434a4e4b43444752
4648433d3c44474947423b3f3c3c474c
67594d423e3d40403d3b434249494a4b
646f6e7172746d737071726d6a6e6b6d
423f41424144453f3f3b3d3a37465063
453c413d393e47444045454247433d41
868c837d898686807774847f7a6d646d
81645f616164627f7e7582806f83887c
616a56595a605e52505d5e63645d7a7c
4e544d53525c565c596156645d615c5e
5f5b64515963615a62695c5e51424d4d
546471526d5a5755534e505154595661
5b535a5c5c615e6460585b606757574f
57626460684b5c5d5a5d616562645d61
6e6a6c5f665f625f606a60625a5e5f60
5b6164636462635f636c6e746b6a7e75
585557565e62645e5a5b565e54555c64
76706b565c56524d4d46414452606c62
7c7b787473787b7e7f7b787a7a7b827b
6c7175757678797c797a7c797d7d817d
716e6f707472737576767373726d726f
70706d6e72756f6b736d69696d71706e
747676757576736d6f6e6466706c6f6d
64726f6d767371716b64697070707475
79797983827c7f7c79767671716d6e69
767471706e69715e657581867c82827e
5658595b5b5b585a5a5b5959646f7479
7077605d595955574b4f4f4c4f575756
608b948576817a695d555c666a5a535e
5b5e52515351535256595c68705b625e
5b5761685e55615d5b606c6b74615f5f
5152555c5f685c57524d515456555857
4e4b49484748464b4a4d514d43434d51
494a44403d46484a47453e3e4045484b
5f574d4344444340384048484c4c4d4c
666b69676772727371706e6c7471756e
4543413e424140403e3d3d3f36425061
3c3e3e433c47494846423c3b47433f46
837d7f867c7576767681807a70676465
6a6b6c6b6665635865717973747b7f7f
75746f686a6b6f6f6d71757771676d74
5b5a5b5976676565696268696a656b6d
575655636654565e666c75675e554c57
5d61645552525150505053565c5e5b58
5e5f5f676971757a6c686e635e695c57
64666e61596164605f5d6c7365686160
6f5f6a717071716c6b6b6a6252586263
676a6d6a6766666365656c7c6d6d796a
605d575f646a69615f5e5869545f6464
7a70666460625c5b5f5c59636d7b7265
7b7773747479807e7e797c7e7d7e7d7f
6d747676787c7e7b7d7c787a7c827f79
717576747a77706c6f7473717279746e
78787d7e7e766f737970706d73777673
7677777676766f6a6c69747375767572
6f726c666f6f706c706e706f70737373
7d7c7e78797b7d7c7a7a746d78726967
7e7572736c656b675f6776807b7a7b80
5655595f5b5a5156534e5957626c777b
685e50595d5c5850504f545559535857
71828f898b947166565c6266615e646a
5753525255545454585a5d6669646368
565264615b596155515e666f6a6f5e58
5354585e5c5a4d59574c4f545455585b
424148484749474c4e51535250515251
4c4948424146484a4646434342444243
5e524b424140413f3c3c3e424e4d4d4c
696d6d6a666f6d645b62636777737569
4645423d424040403f3d343843435962
3f42474644464a48463f3e3f48454547
7c7c797b7d81728477909171606f6970
7b78736663736f69738084888683868b
79797778797c80827a6f6760676b737b
605d6763867569707c72707575767576
5754615758525b68717a76696b665862
62645a575657585e69635865655d575c
666369717273726c6c686e685e596462
6d6c6b6a6c675d58676567696a6a6463
7777727581807d76606c61585b686d69
686e6e6f6f6d656f737478757574757b
625c5e62696f686462565b5f63616667
7f746e6a6368635e666b717b7f7b6e6c
7673736e71807f7c807e7f7a767d7b85
767979777585827e7f7b768786817d76
7b7b7b7b7a7974706d747372727b736c
7c7f848a817974707f7c7d787f767a7b
756f76757878717477787c78787b7b7d
6264686f706e6d72737172727175756e
79797b797a7b7c7f7d7d75726c706a69
7a6d646f67696762646d767178777777
555259595856545454535a586271757a
67635a5e5f5d5753504f51555d5d5c5b
718a8b82767e6a5a5e5d646864677069
555755555656515158605e5f60666669
59565b5e5e58575d4e5a676a656b615b
55585d5f64615b5e594e4f5154545654
494c4a494b49484a4f51545454535050
494c4b47474849474a4947484544454c
61504f424044413a4041454a484e4d4b
696764676e6a666260666e7078746b6c
474644434241413939393a415057505c
3f4a4a4846484a484541404049474745
8883818081828178777b787b68738284
736f77725f7b777c93918d89867e7e85
6a6a7371726b697772796e6365686c69
6c656980876f64737d7f8285837f7e6f
5b5e5d6366696c6f7677797c6864706b
66625a595c5d606d675a5b63635e534d
6564686a6e6d6d6967686e6c686a6667
706e6b6a6c6a68696a6d6e6f6e6c6367
6b7f7270767776706a5d6360606b6367
677474787975707585837e7b796f8473
645f5c61606b65686261656c676c6b66
7f776b696668615f65687174726c5f60
77746d7275807b787875767778787f7e
717473757c7079747269787979727878
787a7c7e7a7875717370716f5c737676
73787a79747274747b7e807f7f857a7b
72717374767573757074807f7b7f7d78
6d706c6f6c6d70747279747a78737876
78797d7d8081817e7c797d7976706e6c
7a776a71707271675868797878777777
59585b5b59585a5a5b58625c606a7171
686967605d605e575254565559616061
7486887e8b7b666161686965666a6f6f
5055575453535556575453595d676269
55575b5f5e59565756576c6a6c64635c
515860585d5e5e595855515155535655
4c4f504f504e4f4b4a54565656545553
4a4a494941424849443a3d4d493d464b
675b5045424142434746494a4a4b4c44
6d6b6b6b6e6a655e4d6d707476736e6c
4348464346453d3d3e3d3c40435b5563
4c4c413f45453f423c41403b49474444
929a897a7a7d81807e8e8a8065696b65
516f73665d635569968f8184888e9993
6c6b6d6d6f7671797c6e646057565f4f
72686c7872594e5c6d6c6a687a77716f
5f6469696b6c707173717674716d6e74
63605e60615d6a6a5f60655f625b6d59
62676b6966687273736d5f636b676977
696868686a6a71797f807d7a7a776c6a
6e69585a585e656666615e60637f7a70
7d7b8a8380746b7d866b6b6c706e707a
735c55646a696861616863586a747883
7c776d6964636367686b727679786d56
6d706d6a6f7d7b7c777370707071877a
7374797e7a736c6e7a75777876707574
757a7c796f71747375736f6c666f7270
727273737272717173778082827e7c75
6d6b70787a7b7a7b7b7e7c6d7479736f
6f736e5e5b5b717070777e7f7e767772
757c83838285847f7c7b7a7d79736f70
7d7575766e68706e656a798277787776
625e5961605b5a5c5e5e5e60606e7384
6e6d6c6467636563635c565b64656963
7883888b8975686562686b6b6b6c6f6e
5b58585655565756555858535c676171
515d5c5d5f5a5c555762746f70686861
4f5b615e5f605c525750505051545258
4b4c5452515554595b605d595c585858
41444444404a4d474245494c4d3f424c
5f5553473e43484c4f50504b44484948
706f6d6e6f6c5f5459646f7576736a6b
47434045423e3e4044433f3d40475672
4e4d4a48494b4a48434342464a484846
75846a494e565b6f687775695048382e
72766667736a625e63618b8987878374
64636265707478716642414c41677d80
60695676706565636867646964656e6d
4b4d6a6b7a6e747e747162635c5b5362
64696b6b6662585e696c78776b697462
64636d6866737977726a6967716d6b67
73686062625e778b92908c8b837a5d61
675f64656a6d61657467645e59777f86
7a797c6b5b5b6078808c86756671756e
6160606767615e606b68686a6e747779
7f7c6e7c616164686a77828183827476
605e666c6a6b7a7e766e616a6d7a8275
747976827e71737476767476736e6f6c
78787d80787a7675787269666471776b
716d71716f6f6f6f6d717b7c7f7c7b72
666a73747478706b7063666d70727373
74685f606b6d706873727675756d696b
767f86808486847e7670717776747174
7c7f7e726b666f6f6e6f777b807f7e78
6665656465575b616261646465657e85
706f6b6b696c6a6865685c5b6d626d6b
88827c7478766e6c6b6b6b6c72736a6f
625c5a57585856575958585b63696967
5852595c5e615e5f5f666c646d6d625d
535c5a5963655f5a5256595758595959
505357565b5d5e5d626a6b6860555c5d
484e4a4344534f464c4c4b4a47494a4b
5d555b483f455053555a59565254534a
66706d6e72685a5a646968696d70716a
4b474b44474547474b473f3b424b626e
4b4f4e4f48514e4b4a49494a4c4c4d4c
5e636262687688914749474028241a1a
6c63676f54306a7173707363514b5b5d
575754537d8177644b4a46464e5f6864
5d7a72744d464f586466675f35434c55
59636e6d6a697572746e5d56534c4043
64717459343b4f626e6c68686649454b
46536b685d70706d6868635f676b4366
65656363625c678192908d8d807a6d53
514f57585a6566676c6e635a5c57686e
6756564a4952566d6e6b7b6c74757c60
55555a504649544e4d6656534e485754
6f737063685d655c626c7273736a4f5a
4e5a5d5c686a6d505651576b6e7a7575
687c71887d7271756d6d6b6c6d695f5b
7c7c7e807d7d7a77796c6d6e646d786d
6e6c6b6c6c6d6f706e717a7b807f7977
686e7577767b776d6e6a6e6c7071726e
71686564686b6f6c726d76767a7a5c66
7e7f8b857a87847d756f747977767573
7c7b747070796f6d7576787982838181
73706e6b655a565b676366676e787d7f
6d676d6d6d6b686a686766676967646c
7877766f73746e6f706c6c6e68676c6f
615e5c585a5a5b5d5f5d57606f6f6f70
59585c63646560636467726d7a775e5c
595f5d5c596b625c5a5c5c5d5d5e6464
585f5d596064656268706e695d5c5b5e
5b5a5757585b5c5550493c42464a494e
59645b50585455555e625f5e5b62605b
696e70746c635962646b686b6c706e65
54485555514c4f515250434548525e6d
525456544c4848474a48494a4d53554b
84818285877d734138403d472a2f2529
5c595c373231393b7451453431306472
445846496c6a5e605e3f3e5940546b72
7878634f38353230452d353e364a4d43
414647473577796f6f60444a4b4e5e71
6e746c6b3f3c4641425d5a4c525c5c48
354d4d55544c474d4a484341415c6669
4949494c48475260838278716e724937
51444a54636f6463634c5e584f4e4f4d
4147444445525548444f555d51465057
42484b4a565254454c3d313a3b4c4964
5c4f4d49363845484c4d4f4b484c3546
3e3d415b6a654344475b5b705e5a5452
63777e775d4738464c5d5e534f425346
65625953515c665b473d3b394a4c4d58
6a6471767577757574767a8184838580
6c78767c756b686c72686d736e6f666a
7977726867716a767a7a6e566a686b69
847f807780757e7a7277797976787978
6b6e787d70706154637273797e7e7d7f
77756f6a6160626766636b6f6a706d77
66727670726c6b716c747575706b6d70
7871615e6d6c6a6d6a656f6e6e696c6d
636362605a5b5c5d5e5f606771706f75
5c5d5e5e64656969696d6c6a7073625f
676d6365616265656460616364635a5d
5657615f5f65696665696668665c6560
67635e61605f59555d4f4a5252525255
59535a565b5a4d5b5d5e615464666562
6665686f5d635b656260646569666664
474d63605b595d4a55544f52575f5d68
595551525050535553534f524e515554
7e7f818162524242444748413b393030
3b3e3e3c3e3e373a40433b3a3d3f5a6f
363b3d3c403e423f4d4a48434c47423e
5e574130354041413742454a51524838
3d444a4c5761615d5a514f5368706165
5e5e393b3c3d535252545b5e63633027
2b2b40473b31303438393f3a31526555
37383b3933303a496d6457334e574630
4f57544535544f47393f3d3d3f3e3e2e
3c3d4546454b50453b383b474a4b4c4f
3a3e404a4646463f4032343c3e39333b
393d40382d31373f3b3d403b3a32393a
4a475b545252534d39364c563949443b
5a666459483638414644403b41494d46
6a564243474844382e2f413d383b3745
4948665f63726f70736f767d67708574
546052655951525c525253736e626564
6b757166626b6f7374706f5f645c544e
88827d777c7b7678757673676e757771
434044484b4b34353c455d6868767972
75736f6f696e5c6766636d6254664c48
6f7f857f736a6e747c6e6f6f786b6b6c
5b554d47474a4e6a656168707b737174
76707163595c5f5b5e656d716f6d6866
5e5d5562686a6a7172736b747475696a
7372695e5e6266625f60636565646564
62646867666769676d6c686962565f69
66676a6a68635d697268615a5c595c5d
5a575a5a5e5e60656a62656b6f706e6a
6666646b6c6d6761665b566267636e65
565e51625d52574d545656544d5f6366
52555a5d5b5a59574f4f4b4a5f5a5c5d
514e4e4d3b322e3638393a3e3e392f32
444142453f3f434b473e424445464548
454244433e463f424a4a555457524c47
4c48464340403e3e3a3b3e4143434144
3d3d39393839393a3d3e40414a544e4e
563a3a3b45464346484234393a46413e
353b453d35393a3b39393b3d3e5c614b
3a313b3d3c3b3a3b3d403d3f31392932
4847474338413d332e2f314548443e3c
42464a4b484c504b3a3e494c474f504e
3f3a3d362d2d2d3d413b3b393532373e
3d43433d3b3b3d3b3a36383a3a39333c
434241414143443421223c34323f3442
544a444b464e575a58544a5254544641
5b544b494544434648444846444a5a5c
4757424b42414b4c485d707a80557d66
3d3c384e45404042454b4d4d45595a5c
6e65524d56514b495357574d44484642
75757f7f74667a767676746c7376714b
302c2f3738363d3b3e405a5c606c757f
786162506162626a6666646568532b27
66646e696361646b6e6b6a6d5a6b6676
4139353534353a3c4361666b6a646068
6663615d5d5a5751565c626d6f6b4e50
6460646f6a66646f6d696a6d6d6b6067
5b636564626560595d63635e5c5c5c64
6c686066786a6a72736d6767635f5c66
6066797a79756e6f6f706864636e696c
60686668635f61697467716b6d6a6961
5e5f6e59716f6c66665d636b6e6d6561
505862625b5853555755565858616263
565560595756515156596b6f716e6363
454444403b35353f4c43424b45393332
4543454742454744473f444747494845
4c4a4949454949484c4a5c5c60574745
3c4848453537363a3b3d41454745494c
3b3a3c3f3b2f2d39403f41404f4f4c41
41413c424a4a4a4e4e48484b4a443b3e
34294a403c494c4548383c3b40424744
3437323a3b43434340404442413f393a
424b474441413f3b3b383d3e44413b3b
43494645474b4540393f4c4e4d504f4d
3839363632383738413e393637393a3f
4e4f4f4c4242403c3934313137333739
5153504d4d4c52535a544d4c4a454750
4546484e575c5d60615e505550585350
4b4f483f4044464949484d4e54505352
3a464c46494848484c4d524e49526150
3f383e53433f3b353d54524f44534e45
4b453e3d44433d514145443e3f3d3d3a
4d4e5e60676b6458524f4e5457544b42
454648494750514a4d4f5264635b5956
44494e524f484f545c5c5b615d554745
5e5b5c69655d5d61616f72705156585d
505157504a4e3a3844475b5d5c53565e
4142585750514945454b4e52565b5851
545e6468635b676867606262604c3f40
5e6c65605f615b5d5a606163594f5b56
7355606e88888579756d6a5f6961605f
6365686e695b4d5558626263625c557b
626161645c5a5c6772616b6d665e665e
6d6c73766d6f6c6765686c767a6e6863
65575b55585f585a5c57565d5a6b6a64
65625f6b666162626263636364656466
484a50453f3c3e3e3e3e3f41403e3738
4d464b47424b4f564e4a4e504e4d4f4d
434f5451515150525e6961574f534645
47423e4441403f3e434548484843434b
414042413b3b3c3c43474f5653535450
3d3a3c42464b50514f4e4a4448434442
3d45535951554f4c4542403a3b39343d
434241444443433e4445444441424041
504e4b4842403a414244454545443f3e
454950504d504b4745465555534c4e53
3c3b3c3a3b4341383e403d3c3b3d3e43
6867524e4346413f383635363532393b
5f5d5b5c5e58686a6b6a70615b51535a
4e50575763615f5c625756565757615e
56535450544d4f5355545a5d5a554e4e
53555758595957565553545654574a55
4b4b4c514e4e4a525952575656544c4c
3b424448504b463d393838393b3a4d4a
505948464a4d454d515056534c47403c
4a54534e555655525247474c51513f36
454645464440494e5353534f4c4f4d40
3c425a665f5c5c565546454650514545
4f4a4a4742343f454b4153594d535150
31313c2d34302e3c393f3f3a3a464e4b
5e4f6366444f51555c615c5857463137
675856504541515552515254483b3d52
5f5c5a5677828579716d6464616a5c63
726e633f3c383c5b5c5f646565374d53
5558534f57565c5e7476756662636f70
6f72675f5e7c7c7c78686f5a675d5958
55585c5c5e5b5c6b6e4f59686a717375
676f5a5c5e5a5b585353525151515052
4a4b4e4a444242424141413d44403739
49454a484c4c4c52504d4e504e4e4f4e
4b4a575456575359676c6059534c4846
4e4a4949413b4143444446414143444b
47464544494a48484c4f59685d595754
403f4047494a505354534c4645444545
424b534e53574c524d4f48403e3c3a3b
453f434b484547473a4848474b4d4742
56524e4a44464746484c494647423f42
51514e595957564e515056585958575a
403f3f4344464243453c394145433f4d
626056504c49413b3b362f373637373a
565c4e4f4f556067797b74665c5a615a
61615459696168656966696a72766a57
6362606063565b5e5f5e5d5e5d58595f
5656585a5b5a5e5f5e5d5d5d5e5d5564
5253534f505457595c595d5e5c585352
4b525251505148444445464a4c4f524f
5d5d55505255595e5d5858574e483e46
5b60665d6061615f54555c5f5f5e585b
3d40403d484b454a4f45534a535a5854
4b4d4a46595a4c474345474d494f4d46
505142424a46464950455057564f534a
403e3f3e322c3b3b3d3d353e4b525553
43474131363841454d4e4b4c4e484948
58523a3b3c44474e4e4e3c403b3d3c41
475a5f65696a735c6e616b6e564f5059
71623a3838444f4752555a5b4936354a
3a3f405056554e5763606052484b6072
5b4f5b5c695a7e837b63363b4a444734
6063666256575758624a515965616368
4b39323b433d424c3b3b3c3d3c42484c
4a4648474847464744414241403e3739
4440414d4b494a4b484a4c4f4d4e504d
4d5454525555565b564e5659524e4645
4e4d4d4a4845454546484a4a4949494c
47464646464641434852535258595550
444546474e4f57565f5d4d4a4a494a47
44464d5657555a5352555044413c3d40
4444483d46454542464246404c514f46
5f55514d454c4d4c4c48484844454347
59595c5c5e5e5d5b5a5a5d5e5c606565
3d424344464544464540414649484244
5f655f56534c4338363434343634353a
59504f4d49606e6c6b7d634d61606364
646661676c6b686d5f636a6d67686164
5b4a6465615e63646e70635f5f646463
5e5f636363636464635f62656864535d
565554525354575856626465665d5a5c
5959534f515251515253545c5d5d5a58
6c64615f6063676766635f5d595a5d5b
6d747e7a6d6a685966636e77725d636d
4c48434b474e4c4a4f4b535854616367
403d4c4947434445494a4d524f4e4d4a
524e4b4c4f504b4648616a5f52586159
4b473f3d3b3a3c454e575358615e605c
4043473f464745484942464851595250
3a3a3c404447474346443d383e47443f
3f4e505152505457574e5358483d3e43
3f3d37434340413a4340404341424143
3e3f47545d5b5d594945473f3d413f41
54404745535c62473a383d3c3b3b3b3b
4a4b4947423e3c3a38353d4841454a53
3b352e3d37403f3d3a4348453c3c4247
47484748474749494241424245403839
443c424d4c4b4a4b484c4c4e4c4e4342
4f53545654545654504f51504c454847
4f4d4d4b4647464747484a4b4c4c4c4e
4b4a4849474144465052505550595650
3e444a49494f53535b4f4c4a4d4e4b4b
4646525d5a585e514d5b5146413e3e41
414140434344444344464447444a4a44
5c56514e4e4e4f514f4948443f413736
5b61606464625f5d5d5c5e605f606464
3e3a424244464747454547474a484e52
646c6357504c453a3833343435383138
5c57545b6d747679767566636465696e
6a6b6c6c70706c6b6a6d7678696f6a64
575963686d6365656967686670706a67
6767686865675c5c5b5961666761605c
625b57585c5d5e646869636261626361
6971645d5c5c5b5b5a5a5b6a67676760
7171686669757672757e75645e606461
69656262646667686a717981847e6c77
504e4b474c4f4e4f4e54575c6264585b
5453525a574f4b4c4a4f525153525051
5a53504d5b5c595b5b5251626167635b
544d4848433f4f5c68728187766b6758
454646494e4d4f5459615351574e595b
3f43454242434240423f3d4443424048
403e3f404745474b4d4d45424b443838
3f3b44494847444546474637433f3c38
343f44494f514a464d48475241424240
504f4c414d4c4a403b4141403f3e3937
413f3938373b3c3c3b383f493e444c52
4845424344454345414042403e414240
3d423e3f474842464847424142403a3a
4543473e43413f3e4149484a4c4b423e
4f53525754545552524e494745454646
5452504d4a484647464a4a4b4d4d4e4c
4b43473c47454747504f525557575954
404548484d5257635f5550514c4e4b4d
4346545d5d5e5e565d5550483d40383f
43434443424241454145464847474544
6058534f4c4b4946524b484544453d3f
6061636260575b59575a5f5e5e616262
3c403c3a48434747474346504648585f
6c685e585449463b3731322f2d323137
5d59575a626876776f62625f616c6c73
6d6e6e6e6d726d697c7b787270696965
5d6866696b696a6c6b6e6e6d736f636b
6e6f6f6d666369646162666a6b665a58
676665696b6b6f737170696a6c6a6c6d
6d706b6c696665666565676a7979736a
7b787171767e8c7e7a7e726b68666167
6a67696871746972707b827086797878
565043514e52544e56505d6f6a5e676b
575958585653514e4d4e515056565556
5f58515860606060575855696967645c
504c4a473b4354697789929384767c71
494643464a505a5e5a5d57535558584d
4c494d4c4b4e4b4846464a4f4c484847
3b3c404146484c4c4a4c4c4f4c47434a
3c41454849494b4b464746443c383a3b
3a403f3b423f35383e3a3842353c3a40
504e4b4d404248443e383b3c43424138
3f3c383e2e343c3b3b403f4a4b4e494f
3e3b393842413f3f3e3c3c354038423a
363c3d46484847494c484638393a3b39
434146403d41403d434848494a47423a
4f5551565353514f4c46434948453c46
5157514c4b4340403f4a4a4a4b4a4b4b
46453e3d3f3e42454f5255575955514d
4548474b4d515d635c52524e4e454a4b
4748515057615d60604d4b4141414242
454948434343424542443f484746453d
5c5e5b594f4d5154524c444248474642
6d6866625f5f5c595b5e6263615c6262
403f45464648474646474a4b4f586a6d
6664685a57524342372f31312e31363a
5f5b555a5d576d706c6665645f577170
6b716f70727170696c777574736c6362
6b6a6b74726f6d787b76646562696c6d
70706f746a68686a6b6f727475726e6d
6869686868687172756d6a6b6e6d6e6f
6e6f7570726c6a696a696a6b6b6e6c69
7773797d7e7d887d7374716d6b6b6a6f
706f6f736f737775797b7a747a797977
59554f5150514f4f51515769676a7670
56585754534f4f4d4d4f5153534f5556
5656545f5d63625e6361616065656558
5a535952434b676774838c87716d776c
4d4d4f4b4f5c6663625f5a585e525959
49555b5a59564e4b4e5257564f4c4d4d
3c3d41444a4e4d4f4e4e5054534f4e49
46464646474a4b534d4948443d353d3c
4341403f40444749494c42413f404046
564e4f56504c4843464340434544423e
463f42433f3f413d3e42474a4d555656
3b463d3f4641413b433f40343a3b403f
4143473e41474a4a464949463f3b3a37
413c3b3d403f3c3a4a4c494745464544
505452545553504d4a46434947474645
555e544a49423f3b404849494b494a4b
423a3e3c4345484d4454595b59545456
47484045444a4d535853504d45464a43
4e455054565552625f4a454442424648
4c4b48444441424843464a4046454143
5b555d5c54535355504c484545484d4c
67646066625f585e62656564615e6360
4346354c4d4e4e4c4b4c4f515e716866
69656855595243413b34342f2d313540
4f5052535c62696b6c636060626b6d6d
6f6e766f6d6c716d7272717070605d52
6c6d6f727172767875716d666769696b
6e6d70706c6c6a6b6f717879776e6e6a
6a6c6d70706c6a696f696c6f6c6a7170
717177786d66646a6c6d6c6b6b6a6b6a
7a7a7e7f827e8a81747073716d6e706d
79767472707170707a74787c7b797979
6c5f5655545352515356615f6c746b6a
5b595655514e4c4a4c4e525455555458
5f5a565f646465676a6b6c6867646354
5c524e52556269727e8289897d767267
4d4b4b4e5161686167635a5f56575c58
49545c5d595a4e4e51575d5c574f4f4a
3d3b3d474c4e55554749474e4a4e4d4c
4a464640474b4c4b4f4c48404239403c
43393b3f424647484e524d474446494a
62625e5b5a564c494c4c4f4f49413d3d
45443f434645424046464a4d4f575e65
4b48423f3a44434042473f4542444546
4647444044484a49434949473f3f3937
413a3b3a3b3c3b3e464a4a4540474849
515353534b4e514e49484948463f4243
555854494943413f4a48484848494a4b
46414440464a48474f525b5c5a4f5457
4d463e38434348574a45444144404544
474d565a56525a535e4e474849484a52
47444348484846474847454747424746
5d60615e5e555a5654524f4f4f4c4f4d
5e5c6163625f5a546a6c686464645d60
4449444950484d4d4a504b525e666365
6d696560554d48393d333532302f3e44
48505454545d64686a656262666e6d6f
6e737770706a6a6b6c706f6d6a5e574f
72727272737173736b646065676a6b6d
6f6e6d706f6d6c697174747370666b69
6b6b6b6f71716e6d6b6c6b6b6b696a71
676a6d6c69656b6d6e706f6c6c6b6c6b
6b7a7b7b8083847c71717173716d6968
737372716d72777b8080807d7c7d716c
6d635b5a5453535253575e6a6c717173
55545452504d4b494d5052555658585a
605d5c606564625f5e5f646964605d58
5f5d5e5d60675f7c7e8f927a766b6d65
4e4d50575e6766666260625e605d5f61
4e555d5c5c5a564f4f5f736654534f4d
3c3f3c484d535553514e484b4e4b4948
4f484b4c5352575b55544742342e3837
3e414446404344475356514e48464b4a
6567666c635d595556574e4f4b413a3c
454346454a484b46464b565e6053616c
4a4843413e4141444548494645484946
4949433b3c4949473d3f49473f423836
40403c3e393d3f42454846464449494a
4e505352504f4e4b49494943453f4143
4c5b534b49463c3b413b37453f40424b
444246384a4c4d4e5860605f5a544e4f
50413c3f44434d5448474143463b4447
545157505355565754504a4a524c5153
43474848464d49474b4b4c413e434547
5f5f605d5b5d5c535155545452585652
625c616061605f5e6e6c6a6564615e5f
474a4d5247414d515456545465696e68
6e6d61554b4f4944333c38342b293d46
4b4c4c4e55595e62615e5e5e656a6d6d
736f736c5f686b6f736f6f6c6d615447
70717072726e6b655b5a5c686e6e6e70
706e6b6969636e6e746f6a73726f6f6f
696d75817c7c746e6b6c6b6a696f6d67
6c686b6b6e6f6f7172717269716f676b
6a6f7f777e7c767678767372716e6e6b
6f6f706e696f7a7b8a837e7b7c787071
6b606555504946444f555b5d6a75736e
565655514d4a48484c4d53565659595b
61605f5e63675f666359686365685d58
605a5c55696b73797f7b8d857470675f
4749515463707267686565625e656766
525458505357595f5f6a776653524c4c
3a4141454b52515250504e554c41454e
5254514e545b5a5a54554d433e373638
3d37342e3242474d4f5854514d4c514b
656664716f60595a5a54544f4c46443b
4544444546454645474c5e6257586064
4a484745444545474748494446484746
4740413c464848473a3b3c423c3c3738
444240423f3b4142434647463649494a
4f4e4c524f4e4e48453f4a4646413b44
4e5d5a48443735323b34423f40434442
49484443404a55565463685d59514e52
4e484546454c5053483f444647434140
4d524e5555555652454e4c4d4c5c5c5a
49444a4541544f50505a584b494a4a49
605d61625958565753585b4b535a5852
575b605e5b585f606d6d6d6764605f5d
3e52524c454d535d5b59505a5e686960
60625d5759514a3b403b373429283848
47454a52524a4e555145485c65696d6d
72716f676f6c6f73726e66625f61504a
72737372716c696e665f61686a6e7071
71706265696972737271737573706f70
707277787777726a706e6c6b696b7373
70706e6973746f756f767679706d6a6c
777779767b7e7b787c786f7473717271
6e706f6d6e7173777b7e807a7a766e6d
6c6c6b5e554e4747535459646c766f6c
56534e42494941464c4e575b5958565b
5e5f615e646c646467666965625a5e5a
6461595260727877847b888564665f5a
4e5151546e706f6969655f59646c6c6a
5256585a595c5d626872755e54504f48
3f4143454a514f534b51454f4b494950
564b4f4e5061635d58594d40403a3b41
373935373c455055565455555151555c
65686868635e5c5a615b595851404537
443e42444446444546494a45535a5f65
4440404643423e444549494947464746
3f41414545453c3c3b42484336363536
44414245444542444743464547404849
504f53525050414548494b49453f4444
575952474a413d382f36424340414045
48483d48414d56595765655a57545056
504c4a4d4b4b4f4e4d4d4e5043424549
5252524c4d524d4f4f4e4d53565d6359
53504c45494d53555660594e484a4d4e
605e60585d575655535e5b5a515c5a57
5c5c5b5e636463686c6b6c675e605f5e
444b534e4b5363685c5b52585d62565e
605c5b585c4b4e3d4136352f2e373e49
4f5258534e463a36435054565a6b6a69
74716c676e6f7175706a666466635851
747676736e6c6e6d6861646c72727375
726e706e737978777573717370737373
707576787775716b716f6e6e6e6f7573
7273706c6e6c6f746e767476736d6b68
747c76797b7c7b7b7976787676747373
6d6c65716e7075787c7e7f7f79787370
8771646055494746504a54626b6f6d6e
554f48464c4b4b4b4e5457585d636d6d
5e64636665656b676868696965595758
655a595a636c7d7d827e74675b656258
54525558676a6d676362625a6c79696a
50575a57626157626e6d655853524e48
3e4544484a49514d4a4950474b4c4c4b
5b5956484b68635f5a544e4436404242
393c3e444a535c585956555456545b5d
6a676665656364605f5b5f614e424433
424141424044444445494942545d5d6a
443d4646444343434445454541454545
413d3a3a364341383b3d47453e383534
43414245464543464746444446444544
50505352524b423e4249484546403944
5f5f554d4c433d3c3b40434749474143
4c464b484d5251595d60575956545057
524d4d4e4e4d4b4d4c4954524845494b
544b4f4d544c4e49504f53565f696763
56524c4d52524f5558565b55524f474a
665f5c595f5455565a5f5f5d5e5d5159
494e575a6567656b6d6868655b5e5e63
384c5154545d7170645b5c5855524748
605c5b56595b4f483a34313138393e44
5e5b5554524342414751545654646468
726f6b666c6c6b6d6e685f5a6265615f
787878736d6e72716e6d697177777974
706d6c6d7c7c797a75757372777b7676
7072767576766c6b706f6c6f727a7d76
74747370727270717472737472727170
73797878767b797b7974757476757675
6a62616f6e6c73737d7e7e7a78797672
7979685f515046434b4f536a686a635d
4c48474849484b4d4f54565c626b7573
666a65666d6e6968756968615b585651
665e65676f7375787d7a6e6c6666605a
53565b5d626b6465626364667474646a
4d545f555b5952636669645a524e4e4e
414b45484644545149494e50484c4a4c
5d5a55464e6f6a625f5d534f4054504c
4241464b4e565d5a5751575a5a5b5c5e
6966606666666767696065604f434344
4341414342433e3d4345464a5361606e
3f3c4546444441403f40434341454443
443f3a363539403b3b3846463a383635
44444647494846484847454447444445
50504e5155504a494343443f3a3a3840
5652524f4d3b393c3f403d494f4e4f51
4d4f504e5657595b5a595d5d58594e57
564e43484e4f4f50514b4f4b4640494a
55524e52544c4a4f524c58576a6e664d
555254545854525d645b5e5b59544e51
6058545d58585850575d6068675b5b59
494d525a656a6b6d6e625e605865635d
54635859636966665d595f594c544c4d
63615f5b5a5552483638353339363b3e
5f5d584f4b494a4c4a4f5d5e6062696b
726d6b70726d6d6e6a6a6b6767666363
78757975737370706b6e73767872776e
706e6d74797979787775767878777678
6d7877757577707273706d6f7c7d7873
76757671747475767674736b736f706d
747c7b7b78797c7a787575757b777676
6462656b6d6f72757c7c77797c737675
7a7e665d4e494a4f5256636867655963
4749474b4a4a4a4e5055575c61737e7c
646b67686b6d6c686669656463565a4f
5d686e747b7d86827873725b6765615a
575b5f6066665b6168626468706b5a64
5254565856725f69615f645a544d4c4d
4e4e49484850585443464f4e4b46504b
5e5b5b5d60616162656360595658534f
484948484f585f5f5b5558585a5c5f5d
65625f646369676a6461615a4f52414a
43404140403f3e3d3e4445404a66656a
3e3e4345433e403f3d3f404240454244
45413a36393c41444346484638383635
444546424140494844454745423c4446
4f4d52535a52504b474644433d3a3d42
535457564f453f3e3c3c3d4b51515351
4e54574e5b5c5c605b5a58605a554f49
56515150514b4a484c4e4d494942424c
53504f55524e4f4e4e575d5a6066615b
505352565155545b6461605d524e5155
5e5d5b56565d58525453596f534e5e5a
4d54595e5e6872636164605c5d606361
464a505c695d54585c5c555b4f504d50
5d646259585552443732332f34383d43
60565957565558575b56585c5e606869
706d6c7072717271736a666a6d646765
77757976757370706c75797a797a7773
6d6f6e77787877757576767a797b7478
7778747177757676736e72747976746f
797c7779787674777972717377737c79
797a7a78797b7b7a7775757572757374
5f67636d6e6f73787a7a708180777877
716a605c5351503f5a646865636a675f
524d4e4b494a4c4b4a52575e67657877
6a6a6a6e6e6f6a6e6866646259665e57
656874787d818a68736e6a6852646365
5b5d595b5f5b56575c60626668636162
50535e5b5258696e61605658524f4b4d
4f5d4d484a4f55524a58576057534d4e
5955535d6260626b665f625d5c57584f
4e4b494950595e615f5f5a5d5e636864
635d5e61666b69737467645d54504d4d
433f3e3d3f403e3e3f3e41465167645e
3f3e3e3c39423e3f3e3d3e3d42413f42
43443e383b3c4444423d484636383637
45464644454145474644464543414542
5252525252524946484945413f3d403c
5d5f6565564d413a373b4947484d4f52
43464e53615b606c605e605e5a534d52
58544d56544b4e5152504e4c47413e42
4f505255535155585c5c5b5a6367615c
5a5956545457645f5e635f5658565652
56545b5b5e605757595a685251505359
555a55626c6d6a5d60616260656a6458
4145505e5352535e665c595b514c4746
646260635a5855463535322b34373b3b
695f5957575d666462595f5f5e5f6061
716f6f737375726f686c64676c6b6968
75757976747274736866797a79737772
7173717c787a76757777797c7a777873
7a7874727979777777767a7678746f6f
747475787c767477767476787b7f7d7a
7b7a7979797a797c797b79756d706368
60676b756f6e73797a7a797d7c7b7c7b
6a5f4951545151575a5c6a6b6667625f
54514e4c484a484d4f555150646b7a72
6e64696d726f6f6c6762636261645d5b
5967807c8388847a6c675c56505f686c
5c5e5356544e54555b5d5f6163616363
52545c63655c696c65615a56534f454f
5048434349484f57696962625c57524c
59594c555f616d68696d59555359514e
54555150585c5d5f61626268636a665f
5c5a5e6667756f6b6964656459554d48
3234302e3c3e3d3d3f40475055635e5c
3f3e40404246413f3d3c3d41413d3735
4337393c40444342434242443b393737
41424742423a3736343845464646443c
4e555766555655514e4b4741463f4b3f
61605b59635c493a383a3c4d4e515252
434b3953625e64696364626057534f5f
5f5e5f58575453525957534e48474646
574c4c555959585a5d5c5a5462726458
5f5e5b585c5d615c625f5f615d595558
5e5d58555d625c565b5d5e5652545063
565a5a61605f5b5b5f63676868666560
44475c5b55595f666e625958514b4846
6367605a5b56504436312b2d30343a40
69655c5d6265616c6161675f5d5d6362
6d6c74716d7667716f6e70706e6a616b
75737b767676706e6e6b6e6d6c6d6e6d
747778787b7b7c7a7573757979787879
7c7a756f69797579776f747674737471
6e74757b7d7d75747675787c7c7d7778
7b79797a767a7c7f7d7d7b786a6a676c
68767673737476707979777c7b7c7877
6759474c5855575b5a656e716d69645f
54514c4b4b4b4a46535552516474746e
6e70706d6e716a6e6962566f66605c5c
676271818b847b70625f524c5e626979
5a5b52554f514e54595c5e59625e5c5b
46555a515c5e6b6b5f5b59544b3f4e52
4f4a45454b514d6064666a665f574f4e
5958574e66696e7563615e4e5d5b5b54
524e55565a5c5c5e5e5f5e5d6b6e655d
5b5b61656a706d6e6d636b645e5e5955
3132312f3134393f3e424849585f5d5b
3f3b40424347413e3b3b374136393635
383538373f3a4245433b393a3d383738
4e48443f423d3735333646444346423b
5250505853585852494a4a43474f544f
6f716c585e50443f343e414a53525354
414441696766626162605a59575c5663
6469605c59585856535653484a4d4847
58514d4e5250525c5e5f605c6369605f
5e5c535b586260606062625f635b5c5e
5c5a575c5f615e57545f6253454f5360
5a5e62605b5a5b5761676f6e6b6a6762
444c4f4b5261686e6f5f55534f494446
696659685c544c3f30322b2d32343436
6c5d66656b6c6e706c6e695f5f5e6668
71716e716c6d6f7272716b6f70696366
7777797776747175756b6a6d6e707072
767876787c7c7c7b7977777a79797879
787b746f77787a7c7b7b7c7876747677
727778797d7977707a6f707e7f7c7876
72717273727170707071807b6b6b6e72
6b6f75797876787979786f73777c7a75
5d605248595a595a6775746b72616867
56504e4e4a48494d524f4e5a66776b67
756e6c6a6469696d66696d5c5951625e
5c69708b918b7e74605854555e625e6e
5d5b57565051545358595e5e5e615a5f
4d4c51434e636c62615b535041475459
575453524b5751605e5a5e5f5f594c4a
5859585c677375706b6a655d595d5f5c
4c595858595b5b5a625f5a5d68645c4c
59525e686f667e6e646e72645e5d5851
312f2d2f34373d3d3f3748535b5d565a
434446454342403e3e3e40403f3d3635
3736383b3e4245453f3a3b3c413c3637
4e4a40383f383735374146453c46423a
54485f635c605a55504e4a4c54435451
636a6458524c3d3a3a3e495257565554
605660696a68606565635c6063605f5d
737461585858525254515658534d4c59
5f595351544c5751605e5c5c6265645f
5b605b5c5d5e5a5e5c63625e605e5f62
5959575b625f5c5a5a62634e494d4859
5d5d5e5f5d5b5c5e62656775716a6762
424a49413640615f5b51525051483e4c
6e6a6b6757574b37323330262631363d
6b6860676875796b6b6a6d64676a6e6f
72777570726f70717476777571686b69
787877767575737b726c6f7271707677
7778767a7c7b797a7a7a797a7c7c7b77
7f7e72657674747076797a7674757377
7574797b7b787776756f72767a78797b
70707170706e6e6e70797d7a6f6e7075
6f7276787a797a7b797670716e6f6d73
605151454b5353546c7d7b6e6969696d
5353504e484149504e57516579786060
726f67636c6c6b695f555e533a595c50
636773848b867369574f4d505c5f6867
6d67595156514a5154545e6068625954
474c55425d5b6760605b574d53555a5e
5d5d5f5c595f5b5c5f5a5c5b594f484b
585c616b6e676a6f6c6d6d646263605e
5a58575958595959595b5d575f5b5858
524f5d66646b78745c6a616460636057
31302f303435313b37434c575c595755
424a48453c473f3f3f3f4141423f3735
3c363836363641444241423c443f3536
4a473e3f3d393937374947413c3b423d
595d626159625a514e4e555e574b4f4c
646b6c64584745453c3f4858645e5857
646869796a6c6a6363625c5c60626667
74775d585853514c5b5d595a5848556a
5c58555759565d61636560555c68676b
6865605c555a5e616060646565636461
5b5f5f62615e5a595d6967594e474a5c
615a5b585757535658647871716d5960
3f41444241425b5552495354524b4250
7471695f5948404237322f333536363d
6764666e7273707372706e69666b6e70
787a777875727174747677797371706c
7674797778797c7b7771757270747a7a
77787a7b79797b7b7c7a797d7d7b7371
817d75757b7676737c7a7c7977767877
7b797a7a7b79747373717a7a79787777
71726f6e6c6d6e706f767a7a76747876
6e737b797974797571727375756b6d6e
55554c4c52524f577278696a6868726d
4e4b534f48454752545750646a706c58
6b6a635a5b6853564f52514951585b4b
6460696e6b665665554e53505b5e6367
5d60585658534f50565e62686c675c63
495258555c5f5b5d6157594e5c5a5c5e
64626261616568615b56564d54484d4a
565a686e626d7070696a6d6565616360
545c5a5657585a59595b5d5e5c5b5753
525a606661647073575e606a69786658
312f2d2b2a2b2e302b364e5956555253
41434340463c42403c3d3d42423f3833
3a3539363d363f464746454745413637
4a4a43403b3c3d3b43454644433b4541
5a5f5e5f5d5e5c565354595e524b4365
595d63575b484a464744465a5c5a5556
635d61706b6966636161626265696865
695d61615d595c56636461655c5a6162
5b5757625e60626266635c5c5f686763
63605857575c5e5f5e66646264676867
5e5c5a6065605859636b68504b4f585f
5e6357534b545358586b726d6b645f5a
3e424241423f4052574f565556504951
747466604f484344363232333637353a
6b6b6e7274747176726e6c6569706b6e
79797a7875717374767877797574716e
76767779787b7b7a6d6f7371786e7e7d
7c7d7c7b7077787b756d71797b796f75
76787a7b7a78787b7b7c7c78777a7a7b
7b7d7a7b7b7c767a7a757d7979777175
707272706d6d6d747375747c7e7a7279
727e77727174767876716e706d6f6d71
4d504e525455575b6a776b6661696e6e
4b55504f4d4a50554d5862647279745f
6a69625857554c4948503c4b5556564d
585569655f575e4d4f5149575a5f6067
5b6253625a5a6163616266685f66615a
4a4f4a585c615e5a565458586065634e
6263606067656a6354565656524e4d4c
5c616668637173727664696664606361
5e5f5a5555575a5a5a5c5d5d5d5d5b5a
5b5b575e626662626a60675f6f6e6a6a
36312c2b2a292f3a3a3e435959505857
3f4648484244433f3f3b3b3d43413b34
383b3c444442454647484844413e3739
534b4744403e3e3e46474948443e433d
5a5d5d615c5c59585a585f5b5157635c
63645f5b544c4d4a4b48485351564e58
656662636f6a67645e5d666b6b6b6865
6f65635e5d5f58606566615c565b6163
605c62635954575a5e5c595b5f646664
635e5557615a555c63695d6662666662
5f6060605e5c626a6c66685d56585d5c
6365645f565656555c5c6b79625c6168
3e4141414142444d5057504b50494955
6f6a675c5650483a332729353335283e
6d6c6f6c6f737372736f6d656c706c6e
79797f7170707474797a79777772736d
7878777b7d7d7472767373727679757d
767e79757277757573737d787b716b70
76767b74757d7b7b7a767671757a7b7f
7f7d77777a787174777a7c7b79767876
7474726e6f737b7b74777b7d807b767f
707f78757473777b7a7977746e736e73
4d4d50514e565a5d67686968676a6d6e
5359594d4b4f53564b5f6567707d6c5a
6466655b535852484c50444c4e505352
63696b66625e5d56514f505a5f5f6161
625b5f625e626d64616161616265605a
4c4c525c60605f5c52595e5f63615f53
6261626866656b6a665b565858575856
616163676471755f6f67666667646461
5e5e5d51565859595b5a5c5c5b57575b
5d5c5c5e67686868595f635b6e69696d
36363129292d2f38394149474e555956
434749433f413e393831393746453e3b
3d3f424749484b4e4f4d4b404440383d
4c4748414244474b4b4b4a434548473d
5b585e60615b5556565a5a5952575e5a
64615e5a59565751504e4b4f524e525b
686b6767656a68645e60686d6d726c68
685c5b566560585f666b6857575b6568
63616360575555605e5b5b5e60656967
625c59564e5a596162696a6463676a68
625f5b5b5a5e68747456695e5a5c6368
5355595d5a5c53545a5a5d705f5b616a
3e4143444245474c4752514c46474b4f
6f69635f544e4b3d3a32302f2a2b2d3b
72726f6d6f727276746f6d686b6c706d
7a7a78696875716f6c777375756c6f71
7a79797c787375727676747679767a79
7d7977757b7c766f6f7c807f7c727072
72767a7879807d7c7a75716e76797d7e
807c7c7471757576797b7b7e7a7c7b73
75756f7070797f7e76777a7e7f7d7c81
737977747473787c7c70717076767270
4b4b4c4f50565c616665636364666d75
58606155565551585a57686870796558
686663574e5a524a484d4d4c494a5258
6d69675d554f473e3e444b53575f6066
606066686865626a5f62626165645c63
4e55545c5f615e5d54585e6a61666a64
5f62646669676b6a57565b5a595b5d58
545a5e63646e69605e5563706465635e
5f5e5e5352565855595b5d5a5c5d5855
5b5f5f6064655d5a57544c5c69666265
333836332d2f2d2d373f3b4d4d535853
464b4842423f413c3a353d3e42443e3b
484b4f50524e4c4e515345544c433841
4a4b3f494b4c4c4b4b4b454c4d504a45
5459565e5d4e525456605f5051585b50
656560605b565f5453524d51504f515e
6c6d67666467676663686f706b71706b
685f5f5e616266696a6b6963595f6f71
5d6e70655e5b5a5b5b5b5f60635a6865
5550453d505c575f6564666464656a65
636158555d63646e6b5e535c5b5d6365
52575350545d5258636365605d566469
3d4043433c4547534d52514e4c49494c
6f67655f4f4a4e433b31302b2b313338
747373737273727272716b6a6e6d6b6d
7979786a717574716d72717075757174
71757a78776c7878767473717c7a7578
7e7b7676737779757b7d787e7c6e6e73
74797b797b807e81757174797b7a7e81
79797373737a7979737c7c7a7d7c7973
7878767371797a79787476777e7d7d7c
75787875767777787a73767377757473
4e4d4f4d535a5e605f5f5f52585e6c78
636a655b55535453556e5c6470756255
6467655e55555756524b46494747515a
706d6659514d4847473e4d555a5d5f66
5d60676867686b625d6061656968676a
5c5a5d5f5f5f5f5e5c606b7870676864
5e616366686861605c60606162605e5f
535d6063637069625d676c7265665d5d
605e5c56484e5256555c5d5b5f5e5b55
6262636362625e5b5a4a585c66645755
3635363631312f3433404c4f4e565a5f
464948443f40403f3b3f3f4045443f3a
4b544b4a59535053505655564d4c3f41
504a445454514e4b514f48505655524c
595d5a5b524f514d595b6252555a544b
676965625c5c57554d504a4b51514f5a
69656b635b60666763656d6d6c706d6b
6863656265676d6f6c6967635d617270
5c717c6a5b595c5c5c5f60565f606767
574e3f4b5c595a5f64626265635e5e63
665e544d5d626d6e6a585a5c5c5f6356
51504e444a4f5c5a576063635f5d6165
3c414442464651555255555455535957
6b66635e5955443e3a33302f312d373c
74747374727273706a6a6c646b6a6c6e
7a747172727373716f70747675747475
7b79777675797877767675767d77706d
7e7d76737372777d7e7b7c7d7b716d75
797678727e807b8076737778797c8181
7679787674796f77787e7d7d7d7b7678
7774756e727c77767677737172747a71
737a767271777878766f6f70716f7479
4b4c4f51535c62625c5b544e56627074
727167605f5758575a55666a6e6f4c4c
60686b5f5952555d544946464848525e
6e6a65635c5c58535254565356595c61
5759646a6d6f6c635e605c656a727275
5d545b5f5f585f615f626d736a626864
62626466626464625c61676566656463
5d5f6165626a5e61646c696d68676863
615e615a4d565655555c5b5e5e5f5a56
6464626564635d5d5d5e5c5f67656164
3630363a393c3b3b3e4c4750565a5f68
464544403f413d3c3541404245423f39
5056565458574f49565453534d554a46
534e455755534e4653524c4d524e525a
5c625e5b52515152575a5f6268574e59
6c6b6a645e5d575754504f4852525358
6a665b625f615e5b5f5f5e6e6d6e6561
67676869666d707b77706a6664626b6f
606f756752595d5f5e5e585a5f64685f
5e5e58565a5b585e6060616366605a64
666357465965726c5d54565a625f635f
55534c494d4c5e606063656363665f63
3d3e414551494a5158575359585a5e5d
6465635b5a544d42322e3231312d303a
777675716e716f67686863696d6a6c6b
7678767575757472716e737676747475
7c797874787878777776777677747275
7c7d766e74767b7b797b7070766e6f75
777677777b7e787d79777a7b7d7a7f7f
78787a79777572767b787d7779757679
76757273797977777775787675777776
5d757571717376767072707474756c6d
545251515e5c636b7059575b5a605e5a
76756b635f5f544f59576169685f4f4f
676c655d524f5c5b444c48444b4f5563
746c62636868645b5758565051555a60
5759676b72746e655c616b6e6a6d7075
54574f605d586263616368696a5d6763
64646563616465675e656a6862676464
5b585b4e5d63636760686e6d6b696765
645f5f5b54575155535e5b5d5a5f5757
64646564626162595d5c5e6065666166
3434373e3e3f40403e44454f575b6066
4542454342413a383b42413243423e39
574d4e5b575552525451515451534e4a
4c494b4b544a42474d52545b5e5b4b56
64645b59514e52545553696161545050
656e6f67615f5b565d55545255565954
6e6a5f6060615b5d5e5d5d6d69666768
6969696d6a7176806f70666660616b70
6669696053595e615b5a5e635a676460
62655b5b5b5b585455545b60645f5364
6d60574f5c685d564649546868636360
474548353a505a5b5e665f62615f5e5e
3b403e43534b4b535e5d5b5a5d5f5d56
645f5d5b5b524a3e312a2f2e2f34303a
7a73706a6c706b65636265626d6a6767
72767775747576737276727576747473
7a7979766f7478766d6f72706f6d6d71
797a77736e716b797a79707870727478
777878787a7c7c7b7a7a7b7c7d7c7d7c
7b7c767d7c79797a7b7b797976757877
7477767676776f6d6f757a7b78767577
71757572746f7372706c757374717170
525257555a6c68726a5c58555a5b6369
757465575e5e5b5a595b6261685b5a54
666562594f4b5d5d55514c4b454a6064
746d6362776f69615c57524e50525760
65686b6f7072716060646d7375727273
6b6f6a645f6164646162616563616664
63575363636363655c5c6c6e6c666966
595959575b686767686b6a6867686361
5c595b5556535a595c5d5e5d585c5958
656364636262645d60605f5f6465615d
36383c414545423f3f43474d4d4a6869
42444647453d3f3c3a40414340393e37
5c5a5a5b595553555a56535552504b49
54514f4e53524f5056595a5c5f5e5f5c
65605e5854555251585a685b4d525357
6b67656261605c555a5a5c5a5a5b585c
6f6f685a5e605c605e6465696560676f
6b6d686a64626469675e645f5c626669
65686661595a5e605e5e646166656464
635f65605c5a57565c5c596265626263
6d695a594059414540515f5e6061615d
5649453f403d595f616e69615c5e595b
384244474d4f50575f61575460605c58
665b5f635e554c3d2e292c2834353232
706a706b6a6c6e6e6c696464626a6a68
73767776767774747472727676727270
7d766f7472726f747377797574747576
79787875736f777a7a78786c78767579
767b7b7b7a7a777a7a7b77797d7c7a7a
7c7c777b827d79777878767375737878
7f7c79757471696d71737d797b737a79
6e6a6b686b636868686a6d7673747476
5758585a6c65807863585a5753575c61
726d64635b5f64676368656660595957
5e6357565255565e5c5b5554504e6861
6d696a6d747b70555f52494b5554545a
66686c6e706e70685d6568686c796f70
6d686666606263656569685b64606666
6157606263616265736a7172716d6d6a
59575755586466656666686566656263
5d60675b5a555b5a5b605f5c5b5b555a
5a626260616165626363636467665f5f
3c3d4043494a3f383a42413847495a5f
40424147423b3a3f3f3b41433e3f3a38
5a5c5c5b595957595855535954504949
55535451555755555a545d5c53536260
62625f5b5753545356625f5147585b5b
6f69646465605e606464665762575b5a
6c70695f62636467656565685f676f70
706d6a686567696a636460636466676b
6c6a6152585b5f605d5b5f6260646a67
584e4e5f5d57565e635e5c626a61676d
5e53565a4b4a47494b53595c5d616766
514c4d4d4e54565b5d625e565c575a65
3d44464e5754554b5f61555f61635857
66605d5a615a4f3f322a2d3336363536
6c686d65646e7676726f5f676168696a
75757a77767775737372717576737372
797a746f717071767573757273757674
70797a787673796f7879787978797a79
7c7c7c7a7878777b7a7a7b7b77776672
7873717c82807472706e6d6c73787976
7e6c656b716a6974777c7d7a7975756e
6b6f6e6d6b69676868696e6b6f737273
565754626f707473544d57565455596b
6666635f63686871746e6e6e635a5a58
5a605957595d5f57575c5a5959565561
6d6d6c717a7567545a5450535451515b
666a6468696b636966696a72736a6c71
6b6e6d6966665b5e676a6b57665f6869
61525f615f5f62676d777977756f6c6c
52524b58596764646163655068666663
605f605f5e5e5c605d5f5f5f5d5a5857
6261615a626366646465666567666465
3c3f45474949463d3b3a3a373f4f6860
323e3e434240403f3f3c4344413e393e
5a5c5c5b595a5b5b585751535651494c
5350515153535857575354565b5b605d
5f5c5e5a5653514f53535c5258495658
6c67676a67645f6269696969665e5d61
756f6861615d6466656364626261676e
6f6d6e6d6766736f686263646c6e7370
6f66594a5a5c5f606164646061616969
56626262605f5e6462636367696b6b6e
61565b535041404b4b525a595566706c
5250515752525759595d5c5a57575c5e
373d43506362605f5e5d5860615e504b
676766605e584f363131333235352e34
6f6b696c696f72706d69666966606264
74777676767471727371706c6d6f7271
7978726f757674767676787876777575
7276797979787a786b76777a72727a77
797979787878777b7c7a7a7a76666e72
7472717d797b6f7270726c7172777a7d
6c686567727072797b7d7c7e7a757571
6c6e6d6d686a6767696c6575726f7270
5b5b575b796f8062585a58585554515b
67625c595d66707071786d625f595c55
635f59575a5b5d5d5e5261605e5c595e
64646c767978645c5a554f4f5154504e
676b6b6a6a6f6e686c736c7e70706c65
6f6d6a6967665c62696a6653625f6968
605d64605c5f677371827b786e686e6b
4f4d575f6060615a595b5f5b64626061
6f726b625f5b5b5b5c5255504d56574e
5e6462565b57676b616767666666696b
3e42464d4c4a4e4d423c3639495b625c
3a3d3d3d403c383a3a3c383f3d333a37
5c5b5958585a5b5b5a55515458534a4d
4a4d484c4d4c4b46565759595b5f5e5c
5d534c4d5047524e565354544e4c494b
6c6a666b68615c6569696d696866615e
69736b666a6669676266656366616470
6b686c6e6e676968645c686a7a7f8074
6b645b50595c605d5c5e605f5c5c6668
6b6e69596762556165666566626d6f6d
665e6051504d48524b535a5b5e6d6363
595866655a5556595f5f5f585c5f6167
3b414556586663665d47575a5a5a5558
676c6b615f59513e303936353335302b
6e68696c6f73736e6d67676a69645e61
6b6d6d677776716f727371706e6c716f
73797577747678787873717278777572
68787a74787a7a7a7576757272757978
787c797776767a7b7d80816967676d6f
7875787c7e7d776c76726e76797a7b7a
6a676668736e686f77747c7d7a776d73
6b6f6f6d6a69676a6c6d6f78776f736f
615e5b6f80717255535859544c535464
605f5a5556666a6b6b706c635a5b5c5b
575e54595a5c5a60626163635c515355
65636a7071695c5a545553555a595b58
5c60656a6e716e68696d697574636564
6a63636867606362727361606166615f
66615c5f575d6b77717a7877706c6c6a
5753666d5e69635e5d5f5e616562645e
757c6d67635f5c585e5452504e585c5a
60655c4d4960676560616566646a6d70
37413a45494f585848433e3d4a52585c
3c3c3d3f3e3b383a3a3b383f3d383837
5c595959595a5d5e5c5c5a5959554a4b
4f4e4e4d4d4e595858585b5f60615f5e
58584e4648555758585457534d514a4b
6e635f67645f5c696a6a6f6b6e62615c
667668676d6766686367666868666571
6368666565635a534d5b686c7779706e
675d5b5a555c615e5c5c5c59575b6363
535b676766626261656565676b6d666a
686657584e524e47505a5d5f5d5d6a5b
5c5c6865605c5a5b5f5e5e5c5d636766
444c57585e6365665b5a59565a5a595b
696d6a635a59534a3c39372834343739
6a666b6a747a76706d6764696764645c
6a6d6972787473717572726d6e6d7067
7579787775787b7b787775787777736e
76797c7a7a7a7a7b7776757272737679
797778777878797a7b807e69676a6a6b
707178727e7a7974746a6f737579787b
6b69686f6e67696d6d7b7e7e7b776773
6f73747373716c6f6d6b726e6f6f706d
5d5159888c786d5b5554534f4d495064
585765595164786e7771695e595b5759
645e55585d60595b666866645d556063
655f6471625f51534a4e56595b5f5a59
5e63656d6e70726b696665696a696865
6665686a6967666869695c6163666761
6a5a5b5556575b6b707a7c7b716b6468
5f6769696565625f616061626565696b
79736469635d57565f585451585f6060
5c565f565960606162626362666c757b
3e4044414b4f56454445393d4b4d555b
3e3d3d3c3c3b3a393a333e3e3639372f
5c5a5b5a5b5c5e5f5d5c5b5a57544e4f
5251514f4d505a5b5a5b5e646265625f
58524e4749575a5a515c5557534c4e50
69655a5c5e5f626a73716d6a6e645c57
6164635c5f6b6a685b635d6e6e756e70
606667625f5a54504c585c6b6d655d5e
65615751565d5b5f5e5b55585b5a5d5f
516468645e595e606464646a706b7069
6769645b5c545453585d5d615d5c6856
5d5f615f5b5c5d5f6060556363696768
4450545e5f616a6156524d475957595c
6d6969625e5955493f3d35373536373e
66657272737968697068696967626463
696a7375787273716b70716d6c6a676b
7a7c78766c6d7275757472726d6e6b6b
7a7a7d7a72736e747776757275797779
6e697775787477797c7b767273737370
6d6d7174767879747070737677787372
6e6b717272696b6b747a767977726c73
727878757474706c6c6f736e6f6b7475
50535a7f74707070635a4e4e4d525667
565a656a60696b6d665e665d5a565459
585a585d5d5e5c6265666863575b6364
5e60685f5b645343484d5053575a5752
5e5a6c6e7169716869636e61685e585f
69666a6c6a6969686e5e575d69716562
675f5a54535a636b74717577716a646b
5f6b736a6e6d69676462636667676d6c
7e72766d625b5859525a5a5a5b626260
685855585e6063636566605e646d6381
394040454e51544446423e42424a525c
3f3d34323a3b3c3b3b3a3539353b383c
514c5251545e5c5f5b5b545a57524f54
5253554f4d5b5d5b5b5e5d5656595550
5a5a534d51585f5d5d5c5d5d5a585352
64685e4b596062687676696d70625f5d
605f5e5d5f6a6968656a6a7f7b746a64
616b615c5c5a4c48545a5e586e696361
665f5c644f65605d5f5a574f58595b60
596468676459575e5e5e5d6a6d686c67
65666160565553595f5f62625e5e5e59
5e60605e5f605c5b5e605f736b6a6863
3d53525d62636a645758544f474a585b
6d6764655f5e4f4c3a34323635353539
6764687474787372746466646466686c
6e6b6e7178727372757073716d6d6669
7972736d6a6f7776787370706f6e686c
7b7c7a7b76736a6f7678767a7a7a7975
716a77787875767a7a79767474757270
70716e6f756c6a74726e6e7271706f73
757574746b6d6d706f75737373687574
767f7b77757273736c6f6f7779746c74
58525d5f696c684c4e54525651584e69
5f5e5e6a636369686563615b55505c60
575b595a5d61616565655f6862636161
5d5d4d495353483f48514b4f5657595b
5d685f6e6b716e70635e655e64625957
6e6a696b6b6c6b6a5f615f5e68746f62
6a675652565e686b757277746f6c6c6f
5f63786e7a78726d69666664686a6d66
79756e695c5b545451545550545f6061
6566605b616462625a66565e656b777b
3d3e3c4249534f4b5045414448494e61
3e3c39363a34383a3d3b393830312e3c
515254524d5a5f5f5b5a585a59575053
524d545458595b545152514c57555352
545b5b5656595c5c555e605e55555552
6660625756625c6468695e676e686561
64635f5c64666a6b6d776f73736e6862
605e656a565152585e6166636b676362
636261635b58615b5a58574f56595a61
5f57636d675d5a596061626b6a696764
66686a615553545d5e5c5f575e63635f
5f6567676c655f5d5e5e677b74706d6f
363d486464616567605b4e4f58585b5e
6b6a68615f59584a3d2e313334343234
6f72707273746f696d63666965686a65
6e6f7275786f74757573747171706d71
7373747678787a797873676c6c6a7171
7a797675736d6b74716f797c7a7a7873
6b6f757a79767a79796e6e6a746d757b
7a77756f716e777675716d71726f6c6b
6d78797976706e7379766c6c72767679
797e7977777372716d7271797c76736f
5d5e5e6072685552565457545358575e
5d6163656b6e696c655d564f53607161
5d5c5a575b5d5d645d5a5c5c605b5f63
6359504d50514c454d5251595d5d5c4f
53646a6e6e706e6a645e5c565e5f5d5b
6461616266686464625c5c5f676e7269
6b605d55575d676d75727274726a6065
6b666e727375746f6862676467676e6d
74726a6c645f54514e4749505c606263
59605b5b646a6062665a616164687a80
3a3c3b3c4a52514c5149454348494e57
38393d3b3f3f3f3c3d3c38332f2e3b3b
54564d595d5d5c5d5d5a5e5b5d574e4f
4e4c525457535856575657595f575454
565d5d5f5a5a595b5556585759525453
4b5d5e535d5a5d6468695d5c656a675c
63615b5e6265626b6c6d72665e665e4e
5c55534f4d59666a5d5f6256575b6063
6566655a575d5c565b57575356565b67
61625f5655595a5d5f64646a69686867
666e69665755575c535d5c505b62605f
526a6a665d6261635d5d6a6b6e6f6e74
3e43474d5e5d6462616a67615e595e5a
6b6a66625f5f5c514139313634333436
7266666565746f6d6a65676866696b5d
73766f696d7175777778766e706f6f73
76757a7b7b797a787773656a69737777
7b7b7a736b6d707677777c7a7a797776
7075787876726d71736e686874747678
767a72757574777875767372736e6769
757c8079726d71787b766f697578786e
787c78707072726d727177787a73706f
66666b716d6657535755555b5e5e646d
5b646e6c6f6e6a6b66575a5e5e626867
66645254514b4f5d5a636264615e5f61
5f5a53554f504d4a504f595a5e5e615d
58626a6d6c7571726c655c605e5e5a5d
5c5e62656262626361615c6569686666
6b636250555b656f7269626a6462635f
6d6d6e68686a6763635f5e62626a6f6f
6e65696b665b504f4e4955585b626467
5557575c5d5d565a6c645f5a66727676
39363e4a42545053534d4543413e4847
3c3d3d3c3b3e3d3a393b38312c2d393a
5d5c5a585b6057585b5c5c5e635a4953
54565253515956545757575d5d5a5b5d
585f646259575a5d535758555c55524f
5c62635d5b5a536667605a595c5f6159
63625c6661506b6d6b6d6f695a61585a
59544b3a48636d6d606065605d64635f
6969645b5c5c5854524c545558576661
5f615b54585a5a5c5f64676b66655757
615f6864615b5b58545c5d5f5e5a5f60
576668675b63615b5f5e67666568716e
3b3f444a515b5d5d64686867675d6462
6864656157545c534b423a3734333436
706465656572726d6d66656965676b6a
7a7775716976797877787270716f7172
75797b7a7c79757175736c676e747774
7c7a7a6f726f70777974797a7a79746f
7575746f7775737270706c7577777780
7877736f6f7279797c797976756f6d6b
76797170707172737a746f6d78767274
767b77706c7174756e74747776717070
6a686f767468615f5b5f5f616663596a
5d667271716f6f6f645c615b67696b68
5a605d505554565d5e636057605f6064
6458555249514f5053585a615e606467
5b5e696a6a71777862665f5f5d5e6165
5d6266625a575f63605f5d5d6171715c
6c675b55535c61626a6d6b63625c5b59
676a6a68555f5f65646668656b6d716f
6a68686c625c534d433f54585a5f6269
524e4945585a5b5d5f5c5467666e726b
393b3d4748535247524e444343444748
363c3f403f3e3c3a3b37353531303a39
5f5c5a585f6457595f6464645a5c4f53
4d52585a585a4f5553565b5f5e5e6060
5a636c6956565d5a5c5c5c5b5a52464a
6c6462605b574f5458595a5b51525c58
5b625e5564636262636765615f625567
554742505b4f786b606261606361616d
5b6966605d5b5856504b5055585e615b
69665c5d605c5b5c605e685f5b5f5757
65636263605e5f5d4c55616161636566
606464615f65615f575d606264646766
373841484a545b4f53616a68655c6263
675f555a5c5b5b564b42363535343636
706a6d6f6870706d6a645f6b68696a69
777676726f7677767674726a6c6e7372
77787a797876767174716e6c76756976
75757975757174767473787a79726a70
7877747679717474736e6a7075767979
72706a6d6e717e7f7e7b787476667077
77757073717170767b71707077747474
6e74736e72726b6c727777756f717474
72777a8575716766646564655b615b63
717578717182676e62616a645f807270
606a685f5d5f5e5f6a615b57625d5c65
5f5a525651504b5355595a6466646a65
5f5e6265727069837269615f605f6163
6660615b5756575c5958585c5d64625e
67615b4e515e5f5c6d66606364626164
69636a69595f64646465676968706767
6a5b6c6658425245494b53555a5b5f66
464948464e4f55565857606565676866
393d484d4b524b50534e464545474648
3f3f3c3c373b3d3c3432393834353939
5d5e5d5e5e635b5c6463705f58584d51
575a5a5c4a5c555a585c5f62605c565b
6065685e5049605d5b5c5b5857504f55
7068645f5e5e56535455535a5c505359
5e68604d5767615f636562525860546a
5a484349554c746a6761635d5758585c
636561585d5f5e5359584a565c5e5e5d
5c6760615d64645d63666d5e635b5758
626064696b5f5759585d63666a6a6c6f
716567666267615d525a605f5e595661
36414a545a6a52484d586f6969616d6d
695d5d5b615e563b4d3f3a3635333435
6f716b69706d6c6c646663656b6b6b6a
7668746d716672757674726d68677067
727076747476757474716c7177757477
75747573727273757876747675736d73
7673727272727375726d6a6b78797570
706e6c6f747a7e7b7a756c6f6c6a6979
777374757376777978766b6f73737272
6b717672726d6f727779787771727577
71777b7f6b696466666367626161656a
7b867c757b7b6d6b606a6f647b71896f
5a5b56525b585d5d655d5b585c5d5a67
605c5855524f4448585960646d6a6b5d
575a6469787671727a6d605e5f605f56
625d56465353595b5d606768635e605c
615e5956595b616464605b615d555563
605a6663565c5e5f6466595e5b645e63
626b6a5e564d5049494d4f5164666263
494b4d4b444b5041525e666364606562
3d41383f454f5453504e464647464647
40403e413e3f3e3b3a383a3a393a3a3a
5356636060615d5f5e5d55485f5a4e51
68635f5e5b5d5e5c5d5f61605e615d58
5c5f5753504c525a595a59585654565c
6e666462645f5b534e504f5355485057
6c635e5568665f5e5d6465625f645e71
5955544f446a6e69625e645c5a57655d
63605d585959544f5759575c5e62675f
616e62625863696e69635e63645c5b64
66656b85755b575c585667727c807a78
5f6360666666625c545c616561565858
33444043505246474f5a74615e535e5d
6562615f57625c5a51423c3434333332
716f71706563625d5c555a696c6b6a68
7473727272747477767372716e6f6f6d
727276767474737374726b7270757575
7576767373787977746f717270737371
7777716d6d717577736c6c6a7575756e
71716b736c6f767770757271716c6f76
786870756c6b797a7976726e77757072
6d747270716c6d7776766f71706c7478
68757e7e806d5b636068696962656a6a
767c7c827e70736b6a6f716c70637c5e
5c5c585556555a5c625d5e57575d5a71
5f52565b565450555a575f5b5d6d6461
524d5f6870797874646c5e5f5f5e5556
5855514e534d5c5652534e4e535e5c56
5b6150464f585f67645e5a4e4e4c585a
5f5f645c5b626161616262595e615e5d
6873645c53484e4c4d53535066686162
4d4b494a4a4b4d4c5760636061605d5c
3e3d425053545a53504e4d4b49484c4a
41413f3f40403d3d3b3c3b3a3a3a393c
6466645f5f606262625e595b745f5357
656666685e5c585d5b63666568686360
5c4f4448514f585a5b5a534e58525c64
6666636471655b55545758465658645d
635b565c64645f5d5f60636555566577
656b5b54546e6b67626863584f555a60
5e5e5c5b5b575551525a5b60626c6a5a
6f68625d5d63696b62675c646369646a
5e687786785f666662666a7171726f64
4c515f6564675f5f5d635c5d5a5a5a5c
2c35414342414a5b6264605e59555661
6766626158615c5951413a3535353334
706d6b6763626262635e5f6b69696868
73736a6674757676767473756a717172
737778767571736f6e6c6e75756b7270
72727273747b7b797271706e6c727673
7477746f71746a767776717a7979686b
6f696f7275717771726c68667375737a
6865656a6d6e6e706f70737377757370
6e736f716f6e7078746d76786e706f6d
646c737e876f6b6d6e6b5e5e6966696a
7f7d7d88806c72706d797467796d745d
6862585b5b565a5e655c5b5a5d5c6d7f
60605c5d5a56575a5c5d6163665d6161
53525768737c7d7d70695f61615e6160
51534e4b4d4e4f514e534c474a5a5c56
544d4d5052586267645e575556555a56
64635c5c62656463616362625f616d5d
636e5f5a554e4948414541435c636560
4a4f4b484a4b484f555a5d5f605a5f62
3b454c585a5d5c52534d4f4b494a4a50
46474846444040403c3b3a3c3a3a3841
676664636363635e655f5a557468565d
766f66685756595e615f62696a686a64
5a524c4c54585b5e5c595454595f676b
706966676c595d55545555544e62665e
3c4c545454595b5f66625d6157596271
6d58565a5f6a676368645656555a5a55
51595e5f605a5251575b6163666d685c
62616f5d5e566867696563625e5c5253
616c6c746a6b6d67666a65665f666e6b
4d555f625a6766606566646463656963
343842414a493d455e6259564d505151
6566635c59595e574a3f37312b363535
706e66646464676767676a6a69686261
7471686769747674736d707370757372
73727277746d6d7074757978746f7273
737573747676787b7a6a6c6e6a727875
7779787675737577767c7b7c79766e6a
706f6f6e6f74737672716c7679787779
6d69686f70706f6e7175767677737372
6d7072706f7071726b7479657271676d
6e747c88826d7171656064636868686a
767a807d7d726e6e7173737378726c6d
71655e5555524e4e4f4f545a59596278
5d5b5e545546545d5e5f626467616469
564b576a7371746e6c696a67615b5c5d
57524d4c4a4b3e4f535351514c554a50
58575150565a5d66615e595858555855
626162616567666362636363575b5b54
6068615d59444f4c464346475b676660
53594e4c4a4b474e525555565a55605d
3e535e5b605e5c5651514d4e4d4e504f
384f474a4644433e3c3d3e3d3a39363f
6c6966646264636162605e5c7168595e
7b746c6356595c5f646b626d6c6d6c6a
5b5a585452605a5b615954535862767b
6c6c6f64675956544a4c514f545a5f62
574b5868545657655f5b5a50585a616e
61646c6b66616670645a565a5858554f
55524e60675b4b52595d716164755f5f
645e635b61716c676c6268615f616d67
626a746e6e6e6b67666d6665656a6f67
4b5b59595d5e6060676c696c68686165
363b3f434d4e49495b5c555254514d4b
6466635d5c5455564b41342e35343637
716c5f6767696c6c6b6a6b6866656263
726d6b72717173736f7171727473736a
7473757774716f7475757775716f696e
6d78787779797b7a786c6f656b6b7976
73797675726f7572696d6d7379756f6d
727274726e747a78757370727372706c
6d6d6a6f726f6b6c7073777776777574
6e7071716e6e6d6e70737675726f696a
777b868e7770786963666864686a696b
7a797e7a796e6d67606a74777567686a
686370625252514f4e4b5356595a707e
5b5b5d5a5c5a5c625e5e606664626372
574d4d6079605a68636061605f5a595a
5654504f4b433e49534b46424f4a4358
52544f4e50555b605d64636459575754
62656362656668666463625b4e595353
5e635e585a4f444445464c515a666a62
4f4a4b4f4d4b474b4f4f4c4b565e6263
4d61685d665e5a56514c4b494e4f484b
56524d4a4c4543414141403f3d3d3b39
6e6c65666869706b655e5e5b67665e62
6f696b67605d5b666a6562686f6f6e6f
6061625f566155535b58585b5c61737c
71777672655c5952463e4d4b43626368
5d5f5561555a5a625f5a595c5d566673
6069706e64685e685f5c595b5b595857
5b595654525350535d6d686361686358
64656460547473707471686972707362
67766d6d6c726d6b6f7467636b6c6a67
4556525a5c575b6169726b7167696366
393f46465152515554534f504e484f49
65646860625f5e54453d353136343538
70696065696d6d706e70716c65666763
716f6d736f71716f706f737476726d63
7574746f6c6e73747674716f6f6b6967
70727a777679787774716f6b70727876
747171746b69766f6b6d6e7978746f6f
7676767575757b7975737172706f7273
78716c6f6c686b6d7578747776767574
6f70716f6c6c6d7270747676746c7276
6994888a7874746a626768676c66666c
717f7b7b766664636870807873606b71
6668775a4f4d514e4a4c4e535a5c7773
5c555864696769655b5e62605c617377
504f4b5c645e6269615c59565a57525d
585551514d5351524f4d49444e596050
504b4e524e4f5b60636a6a6a59535756
6a6b605f6264635468635e585b5b575a
5f5e57565a4e46444845524965626464
51514c52504d45484e4d474c585a6865
40666b635f6156604e4b464141424655
5253504e4e454544414242383c3c3d39
686b6867686a6f746963565b64686463
726e70655e63616969686c706f716f71
6b71716a585d54535258575c595d6577
707a756d61595a5a5b5555414e686e69
59515456545b626158595b5c66606970
686a6a6664686768635c5b5b5c5a5353
5a5956584f534d5564665d575f5e545b
5f595e5f556f746b5d51556c77736f5e
697a6c67727a716c7b7d6c686f6c6964
4b505655525b6563636e6b686a69645e
3a43464a515253505253514e514f4f4a
5b606965675f5844364135363236373d
6e69686b6c6e696a6c6e6e6c686b6761
6c6b6b6d6f6b6e6e716e6d70706a6a70
76736f71717278767371716d6c6b6869
7277797976777775716a6d6e71727474
72717074736a76727272777477746e70
75757176777876767776737070727674
7a736c6c6a6768717776777674717673
626570746f6e6c726f6f6c6a69697578
7482867d79746b62636e666364616467
6e777c7b6b685e5e686e75756c6e706c
666555575151534f4d4d464b5a5d6a6f
5f59566669726061635f616162647172
534d454854585b5d574c4a4f50505c64
575754524c5755534c494a47545f6356
4d504b52575d666f867e665f58545453
6366625c6165636260584f55595a5753
5a59554d4d4a4b464a4a4e46575b6563
50514d514c4c484c4d4c4e4e57585558
486263635d5e51534f4b404240404b51
5e59574e4f4a4645434441403c383a40
6b6e69636567675f60505e60666f6162
66626b5f5c5f62696a6c726f6f6d6962
6e847b776b5a5b5755585c5c585c6668
6066605f5d575957505357545c5c736f
585b58524f5a5e60545454595e626c6f
6865656365676b64605e5f615e5c5756
57585a5b525049536d5b5355594e545e
5d5b56565257595b5b52506f7a6d6259
5e63656c7066636a7c7d6f6b6e695a5f
4b4b4f54535b6c63656b6b6d6a6c6755
3b40464f4b5454555256575454525356
676c69656463554d4c423632382d3235
6d696a6c6e6e6e6971706b67676e6d63
7370706f706f6f6f6b6f717272706b70
747270706c6b69697171706b6d6a6a72
7774777272736d716e6a707274757673
7170727370727176777776766f727272
75767779777172737979757573747671
76706d696e6e6c676977767472767675
606b7874706c6e6d6a6f6c6869716c6f
7675807977726868696e6b67655d5f59
6d737e7367645d5e686d67666c6f716a
625550584d53514b464a4b55585e6367
5f616868686a6a61615e5f6361656963
4e52535452535a5b584e51504b3d5d5f
605b5a5a5f4a535e4e4d4a4c48585e54
4b565a5e76797f8a84745c585e5d585c
645e5a575f615d615d5857505a575850
57565151525351544e4a4d3d4f646366
51504e4d47494a4a54544d4c4f585d56
425c61606161575447494544434b4f4f
5d5c5b524f47454546413f40423d3a3c
737068656567625d555357646b6e5e5d
6264616867726e6b6a696b676b696060
6a7d6f717261595e50565959585b6567
6a6c6b6758565b5d5e5f616365716f6c
5858574f59594e4e48484e525c5e656a
63676863626c6a625b5d5b69615e5759
575a5957535147636d5f4a4d4e4b555e
5e574b52555058596358656462594f4f
5d6365686964686a7363636967656566
4c4b5053576c6a6e67706a6c665f675a
3d42484e515558595b5b5b5c5956544d
6d6b6b67555a5a56514439322e2c2e38
6a6a6d73706f6f70716f696b6970656b
7475746e6e6e6f6e6d6e707173716b6b
72706b6d6b6a686a7374736e69686c72
767175756d6e6d67676c747478727575
737366727475767572746d6e726f7375
6f78767879727271766d6d7171757372
74706c6d70726f6d6f76757475717176
60667a746d6a6b6d6d6f6d6a74767573
716f796b6e6c666767686663625f5b52
7279796a705b595e6a6865666c717173
5e545157474f514d4951595a5a606868
60616b676463585c575d5d625c61625c
534f534e464e595755524f474557495e
5f61555a57535a594a5144434a506454
53575474968c88897c6a5b616660585b
57565956575959565359564e59535951
5756524e5454514b47424841565f5f66
494e4e42334856585852505055595958
4d5960595956564e4d49464446484a50
61615253524d4b4843413d343f404046
6f6a6967645e5a5951585b566d695757
62604c5c6a616e6e6a6461666869666e
6b7b717170665f55585d5c5b5b585e61
6d6d685e5c5f5e5d5d62636668716767
5a554c4d544e4d484144474e5c5b5b67
5f6467656b615c60605c605f56595a59
565c5f55504d50666259574f49414d49
5f3e5a5f575754597360635f5e575256
5b616566666766676665646162646467
4d514d515b7a7f6f706b67676662625b
3d3c404c53565b5b585b5b5d5a5b5750
6d69676262575c5b532d372f2f2c2d36
63666e71736b6e7270656c716d6c6769
6a68726d6a6f6f6d6d717272716d716e
736e6f6e6c6b6772686c716d68696c6a
747172746f6a68707276797574737475
7572716e747575727670656c7070726f
72797878786e70726a75747077757475
72727072747373717577747270757675
5f6d766c6a676f6f71706f756f747672
6e6c6b6b6a67656a6563615f5f5d5563
797874735e5b5e666f6863646a727576
595757563e475055545b626269717374
585d6163605e56494f50555d5b62624e
55505552595a5b5454514c484e494a4f
6966605a525758483b3d4448485b6757
5459577d8f877e75726b635f6a5e5e62
55535555555853505350535247425153
5554524e4b444644404244413a4e6558
4943443d413843505452544f5f5d5a56
5a655e5757545e4b4d4645403e47494c
65605d53534f4b44413e3b353347494f
72696b6668605b4a49565f68695c595c
6959525b66626d6c6a666466666a6d72
6970726f6e675d625958585d5559565e
635e485961615d5e5b5d5e63686a6f5f
5d514648525146463f3e484d4a4d585e
50656665685e635f5f5e5b5954555a59
56656253505459545355534f46443f4c
595d62645c605c6b7a6765595b576a60
6061625f656765626361605f6367605f
535c585c54747f717977626366676361
3b42494c5354575c5f5e595b5c585754
6d6a6763635e5a56523236302f293135
6f72707274717070706d657771706e70
7273726b686d6c696771717272726f6d
726f6c6b6a666a6b677573706b6b6b70
757873726b6a73717277777572737474
737474737576747776716e6f6d707375
73767976726f706c6c78777473767575
7474737575757278767773737473716a
686b73726b6f6e726f6c686c7373706a
6a696b666866655f5e62605e5e5a545e
7f7d785f5b625f5d6e64616a7869666c
525654504f4050585b5d646a6d7a717a
535b585f58585855544e4a42515b5545
585755555d5853515551534f4d47444c
6968695c585f5b4b48444a424c5a625b
545953589082727a72605e625f646468
4d4c515253544c4c4d5047464c515353
585354524e4845483e4146484a575852
444543433b3841535254585c66605c59
5d604d535145434c44433e3945444446
605f5c4a534d474333333c3e41444b50
58546666635d5241545a616a695e5d61
584d4f5b6c776c6f6969686a6567656b
6b72706f69615d625c5f5c595a5d575b
596b5c6063615e5d5b5d5f6464656767
5d5554504d454648484a48484d4f5155
616462616763605b5e58545b5b53515f
566f775e51565f56555257484a47575b
655e645d5b5f6064655e5c5456545a5b
6c685f505a6a675a5b5f5f5f67635f62
6363646973797864646365676961686d
333c454d57525653545a626158566262
6f686663605f5c57503c3b37302e372f
7171696f6d6b6a66635f5e7777747572
72716e706c6b656663686f6e70616f6f
72706b656c716c6b6b6e6d70706f6c70
6d72716e6b7373737371737174687373
757272747474767775726a6a6e707675
7677767773716e6a6f74747474787576
6a6c6f797676757673726b6974726e70
676f6d6e69726d726f6f6a6e6f706c6b
676a6a696868656362625e5a5c575a59
887c75676366655c5e676d6b77675d60
4f4f4f50525355595a5e636f79768181
5a5e60605b5654514c4c514b524f504b
5a57555456565b4f544d4e45494d5252
68675b535754514d454446454a5c6a62
535f6f81887075796a7566645d676667
47444e4a4d505154504e4e4c4d515156
5a585c544f4e4a443e3e494b4e504e48
444344453e3f46505455585b6c635d59
5f5853534f584f4b48413b3e42424645
5e5b5a52424c434336363b3e42454e57
50505d5656524a50565c5e61645d5d65
5856585f746a7675716c6a6f66556d5f
686e726a645b6a655f64605d59564e51
646867605d645f5c6461605d616c6b6b
585555545148474b4a444e4d4d4e535a
5b5c5f5d5d5b4a5c5a5757565b565654
636d68646463464055534a4c474b5359
5a5c585a5b5e606a6356555866536d60
705b5f595a67635d5c605459655d5e5d
65686b6f7678736567656f696a696a6f
33423b4e595056565765646664646866
6d6765635f615f5953383d34332f3629
7070706f6c6a6a686265697475757873
706e70706c6666676e6e6d6a68696a67
737369666c6e716e6c6b626f71726e6d
746f6f6b6a727273747168707373706e
757573747473767475746e6a6e727674
726a77767473736c72736e7576777577
73707175787579746f6a6e6c6a6a7070
6770706f677171707075747573716e6d
6968696766656160616058535b5a5c5d
70856e6a6566666569686e7564625f67
4d4d4f50515356595d616470747c8480
575b6161575252525254595a564d4a4c
5654535755555152534d494b4e535857
65646062524b514c4748444c4b63685f
4e55768a857a7f7c79746c5e60696b72
423f473a444c4f50504f4d47474f535a
59545455514f413d41444a4b4c4c4844
4342443f3b39494d58435b616b665f63
595450504f48464c46413e3f41444445
58575d55474549423a3937324543545a
59585f5c56545158585c5e5d695c596a
4f615c5c6e757e7b716b6a6d64645e5b
6a6d78676a67716c635765625b57524e
4d555b5b5b5a646565575c595b6b6d6e
555756524e48423b48434d4d4c494a42
5b5d5e605754505354565855555a5451
646e6b665e61535150504d4c464c4c55
59616362616466675c5352646b586961
6b6b5b67676767656362636361605c57
5f625d6b6a747471726e706c6a6a6c6d
3739474c56525551555d5b6163696859
716766615c63635f594832362d313131
71706e6c6866626a6b6c727572747674
6c696f70656769666f6e6c6b68666068
71716b6b6b6e706c6b6a6c63646f6f6f
716d6e69686c6c747573726d7271706d
71737475727275757273726f6a737473
6a69747775756e7070706b6f706c7475
72717172736a74736f706a6b6d6e6767
686f6e716b6f6e6c676d777673706b71
59575d5c60635e5f6162605b5d5c5c59
8f7e6e6d6b6867616b72727865666464
4b4c4f525452585b6063696879848b8d
555c5e5d53514e5152575858584a4e4b
4d4d52565655575959494855505c5a59
615349433d484a4b494b4a534c616a56
53566d847a74828b79584e5863686768
4144473d474f4d564b46464645434d50
615c5750534f484342444747494b4d4b
3e3f3743424746454b5a516569675d58
57514f534a42444b4641404142444242
605e5f5a4e4b464638373c3c3b424f59
6a5f605d544b4a595c555c5c5d5b5563
55605c5f716a6c6d6765666d6f7c547a
68636e6d696a706d636466635d5d5a56
495c5f5d5b5e6465624e4b5565676b6c
54524944423e423d3d4949494a4b3e40
525d5c5b595654545455555c5b5a5453
666864635c6256525c635f5452545559
5d5b616564666664646057635c596864
6c6d656b686b6967666663626366645c
65686b6a6e777976707671706d6f6e6e
363e444a5654564f5266646d66675e61
706766655b615f615747393334353335
72706b6b675f606a6d6d64757173736f
6b68706b68676463626c6b6e6a666364
6e6d6b6c6e72716e6e6f707070716f71
736f6e6a676d6e757874727373716f6e
77777776747174757575756f6c6f7374
696868737275737070716f7170727476
73716b6c6d69767474716b6d6e6f6c6b
656c6a7073726e6c686774726b6e6c6f
5d5c6261615e5e5f6163635d5f5f5b5a
86716b716e6d656063676e71736b6761
4b4c4f525353565b61656764777d7f8f
5c5b5b5d544e5352565855515a514e4b
4944454a4e4d484e554d4b535363605d
57504a43414449515244444d54655d54
4e5b65656f6e6f72695b515861666462
4141454a514e51544044464442484a4b
605c5c5259544d4945464645484a444e
3d41434b50554d475767726b64625459
53515250454540484645403f40454238
5e565e5a504e484843433f3d3d43535d
7267645d535456584f545b5e5e5b5558
585e5e5f6a6466656665656b7078787a
5e6d6e676b616d6d6a6a64655e5e595c
53565e5f5b5f5656524c4a505b5f675f
4e4d4a46433e3b3f3e4948474a463948
59595859575653555448535259555451
646453615c5c5b5e5b59635c54575b5b
5c5d6364696a686c64585161615a6665
6f6b6469686466656661605a62686357
646e7a78747c7a76646771706b6e7578
3843495057595555575f63676e696467
6d6966646065655d5341352e36373639
71716c6060666a696c6b6d767375746f
646f70656b6e6c68676c6d6f6b63636a
6b6b6c6f73727172716f707374747370
6c6c6b6868666b72726972717272736f
78757674706b7474757675727173746f
666f74757374757168676e6d6f767676
706d6a6f7071696b72706c6d716f6a69
666b6e726c6b6f67646663636b6b6c72
5b5d61615e5b5b605f5f646364635f5e
786c6e726c68696064666b6c6b69675b
4c4d50515554575c6465646977778986
5956535851515456555659595b534b4a
433e40464748454d4c4b47525866685c
524c46484b4b5c4e484045515f594949
4c505b6b5e5c64645f545b5154585657
4a4447494a4e504a473f454141424b4d
60615a5e4553504b4346463d3d48484b
3f424c585658554c625f615b5862535d
56565d5044403f464844403e4544433b
5e565a58554e49483f3d3d3b48525f5d
5f67645e59595c575658595b5d5a5356
5d5c61656361606162686361676f7467
656d6b696a6465676865655056575551
5657565c5b5c584a595555555b5e5d5f
4940474144404246484546494a494a4c
58595c58554f5051504c4e4d53535250
626464636261605f6166675b585d5d5e
5e5e6e6874785a5d4c4b416167635960
69615e6765696a6b686162625d615d5b
6168727b78797978706d6d696a7b6d6b
38393c454d565055545a5d65656d6963
6a666563636362535340352f32363738
6c726d6b6868696b6b6765687071706e
707170727472716f69686c6d66656662
6f707173737171706f7173757374706e
6c63686b6f6e71746a73746f6e6f7774
717675736f6d677676777673706a6c6f
68697471727676746c656e6d6f726f70
737273747472736e6f6e6c6a74736f6b
6b6c6d706d6f6f6b6766636269697474
615b62605a5959575763646464646465
75736d6b686d65616b67696366656864
4c4d504a5151555f62677480837f7b84
575754515353545657595b5969614c4b
44404442434447454a4e4e515862625b
565a55534f545d444849464a59574b45
454b4a53575b5e5e534e4f4f55575558
4f50574c545c554e48423e4041414b4c
5b67625645554f48383f424648494a4c
474c555d595e61645e56534e545a5858
5e5c574b3b3c3b3938404d554f474445
65605a5955524e4a45454a4b4b5d5e58
6167645f5d5d5d5d5b56565d5e5c5455
5e5a5d5958595e6267615e5e5e686555
68656c6b5f585e6e7770675d57595d5b
5a56565858595e585f56575d5d596260
504d4e44463e454e48494b4c46445056
5c5c5a55524f524a4f4c4d4c4c4e5b52
575b5f595b5c5e5d676969646161625d
5e6d6665726a564e45413e686f644c52
6c6765757770706f6865615762585c58
706e6f756e7478767272726e71756b69
393d3f464f55525352585e63666a6e6d
63646362656561564e3f342e37363837
6d706f6e6b696a6b6b6667676d686e67
6b7573727471706c6c6c6c6c68686c69
6f777672727272717171737372706d6c
6c696b6e6a6f746e7172716c6f6f6e6d
75786e6f6d6f70726c737572716c6b6e
656669666a6a6a6c6666666260676872
7372706e7173706d747373787776756f
696b6a6f6e6d6f6d6b666b6c67757575
635f615e5958565e616156615f5c6666
7c726b6473707068606863625e66686d
4d4c4746494e445961637975807e8684
5a5857525452555a5a595b5a67615957
42423f434143444c4a4b4d54585b5453
47534b56526360555a53494954504b43
4748494c4e4f4d4d4048515354535557
54594f51635e58514a3b3e3d3d404945
4f5f5b524e4f4b463d4444443e454a4d
3a43566a605f5d6268595348494c5143
5e65564b443d3839494c475454554d49
68535a53534c504d46464b4f4b665a5e
6565646261645e584c4c52535d5c5352
5c58575455504f5e5a5b5a5e5f5a5c5f
5756545d5b55636f6c68564f525c5463
4a4a50525a5f575a555b656864606363
5454494546424b50494d48454e48524f
5d585b54474a433f494e4b4c54565f57
61685e575b5f6163666363606461645f
6268665b6858614e414c47544d574055
68696772756a616c6b696362635b5860
646f7173617976747273737272706a6a
3a50414555545156545d66686b6d746b
6765656c6662625341493f3737353435
6f69686c6b6c6c6c6b6866696b706c65
6c686a7072716d686d6c6b616c6e6c70
717674706a7272716f737272716d665d
6d6d716e6c6d7271716c6b6a6a6c6c6e
75726b6c69676f6e707273716e636c6a
646669686a6b6e7164636465676d7076
7370706d72716f747779787b7675756d
676964706d6c6e6d6e63666c72757474
64625f5f5d5c5d61595356575d5e6464
7f766a6c676b706d65635f6360606567
3e404147474d505a4d65707b7b7f8386
484847535351565e5f585a605e615a52
3f403f3c3942444840495356615b5855
565c63687672685a5c515356544f4842
3f44494d4e4e4a495651514f4c53564e
545754586064645b4d3c41414141433f
5254534e4e4e4a463d3c443f40474c4c
4551646565615d6265574f4e51514842
605a51493f43424157424763515a4f46
6b655f5c585855504c484d50576d5b62
656462606768624f495557485e5b4d4f
5c55535253454155565e5d5156546062
605d5f6163636c74676f6e6161525257
4b4c4d515b585956565b5b5d5e575b56
4a4946483f43444d50504f4f55554c4c
544e4f4e4646433a434a47525a555150
59555359565660696666666969635e56
605f5d686151423e51524f4e5e4f4257
666b6e6e6f6f60666865605b5b57585d
666e70716b6b706f716f7072726e6467
3d56494e4e4c54524f4a62686966746b
686363665e525f4b4a4437353238353a
6b6b676b6c6d6c6e6b6a6a69676e6c65
6d68696e6e6d6a6a696465636161626b
666c6c6a7171726874726f6f6f635e6b
6a6873716e6a68686565686b6d6d6d6c
736d6a67615f6d7071727375706f6c6b
686969686b6b6b656365676a6d727375
696e6c6b686971797778797872746f6c
645f6c6c6f686d6e6a666a706d717574
636360605c5e5f615956555560636160
7c868b76696d6f706765646463626562
4545474a4247515b63718a8183858285
4e484c4d4e4c5a5f616867625f665749
434243424144474549504f5559595653
5977848889736d71584e5758544c4842
3e464b4d4d4e545558544d5748555554
56605f68706b6f5b4743434444444240
50494e5a48474347423f42404446484b
49525d6161635e5d5f51464f50504d4a
5f4e4e4d4a48354a4a575d5d5f5a4147
6c625f5e5b5b58564f48424763695e67
66635c6162655b505456565959584d4d
54534f4e50515153515960574358635f
615d5b61615776776d6c69665c4b5458
4c4e4d505d5c565853595e5d5e5d5955
454244464a46475051525150564e4c4c
575651524b463d3a444b4a5051515351
55575a5a56566066676a695d585c6059
585a57595851454f51534c46473e475b
64666c7072746f6f67645d51514e4d4d
6f7070706c686a757775696f6e696766
42544e515855564b4e4e5f636a666d68
645861665d5d56494e4d4036372e333b
6a686c6d6d6c6f6f6d6c676668686c68
676965626f6e696c6a63656562616867
6a66686d6f6f6e7373706f6e5d626362
737172706f6465696667686b72696767
6c6d696563666a6e706e70726e6b6e71
6d726f6d696f6c66676a6f7374737373
6b6d6c6b6f74717777787675706e6a6c
66676f6e6e696a6c6c6b6d6e6573726a
6062605e5d5c60615f5a5c5f60646465
758b96736b6f716c6665656a6762635c
47484b4c4d4f545a5d7490877c818078
4a4e5053535759626767645956535347
3f3c3f43434347414a51585b59594e43
54528486846c634050555352514a4843
4547474d514c4f545c6467514a565555
4e6b716e73645c4544433f4547424644
505559484f484a4b4946434447464644
37393b42555d5d625d594c47534f4f4c
5d544e4f4c484655536265696964474b
5f60616166625f585c5044506065635c
5d5c5e5c5b5758524d51524c54514e4e
55524f4e4d4b52555a58594d56575b5a
5d5d595b5f657c776a61504b484e5556
4d4a4b4d565854545754585a5d615b57
4a4a5149484452534f4c4e4e4d4a4445
5557514a43403e4642494f58554e4a49
4b555d5c5c5c5d5f616163615a5b5d54
524e5655534d444644474646403d5d79
6668697074746e726657504f4c585452
6f706f6d6663696f74706d6c685b5f64
4557514f5553525250555a60686c666d
5f635e5c5c5854555b4a3b2e2d2d2f3e
6a6d6d6c6c6f69716e66656568685f61
686a6c6b68696a69676363635f696868
6a6b676d6e70737371726f5a5b606463
747474716b6e68676567656c716e6568
6f6c6a6669686c6668696b6966657375
6f73737169686a67667077787875726e
6a6b6c6d737373706e7575716d6b696b
6362706e6a6a6b6d6d6a6e6c68696b6a
5e61605c5a5b625e565c615f64646565
857a72666b676867605f605e62646360
4544414d4c52515c5b74898585828082
565050575b5c5e62686c65695a4c5345
3e3c3e3c4446474b4a535f53565a4f53
544d638c88885f54505c5a4e504f4543
45484a4f544f55595f605f5750535355
4d6b6e686f61514d3c3d3e4744434842
485c584d483f484848433f3f40444440
403a3a3f39504b585c524e5055555048
5e55524f3b3b4a45486264665e675b4c
6c6462616970635a5c564c595e646364
5756524d525454555154524d52514b4d
57524e464c4b51575f5a585558535558
5b595554595b576e614a544e51505251
4c4b4e4d525551525654585d5d655858
4a4a4a4c4f454a4b4f4e50414b484447
595c524e433f403e4244575f534f4b4a
58565b5657595b5d63676963605b5f59
4f4e514c48504c4f4d4d4c4b4648686f
635b686e6c6a66716057595257575855
66706f6c6a6d6d666e746b5e5c5f5d61
40384153535652555558585e66666769
5c6460605a58524a504436352c333740
60686b6c6d6c6f6f6b6a696d6b656161
6b6e716b6c6b6d6867676364646c6b6b
5f69676e6f7274717171705f60605f65
74727074736d6968696a6a6e70716b64
7170706c67696b69696b746b656e7275
71706c7166656868656b6f7278736f66
6d696968737272716e6e6c6d6c666a6e
615d716f6b6966706e6d666d706f6e6e
625c5b595d5f5c5c5b595d5d595f5459
7c7b7a746a6a67626062606261616261
4b494b505653516061738084877c7b7f
5b5d615c5f65656a706d7071604d544d
393a35363c434a4d54575d6263605559
524d5b798c764d425456544a4d494442
48494a4f4f5758595957554e545e5251
455051515f5a534c434042494c474642
4a423d5148433b4a4942414343444144
4a48494b515858595a5654595352524c
5f58454a3f3739565c5c62646060564e
806e686c6c6f64605a5b545c6566645f
504a4242494f595859524d4f5252494a
56524d4c4b4e58666d5c5a56585c4d50
5a595a575756584e5b58525354525356
4b4b4b4c4d535255574e535759585a5a
544b4d4e4c4e50504e4c4a4f4f48484a
595459524f4846474a4b4e4f5457515a
55555a58585a605f676868696668645d
5554504e545553514d4e504c4a536869
5158656969676c686b6463504e545356
6e716c6a696a6169697b685b605d5953
324d5e5a50515a5f6063565c5e635f69
6065605f5c5954474e4040393736383d
63676c6d6e6e6d6d6c6c6c6b66676462
65676a6c6b68696a6c6c6a6b6f6d6c66
6366666f6f71726b6c71706b65646566
7470726f6e6e6c676364696b71716c68
6f6b6869696a6a68646f6e696e777171
716f6d736b696467696f7575746f6c6a
706d6e747374726f706a6c6d66676c71
626668686c6a6a6f6f6f72727172736f
5c5a585b595d5b5a5a585c5f5d5e525a
8688786a595b64635f5f60605d62635f
4f4e4e5b545052646c7977817679797d
5d5a575b5f606a6f6d6b71604949394c
3635383c3c404554696a6e707063615c
4f3f4f5c5b6862454654494a4c46423a
444149515a666b6967685a595b615350
38484c4c525556514946494b4b434640
4e3f3d44484142454742484746444343
4f4f4d4d4c5352575e5b5a5756535050
604f464b4e54595d66716966645f5650
7b746b6f7f706c6b64615f5f63666464
4d474b5154575857575552514f524647
5555524b4f4a4e5b735b545756574c4a
5b5c59595554515f5555515656575351
4a48494951525559484e4e505458595a
54494848484b4d494e4b494b49413f44
5c565553504d48464944464549505161
51555859595d656867666b6c6b66655d
54535150545953504b4e4f4d4f54615b
5e65655c6766685a60665f5556595352
6c636766625f6a6a696e64445655564d
344e5658595a5c6362524b5d5e576069
6665615f5c5b57506959423e3a37373c
666b6c6d6f6e676e6d6b6c6563676665
5b6568686f6b6b6b6e6f6f6f6d686665
6a6f6e7172726f6f636263716b696766
6c6c646d6f6c6f6d69646b6f65726c6b
706b6b696c6e6c6d706a606c71717370
6f7374766d6c6f6e7173746d70716e6e
706f6f70716c716c706e6a6c6e6e6f74
63636b6c6d6c6d727071757373737370
5d5b59585c5b5f5d57555f61605f6160
7779765d5761605e5f5c61565556605d
524f525b53525166737c6b7773777875
5d5b5b5b61766f7267645b4d49464e4d
3c3e3f3e3d4b565a636161646f756566
4c404a4b4037464448464b4b4645413a
47484c536070686462655b585c5f544e
484b4e4c48535d564a48494848474745
4a453d4346474a4a474b4d4b48464546
48444b464a46505254535550514f4f4e
5f554e4f52575c5e6b6c646865604e40
78707170837c7d726b67656264676962
484c515054565650554954504e4c4b4c
5551444c4e4b566f6b59565658564f47
595c5f5c56575b585b545151574c5550
4c504f5b5d5757554145474858535559
51505145444b4a49494748464343444a
585856534e4c4c4a4540423f45505664
50555c5d5a59656a70716b6b73676560
5555574a565557524a4b4f4e5b5e6862
5e605d5e66746a62525f5e58595b5759
6366646360616365635d5b3d58465254
3b554d5a5c6562615b4f5a55565a5b5b
67615a625e59555246443a2f3b383830
666f73716e6b696b6c686a60615c5d59
6668696b7068696b6e6e6e6c6d6b6766
6c6d6e7371717067666666696e6a675a
6d6d6e66706c6a6b676b696b6e696c6c
71717272706f6b736e6d687170717269
747476716d6972747274747173737173
706f6d6c6d6b6c6a6c64626874737374
6b6a696a6b6e6e726f6c707272737271
5c5d5d5b5e5d5e5b5759615f61636367
64686d6a6463545c5e5a5354565e5d5f
53535e64615a4d55777a75706e6b706d
5e5c5f5e62666b6d5f5e5b4d4c515654
393b3b45494c5a5f66686b6370736a5f
4d4646494741454b4d453f41443f3b3b
474b4f53586065656a605e5b5a59514f
4a515254545856584d4b4b4847464547
504a4442423c3c464146454c4a474547
47514f4b5151565551535a5253505253
5852444343585e5b5a57525c5d5e5352
77727072797b7a78736f655c6a6a6c65
404a4e4c50505654504d504c4e474b4e
4e504b484d556466645a59595a584a47
5a5b5d595957585a575157575b57514f
3f4d464b5e574e47444546474952545c
5448463c33494b474848464442413b41
545151504d4b4a4a474341484f4b5b62
5557575a5f6a6b6b6c6d6c68665e6761
57555a534f5754524d494e505d657366
5958544f66736468635d5c565c5c5b5b
625b6361605859585050535357535259
34434e515d6868605f5b595b57565b56
656262666761595251513b3535373734
6c6d6e73716f6e6c6b6e685f50605b5f
6064686972686c6d6b666d666d6b6a69
64686773726d63656866676a66696866
6661616e706d6e67676665696a686c6b
7372746c727371736a71707171716e6c
737173706e6c6c6e6d6d726f6c726f72
636165676868676a6864697174727174
616e6f6f716e6f716e6b6f7173716666
5b5e605c60605d56595f605d57626468
626b6e6c665b615f5e575052525b5e5c
5358555a5e5b514f6f7f7d6e636c6964
5e5d5d626668686c5c5e4e545a535757
32323f454d4f5b6a6b71756c5d585a61
4b47474c4a4548494c443e3b433a393a
3d4e55585f5e5a5f605f605d59545458
504c54584d4c534e4a43443741424142
524c42413d3e4a474f4846554947494c
50504c48535756575f62625c58545552
5d5a5d504e5760584d4e56575a5e5552
797677767a7f8d7d746e686366666a64
45494e4f514e4e4b4746525354514b52
4d4e53494a4c5d5e5b595b5a51564b48
57595b595b5a5c5b5a585a5c615b524e
5057515c5a574b3c48453c434a4d5959
534c4642474a48454545424340403940
61585257504b4a494842484d514c4f61
4f555159595b63706f686a6c605a6566
5a4f58595a5b53524f4851535b6b6d56
575a5650645f6567645c595f5f5b5b5a
65655f5d5c5b595751483a414d54504a
3a4752565e5f5660675e5a5b595b5960
68676b686467616a5a514635342f343a
6a6c6e7273716f6e6b686761555d5761
6260686a6a666b6a69666b666a686a6b
63656767706e6d6c6b6a6a6e6d676866
6d6a6a70706e6867676a696c67696f6a
776872717274706c6b6c686d6b70716f
70706e6c6d6c6c6c6c6c6c6b67667275
656363666c68696b6668707272717274
646f7270726e6d6f6d706e6d6e6d6866
595e616162605f595d565b5659636466
645d5f66696a625e5d4d4d4e5b5e5b55
53585c52595c53536c766a615f5f6664
56575c5c686861626d6563605b555a53
3d39383f4353565c686e756d64605b52
43393f3f3c444744413f424040383b3c
454745575a6059686c69675d58555248
52515255544c534d453f393641414145
544c4242403f52525053595c47464a4e
56564f5053585c606062666a5b5b5961
676463626265656e60605b5953594d55
74737174717f887c74666b6869666363
504f514a504f4c464751514b56554f55
4f5154514a4b4d484f565a5d5a544c4b
595b5d5c595c58504e515c5f5d5b5551
524b516260605246463b31444d55595a
4f4c45464646414141434242433f3a3f
5b55524d4b49484747484b4b5453525a
3e50555956616363666c74625f66635c
5b58505a5c595255554b4652595d5143
495e5d5e69586663615d5b5d575b595a
61635d56525452504e4f4d535151524c
36464a5e646462616461575858595b5e
68666b5f6a69767179544c3b34343236
6d71716e6f676a6c6b696762595a5b62
605c5e6b696b6d6866666a6a68696b6b
6564687170706f6f706f6e6e6d6c6966
6d6b6e6e716e69666b6d6d6e6b696d66
676973716e6d676b6c656670706a706d
626d696c716f6d6c6c6a67666d727271
6464636b6a6a686b69666d72716e6b68
5d606a66666d6f6e6e706d6b6a6a6765
575f5f5e53555f5e5b5a5b5b5e616564
6366666c69675f5c5a514d50555d5852
55575e5a585957606a666a605f655f65
4c574f5968645b58566d5f58504e5a58
3f3c3a3b4750565c5c6e666868625f54
473e3d414445464644414040413c4640
484c4e55595d62666b6061535552554b
5b4d4f545353544e44413e3c4441423f
534b4a4443474a474f4a61533f434352
5b4b5057554d5e605f5f635e545e5b52
696565605f6566716b67605c5b5d5f65
73707072727683877b6e696460605b67
51445250504f4c43434e43405459504c
565651525051524e4d56615d59544d4d
5a5b5c5d5c5c58555b535d5e5e5f5e55
5448495c5b62584c484b4a4f5754545b
4f4a4342444141403f41444543414149
55534c4846474647444448485c615c57
43424b545d60626768706f6768695f59
5a5a5b5b5953535558434e5155565048
5a5e6468726861605a5d5b5b5955585a
5d595554555453574a534c5053525557
3a405d5d6167605b5a5e59565b58595b
676a6c66757178706f52473d36313333
6f70726f67686d6d6d6c696359566364
5e65645c60666f6d6b6b6a68676a6e70
67686d706f6e6e6d6d6f706e6e686860
64666d6e6b6c6b6c6d6a696e6d6c6b66
6b7474726963676a66676772706b6c66
6b70707074726e6a67646b6d6f6e6f6d
6465666c6d67686768696e726e686666
5b58645f646b6f6d6c6f716f68666a69
5d605f5a5b5d61605d5d5c5863666660
65696f6c6968605e54555452605e5356
564e565d5a5c5c616561656667605e62
4d53575a5d5c606573674e4649565859
403e3f404651595e656764676a625d59
433443414545464746484845473f3b44
4151545e5c6468706a655655534d4940
464c54574c55535348484a4444434742
534a49464141394551575e4c45453c43
5a5560585a5c6063565c615b5b615b57
6969666565686c6c6a64656b606b6d64
77737172706d7c86786e635d575d666a
58585550494c4e4a4c4d464955604b47
5459575656555958545b5f615a575555
5b5a5b6260625b595b5b5f5e5e5d5d52
4f4d53555b5a50484a5556565657535e
5749393646423f3f404040444545494b
534e4a4042444745444749505d625f59
4249494f565c5c5f67756f645e4d5055
59565d5e5a5957574e4d494444474e3f
595966646367625e585d625f56555757
544557584c504f534f4f55545457585a
394352585c5d5d565a605b5650535656
6a6e6d72706e76704d57473b35332d2d
726f716e6a6e7170706e68665b656668
64656e5d606d6e6d6c6b69686c6f7372
6a6e6e6f6e6369686470706e6e6b6965
66646e6e6b6d6c6c68576b6e6d6d696e
6d6e75706c6c6a676a6d72716e6c6a68
697070727472706a68656e6a6d6e6e6a
696c6d6d6c6961686a6e736c66666766
55575d6664616666656571706b66696c
5e626059555d61605e5f5f5762636055
5c6f70646560676256565c5c5f5a5755
625a555b5b5f6265636b696b6368625b
55545252535c616163603c50585a5753
3f3642414c54585e5e5b62645c5d5d54
444344433c404045454b4a4446444741
4a515d63635d6c7669605a554d4e4642
4950564f4f54524b454e4c444743444c
504a4442403c403e4953544a3f483a46
595f64515b5f6059535c605f60605c57
696b6a675c6972716b6761616e726969
717671726d6c6d8370695e5b635a636a
60605a55504e4d474c494c4f4f524948
59585e565050565960635b5e595d5a5b
59667a625c5f5f5d5e5f5f615e585a56
4752565b4c4c5251565955524c505054
554b47534640414040424344474a4d4d
534d48424442464747484f5155585557
44474f554e5c64676868615d58503d4a
5c5c5e695f5e5d5c544e4f4c4a4b4b45
60626a63595f615856595a5359575758
47434f515047464e4b4e5354535a5a5a
3b3e4f56565c515d615955535352524d
6e6c6f73727273706850463636333635
69706f6d717573756e746b5d65666869
69606b6c696b6b6d6d6a696665727776
67696e6c696669676d6e6e6c6b6a6966
676c6d676b6362615e5c6d6e6c6e6769
6e6f72756f6e6a686a6f72716d6d6c69
707071726e6e6d6b6a706e6d6f6f7173
67686f69636d6e6e6e6e666666686c6b
5c5a5a65656266696c6e6d726966716b
5f5d5756505c5c5f5c5e5c5a59626055
5e67666c707274635c565d5c605b5255
6658545a5b575f696965696758646360
5250585552464758544c3d46514c5650
403b3b424b51565c5f585e4f66615a4a
4644413a373c454748494b4a4a494542
4f4f5154677166736a60565343424e48
524d504d58504b535c4743454b474c4c
504541423d3a3d3e595e4d424649464a
5d65595c5a59645a5a5d64615d696356
696d6b645f686463636e6e676b697a6a
726b68707275717773645a5763646669
635f5b5754514a4246293a42414e494c
5f5c5d5857595354545a585e5d5e535f
59655d5d605e555b5a5c5c5d635f5957
444b4c545450585d5a5a5855585a5559
514f514d4242434243434445474a4242
413c3b38393648484948484a53555656
474b4e484c645d5966635c5b524e4e42
5b555152514f57565250534d42414d48
546267656a6d5f515a5a5957534a4f51
4f515053535052474e50514352585959
3d47505450535258625b5653524d4f51
6d6066736d6c65735546473735373837
81727271746f737573746c605e62666a
716f676b6d6a6760686968676571787d
696d6a696a6768696e6e6f6f6d6a6b6a
6a6f6f6c67615f635f656e6c6a6b6869
6d6d6f70706d6e676c6b6e6f6d6d6d6b
6f707373726e6d6b6e6f6d696a68716e
6e6f6d63636a6e70706e67676564706c
606564646565696c6e6e6e6d6c6a6e66
5c545455595b5b5c605e5a5b5f5f5d5d
5f6669716e6360615d545d5e5f5b5b5e
505657605c575f6568635e635755635c
564e494852534e4b544e444d4f515557
3f3c3b3d4158595d5a5c5d5c605a5953
4644433c42434148474545464e4a4641
4d4d50525f606067645d51524a425348
4b50474f4947494c464551524f494d4e
4e413c3f3d3f3e3a37423e3a41494b44
6e6b61635f565c505b5d61635e545951
6968716762666b626b6f676e6f6c756e
716d716d6f7070706f635b5860606663
726b53545a544d49434344423b424751
5f5d5e59524f545a5e60595f605e6168
586667655e59545159585a6e685f5e56
4a464950575b5c5e54565e585550575b
434d4f3d4342444343444646494b424b
3e3e3f3c3b454949484b495956545a55
4c4e4c494d4947515c6a58524d4e4741
5753595f524c5654494743423e3e4c4c
546066636c716157585b57514c4a4c51
53545454524f535651444e5456565558
3736395757505d6064655e534f4b4b53
68616c706c6c6d644d433d3133373837
6e7072737374747676746266635c6868
6e6d6b666a6b685f6765676366696569
6c6764645f6360696e6b65656c6c6b69
6b6f6f6c66605c5d666f62636b6b7070
6c716d6f706a6b67646f706d6b6b6c6c
717272716f6e6d6f716a676b6b73716c
706768666a65696f6b68666764646d6a
5660646666646867686d67636a676f6e
5e585454565a595a5e60606061565d61
64657176726563615f5f5e5f5e5d605f
5a5a5e615457615e62615d5d535c6162
51525050544a49463d424c534b56535f
383d3841474b545758524d5370615e5a
464241424a4749404848464949494841
4b5055545457595b5b565952494c444a
494c424845474d494c5757565046454b
4c40424243433f3c373b3a3a3f363841
6365696a6460605951595d5b54505d4e
6363645d6663686d6e6c7075787e7d66
63645f64636d6d6e6e685f575e5e5f66
62685d585b523c3d3b3a3b3e3d3f444d
5f585c5a56565656545859595e5c5e64
465257605a5956575758686c655b5f5b
4549495458585f605d5957545453504c
4550474343424342424547464a4b4840
46443f3a384646454a484a4f5250524c
4d4f4b444c4e4f565b555049514d4946
54626a5d524d534d433f40413e434b4b
626565576866635d585858555051484e
5357545454524e4c434950575751585a
3c454c5356545e4e55655a574c4f5153
676a6d6c6c756a5d463f392e38373233
7573717172716b7877736b6662646567
636e6c69606065646666686069676061
6b685f605e6161676c6d68616868675e
6162686f6967615f6e7070726d6f6b6a
6d6d6e706f6d6d6e6e6b6d6b6b6b6c65
7070696a6e6d6e6e676e6a686e726f6c
67696364626b706f6e6e6c6769696e6d
585d6166686662686c6c6c6c6b68676d
5d5b565b5a58535360646362635c6261
63696f716a64666361615f5e5f5f6160
474a524f525564616464575d5e5f6365
4f4c4b4f514b4b4b49444a545c554a4c
41403e454c474d534e4e4a585c5c5c5e
464346434e4e4d4d464f4a484b4c4c3b
4a4c4a46424c5753565751514d444641
2b3732384149545f555a5d5b4f48464b
4a4242433d403e3c393a33363d383332
6368706f6c625a5b5158575a6457544b
616565636164666c6c6b6c6d7b837973
64655d696e716e6f6d6c5f5759606261
6d6a64625c554c44423c403e383d444d
645e5954535351535455595a5c5b6568
505159565e5a59574b4f4f5261566767
404a58564f5254555a5a54524f524947
3a4c544539353734343e424346474141
49474442344448494a49494d514b4c49
4d4e4a4a483a473f4e4e4943414c4b4a
58635e5a625f3c524e454b4648484550
60625a606b6564615954534b484c5154
56575656555452463f4d4c5456535658
3a424a535257575462635a564e515355
6c6c6a6766645e525d3b3c373636323a
77756e6f676c717a79736b636667676a
61676d69625d6362656360666965636d
68696160626564616c6b5f6368676461
68656a6c656565636e726e636f6d6c6a
6a68676f6d6a70706b6c686469646460
7171726e6e6e6e6b68706d6f6d726d67
64615f5c5e6d727371706d6e6f6e6e70
5b6062626d6664696c6f68676b6a6c6b
5a565554535a5d5d575e5d62625f6261
656d656f6e6c67645d58555556565c53
4645504f4e555d5e5e615b575f626869
4846464b4d49484b4e4b504f53504849
3a46434245474a4d4e4c4a4f5a564844
403e464f50554d435447474c4d524e48
49494f445c51535653554e4f4d474846
2e34403c43485660576262524c46464a
4744424140423f3e3b38393b3b393732
6a6a6c696a5f5c515957545454554f4a
64605f6465615d595d53585976827968
625d686d6d6e6d6d6a6d5f5c525d3c60
62635f60695e57544d4d4f535251534d
5252554c4f4f4b5051555b5a5f60676c
545e5c585b5c5b5a544f535157555656
4143484a474e585f5759575957534f51
4047524638313534334242444244413f
4a49453a434646494a4a4a4e4d4a4948
4e4e4a474c4b43463e4748464a4b494b
5752505757645653514e4e4d4a494a50
6261646567666864554f4c4c404d5053
57565757575755514a49484b58585b5d
3b474c515750535d634f413d50515659
7270686463625d605a3f453d34293233
6c6c6c696c706c7b737071635f6c686b
696a6969636161696966656666636c6f
65675d5c646969676967666869676066
6e6e6d615a5f64656a6e6f6f6e706d6b
6e6a6b6d6e7072706a69676766686a6c
706f6968666967636e6a6f6b73706e6c
6264615f6067716d6f6a696d68616a70
64686a6f706b656d6d6f656869666c69
53525257585e575352585d5c5d616365
6c6a6b706e67655d5957535155534f51
484c4f5857615f5e5d5e605c5e556369
464549494844434447524d4d504c494d
454945444544494b4d4544464d454440
3f43464e4f5c46474c4d4b4c4d5c5748
464c495a55575955504d4c4d4a48473c
39333c464b4f52576158574e40474648
474442413b413c3b39393b3b3c363b3b
6a69696464594f4c585045465658534d
5a5d60656267605d5d505268718e826f
5b686a6a68696563685b615e5b5a5d5f
5a6f677b6f5b595757595b5e5c605e4f
5b58514f4f4e515456535a5b5c645f5d
4d5d5b5b5b5956504f53525455535a57
424a57484957595a52565b5b5652534e
47474743413d3a3a38423d464644433f
49393a383a45424349444a494b4d4e4e
50473b49504d45434544484643414a48
565549667171594f4f4e4c4c4c49494f
626369696768675d444e4a4d54505355
57585853505a595b4c484f525858595e
3c474d4f5c5857565049444c504f5b59
6965675f5f615d60643c414035333238
6c6a6b6c6d767677746b6f68676c6f6f
696764686467696a686363676462696f
5f64636265666766656464646361636a
6f6d6b63595c6365656b6f6d6e656f6a
6f6d6a6c6f71716e6b6a696b6e6c6b6b
71706967686766696c6d6c6e6f6f6e6d
6261606062686e6f6b696d6e6c6a686e
686b6c73706c6b6a706f666767656760
565757585d5f575555555d5c5d5d5d67
706463616b6461595856555357565553
5148565b6464626162605c5f5c5c5d65
4445424b4942424b53574e4d4d474a4f
4344454445464747464544483e464542
424b4b5158584e4249474a514d4e4e4a
4749494650595a524d524b4b4c464645
3b3c434e424b536163575c473d383d47
4643423f3c3f3e3c3838393b3b303e3c
6466656864656362574b40464f504d51
58606464616a60615751525c5d787369
5d6d68606667676e686a6660585c5f45
62647179715e585a5a5c5d665c5e5850
61564f4e4d4f4f55555956595c5f5c5f
58646564575248454751545a5d5f5a52
494c516e525b5a575861565a5254524e
4647443f43453a383b44444d4a464643
47383935394343444b504a4b4b525144
505255455548423f4245423f42444748
545555686d6250474c4a4a4d4d4b4a48
6062676a6760605b544f4d4f51515155
5a594f54565d564f4f52525957535b5c
39343a4459595a5859544b4e50535859
6662625b5c6161634139443432352f37
666a6b6a717b7b77736a676a71706a69
6b6867686361595f5f5f616263615f62
5e60666a676665646364625e5b5d6a67
6863665f5d6463686861646667656c6a
6e6c6d6d706f6e6b6a68656768676e6b
6f676768666b6b6d70706e6f6f6e645c
64666662656771706d6b696b6b656374
6a6b6c6e6e6d6a6b6f6e656764606160
5857585a5b5653555b565a5d5e5f6366
6664637567655f575656555452515753
504f54687165615d62655b5e5d5e6467
3a3e403e3d45484a544f4b4d494a4b4a
45444444464349464645464347463d3d
454b4c4b4e62523f3b454653594c4542
4e4b4e4b595f5a5153544e4b4c454544
3a2d3e4d4d4a536556534f3740394147
4642423f3f403e3c3b393b3b3d404342
696a636767605d5e544d444649464a53
5b5f646865686265635a485168746e6f
5f636c606a676a6f6a6e695f5b5d5c59
656370777061595a5e616564695c5851
5f4e4e4e5150505353595a5a54636363
64605e55534d4a494d4f555d615d505d
505c727265595848534d4e5056525151
3e423f4241463938404745494843444a
403c363c4245434348484d464a514344
595456564746443e413f403c41414346
56545458525047464949484f524c5155
6263635f675c585b5749464e4f4e5153
545756575b56555653475253544e4e5e
3235414b4f5a57554e4651525154595b
6663636661605e625643313e3b363735
6970736b636567666c666870726f6567
656a6a6a676861626160605a5f5d5f60
615e686c5f675e63606060595c5b6964
6d6e6c655f60696a6d6e6d6965666c67
6b6c696c6d6c6c6b696a6a6661676f6e
686b66696b6d6d6f6b6c6e6f6f6c6262
656a6b68646371716f6b6a6b6c676565
6b6e6e6d6b6b686c6b6c65666a646166
565152525b58595c59534e5a5e5f6360
65666e6b615d5a58575859595a565854
51535c6f6d59574e4a514c4c4e5b5f66
393940404141504564514b4b47474b4b
454444464542484746454242453f3c3b
43494e4b5a583b3a384440504f4b4543
4b4d585a5d60665d544f47454d46473f
323e4241434d535854493b3d3a303f4b
56493e3f403f3e3d3b3c3b3c32414440
756f6554615f57524848444347474756
4d5d6765666f6b605d57544e666e6f6d
62606665656867706a6b654757585150
6a6871756961625b60666a6a615c5651
5c514d495251525152534e4e5b6e716a
545556524c45454b494a4f5a5b564e5e
546b74615850514e4e4d4b4e51514f51
4a4440444a4945464743453d4645464b
3b383b4345474c52554e49494b514347
514546534d4847424344423f40403f38
52514f55544e4f4d4c4a4e4c4c4c4d4d
6260585f594a41504643454a54505154
51514f4c5a53515552514f4f4a434446
3c354045524f4c53524f504d53535a5a
62606163676463615c4441403c373135
636c756b5b5f6668675d5e706f6c6863
6a626b6665625f5f5f5e5e5f605f5f5f
68656566656a626162605f5c64665d5a
6d6d6b65625f6c6e6e706e6b6a6c6c6a
6a6c6b6c6b6a696868636263696d6f6e
6764636e6e6e706f6e6f6d6e6f6a6063
695e6f6b6c6f6470716d6f6a6766666a
686a6c6a6a6c6d696766676861656463
504e51585b5c5d5c5951535e5f5c615f
6662625f5c595a5b575854545f5e5a53
514f5a6d61534a49464c4344515a5a64
3d3d404142424c49534f4645474c4c4c
43474840423f47423943423b3f3b3f3b
4e45484545423c384147494d4b494746
4d535a595955544f4d4c49464545474c
3a3c413e39493d42564d444035364651
564b433f40403e3d3b3b3b383f404038
746e625c6359514b4646444446454857
51434e586e706a5f5851514a636c7878
646960666666696667665b45444f4c50
6b72718567695e576163666560635750
4a4e4e4f454f4f4f4e504c4650727878
4d4f524f4844414b4b414b595b54585a
47495351504849474a464d51514a4a4d
4d4b4b4948494a4846433c3d44444646
3f39404a474b535c514d4d46504d434b
4d4853514d4a49444744414340373a3c
5250555955514b474b4b4d484c49454c
5d5853525249435050464b4c494f5251
52534e51595554524e4d4e463e394049
36353a4859545555544f4e5055555958
615d5a67716b6664615552433f323336
5b676f6b67625e696b67666b6e6b6762
5c5f64676a69635f5f5e5d5c60605f62
6d6a6866616a5e61615f605d60605e56
6d685c6061626a6d6e6f6a68636c6b66
696a6d6c686a67686869696c6c6f706f
63636870747172726f6f696c6e696065
6a676f6a6a71716e706e6c6b6a6b6d6a
5e65666869676667686867736b686768
53515757535e575e5856595d5a5c625f
585f5c59575c585a50545563635f5651
524a5459534d504b494b4f5254506459
4040404444464d57534e36464c514f4e
4a483f3d47474144454644434235423b
403b404243413d3d444547494b4b4a47
5157605e5453615752564a4443424546
3a3c3d3e4647464a423d43403d3c3a4d
3b3b403f404038383b3c3d3d3d393736
776c666260554c494f4c48464342453c
4647595d6d69635d5a524f5b6d7b7d7b
6e706a67636165655e625952524d4048
6e665653545c5b595c6063615960504e
564e4d4e4c4e544f4f4e4c4843657474
4b4c4a463c4c4845414c4d514f545958
45504f4d50504b4f4b454b4d48464a4c
494e4e4848494c484644443e43414347
3e44464b3f4a545d534c53524c4a4141
4a474c4647473b3a37434344403b3c37
535252524f4d4a4d494d4f484b404d51
504e51524d434147474a4c4d4b4d5049
54514d564d55514e4c4b4a453c404448
36393b494c4f595b58534f5254545657
5e5e6469636f635e676258463e333034
6267696d6b635b6a6a656c716d5f5d59
5e6265696a69646561615f5c60605e5d
6f6c696766656565656365655d625e58
60636061636b676b6e6d6a646c666c68
656a6d6d6d6b6867676f6c6d6e6e6962
69696e6e6e6f6b72706d696363666367
676569686565676d6b686d6d6c6e6d6b
5e615f5d5d65636a6a6a686965696664
545252585a5e5f5e5c565c5e5e5e595e
615c58595a564f51595c6569655f5a53
504d43494a4b4f4c4f4f57574e475d53
353d3f434745525b534b474c514f4d4f
49473f3e4645403d3e3834383435343c
3c373c3f3f4141424445484a48484b49
515b6963656763606359524642414343
343b383e4b47494e4d49433d3c3c3b45
383c414041413d3a393a3d3c3c3a3232
625b625f55524a464444443c3f434543
515a5c5e5966635e5556545868708479
70736a6360646165635d59575851464f
6e795e4842454359605b635a52524c4b
494849504f4c4d4d4d4c4d4a49545c6c
4e504c39464644464b4f52534e565a50
43453e49454b4445474243444848464d
4e54534b4947484643403f3f3f413b40
3942434346484c515758504b4747484d
514b4a49464a3f3d3a4444423e3b3938
5350504f484b4a4a494d49494448505e
4d4f50504d483c3a4a4a4c4b4e4c4d51
51504c524f464c4a4c4346383c484647
393d393c344b65695c4e505258545253
605e646d6b6b6b63635245393a313134
5f63666365656a6861696c6866625f60
635c6a6b646866676364625f5f605f5c
6a6d6b6b69696867696a6b696b665e62
6a68616368626d6d6d6a666568656b69
6a6c696d6b6b63676966606e6e6a665e
6b6a6c6a6b646e72726f6b6967676667
716a5f615e5f6366676c716f6c636a69
5e5e5f5c5c62606c6c6765615d616566
5354595855585c565a5d5f595c575c5c
525c5c575c5953545654595e6b645954
4e4c4f414748474952585e514e515d58
3d3e3f4348434647484c4d4f4e4d4c50
42413f3c3c393e3e3a39373636353d3a
3c383c3a3c4140434244454748424640
4f5d6e696a6b68675751584a4140403e
3837393f4844494d4a46424040404050
413e404243423f3c3a3c3c3b3b393236
59544a444f433e464948464144473f3d
545c5551585d625e5a595a5a5462494f
656868626357565f5e5e504b5e5b5857
6967524554434a52555352514e4b494b
45424d4f4e4e4d4d4e4f4d434b525b64
484b464748474647424e504d53595450
343d3e4243444543434342434543424c
4a4455464a423e3f3f3c363b3c3c3833
3a3e3d433a3d48494a453b3f423d494e
514c4c46403e3d4044454243413d3c3a
4f4d525049494b4b4d4d4c3d45495d5c
46484d4f4a42393c48494748453c374b
4e4c4c4b4c4b494a4c45474b4a49484a
373c373a384b5e5f544f4b4c4c484d51
5b5d64616c6463615d54433938313333
6064636466666662636455626262605f
6362656665686969676457626061605d
6d6e6d6d6c6768686b6b6d696d696165
6d65606164656a6f696a6968686b6869
6a6b6862696660656b6b6b6d6e6c6a5d
6b6b706e68656f71716f6c6a69696969
6e665f605e5f5b5f6f6e6c6c675e5e61
5d5d605d64696c6d6b685e63635d6a6d
5354505a5853595f5f5f5e595d5d5b5d
3d4f535d5e5d5b5a575a5d7b6d655655
4a484449484a48495058575151585a45
393e414245434447494649555550474c
44413c3c3836323e3d3d3d3c39393433
3b37363b3f4041434243464546454744
4f515469626a655c51505d4b423d3d3f
3d3d3f424242484a4244484442414551
44403f3d3c3c33302d35393739353338
4e3e3941413f3944494847464a4a4242
595256545f615f5d5a5c5d5b62684354
63666661605f545b555a4e604e5e5f5e
5e6157484949484b4e504f4e4a474a4b
484a4c4b4d4d4d4c4c52524e50595957
3e3d44424248474445474d4f525b514f
3234313b3c3d3d40424643434543484a
4c4d4c3e3d3d3f3f3e3c363b3a383833
3f403f3d414144413f3b3d414042444c
464a4c463f3c3d3b3c383a3f423e3b3d
494a504c48484a4d45504b424b4b524d
45474a474640424547434645393a3444
4d4949454749434b4e51504d4a4b4948
383a3b3a465e50534f4a42444348404d
5a5c5f6062626060615a473c37313437
6161646568676663615d60625d5b5e5e
6665635f5e64696a6767606362636261
6a6a696a6d676968696b6664665d6467
675d6667666c6a6c706a6d6f6d6b696b
6968646364616364666b6a646e6c6568
696b6f6d6a6e6f716c6a69696b6d6c69
62615e5c5e5f676d6e6d6c6362656465
5c62625d67605e6b6a635f63676b6e6a
525952545056555d5f545d5c5c5e5c5b
3b454c605d5b5b57555868766a615051
414147484d4b494a4f53544d524e4b40
37373f414644434647484b57574e554b
444442413f39363b41313c413d393639
3d3a3b3e403f43414442443b43464346
54605b646666635f5e5f5845433f3d3c
3d3d37363c3c3b4543464a413c414849
413e3e3c3b3634312b2938373737363b
494b4542424347464748484449464645
59565257595a5b5f5f5f605f5a544142
656667676561575a646361615e50615d
5f5f594b484a4a4b4b4b4949484c4844
4b4a4544494649424e404b51575a605d
48484b494446474649484c4751525351
3735353c40424045444242404748494a
4b4f4145403f413f413f3d3e3c373535
414845403f4144423c3a313f3f434348
3a4b4a494d4b41403c3f3c3d3c3d3c3c
4a4a4d4a4748483d4d5d564b504b4841
47494a4847433f444746443a39454949
4e4e4b4b474a474f50514d4d494c4949
3839373a434b4c564d48424141464f48
5a5a5c5e5e635e5e6057473837363838
62636169686767645c5e5e5c57585d5c
6865625e6067665f6362606464616363
686b696a6969686868656066635e5c67
6666696d696a606a706b6d726f656b6a
626565656067676966696661665f6767
696467676a6e6e6d6b6a676a6c6d6b68
60605d5c5f636e6c6c6c676360626868
5b61656765676864686768656a6b6e6c
5259545156585b535b585b585b5e5c5b
42444c4c4e54595a55575e6c65564e4e
4242414d4d4b4a4b4d535450484a4846
383e3e3e4542434644484b4b4c4c5449
414244413e3d3b41374143423f393938
3935353e3c3933363d3d3c3c3a444644
52636562635b6a615c534c4543403d3c
3c39372f3b354247474745423e40494b
42413f3b3a37332f3538393736373839
3e4c443f40413f454448454345424844
5d58565555564f585d5f5b5b584e4643
696a6a6a605d5a5e6c6b686562616560
655953494949484949484246494e4839
4c49464b504d4843414e52595d5d626c
49494948484547484a4544424d4d444f
3131303a3f41424540413f4249494848
41403d413e3f3f353737383c383a3934
444644423f434443403d403f3e434546
49454b4b4e4a453e3a3e3c3a3a3c3b40
4b4a494a49484c3f576b5b4a3f424141
3f3f4446474442414445393a37464648
4a52534d48454e4e514f4f4f404e4940
362b29394350575a4f44433e46544f4a
535659615d5d61625f4e47383b3a3835
5b5a59636066666558575e5b5857605a
645b5d5d6665645b5e6161646463635a
696969676a6967655b5b5f5f615e6568
5d616d6a68615e636c6c6a676661625d
655f68696a686b6a69676364645c685f
6b6064676a6c6867676268696a6a6d68
655e5d5f62626d71696b68625f5e636a
5b606566666664626069696664676768
59595653585e5c5d5c57595b5c5a5a5a
48494c4b5152595d61646665615f5b58
4344474b4b4b4b4b4e51545047474646
383e3e3e3f43464447454a4e4a534f43
4345423c3d3c3d3d40414440393a3a39
37343b3e3c36363f3e3d3a3543414141
515b5f5e5f625a50494c4a44413e3737
3435323a3f3e4044464247443e434b41
4144403d3b35333030372c333638393a
45484843434343464546454743434844
63666157564f4e6064575c5c574c4842
6d686965605e5d60666c6c6c6c6c6764
60545c52454440424144414747494b46
4b4b4b4e4f53515254555b6467656565
4a4c4549484340454949464a4d4c4c4b
3731353e3f3f40413f3d3c4149484645
403e3e4241403e373a393e3c3d3c3535
39463f4043434143403e414441414547
4847494d493f43414044423a373d3e36
4d4d4d4d4b4c4f424a4a59473a404140
434a48464948443d3a46403a46464848
4a49484642494c4f4e4e4c484f414846
3432313f4a62675a4f4845424f504e49
424f6268646062645e4e47423e383433
5d5963636265645f5a565658555b5c57
615e5a5f6766625c5f5b6266686a6662
5c585d5d5f6866646262676864656468
63645e67656267686a5e67686662605b
615f696a6c6a6e696a69676867636965
6e6566696b6a6765666667686a6c6564
655c62646b6e6c6b696a645d5f5d6d6d
5a6066646666666663686868655e6561
5a5757585e5c5b5b5655555353504e57
4d49494b52534f5d5b5d5e5e5f60595a
414649494a4c4c4d4f4f514f4c484a4d
38343e40434144464846474751595046
403f3c3d3c3e3d323639423e393b3b3a
3c3e3d3c3e3c3b3e3c403d3641403f41
4f65655c57514b4b4b4a4943403a393a
343535363a404144444440433f444649
45443f3d3c3538383635312e36393035
383b3b3a374247464845454645454846
6d6b5c55555352606d5d54535d4c453f
6c6a6967646b636a6b6d6a6a61636163
5d4f574c43454343434244484a494546
494a4b4e5156545152595e5e5e586968
494e4646423f4246484c4d4c4d4b4a48
3b30313e3f423f4140413b3d42464746
4141423c3c3f3d3c3d3e3f3e3d3e3c3d
42424344434241364040434442404341
4a454a4c453e39414448463c38383b3d
4d4c4d4d4d50514f494b674a4542484a
4c4c4a4a4b49413b3e46413d4747494a
4641484547484b4d4e494d4e504d4b49
353a4145415958554a4947444d4b4246
534f626264635c4f4448494337333635
5f6262615560625d585856595b595c57
5a5f5f676564625e6060646667656661
595a615d5a596768696967615b665d5d
6766636464636a69676266686461615c
60605e6a6b6b6a696b6b6b6a62626a6b
6b6566696c686868646466655f616163
5e5b5e605e68696b65616062625d626c
5e5f6467626466626565666463666161
595758585b655a5958555a5953505051
5951524e5258615e5653575054605a5a
46444e52504d4d49414b4d4b4a4e4d56
3a3b3d3f444344474a494a4d51595341
3f3e3c3c3c3c38323442443a3c3d3c3c
383a33343837404337363e4142414141
4c4f4e545553504e4b4948433f3d3d3d
33373c3c41424242414243474548484a
473f3f3e3e394043403c372f34373330
3e3a3d3d3f40444749483f4342464649
6b665a565051514d5d5957474c4e4a44
6c6c6c6c726f6f6f707477726b6c6765
645e4a413b4041434542414547453d3d
49494b4d505e5554595c5d5e5e566b6a
46494541354143424d5443544a494847
393433413e3f3e3f40403e3f45454546
4240403d3e403e3f3f403f3f3f3d323d
3b463f3e4443403a3f41443f41454240
4b4a544f4748474848483f3f3b3b393c
494b4c4e4c4e4a5645685751534d3c4b
4f4f4b4d4a483f3c3f4644434749474a
474645444648484444505054514d4d4d
34393d4040625c5e514c464449484645
5d5e63625e59544e4546474036333736
5663615c5b5d5c5b5a58595c605e5e5e
5b615d5b555a5b5d5759585f62605e5c
656365656567686a6968606362625c57
6a68635e6160665c5c5c5e6661666764
595b5f69686d6e6e6d6d6b6664636568
5f6769696b6566655e64666361615e5c
5c5e605f5e6b6d6c6664626765655f67
5e60637065636360645e646161666061
57585856595e5b5a595859514e535a5c
5c505051575a56545251514f525a5958
4a4f505e49484348424948494e49464f
393d393d4041444a4b4a4d52535d5247
3f3e3c3a3937332e3845433e3e363c3d
3b3834373c39473d3637423f3935383e
4b4b4f565a3d4d4b474844434340403d
373c383e424242424346474948494a4b
515d44403c44493f3b3b3b3632312d2d
3f413d3f3e3e41434345454343433b3d
645f574c524d4d4e4c554e3d504f5747
6d6c6e7070706f706e746b777477736e
60564540394142424644444645453e3b
46484d4f5059595d605c5c585f5b6c63
4344403e414243454742434449494747
3e3b3a33323131303131373e41454443
43413a3e403e3a37383a3f413f323436
444844443a293f3d3644444444474543
4c4a4d433e4848424949443a3a394342
4c4b4f504d4c46484e633f51524e474b
555651505249413e4545454646464849
45464841444342444e504f5551515253
3638343b3e575e605b4f494447484545
616163646357574f4945493a36323837
5a5b5c5d595c58586061615e61675d52
665c59596060605b575e61615e5e5e5a
666465676463616a6763636264615a5d
68696260615c5c5b5c5b686766656867
5d5c5b5a6569696d6d6d6a6662656067
5a5d5c5958595960605f5d5d5b5c585a
6663606066696b6b67645e585e5e5d61
5c5d5b685953565559565e6364665f65
565354565a5959595a4f585a5c595c5c
57575352575758595a54524f51545058
4e4a554a474947414643434b4d4e4a51
3e3f3e3c3e3f3b47484b565154594f49
413f32373a3d3b3940443f3e3e3a403e
403c3f40424341383a3e3d3e3d3a4443
4b4c4e4a463f42434748463f39383a3c
37373639404142404044444045474949
5a5d46433f4348413a3f3c39312f3237
42403e363c3f40424243454547453846
6460615c4e4c4b474a585c4a5f4c4541
6a6e6c6c6d6d6c6b757779717276706d
574f433b3b3941414443444646403533
4b484c4e52585d62645d605a64696061
3f3f3f40424243454645484a4a494445
3e3d3a37333534302f303c3c41424140
44423b3a393839383739363f3b303335
44464343423b403b383c424445484743
4c494b4b474244444447473e39424242
4c4d4c4c5653464949474758564f4d4e
5b5a56534643413c3f43424147454843
474a444541433e4248494e545252504d
35353838495850584f4c474644414046
66686968655754544f43493c36323234
585b5f5a5b5c5a565d63656366675e58
655f5c5d615e5e5c5d636463605e595a
64656566656461616262656261676162
685e5e5b615e5b5b5c61636365626867
63605e5963676b6c6b6c696265646267
5d5c5959595c5e5c5e5f605e61606164
666161626262616264605a5c5d5c6060
5a5a53605b5857565557656866606464
5757595a5c5a5b5b58585a5c5d5c5b5c
4e4e5450505558595955545355545659
4851534c4749443f4147474d4f53534f
41403e393d3c3a48494953505e5e5346
423d333935393f3f4343433f3c3a3b40
3c3d3e404746423a3940414442484644
4b494946434248414346484745454341
3735353641424042423542413e45484a
4d49403b4443423c36423f3d39323533
453d3c3d3f383e42403f4245473d434f
6a61655f55464847454d57584a494746
696a6b6169636d7078797c7d7d7e7066
5a4b413b3b39404142404142423c2f29
4f454b4c4c555d606666665d5f5e6b63
3e3c3a3942413f3f454747454b474547
3739323433322f2f35303d3d41424241
4542403b3839363a3835363336323332
42353d423e3c3a393c3f41424c4d4845
524b4745484343454648484141424041
4c4e4d5054474c494c5056544b4b4e51
5a55454748454239444446464747494b
414f4d483e3e3940464c51575b57534e
373839374d534e4d4e4d4b4446474749
62665b5a5d5854514546403838353335
595a5c5c5c595c5f6263566362605f5d
645f5e5c5f5f5d5b5b65656562575654
64636463636464686766666461666564
635c5c5f605d5c5f6264646566666464
635e626466676b676867676365656667
64605e5b5a5e5e5e6161605f6666635f
666667656361605b5e5d5e5f65676767
545556625b5150555d656a6667626363
57585958595b5b5958585b5c5d5d5a55
515353515254575755524f4f51545854
48485449424945424347514f4552544c
403d3a3d3e41453e434a414e4f554947
3f353b3b3a3e414142413f3e3a384440
414141444747413e3e4141424b4f4d47
4743484544423e414243494a47474541
36373336414043404141414043444542
493a3f3a4040403d31403f403d393737
423b393d3d3c3d3f41413e3e4140414b
6b61595d55454748494d4a5047484944
676a68686b696975757b7f7d888a7062
54473f3c3d3d3b403f3c3d3e3c36302b
4b4b494348525d626363665d61666d5c
3c363233343d4045474848444b494847
35343937332f30302f383b3d3f40403f
4c49413d3a38393a3c3d3d3e35343437
353f3e3a3d3f403e4044474748504a4a
4e5756524f4d4b4a4b4b483d3a383937
524f4c56514d4e48484e574e56565752
5454544e494d47454b46464545454649
4642503d3f363e3f484c5055615a544e
33383934424e51514d514c4646473e46
726f5d575d59574c3d46443c30322c28
6266615f5e575a625f606064615a5c64
61595c575d5e5959596365645c595c5f
63626366655e62626161625d60606462
615a5c5c5c5d5f666765666764636363
636465696967696963575b6164616368
67646361566463636464606466666361
6464646467645f595e5e666869685e67
5550535d574e515e61696a6566646364
58595b5b5a5a58575a595b5d5c595352
4e4f4f50525455565555525656565758
44494846494a4946434b4a4d54585849
3b403f3e3f42454647474f565651474b
3c3d3c3e4142413f393c353636424540
40403d47483c43464444494e5051483f
4a4545453f3c383f42434a4b49453a40
3d38353a38433f423e42414445434346
494541373f3c33323f4142393f3e343e
433d3340403f3c3f414039363435444c
6b656b62554440484748474745434845
666869666a6770796a7d77706e6c7166
4d463e3b3b3d3e3f3c383b35322f2e2d
49494946484e5a616058675e62766f58
3c343336363c3a47494847444c4b4749
38343a3c38343231312f3a3833353d36
443c403f3b38393a3b3c3d3e3d3c3d3d
343c363e42413f3f3b3e494b46464645
536d64544f4e4b494a49474039393837
4f504e4b555552514f4c4e4b565d5b5b
4f52525150525252494949484746454b
46493f454142404345484c5558485555
35393a3e47574f51534a4b4748474544
776e6261515757524c47402c2d2b2c32
5e5a625d585856605c5a626563595e68
615f5a5c5d575e5b646560625e5f6161
64656466666666656158626464655a58
5b595d5d5e5b5e646865636264636363
60646663686767645f605f64645e575a
5a635d5d65626564676064626665645d
63605e636668625d6163686969676464
53535457504f4d5e6164645f67656663
585a5b565a5a5a595756555452555150
4a4b4d4c4b48564e4f56585157595959
4b494d4e4f514d4845474a4746464448
393f393c414044474a4a4f57514c4c4b
353a3b3c3b4141424135353c423e3138
3e3f43404844433f434e4d5252424840
4945494a3e3a41414242494c4b484341
3c3e3f4142434343383a3d3d3f404245
4c49403c3735353d41424339403f3f3f
3d3235403a3d3b41403f39363e444948
6c66645b5143474747474746443a4a45
62666764636f75716f7d7b7470687371
47433f373c3e3d3e3d3b38332f2f2c2c
49474a4a45525d5d5e5857595c5f5d40
383233383d3c40484a4744454c4d4d4a
3334363a3a3c373035353736322e3b34
3e413f3a3d393839393b3d3f4141403d
3e3f3e3e403c38363e3f414a494a4845
58576655585453504a47453c3b373737
514c535b6467504b594b4d5b63635e5a
58575356515b575652534d464748484b
4d4340494340404746484e5454585958
3239343f415155515451514b47474644
7168645e5a565650464b3e2f2d2c2d33
61636462615f60605e5d605d66615f65
60605c575d57595b646358575e5e615d
64605d6865626362575e626767645c58
5c5a5b5f615e636667665d5d62636264
64646a6a6964595a5f5e6260615f5a5d
6462606666646664616163626666625e
656363626467585c62686868655d5e5e
5b5b5a57595a5a565f5f5c5764646264
5b595b59575a5a595756535153545359
48434b4e4c48554e5154595155585959
4d4948484d53514a4a4b49474b4c494c
3b3e3e3d3d4143494a4a4d52524d4d4c
3a3a3b3c3f3f3f443f39383c3e403234
4042424145444245464a55524a504947
4b484a4640404142433e444441413f42
41414143464445413f3c3f4141404248
43443f3c38353d3f3b3c383e3a374041
423a3a413e3a3c3640403f3d3e4b4944
6a625c564c4646494748464238393f34
6766635e6666696e717b7d777068716e
3330322c2f3d3c3d3a3939322c2d2b2b
48474b4c4c4e514d4c54615c5a523c37
39383a3b3e3543474747454545474e4b
383c3c3a3c3c393131373a393b3a3633
44423e3b39353338363a3c3e4040353a
3f3f4041413d383f41444449494d4a47
555f5f5a5b5a5751504a413c3a3b3e42
505f6f6f6b5b4748504e52656969625a
5b5b5a58555a5e585754514a4b494a4d
454e50493f3b3a3b564b4c52524a5760
3338333c4d4c4d4a4e4b464b40444848
60605a58534d57524c3932322c303234
61635d616262615f5c5c5c5c6b5f5851
5150565c5256566064645d585d615f62
62606363625a60615d5f616565615a56
5e57576263606262615d545463636462
64676869655b5c5e62616166615e5f5c
5e605f68686668686660646561656163
6a63646264645f5a65676869635e5d60
5c5d5d5c5b5c59595b5055565d656769
59585c5a59595a5a5b5a565455575458
48434a4e4f4c4c50545654545458514e
4945444d51504a4e4a4d4f514d494848
3d3c3e3e3b3a4043454c4e504c4c4b48
463f3c3d3d3f3e43403a3c393a3b302f
403a3f41414646424d515454554f4d4b
514e4a4340404342403f404241414041
434444454746433f4040403e4141484d
34433c413f3f43413a3738383b3b4041
393d3e403f383438373c3a3f3c4f453e
676150534949474945484a443d3c3f38
676664696c6b6d726f7a7e776f676c65
3b34312e2f3c3b3b393b39372e2c2a29
474a4c4d4d4e4d4d4a52565d4f483c3b
3c3c3e3e3e4046454843464548474849
353a34393b3f3534333535353e3a3937
423c403e3b35352e373a3b3c3f3b3a39
413f3e3f3f3d3e414845474b484b4845
5d605a5a5856514f4944484342424142
52636e6f5354504b51575d5c5f60696b
61625f5d5a615e5c565d544e4c494b4c
4e4d4c453c38373d5846464e5c6b5e5c
303e3c454b4b4e494945484545464549
595a5a564b5460534135303835353436
625f5e5e626363605d5c5b5c67564c4f
5758545e5c5c5c6163625f5c615c5d5e
6362656563626261595e5c58635d5856
5d5555575c5e595e5f5a555664646565
6767675e63626463636463606160625b
63625b5b66656467656065625d60635b
6666666161645f6366675e5f60626263
5a5b5d615f5b565955535d5e6065686a
575a5f545859595c5d5b595751535357
47474e4b4a4f53545555555553514e51
43424150514e4c4e49504744453e4446
3232343132373b3d413e434c4c4b4948
453d3d3e3e3f4033373c373538343131
3a393b3e4243444a4f514e4d575c4d47
4b504c474244433f3e3e3f3d41413d3e
4449494648484646443d414644495357
4342434140403f3b3a3a3a323b3c3f40
393c3e423f3636343b383c3d3e494138
595e5e57484b4c4846444548453e3937
606e717877727171797978796d6a6762
363535373b3c3c3a3b302b312d2b2929
474a4c4d4b4f504f514f4e5750463537
3d3d3e354243474245474a4948454344
393c3639403d39373235333c3b373c3e
4140403d3b383737393a373d3c393939
424242414141433d3f393d3e4647453f
605b5857555554525141494847444545
4b58676762484f50515d5a5c61686264
686a60616566625f686a574d4d484a45
3f4643414444444d4e4c4d4d5b606068
363e3e444d4c4c4b4242484848454545
575b5950545858504a453b3a36383435
5f5f5b5a595c58535751515b5a4b4952
595854596062626360616060595a5d5e
636565656366646258595a55585a5856
5b59605c64605f5e5c4c606261656665
6a676560656564636364646263615861
5a5f63696867616866646263605e605c
63676160606464676865656262636365
5c51555b5a5c5a59565459625f646769
5757525a5758595a5d5c57545253595b
42474946464c4f4e4f5756554e505058
44454245504a4d534648433f43404a43
3132333434373d413b3d484a4b484747
433f3e3f3f4035393a3b3a3632303132
313a393f3f4245494d4d4d4e54544547
5253514a4545423d403e3e3f403e3232
4f5a454d3f47424c4543444649425350
3845454342423f3637342d393d3d3d45
393b3a413f32383a3a3b3b3a41433437
565d5750494a49454543414142413b37
6a6d728284767174816e7c786f665458
423b3734323d3c3b3a2d33362c2a2828
45484c4d4d4e4c4c4a424a524f424b48
3f40403b3d4142424343454847454444
3d3b3d3f32303736333635363635383a
3f403b343b3a31363436373a37363a3e
4243423f4144433e3e3f3b3c47484445
504a545451474b4f4c494a4647464040
4d534c494640504f52545d685f6e5952
6c686b6369635d545f5e554d4c47493c
43403a3f3d3e383f43434e5a5b6b646d
343f3e44494744433c47494744454444
58585855585755524c45413836353133
5a5a5956555551534f54505250465058
5d57585e6363656461615f5e56585b5b
5f5b6263636363625c5d5c565758575e
61646465645e535559595b6466686563
6a6764625d6663636464666564645661
606266686967686463655d625f61605c
63626166646565656965666665656262
5a51555c5c5d5a5857595d6265676966
444b4c4e4d4b49515859555556595a59
4046474b50524d4c49494f4f4c4e4f45
4444484b4d4d4f54514b484145404343
3a363737383e3f4343403d3f3f334244
403d3c3e3b373a393c3a3a343231383a
3a3a3d3e3f3d394a49534b4d4c463b37
56524b4a424243403c3d3f3f3e3b3738
403d4845425a4f46413d444748484a50
3447454244433c3635362f3e3e40363a
3b3837373e353f3c3d3c3a3a3e423f3a
504f444044464746444241423d3a3938
6f72757a7b757870707c787c6c585355
453a363a3e423c3b39372f2d2b292626
414a4c4d4947464a4b4b504d4b474b49
3f403f3d3d413f414142454647474646
3d3c3c3b313239323635393635333c3b
40413e32313034383837393b393b3c3e
42413f3f3f4343404544444646484746
4343454a484840434c4d4b474a424243
464d484643424342475158645d52544b
6e6a6c6c6b6f705f4f55514f4b444849
433f363e3738384244485357666a6c71
373d404646413f414445454446464544
585658565858554e4b47363338353236
5b56575651515152564f5050534c5558
56565555545e605f5f5f615d5a59595b
5957575558595a5d5b5e62615d5a585d
66696767655e55545b565a625d666061
615c625e5e5c5b646364676562635a66
5b656667696766656664626162636361
625d5d65666666676864605d5b5e5e5a
5051535c5b5959555a5e636567696a66
4f4a4c4e4b4c4f535655545355555755
40404342484b52524c4947514e514847
464748494d4f545d55504c4644444140
3d3c37383a3f3f43474845433f353f44
3f3d3b323d3b3b3b3a3a3b3b3a383a3d
303b3a3a38343737323b4b4b4a463741
4d50504c4943413f3d3b3b3f3e383930
45444847454151364144464848484b4e
3e4543484e45454645403f3f403d4146
3b3b343536313a3d3839393e3e454e48
5148464846424744444240323b3d3c39
7f7e7e7d7a7676747679747560525a56
4343403e48453b3b3b38322d2b292727
404e4e4b48454349494f4d4d4850514b
41403d3c383737373439444849464646
383539393230383b3e3d3935343c3e3c
38423c3634383b3c3b32323f3b3c3b3c
393f4041403f3e424547494545474739
4641464749403f494b4d4b4847464139
4e4d484444413f3d3a3b3e414d53534d
72716c6f6e6f675b564e50514b474649
3f3f3c38383b44474c575f6362656d6d
333840474341383a3c44454443444846
5b5a5a565654504f4c453d3b38373535
565453524d4e505157565157584f525b
5455575d5e605e5f605c55555a595a58
5c585a5a5659595a5a5b65625f5f5d5a
595e62625956535657575f61605e5f5c
5657605e5d5d5d6162626262625e5b5b
67676464625e5c5b5e5c5c5f62645d5b
6260616368686667666663605e5f5860
5557585d5c585a565f62636568686964
4b4a525353564d4f4e56545456555557
3432363638434a4c4f4d55524f534b4c
4948474f5051554e5551454646454338
3d3b393a393f343b424549453f374448
413e3b3237393c3a39323c3c3c3d3839
353a3a393539373532394a4946433b3b
4c5853484e45403e3d3c3d3c3e3d3a30
4e4b4b4c4c4143384445474b494d4a4b
3f4149383b3a3c3e3b312e3d3d3a4853
3936333038342f3e3c3a3c3d3f45504e
4b433f4443484442413a4f403e3f3a39
8e9290897e7c8280797675705b545451
4c4d4944423e3b373938322d2a292525
515448433c3a4449495051504c54544b
40413d3a36323a3a383b36484a484647
393233313336303334383737363e3a3d
3e453f38383b3b3a323331323431323b
393a41423e3f4445454546424646443e
494a4a454646464f4b484c4d47423a3a
484746443e42433c464d484741494241
6a676d6f6f6a58625c55474c4946474b
3d3737353a454c4c4d505060635e5868
343839393b4140403e42434446454742
5e5d59555654514b49443c3939383734
57505a59565051555758595b53525f60
5e555c606061605e5d5854565a555754
585c5b5a575a5a5c595c666260615a5b
5c59626255524f5b59616160625d5c5b
5961625d5a5e60616260615f5e5f5d5a
66656060605c5d5d5b5e595b5f5c5c59
63626667696a676866656362605c5d64
56545a5f5f5b58555855635c6968665d
4f535655595a54515058515454505959
3938363743454a4d4e4d565457575453
48494d50505854554c484a4747454337
3c393835373b43474548474540424647
413f3a3838393b3a373b3a3d3f3c363b
3a3d353d3f3e3d3f43474546463d3c3c
484b49484544403b3e3d3b3b3c3a3d3c
4a4b515c5a55424648444144494b4b4b
454b473437403b3a3d3a323d44444c52
3b3534363b393e3f3f343c3c42455551
444241474748433d3b3e423e3d3c383a
6c7c88827f8182796e756c6056535149
544b49464643463b33332f2c2a272625
48514848464a464b5252565557585752
403f3e3e3c3c3b3b3c43474a4b49474a
373132333537333a373b3638333c3d3e
43433e383c393a383534363434303538
383a4243404345494745444046454540
504f4c4b4945484a49484744433f3a39
494847444043403a4849403c42474140
57595b6c6d6b5b5c5c57554d43474a4c
33333436374a5257514f506460585a5a
35373a3c3e423e40403f414444423c35
5d5b5b555253524c4540383639373533
5a56575450545458595a5959585c5f60
58565d5a5d5d5e585853535558565350
5e5b5a5c5d5e5d565963635f61616461
5e5d62615e5c5d5e62636365625e5b60
5c5c5b595e615e5d616160615f5f605c
6562605f5f5e5e5d5b585e5c5c5c5e5c
61646965656b6966666665635e5b5d61
58575c5f5f5c5858555e5a5a5b606460
4c565549524b4b4d4f5457505052595a
383f41464a4c4b4b4c4d565658585548
494c4e534f5953544a494b494947423d
3b393636363c42474749494745423f47
363f39383c383634353e393b41393636
364041413e4445434441423b42413f3c
494849464c3f3e3a3a3b3b3c32363038
4f495564615848404344454748474c4c
4542474848443e414243433f3c3f5250
3c3c3b3a32333e3f3f3e3d3d50565b52
464443474747403a373f3f3d3c3e3a38
767a7d7e797574726c6b64584e514e4a
6c6d67565b444b3b3636322d29282727
575047494746454c4f57554c5254616d
3e3f3f3f3d3d3e4347484b4d4a49484b
3834363a3c393333343433303d3c3c3f
43413f3b3c3a3c383334323031363638
383d41423f3f3e39383b3e4040484846
3f4a45404547474842484844413e3a39
48474642454440464a3e3d3b3e414144
4d57626d6d63595453585a474543493a
3c3b3a3c46464346524b4c5e4e584f4d
36383a343e39424245424242433c3c3b
5955524c4a454b443936312e2c2b3535
5d594f4f5050525955585a5b5b5f605c
5353585c5d5d585954555659595b5d60
5f5a586161605e636464605f61625c56
616460615d5959566363666764646262
625e5b5e626460646562626363626261
65605f5e5e5f5e5b58565b5a5d5d5b5d
6164656064696768676865615c5d5e61
54595a5f5f595a5553545a5663686460
4e5751504f4d505153504f5252554e57
47494c4e4c4d4f4d4d4d4e4b5857504d
494d50514c4f555250504b3e49444745
333735383b3c3d434c4a49473d3c3748
333737383f3d37353d3e3e3d3f39303a
4041433f403f3f4245434240403d403a
4b484a48453f3e3a393b3c3c3530333d
4f475d5c5e5c44404242424546454c4c
4847494c4e4a424a4c4b48413c3e574e
363c3d35353e3b403e41423f5b5f5c4c
3d3c373445423e3c3e3d424443433a3d
7c86887472756e6e63615d514b534d4a
594f514f424a4b3b3c36322e29292728
46473e424443464c4f5d574e4e5d6f62
393a3b3d383734443a43474e4b484845
353336363c3a393a3b3933353e3d423f
41413e3d3c3a3a393635323034373637
3c3d3a3e41403c364243403e3f434240
3f413f424646454446474c4040403e3c
4546474645444546413e343f3f3e4444
565b5d73655d56534e5b584d3c454541
3e3f3b42464546444d464b50564c4d4f
373939403f4345464343423f3d363f40
595354514d4949443a362f2e2c2b2c35
5f55504f525157585858575a575d615c
5a5d5c5e5e5c5d5b5753575958556162
605b515b575f5b616160615f605c5153
635c57565d5d5e5e6362686463646362
5a5756505461625d5a6362636562605f
5a5a5755545c5b55596062605e5c5c5c
5953535869686767666762615e60605e
5759595c5b5b574f52585a5c65656161
53565455534f4d545251515151545455
5b4f514f5050504f4e4f4d534e56554f
4c4e52504c54584b5252483f4549494a
35383d3d37394a544e4e474845414649
3839363b3f3c3c3a393a393e3c373138
4142413c3c3e3b3f4142403d413c343c
4647444947433f3c3c3d3e3d34363e41
56585b4a48473b343940404343474748
4a4a444a464744505252403f4237475a
383f3e3a323a3f3f4141424649464b48
3c3a3b3c423e3f3e3e3f4b4c46453d3e
78727371716d695d575457504b484143
5d52524f4a4943383c342d2f2c2d262a
493c46454544464c4e55544a4c596359
3e3c383b353a3b4039494d454a494847
3636343d373736373a393532413f423f
4040413e3d3b3e3d3b3a383838373536
3c40414142403b38374342414748423c
403d3d3d3c3c414344423d403c403e3f
4145464644464646433a302e2d383e44
585b59665252504f5149554d47494a47
3e3d3e41413b3d4a4e4a474b53424e45
393a3a37333a423f4240403d39363f3d
584f4e4b494541423b35332f2a302d2c
5153525057585a585c5c58595c59605b
615e5f5e5d5c5e5d575b585757545256
5e5d585e5e5a595860605e5e5c59565c
625f5559585d5e5e6562596463606061
59565460636465615b5f616564645f62
5b585656535a5f5c58605e5e5b5a5b59
56524f595d656767676263605f645e5b
55565a575a565552575a5d6063646261
505453554c4a50535555545152555656
4e4d4d505450544f4f4d4f514b4a504b
494d4c4e5254594d52504943444a4e4d
3a4243433d3e51524546474846454a4a
3a3836353c3c3f3f3e393b3a3f373a3a
444341403f404139373f3e373536333f
4545454943423f3f3e3d3f3c363a3f48
4e5252423e3e3633323e394341484845
474647484d4148535653423d3d3e4348
363c3a30323a393b4142404042424146
3d3b403f42423f3d454d5750504c4843
70797a716e69605c5853504f504c4540
5c51484b4145362d36322e2b3031292c
45394445454547484f4c4c424050605e
3b38393c3d3f43424b4d4d4a48483d45
3839383d3a3535383936363042404340
2f312d3b37393f413d3b393938363536
4040424343423e4143444446493a362f
3b3a3c3d3a3d3f3e3f423737363f3b3e
434443403e363a3735302f2c2b334240
415850414e504a544944454849494948
3b3c3e403f43454244474d4e53524e44
3638393a3f4143403f3e3d3b3b393d3b
534c4e4b464039403736322c2a282c2d
595a595654525a5c5c5951555b565d54
55514e5860616160615f595953545551
5c525b5c575d5f5d5f5f5d55595c5d5d
625e5c5f605e5f5e5e5a58575751525f
5f5f616162636462605d64605e636161
6163615e5e5e6362605a5d5b5b59595a
5752535b5b6068676560626161656361
4e565956595b5956585b5d6063626260
4447474b4e5352535454535052575857
51515052524e504f4f5052534a474a47
494c4d4c51534d4e4b4849474a494e4f
3d4547494b414e4d4c4d4a4848494b4b
36363535404142413c3b3e3d3a39383e
444541404044424340403e3e3e37373a
4642474c4240433d3c3a3e3f3d404645
4a494544403e3e3a343d384242494844
3c3e314245414a484743393a3e3d384a
3e343132393c3b3d41424142403f3b39
3f3f3d3c414045474d56655556524c47
717981736b696560574e4b4a54514845
4d44463f3e3c302629352d2c33332b2f
4645434143454847484f4a4238444548
3e3f3e3f4043484a4d4d4d4a49494147
39393d3d39373237393a38353c3d3b3d
33342f393b39393f3c3a39393a373637
41424142433f3e43423e373837363230
313334353639393a36322c393d303b42
3e433e393d3d3c3a383834352e323a3a
434b5145434c4c4f494141454547474a
383b3b3f3d44484648484a4e4b524c47
3437323b424345433e3d3d3b3b3a3837
5552473d3e4543433f3a362f2a272e2e
5b5d5a5a5c585b5c5d53565751535650
53534f5e63625c5e615f5b5959585757
5f5f60615d6261615f56525556595854
62615f60615f5e5a5b5b585454545351
535f56565d5e615e5e5b6165605e5c61
6665625f5f606163615e5d59575d5a55
5654585c6465665f5f60606163666666
4f575758585c5a59575a5f5f5e5f5454
464a50514f5155535254535354575856
485051504c4a4c494b5155544a464948
4c4e4d4b4d4e4d4b4e474a4d4e4c5051
3f3b3d42455059414b43414142414a4c
403734353f41423f41413f3d3c39343f
4847433f3f4642404141404041403e3b
41433f4b3a3d3d3f3b383f4040444949
3f403b4647423b35343d414245474546
3630353f4657494d463d353a3e40474a
39393535373f4040434445423c3c3935
3f3c3d3f3a3b3b3b43545856564d4b44
6f7470696b676254544d434754504541
4044413e383b39363432323335352b2f
4946433f4038404a4d4b4b4740403b32
4041414242454b484c4c4c4b4a484046
39383d3b3b3a3735333a35383c3c393c
3e3c3e3e3c3a3b3d3a363a38393a393a
4348454241413d3e403935373e3e3c3d
353535363c3c393634313437403f3f42
46433e4043403c373b3d3b3a35393738
4e5d504a4c45413f4d4846403e424548
37383d3d3b3d514a454a4c4d4b4b4346
383839363f354444393c3b3b382e3737
56524d473f464442413e3a332d2b3435
5f5f5e5a5c595b5c5c58575651545754
5d5b5f5d5a5b5c615f5f5f5f5c5a585d
6062646162626260594f55595c545359
5c5e5b61625f575b5a5a575654525351
58595b5a5b555b5c585959595f5e5c5a
5b5c5b5b5a5c595f615d5e5b605f5e5c
5d58595a6464615e5d6464636066635e
5357585a5d5d59595854565556575455
4c4c4e504e5156515052555652515857
4f4750504d4a4c4c4d4e505548424b4b
504f4d4c474a494848454c4e4e4e5050
3e3c3f434a58635347434142454d4f51
413d3a3e3f40434143423b3b393a3e40
49484441414141424034354143434142
3d3e38453f3e3d3d3d393e4044424d41
3d3e3b464642403b3c40414749444441
3a3a41474c5b4c4342453f3d3e404545
3a3a3a3e40424445434547403c3b3e34
403d3a3939393a383e565a5b58544844
7b73696765665b5c595549584e4f4a3c
41423b36353130343433333537392d30
493a4142394346424a4f4945423f3e3d
3b3d424345494d474c4b4b4041454448
3b3d3a363538383b3b36363b3f3f3e40
3d3d3e3c3b3c3d3b3835393a3b393a3a
41473e433a423d423a3d363d3e3b3d3d
353636363737372f31323237403f423f
3f383d3a3e343a3239383c3635383b39
4c52494c534642454747484545444547
37363c3c43473f42534d47524e4f4a49
3a3e3c443e3e40433d363c3639393937
524e4747474749454643372b30353637
5b60595b58595b5d5e5b575a585a5b55
5d5a5b5b59585864605e5c5b5d5c595c
52545b5a5757535b5a555b5c5b56535e
5e535e5f60605a5a58545c5c57575452
5f5c5e5b5a56595b58555a5d5d5c5f5e
62615f626160615e5e605f5f5e575e5e
5c606164646362606164636362666364
4c595a5c5e5c5e5a565454555357585a
4e48494a525656535251524f4e505556
4e5045484c4a4c4a50525556504c5153
4d504b453d3c3f4848484d4e4d4d524e
3d3f464c53565e52474545434c4a534e
3f3e33323c373741413c3a3b3d3e4141
3b494542414043403935384141444145
4643403d3f3d36393c3c3a3f3e454c48
474544454434333e3e433c434044443f
383f414946554a4543413d3b3a414343
3b41433e3f444647454544413f3e3b39
3f3d3a39393737393b4a4d4843404644
70636766685d615a55514c48484f3f33
4143423d39353e383736323538392e30
3c4842363e46444748494842403e3e3f
41434549444f4f3f3e3e48463d464746
3c3a393c3e414141403d3b3d3c393b3c
3b3c3d3e3e3c413a362e3c3e3e3c3b3d
44423d4342413e3b3d3c3e3e3f3e3c3d
383533383c3e3c3636353f3f3f3f3f3f
3f40403f3b3a39363c37363237343e3a
494647494a4544444a43444244434244
2f3a3b3d3f3a43504c62635c544f4f4d
353f42423e37373f3c32362e35343437
51504b4e494a4a46443c312b35363634
5c57565a59595b5d5c5e5d575a5b5e57
57595956585c5e5f5f5d5b595a5b5a5b
5761605e55545f5f6060615f5c585b59
53585d575c605d5a55595b5652585654
5e5e5e5c5a57565758565a5c5a5b5f58
61615f6365636061636563605d5a5c5f
606363636262605d6263606162646261
595c5c5b655d5c56545455565555585b
524d494b4a4951504f494a4f4f4f5656
52514646484a4a4a4c4c545753545254
4c4144414945423e4543474d4e4e524e
48464a4a53555a5147464444484b564e
413b37363f4041413d3d3e3d3e404245
4d4a48393d3c37343038424543434143
44443c383a3333393e3a3a3f43474649
3c4b4d48444444423e41423f41414647
343d404743545142423f3c393e404445
444341393e4137484945414343423934
403e3d383c434344444b4e47453e4143
77645e596c606d5c534e4b484844403d
464b474240393e2b393535363a372d2f
434648443f424d484445444351393639
4445474849504c41404048464343413f
3d3a383a3f434241403f3e3f3631363f
3b3c3d3e3e3d333933373d3e3e3d3e3e
42413c4044423f3f403a3d3e403d3d3c
3a3c3a3b41423f39373c3f3f3e3e3e40
4141403e3836393a313738363a382b3a
4646474a434648484643434242403f42
2f3b393741413f5b5649566051554d4a
383543423d3741373c372e3635303335
524e4e4e4e474447463c362b37373735
585b5f5b58585b5d5d5e5d5b5d5d5e54
565557555d5f5f5f5b5959595858585b
57605e57535a5d61605862615f5d5c56
575b5d5d60605a54595f535655555858
5756535b575653585556565958515453
5e60616565596160635f5f5d5859555d
575655545656545d5b5d5e5f61666260
4f5457545d595c5a5b5c5957585c5e5d
534b4b4c50534b4a4f4f515253485659
524643434448494c5152535553534f53
434345454648443d464846484d4f504f
49464d516057564d4845423e46504f4e
403f3d3d403f3e3a3d3c3f3d40414246
474736373f3f37393b42434646444240
44363537323236383c3e37403e414641
364a4e5142424241404242424546444a
453f3e4548433a3c44413f3f3d3f4133
4045423c3f3d3b484947414546453936
41403f3e4146454646483e3533334046
73665d626b66755a4e494a4947424141
40474a464845413a3838353539382d2f
565a504b3d4046454146444b4d423334
47484a4b4d4b4a444543444848453640
352f3a3a3e404141413e3c3b312d2d38
3d3f3e3d3c38363b31343a3d3e3d3b3b
413d414240423d403d3e3d3f4040403a
3a3a3d3839383a3935373b3e41424040
413f3f3f3c3e393d3c37473b3537323a
4749454441474548434140403f403f42
32333839403f3c554a45575a5655584d
3a3d3d3f3b363e3b30302d2f2f353a39
5248504f4749454041413e3838383736
5a5c5b5a595a5a5d5c5959505b5a5c53
5a56565b5e5f5f5d5c5a5a5a59565c5a
6262605e5e5e61625e5f6162605f5d58
5b5e5f616261535c615e575555525655
595755535b5d5a585959575750535356
5f5e5c59565a5a565a5a5d5d5c595b5b
58565655525556585c5f5e5f6266625b
4f5257565b63625d5d5e5f5f605f5c5a
4d48484c56544f4b50504f55534b5759
4c4b4443464645465254525251515053
444248443f3934303c484a4d4c4e4f50
4b494f5d5654524a4445454646464f43
3f4042423f3f3d3d3f383e3e40414749
49423337423e333b4042444544434041
43403f3a3734303d3c3f38413f464641
42444145454141414241414549474749
41424143433f3a434848413c3e3c3934
32453d3d3835373d454443404b3f3a3c
413f3e3f4145454746463a3342424144
575560676e666c555148484b46424341
44494e4e4a3c4445463c2d3135383032
5e5c4b4a483f3c3e57525d574c38313e
4748494650504c484047454549413a51
2f363837353839363436363b33323147
3f3e3e3f36373c3534313a3b3b3c3a38
3d3a3d3c383b3d3741403d4341403f3f
3a3e3439423c3735373c3d434344423f
4040403c3d403f3e393e3e383737353d
5e4648474547443f3a383838343d4241
343838383f3a3738434758595b4f595c
2a2e37343b33383b2f34313034343c39
4f4f5554524e4d4c48493d3838373638
5a5a55595a59585c5b5d59585a575a56
5151504c4f55504c495258585b5b5c5b
635f5f5f5e5f6162615c5f62605e5c5a
6161625d615d58585c5852515152555b
575b57505b5b5f5b585d59564e595858
6161595555555b5a59585d605b5d5a58
5352535554595a5e5c5e606564605c5f
5556535a5c635f595d5c615b54545555
4c494e535655494b4c4e4a4c50555957
4344434347494c4f4f525251514d4c4f
4f4b473c3d363537404448484c4b4f51
4b4e5b60534f4d484a4a4a494d484345
3f4141423f3f3f3d3a3b3c4040403e40
3e383534403f3e3d3f3f443e3e403f3f
4644433f3d3c3c3d3d3d394144454641
423e4343434240423a44424247464a49
3e4653494645454a363736363332353f
3e44424038373c3d48494a4c494a3a39
41403f40444445413b44413c3f40403f
424e545c75796a63514f474a44454544
4b4d505241414b4c4238393436362f2e
584f4f5459545466785d595c51404448
434646474f504e4b4547474f4e43485b
363b3d38383734343534343f34343647
403e36383637393635363e3b38323c38
3d3d3c3b3a3e424041403f3f40434040
3b3d4142434342404143444743413e3a
3b3d3e3e3e40403e3d3e3c3836373737
6048454647423735383939373a404141
3e393a393c3e373646505c595b545f61
30333a3c3c3d383f3c2f3037383a3d3f
515254564a47504d4a43443934363536
5b5956595658595c5b5b595859545b57
4f55545150524f4a485557585c5d5d5f
6261605f5f60606061605f60585c5a55
6061605c5e5c58585759535551525761
5b59575a5754545252515c584f54525f
605f5a58575b5c5e5c5e5f6059555e5d
5354565458595c5d5e5f5a5e5d5b5760
5654515c5d61615b5d5c605a55555353
4f4e4e50514d4b4e4f4d535150555859
454446454a4d4e50545453524e52494e
4f3e4746453e2e3740434b524e525544
535454524f4b49484e4e4d4f504e4545
3f414141403d3b3c373b3f4140433a4a
3a3b383d403a33333b403f3f3f403f40
484749463c3c3e42443d42464645433f
403d3f3a42433e464645424548494947
3d434d423d4c4e473136373736393f41
3d3d3f403a39414043514f4c4e3d3b39
3d384442464442413e44413d3e403e3f
3d404c5975735c554f4b464945444445
4e53524d4e4f4250524e575953372b2b
4d655152555d676a7c6d585e5b4c5352
4148344f534e4c4a484748564a424143
3432393a3737363333323b4038423944
403e373737373f3a373d404030313c3b
3e3d3b393c4445453d393d423f444140
3e414546433d4745454644454545433f
38413d413d2f393b393f403c37363433
504945443e3739383839383040423d3c
45453b3832383c40464852605c5c5752
32303c3b3c3e3d3839393d3b3f464349
5252534d504b4f514a47423936353937
534c54505a5557585b5955555c5c5b57
5a595955504d5552505b5c5d5d605d5a
61615f605f5e5e6060615f5e5a5e5d5d
6161605f5f5d59585554545456545453
5150555c5a54535a5b585159544f5251
61645e575a5e5d5f5e5f5b5d5d556155
5a58555355585c5f6060565a5455575c
5556585c5b5d5e5c5d5c5a5556565253
504f4e4e504b4d4f4d49545150555259
4e50504f4f4b44504f4c4f484e52474f
4e4e49464542323944494b4f4d484a47
595951504c514e4b4d4d4d4f52504c51
37393633343a3a38393d434240424753
3f333a3e434240404343403f403e3635
3a3b3f424347454b4940464849484541
40403f41423e434c4b48454843473d3a
4339313b3a38363e3a353b393d3d4040
3f3f3c3e3a3a42464a50534b554f3d3f
44484644434243424043403c3e3f3e3b
453f475b7059514e504c464446444443
545a575556534a5956566e7a5b362219
56575854545e6e747465625e63595f6c
484a494c504d4c504b4e5146494e4c50
3c3b393b393b39373c3e3b374343454b
403c393c40423d39383a4430303a3e3e
43433f42434847484340404140394241
444848463f4a49484b49454449484344
3e4041423c2a27342e3c403f3a36343f
4c4247423c3b3a3a3a39312f413e363f
4b4741433d364040424e566b5f5b5c4b
333438373439423d37373f413f4e5251
55545559525450514849433534343730
525454535758585a5d5d585758585a59
5d59595554534d555a5c5a5452535a4f
61605c5d5c565e5d5f5d59585753605e
5554556160595d615d58555654535354
5154595a5a50515e5c5b595c51535251
595a59595c5d5c5a5c5a5d5d585b5e59
5f5b575355585f6061615d5c5a5b5c5e
545757585755595b5d5b59585757555a
4e4f514e4d4f4f4d52504b4454525157
4c5352514c4b4c51535354534b4b4f50
49484a4745423b414748404a443d4d4f
585f606c5a4a4d4d4c484a4e53515049
38393636363a3a393a40494143475454
37343940414344454644414040373537
3e3d454c4a505154544b4446494b463f
3c40403b3a3f43403a43464748453d3e
41413d3a37393b3f353d3b393c3c3f3e
403c3d3c38423b444a4d505a57555d43
444341403f3e394341403b3a3f3e3c41
443f454c57514d4b4c48474646434144
5b5a595956555158595b5f4d6e412c26
5c5c5d6263666c786d5b4b69685e5854
463e424c4c4f4a4744484a4e524e5958
474a49424746474a3a38393c44445143
665544474945454646444a4257643e42
484847444545463e4644424343434c51
4159514a4448414a3e3a3e433b3f4345
3e3a3e443b39373d3d3c3a3e3d3a3537
4d4e4d534b4845433d38383f423d373a
56464a4a4539353b47596267595b5e57
393b3a3d3d48454e4944463d48505559
5a58575a584e514c4e49403738383836
5a51455552504f4e5b534c505053565a
55575c5f5a584d4c5e5b585952505353
605e5c56535f5f5e5956565958545b5b
58595e5b61595d605f57575b57515457
5152545d5b54575e5d5d595b54535257
5c5b5b585e5d5c555d5e5e5e55595f53
5b5556575960605e5f5e5c5b5d5e555d
58555555565955575e605d5a57585555
514e4d4c4b4f52565450515155545557
555550504a4e4f50525251514f515056
53504f4a4246464747494d4c474a5655
695e6d6d59514b4c494749585c565450
3a3b3a3a3e393a3a3d434a3f40494c5c
3634333b434446474847444039373639
404b50575d5d5b5b605449474a4a4937
3e3e413f3940423e4445444547413d40
383b3a3a3a393f3e3f3835353b3b3e3c
403e3b373e3f3c424848536860545a40
3f312f383e3e3f40403d413c383c3a3e
4b48494b514c474a4644474844374343
6861625c514d5d656661627e79513122
6566696b72738f75644b535871737b5d
3f3f42494c4a4e4a48465058575e5c60
4342403f433f3e3d3b3c40494d474e45
735b45515e5a59574f535e6268633e42
4b4d515358625a504a494c46454d5f6c
5a7a71504a464f4f4743444440394a46
41484d51535455564e473f433a42443e
696765635a5d6157525a5f5d604c413b
594657524d4d394155616567646b6363
3a3b3c3f4d505b5c5d595956555f5d59
5b4c565e53474e5051443f3a31353639
6154505754514f4d5654504e5658565e
5858646261565051515c5c5d57535963
5e5e5c5b5e5e5e5e5d5c5b5f5d5e5c5b
595b5d5c5b5856555d5a5d5d58575656
575c5c605f5f63605d5854565554535b
5d5a555a575451565355555654545f5c
5a5556576061615f5d585d5d515e585e
54565154565853595d61615e54545a5f
504e4e4d4f525857585552535b5b5b58
5154534d4e49524a515352514a495758
4a484945403f474c4c4a4b4a4e4d504e
62635c59534f4f4d48485463615b564e
3c3b3e3c383a343d3d46473f4046426d
3b3b3f41424347493d48443b3b383b3b
494c555a687169515c564d4c43494a44
3e3d383d4440363a42414546463e4144
393a3b3c3c3b3b3d3a3933343b3b3c3b
3a403e3d423e32414d52657169545244
3d3c313e39373c413d3f423d3a3a393c
4b4c4e4e5250514e5048443943414443
7371696a57657670606e828d7f5c372e
6c72706c7979938b645e5f6265607169
524d4d575b59595a5d5a605755505a65
4147545f726a69686762565260535c51
6162615d53523248355f6d734c404241
5c65707276775d534f4d515157617676
6a805d404a4d486057535555484d4d53
5d5c6a6d7f87867a614b4d575a645c58
5d59817a67666f6c707b675f5e5a575a
5e616760564b4652716f68686a6a6560
3739404c555a636161605f5e6f785a5a
5a5a59384b425151493d413a35363533
6964575859565857534e4f555b5d5253
5a5f5d5f605f595f5b5a5d5e5e616769
6565626163635e5e5f6162616362605a
5f65655d5d5b5a5b5f6060605e5e6064
5960606162636261615b5b5d58595d5d
605f5d5b5c5c5a5d5d5e5c56555b6260
58565b61616262616060616263625d5e
5858585b5e515d60635f5e5c595b5e5f
5251524c5158544f4d5655565a55585a
4d4f525247434e524e5155565a5e5f59
4e4d4a46484749534d4c4e4e50514e4d
5b5d5b534c4f4d4d48435554645e524c
403e403e3b3f3d3c444642403c404762
423e3c3937363f474446413f42413d3e
505253746f6664625c4544434a4b4948
424143433e3c393b3b42434842404242
3637393c3c3c3c393d3b38403f3d393e
42403a3738383c3c5163707070524742
413f3c3832363e41403b4145403d3a3f
534b4c54545955564842414345454545
6b686e6d6f7370787878898f7e4b4238
757375747a868e80626161656d6c736d
3a4367746d6d6345406b58534a5a6d77
4a536271797672797571625e605c5e3b
55546c69554b35333f37686a3f3f5842
6c5c5b5d5a574d4c474a51545c71814f
71836f35525558836a5d5c5f5b576e79
5361675a7e615e685a56535161636d61
71777e6f69655f575a63615d5d565460
717666625e4e545d67696a6c6e736a64
3d4347565f787d68737167676f7c616c
565553554a5657523d3c403a3939393a
6c6a635a6568625f5f5c5d6161605e59
64645e616765635b5c5c5d5f60625e6b
6c6a696864606162666a686965636364
6b726b6a63606162646567696d6f716f
656766656464676c6b6b6e706f6d6b6a
6564625f5f5c61636568665f636b6b65
5d586263666869676868696a6b68665e
5d5d5c6060636465655d6162625d6363
54555858595c58555f5f5c5b51535857
555a56434a4c565d615d5e5a57625d57
52524c494c4b5154534c4d5655505054
56524b44514c4b45464354636c5e5252
3b3f403b3c40413f48453f413b3d4959
4746413c433e4447404341404b43424c
4e41577266666664544b4541444e4649
423847434243413f404454564a464347
433f3c3e3e3e41403c36363b3c394343
433a403a414244474f586a685f4e483b
43413c3431384141423b454746444146
3f393a485252504d4a403e4543414343
7875727171707f6f8589747b7c514b4a
747376737a665d676b7270726c6e7671
5f5d736a656a605c6661595761686970
5355575a585c606664616c5c5c63675b
6258554f48413b5050544c4a4f4b4f51
7f655f605f5c57585759585c5c5d5c4c
71715e55636a6e7173706e6b59497c86
516f77797c846a625757535b685f655b
70716f716c6b674e4249616f79736b5c
74767a645b646c67737f7e717d726f74
3a3f4a59727072727f7c717477807271
5870767e7c78555d4f423838393b3a39
6f6d636b7e71726d67676768695e605c
697076757172716e6f716c5e5c64686a
6c707d64646561605e5e5f6a66626362
6366666866615e5d5d5d5c756f687166
64647170717a7a71786f7065696c6565
6766655655576265696e726d69676666
5f61665e58585a5c6c6d6f6e6d666866
575d5f5b64676e6b655e5f6b63636564
51504f4e4c4a4e51544f5558595d5d56
50545259615f6165636461556c76655b
57555751505452565253544f4d504b5c
4c5449484344464b4c4e525c4f475b5e
453442353d3d474b52504842413a4b59
4b4f55545b4a4f45505354534b464349
494f5d647b676c66574d4b45494d443a
3f3c47484142464940465a6750495449
4444403d3a3c3e3b35363d3e3f3f4d47
4747443639343a36464d524e4e413142
433738343b3d3f453c3b504b484a4949
383c4a4d53524d4545403a393a403443
7e797f7e7168777481907f73835b4642
63747b7a72777c797776767a7777757a
5d65696f706c555f6b7c657b666e6871
5b5a585558585755585057587572635d
584e5a6968595e766b6c737050536255
6168716f62585864635a59636d6c7361
867d706c70696d6f7170706c6b696485
747b8f8d89736e6e6066696f65676e7d
7581777a7b84755b6a5e6a68686d6c6d
827b6e71756c6d6a6d73757580737677
383b4667858a8e88888275716f777a7e
768f9b767a736c665d403b373836363a
726b6564606c66655d656867796c6565
7170758387786d6a6363626c6d726b6d
7a8081696b696b6d6e6c676c726a6b66
6c737478766e6c696c656771766e6f75
6d6d726f6f71696a6a69696e716f6a6a
6567555f5f64636464676e6a6b676d6d
66606861616464637071726f6b696763
5f60656a686c76666564636f7272716a
5e545356565658595e5c6f6b6560615b
5b6e716b6c707679755858567c777066
5a5d5e5158575556615f61565757555e
556d6e625957564a4443565546515c67
423d4a555d5f645c525b5a5650545857
6568645e40565656615d5d5b56615244
4c4a5f7a7e746961514a524e5b5c5154
4b4e4a4849494c444a45697e68564849
3d3f454440424b485051584245425e52
4a463f363d3c4140484951514d3a4644
3b3a3c3b3f41434541435754554d4c4d
453f4b4d4f4f4c403a4342423b3c3241
7f7a7f746e73827c7a817775725d3d3d
71767b78797d8082827f797d858d8181
6e5c6d7d6c6b6f787b77757370797372
5f615d61676668515553505d6557806f
435f6569605b61696f6e716765655c59
7876706c73716a626056569069626a46
786a556c6768868b908d8e766d64707d
7c858b8977875d7567656a74687a8d85
7b8180888377636e788d898b7c58616a
82667674687379787675777e857c7c77
3e4d4f70898c8f877d9572707175777c
737e998a7e746a5d563c393637343a3a
686966666d6762687072757a6b68655d
61858887837d79656463637d807e7a65
847f7274637271767d79746a6e696f63
797e827c716d717968736767645c5674
7b696765665f63676b6b6e6f75746e74
5e696e6a65656767676d707177767a67
71736e6d6c6b747577726f6c6b696664
6567696a696d696c6b696a6d716e7174
6868676668666c6b78697c756d6b6764
7a7f776b5f6a726d62595c708578746d
62635e62635c5a5a596c645d5c616b74
5f64646e6b605f5853525e5b56595e61
5e676e6a626d5d635d787d615f5d5c56
68695a5d687165666b706e6d5e635c57
4948676e8368645a6169655b63676460
5b5d5d595347524c554f626a4e56504b
4237373e47474b535d62584f695b605a
554747443f3d464749494f5d534f4b49
413e3c35384348483c3b4f4e55565354
3d3e474f4d4c4c48473d424448473a39
9080727c716f7e8f9085796d715b5654
7a7f78737d7b828973847b79797d828f
77777c80817677726b7371708083756f
5f616265696f685f4166666162637474
696d83817f766462687c73574c5a5561
59878c8a908e7c5f595d696769636a6a
736f705d537b8e8f8f8078736d6b6b59
554c50726581858068656d8286888475
7b86887f736f667b919a999a7953524c
777a735357737a7c6f686c7783817976
34473c535f717a807c8281867f6f7679
798382887f7a6a6d4c3d303337363739
71756c70746e7059676e796f6f6b6f6d
5f647879828a81754b52413e39635f67
6f85858487816c787a757a6f66646c67
80806c786e686b68626a6f6463646e75
6e6d6a696d6c6a7678706e6e6f72747c
636b7269606e65666b73746e71707878
6868696e696872787b7b786a69676864
68676b73636e5d6c706b675f68696264
6f6e685f6f767e7e786d71746b71726f
77756e69696d6b6e655e627388847a76
686a69695f605e5d5a5a5a64626c7174
69617f6c6d65686164645c615e666366
6e7e83775c6563606b696f635e5e5a5c
6b6e68686b74707074727271756a6b62
564759686d60675b5e5a5d5e6162676c
5f645b59585a5851514f54595b565462
423d3e44404a546155807b6b6f5f7263
4c4a4b4944494a494a4a4f52525b5c52
403f3d3d3e454c4140484b3d44565855
4142494b4a4c4a4746403e50504d433d
8577605d879094999d9d8d5e46506165
787c78767a707d748a909691807485a7
8b8b7c7f7b7072787271838777636b67
6b607572686a6c6263656f6c6b6a6c7b
5662594b453333433e6b554e40576368
616b7b908b857873746b66685e66787e
717472513f4d7c8d8d8b6859524e555b
544c726a6e73787d7e7e7b7a7a787d77
473d496e64776f6c5939283b73534147
544e494f4e3b292f606060605f5c6a4a
393b50596c696977766f6f6763595a58
7b949896957e54464d3f3b3733343736
747a84807069686a72858a786d645689
5b767c847f664a463f3f3c43495b6a66
798387816868767b7a76736b6f706460
827677736b5d5f60595d615c606a6870
7b7d6e6b6b6e6b67726f6d6c70767a7f
6a6466646b6b696b7a7a826770736c7b
5a605f6064676d5a6464626466676866
70676a68736f71716e635d5864767658
736861576066697273718180877e7374
737776736e757a79767d6965726f7978
78766e6c646c6c64605e5a585963696f
6c7f836e747277716a69605d605c7075
6e8383636766707982817b6765655c5e
72756a6e74727f7d73646a706d6c6b6c
6063766f6b6a635e61605f616c666c6e
5c63635d595c645c5553585b575a5a5e
42464e545a5c636d7d46566772676a62
4f5152524843464a4b4b4c50534f5955
4444444446546652464d5856595b5150
3b49443d4b4f4f4d47464a506159534c
9458668875979899949286593f466a70
5d5d6875807f726e7b5c6a65656e929e
53584f4569727a7d71706a75705d6269
5a5d5462777f7b807470477f6f8f8683
2d4b3e30373b3a424349403b4365566a
585c6d868a83716a6d6d6867646f8166
716c593e352a415e5d595448443e3843
4f565a5b5a53484b5f5b55534d514b6e
34363e60626a5b4e51433230593d5f5b
3c372a40382c27413938464e5f675b3f
383d46525259616969646c64433d4443
4b4f4e4f89694b40353c393333322d36
8e7892935d7050618e917c6155556a8d
5c7f807f795869576f605d60644a5d66
757a6657433e576f86877461646a6765
6e584b47332d313844415b614850696f
766b5c585351536c5f7c766c6a7d7c73
5d61615a59595c6e687573756a735857
4b5964615269535c555a5e6468645a63
5e5c5f5b706b67686f63534f574e4d45
614c3e3a56585151567f85838376665c
85877e726e6b686566706a6263627674
82796c777165625d5965587161726e88
5b9175846d6b7b806c6a66646166757b
7c7e877274726f847c7a695c585a5559
777a826f677083818080837976746c70
5f657b7268686666646267767b7a7c79
5e60635f64636362615e5f69626e6161
555852575f646f8486858175615e6965
5c596065655f534e4e4e5758634a5756
4e49464e566e6c66534c5c5a5c5a5958
59575a4e46505556585f5a5b5d605150
75634d44488a8f7d6761594a393c4660
4a4c5154727a756858534f302d3a5d72
4537323b455263435650484e40333d4d
4544505772745b72767270787e847442
28343831323a3a354341363a4d62695d
424a3e434f504a6d646a6a6360737d50
282a373b2f231e28403d363f40393234
44424b484332273c3b52433a3c44343a
353a4f46374d5455513f3c3032374146
3e39303f3c3f464641424f5d7a5e3333
383a3d3f33363133403f3d40413a4241
3a3f523f3b463b413a3c39372f2b2a34
88908e8879414b4592937460364e573e
4b565c696350453f48484551636e7c79
725c4a3a343c445674817857555a415e
5c3e3a39353b3b40303237383849686b
6264675652446d737a79696f6c88826c
61625e5a586a77685b646b6965636665
4c535451514e4c2f4e595f6a6152525e
4549474748615c5e5f4e463e3f353347
4e4030394c4a756c6b605d5c5b514e49
7d7c63573c595d56546e644736345b5b
6f767d7973746d6c6a6b696c6b675972
42577c7d667373707f716261625f7378
7f8a8b838279696a78646469655a563e
878683837e7782898b8685777b796f71
5e616e616561656a6c6c6e7377797c85
5c5d666563616c6c6a63646e6a6f6964
61595c636f6b6c7c8587816c68636a61
5c5c5e615e5b665c58585a5c616c6865
4d4749585c675b53635771706c6b6356
5c6f6f6665615d5b5c6268675b5b4f4f
4f4134393f4d483c4b534d3f342b3d41
3f3b35325261643330393a3331324157
72514d4a37342e39302f2f2e2e2d4743
3c4b504b4c4d4848516b605455555875
6f6f6e373638424e483d40464d43433b
3d3c393943464c544d545b51586e616c
3a31383c3937342f37363e3e3e3b3c37
464849463f3e373b4a46393534413d33
423e3f393a514d4c4c3c38243d3e3938
332e2834383b3c3e4044464a4c544846
2f38393b3b423c42303940403d3f423d
3c4543373e403f393c37383735302e34
7f825190895d648b8c8c5d3f413b4349
37463d484e4c4e444e505c555b708b87
665144433d3e3f45535c665f554e4943
585b525b5b58585b61685e5e56624669
624a484b47444941445b5c6b79637962
5855504d544f6a5b606f756b5c5a6d6d
4a4c4b50504730304c57595a554c4859
353c3b3a3d4e4a4247382f3930333d46
43403a384645444542403c3735363939
505b605d534d5d687a6f604c4a4a4449
59606a655f5858505759606a61565052
3e44514e696c6e794f745e5d4c525c59
78817b74636263466f65666464534742
78715c667369667885615048493b6b6b
444c554e4f634b504e4c4e515d5a406e
6463635e5f707b7d7c6c685e55524d43
62616268757a6e70796077646e6b6664
61656c6c5e6869646260606268716f66
59564d5a65666963615860566a655f60
5a606873756f676461686d6764655656
413c3b3c3f3f322d3538373825242e37
3e393d3b40483d44444243443f383f3b
554b4a454a4b4f4c423b3a323d37363a
3f3d3134453b3c3e3a333530322d3b50
413d434a4742414744413f463f343e3d
373732302c2b2a353537333a4946403d
3636373d3c3c2f32393b36343c3c3935
3a3b3c3a3e3c3e403f403e3c38393438
383641415a574c52514f5147403f373b
39383c3d3c3d3e3f4045443d3c3b4a40
33363c3c3b3b393f40403e3c3d3c3c3b
352f302f293e41403f39323736323032
6d3e4550495154767d4342443f4b483f
3c3d42403c43484b4a484941563f457d
4d463c494743434545413f494c423736
575b5a5456525a595c555559525a4747
4f4f4c4b4946464545454a4a4c4c5355
42403e3a33354041433f464544454a4b
42525252564f474b3a363435523f4c47
46403d404447444a4d4d4c4d4b4b4d46
41464745464747454343474642424148
6e706756473f4f5e524a4a51504b3c42
474444423f45362e3e4e5050382d555b
334043494b3e573e526d533f43475144
4d4c4a48433f302523443f37373b4341
3932343b434a3c3c392f2c3235373a51
5655504a48413d3c3b363a4337313c42
6766646968727468645d5b5953444440
5f68674f6471716e6c6676707272615a
64645c59636868666c6e6e6765656357
5853555a646e6a695e5d5d5d59464156
5d5e5e605f5f5a535b5c5b55575d5d4f
42403b362c36383b3a393b3a2c2b2e35
4343403e43444348454748494a413944
43464a47463b4146453e3b3d3f3f4442
37393838383c3d3f3f3f414144433541
34373d3e41474341413f3b3f403b3836
3f413f3e3933393b3a3c433c3a3a3732
3a39403e3e38342e3c393c3e3d3d3b36
3b393b3c3e3e3d3e3b3f3a3d3a3a383b
363844496a5c5556515c6a4946443f3b
3f3f433d3c3c3d3e42423e3a3d3f3d35
3336393b3d3e3d3f41403f3e40414140
3b393c38393f41403e3033343231322e
4a4548504f505c665e4d454341424740
474040444546453e44473c3c48565754
4b4c40474c50484d4b45474549454545
4d4e4a434545485155534f4e4e4b4b4b
3e3f3f3f3d3d39342f373a342a38503e
584c464a4e4d4a454b47403f44423736
51524c4f4d49474844464749474c5158
38464445494a494b4f4f4e4f4d4b494c
4448414347484247494748464a505147
625d52484133303b372f2f374a433f45
323233283e3e2e37383b40424244495b
4540423d3f3b3e44524b3b3e3f403138
35343236372f29383c3a353f4543433f
3c3b35343a392f2f3c322f3538393938
504f4a4446433b38332f57353430353d
756a5c5b5b55484b4a4b47473a3c3c4e
302e29424a465a69636f786d68696d63
5e615e5a5c6663616057565e6b664d40
4e595f5e535c626161616a665e593945
625a4d5b666668645a585c5b7068565d
3b3d3e3c3b3a373d3637353d3e393031
4445444445474c4748484b494d484542
4446424a3f3a3d42433f424342434646
3c3b3b3b3c3c3d3e4041444441414243
3936343e3e44423a3c3937383c383b3b
40383c383b3c3b3c3e40403c3f3e3d44
393a3e413e3c383b3d403a3c4344413b
3d3d3c3a383b3d3c3d3f3e3b3a343237
3b384049454f50425939364f4b46403f
43413f3c3b3b3b3b40413c3b38403f3c
373a3a39373a42434343434343434244
443d3d3a3d42433f3f3a373632313432
42454c514d4e555a514c4a4a443d3a46
4848444435464b45444c4946494d4a44
4c47474e4f514f4c4b48474a47444b4a
524e4a494b453c465a4e4942434e4e4e
4b5b4c51423d3c3437373e413f525149
695d59585857575855504f4d55504746
5d5b5a554f48424246494b4b435e5d60
504b494d42505050504e494543435256
43404043424344454646474a4d544c38
4240403f3f43373c4038384047484747
3c3b4140413f3e45483e473e464b4745
49423433323c3e4343443f3e3c3b3a3c
34373b37342c2b2e3337383a44464647
3634302f2f393e3e4137343a3d3e3d36
43453938383f3a3b373941393d3b3b3a
5145463e3d3c35312f373f3f3e3f3f41
2e2f383733353c4b4e504f504c386359
5f5b6a6c6060555559545a57574c3f34
4e3c3c4d464d4d494e4744625e584d57
645d63666663654b534c515b62584853
3b3e403f3e3f41403d3b3636423c302f
4743444443453b3d45474a4b494a3e3a
444844424a4846444545444445464949
343937383a37373c3a3c3e403b3a3e43
3c3c39373c3d3e3e3d3c3b3c3d3a3d37
3b393d3d3c3a4041403c3b413c3a4141
343a32353d34393b404240434148423e
3a3a3e3d3c3b3c3e3e3c3c3c3b373435
4140434c575d564a484953554e49473e
4441413c3b3b3a39393a38393839403f
2a3a3a3c3b42444444444344433b4645
473e42433d43444141413e3732313235
4b4e535353505152464d4b4a45444748
4f4e4c4945454a4e51504c4e4a454949
49444a5354525454535452504b514c54
56555655544e54565b55504e4851504f
5a4f574f4c4f4c3945474a4959585150
595c575a51595a5b5b5856544d514c52
6364605b544847494b4a494d4c5f655b
474541454851525252514e4c5259585b
4a49564e4c4f4b494a4c4b4c454e413f
43413e3f3f434344453d40454748464d
3e41464746474849515153565c514545
4a473c3638373f42424245433f3e3e3e
4441403a3133383d40433f4449463f41
343635383b3e3e3e4039373c3e3e3e41
42444a48473e3f393b3b3d3e483c3c39
3c423e3e3c362e2f333c3f40403b3536
3b3e4240383e3f3f403f433e39454746
44413f3d363541464243454a3f413c3a
44434037373c3f403c383a3838393138
66685f58384b4235363d403f40433741
41403f3a3d393f433f3e403d3c3c3438
474544434541414243474847393e3e39
42464649474747454447464747474647
342e3a393b3b3c3f3f3c4341403f4340
3c3c3838383f4140403e3d3c3f3e3f37
3b3c3f3b3a3a3b43414442403e3d3e3c
353734343f453d3e403c4245434a443f
3f4040413e3d3d3d3e3d3b39393b3634
3d40495b61636058575963645b49453e
42423e3d3d3c393a3a3a3b3a38363633
3735383b3e404348484745433f434343
4546464344444342453f3f2b32302734
4c505452544f504d4f4e494844444847
50494b4d5050534f55534e4b4b464b4b
49475054555755545454524e5255554f
5857595958585b5b5a5955524d534f4d
5752565754514f4d4b4c4a4c50545352
5c5b5156595c5e5e5d5c5a535255525f
6569615a5754565555504f4f58544f5d
3e4c47484f505352505452515253565b
4c4f574d4e524b4a4c4e4e4a52514c47
48464444454642454a4b4d4f4e4a4948
4344464440484b4b4c54585454514949
464a4740424648484846464342404140
3e3e3d3c2f3a3d3e414243444749463c
31323a3a3d3d3d3e3f3d3d3e3f3f3f3e
474a50554249433f3a393c3339333d39
3c423f3d4443444a40403e3c3d3e3d41
3b3e423f3e3e3d3b3b4449403e3e3e40
3838363737383a3c3e3d3b38383d3f3e
3f43413d3b3b3c3c3c3e3f403c343637
4e43393a3a403c36342b2e302f334142
42413f3f3c3842403f4042373a393337
4747433d3b3a3b414140403c393b3d41
48474b4c4b4a39423f3f414242484748
33302f3d3d3b353538414643423f3e46
3a3c393c3b4043413d403f41403e3b36
3b393b373a3c424446443f3e3e3e3d3c
3e3c3f3f43434242423e3e464649433e
3a354237363f3e3f3d37363939393b3c
373d406165625e58565b656460575752
3a3333322f3037393b3835322b333233
363a3e3c3e414447474245424240403f
48484746484845444747392c312e3034
4c5155514649504f4c4e4f48484a4442
56514d4f535555595555534c504d4b4b
4e4c5355565c5454534f4f5251595856
5958555455535657535252534f514f4f
5f595e595955515155515254585e5b58
5c5b585a5a5c5d5d57524c48515d6454
60665e5c5d5d5b58575f5b5858565557
494747494d5051515454525454555859
4e5253484d4b4b4c4b4b4c4d50504c4e
494848484848484c4b4a4d4e4d4d4b4a
3f43464243464c504d4e4e52524e4a48
4b4b4845444649494c48463e40413d39
383539393b3c3a3c3c47484847463f3e
2d363739393a3b363d353d3e3d3c3a3e
4b4b5046484b453b36383c3738312f2f
454947454346414640403f3c3f3e3d3f
3b3944403e403c3c3e4649433d3f4244
3d3c3b3c3c3d41403f3c3b393c383f3f
3e423532343b3b3c3d3c363136363c3d
493b3d424546423c3439353738313a41
3e3f3e3c3f3e423d403b413e3b3a2f2e
4743364544403e43403d3d3c3a403e3e
48444c514a4744424649484746494646
373937393d39333742433a43433e3e4b
3d3c373a3f3f43424341413c3a353637
3a3a373b33403f3e3e3f3f3f3d3d403f
3e404141404141413e3e413f4646423e
40403739403d3f3f3738373833373b3c
3e313b3f665b4e575753686e6c6d6f56
3231302f2d2e313c3d39393532313138
373a30383b40444848474542413e3f34
424741444a4847443e3e3a2b31323434
4e4e54524e504f51514c534a4f524d45
53504d555658565853573f4051524f4d
535355565559504e4a4e4c5054505858
5c4f5a5855565b5a5658565049515151
5254615e58565352535357585a62605a
514c5050545d5c5b5d5f5f58565f5c4f
565b5c5d5a5b5a55555a585756515956
3f494c4d5050514948494a4d54535457
4c4f504b4c4c4a504e4c4f504e4f4949
4a48484a4a4b4b464c4a4c4e4d4c4c4c
40423f3c4043464d4f4f5053524f4b4b
3f514d4b46444338393537363f413f3d
353b373c3c3d3b414145414248494240
363533383a3a3b3a3b3e3e3e403f3d38
4b4c4b54514f46413e3c3a3933313234
46494443454340443e3e3b3b3b3a3f44
373738393a3b3c3a393b3c3f3b394346
3f3d3d3f40414242414040413c3d3836
403b3a3a3e3d3d3e3f3d393436383f3f
3c384b4b4c4b4a4441393b393a383a3b
42413f3d3d3c3f3b3f403d3c38392f2e
413f40404243434642413d3d3d3d3a3c
3c3d404240444547464e4f5048494639
323439392f3b3b353c424241373c383f
423b3d3040423f434442403b3b3b3732
39352f3a41423f3c3c3c3d3b303e3a3b
2f30303534303f3e3d3b40464543413e
43413e413f3f3c373933363735393d35
383b393b624f545b676165707b78725b
323131302e303039342d3a3638383133
363c3b3b3c43494540434541403e3c32
4548484649484743423d343732332532
4e5049504d4f56595a58584c5253514d
52505051504f4c4e55534d4a59585350
5354565756544d4a4a494e4f4b484e4d
5a5b5a59585a5a5b525856535153494d
565755575353514e515252534c5d5d5e
50484854585553555b5d625e5c595657
54555c5c5857595856595b53524b5951
3e4c4c4c50514b4549484a4f484e4f53
524e514e4848484a4b4e5152424d4544
494747494a4b484a3e4a47464546434c
4341424340474b4b4e5051534f4e4d4c
4e4c4a4b453538373633353841424241
3b3b3a353d3c3d3b404048484847464c
323335373836373b3b3e404141403e38
434c4d625e574d45413c3b3935303231
454443454342413f3d3d3d3c39384245
393a393537393b3b3e403e3d3e3d3f41
3e3e3e3f40414243434041403d3a3838
3e3e3d3d3f3e3b37312f36393c41403f
3f444e4e4f584f49433b36373a3a3c3f
424242434037353c3d41403d36332d2d
393a3d3c40404046423f3f3e403f3739
3a3b4343444546494b5957585047473f
342e3b39342f34373c42403f3a393941
413f3f413f413b41443e3e3d3b3d3f3a
3a393d3d41424240343d3d3d3d3a3a40
302e2e3532363d3c3a3f40413d44433f
393b4345413f3f3b3a37323934363630
3239373a554a4953666f6d756c766e48
3737352e33373137332f323636373837
3437312e414445423f4343413e3b3c36
5453504e4e4c4b46332c393632312533
575254514c6162605d5d596363635c56
54525154555557525456555b60505a50
6058565a55514c4c4e514f4e50535556
5d5c5d5b585b565c5b5959585755555d
5556555755534c4a545555555458595d
4a4e4e5858575649595f5d5e5a575551
50515256555455515258585154544d4f
4a4c4b5044434d4b484f5048494e4f50
4f4d4d4c4b4a4a494941494e4248474b
484849494a4546403b3a484846484d4a
3d40434343484a444c4d504f4a4a4b49
4245454746403f3f39363b3f3f464343
333938323f3c3c3d3d41454146424346
2c2d37353030393c3d3e403d413f343a
4544454a605c4a45423e38362f333131
414044444441423f3d3c3a3b3a3b4247
3939393938373a3d3f3b40403d3c3e39
3f3e404040444440423f393e3e3a3a39
3f3e3a3b37383d3935393c3d3e413c3d
454f534d4d604e49413437363c3c3e3f
4041454442372f352e3133342f2c2c2c
3a3c3d3d43464443413f3e3e3f3f3d41
393d45454747474b4d4e4b4e4b45473d
3b3d3c3931353839393f403f3b3b3c3c
3d3d3b3e413f3c413f3d403b3c40403d
373d40333d3a3e35393d3f3b333a313a
2c2b35393b3c3c3b39373f3e40423b3a
4a4b3e434242383c383732302c2c2b2d
383937394149475764686375767c7357
31313a393934343235383632383a3938
2b30373f4646413d3637363635353b39
615954514e4d4d433b2e3b362d2c2933
50515655616a6868686766646562555f
4e554c565b5f635d5857596161504f50
515b4e4a545451505258575658595653
5d5953535756585c4b55595757565754
5357595755534e49545355565755515a
4946464b594b4c4b5d5e55514d52544e
515150505150505157584c484b504e49
47494d3e4b484f4b464a4f4d4f4e4a43
4745454a4847494949484c4b50514e49
46484645494342484b4a434547454a52
40414245444844464c53494b4a4a3f45
423b4948464242423c35373f43453a41
3d3a383b363c393d33384240443f4148
313c3a3736383c3c3e3e3e3d3c3a3a33
4842464354523f46473e3737312e3431
413f3b4047403e3e3d3c3c3c3d3f4346
3838383938363d3a3a4446413f3e3c41
40403e40414141403f3e38353e3b3532
3f3d3c3a3934313634363a3e3f3f353f
474d585c625f3e3d3f3b37393b3e3e3e
3f3c3b3c3c34343431302f2d2a2b2d2e
40413f454845464745423b38443f3c43
3a3a46454a4b4b4b494240415542423c
3e3f3d38373b3b3a3a3f40403f3e4343
3a343b3d3d3c3e423f44434138353e3c
313939423d3c34393a3b3e3d3c3b323b
2f2d383a3b3b3b3b3c3d3d403d333633
564f404443413e3c3737342e2d2c3330
383638393f464f575b5e5c737a777369
3e3d3e40403735373838383333313c3b
3637383f413a3f413d383936343f3f3e
65585454514f4e4e4a444335272b3135
5f525859606f706f706e6b6b66626864
61685c6e6e7171696464707073665f60
5b5950585a5a575558595a5a595a6861
585b585c56595354575b585d5d5b6060
5a5a5a5a52535056595b5d5554585f4b
58544d59584e4f4e4a515e57494e5452
4f4a4f4e4d50525a595a514c494c4d4c
56555553535456544d443e434d504551
4c4c4b4d4d494b51545452504d4f5255
474747454946443f49494844443d4a4d
40424243434845464949534e49454746
40434347454343433e3c3a3a4141403f
3d363b36383b38343a3c403b3d3a3a44
3b3d3a3a3a3a3b3e3f3f3e3b343e3a35
4846434a50494048403f36312d2e3c3b
403f4245483c3d3e3d38343c3d404244
2c2a272a32363b3943574f3c3b3c3f3f
4141403f4241434241403e3b3936352f
3c3c3b3a393432343338373c3c3c343f
4846504e62533f393532323230312c3b
4344433d393a3c3b3a3937312c2c2c2d
3e3f434745444848463f404239394745
4243494c534d50504a48485056433c3b
3e3c3d373a3b393c3d3d3c403c404644
3a3d3e3d3f3d4245494845493c3e3e34
2c323a3f3f3d3c3b3c35373e3d3c3238
2f35373938393a393b3d3c3d38322e35
563f454444423b383935303037373533
3537393a4544515152676c6e5a586f6a
3f404344403d3d41493c393439353634
382d2e40454038363635313c343f3f3e
666054554e53514e4948443a27333636
686a695c6a797b7b7774726965666b68
4b677677756e5a5d7b88837b796f6a67
6a62606465605f63605c636668747773
61525c5e5f616160605f626564676868
5d50525c5654565e5f5e5b5a5c615e5d
655a58534e565c54505c5f58565b6161
53504b51514c42565c5d5e5c5c595a5d
62656666655b61605b564b5959565354
505251515254595b605f58525c60625f
42433e3a48453c3c3d434543394b4c4f
4143424341424346554a4c4b45424743
39363c4346413f3e383d4240423f3f42
37353b3b3a3c3b3c3f3c403d3c3c3938
3c3c3c3c3c3738393f3f3f3f3d3d3c36
474c4e504249494c453c3c3b3b3e3e3e
3d3e413e3d3b3a3d3d3b3c3c3d3f3d44
2d2c28333436383348503c37383c3d3d
2f313a3f404245454343413d35323231
3a383238373836323a38373435363535
3f4345445549353430312f312d302f3a
4747463e3f413d3c3b3a393837362c2c
3d3a464442414644423d42403d3d4747
41434949515052564e4c48433e3e3b3f
3a393532393b39383d3b3b3d3b3e4445
343d3d3d3d3f434447454444403d393b
373c3e3e403f3c3035322e383b393537
3538393835383a3a3c3e3e3539333534
4a4643464543403c3537343c3c3b3438
363b3a3a3a494c515860686a66737969
3f3f42414137424a433b333d413e3d38
332b2f4444403d353837353d3c3d4040
68645e56564c474c4844403836353537
79786b6f7b7e7c7e7c79766d6d6f6b6b
7e8483737e756e63838c8b8f9a89837d
737071676970736d666b757f8285857d
6d68727475767168666f6d666e727574
6c6763696b6766656766536e7276766d
6d605d585c645f605a69666a656d6b6c
625143505956515c64676861615d6b6e
6c6e67686a7279786b68636066625f5d
545756505f605f5e5b6365666e706d6c
3f433e404643454644434445444c4851
403834403f42524d4e49464744434240
3f3f4345464639384144424142404141
3936393c3d3d36363b3b3b3c3a3a3a3f
3d3d3c3d3e3a3c403e4042403e3d3939
3d3c42494e4e434446413e3a3635393f
3d32403f3c3b3e3e3f3f3d3d3d3e4042
3130333435393c3c3a393636383a3d3d
2d3132314344454444423f3b36323335
292c2e3a323434373a39333334323532
40414443454137313231312f2e2d302e
47423b423d403f3b3932373734332b2b
3c3c4b4743404642414142423e454246
454546454d4e5258484845433f424145
3a3933343d3b393b3d3d3d3c3b3b4041
3132303c3d3f42414142453a3e33393b
32303635343231302e32373b3c353732
3130383736303a3d3c3c3c3e383a3b3a
463b3d3a42403c3738393f3f3d3c372f
3d3b3c3d444b4e51525c67636d726f5b
4346434243464746453f323d46454240
2f2d3d3e403e3e373a35383d3d3f3e3f
6c6c645b5854514a43403c3c37353535
83878283878582858581777374727371
6a8767888780828d93949191908d7984
787269696f706b828184848688938c7e
777d7e80878176717275767f88837a79
79797878797776777572707068636670
7572706d696b68625d5c62666b78807e
6565626d5a565d6d7271716f69558077
7b7775787779797a767273767b736966
5e666b686b6c6d6c70747d817c6c7b7d
403d414243464643413c3d48484b4459
3e3e4040423e4b4b4a4a47474343413e
41404447454344454344434342414041
3c383a3d3f3d37363d3c3c433d3a4041
3e403f403e3b403f3f4043403f3f3b3a
4146484a4b4e48403c3b3c383635383a
3d3e403d3a3d3b3d3937313c3d3f4041
3333353435353a3c3b39383738373b3b
2f2e3130333c42444341393938343636
2c2f313535333437393733322b2d3633
4445484b4438343130312f2d3032312d
4545463c3a3d3e3c382e2d35312e2a2a
424046443f4145403e3f3a3c3a454345
484645494a484a4c4b47454341424d49
363233373132353f3f3d3d3b3c3c3e47
3237363c3c3f40403e3d42403b3a3d3b
35373637363534332f373739383b3834
36313037383a3b3d3d33313c3d3e3d38
4a434241423f36333736323d3d3d3a36
3f3e3f41484a4e4e54535e66686a6355
3e3e423e44434442444146464b494744
383a3535353438373b393c3d3e3f3f3d
6f67666361605e575044362e37353536
7c8e908a7c858476807e727275757775
8a8a678988848a979f9c98918e8a7985
7670696b6b6b8489918e6e6e6e698f7f
81847f72727a77817f8684858d788279
858587877886858b86817e807d7c7e7f
797979767474726f6d6c6c707b8a8887
797b797c6f707375757a797b7c898c7e
8986857e737e7c7a77777e7a7b797672
666e7171737377777a7d80838184888b
43404244464043413f3e44484b4e5260
373742424048484b4843424346443e41
424142434a48484949453f3e43403f39
3c3d3e3e3a36383e3a3c3c3d40434341
3835333733333333313f42403b3d3b3a
41444343434241433d3c3736373e3d3b
3c373836363534403e3d3c3b3d3e3f41
3b3a3a3b40453d3c3c3938343939393b
383b383c3c424442423f3f38393b3a3a
33393b353a393634312e2d2d2f2c3a36
47454848423b363734332e2f3333332d
454544404140413c36322f352d292829
3f4143444240403b3e39373745443e44
45524a434b474c47454043453d4e5149
37353437353a3b3e3d3c3c383a3d3f48
393a3c3e3c3e40403f403f3d3b3a383c
373b3a3935353431393a383635383738
3837393a3a3b3b3d3d383b3832313e3b
504b4140403e3b393a3a35403f3e3c3b
3d3f40444843464b4c4a494b54585c55
3c423a3e424643484445484b5c544a41
3534333634323d3d3b3c3e3e3d403e3b
7a6e6c696765645d5345393037353534
79898b908e8778807d7f7d7e78797a7b
7b7170706f738f9f98979790908b8283
7a75706c6969696a8e7d6f6c6b6a6f7b
8e8e8b8a918e8d887f7e9f999094807b
989494947e8a89808c898e8d85848589
828282807d7b79787676777a808a8d94
83858889827e81888185878683848682
837f827e7b85817b827c83817c838282
6f7678787b7e8283808383868a8d8e8a
433f3f3f414144433e3f414052434d69
393e413f444a4c4c4843424245464a49
3d393c434a4a4c4d4949423f383a3937
3f3e393b3f3e38413f3e3e3d40434747
3936343432343233324041403d3b3b3c
334343434546444242403a373d3e3d39
3b3a3a39383837373c3d3d3b3c3d3d3f
3d3d3d4447453b3c3d39393536383539
37352e2e3c41444041403c3a3c3d3d3d
3d3d3d3e3d39363334312d2b312f3536
434247413f3b313533303030302f3737
3b45454342433d3a2e332e2e2b282828
403d41403f3e3a3a37393b3940414445
4147484c4a424247413f44454c524f47
3a37382f31333933323b3839393d4144
3333343e3d3d414141403d373c3a3934
3e3c3b36363635343a3a393833343a3b
38333437363c3d323434393a33343f3c
4f454946403f373b3f393d3e3f3c3c3a
413e41434645404f4f4d4c4e534c5552
3a3e3c41424345463f40414a4b514d43
2c2a3235373639333b3b403e3f413e3e
7c7669696766635c524c443a3834372f
788685898b87817d777d7c787a7d7c7b
797e85787686919a959393868e7a8580
8c8f86959685898b7c7c7e8f7d7d9177
918f8c8b8e908c8280839d9692808085
868586878a9590848a8f8e8f8c878892
8e8987837d83827f83888f91908b9292
87848286958c89897f7b838b939b9690
91858383908a83848b888c878a8a8989
807e7e7f7f8484858687878c92949797
3d3736343c3d3d3a3f3e3e4547466076
39414143474a4d4c4541424146483b42
3e3f404448484d4c4a4b4a413d383d3b
3f3c3d363f3d3a45413f3d413c433e3e
3b3a39383836363b3f403d3d3a3f413f
3e4241454547444747443e3b3b3f3d3c
3a383a403e3c3f3b3a3c3a3b3b3c3e3d
383b3e4546403934353b3b3a38383936
34312d2d363537363a3e353c3b3d3e3a
384341403e373531312d2d2d3b393632
4e4a483d3e3a343630343031383c3d38
3c3d3c43444232343433302827272828
3c37373635333233302f324044424644
464b4d4c46454140444342454d514e41
393235373a392f3633363b3a3b3f3a3f
3735343d3a3a4043403f3b363e3c3330
35322e302d2f342f38393b3835353337
3a373839373837373a3f453c38383e33
494742413f3b3c353b373d46403d3e3c
423e40444545484b4b494648524e4a4b
3f3d3f423c4347475259544346514d42
343736363a3c3a34313b3e403f31313d
78706b6b6f66645c50535b4339323030
838287888987827f7e7c7e7e7b78817c
7f8783807f8a9093928e8d8788848084
95999a98979492908a8b8c928d8c8d81
8f8b8a8a869193959a95949286908f91
8d8f9191999591888d8f929697969393
929088878b898a928e88939395938b8a
8c8d92928d8c928c828585898f879394
8e878585898b8b8b8a818b8a8f8f908f
838c8685858c8d8789868b8e90948c8e
343333303637343e3c404042485a687f
362e31323d454749413f424544414032
433d444444444c4d4a4f4c3d41414138
3d3c3a3c413d3e454242403c3a423e3e
393a3c3c3634363f41403d3e3d3b3a40
3d403f43423c454a4b46433e3e3f3e3b
39393138393c403f3c3c3a3c3a3d3d3c
3d3f403f42413b3b3f3d3d3e36373c3c
2d2e2c2b2b373a36373b363f3c3d3d3c
424343433e373939343230383d3a342d
404f4a403f37343739333b3b393f4141
3d354244443a333939342c2a2a2c2727
3c3435323433302f302d364243444541
4a4f47484745404043424546484e5246
393431363b373332303a3a363b403844
3b3b3a3a393c3d3b3b3e3b393e3c3a36
2e2e302e3634383a3a2e393836393737
3c3b3b3a3b37383a3f45392e2d2c2c2f
43464040403b3c403f3e41414242413f
433f4144454c4848474543474d494a46
403b3d3f3a3b3f4e485c545149514647
363836353b3e3c3735403e3f3b383334
746e6e6d6c65656053584e4538323330
8486848785848583857b7a7c7a797a7d
968c8a898d8c8f92938e888285858085
9694979b979291928b8a8d9291908f8d
8e8c888a8b9192908b9b93938d8c9293
9596969b9998958e9293969796969494
9994878d909093979493928f92939191
8e8f909695959692908b8f979a919592
948d87888b8f9091918f8f8f92929091
7b8d868788898188878990918f959896
3a363d3c393c3b3d3c3d3f3e3d546e82
3a2e30333c424443413c40413f34413e
43443640433d4b48535d4d423f434440
403f3f4042424646433e3c3f3b424043
373a413e34343536423f3e3e3f3e3838
2f3430363d3a3e424945403e38333433
363e3d32383e403f3c393b3d3c3d3d3c
3f3f4042403f3e3d4240413e3b393b34
3235313030353c3d3d3e3f3c3f3f3e3d
444444433a3334322e32323836333a38
403e3b3c3f3d3d3c3b3b393a3e424343
3a3b404543403b3432302a2c2f2f2a2a
3e3b3b39393737352f2f41414341423c
4b4f5049484341423f3d3b414e514e48
3d3839353032313333323b3d3f3e3736
3434393c3b3d3c3f393b3a353d3d3d3c
3731323638383c3b3936353335393a37
413f3e3e3c3b3d424440352d2d2e393a
42414140404345434344454446454443
44404446484946464045454146474746
3b3b3d3c423e3e413f4c4b544d4e4844
3334292a2c3a39383638363f33333535
73706f696665604d4c564f4139343534
858987807a7a74866b75757975767572
958b8b8a8b8b8d8b8e8b888488868581
92959795959595938d8b8c8f8f8c8d8b
948d8a8b8d91908c91939292918d9392
94988d9e9a999590928b938f98999896
958f8a8f918f969a9b98939392939293
9191979b999a9a97969094999d989795
94918d8f9191939695939393938d9291
7a8b88878a888a8a868b8f8d8e919897
3e3d3b3a3b3a393b3d3b3e3134547982
40383f42454a4b4d4144423f3532323f
4846433e403645494a594d4449494346
3d4143424243454344413f403f464646
353a43403a38373535353f41403c3939
33343b3c3b3d3f3d43433f3c3a343135
3e3f403c363f42403c3a383d323c3d35
41404543403d3c423e3d43413c3a3a39
3a39373433393d3d3e3e3c3d41414140
473939413e3c3937373a3b3c3a393b3a
3f323c36413f3d3d3d3d3f3c3b434546
3b373c3b43403c36322a2b2e2c2d2826
3d3c3a3837383836332e303e43403f41
454749504e46433f3d3c3c48413f403e
3a3d3a3735373437353b4142413e3838
3434393a393e413a3a3937343b3e3e3a
3b36373638373a393a38363534383736
41413d3f3c364440423d32373a403e3d
433e4647464745444446454541403f41
47474746474746474743403f44464645
3b3b3d413e3f494c4d4e55574f4f4a49
2b2a282b38393b3e3e393f3e3435353d
6f726a686865575b585b513838343431
84807e7a7b78727c7975726f73716f6d
9f9e979283888c8a8988898989857d86
939693939797918c8a88888984999c9e
918d8a8a888e8e8d8e8f8e8b8f8d9294
9695958e9996958e8c8e919090959593
918d85898c8f98939795908d8f949393
87898f8a8c9c9b97968a8c989696968d
929192949291949696959794928c9190
80878881888889848588898a8f8e9294
3b3a3a3b3d3a3b3a393936353d627786
3c3f4146454241413f42413c2f35353c
463e474545424c534945383a3c3e423c
3e4043444846464743423f4142484846
3d41413d37383e3e3e414340423a393b
3131383d3e3e3f414041403f3d383231
4236393c3d49413c3b39383635343932
44464846423f3a424542434137383841
3231303435393a3b3d363e4140423f42
44373b4340403c3a393c3b3a39373333
43414041403f413f3f42434b554f4748
3b3e3e3942413c38332e2e2c2b302c2b
3b383737373839302f2d2f2d41404040
454641514d44413f3f3d3e3f3d3d3d3d
3d3e3b3a3a383b3a373f43444140403d
31393b3c3b3f41393835343c3c3d3639
3a3b363634353234342d373937393737
424242403e4145453e3e35393d3e3f3d
3e383940444849454749474544444241
47434847444444434745434440454646
3c3c41413f434a4a4653574a494b4a4a
2f2f2932373b3d3f3b3733393634383c
6f706c6a67625e5e565145393735322f
7f7c78777776696766646965625d635a
79838280848686878385878a87827f7c
93918f9292928e898b888785858f938c
93908f918489898c8d8b8f8d92919293
93938c9495989393918e909191939490
8c91918d8e9092919494919192939394
858f8f8f96989793918d93929192878c
909191918e8a93969393938c84828f8c
7a8486818587868787888b8b8f938c8c
3a39393a3b3b3a383839373441606e81
4346424442403e3c3e3a3c3b34323939
4046474749494e4c4339363b3d46433f
383a393c3c434043423f444045474849
4142463d3a38444443444442403c3f3f
36383b3d3d3e3e4141403f403c31343d
4845404041463d3a3436393d3c3b3e3a
454749393e3e414745464643393e4046
2e312f35343536373c3c3e403d3f4042
413a424240403f3d3a37313639373533
45433d44413f42413e464b4f4e464848
4140413d3f3b3b343236363537322e30
3b3a3938383535322d2e383b3f3e383b
464642403d3d3e3d3c3c3d3c3d3e3935
3d3c3a3a383a3c3b3d3b373737383b39
2f3a3a3d3c3f3f3b3938313b3b3a383c
363737323536393a3433353936363a39
444341404142433c44403a383c3e2f2c
403f45464d4d4c49484a49494543413f
474448474a4b4c494a47453b43444646
3e3d40414043434141554f4546454a49
2d323536373b383b393936373536393d
6c69675553595e5b5549443d3537322c
7d7b77767772616060626b6960615e66
76727e7b82838074807c7d788677787e
929091938f908e8789888884837c7f76
858e8b918a898e8c8e8c8d8c91909192
918b908f8d8b9091908e909292908e8c
898e8e8e8d8b8c8b8e8c8d908d8d8e92
8b8b8b8f8e91929084869192908e7d88
91928f8a8a88938f8489908c848f8e8c
657c7c8284848689888a8d9092928c8d
32352f2d372e3938373635312b445665
46433e423c3f403c3c3f3c3a36312a34
4445474a484141433d3d3a4341433f46
393b393c3e3f45454147404648464a47
43444a4644464547454443403f3e4543
332e36333c404040403f40403231353b
4445444543393a383d3e3e403e3d3c3b
43484247443e3e4848434c4544464649
38343433312d30322c2d2d303f424344
3e41403e403d3f3f393e393b3b38383a
3e3f3e3c3d3a4444414d5a514e4f4f45
434342403f3e3e3837363a3d42382f30
3c3a39383837363432393a3c3d3b363f
484744423e3b3e3d3b3c3b3b3c3e363a
3e3e3b3c3b3b3c3e3f3e3f3b39373d3d
393b3c3b383e3a393734303b3a39393b
353b3a3336373b3b3a393b3936373a39
44413b373740403c373e393d3a393335
45464848504f4d4b4d4c474543454443
484848474950565b4e4f474842434646
3e3e3c393936423d3b4343403b403949
2b2c2e39393d383a393a3a3a363c3e3f
67666054565d5c5950453d3c35382c2c
7986727072726e6c6d6e706d6a676668
7079808385807f827d7d83828479776f
8f8f90918c8f8d8784807d8578716860
8a8d8d8a8e8a8e8e8e8c898782817f91
8f8b8a888e8f8d8e898f918f908e7779
8d828f8f90858d8a89898a8b8e8d8d94
817c858f8f8b8e8c8a8d8d8e8d888285
9090908a8a8a8d8d8b8a88858b888c81
77707b828384868a8a8c8e9091929291
34312e33373638383838353135495d57
45443f3d3d3f403c3a383b3c33313134
4a4847464b453f4244433f45403e4041
393d3a3c3f46474a4c48454645464349
3b3b3e3f403b3a3d4745433a3c44463b
3b3a393b3b383834383b423b35343b3c
454442443f3e38323f3f403f3e3e3a3b
494c4d464445484848474d4647484647
3b343533302e2d2c2d2c2b2d3f444646
4032343f3e4242413c3c39363c373e40
3f3f3e3d4148484948556b63524e4d46
4041414139323030393e474d493f3233
3838383637363532383d3c3c3c3a3e44
474745443e3c3c3c393939393d3f393b
3c413f3c3e3e3d393d42453f3d3b3d41
3c3c3c3b3b3939353534313930323c3c
3b363b39343c3d3d3c3e3e3c38393a3a
3a383333403c3c3e3e3e44403d393736
494a4b474f5354524f4e48404946423f
484545464a50535353524f4a433d4949
404043403d3e3d3f3e3f3f3e403b3c49
2b2d2b333f3a35393c3c3d393d3c3b3c
6462605d5d5c5a5651443a3b34362c2b
77747674706f7571706b73726e686264
7c85898a8a89888785898680807c7578
8d898988928f8a84837e7e8575717473
7a838383847e7f7a7e7c7a7c7c7e807f
898889878a858b8b8d918f8a87867c77
7877777a7e7c7a79828387888a898a89
7e7a80878b878889898a8b8987848279
8b86888a8a8b898a858783848a858580
6869706e727286888084838386859090
3632322e29383838383632332d3a5e6f
3f3f3e3d3c3e3f3c3b3c3c3c34363836
363838454848403c4944394341373843
3c403d3f3f454b4d4f4c4c4d4b473835
3435353e4248474a4a433d3b3a3c423c
3c3d3b363635323239394239393c3a37
44443838413e3f3f3f3f3f3d3e3d3432
4a4d51494847464748484847453e4646
3d3434332d3132332d31323c35424444
3e4746434342514a45443d3a3b3a3945
47464441444548474c5e6d64544f4f48
3e3d42434141383d394b555855483636
3a363a3637373637393c3a3b3e433e40
474746423d3b3a3a39383939403e3c3c
4043413e4142403c4142453e403e3e45
3d3a3c3d3a3b3832353835333a38373d
3b3a3936393c3c3d3e3d3d3f3d37393b
3e3737382e3b3e3b3a3d3f3436363839
47484b494854564b4d4d4b4644414443
414346494c504f55595655504d40494b
3f3f3e3d3e3e3d3e403f3e3b3a3c4040
2a2a373a3933343b3c3d3c3d3f3b3130
615f605e5b5c5a57483c363c36373531
737873716d717570706b7471716e605d
7b81868888898989898885807d7d7a70
8b858182818988868580767069697477
7d818280787776707680828280808489
83838381878188858187888684827f75
747372787b7a7a797c84848588888486
8383827f7c7d828480858683847c7d75
868586888a8a8a867b75707186838280
67676c6c696d747874787c81838a8b8a
39363432313838383733323442425a67
353c3e3e3c3d403e3d3b3a3c3d3b3a3a
3637383c4b4a4a4c494138433e343233
40413c3d42454c4d494e4d4d493b3736
36373a3c4a4c4b49443636393b37393d
363e3b36353436393a3f3c3839363935
42373c3d40413c383d3b3e3f3d3d322e
4d4d4643464847494647494644424647
3c32323532373736343333393f414643
45434540453e4f4a4342423b3c40403b
47474b494a4948464a64656759514644
3f484d4c4a4a47494a545a5e4e483a3c
39343633363536343639393c3c3c3f3b
4a3f3c393b3b3b3b393b3b3f3d3d3b34
404143434747433f3e393b3e3f413f46
3734343431383b3b37373a3b403c3536
3b3a393d3d3d3d3e3e3e41403f3c3a38
3e3f3b382e3c3234313a383130343b3c
4a494648505f5350514d4a423e404140
4646484c464b4a585b575959575f6257
3e3c3e333b3b40404040413f3e3f403e
2a37383b3c333c3d3636313839363030
63626059555b5b56483c353f38373633
7378716b7178726e6d6d767671756965
777b7f7b7e74727181796769776d696c
7d6f6b6a687e7d7b787970665d606a71
818686837f7e7b747d82828382828684
847e7b7d7a8485857f85847f83837e7c
7d7e7f7a737f7e7d79767c7f85868382
827e78727a7c81827e837e807b747d7d
838484848584817972705d7181848482
6a6c70717672777c7c7d7f7c87848584
3937353332323336393734353b415263
3c3c3e3c4141433e3e3c3a3c3d3c3638
3f4145474a444d4c4a453d4633343637
4343484445454b454a4e4d49383f3737
3d3e4741424847464339393836383a40
323c37353539393a3b3c3b374138373a
37363c3b3e3e3c3d40403f403e3b302f
413b4140464543443f48494541414342
3a33332d3533373635362f333d404644
39454643424c4744464941393d3c3c3f
45474947494a4847506368665d484941
464a4f534e495353565e5b5855544142
362e383a3b3b3a3c3f3b3732383b3e45
44403b3b3e3e3d3c3c3b3d3d3d3a3738
4043464546494548423f3e413f3f3e43
383536393a3b3c2f323a3f3f403c3b3e
393c36373f3e3e3e3b3a4141413f353b
3d3b3e3733302d2f3336333232313231
523e3e536a6c5051534d4c48403e4140
453f4849474c4d5a5c5a5b5a556e6c5f
36383b3c3d3e403f3f3e3f3d3d3b3b3f
2c36383b3a2f3c3b353a3b3635323133
69665d5c575b5c594a3e384139363636
797d74656c74716e7172777c77776f6e
7d7b7e71676b6f73727476797e787071
6e7377767978767579726a696c717b7d
818f8a7d7e7c7578807a7d7d7d808270
7d7875777f8083798379777a81837f7f
767a7c7772797c7c6b6d787a8484817f
7e7a7776787e787e7f7e7a7074747a77
7a7b787e80807d7c7d7a727f79787f7f
6a6b67696c6d777274777a7a7d7e7d6e
39383632302c33353a3a3838383f4f65
333b3f393b3d3e3e3c3d3c3c3d373939
3a363a4843454b4c4b4631393a393939
45494a4440474b4c4e4d4c3737373b3d
45493e4545474a45403f3c3936383f3f
3b383937353734363a363d3b3e3d383b
40413f4243424142424542403d3b2d30
373e44474647434443444545413d4139
3b33312d33323736363730333e40423e
43424343474d4a4948464242403e3f40
474745434a4b4c4b4f5d675547423f41
444d4e45444143565a464c6371644d4b
313a3b3a3c3c44383733333b3a3b3a3d
3d413b3d403c3c40403f3c3b3a383339
4141424346464c4e4a4745423f403f3b
3d3d3d3c3e3e3c3c3a4143443d38393f
363a36343b3b3d3b393d3f3e403d403e
39373d3b30333834373a3731302d2d34
59463b4b696b535551514d4944403f3e
4048494747495155565556595d58665b
3c383d3d3a39363541423f3a3f3f3a42
2d2d3639393438393a423d3734323334
6b666d807e5c616057473e4232333735
857e848b93826f778e8f9284808e8d95
98938b7568687972676b7e8a908b8378
79777575777c7976797a737b7a7f8791
8384858573726f777a757b7e7e7e7e78
7b7570747f85787984686f828b7b8387
7c7c807b797b7c737678818784817b7f
7c807f807e7a76797f7f737b7b7c737b
877670777a7e7c7d7974717c7b7c7976
6a747872787977757070787a78777570
3838382f2a2a2a2e2e382a3037334e59
282c32322c31332f30302c3b3c3c393a
373c38433a3c474b4b47413f3c383b32
424a474048484d4c4b4b4736373a3f38
484a434a484a464342403d3c3d3c423f
3c3b3b3a38393d3f3f4042423b393a40
41434144424243434242403e3c3b2f2e
38443e3e3e3e414241423940423f403c
383332312c3638373734323a3d3f3f40
424543444b4c4d4c47474646403b3d3d
434646464a464d4b50565347504a4545
2f504236363e4c524a50606c7a665655
3a3b333d3e3c37333133383e453d2c2c
44413c3d3d3a3b3e3e3e3e3d393a3c3a
4445414146494b4a484a48433e403d3d
3f3e3d3d3e3f3f3e3d40414539373f43
2d2f2f2b2c3a353a3c3d3f403d404242
30393c3a393d3d3b38383733332e2b29
62524252585b564f544c4545423f3837
434645494949505a5b5e545d665e5b5f
3c3b3a3a3b36393e3e42403e3d3f4040
343536393a3b3b383b413e3c32313538
7a7576997f77746d5d523b3d2e2d3634
888d9690959581939e9f9d8b848e9294
afa8a89a7c7e979b8c8092a6b3ac9891
807c79848a7e838c99a1a3a6b3acadb5
ba918a847f7b797b787879797c7f8385
727678798c818077887a81827f7b7cb6
7b777f7a7c6675756b8c7e7479858072
808782827e7a747c7d7a7b807e7a7372
5a717571757e7c766663747c797c7c81
9494917f81816c6b6b6a67757774726d
3a3635302f2e2e2c2f35343534384175
302d2f2f2f30323232333a3a393d2d3a
3a3e3e3b3b434a4c4b464346403a3c34
444a4d4e52494c463f49474141403d3c
4145484c4c4b463e433e423f4141423f
3c3c3d3f3f404142423e40403b3a4245
4343413d3d3a3b3b3435333e3c383332
4242413e3d3d3f3f40403e3c3d3c4041
3532333334342e373634343b3c3d383c
3e4344474c504f4641444742413f3d38
46434248464a524f4f4c473e45444444
433d3b3a3e474d575758677265676768
33383938404445414847423e3d372e33
403d373939383938393e3f3f3d3d3e3a
4542394349494747484341423a3c3b3a
403e3d3d3f3e3f3f3b3d3f36323b3a45
2e293035393a36393b3f403c3f414340
373d3e3e3e3c3c3d3b3b39362d2d2a2a
6454404c565558534a46424439363338
4545484b484b4e4c5453525f63645868
3b3c3b3c3c4042403e3e41403e3f3f3f
3135362e343a3b3334423d3c372f303b
89837b736f656a745450443c2e2c3829
97949090a6aba39a8e8092889e9f9e9c
b7a891a6a09ebaadb4bbbac4968aada2
7e7a7775a39095a6b7b4adb3c1c0a0b3
a3837e7d767173737e7978807a7e8d8b
6c6a6e7284948f85837e84847d7f83c7
73787e83726d7b8184888078817f7969
6e787b6c707c83817e666b6e72868571
6a7d999c867c746779899a9690999c6a
6e7e8077857c8374757472726d6e6f6d
36353735312f2a2732372f3534435257
3c3b393936323535363b3b3a382e2f33
3d3c413b4145484a4546433d413e3c3c
4b454a4e504e4f4e4846454443403a3a
43464b4d4c4b473f3c3c3d3b42414549
3d3c3f3f414040403f3f3b3d3f403f42
4143403d3a3a3a3a3b3d343a39333533
433f3d3d3a3a3e3e3e3e3f3d37393c40
3735343332312e342b3331333b3a362e
3c403f3f3f46474342444448433f3939
413b3f3c3c3c524f4d4d454042424541
45515a5c5d5c5c616465666969666261
3d403e40484e545c65534143413e3b3e
3b3a3a393738393b403f3f3d403f4240
393b3a42464646464646454441393939
4040403e403f41403e3d3e3c3a373742
2d2c37393b3a37353a3d3e3c40404242
403e3f3f3d2e2e363b3b3b352b2b302d
5c54525155585b51504b433e3e373a3a
43424448494a48413e4c525b60605a6d
3a393e4143423935333435343c403f3f
2b29292a2b2b2d303b413d3835373b3d
928a837f797c7b785f45493c2f2e2d2c
9f959398b1c2bbb39d9eaeafada99aa5
c3c0afb2bccacbc1cbd5d3cfc9bfb2aa
8e8b8799aab0a8b4b5afb5c0bf9ecacb
ab897d797673767c7e7b7e7e7d7da197
838c80839c9f91868b8e89888794a9cb
8c83898a78727d77888b908279858282
9492919a8c94938f8a64888e93908e88
8e9e727b757c7473848e95917f85829d
7b85748a88858d8176716a6768809c85
2e393837332e2b2b30363438363e5871
3f3e3d3e3c3a38373438383937313332
3d40403e44444647453f4440413e3f40
4a454b524f504d4a45464941403c383f
484b4e4d4f4a45413f3a3b374444464b
3a403f3f40403e3d3f3f393d42424245
4140403f3c38363844433e3a39373836
3c3c3c3b353538383a3d3e3c3a3b3b41
3435322e32303234343332333a38312b
3d3d3f3e3d3b3c3f48403f3f3a3e3c3a
3e3d3f3e43454d4d4b4e4a49413f4040
595c5e605e6262616062656463625756
474443484d565d726d4d3b3d3b414147
3b3938353538393c3e41434242454f46
3a3b3b3c404443424042424240403b3a
4041383e3f3f4141403f40433d3b403a
2e2c2d393f3e3b38393a3b3c3b3c3d41
3f3f3a37343032322e36392d30323937
59585452505c5d5153473f393c353439
43424746484c4d4e5051595c615c594b
3c3b47484340373836373733393d403f
292a29292a292a323f3e383635373d3e
979286878e917c7559373f3d342b2f2d
9c9099acafa4a9848f9ac7cbc0bcb7b0
dbaeb2ccc3c5c0d3cac4ced2cfd1ccb9
9a989ea3aed8d79fb1d3beafbcc8dede
a3978f947f8dabbaa29f9e868f908a92
9d9fa8a2abada19ea4a1a3a39499aaaa
8f8b9b9b959699a2bac498a48089969c
aaa6a7aeacabaaada291909799999f97
98a592897b758e90918f9091a58fb2af
778e9397968983817d7a787d9aa6a591
3a3b3b33302e2f343237343c323a5f6b
403e3e3d3b39383a3e3e383639373833
40403f3e3d444544434142413f3b4040
4b54464c564e4d494543453f37393f41
484f4f4e51444445403c3c3e47484f51
393b3536373735413e3f3c4143454749
4140403d3e3d3c434747423e3d3c3537
2c363737363839393c3c3c3c3c3b3b3f
35312e3533332f32333333362c372a2c
393c393b3d3e3c3946433b3c3a383d36
3d3d3d4746484d4c4941434c39434242
544e473f414c5b595763666969645753
454a454a5054676852483c343b3c4f52
3a3a39393939393a3739393b3847464b
3f3b3c3d3c3d4041414343433f3d3a3a
3e40403f41414141423d41453f3a3e42
333b3b3c3b3a393e3e3f3b3b3a3c363f
3f3d3a37363534333339383032343739
59594f545c5b5850564b43463b36343d
414543484a4b4b4c564f525d605b5859
3b3f47443a3d3a3b3a3d3f4140403f40
2723262c2c35343d3b323535383b3d3c
afa6878b8f80765b45474c3d32283428
9f9cacb2a7a78a8588c0cfcdcccecbc2
d6d0cbc6c2bdb5c4b7b1b1b6cad6d0b7
a2a3a0b0d2e3b3abe0a2bdbba7cfd2d6
bbb09ea59cb6cdcbb0b1b094a59f909a
a7a4a7b1b3b1aeb0a9a39d9d9ca5b5b5
97999b9e9ea0a3a1a8a0a79b9f94a0a8
b5b6babebab7b5b7b2a79f9ba1a5aea3
a2aca2968e82978f98a7afab919aafb4
848d91a2a0a6a7bfb9aa9c9c9aa5a599
3e3c3338303435353037363732485e6f
3f3e3e3c3c3939393e403d3b3a383e3d
4141403e3e4343413d4340403f3f4540
504e4d515b5449494644433e413f4242
484a51524f454246414143484b4c4550
3a3b373a383c38403f3e3f413b3d4849
2f32322f3135414446413d3e3f3d3d39
2833333434373a3b3a3c3c3c3d3d3631
36292735333432313435273038332b2b
3b393b3b3c3c3c4246443f3939383537
423e4747484544434d493e463a444240
4d494e403f53575a59565a64645a5451
524441525751574c413f3a2e40353c4d
3b35303736383a373e3f404246454951
42403c3d3d3d3b403e41423a3d3a3938
3d424241434242423f3e394040404145
3332373c3d393f40403d3b3b3b3b3e3e
393a3c3b393b393738393437383a3737
5854515657625e56564a484943323632
4647464846494e4c4c595c5f615f5f5b
383e44403d403f4041403c3d3c3e3c42
272425272f373938362c35343f3f3f3c
a97a7e81827e6a5c4f3e4e3e342a3429
a0a2a8a1a191888d8b99a9acaeb093ae
c7c1c3c4c2bcbcb6a1919da5bdc4b5a2
bfc3c0aebeb6b6b2bbc3ccc1b7afc0c6
cac9c9c4bbb6b8b8b3afa8adacb2b5b3
aaacb3b4b2b2aeadbba79698b5c2b1ba
a4a7b2b4adaaaaabada7a2afa69fa4a7
c8c3b9b6b3b2b1b0b0b0b5a2afb1b3aa
a9a9a7a29c9a9ca2b9bebdb3afb6c4cb
9397aab3b2b4afb5bcb4a6a5a9b1b3a9
3c3a363330313535353837363b4c6786
38333c3a3b3a3c3c33393e393c3b3740
3e423e3a40393e41413e3c343e3d3d3d
4d4b5159554343424241403e3e403d3d
48484c4a44413f434244464b4b4f4d49
3d3d3c3e3e3b38403f3b404243413b46
2f32303837344242453f3e3640413d3f
293433343637393a39393b3c3e373230
322a2b33343333333332322c35292c25
3e3c3d3c39383c4244413d3b39383737
3e3f48464845484e403d434946454140
4c4b4e41525c5a56545854605a595457
54514753515248413134453a3f33344e
30302d2c3938393c3d3f41444345535d
423d3a3839373f3e3e393a3b3c3a3a32
40414243444343434243424042404043
403b343c3b3d41423d3e3d3c3b3c4242
38303d3a303133393b37363b3e373e3f
5753545c5d5756524e4c4c4334343335
403e394646494a4b4b5a505b5b595058
3a3c3945424544413f3c3d3d3f3e363b
26272a2e303a3f303730373d45413f3e
8a8272766063625b523d363d2c2c2927
9e9ea5928384868f89817e81897d766c
bcbbbdbcb6b3bdb3a493a2a2a8a09499
b6b1afb1afb6aaacabb9a8a8b5b1b0b8
b5c7c1bbbdbeb9b8b7b3a7a8a0b0acb3
c3bebbbcbdc3bcbfb8b0acbdcdc7c2b2
b0b4bab4b4b0b3b4b5b1b9abaca4acb2
b7b7b7b6b5bababab8b1b4bcbfbcb7b1
bab4a1a4a1a4abb3b9b8b7b8b7beb8ba
ab9fafbab2abafb4b9b8bb91a3b4b0bd
3c3c38353636363736393837364c728a
3c3c3d383b3b393639383d4137373840
4545413e3e363c404343413e41413c3b
4d54555c574643454340403e3d3f3d43
47454c4842414143424546484d504c4c
413f3f3f3d39393e363c414240434445
2d2e383c3b3c3a393c3d3f3a42424141
293333353637383939393b3d3d353231
2f2e2e34312c332d2926282735333330
3f3e3d3e31383a3c3d38373b39313234
41413d4849474b4b433f4a4946454240
433d40404f50515455575b5b5b565351
535557595c505b614b565951604d4c4e
31302e3741444e52543d424547515a58
413b393738383d3d3e3a373b37373031
4345434344463d444044424144424044
413d36363e3e41413d3a3c3c3c3b4243
32333b30363237373938373738404142
564d58585a5852514a4a483d32343630
3a373c4545454a4f504f4f52524e4e5b
393b42424142393f413b373c3e373d3d
2b2b333638323a322b303d403f3e4241
837d756e6269675b52464542322d312b
8d8b8886828b8c8885827e7f7b766877
abaeacaaaeafafadaba9a59e999b9392
ada7a6a9a9aaababadaca7a6b2b0a9a8
b2b5adb3b4b3aab4beb5a9aeadaeaead
bec0aba6abcbbdbab6b4bec4b7b3af9f
b2b6b6b5b2b3b3b3b6b7ababadb3b8bb
b5b5b5b4b5b5b4b2acb0b7b8b5b3aeb0
beb6a7b0adb0aeaeafaeacaaafb1b5b5
8fa8a7a49fa7b3beb1a8b5bfbab6bfb8
3c3b3b34342c38393c3a354b425a738f
3d3d3e3f3d3c3a3b3b3f40393838373c
47393c40404142424141464542403a3e
544e585d594c51484445433e403f3c44
47494c4a44444244434748494c4e4f4c
404042413e393d433a373e4444444542
2e3d3d3d3d383c393b3f3d393b433b41
2b3434363737373a3c3e3b3d3d3b2f30
2a2a2e3332322d2f292f303536353532
3e3e3c3c393638393a3a3c39312b2b2a
4344454345423f484444444441414441
533a4d52524b4d515153535452544e4d
6265636577727378777f889174564f58
322f323132392f3a3d3b3b3c4e57595b
413d3a383a3e3d3c3e3d383739332b31
41434441454444444537423e3e3c433e
3f383c3d3c3c3d3d3c3f3f3e3a374342
3d3c3c3d3a37363337383c4047514d44
52535959585753515552513d31313b38
3f3e414244474d52504e585c5a575d58
3141414141474544433f403f3d3c403f
2d31353737383c3631323e3e403b3c38
7e7a736d6d625f5d575a574a352f2a2e
95928c8885878986858382827f7c7e7e
a0a4a7a4a9a4a0acac9e929098959298
a7a4a6ab9e958b98aca9aaabafa69f9e
a39aa0aeb0b4babcb3aeacaba8aeb6ad
b2b7ada3bdc0b7b4b3b5aba4a7a7a09f
bcafa7b3b0b0b5b8b2afa8afb2b2a4af
bcb3b3b3b3b3b0aaadb0b2b1a9a3a6b0
aab3b4a9abada9acaba7a7a8a9abb6be
a7a2a8b2a5aba8b3b1b7c4ccc9bba8a6
383a3938393437393b3b4254394971a1
3f3d403f3e3d3c3c3f403f3b3b373739
444443414142434242454646423b413f
544c4d5957534f4d4447474444404045
46454748454743474546494850535552
3f3f3e3a474038373d42434444444445
30323d3e3c36343a43403d3e3f3d3c41
2b343536363a3b3d3e3e3b3c3d3b3b39
2a2b35353433302f2f36353737363431
393532312b2f2e2b2929292c2d2a2b28
41454243403c4644464a4745443d443d
55515353524e4d4d5859535151525250
6c6e6b6a757873707994947e61594e4f
34373a313a4c544a4542384848606065
433f3a3838393d3e3d3d2f3938383631
4243444846444544444244433e3e423f
3e3c393b3c3d3b3f3f3e3f4041404243
3c3c3d3d3b3736363b3e41434b554e42
5154575756565650514b594a41383f3e
4140414143474c50505962615b555250
333a3c3b3636464c45403c3f3d3c3f3f
33353634383a3b353b3e3d3f3f313033
7377726c726462605858564b36302c2d
979484868b8482838282807f7e75797a
9a9da1a4a4a29f98918b8f9593938e8f
a4a6a5a39b9991a2a3a5a6a7aba69ba2
a4a3a5acafc2c1c0bca6a7a6a8aba8a7
b1adbbb4b1b1afadadaeadababa8a4a2
b2a2a0b0b1b1b2a8a8a8b1b1b0adabae
b2afaeaeaeaeaaa6adadaeaca9a1a5af
a3b1b1aca6a9aaaba6a4a5a8a9a8b8b0
c1b6aeadaba5aaaaa9a9a6c1c3bb969a
3c3b3a39393233343b3a47553c4273ae
393e42403f32323c4140403e3d3e3d3f
4542413f41424242434545443b39393b
5655574c4d4a4f4b43454946433c4044
46454544454143434c464a4b52555553
3f3b3e3b473e37363e43424244434445
313b373d3b3d394144413f3f3f373c3d
2f2f3736372e383b3a3d3b3c392e3c3b
2e3637323436302f2d2f393838382f31
393631312f2d2e2c2b2b2d302e2d2a2b
3b3f40403c4b4e49434c49494645453e
525253484e525452585f5d5956545555
6a707171706f6f77948aa7787096574b
403e3d3c47424243514e4f525b60676b
3f3d3a393c3a3c3c3f3f3d383e403e40
4945444845404043433b3b3c3a3c4642
3c393433322e2c393c3b3d3c41404142
3d3c3c3d3b3937373735364449504641
4f5250545553544e5a53574f4b403b38
3535373e434548444d495d5f56504e4c
3b3a3839423d3f453b373d39393e3838
2f313536363d3a302f3f3f3b32333437
6e7273646e6762615b534f4d38302b30
8e8586837e837c82807b7a777a746c77
a09f9fa0a3a29289918e939490909090
9fa39ea099999f9fa4a1a4a5a69e999d
a5a6a6a7b0b5b4aca4a5a7a6a6a8a7a7
bcbcb0aaa6a5a6a9a9acaeadaba8a5a3
9ca1aaadabb1b0aca8acb1b1b0afb1b2
abaeaea8b0a9a1b0afababa9a9a7a7a8
9fa6aba6a5a7a8a7a7a5a6aeababadac
97a58a81a8a2aaaaa9a09a9f9c96979c
3e3b343431353537383e3942394c839a
404043424037353d4040414041414040
4844434242434241404143433e3c3a37
584b464e4e46454845464744413e4343
4543403e404141474c4b4d5053575757
3a41403938383e3d3f43424445444444
39363c383c353e3e3c413f3d3f3e3c3b
34383939383b3b39393a3933342e3d3c
3335332f3136343436372b2a28333035
39302d2f2f2e2d2b2b282a2a2d2d2b2c
3a393e3d4856514b484c4a494748453f
4f54555250565453595e605f5b555657
6d71737a787a8a8a949a9a858f94a451
414140474e4a4452565a5b5d636d7660
393b3c3b3c3c3c40404041403f40463e
4f42434242403e3f3b3b3d3f3e484544
3837323031302e2d3d3c3d3c403e4249
3f3f3d3c3a3a3b3732374241433b3f3b
4f545053545355564c3f424146433941
3335323536424242454d514f4e494246
3c3b35344241433f3237383d3e3c3835
3136373a3a323231333f3d3432333235
6e707066696666645e59504a463d3b31
88818583827e807c7d717f787071706f
9da1a19b988d928b8c8d918f9394948f
a4a6a4a2a2a2a3a1a3a2a3a2a29aa19a
a09ca8acafb0ada99a9f98989fa5a5a6
adacaaa8a9a9a9a8a9aaacaba9a7a4a2
a5abadaba9afafadaaa5a6aaadaeb2b0
adafb0aeaea8a6aaa9a9a9a4a4a9aaa9
a8a8a7a7a8a7a4a5a4a3a4aba9aaacaa
8b858892989ea4a6a4a19f9d9c9698a6
403a313735373735393b3a384876888b
424244464443424241404140413f4242
4544434240404142433f43403d3a3e3e
5d5553534d494646433e4142423d3c42
44404140404343474a4b4f5154515b5d
3f434240363d403d3f3f4143403d4243
3636303b3a3c3f393b3b3f3d403c3e3e
2d393b393b3b3a39363a3a2e2d2e3b3b
3634343637383a3831312d2f2d2e3235
39312f2d2c2e302e2c2c2b31322e2c2e
3435404245424c4b474e434846474841
4b5b55534b4c525654535d62625b5758
78868583818d8d8d939aab9b9095a38d
474948425b616a6e6b6a565b676b7774
403b3c3a373c3f404142424145484344
3b3834342f38373a3b34383f483f4844
3a343737363734363c3c3e3c3f414439
40403e3d3c383832313743413f403e3b
4a504e4f45504e504a3f413f3f403d3e
3c3c34333e3f3d394447494847463644
383937353c43413a33383b3f3f3c363b
31373a3a332d333d393c3a3431323336
6f6f6d6666686565615a5547392f4437
84817f81807f7a7b797871726665676d
9fa199a398958c888e8d918e9494858d
a098999d999a9ba59e9d9b9fa0a0a19e
a2a09eacacadaba093999a9ea1a5a5a4
ababaaa8a9a4a8acadaaa9a7aaa3a6a5
a6a5aaaba9a9aaa8aaaaa9a7ababadad
9b9da7a5a6a9a8a8a2a4a89faba9a8a7
a5a5a5a4a4a3a1a0a3a2a3a3a6aaa6a9
86838c989b9ea5a7a7a39c9ea09c95a4
3b3b3b3a3b343134303634303d5c8582
3e4145444745423c3b3f414141403840
444341413c3d42414445443e3e3c4043
5b5754544f4947434044443f423d4044
413d4042404042444b4b4d5052545b5f
40404337343d403d3e3f40423f3e4342
3031313c3c3d3c3c3c3b3c3c40403e40
383239393a323931343231302e2e3736
373839373a3b3c3b3936353332323135
39323035362e302f28282c31302f3332
353f3c3635444a3c494b4643484c4941
675b5959535152565555616466615857
989c9b978e9192929398aa9c8f949e89
4a4c53545e777072786c6568676d7a81
423f3b3e3d4043434441434447484849
39373736383636353e4145484c504d46
383538373434383d3c3e3f3c3d40433c
3d423b36363d3a38373d3e3938413f36
474f4f504e4c4d4e4c484849463d3d3b
333333353a34393f42434343403e3944
35393a3e3f40413a333c3f403e3f3f35
303739393235393a3c343b3431343432
6e706f6866686565625958484032493b
7c77817f7d7e817b6f77756f676c6c6e
a597929895888c888a8b928f8583838c
a0a3a5a5a19d989a968e929d9fa1a09d
a3a19ea9aaaaaa9799a1a4a8a8a5a3a3
aba9a9a7a6a5a7a9a8a5a7a4a4a3a3a3
9c9693a1a1a2a3a9a9a8a9a9a8a9aaaa
a8a9a79b9ca3a6a7a4a8a6a3a3a3a2a0
a4a4a5a3a39e9fa0a4a3a2a2a2a4a7a8
848e8f999e9ea3a4a4a3a1a09f9c9da4
3c3b373a363633353b392f2d3e547d85
434447494746413d3c3b3b3a373b363d
41414040414242404246443c3d444445
54514e4e4b4746444142434240424242
3d3c403c403e40444e4d5050494e485b
403940403f3f3f3f3d3d40413a404443
2f333c3c3c3c3e3d3c3b40403e3f4241
3538393732333235333230302d352b2b
373a323131373b3a3939393334313132
3f3a3a31342f322f2c2c2e322f2f2e33
4342403e4142404047464547484e4541
5d5a575a5554545b5d616464615e5857
9b9e908d8e9397979397aa9c8f94a18e
46456a686f737476767a756d64697f8b
3f41403e444044474542424146494443
3a3534373836333a41464b4b4d4f4c45
3634373a36353a3e3d3f3a3a3d40403d
373832363b36333c3e3d3b3a3b373e3a
444d4e4f4d48484a494a4a4b4d46443f
313036373b34393e3e3f40403c37413d
3939383d3e3d3e33343c40413d413f38
383839393a3a3e3f3f3c383833323233
6c6c6b6b6c68655e5c53574f422e4c3f
78797f7e7a7d7672716764696c6c6d6e
979992878d938d85888c8c8c89858282
a5a7a8a19e9b9a97959295999d9e9c9d
a4a0a0a4a9a79f96a3a6a4a499a8a1a1
a6a6a59da8abaaa6a4a5a7a3a199a3a7
9a99939f9b9ea8a8a8a7a9a99ca8a8a8
a7a5a5a491a0a8a6a5a4a29fa4a19c99
a6a6a7a5a59e98a2a3a3a4a29e9aa8a9
878d8f8b9a9da1a1a3a2a2a09a9a9e9f
3c393c393a373a32383b312d42587482
44444748454441403d3d3e3c3b393539
414143444444424342453f3c38454545
5753444047434144433f3c484d464342
40403b3a3f3f44464b5052514d4f4746
3c3e4240404140403e3e41413f3d3e3f
32343d3e3e3d3c3b3c3e41414143443e
37383a3733333535343532302d33292a
33353433393b3c3d3c3a383935313232
3e3c3c2c2d322e2c303031302f2f2e32
4442424242413d3f433f3f4549464343
55534e5550575a53576063635e595757
9a897f9190969899969498987d7d9d99
52495d6c708891837f807f7577818293
3e3e3f3f413f46494b4a424147464749
39333132353c3f41424547474e4c3f40
35353336383735343e3e3f404244423f
3936353a3b38322e3c393739383f3937
464a4c4d4b4a474647444b4e4a49433d
333b3d3b3833332f34383a3e3c3b3c40
3338363a3e3e3c3936403b3f3f403f2e
3736383b3c3a3d3a3e3f3e3833303235
6c616b6767616360634c5041352c4f46
7a7b7d7f7c79787774716e6d656b6c6c
9893918b938e878889888b8987857d72
9ca1a5a3a09f9c989593939498949a9d
a5a3a3a58fa4a3a3a7a79ca0a2a5a09e
a3a7a09ea8a9a7aaa2a79ca3a0a1a9a6
a3a5a4a09c9da1a3a6a7a6a2a39aa4a2
948f97979896939394908e929496989b
a09b9c8d979e9ea1a09d9d9891948a8f
878a8e8f969da0a3a09fa09d9d9da0a0
3c363236383638393d3c33304761737e
4a494846464437383939373a3938363d
424342434547474642413b394647484d
4e494641484746464149414948464242
3736313b3f414043494e5050514e4b4d
3e43434141413f3d3c3b3c3b3c3a3836
3336383e403f3d3a3c3f3f4244444037
3838393938393638373836332929292a
353536353a3a3b3d3d3c3b3a36343539
3c4039312d2d2a282e2f2d282d282835
463b3845443e413f443e423d41434543
525c4e4e50555a56555554605a5a5756
8587879c999b9a8f8294918b8a877579
5e728789709088868786858583808a89
403e3d3c4943425451494648453d3f52
373b3b403f413f3e3d3d465150494743
3d3e403e38383d3b414140403d3f433b
3c3c423e3d3b3335363738393939373e
4c4b4a4a494847464746454848464241
353b3b3b312d302d30383a3b3a39313a
39393d3f3f41403e3c3c3b393d403e31
3536383a3d38383a3738323430323338
6768696766656463624d3c44332f5046
767f7c7a7778797874716b6768676b6a
9692908e8d898888878b8b8787828279
9a99a19fa3a39e9a9783828c8f949998
a9a5a09fa29f9ea3a19f9ea093a3a598
a2a09a99a4a7a8a5a39f959099a1a1a0
9ca09b9196a3a2a0a3a0a19d90a29799
87888f878f9192958e8084959c9da09c
9d969a8f93a2a0a2a19b989190919185
838a8e949a9da09c9c9a98989e9da0a1
3d3633373434333c3e3d34384d5d5170
4c49494844423e3d3c3a3b393a393f3e
3d374444494949473e3d3c3a44464a4b
4946474b49494949494e4c484943403f
3837384040424041484b4e514f4f4c4b
3e454342413e3d3a3d3e3d3a36373535
2c363939383735363b393f414544433b
3737373738373738393939342929292e
2c2c2c2b2c3a393a403e3a3936343837
343b35352e2b2b292b2c2b2a292a2a2b
3c3d3e4643403a3e423f39403c424642
5c554c4f50545857555455635c5c5656
8385869595a798928c858c8f907f6363
777d5c72888c8b8b8f939c97877c7a81
4b4a4b48515c67603e53564e453f4766
36354f4045414142434145474b484749
3e3f3f37383b3a414243403d3d3e413d
3d3f43423e3a383a3630323c3b3a3d3e
454d4643474646454441464543433f3f
37373b3b3936343330393c3a30352a39
3b373334343d3d3b34312f34303f3c39
373737383937393c353333323735323b
656465666061645f5648494539314d3c
7c75786e73757678726f6a6669666965
8688847e928a8888888b8b898781797c
7e7a82858d8898988f8d90948893938a
a49e9c979f9e9e9d9d979d9f9b928b85
a2a3979ba7a59891908d858595a4a5a3
9c99928a8a9ba0a2959395979e9b9197
91868d8c918d909f99948e9492999f98
9b8e878b919c9ca19f9a8d8d8e989894
7f89919497999a9a9995908d9a9e9fa0
3e39363635353a3f3e3b3e33333e3e66
43433c3a4441363a40413c393a41433f
424344444a4948404041403d3e4a4c43
474546494c4b4b4b4c524e4e47433b43
38383a3f40403d474a4d4a4c4c4b4a4b
443d3c39373334343332313233382f30
2c312f383636353632413e4343424544
2a303535363838383a3a3b2d2b2e2f2e
2e2e302d3738393a3d3d3d3c3c362d2e
2d2d39342e2b2a2b2a2b2b2a2928282a
40404849504a3c42463e3b3f3c3b3e3e
56524c484e54565c5d6160665e5d5656
6a7a82988c938b84777b857a7f745661
715a7678797c8f818787808181807b80
4e4d4a566d78795f506865524250596c
3b313d3a3a3f41454b45494e4a4a4847
40403c37393b3d434548433d3942433f
444244423c3f3c3531333d3e3f3c3d3b
45484543424444444344424140404340
393736383a39372e333b38362d322833
383534333c3c3e3e3c3a37353c3e3c39
3838373739373935333b3d3e3f3c3a3a
656464626363656462605b4840504b37
787e76706f6c6a7a6f70685e60596168
8d8d838a8c90938b85898988807c747a
81797d808188848c9196948e87847791
9d979f99999f9d9c98a0a0a095828b8b
92949592939c9794928a84919d9ea19e
9fa39d928e8c99959f9d9d98a2998683
9394938e98949ea49e918f958c8d9ea3
918d78888e949590a09e9a9c9b979595
7c88929695959797958e8b8e9c8e9f9b
44393839393d3f403e424230374b3f63
4445403a433d383d44443e4040403f43
45464645494e49423f4341413f3e4444
4f4e3c4c4c4c4c4c4e4f50504a474347
3b3d3d40413f37484c4f4c4c4b4a4b4d
3f3f3c3a393434353533353738373331
2f3132343636363738403f4142434646
2c30373738393a3b373a392f2e313232
2f2e37383a353a3b3c383f3f3d382e2d
312e39342e2b2c2c2b2c2c2b2a292929
46454d4f605f4844403d3930352e3731
4c4b44484a56555c5e635f5f5e595454
7a88889090908d89887f766e7a6a4f5f
4161867c6c76898e857e86827782807c
47434b69918a8c736d6951444c435d5b
34313c3a403e404247484b4e4b44493f
3232383e3f4142414548433e3f414945
414443423834403d3e3f3d3f463a3831
46434443424343434242444342414340
393938363a3a3635363634353433272d
33393b393a39333f3d3c393b3b3b3b39
3431303d3b393134343c3d3d3e3d3e37
6464636164665e4f4b445e483d364a36
817f7a756d6c6b7c696e6b6b5b626467
8a878c9196a0938e7c85837c6a768f76
96959289838aa3a89f92978b88858c89
9a9b9c9f9d9998999498999984789298
8c8e97968e8e8f8f8d838a979a999d9b
a5969983858089869195939292928e8c
979c8a878d9089b094939ca19e9fa4a4
88858387898d90a4a0a098a18ea09d99
787e83838b8e93978e8b8e918e8f9997
3c3a3534343c3c4244413f3b43434c65
4943424242414749494441424249453f
43474945444c4a43434a484440414548
403f4d4c4a4a4e4e51534f4245414d45
3f373835383943483e44464b494d4d3f
3f3b393635363533323b3b3d3b3b3c3f
3435383738363434393f3e413b3b4445
37393a38373a3838343d3b3538383834
33362d2b31373a353c38413c3d332f32
2d2a282626292d302f2d2e322a2a2a2a
44434855636147443e3e362c31372f2c
4f443e474d5453595e63615c5d595455
7e8c9092908f908e8b777a73786d5360
444f5c5c5a678689898c887f756b5f6d
4b4c548997906c5b62685850464d594d
3b3f3c3c3c3c424446494a4d4b4c4e4b
32303b43414342414240423f3c394b45
393c423e4142373632343e3e3a383634
433f3d42454e50444345424342413738
3a373936342d2d36322f35342f292938
3a3b353939393c3e3f39383a3a393a39
35302f2d3d36303c3c3d3d3a3a3c3c3b
7277706c6e6c6b6b5f5d56544d363f3b
8072827c75767a75766f676168646369
887e8498a3a0969296838982799fb097
95a19995959797968e99949195969594
9b9d9a9997989f8f93928a8c8085a096
91929194929393908e8d8d888aa29e96
9892918b8a83979f828184898d8d847b
96a69c87777b84898d9fa9a9a5a5a09b
89898b8c8d887b95928e999a9e9b989d
716d8080869097978f908f88877c8594
3d3a3635373848484648484641555963
4e474646474f4a513e4e4538494c4a40
4745474746484e524f4f4c4f4e504d4d
424c4b4242454b4c5355524f4d484a4c
393a3c3c37403d3e43454a4a49494843
403d3b33333434342b3e403f3e3c3a3a
363a3c3936353640404041423e3c4544
3a3a3a393837393637393c3c3b3b3a37
2c29292835383b3a3a3d3f3e3d3b3839
2a29292d272c2e2c312f2e2e2b2a2a2c
48424b51614c483b3c39393336312d2b
4a49474b545252565862615d5c575656
738f9293959596928b7d757373675f59
48494e5d66686f7c8c807c7974666267
58494f96988e7c6068696d654e454e43
3e3e3e3f3f3b424747464d4d4e4c4745
34313a40414240434243423f45443f3e
4a4544453d3f3d3c3d39413e39383636
3f3a3d3e4345463a45434344403d3939
373a38373335332e2d2d37342d2a3138
3b383837343638393938383b39393939
3831373838302e3e3e3c3a393b3a3a3c
7f81757971737067645f5b5851443d3b
7e7c7699767e70817c79696b63706f78
939b9e94999b9492959d8c8a97a79e86
a181869793928e9ea182849fb8a38c7e
898a8e92948b8c7f91959b8e899aa998
9095959288898e908e8e8b8f8e94968e
959e98a1a199989e9f9d9595918a848b
928e848078829090a8b4b5b3aeaaa19c
8f8b797a7d8097988d847d899494afb1
726e7d7d84859b939194938d8c918c90
4b49423f3f3f4041515352433a5b6a67
475049514e5a585248454342444f4241
534c494745484b534557485155595949
524c4041454b52555763605f5757594b
3c3c3f3e3a3e444048444a4b4a484745
433f40403e3d3c3b3c3d3e3b393a3b3b
393a3b3838383b3e4140443f3d3d4341
323535383b393a3632313035393c3b39
2c2c272935383a3a3a3c3f3f3c3c3c3b
2f2a2a3230322e2f2e2e32322d31332d
3d484a4644574437372e3737332b2b2b
4f4a454c515152585f6255585a575655
8197979292979f9e8c7a7772746e6868
4a4857624848616c6c6a777470736369
5e6e8586525f6f7f675b534f4d45474a
3f3e3f454240413e464a4d5147484a4a
313c3f4041413e40373e45454444433c
4f4e4e484342453c48433f3c3a373637
3f40484245463e3b3f444342413e3a3d
353937373a39352f2d2c242a23273239
3b3a3a39373635333a3b3a3939393939
2f34393a333232414140333d3b383b3b
6c6a7a7c78757470647869615e533b43
9588888d88888289727a7274776b7d6d
a2a89aa5a0a19f9aa29792977ba5ae9c
9895878c8b8d91939fa5aca5a4a3a39e
94a0a59a97a5a7b7ac9fa9a09999b09e
9f9e9ea389939d9798929f9d969e9c93
adb6b5b6ab9d9ea09f9e9c9d9d9e9995
8a8680808b98a4aeb397b39d9caba6ab
98908d8e9393989e8d888b8595a08f91
6e797d7e8084928f8b8b938e85959692
4e4352423d39414144544d35526e786d
4542414553535645444644414645494b
4b545454504d4f58585b465e5a604c46
554c45424d4c4e535c626969686a6657
4142433e363d454c54504b4b4a4a4854
433c4343413f3c3c3e3e3d3c3e3d3d3e
3337393a373b3b383640413f3e3f4243
3b3a3c3a3d3e3d3937323738393c3b35
393d373a3d3c3e3a393c33333e433e3c
2a292a2e3336353537393a39393a3939
42453f4045493f332f3433362e2a2929
8156444342464a5a5f615f5959575658
8591899395949c94857776767a6c6a86
4d464142434b5062656366716f6d6374
3e33625e68757a7f61564a4346444a47
40424140424042464a474a4a4b49474b
35353d3d414340363f3f3e4445444141
4f5852484743433c4039393537373936
3845474a48483f3d3537383e3b424349
363836383938362f2d2726312b333432
37353b38393938383a3a3b3b3d3d3c3b
39333a302b383f43403d3e3a3f38393a
6e6d827d7a756f6575746e5e5c52534e
839b858d958e88787981767678817a6f
aaa19ea0a8aaa29baf91919b968ab4a6
a499999493a6a6acb1b6b9b6b7b3b4a6
a7b0aea6b7bfc5bca6b2b5ad859597ad
b1ada795a0a6a7a59eaaababb0aca6a4
b8bebfbfb9b0b0aea3a09d9b9da2a2a6
a39c999fa1a79da0b5aba8b2aea6aab4
a09f9fa69ecdb5a8ada7b0c0b8ad8a9f
76797983868199898a8a8e9a95a2aea3
5555473839543142444c4d3c4d5d686d
5150515c4e474b49383a4344444a5e52
4c4a4f4f4f52575f5e4f51566b585050
5b534c454e4f565863686469617a7360
444647453e3f464d4d4f4d4e504c5859
444746423e3d3e3e3e3e3e3d3c393b41
3b373b39393a423b44463d3c403e4342
3e3d37312f3c3d3f3a303c3b3e3c3a3a
3a3b3a363f3e3e41403f3738353a3f3f
2b2a2a343738393a39393c3d3e3e3d3a
3f38403f4240393232343a3b38343330
7c53424140444a575b5d5f605e5c5759
797d7c879a99938f7a7376757d85939f
3e4541404748504f55605e6e69706d74
3d383f4b55656573554d4c4943404245
4043444345393e4245494a4849464444
36363e3c3d36363d403d3d4441464242
3f404249443d3a453f3a383838383938
4d4a43474a49413e39383b3e40444446
2e38353a3c303334302727313534342b
37393b3839393a3b37383b3b413e302e
3d3d342e343e3e39413e3f3e3f393938
7e89817f7a79777574767262625c544c
b9b5aea2988f8a898984858584837c78
b0a6a8a8b0adb7aeb0adafb1a7aabab8
b68e89909facadb6cccfc2c7cac1b1b0
a0beb4afb2bdbfafb19cb1ac93b9b3c2
b2baafb3aeb0b0b2aeb5b6b6bab1acae
c3c7c5c4c1bec8c5b0a39fa0acabb5b9
a98fa4a4a5aaa6a9b7aeadb3a7a6b2b8
aab4a9b1adb5b0aaadb0b8a499a992af
777271787a859faa8a8a969398a6b5ad
60574c4d546060495452564e4d466970
6151565a545c535a4845494548515c5c
53565b4f4f4d60675767676c72716368
54514c4b595d5e57656f757074867c68
45464549484c4d4f504e4e4e4d4b5054
3f3a37343f3e3f3f3e3e3e3c3c3b3d42
3738383d404a49424247463f423f3d3b
3a3e3e3d393e4036342f36343c3a3938
292d2927343c4245413a37383d3e3d35
2d2f2e3a393a3a3b3a393d41413c403d
3b3c3b413f3b303b3c3c3e3f3f3c302b
6b474143454754545e5b5b62605d5857
888f828a9e9f91867c6d667d8c947c93
3e3c3939424b465e61676c6d72767e86
3c3c3f444b54535647455046433a3e43
4142444544413b43444848464243423e
373936363a3c403c3e3e43423c403d3c
4b4b494542434944403d393838383d3b
3b3e40424748413936353f3d43444748
393a3b3c382d2c373429292a39373433
363839393b3b3a3b363737353d3a3335
4034343236373b39403b42403f323434
8d84837e7b7976787b7873705c4b543f
ccc5bcb0939591939088868684878d8d
bda9adb2b4c1bdc0b9b7b0aca6a5b2b8
a9999da4acb0b3c3d1cbc9c3c1b6b6ae
b7b3aea9aaabb6b8b1a19490c4c1cec6
c2b9b7b7b9b8b8b7b9bec1c0b8b5b4aa
d4d4cecac7c5c4bec0c3bfbdbcbebbbc
948ab3a9a4aab4beb4b9b9b8b3bbb1b0
b7cabdbfbaafa9afa7b0b0bdb8b0999d
8486899b88a592848a8e90aa9fa3aeae
4f5562646a666b79716c5f5a656b727c
856b5f61667b685e504e4d424e646466
58555a51525a665357727f8a85826a6a
455351505f60676a7782898b89777373
464747444c4e4652504c4a42453e3e43
3838343337373f403c3f3d3c3d3e4142
3d3c2f2f393a49494b4548484b44403e
3d3b3b3b3b3b3f3b3b3f3e3a3c393839
38393e403c4043434442403f403e4243
3334323a3e3d3d3c3a3c424446444340
413f3e3b37393f403f3d3d414045312f
625148484a515656555c635f60605755
888f90958981807a797a7e797a796c6e
3c383c3f4a48403c6e6f6d69747b8990
41444a504e6c636467615b3c3b3e3441
41414149464443434648474544403e3c
393938393c3f443c413f41383f3d3f40
4c49474543444440423f3c3a36363d39
3c3d33374b49423e3a34424444454c51
3a3c3b3b342e3a3c3b2e2d2f3331312e
38383a3a3c3c3b3634323231332c3639
43332a2c2f303436343c383b39383937
8a86847f7d7a7771837375795f4a4749
8d95c4ae90979389988d887d76767987
c1afbcb2b2cac9cbc8b5a8a8a3a3aebf
b29dabb8b9afa6bdc7c6c4b6a7aebac2
aeb3aba8aabbb1b3b3a59f9fa5d5d5d2
cac3bebababcc3c2c2c5c6c3b8b5aeb7
dddcd4cdc5c1bbbfc3c5c7c4cad0cfcd
99948d94b2aec8d1d1bab4b3c1b9bbc5
afb8bfbabbbdbdb7aeb9b6b9b5b5a2a0
8a8f959fbcb7c0a39e9e9da5c1b6b5ac
5c606d6a72727f946c675c7376747b7a
6f6e6b6f65666b60524f6d7380808276
9382624c545a626169859da2957f7571
49504d5260626b758aa2a7969294878c
4648474c4e454f504b4a4943493f383a
3a2e3231323c3d373d3f3e3d3b404244
402f343c3d3f47464547494d5647423c
423c3434353e424145413c383c3a3836
3d38464f4f5054544d484d4a49434946
38414140403f3e3d3a3f464643404345
40373532323c454b47495d617448373a
605544474f565655555c605e5b5b5352
8e8c898c8b757d807d7f786b7c7b7854
4046424343414d4f566865696f7d9699
3e4042454a5c505b60473b3b37423e3d
4445453f3f3e394444454342413f3c3e
3a3a383d403f3f45443f4342413e4140
3e3e3f444345464540413e3b36393a3b
3f4535334a473e3e3834414142485049
3f3931323a3b3b3d3d37353134323634
3838393a3b3c37363839353a38333333
3a30303034383334353a3f3b3d3d3b3a
8a8684807c787a80868173755d4b5346
8d958c928c8a8c8b81857f7b78787f7c
b2afb7b6bbb9b9bdc0aba9aca8a89a8f
afa1acb0afa19ea5aba7aba6a7adb0b1
b6b3adb2c5b9a4abb1aaa9a5a7c7c4be
cbc9bdb7b4b1b9b8abbcbbb8b2b4c3c1
c4d0c4bfcdc4bbbcc1c8d5cfd1b1b2cd
bd9698a8b5b3bacbcac2bcb1b6c5d2cc
b1afadb6bbbabdbbb3aebfbeb9b9bbbe
93a7a1afc3c4c0baacadb0bab4b5b3a5
817a7e7b7d8289888783968f86857e76
7d84858a84878183807a737b8b919184
936d5b5155585f657da19fa29f927d7a
4a4c505763696e889b9a928c888d807a
484a474e4f45494d4b4b4c484a484b3e
2e2d2f38393b393736363a3d3f454243
36383a3e4247414449463e5f473d3637
3f403c403f3d4e655651443d3b363b3a
4b4e504c4e4f484e51534e4d4c4d4c43
3c454444433d343a3a33353c4b394346
403a3c3e454d505150507786905b463c
4a4947515453545259595b5f5655514e
7c83817e7e81858a887f7c7c7f858457
4246454444464956586062626b6f767b
3a3e3f4347404d64563f3e3e37404141
454645403e3e3e414141413f3c3d3d3c
353a373f41423d4440454a4744444643
403e3f43434246403a3f3c3b3a383b37
2f343c443c413e393b3c3d3e413d3f40
3b393a3a3b3a3d3d3d36322f35343034
39363a3b3b3c3c3a3a333b393b3a373a
2e2a363737363b3c3b3b3d3b3a33363b
8987857f7f797c8385787b7868564839
8e9699908a888a8c84827f7b7984867e
ababaeab98918f99b1aaa7a7a5a5918e
adb0aba9a7a3a2a0a39d8ea4a2a6a8aa
b7b6afb3b1adadacacadadacadafa0a2
bbb0acbab2b1b2b3b5b4b7b4b2b7c9c1
c7c3c8c9cbc9c6bec4ccd4d5ccc4b6b9
a3afaeacabacaeafa9adafa8ccc0bfcb
b2b2aeacaeaeb3b4b1adb3acbfb4afab
9bacb8aeb8b3a8a3a3a7a3bfb2b7aeb2
877b7d909a9f9f9992959ca49e8f8a7f
a4929289829c998f797b7c85949b9985
866c60554e596b7699b0aa98a5998a93
4a4e576361636e88868c8e889598837f
4b4c4a49514e4e4d4b4b4d4b494c4b49
2d2d2b3a3c3c373636363b3d3e454549
38394040424149484743494945423e36
47433d4440435462575a513d3936363a
564642595b59534d5857534e50514e44
3f433e3d3f3937382f3c38353c494943
403f43473e345756595a70a0835f624a
49464d4b50535458585d5c5455525250
767f7c7e7c898d8d8b8a918d8b8f8a67
3f45433d4749494d595e4d606162646b
3c3d40454444413c46403c393a38403e
3e4744403f3f424141403f3e3b3d3e3d
393d3f413f3e40434244493f45434445
3e3a3a3d4343454343403e3c3a353639
33535b4f4a49413c3d3c3b3e3e3e3e43
353b3f423e413f403e3c353636342f35
3b3c3c3b383d41393938313336353b3b
2a2a38393b3c3e3f393a3a3c3c323a3a
8587847b797e7a807c7e877960534633
8b8282868785828980817f7e7986878a
a5a3a5a58c848c91a3a3a09e8f8f8d8c
a8adadafafacacaaa398999ea8aaaaaa
b2b0b6b6adabaeaeabada9abaea39496
b598aabbb4afb0ada3a6b4b0b3b8b9b5
c4c8d1c6cac3c2bdc6cab8bac7bebab5
a6a6a4abacacadb1b4abb8c0ccbbb3be
b1aeafb1a8adb1b4b5b3aaa8a1afada8
9c9fa8adb1b0aaae9d98a6a8afb6aeb6
a8959fa4a7aeafa39185797b82928e9b
939f9ba58cb0b0a4908d909ba7a7a2af
877e53565862696e6d82a4a19492988d
50596166575d6b79868a8f959ca4a0a1
4e4b4f555552504c4b4d4d4a5455494a
2e3538313a373434343a3b3d3a434448
38403f4643424047464d4e4a45493b38
3d3a374342505b5c534f41453e403f38
827c6a6c6c6e64645b54505055544538
5e545249423d393b464c4e464b485a69
4847534f53605558567dabaa9ba3aa7d
49574c4f50535658595658544c4a4b49
8e72797a70899b8e9d9f85867c69585a
4344414048494948595c455e5d55616d
3e3d3f4344443f32373d38403e3f4242
434643423f3f3f3f413f3e3c3d3e403f
3a3f3d3c38413d454548484543434445
3f393d41403838414341403e3c393935
4b594640474a433d3b3a3d3b3d404342
383c4546443d3f413f3c35323736383b
3c3c3b37323e2a3938383b39363b3b3b
31312b2b3b3939403e403f3f3c3c3b3b
827d7a827b7e7f7d7d81836f6055422e
837c8085858488867f81818181838485
9fa19f9f98979792a09c9894948e8182
aaa7aeafb0b0aea79c9098a09fa1a1a1
b4b2b1aeafb0adadaeaeacaeaaa39fa0
aab4b1b7b7b0b0aaa69cb5b59fafb1b3
c8cbc9c6c0b8bcbeb3afb3babbb2b1ae
a8aca9b0b3afafaca9abb2b5aaaeb6b7
aca9aba5a4aeb1b1b2a8a8a5a3b0a79e
81949b97a1a5998b7884acb2afb5bab2
a69497989b97948f8d847b7a8592908d
9ea4a897b0b2a99093989e9293a4a3b0
82686865645d55687b96a1a49796959b
585a5c5e61666e76808791a2a4a6a4a3
4f59534f535050474e514d51524b5055
3c3b373439363434343a3c3d3d42454a
3239333f42494a474555514a40443e39
3f39393447575f5c5153514d403d3e37
827858566c766a66625d5a5854534744
8374514c454441455d69767366646b82
4e5463676a6f5b676d7ac7b591b4bfab
77584f4c49515754534e56554a4b4b4b
7b6b737d898c98979ba398897f747170
444546474a4a4b4b4f524d4c4b49706c
3a3e3f414348423e3d3d40403e3f4142
3c3832343031413f3734363233383739
3b3c363c3e3f414546474745423f3c3c
3d3d3e3f3f3e40413f42413b3a313635
32373f413a3e3b353632343430404140
3f464e515e684a434140393838303c3c
3d3e3a3532353e3f343d3837393d3d3d
35312b373b3a3b413f403a3b3d3b3c3a
7f818180848179797c7e6660564b433e
8c88858684838280808584837f7c837a
a89c9394989a96969a9d9c97918f8580
ababacacabaaa59e9b969397a09d9c9f
acb2b0aaadaeafaeadacafaba7a6a6a5
b3a8b3acb3acb4a4a5a2c2b2a3b0aeae
bdc0bdbcaeb4bab9b2acb7beafaeb2b0
9eacabadb3b0b0aea8a6a9afadacb3b6
b1b1b3aeb6b2b2b3b0afafafb4b1aaa4
89959f9ca9a396969e97aaa0adb8bcb1
9192968f9faf8d8c8a8681798d9a8891
9fa2a1a898aaa291999d9e9ea0928c93
83796e656a6c59677c8490a4a7a0a294
4b565767636d767c83768ca3a59d9b9c
4c52514c4e545153504d493e4a4b5158
3e3b342f272b2f333232333b3d43484c
3e404040414446434549514145504540
4743413f6163605e5c57514c3d3f4038
948274665f706f70695c5a624c514d4a
68624e4545474a4b758e7e6c626d7996
6160677c725b787f70727c92a8b2b38b
5f564f4e4c52545453534c534f4e4747
677391939593919597a8a38a80777770
44454546484b4f474a4a4b4b6762655d
4240424035383637373c38363c3f4142
32332f302f303d343838343330383a41
2f2c2c2b32363f3f4242393b3b3b3737
43423d3f3f3e40413f37303237333136
3e38404d453a37363836313640424241
3a3d3b5d536153483f413c3a3f383f3e
3e3e3830363c3c37403d393633363233
2d2f333536383536373e3c3b3d3c373a
7b7d808182807c7b7d79635e53454135
8e88787878787c7c7b7c79797a787f78
a297989392919496959b9b93898d838d
a2a4a7a4a19c9e9aa09395989f9e9e98
aba9a7acacaeadabaaaba9a49e968e99
b0b0b0a9afb1aca9a6a6a2a3aaadacab
bbb9aea5aeb1b3b6a6a1acb5b2aeb1b0
a4afaeafb3adada8b7aba8aeb3b8bcbc
adaeb8bab9babba6b0b2afafadadaaa7
9c8e959f9b91939b9aa19b9ba3abaead
ab918385888591b19ca0958f948fa3a8
9ba09f9ba1a5a0a7a3a8aba5979092a5
798d79667e6a586e8a98a2a4a5a19e95
464f515762697172766d8b8f9492918b
4d52514b4d544d4c4f4c49444543494e
4237332f2c2f323230302f3f3f44494c
403f3f404144434551494a54564e3d41
444d4b494f4942434e56615f3f3b453b
70606b69676165545c5558524e4f4f4e
6261534c4b50656a7b7f6c7a606a8488
656c6c7479737c787f5988c2c7b3917d
5c564f525055555552504f51514b4140
6a869f969e959396998e7f786aa59b95
45464848454646454645464d6462585b
444443403f38383a3f3534313d403234
2f2e2d2f303c3b362d333333393b3f42
302d2b2c313333353f3f3c42393b3c36
45403d393c363f403e3b383837343130
41393c433d3736343b38323e43454443
3b4e556a6f67584c3e3f3d3d42444243
36373c39353635343e3c3a363d3a3936
2e363635383537373d3f3c3b3d3d3d3d
78767475797c737e7d7a645b4b3f3d2f
8d837776787d7a77797776777d7f7c7a
99929697969b9a9a9a979590918c8282
9fa5a4a498949a9f9a99a4a49e9d9390
ada8a9acaaaba9a9a8a8a0999a939ea0
afaeaaa6a0aea1a2a6a9a8a6a1aba8a6
aaa8a5afaeb0b7b7a19ea9b2afacb2af
a5a4a1adaaa8a5a9b0aeaeb8a6b5b5b4
a9a5a2a5acafa2a4adacaaa9a6a8a7a7
8987909192989ca0a0a2989ea3afabab
a29c9392948c99a59f94857883869797
abaca5b1ada9a4a691a4bba498a0a0ac
797f866471718080a0a7ada0a19c9c9d
4a50585c585c5d6c72767f90928a8387
5a5551505252514f4f4c4a453e494b47
3a32302b35343836323636443a454b50
412e3b393d3e404f5553554d51423336
4f54425a6c6259545d686f6a4d3a3c41
81715f5d615d545c595d5457555e5d56
886655546f72777a716a777468717e75
70726b837b788e9e7482bfccc2b49e95
534e4d5150504f5352514c424241403f
69949e9191889092908b827d798f7f73
46484848454749484a474c4d4e574c5a
433f404240393b3d3b3c39383733363d
2d2d2b31303e3c38302f31353e3c3f40
3837323433393733403f3f3c3d3a3a2e
423a3834383535403f3d3c3934333934
46423d3e3e3a35363d3a373f43404543
404970786f645a51433c374247484747
38383c37363735333e3e3f3c433c3639
2e2c313335343233373c3c3b3c363e3e
75787b6e77787776737161553c324237
837e7e807f817f78797a777c7f7c7978
939496979a9a9795958e8d8b8c898281
a4a39e9f90a19b9b9ba0a49e9e9a918b
a69ba7a4a6a6a5a6a2a2999c9a92959f
a5a8a4a3989b9ca2a5a9a4a3a5a7aaa1
aea6ababa8acacaa9fa7a8b0a6aaa8ad
a29fa0a2a1a5aaabafadb1b4b1b3afae
9ca5a7a796899b9daaa9a49ea0aca7a3
878e969d9da19b999d9ca19da3a0a4a3
9b9d9292928c8f8f8e8b9b8f7a797f82
b0aea5a2a5a4aea6959da7a3aaa6a4aa
7e85937a736b798480b2b0b2a69a979f
454c5354515d6a6f6e70795a914e6077
5e5055555453524f50534a45403f4447
2d3137363a3b3c3c3d3d434542484a4d
36373a3a46454349403f4850443f3c3a
5442556f6b6967605871766d4a454139
66676e5a5d594d44485256565568635c
8f756f6a8d9b9e9c88686764717a6f6f
716c737d73718b9a88c0c9c4bcbab8b6
53524f504f4e4d4d514f464443444141
789a989a908b93958b86827c7372665e
3f3b3f3a3b474548484a49434b534951
3d344144423a403e36413f3e3833373e
33302f373d3e3e3835383b3e3e3e4040
3530373b3b38393c3d3f40403f3c3935
3e3a343838373a3938363d3532313a3a
46423f3b3c3d3c353a36363d40454443
455f6e726f5f554f3c4137434b4b4c4d
3e3e3e3e3b373336383a3d3d403f363a
2e2d2d323330312f33303838362e3c3f
767574767675736e6d685f5137323e3a
7f7d7878807b757173787a7e7d797876
848d9094999a99978f8d8f8d8982817f
9b979b9e9b9e9da49fa09d9e9d978e96
a1a4a3a1a0a5a5a39d8f91939798979f
a4a3a2a39e9b99a4aca8a3a0a0a5a0a1
9fa9a3a2a6a7a5a7a6a8abaca8a8aaa8
a2a3a09fa6a2a4afacabaea8a1b0aca5
a7a5a6a59a9a979ea5a29f9c9ca6a4a2
88969396a0a09998969b9fa1a2a2a9a8
9e99978e939191918e95898078646378
a8aa97857c919d9d9fabb1a6a8a7a29e
757e9285858576767aa595999b9daaa4
4a4d504f5357666e6760565950444a5e
50524a55534c58504e4a4b3e3e444747
2f323a3c3c3c3e3f4141424042424349
3e3d3c3e48484944403e4346413e3431
6b66655c7c736b6b65675d5b4e47403d
5e55604c4e514f4b50505b635f57696a
a3877d8d97aeae9487716e6760695f59
6d6a67707a6e75808ec1bec8bdb5bfc2
51504e4e4e4c494b4e3f3f4142424040
6f99a2968b878d8b8f97937d736d645b
3f3c3a393636364743404444444c4b4f
3a3f3d3c3b3c3e3b363843413a3c3d3e
352c2b3b3c3d3d33333b3d3c3d3b3b37
33373a3b3b393a3e3d40404243393637
3e3a3938393c3c3b39353d3a34303235
46413e3e3b3941403d393d4240444541
3c546373615c5f4b433f3b4c5250534e
3d3d3f403b38333838383c3e3e3e3b3a
2a28282f2c302e2c2f33343532393b3d
6e6a6b6c6a6d7372726d5c523d303436
7a7e817d7b7673727774746b70636261
878a8c90939595958d8c8c8d86858081
a0a2a19b989796a09d9a9b9c99918986
9fa1a49ea5a6a7a29b8c87909d9b9da2
a4a0a49f9ca29ea8a4a29fa0a0a09f9e
9ea4a29fa09ea4a49fa2a5a6a59ea7a7
a0a4a4a4a2a1a1a3acacafa9a5a1a09f
a4a4919d9e9d9fa4a3a39b999fa6a1a1
918e87878c9d9494939397a09899a5a5
8794919391908c91928d8d68726a6b7b
ae9a9497888f849aaaafa5a9aca19da2
6d797e7f807c79716987869b9f9ca5a6
4a4c4f545659606854514f5543545e60
4f5154545252554f4b47474a47484646
36363b3e3d3d3e404241404341404346
42414349494945404242433e3f3d3237
686d5b6a7071726e6c676e564e44433c
5563615854514d4d515151636c657073
b6a19a9ba3a1a18c7876717667635c4d
6b72707273738a7c8fa7a4afc9b3acbd
504f4e4e4d4b4b4b4c49494946403a3a
5560665945525d697c94928669625b54
3b3a383837363d4646494a49474a4a4e
3c3a393c3f40413d3d3c3a3d3a39413e
312f2d313b3c3834383d3e3f3d3b3a39
34333c393a383d3f413c3d3c3c37352f
3c3c3b3c3f3e3b3b3d3f3f3b3b393638
41424141404243443f3d3d3d403f4741
5b54696a5f6061514a45424a4f5c5748
3e3f3d403d363338393b3e3b3a3c3736
2b272f30302b2e3330303230383a3d3f
706d6161696967696866655c4938342e
7f7e7d7c716a747575766f6361636971
8784888b848484918f8e8a8383817f7f
a2a2a09a94908d8f9a98999a978f8c8a
a09d9ea1a3a4a19f957a8a8ca09fa2a3
a1a8a2a09ba19da0a1a19b9e9d94a09d
9b9d9fa19aa0a2a29a9d9c989ba1a1a0
a4a1a0a09e9ea79da4abaaa5a4a29c9b
a09c9998a1a7a9a290838e989b9ea3a3
868a8c959696948895979b9a989697a3
97958f8c9296938d867c7b7064596781
aa9d9e99929291989fb7b8a8a89c9a9b
74757c8489827978747b7f82a09c9a9f
49484e524d596063634e4e5657696662
4d505353514e494d504b4c4f46444546
3b3e3e3f3f3d3e404341403e3e3f4046
4545484845474344434341423f3d3c39
74716666706b706c6e71715549404443
5d6462584c4d50505051546b6d758188
bca2a3a9a9a39f867b8364706558435b
5c626868858379858e817dddbebaaabd
4f4f4e4e4e4a4b4d4d4c4e4c45413f42
4c3f4a4a4a5f79828a7d758b635f5755
3d3a3a3b38393b3b49494b4a4a4b4a4c
3f3f3f43413e403e3d39383b3e47413e
32313b373c3933333c3d403f3e3c3c3d
35393a3c39393c333e3d3c3c3d383136
3c3d3b40413e3d3c404138403d3b3734
43474544434a494642424241403d483f
515e5265585f5d524b3c44555457584c
3b393a3e3d3b39393d3d3d3d3e3c3543
2a262f312c2b35312d32333838393a3c
70706e6c6863645d6561656357504834
80786f62656c70767073736e6d687271
83868784838a87868784807f7d7e8179
a09f9b908f9293919595939194938d87
97969b9ca0a0a29c8a81838c9e9d9b9d
a4a8a29fa09f9d9b9a999f9f9f9ea19d
989698948b959e9fa39f9d989a9b9b9c
989893939092938e98959594a59e9a98
9f999b979ea0a69384808c969999a29e
8a8b8e9393918e8997979a9c9b9291a1
92908d8e9294918988817d72615f6b81
9b939a8d90999785a5beb6a9a89a9399
797b787a797f7f6f68838595a19a9ba7
48465050535a635e5a5450585d6c5964
494e50544e4f4a4d544c545546454943
39383832403d3d403f403b3c3c464943
4646484747444444444442423f3e3c3a
86796f6f6c6c6b706b6f694c42483e46
5c5f504155534d4e5553537371769193
a9a2aaaea49897969a9663645f573d61
565a55646e717a7c84817f8aa09ca1a8
524f4e4d494b483f424c4e4b4747474a
4543474a4a5f717a7e746d6c55575351
4143463f3c3d3c3e49484c4b49464a4a
4142444443414444413d3a4645424041
31333a38373a34333a4040444444423e
3c3f4140423f3d33363b3b3f3e3c3b3c
373e4148403e3c3c4141413b36353838
474545444046474a484744444545473c
454d4d5450484949333c4a58665a6155
3a3a393e3f3f3d373e403f3d3f3d3c3f
2b2e3534333536363837323b3e3c3d3c
7371706d696664636465595f584a543c
82776d716c75726f6c75767475757675
808383878286858a83827e7d7e829994
9c978a86959b959399978f8c908b8981
92939a9b9c9c9f978c8c8e989d9c9b9f
91999799989a9b9497999d9f9e9ca09a
8a8e8988879c9f9f9998939a97929a9c
948d8b8d8c8c8d8b8e8e8e9999948d83
8c8c898a8c999d978b92968b97928e93
777e6f6f6d6687869193968e8b8f938a
989086878d898887888c84626c71777c
91928d8e93918b8b95afb2adaba29293
6f736f6e6b7e6c687c80888d9c91a1a2
49484d4e514e646c5c58595555535558
62574a4a4e464545585e564b44444648
3e3d3c3431303130313a333c43494f48
4845494448444545454444433f414040
7779766e696a715f5c60484d43464648
514943414f4e4e56535159767177927a
97979c9c8e8c88748a949c635c555151
4f4d4c57615969717889818675949897
4a4a47473f42453e42454e4d4b4e4953
4a46464b55565d6d6e6f6366514f4d41
474b4b46403d40444247484a4a4c4a4c
4542454646444342413d3c4544404547
3d3b39313539393a3f3f424946424135
403d3a3b40453c3b3a3a303b3c3e3e3e
3f3e44403f404040454240393c3a3a3e
433f403b3a454847494745444447473d
3d3e393b414042423c3a4c515b514f4f
3a3b3d3f40403f3d3e414140493f403e
3a353737373738393c3d31393b3d3c3b
70656466686661666765625e5d4d5e48
877d7a77807f7f7a757e8a796b6c7063
9081868784867f7f7e707f7d8198a592
918d8f90ae908b95958982949189888e
919195979a9c9b94918b929a8c9a9992
9b91878d8f9296969696939994949796
93929291999f9797938b8a8d9296999b
918e8d9393918d908f8c8b9594998f93
8d8b8e8d8a949b9c93958c88888d898d
7b717577807e848d9193928b898a8d90
877b6f70807c85949a886f717f85807f
9c9e9f9e8e7c90939aa2aea296909494
5265616a7a6d6d6f74785d6c879ea19a
48494b4b4f576267565d5c5a54505058
465c514d4d49444651524e484445494a
40403f393536353334404145494c4d3e
424449464847494a4545443838433f41
6975746b6a6762575f5c574b46454445
494848464b414b585d645f7e78738479
7e819e95788b84796c8f674d4d494744
4a4f53525c615c5b755e7278707b888a
514d484a4a47464e5451504c4f505566
4e5353585d5c5b5c6264675d504e4d4b
494b4b3f434745433e3d3d484a4c4a4d
43444345444746413e48464541424848
3b3b39323938353a4041434746423c41
3f3d3d3b3b433e363d363e3d3b3d3432
42444242413e3f40403f3a3a3d3e3e42
403f32354145414c4b4848393f42433f
433c3a393a3b4240403f454e51494546
3b3d3e4143403d323a3d41434842434c
473a3838373837383931313c3e3c393a
716e696360625d64686260636156585e
7f838587888381747c83857c6e6d6f6b
958d928f8f87757f827f8283829fa08b
87848c8c8b9d9e978d83827f888d8e8d
948f8e989789858e8f8e8f999c9d988a
8b827f8a8e8f94948f92979190909795
909595969998918c908b838589909394
8f8c8d8c8f8d908f878f91807c7c9690
8c8b8b8e918d8a929794917b87868a8b
7c78777a80848b888a8a83848788868b
756d727c86888a938e8188948e88877c
9f989d999b958da0979c97a2998e8a7e
5b5c5f65615e504f5b5f606a8dabaaa6
484b494c50565c595d60605953535552
3f535a534e4a47474a48464545474a4a
433e3d3a3a3635343243474853534a46
4548484844424a4b4a4a424445444547
6e7f736a67625f5856504e47403f4041
49474949494747534e463e7382848479
8d8f7e817d96897268615549504e4944
444948555a584958545f55625b83636a
4f4a494d4d49495a5954514950596867
4951565d635e5f6f5b675c595352524e
4b4b494248484743434240405255544d
4344464748494744414947444343494a
3e3d38353438363d4042444345433e45
434647444146444235393b3e3d3c3332
444547454345474140413d3d45444547
42423d3842474e4e4b46403f37423d44
343c3c38383a3a3840423c474948433f
3e403f3d36333332393c45484b3f403e
404737353939393c382d353c3d3d3533
697372676e6767636c6a686967625e73
98959595938f8a877989826a69837675
a6b5ad968d9c9394978c93958485b1a4
92919293b0b0a79e999d97908f8e94a4
a29c979b9e90848b90869aa4a9a39d98
94928c83808e9292999a9a9b9f9fa5a0
928f888e9092929190918e8e8f909999
8583898c8c8d908f96938880787c948d
89898a8b8b8c929496958d8288878994
8581808284878a848587838181838986
6c6a74818c8e919a8d91afb4b48c8888
9b97aba29e96a09c9e9e9c8e93908c81
5a5c605e5852505a5f5f5c617f8f949e
484848494f545757575c4f484f55575b
3f545757504c494a4a49454446474847
4341403e3b433e393846494240454a3f
404947454146474a45493f3c43454648
867d6b615c5e5d564d4a48403f3f4345
474a4c4b494542554e4b48798986847b
4d5b7068745a6a595e58534b444c4445
4b4d535755564c4e51545a6064725b8d
474a4e4e4d4e484a5d564b495b646867
585663625f5d565c53556159554c464e
4845433c484b47454b4c4f5055585c52
434445494d4847424142484542454744
3c3f3e3c3c3e424446464546443f4548
454b4c49484745413b3a3f3f3d38363b
45484945434240414141404442454747
41414240464c4e4d4b48463937434142
40403b3937363a3d4042444545434241
3f41413c343232353d3f3f3f43404142
303d3736373a3b3e3a37383a3c3a3234
7176756c726b656f68645d6c6f6f5f4b
b0a29a98908e8e857a80827165837f77
b4b5b3a89c98949794a5a7b2929f93b9
9d989ba7b3b3a7a5a6a5a6a1a398a0a6
a5a19ca3a29f9c9a9b96a6c1b4a39e9e
91939e9695939da78f91a29fa5a0a5a6
8e8f9e9d929b908e8d939996958d8d8f
8083958382828c95938c88837b998d8e
94947d7e7d84908691928d8d8c88817f
85837f8088868c9193968b878b939393
7f828385888f90988d94b1b5a17a8384
9caaa6a39badacaca7a3a3a293948b86
505154524f4e5257575551599d90919a
474859494b4f5758514e515355545353
44484c4f433e3f42464b4c4b4a4a4a4b
4947454445433c39383939453f414a49
463c414747443d404546424346464a52
897d675c565d564e4347494848474646
48484b4b4844525457505f6a84828088
4f5f696463625f545153544f49474648
4f4b4747464a464d4b494c5154555c52
474a4f4e4c4444625b4e4f5070675e5b
5a646767625f5c59524f5c4e4e524645
4648474a4a454a4b4d555852445c5a5f
454645474840423d3e3e41393d454444
41403d3e3e3b4045464743463e3e4848
4b51524e4a4947443e3f433b3c303c3c
4446413944424342403a3d4237484c4a
40424144494b50564f4b463e3f404244
3f3e383c3a36383d3f42444544423e3f
3d4044413831324045444443413f3734
262c283536353a2e3a3b3d3e3b37393d
7677787b78757472706d696c726e5a42
afa69b88968991888a8d7e898e877e7e
b299c5beb7b1b9c2bbb6b7b5aeaa96a3
a3a7b2aca8a8a7a7aaaaacaeada59bb7
acaba6b3b7b3a69ba2aab8b98eb6a0a3
96a099a3999da6a3a5a5a0a2a1a1a7aa
929191918e8e8e9496989a9e998ea48c
8f8a86718a949e9f8e7e89a8929d9893
96918e908ea19d8fa29d9e9c8c7d7a7b
887f8280858c94939496938e87aca396
8d91928c8b8d898e939da2a0947b8384
9da7acb2aa9f9c969892a19c9592908e
504e54534e4e5254565d5f717f888e9c
4a535349494c5253524e4f5556544f51
493e4747493d45494c4e53524d4c4a46
51494a494844413b454545483b424e4d
43414043443e3c41403e3f434647504f
8581676f6559544e42474a4e4b4b4c4a
4b4b4c4c4d495251575c677681818180
4959575f62615f5a5355545050494c4e
4f4c433f414a49494743464d6c774b44
4b4b4e4e4a4c5759514a4d516060575a
565e6c6e635d575752545752524b4447
4449464b4c4a4d4948575c5365625c55
4447484a45433f3f41413f41443d4647
3f393f4041414346494b4e4646424846
544e4d4b4d4d4a47423e3d3435323c40
413f434246444443423e414345474752
3f4042434a4b4f5852504d46423f4243
44443d3d39373b3e4244434545433e3f
41394745413d3e4447474744413b3d40
2a2d27353435393a3b3b3b3f393d4143
7276716a6b797e7a7775716e71485342
9aa49e9d98948d8c878d8596888a807d
b6b1cec5b9c1bac2c1b4b1b1adaba9a8
a8aaa7a6a39fa5a9b8a09f9caca8a3ac
b3b1aeafb3b9b0a8a6bbc5b9b5b0a9b3
b6a8a9b1b4a0afaaabaaa9a6a7afa8ac
8b8b8e99a79793969b9c9fa29998a693
a19391718da2a8a68d859785939a9790
8e8e9babbeb1b0acaaadb4a89688898f
82808d878c8d9a8898978888938aa199
97998d777f7e8b94acafa5a7928d918b
9f98adaca1a09896948e999c9a9a908f
4e4f49524f4d5353575e5f6a787d8b9a
474a494a4b4a4e5051525357574e504e
4343494b49424145454344534d4d4a4b
454544494a4848474847474e534f5048
43434545413d3e3d42414648484e464a
78736b645f59504e4a44404b4b454144
4e4d4f5150545d5d5c5b5d616d6b6f6f
51595f5f5b59585857594f4f4d4e524c
4a4743474a4b4c4c4a47494b4e505656
4a48495252545552524f50525b5d5150
666063716658534f51514e504b474843
4648494a484f5151535f5d5549475853
3e464347453d3e424543424746454448
3e383e3e3f41434444474d4747444646
5b4b4b4d4c4a48463d3e3b34333b3e3c
413d424245444547433d374345434e58
3e3e4142474a4e535c534e4845424443
3f3f393b41403e3b3b42423943413c3e
464b4747413a35363c4645423939363f
2d2f2d2e3335343937393c3a3a384443
7079786b6b7d7e7a7a79797c646a5e43
a4a2a9a8a69d928c8d8c8b93957e867e
9fc8cfc7b6b0bec2b8adaeacacaca4a6
a99e8f9394a0a7a9aeb2b4aaafaaa69f
b8adafb5afb0b0b1b4b5b3b2afaaafb1
b1b0acada1b5bbaeacada5a8abadadb1
9b98a3aba6b1bda3a1a2a6a9a19da19b
a2a29d9c97a0adaa988e9fa9a3a29c9f
9598a49d98a6b6b9b7b9beb6989e979f
9884847a85a2b9a8a89187849fa7a8a3
8d8f887c8184919cb6b6b8b2b6a79e8d
8aa49f9fa2a4a39799a6939b7d9f938f
534d4c4849525050565c5761657a8791
4b49494a4a4c45485152525657525955
464a4b3e4b4341404a4a434d4e4d4f4b
484742424c4a484849464a5242424b49
3f46403b3d3c40414643414a494a4a49
66605a5e5454514e4b514f4e44453c40
51505254545b655f625168777671556d
52595a5553535a525150444f4e515053
41444b4c464544454b49414d4c4f4a48
474e524b5c595555524c505554534e4a
6a6e7776625e534f4f51494b4c484849
474b484c555457545c5c57574a535856
394545494a3f44504645444648484c46
413f38373e3f44414148474443464542
524f4f4f4a4146424142423f41444240
3f474442454546454244464445475459
3d3e413b40474e5466544f4945404140
3834333c4340424344433c3a44423e3c
434847413e3b363f403d3d3e35383735
393b38373336383738373232393b3e3e
7973707170807f7b7b7e7672766a5a42
a4a8a89f9c9a94908f8f9094918e8482
92b4b8c9b5aeaeaeaea7aaa9a6a09fa1
bab6acb0a09ba9acb7b6bab7b0a9a3a4
aca9acb6b6b2a9a9a9b0afaeaaabc1b4
a8a7b1b0aba7abaab1afaaaeb8ada5aa
b0aeadb1b5a8aab4b4aaaaafaca7a0a2
a29da7a8adbabb9c8f9da2b2ab9fa9b7
9b9f9e9ab0b9bfbd9ca0aaa39ea3ab9f
a6958b7fa8b0afaaa7a0b1a1a29ea8a8
8c8c868e8790a0adb7b8aca9b0aaa09d
939faaacacaba9a6a2a69d6f87939696
524c4b5350545254535452514d787880
4a4a4b4c4f4d44464d51525354545b58
494d4e493e3e3b413f404b4e50505251
4c484b4a494b4848474445454443433f
3d3a41393b3e43424542454f494c4248
5755575655524f4b504f514a4a423e39
5a4f515355595c5a5461696e705f5551
58595a4c4b515452514e4c4c4d4e5456
444243444445484c4c4a4a4a4a495062
47474d565c58545451504e50554f4c4c
696e747460584d4d4c4d4d4d4c4a4849
45504e535757515b6360615c56616262
47454543504c4a4846444a4a4a4b4444
413f3a3e3f37423f4346444343414645
574e494c494442434445464549464643
3a3a3444474646434548483845455255
3c324042444a4e4b494644464441413c
3f4043444645444444403b353f3b3f3d
4648474742413f403d3e3e3d3c3a3d3d
353a3d3837373838383736333a3b3c41
817a76747c7f7b7b76777574784c453e
989d9f9a8d988f928c8e8e83908f8187
9e9ac0c8adaaaaa5aaa6a4a4a4a99ea0
ada9a8a7a7a29baeb2b6b3aeaaa0a4aa
aeaeb0b7b0aeaba9a8a4adaeb3b7b6b0
a6abaeafb0a8ada9afaeb2b0b0abaaa6
9ebab4b6b2a6a9a4a3aea8aaaeada6a4
adaeaeacafbbaead9e9caaadacacadad
98a0a29fc4c2bbab9c9ea1a3a29fafae
b3aa878aaaadac99b7c1c6c4bdbcaea9
8b9a959b8fa5a493909da19f9bb2b8b4
85ab99a394a99f93949e9b938da2a2b8
5050504e5352575752545a4f6d726f5d
504d4d4e504f46465152525555545550
43474542433e3c4646484e4f4b565854
4d4c484c4a4c4948423e44433d434641
3a3a393a3b4145463e41494c474b4a4e
4f494b5351514744424f4d45443d3d3d
5e685354585a595350566568725a5258
595a59515054535250514b4d4e51565a
47434445454549494c463d494a475d4f
4a4a4d4e4f5152514b4e5050534e4b4a
757574695c554a4c4b4b4b4849494a4b
4850515a574c4c5b6357615f545e6c73
4345484d4d4d4c46494c4d4d4c474748
40413d403f414243474746453e434146
564f514d44453e444648434447494645
3b383a474847433c464943434b535355
312e3940414b515658504747443c423d
414244444447484740483a383f3c3837
49444746404242413f3a383f3e3f3c38
2a3537313939383737313837373a3841
827e7976767f797b797873705e4a4e44
9a9c9a9995938e8a8c8c8a8487858285
a7a0b2c0a9a8a6a9a9a8a1a59d9b9090
a9a7a7a59c99a1abaeb2adaba6a0aaa3
adb7aeb5aeaeaaa4a9adacadb0afaead
a5aaa9a8aa98a5a6a8aeb2b4acafafb0
bfb5b7a999a5adb0aeaca6aca7a7a7a7
b1a7a8abafbcb9b2a1a4afb0c1bdb6b2
aba8b6c6c8c6bdafadb9b1adacb6b6b3
afaca5aaadaaababb0bab5b1b3bbabac
8c8ca9b89ca5b0ada5ada58183afb7b6
809e9aa096aba4a4a2a28e8d8cb19894
4e515352524e55535359575967707576
4b494847474846434143505050535052
4342404144454343495050514b555852
4d4a4b4b4d4c47424343434744494746
3b3b3a423a3d464645434b4c4b4b4c4d
4e4e494d4b4a453f474c524d4944403c
514d5a565b5a5552555d5d5d50494d53
40575c675a4d504d4c4d504d5053564e
4a484848484c4c4d4e4d4d4a49475d48
4b4a4c4e5052514b4a4d4e4f5250484d
706a6f5a5a52484b4b4a483c474a4d4d
4b4a50575654585d5c565554545b5e5d
48474b4c4f4f4946454851504a474849
4445413f414142444644474340414544
52535150453d404647484a4844464743
383f474a46464543484a4a4a5156555b
33343f3e414b4a5c5750494745404240
3c414744464c4a48423d3b34403c3737
46483f41444743423f3b3e3f3f3f4142
3a373637383b3b3730363638403b3d46
807c79757171707a7a75706f69525343
9a999492908f8d888b898885817d7882
a59eada8b8a9b1b8a7a4a39e969698a1
a5a5a6a79da0a9a8a2a79ba7a29e9fbe
a7a1a0a4a6afaa99a7a6aaacaeaea9a7
9ea1a7a3aaa9a6a4aaa8acacacaeaba7
a6aeaea5a0aab0aba7a8a8aba5aba4a8
a7aaaaadafb0aeafaab6b9b2b4c0b4aa
a8a9adb6b9bdb7a5b2bcb1b2aeaba9ac
aaa7afb5b6adadb1a9b1b3aeacadaaac
8ba2b1b085aab0aba8a09c8a7ba0adab
afa4948c8b9d8d9ca3948e8385838585
555258534d4c50565558565464666368
4a4b4d4d4c4a464641414e524c4e4f4b
453e4144464544444a514d4f5059574e
4d484744473f47413c3a3b3849494747
3f3e4341414547474641433e4b4c4d4d
494a4d4d4a46454146484b4c4c46423d
4d5455565b58524f5756544d48474c47
4e50544346474c4d4c4c515252525051
4c494a484b4e4d514f50494844484648
4b4b4d4d4d4b4c494644473e52514f4e
685d5a554d4b48464949494a4b4b4c4b
4b4b51524e5450535556545357575455
474445464a4c4b484a4e4e4d484a4a4b
48494645414445454748464444464443
524e4d45413c464646494a4b46494a46
384048484542444a4b4c484a48525752
3f414242414b476355544a46413e4441
3c423f44494c4a4741383634403b3f3e
4544433a384242424039363f3e414243
40373636393b3d3b3837383f3b454745
7d7b797473736e7776756c6e65565948
9997918d7a797d8988877f7d79767281
9cb6a49ca3a6a1b0a5a3a3a099989b9a
a0a9a3a5a3a0a0a2a1999d9b9b9da5a1
a3a2a1a9b0b1a59da7a1a5a6adb5adac
a6a6a7a0a3abaca9b0b0acb0adaaa4a5
a8a2a1a8abb5b2aba7a69599a5ada5ab
b3b3adbfafaea8b1b9bab5b4b0aeb3ad
a4aab2bcc8c0b0b3acaec1a9abafafb2
9b8f94bfa4a6aba9aaaaaeb1bbbfb5ac
8ba4b49c95bcaa9fa594978a7f979ea0
9f9e868097928596a497a58e84848789
5651564d4d515253574d4f5455555a53
484c484a4a454044444d4e514b49524f
423c3843424749484e514c4a4a58554e
4b4c4c413d4544403d4546484a4a4746
3e41453f4541413e4843413f4b4c4c4d
45444e4c4949474b4b4f4d514d48463f
524f57545656514d4a4f4c4c484c5041
4b4c494949484c4c474d515352525051
454247484d4b4d4d4f4b4b49483b4849
484b4c4d4c4c4c4c4b4e4d5152534f51
6459574e4c4d494845484a4e4f4c494b
4d4d515153575a5d56574f56544f5559
423d393b3b3a48494d4e4f4e53524e4b
3c3d4742384647404946434745474444
534d4a463e423b4142494249454b4743
3b41424647474a4c4e534d474c535c57
4142423c42454751585b4846413b3f41
3d3f41494d4a46444d454340403b4141
464543423c3e403f3b35363f42464743
3e34322b2c2e363a3d3e3d3b39414244
7c79797473736d6b71716f6c635d6351
96918f8d868788878283827e7a767c7d
979a9b9fa0a29baea99e9f97938b9695
a1a3a6a7a6a6a1a59f9698959da5ae98
a6a7a7adb3b4aea8aba8a8a6a7aaaba0
a8a5a499a3b0b4afbfc0b9b5a9aaa6a3
a7a5a1a7aeb6b3a7a59998a2abaaa4a9
b6b1b8b1a6a5a6acb7bab6b0afabaaa8
a3a2b2c9c5b9aeaeb0adb1aaaab2b3b4
a19da09e9fa2a4a2a6a4a6aac3c2ac9d
8e96b09998a0ab9fb0aa8b827d8baf92
78787269868a898c9495a28b848b8e83
5153524e4d5356525453545354535259
47464d4f4b43404142404f4f4d505453
3c444645454342494c464c4d4e514444
484c494647424441404b4b4a49434746
4244443f434443414844484a4c4c4c4c
3d40474b4a494850514f504644454c48
5355575454534e4d4d4d4c4b4e52433d
45444a4a494a4a49474d504f54565554
4444484a4a4c4f4b444a4b4a47434548
474c464c4a4a4e4f5053555359554f53
5956514e4c4e504a434d4f52514a4947
5452525b5d5d595957564f4d4e505256
3b393b3a38464c4f514e515046515654
4444463f424848454947464749464644
504b44444046414442443e4344463b3e
3f3f454247484c494b4f575a4c56675d
4042414443464746565447463e3a433f
4241464848484a4b4d4744433b364142
444643433836363937373a3f44474443
3f32312d2b30393d3f4147433e3d4145
7977726b7573706b686e666d69546d52
95918c8c86888786808584827c7c7b7c
a89f9d9c9d9ea4a69aa2969693939294
a1a1a5a3a89fa4a39b96919ea3a5a9a6
a6a8a8aaa9aba9a8a6a19fa4a1a5a79e
9f9fa7a2a9aaacb1b3b3b0aca5a5a7a6
989ba3a7b4b2aaa3968f9babaaaca5a2
b2b2abacab9f9ca6adafad9f98a1a49f
9a99bdbeafaeab9fa2a59c9ca8a9b7b4
ac999b9f9a9c9c9e9fa3a6a8a69b9d9e
8e919898979a9792b6b28a8b8e8883b6
5862696e7a8398919196978b878b888c
54545352535552595452525053545457
44454142464a47404a4b474c4c525252
4648474543444749484c4d4e4e4a4341
4a4c4746484543424d4d4a4943424841
46444746484a4948494241414c4c4c4c
434b4847464849455251434549504e47
5456585555505054504d464e53524441
4b4949484441413f424d4e4b51545454
4a504948464d4e4e4c4d49494d4d4b4b
48484f4c4c524f52515354535b565051
5152535049423f575a5753544a484b46
4f4e545f5a6360514b4c514d4c4e5253
393a3c43484b4d4e5050514c4a4a4b4f
4547434744423a47484a4a484840403d
464849474a4743433c424848403e3b42
44454747484a4b4d51555f665a55514c
3b41433d434546484b4a46433d3f4644
4545464b454a4c474d49413f36404040
4138423f3c3d3d3a383b4346444b4747
4033312f30383a3c3f40424440404546
697473787471706b6a6c73686862664b
9091888b888888868485837e7c7c7069
9d9d9a979594a4a496948f908e908682
a39fa29fa09b999c9c959ea2a09f969a
a7a6a9a6a0a6a6a7a6a3a2a0a1a29e9c
a2a6a5a5a3a3aaaeaaaaa9a6a39ea9a8
999aa6a6b1b69e9e9699a1a4a6a7a5a3
b0adaaa9a6aaa8a4a9aaa49da19fa09d
9a9ea2a8ada9a5a09d9a9b9ba1a7abab
9e90989996979a9d9c9fa4a29f9a8c99
9295a1879ca6a497b9b5a2a797898fa0
5762677076808a9597968e8b96908e90
5152505456555653534f4d4c51545357
4443424c51504a463e484e4a4a505153
4848484746494b4b4a4c4e4f4f4c4542
4c4a48474b494744524e4c48453c4247
40474a49494d504b4943454e4b4b4d4d
4649474446484a4855534f48474d4744
545654564f4c515c51544f52504b4343
4b4b4b48403e3a39484c4a4b49495357
4d4d4a484a4c4b4f4e4e4d4e4f4e4e4d
494c4e53535251525254545a5d585153
534f55524759595c5b5654514c534f4b
51556063685d645c5854514e4f4f5150
3a383b484c4c4c4d4e4c4d4a463c484b
484b4a4b4b454243493a48494b453b3f
443a3b46424842423c4747403f434247
414546484a484e4f4e4e554f5651544f
434542444547464d4e49473f3f453f44
4c464b4e4b4b4a484844413b41434143
3e363c3d38383938343e484c4f4a474a
2b342d2d2d31363d3f403c414344433f
6b77777973707171696a6e686b634d44
8b8a8886878988868582807e78756e6d
9c9b9a969190939492908f8f908c8c8c
9c9c9d9c9ea0979e989e9d94979c9898
a09e9d9e9996a4a6a3a2a29e9c9a9a98
a4a8a5a3a1a7a7a6a8a4a4a0a09fa6a0
989da3a5a5a59e9f9b9da2a7a5a2a5a2
aba7a8a9a7a69d9ca6a2999a989c9f9d
9c9fa6a5a49da1a3a1a2a1a4a7a6a7a5
93929e9a948f979d9b9c9fa09e9b9790
9a9f968d96897e8aababaaa89d8dabc1
545e617978888d94999298929392959a
4e4f4f5154575552514f504e5255585d
4344434346413c3c474c4b4b494f4b4d
4b4b494846494d4d4c4a464b524d4a45
4749454648474b4c504c4a4a4a464546
4b4b52504d4d4a47464248524f4e4f4c
4a494d4c4d4f494c5351504e4d4c484a
52535453494b51555d5155504b4b454d
4f4e4d4a3c3f43434b4b4d4d4a484d55
5c534a4b4a4b4c4b534e5052504d4e4f
474c4f51515654525458585d5c5b5453
514f56575c6166645f5855594f4d544c
656f727679715c555758554f504f514d
373839494d4644414547494747494e52
54544c4e483d4443424249434c453a3f
4a494a414047443842524e463e43434c
4745474a4d494e5254535454534c5b50
403f3f4747484d4b40403f403e434343
454444494e494b4a4041403b3b3d4241
3a37383a333e3b3a40423c4d4f4d3f49
403733292a2d38373c3d4041403c3e3e
7076687774676c6b7069686a6c675d46
8b8a8887818185868282787973696e70
9c9a979593918e8d8a8d98908f908a8b
9b9c8d9a9a9e9f9b9e96979390979696
9e9b9a9d978c81a8a19c9d9b8d8a8d93
a6a0a19f9f9f9b9fa0a09e9d9d9f9e9e
a1a2a5a5a29099989a9ba0a8a8a5a7a8
a5a6a8a6a49ea2a4a39e9b9297989b9c
a1a6a6a2a0a9a69f93a49ea0a4a6a5a8
8d9597969790969a9e9e9c9c999aa39f
a2a4a7a1a39ca39fa2a19a7f9985848d
565c64757d8a80879a9e9c959496919a
4f4d514f525354524e50515154555658
4846433d383c3b3c4c4c4a4946444c4b
434d4c4a4a4745434742414b4b4a4149
4c4b4b4b4a4b4f4e4e494b4c4c4a4748
4c4d50524d4d4b4946454b4d50504f4c
4f4a474d524e4a504f505150494a4a4c
55535250544f606358574d46474a484f
4f4e4d444041434a4b544f434b4a4e55
5a554f4b44454d4a52565a4f4d4a4b50
4e525151575c5c5b5e60626359595454
5049595f636a69666463625e5d5d5c54
707379848173645e5c59544d4e50524f
40413c3d44454445474b4d414e494e5d
4849504e47453a3d3c46464a413c3b44
4a45474140403a363b4a4f4d4f4d4142
494748444e51515255555354575c4b51
3f3d334a4c4e4a45433e404140454343
474647484a4a49453e413f3e3c434443
3a3740404040414246494c4e4d484247
4337342c2c3638373f3e4041413b3534
7277796d676c6c6d6d6a6e6d6a675d4f
85858480827e8784737c797b746d7172
999896938d8d8987969594938e8d9388
989393979897949793908f9294979797
9a9b97a089938fa2a09893969aa09398
a2a59d9d9f9da19e9c9d948f919d989c
a4a5aaa6a0999796959194a8a9abaaa8
a8a5a4a1a09f9e9d9a969184898d9a9e
a4a5a2928ca9a7a5a7a8a7a6a7a6a6a6
888d949394948c898b8b949896a0a2a3
a0a1979895a2a9a0a3a4a87b7b838e8d
555c61688490898f989192939594a19f
4d525250504d53534f54535454535656
3d4b47393a3b4041444a49484450514f
4e4e4f4d494a48473f454d4a3f41413f
4b4c4c4c4d4a504e4c4b444e4d4f4e4f
464a47494b4a484849504c4d4f4f4e48
5346454b4e4d4e504f51524d484d4b49
535351565763655c5f594b4c4a505051
4a424b484b50636c5652434342444a52
57514f4b4c4c4f505254534b4b494950
6164656a6869696562615c55575a555a
544e5a636a73726f6b6a6863635c595b
7873725e58776b66605a585251525253
4342464646424546454c4e4b50444364
43434f4e48483b3c3f4b514742383e41
494446453e3b4442424e555052433f3f
4647494851595a585056535351575048
39393e3f3f424c494a47434243484747
49474446444948444143404046454641
3c3d4141424347484b4d4e4d48404246
443736313332383b3f4140413a39373a
7476756b6e69646c6e6d6f6b65615f53
84837a77808785837e737e7874787d74
8a8b8988847e877f7d828590908d8888
9992928d919496968e8c8c9192949493
9d9d918a878e93a29e9790889192949a
989a979a99969b9b99948483929b9a99
a4a8a79697978d8c94a3a6a3a7a8a797
999a9897969d98979894878889879296
9a97928b8c8d8c8a858d8b888996a4a1
8c8b8d90968d91909498999995919699
a3a3a3a5a8a4acaaa5a5ada489888887
515f63737c96938686837e7c9397a1a4
50504e4d4e4b4e51514f4f5054525255
3f3d3a3c4040454449484a4a464f474c
504c4f4e4e4e4d4b4b4f524b44453d3f
4c464e4d4c4c4d4e4e4e504f4d555351
4947484b4d4c4040434d4e4f4b484c4d
4e4b4a51514e504f4f51524e4a474a4b
574e54565c5d60606459585855565452
4d4f4d4e4a4e4f444a45464844434a4f
54504f504f4e4e4e5056534a4c4d4c4c
686c6f70727479716f6d645459605659
545e68727273767f7571736e6c676164
6e75755f5d7e7268635b4c5654565450
46444340414645454441474d4e4b5263
4556554c464842403f4b4b4342383d42
4842404242404644494e514f52493f3f
48484b4c51595756544f504e484e4645
3e424148444042494c4b49493d494748
47454548473e4746423d3d3b45474743
363e3f403d494b4a4c4e484a3e3f3f48
4b393536352d3c3e434442433e373c3a
77756f666b6c6c6e706f655b6459565e
837a847f7d817676717c717174737170
8a82818387887f7c84868992939eac9e
837b767b8a9293948d898c929292908c
95928a817d838ca58d868784938c938d
a091868a848094949493919599999694
969f918a918a8a8d989da29fa2a3a1a5
9693919c92979392918e888686898e91
948f908f919b9892948e8b8794a19c93
868a9192978a898a8b8d969293909998
a4a39fa4a8abacae9ba4908b887b8b85
5868676893969288837b868597988b8f
524e4c4d4b464d5252504f5053535a56
433d3b3b3a383e424d4d4f4d4d444044
4e4c4d4b4e564f51524f4c48454c4644
4b4a484d4d4f4f4d4d4f4e4e4e4f514e
4b4a4a4d514f4145474c4f4f4e4c4e4e
4e504f4f50485151504d4c4c4b46484b
5454494b68615d574b585c5a5b59564e
4f504f4f4d4c4b4a4e4a4a4645444e54
575151575350505957525a4e4b3f4b4a
707469797b7f827d5e6a6c587c6a605f
5e6a797a7b787e808180807c7b727172
6b6e74787e7964595b594e4e4a494e53
3d4c52474544454440404f4e51545462
4d514a4c47413b40423f4541433b4137
49433f3d40464149494c504040414248
4b4b4a5151564f50514c504d4d464846
4141444745463f4c514a4a463c4a4a48
4745474846414248413c3b4140414542
3f3c3c3b3a39383a3c4d4b4945434148
4b3e3736322e2f42484344453e3e4140
78756a706d6f71756e716c66655b5457
908e8c8881858277807b727174717276
8984777f7c82828785888d8f90b1c7b2
8b8c8e979491949588888e9494948f8c
908c89738b9eb8a88a7e88949592958f
998a868b80938d878a94988c92929896
9793928c8e888f9b9492989b9d9b9fa1
9190999693928d91918f8d8b898b918c
919394949e9c968e919097999d98828a
8a8d939392918e8a87928f868c929893
99a49ba7a9a5a3a19a888c878986898a
57627d929c9097859a86787d8f948673
5454545146444e535151545853545457
3e3d3b3a393b3e4a4e4d504f4242464d
4c4b47464a4d4a4b504b484a4f4d4b45
4f4d4d4c4d4e51504c4e4d4e4e505050
4847464a535248454f5252514e4d524b
54545252524855534b4b494b474b4b4a
5753575d6f615f5f5a565a5b59585750
4f42454a4f4f53584c4a4a4d4d4e5358
59555a5b574f4a626052514f4e4d4f50
7c7586848485857c7d8582898f817271
6a808a87817d828284888881817a7b7b
617074767b6d6568615953514446555d
3f4f5d4948454640444a4e4f50535759
4f4d494945424241403a44433f404139
4a474345484a4a464d404b4e48494b4c
504f4e4e504f4f534c494e4a4948414b
3c41444b4a4845454b4c4a4949494947
4448484a4949474548444443423e4343
3d3a3e3d3a3636383c4443484a474847
2b28323335393940413d41443f3e4742
7f79777d7c7b78806f6f6c696656484a
a0a39b9595908f7c7f807f797289999f
908f8d908b898788888493999ebcc8bd
98968f8b968d938d8a8b909d9c969490
90918d8b9696979893888d86869ba4a0
92999b98898c91988281949ea1a39a91
949998908984959591878584949e9d93
8d8d9192938f88848d8c8a8c8b8c9095
8b8e9492938e8d8b8f959a889c91888b
8e8f8f8f90908d8985938e858b919590
96a09fa29fa39e8b7a7b86928384868c
5e6a7e86788c97888d726f73858a7685
52524f494c4b51535254565a53525558
4743413c3e43484b4b45474d45444850
514e4f4a43464646474548524e4d4d47
51514e4c505052524f4e4e4f50505351
47494f5450505050505152514f505252
5453534e443f514c4e484c4a484b4b46
55575663736c5c5d5a5c63625d615a57
3f3e4b4e48494c4e4a474a4f50515559
5f5e56554e5058615a6f7162544d4c4a
7e8177758597978b8c8286949c88797c
748182837b827f80818285867d828384
5372727e6e6a6564615a565748515e66
464a484b484749494a4d514d4f545d53
504c4445414344413c413f4245464542
4d4c45474a4c403d494d524b4c4d5050
51444d414a4b4d4946474f4a44464d4d
4347494a4b504e534b4b45454e4f4e50
44444a4b4a484743474b4945423e4544
3c383f373635353b3d44434a4d4a4a47
413f32313836312b3842413d3f394344
787a767e8282786c6a726e696d625243
a0aba8afacb6b5929fa19b948684aaa4
9e999ca09c98949383899794a1bac6bd
a59d958e989096918e8a8c95959e9c9c
918f8d92ac9d898c918c93999dabb0ac
b1b3ada48d969db39b9eb1beb3a88b8a
9a9b95878d8d8c8a887f7a798e958c80
91969491858387848489898d8c908b98
89878a8d95989898898e8e817a7d818a
8a8a8887868989888c8e858c8b8d8e89
aba9a39b91a6a0849a828d978b848487
586563636e86857f896b6e958e848c9a
514f414b4d4a52535455575950515256
453e3b3a444a4a4b4c4e4d494a4d444e
5253524d4c4e4e50474b4e4d4b4d4d4a
5454514f525153525251505253515751
4f4c4e4b515151504e54505351485154
484747454b4d445253504e494f4c4c4e
504a5563716b5855585158595a595750
43484d4e4a4b50524c4b3b4648535656
6566604d404460635b65645a49464645
918c84809296978b86848e91938b8080
81857f7e7f7f7a788c92928c8e8c8d8d
58615d5f5d5d525e525f56535b5b6673
46443c474b4b4b474b4e4c4f5a554c50
4a4542474444433d434142403d464846
4c4d4b4a484749515e545253584e4e4f
4c4c504e49434447484d4d46494b494c
47484c4a4c4e5254525252564d515350
434648494a48484c4d4c474842404847
4042413a36373c3d4446424447474844
433d3830352c2a2b3a40403e42404345
717c7c71938a897373746f7b6e645f52
b5b0b4b5b4afa1978a8c878c90969b9f
a29f9b9eacaea3a8a2a4acacaeb5bcbc
aaa3a3969899a49d8d94a0a0a5a9a3a4
8a8a8ccfad9c96969598b8aa9fb1b1b1
9695939195a59d8e8e8fa2b6aa817a77
898b8e8a8e8d8c8d9486868599908c8e
87828a898b877e7b747d84a5a399938a
9395948f8c94959687897c736f789093
87888784837f888e8e8a868d8f899295
a6a8a4a4a4ac9d927477a69e89877d83
53504c56887c797e8686818d937a8c9a
504f48504b5255544e4d4d524d524f53
48403f3b3e44484a4848474a49474f4e
4b3f4e4a414646454c4f4d40464a4d4b
4e535153525153545353545350535552
514b494f5052534d4e50504e4b464442
4646454c4e48434a514f4f4b4e504e50
534c5869756b52525659585453554f4d
494a4e4d4e4c4c4e4d484247484f5a54
625f4b412d3e565b48494e4b43464649
8687898c8f9896908d8c9191918b8488
83858787817e83829699989391959089
4c4c4e4d56575a5c5658516362607d7e
4846414a4c4b4a4b4c4d4e4f504b4b4c
41444a4541434040403e414042464849
4f4f46494a494c595b5b494c43404d49
4c4f54564a424446454c4b48494a484b
43464c4d504f56594e5b504f4d4a544f
46474c4f4a4141454745454444424146
4539373d3f424244403e363a3b434646
43323a34363b3b4041443d3c43484844
7f83837a6d8c837b7a757e858a745644
bfc0afbfcbbcafa4998d8b8f9996a091
a4a3a7aeaea9a39eadb4b5b5b3b8bfba
a6bbbbb6a5a2a0a4a7a3aca9a9b2acaa
948d8c94e3bfa4a3a5c4d6bfb0bab1a4
9f9791929fa98c9d8cafb7b38f878387
968fa194898e8f91998d7e9e919999a6
9d979f999da2a7a6a3adb5b9b19e8a93
a7a7a6a18f8b867d988c868386889c9f
818888867f8781a28491908f898ea0a4
8f999ea0948689998c7f88867d7f7e81
5d5e5b6387826b818b868c848b8a8a92
52514f4f4b4b4f4845464b4642474054
46473f3a3d3d4344474a4948484b5352
4b44494d4c484a464b514e3d47464746
50525149494847434343414145485552
544049525455575553564f504d474343
48484452514647484e4d4e4751535153
5253555a5d584a4d5558575554524c4f
494b4d4a474b4e4e4946444b4d575857
665e51535153534f4c4b4c4843434749
82838794999b9d9e9f9a9c9292938f8f
7b80707e898f93979697969b9b968681
4c474f4f53565755515b626970717476
4c493f4a4a4b4a4844494d4e504f504d
484b4a4545424142403d42454846494b
4e4a504d51565b645c4c464a4b404a49
525a58575048494a4b4f4b414848464b
464948525752534d5a5950524f4f524f
46484c4c4b3f41434645464448444847
3c3734383b43413f3d3d393d3e444847
403c36302f2a2e2c3d403f3f47474243
85908d89988e8e8b847f81775b61472d
bec0c2c6c7c4baa79f9c95949ca3a291
b3b0b0b3b3aca6b0c4c8b0babdbdbcb6
b0afbbbaa8b4b6b3b6bcc2c4b9b6b7b6
b18e8d94a5b0b3b8b9d4d3d3cdc7bcb1
b69f95919fbcafa1b9beb6a19bbbccb3
8caeb69f837f91919b9a8eaba8a1aebb
b1b5999bbfc1c1c5b3b7bab9b3a9a8ac
b6b9b4b89a9189878d8d8b999f9798a2
85888682848586838c89918d8b8dabba
92999da2a08e8b9a969187836c79807d
496061687f7b6c8c9599a19288799d8d
51534f4e4f4e4a4545474646443e4045
45484541413e43444b4d4b4a46525555
4c4946464a4948474746404149474948
464e4c4b49484642464342434546524a
4741435254585b5e5a564a49534b4747
494846474f4b4b4c4e50505051504846
4b4c4c49484a484b575a544b4c4d4f4e
3a43474946464a4c4f4b4a464a53524b
61644c40516358524f4e4a464445483e
8488949da18398959fa19c95969b969b
7a6b748190979b969a9c9da5a6948184
4b4950505052495353615d6f73737378
463f43534a4b46444449435151514f4b
4947454645434140403d3f47484a4f49
4c4d4d545b6064634c4b474b403e4448
535957514b48454547483e4b4746454a
4a4b5353585956544d5a53514d535352
4e4747434a4947484c535c4948474849
383334353333363239363a4444525957
313029282f2a2c3331383e4144444038
959597979a98989288786268655c543f
c6c2b3c1b4b6b1a8a39da0a8a6ada99b
b6b7c2c0bec1c5bdbab3c7bedfdeb7af
b8b8b8b9b7b7bec1c8cac9c5b5b5b6b7
a1bebbd9d6ced4d2d0d0d3d8c9c1c1ba
c1aba9aec9b8909da3aab3bf99cbbfa5
8bc0b6a99fada9aaa8a898c9cec4b8c2
a8abb8d5e8e6dfa4c2afb4b8b6abadb3
bcbea998a2938c8a7d8792a3aca4acad
8286848e7c82839a9a9aa49d8ea1c4c5
9298a1a19ea494939b93867f6d767f7f
515656726c7d7597a8a3a39180859d95
514d474c514d47464546484745454747
494b4942424649494c4c4d484f515755
544e474a454c524d4c4c4b4a4b4a4741
514d4e4a4a4a4847484545474747474a
46495055545856625f584f4a554a4d4c
4c4d4e51524f504f4f51525555504b4b
464a47444948484a4e524645454a4c4b
46494946494a4c4d4c48454444524c48
57534f665859505451514f493d3a4946
8e98a5a8a49ca4a2a3a29e959a9d9b9f
757c8683839b978f90918e9293989292
4c4c4b4d4e4f5254565c5e6775747b79
4143454b494646464a4a4b50514f4e4c
4741474643414044413f3d48494c4f45
4d4c50555e676460523f4b4943474444
55595751504c464248493f494d4b4b49
4c4b4a52575f5a5942554e5250505452
594a47454a4c47484c5f68485149474a
3736343433333133413b3337375b6f6e
382f2e3330312f303c383f4343423d3a
a6a0a09ca0a2a49d8f8a82708670654c
d6d6cac4b3b2b0aec0b9b2b2a9a8a6ad
b2bdc6d1c4cfcec1b9beb9b9d0cbbdbd
bec3c4bcbcbabbc6cec5c5c3b7b3b8b0
b4c0cbd1d3d0d7d2c8c9d0c7c2b9a0bf
b0aeba98b6cdc4aaafbec1cf7ac7b8a8
bdbf9eafb3b9c4cacfc7d2d7d6d2c4b4
b7d4e5eaeaebe8da93bbbbb3b3afa7c5
a2a19aa39d9a9ba49f9aa3b2c1bbbdb7
828b8f92998a737fb3b4b4a0a3c0bb9c
8e9a9ea3b7ab9c8f9f968684737e7d84
5f545e76728f9889b398a582929e8e9c
4c4e5151434f52525151525048475053
4a423f3d49404c494c504e4c4f515147
544d4f4a4e4a4f4e4d4e494d4a4a4b4b
4f4f4d4a46494847494947474a4f5053
555654575b5b555c5656555451504e51
52515050504e4f515051535657514a53
474d4b47443d3b3b3f4241414e514f50
4a4c4d4d5050505052454247494d4a49
4c4f4b555452515050505149453a494a
979c949393a49e9b999a9c999d9fa0a6
8085838894959498949899979c9e9a97
46484b4e4e4f5450475563708a83777d
4f4a4d4b47454145464e4f5152514c48
47474741474241424245444844445956
3f4a53585e666459505d554e4749483a
5150504e4f4a4a464847493b45445048
4b4e4f52545958575d594f5553535456
604f4642424446474c47494a4b474749
34393d3d3c3b3c3f423a35373e427b75
43303733303634393d3b3e4244454338
a0a4afaba2a1a49b9b988a7f77816b67
b3bcbac0c6b0b0b5b5b0a7a1969ca4a6
c0cececec4c1b3c7aeb2b0b1afb1b2aa
c6bbc3b8bfc5d3dbd5d8d2c4b4c8cdb6
b1b5bec4c9cccabbc0c3c1bcbcbcc1c4
bab9bebeb3afc4b5aab7b0b3b2a8b5bd
c1ccc0cbb5b6b8bcbcb6a1a4c1babfbb
c9c6cbe2e6e8e7d8cfc7c0b2b3b7adc3
9caab9c2bfb2aeb4b9becac6d1bfc6cc
90b4bbbfba9e7784c8bab8b09493949a
9b9e9ea3b1a4a19ea58e8274758aae9a
595f6e7e9d96949b9e9a9b979690a39c
4c4d5150505353544d4a555753575357
474b403f4551525350504e4f4e524e4a
544a4a4f534d4e4e51504f454e4e4d4c
5250504f4b4849464b51515355545354
4c4a5656575959504e4a504f515b5254
51515151524f4e4e495051555f4d4c4c
4240413d3f40413f3e434b4d58525051
4a494b474649514c4c4742464b4f4c4e
4a505456545352524f4f4e4b44453c45
9d9f989396aaa0a1a3a3a0a3a3a29ea0
9591858e9b9995999d9d9a9a9d9ba19a
4b4a4c4f50525342474b6b748e96939e
564e53514b4743474a5050524d4d4f4e
4a4847434644434542474b48444b4d4d
3f434f565e5f5d504e575c4c47464843
514f50514f4c4b4a4b4c4b49414a4340
49474d51536158595851535553535454
64544542434043484448484744454848
353c3d4240413f40443b363644487076
55453734303337393b3d3d4344474338
a7aaaeaba29e9b9294938e86908b6a7a
989391a4acaeafae9b9a9f9f9496b1a7
bcd6d9d9c5bfb49e9ca1adacadaca7a3
b1afbbcfdbdee1dec2d0a7a5cdd8d5b3
b0bbbbbec1beaca7cfd4dbe2e2dcc3b7
a4a3a69eadb4bdb8c1bbb1afb3b1b7b3
c2bcbab6bac2c2c3cfc7bbbfbcb7b3ab
abaabdc7cdd1cfcbc2bdb2aca8aab7be
b8b8c2c8b4c2bac9b5d5dfc3b5b5bbbc
a9b5aca69c908196a9c8b4b9b1a8acb2
a19fa19d9ca3a5a5ae9e91777797aca8
59647480799ca3a7aab0b09d98a4a0a0
514c4f515254545344505e6162606263
4f505a615b5652534f5150505153524f
514e4e5152524f4d51504e4f4e4f4f4e
53535252515253555654545454535252
4d515657595859584a4f595152635855
5252525253504e4c485150565a585652
494848463e3d444241464c4e534e5252
46474b47494f50414f4d474b4b525050
4f545756575754504b494b4b4a473e40
98a79b94968ca9a7a3a1a7a8a6a4a19e
9a89888c9095949aa6a29f9e9998a194
4f4b4c4d4b4f565d5b5d6e7b8c99a3a2
4e4e514e42484d4a4d4d515656565450
4d4c4840474642454949494948494c4c
3c3f4e4f4b4b5f807a5f5f4d4e484344
5352524f4f4e4a494a4e514e3e38403d
494b4e504d4d52585754545455565755
5d5b4d47424b4c4b4b4a474445464848
3d3a3e3c3e403a3f443d3e42456f6f6b
5a3e3a3433343737363d40444a49443c
a6a6a6a6a19c998a9692918a86887270
a399a3a7acacaaab978992a59ea9a79e
badddedec5ba9ba3a7a3a5a2a8a9a7a7
bab2bbb0b0d6c7bebab8b2b4aecfb5b5
babfc0b7b3aaadc3c9cfe1e3e2d9b3a8
a2a7ada19db5b9babbbec0c0c7c1bab9
aeb1babcbfcbafb0b2b3b1b1b1b1b5b3
aeb0b6b8b8bdb5a7c2cab3a39fadadaa
bec0c7c1b6adb9c9d7dddfddb2b2b5b0
b1a2a5aeb2aea3a8bab0b5bcb9b7c0bd
a099a3a0a3a4a5b2b29f9373b38e90a4
5b6b798088969a96b2b7b29e9caaa0a0
53525251505153524d55615f5f486a6a
51556069655c56504f5251505353524e
50515151534e3f4d514f4d4c4e4f5252
57575452515152535154545453535251
5256555457585a5b5c5d5c57534f5755
535252525452515353535456585b5955
4d4d4c4c4a49474544414d4f4f4d494e
47474b4c50514f464552515452555045
52565554584f53474c4f4e4c4c494439
9fa4a2a5a7a4a3a4abaaa2a9a9a4a5a0
95898a8b8f94939da49b96989e9f9d9d
4e4b474a494a4f5a5863718a9290969b
4c494b44444a4d5054585a5b5b5c5854
4c4c46474643494a48484a4e464d4349
4141494f4f4f4d4e675b57494843434a
5452524959544e4a4b4c504445444243
494a5951524f4b5956525251535c5955
5f524942464f4a4b4b4847484d394846
3e3e3c3d3d3741423f434141445c5d64
524637363432323238413f4348484740
a7a5a4a39f938f979595938983786a5e
a6a4a6a8a6aaa7a8a69daba3a3a3a29f
b1d7c7bfafb3afa6a29fa7aaaaa8a4a7
aaafb0b5babdb9b8b5b6b4b7b0b6a8a5
b5afadacafb2b1b1aeadc7cbdcd0b4b8
a1a0a1a6a2a4abb0b2b1b0bfabacb3b1
b1b5b9b5bdc6c6c0a0959eabaaa7ab9f
9aa5abb2b1ada0abb9baa8a2a8a9a8a9
bfb8b3b5b7b8bbbbc5cfbeaeafaeb1aa
9ea4b3a9b2b9b8c8c7aeadb1b6bbaec9
a0afa8a08b98a4c4acbd9e91ab8f959f
63676a6d788a878c96a29b8f98a5a49c
5455504c534a57565358615c59576a5a
43495f605b574f484c4d4d5052555346
5055535154544f4f54504e4e4f4d5153
5353525253524a515355545453535151
525654575757585a5a5c5a565250584e
4f52524d484b4e57525653505a595a58
4f4d4c4e4c484847473e404b4a4c5052
484654504a4d4f565a57555a5b5a4d4d
515353565456534f4f504d4943514841
a0a4a9a9a7a8a5adb0aca1a7a9a59c9d
989695919393979aa09c9a9da1a197a2
4f4948494c484b575a64878e9291988f
4b4a4a484b464b525a5e534f5d5e594e
4e4c4b4b444643484b4a4b4a4d44484c
44434a5151524d5c59554c4a49484a43
4950504955524e4b4b464a4c4e4f4846
4b564d54544c514e4c4b4e4d4a565746
4b484d4a424d524d4d484445453c4846
403d403f403e3f363744454543596962
554a3c343530332e3a3e3e4547474744
a1a6a4a19b989698949792877d6e615c
aaaaaaa2a9aaaaa6a5a3a4a49e97a0a3
bcbebab7b1aeadaaa3a2a2aaa9a2a0a6
a8abb0b1b3bfb5b5b6b6b4b3b1aeaaa5
adb5aeb1b3b1aeadafaeadb7b2b3b1b3
a4a6aaa5a7abbcaaaaaaaaaeb0b0b0ae
a7afb5bdcccbc9c8b49d9ca9b3b0a6a7
a5a0a8adabaaa9aca8a8a7a9a9a5a7a7
bfbcb7b5b3b1b0a6a5bfc9c9cfc5b5ac
9eafa79ba2afb7c2b2a8a7a7b4b9aed8
a8a6a3938fa2a2ada18f9b9472b18d95
6e726a68808a868c868f8a8f959ca59d
55524f50535557535857525f5e66686b
45484a5758534d43494e4d5051554f4d
4b5146454e505254524f4950514d4d52
53525252514b494f5156545451515251
57575354555455575857575353534d52
52524e4b4a4f4e4e5355544f59585d58
554b4f534e49474646454b48444c5052
4b50564f4c4e555b60525a656a685557
53535252504b5352514d4948504f4a4d
a1a4afadaaaaa5b0ada9a59ea8a2999a
929da6949e979b9fa197989ca2a2a1a3
4e4d4d4e4e4a414a5a6671909393978e
414a494b4c4b4a4c555e626563605a54
4c4c4c4a4947444648494a4b4942433f
484b504d4b57554541504e4b4c4b4745
52514f4e5255494f514d3e3d444a4948
4d52595154484d4e4e4a4b4a4f534e4e
4c4756555653504a4549454241413f42
4444414343414341434746434045635f
494143303432352a3b36414642454846
9f9d9d9b9c9a8e93928e9380716a6171
a4a4a4aaa9ab9b9896a3a29f9d9ea2a0
aca9ababaaab9a9aa3a2a5a6a4a1a1a2
adadafb0adaeb2b2b1b1a5a8a9aeaaae
acaaaeaaaaabaaacadacacabababaeac
a8a8a9a5adb0b2b4b3acacaeadaeadab
a5abb6b0c4c6cbc1a09aa3a5a09baaa9
a5a8acadadb9baa3aba6a5a9a8a7aaa6
aeacafaeaaa7a6a6a6abb5bcc0b8b0aa
9ba8b3acadb6c6cebcb1a5a1bfb1b0b1
a2999b9b9bb3c4a9a894a4acaa9293b2
7471696f919c8e87838184838f939295
535052514f4848495b5c6369777b6c74
5154525654524f504f50514952524a51
4f515040515255535250504e4d4e4d51
4f53504e4d4e444f5553535353515250
5758555556555556505455555455504f
5251525152524f4d4f4847535a5d5557
565156524d474b4849494a4a46484d4f
4e4f504e4e51565c5d5e65746360615b
5454524c4f544e4c4c4a4d474a45414a
a7a8aeaea9aaa8abaaa6a2a1a39f9897
9296a2999c9ca0a3a39ea3a4a4a5a4a5
4e4a464b4e474f4856606b7c878b9493
4e4c4f534f4d4c5561626270655e5b53
434b4f4a48474c494748484c47484646
484d4d484a4c4746494f4e4e4d504d4a
545450515047454f4f4a4243424a4a46
474a4c5451514f4a454b4d4f54565655
615f59594f494742424345453f3f3e43
464546464848484546434345474d616a
5848392f332e3136393c3e4142464545
9e9c93929997968f9091887e77757059
a6a6a7a7a9a8a196959691959c99a19e
a9a7a4a7a7a09996919ea2a4a4a2a4a5
acacaeafabacacacadacaaa9a2a7acab
a1a4a5a3a7a7a7a5acaaababadaaabaa
a8a7a7a8adafacacb0a9a9abacacaaa9
ad9d9fb1afb4b4b1a6a4a49fa29fa7aa
a6a9a9a7a4a5a4a09e9ca7a8a8a9a4a9
a6a6aaacaba9a8a7a7a9b0b6bfc0bba7
b9b1b8bab8b7cbc1aa9f95b4baaca2a5
a598999fa8a8aca3959a9a8fa0988cac
757774799699888685827d7b89818b9c
5253545350535756585d6d6764667a77
515155565352525254565d6554565151
52514e4e4c515455524f4e4c4d4e4c52
5a57524d49474e515252515253525451
5759585a5655555553544f5254564c48
525152555655514d46484f5658595757
5a5554534d4a43494a4a4b4d494c4f4e
4e4d4f4e4f51565a5e646b786d5e5c57
525052535454534e4b47524943464b4e
a7a9a9aca6a8a8a7a4aba7a6a59b9696
a19e9499a29fa09ca2a49aa6a4a3a5a5
51484e52534f4a504e4b5d747e85969d
50445053525052595763626c63625b55
4743453f3a42403d464546434a4d474a
4c4347424d504849504f4d4e51534e4e
514f515355524c4d534b4b484c4c4b47
484a4c524f4e4740364a4f514e50464a
4d4e5650464045454849443e3b3e3f42
474749494a464444444243454345504d
59473e32322d30303a3c3c3f42474545
988c889296959492918e8f8a8d89725e
a1a6a5a1a2aba89f95988c9595939a9c
a6a5a3a3a7a5a2a5a8a5a8a6a4a2a5a5
abafaeaba8a9ababacaaa9a9aba9adaa
a0a6a6a5a8a8a8a7aaacaaacaba7a9aa
a6a5a5a8acaeadadaeaba8abadaba7a5
a8a2a09a9ea29e9ca2a2a4a5a69ba1a4
a8a8a9a7a5a6a1a0a3a5a9a0a8a9aaa8
9f9ea0a4a7a9a8a8a9aaaeafcfd1cba7
96ae9fa292b7b7a9a19a9b9c99aca7a3
9c969f89a6bda0ac95b5a6a896988d90
72717971939387827f777d7f8082888d
51484443525354545c606d615e7c7875
5554544f514f52534b555e6151535153
54524a44475453555555524f4b4c5255
4a5652514c525351504b4d5654515354
55595959545655565554514b4b47484a
535257585555544e4e4a525554575456
5653534a514e4c4e4e4e4a4e4d505252
4e5053534f504f5862676765605f5a52
515254545857534947444d44474b4f4d
a5a4a8acaaa8a8a5a8acaba5a09e9697
9c9d9c9ca09f9da1a59da2a09da6aba4
4f515453524b505a61616f7073819196
5150555555545555586560655f535857
433d41403d3d39494e4d4844484d4d4f
4d4648474b4c4a4c4c4b4f4e55544d4b
51515a6361636167675b504d484c4e49
464f504f49474846494c4f504f454a4f
5053524e4949464645483d3a3b3b3738
45464a4d48484544453d404044454b47
5250372d2d272628262f383b3e454547
8d929497968f9193918e7b7089877561
a5a2a3a69d9798a3988c8b9d95939893
a7a19ea6a9a8a8abafb3b0a7a5a29fa4
aaaaadaba3a6a8a7a5a19baca9aaada8
9fa5a5a4a6aaaaabaaa7a9a9aaaaaaa4
a5a5a5a6a8a9a9aaaba9ababaaa7a19f
a7a5a19ea4a5a3a3a3a3a19c9e9e9ca2
a3a2a4a5a19d9b9f9ca09ea4a3a9acab
9e9c9fa1a1a39fa09fa9abaaada3a0a3
9294989594a6bca7a19e9ea3a7a9a4a0
9d948da6ab9c9f98b7baa293908f948e
776b78868380827c787e7d79797d8698
504c4752525352584f4f4d5a727c817b
5756524f504d514b52534d4f514f5051
42403c414b5758554f5653524b505559
4a4b524f49535352504e4f5655494646
535353534e52505057545353524d4a4a
4a4c4c4d55544e505149525856565554
5454554f504e4f4b4d5052504f525050
4f4f4f525352526a696a6e6f6b585857
5153585b5e6056514e4945435252504f
a5a4a8a9a6a8a9adabadaca6a2a09898
95959a9ea2a1a3a4a2a4a7a1a1a7acac
4f47484d4d4e5b6c6d6d6c98a19b8a8f
4e5045565a575960696b68635a535f55
4448443e3f3b3e4b4e4f4a4b50515157
4f4c494b48494949494a4c54534d4c46
53545456535c65655753514d4e4f514e
4b4f524d49484547494b4f4f484a4a4a
403f474f4a49484645413e3a3537383a
45484b4d4c4944464745464444454b48
534b372e2b2725282833383b42434445
8f8b9695908f9091938d8477815e7562
9f9fa2a2a19e99999589898d90949594
a1949ca5a8a8a8a6a7a6a5a89e989ca1
a9a8a3a4a1a1a7a8a6a1a9aab0b0aba7
9fa2a3a4a6a7a7a8a8a09899989ba5a9
919a9ea5a5a4a3969d9f99a59e9fa09e
a8a4a0a2a8a6a5a3a0989995969b9a99
9e9fa2a2a1a1a09e99a0a4a4a3a8afad
9aa29b9e9d9e9da1a3a39c9f9e9e9ea0
939b9a9698a5b0a097a09ea39b9a9a97
8c8c91a2a79ba2b3b0b29b8c8f8d9590
7066797c7c787476827d77747a7e8589
54514b5351515552494e5c5b837c7b74
5257534f4e51505152504c4f52514e52
4448454d515253514f52545250535553
504f4e4c4f5054525355565750474a47
505458535153524d53525254554e484a
504f4e4f53544d545857595756565153
54504e5052504d48494a4645494f504f
504f4f514e57676e706c66655d5c5857
5e656b6f798161575651494754534e51
a5a8a7a5a7a7a8b1abadacaba8a19a9b
9c9aa0a2a6aaaba4a1a3a6a3a3a5a9aa
5758574e5e5c6e7977777673aca7929f
4c5353556364605f61666c6867545e5b
444c47454546424a514e4d505259594e
51505051504b474a454646474e434247
535654514a51595954463d494d4f5051
454d4d4a454948474b4a494245494c4f
3e3c3e4c4a4847454644453f37383a3c
4647484a434445444749464544424042
563e302b292726313232364041424246
908f9595878d8a848788857f756b6d62
a09fa0a19c99918c8e868e9192918e8c
989ea2a1a1a4a7a6a4a7a6a49d999fa0
a9a9a7a7aaa9a899a69fa8a8b0afaaa4
9b9a9aa5a6a5a3a3a69f9797979ca1a9
9998a4a5a5a4a19e9f9e9f9b989b9e98
a7a4a1a3a7a5a3a09088969694989a98
9f9a939da09e9c9d97a5a3a4a7a6a5a7
9899969b9c9b9fa3a09d9e9c9d9ca2a2
95989594939a9c8c91959a999a9d9a98
858899878d8f95b3b19a8c8c90898e93
7762747e7d7061718372736d64656d74
525555535150514d55586482796b8786
52505552504e51504e4e4d4e54535254
4646494e52504b4b4e53555755575652
504e4e4d5251555657565655504b4a49
535d5b565752515150515254514f4d48
4f4c4d515452525557545b5656544b4d
52524b4b4b4e48454945433d454c4b47
515353535a626b6f6f6a636459575658
5d5a6e7c69645d62594c504a53535050
a9a8a4a6a6a0abacacacacaaa9a09a9a
a1a7a5a6a6aaa3a2a79fa4a5a2a9aba6
62615b606c757c85848576898f8c909b
4a55545c62615164656d6b7368575a5e
494e4c484e4f514d49575d55525e5a47
4c4c4b4a4a484344484b4c474443474a
4e4d525054534c55574f4d4f4a4f4a48
4c4d4d4e4c4d49474e4f4d46454a4a4f
4043454b49474243454549483d3d3c39
484a4a4848464845473a373737373a3e
59412c29282827292d343b3b41424443
838b929288928f8584838b81726d6762
999d9e9c99968e8a8a8d8d8b8f8e8f82
9a9ba19ea2a2a2a3a7a9959597989899
a4a5a5a4a49c99928fa4a7a7aaa8a59f
999596a4a4a6a2a1a79d999ca19ea2a5
9c9ea09ea39c9ca1a1a09fa2a3a09c9b
a2999ea39ea1a1a09f9d9b9a95989a9a
9a9c9fa0a09c9e9d9ea0a4a4a6a4a4a5
9497989b9a9b9e9fa09d9e9d9c9d9698
909195959395938f939999929b9c9698
5b6a757d7e978fada78e8d998c8d7274
72697e7e7773878b837572696162635e
4a4e4b4e4f56565658555e6e6c6c8c7f
4d575a5051524c4a4743435053535356
4c4c53544d504c4b504e535557585652
5553524f4d515256555657554e51524d
5a5b5c56554c4e52494e53504d4a4753
46454d50525253545453565752514f50
545048464a4a4844414241403a444945
5353535561676d6d6f6567554f555a56
637176796b65585f5b4e525453545352
a9a1a0a5a8a8abadadacabaaa8a19a99
8ca8a8a7a5a3a19d9ea0a09ca6a5a7a5
6b6c6b75868ea19b8771819596969b92
515154676b6a666b74716b6b635e676c
494b504c4450555b5e63686562625750
4c4c4b49514e4b464d51504b46424b4a
4e4e4d5154504d4747514d4c5350514d
4d4c52504b4a4e4f504f4a4f504d4a4f
45474748474645444547484345413e3e
49494c4d4a4a47423d3d393936373b3f
5b4e43312c2a3533312a293040404144
8c8e908c8f9896918d828883756e6976
98999597918b908b89878b898e959192
93969c9c9ea1a1a39e989898958f9693
a7a08c9694929a918ea0a0a5a6aaa894
92999894929f9c97a39e9d9d9a9fa0a0
9c9c9b989e9a9d9c9c9e9e9fa0a09994
979e9e9e9e9c9e9f9e9e9e9997959a9b
9c9e9c9b9e9c9ea39e9ca1a4a19f9f9a
989898959a9b9fa2a2a0a0a19d9b969d
8e91919494949697979a969297979697
68646b768a9696977f757f828d858080
72766f6873839a96877d7a736b65706f
515b5e56504f5857514e4e535e787768
50594f575255504b494443515455554f
4b4f554e4e4e4d525154545554575b57
515351515152525a55534b494f515449
54575852544f4e514f50474d504c4946
45475054535251535557555552535150
575652514a4e494e4c49414242474744
544e4d5c605560716760565150535a59
6b7b73726f6e5e606159585a53557071
a7a5aab7b9b7bdb7a6aca9a1a6a39c97
a3989ea0a49ea2a1a0a1a1a1a4a8a7a7
6c67818d8d8e9d988f9ba5a39d9d9da1
6165646973766a7784796e65646d7b7d
4e4c54534e575c606a5b5f7168645e5e
4d4d485354514d4d504f4e4f4b4b4e4a
4b565654554f4c4c4d4a474a4b535556
4d4f5052504c565754494f52524e4b4a
434147464545454544363b4549484746
42444745494a463f3d3d3836383f4144
6c45433930283532302b292c3b3e3f43
879a8d91919b8f908c847f7c7672727a
9697958d89928e8f8393948e99929e8f
999c9e9b9f9d9b99999b9d9d9a949593
9c959797909298969099979a9ca1a08b
96989c9a9b929da2a0a09b97999a9b99
9b9a9499999c999e9a9d9e9e9f9c9997
939a9b9b9b9795989a9c9c989796979c
9c9ea09e9d9b9e9e9b9ca0a09f9d9293
9995909093989092948d909492949597
7b7e908f919191959396959093949495
746e657775888f715963747c7b838684
67646665758a9a988d827379756d7276
5560684c5153585857504b5c636d746d
564e57525553514e4b4952504c545655
4954504c4f4c4e4e505055544f5a5a57
4f5151505553524f534c4c474d524e4d
515352515251515152504e4e544c4845
4e4e525454544e4f575655544953504b
535556574a4f4c4d4746444248404c4c
52504d535a5f6b6e605852514f515455
7571757378877c6d66614c4e49546d69
a4b1bbc7c2b9b7b2aca9a8aba6a39f9b
9e98a0a1a5a298a4a09f9f9f9d9492a7
7c81858387898092919b879c8c9b979b
5561696a6e77838f857f7169777a867c
5456524e545555666c60705e5b57756e
5956515852524b4f50514f4e4e505353
4c5a5855534d4c4d4c4a47494b545b60
5151514b4e5558505257565554514e4d
414044454545464645393b4b4a4f5354
4747414c4c4a403f3e39344041414340
664b4443352b2f302f2c2c2d3e3f3e43
99909e9ea49e87748c8a8d80796e6e76
968f94908e8e8c8692988c90a9a19c9d
a0979c979b9999969495989a9b979590
9999a09a99999697939f9f9b98958f9e
979999999b9c9c9e9c9e9b9596909898
989294959a99939199999b9e9b989198
95989b99979495959695999795979998
949e9b9a989c9d9d9b9d9e9d9c999792
9a96929391908e929490929495988c92
7b7e969092969092969a8d8e91919395
7569686f54508a6e615d6769767e827c
67675b636b7e988e7e7f747a75707377
585f60555353555653515e5e6e715660
514d5152545553555053544c56555656
4746514e4d4f52505355585859595558
5052505056534d4e4a4a4a4754515048
54545450514f5252535251504f4e4a4e
4e4e4f555553525055544f4d484b4a51
56505453524d4f4f4d494a484548504f
5e53454e545b65625951535152505050
66626b788a9379766764595a615d6a69
b3b8c4c6bfbcb9afaba9aba7a8a7a4a5
999a98a0a7a29ea4a2a5a99f978a9aa4
778284808b8a8f8b8998a3a0a2a0989b
6b6d7177787b8785627179747b6f766f
5a5e5f5a61686a74806573645c5e8470
5b5553545051515050504e4951555a5b
53535757504b4a494846484a464d4d5e
53524e484f565755525d575754515150
40433f414141424345474d4d4f535e58
474b4d4c4c4142414743444344424140
57473a36302b2f30302c2c373f423f41
9196a7b2ae9a8389808a839a8d705d53
958c988a8f9195949d9a9990b3aaa38d
9f95949ab18c8b98979697989798979d
9d9c9ea8a297999a979ca08d9c9baba5
979496939899919894999a9695949594
8f959099969c9696928f8a959b979197
92949798979896928f90959394959698
9f9594999b969a9c9c9e9d9c9e9d9395
96939394918d8b899291919092928f92
898e91908a868e9190979592948e9393
8060626f72747a6471706f7579817d7b
5e5c5d5d6d79958f757f807a77777e80
504b5855555555524c4c5b5b5853555f
5455564d4d5152535254555455545556
4a4e524e515252535756585a5757524e
524b5154544d4e4f4b474d50484a5452
494b4844443f505254534d494d4d4b51
4c4a4f5655555152534f4d4d4d4b4f4f
505158555351525556514e4b494b4849
6953454453535455515152514e4e4d4f
9c7e7e8b8f8e86726164666c6a5d6975
a8b4c2c0b8c1bfb8b2afaba9a6a9a8a8
979ba1a3a4a3a3a3a3a9b09f9a9498ad
7c7d7c82908d80898a949a979a99a497
73797a7673858c756970828481746c6c
707269626e726d64738267636c748d77
5a5958535756544f514f4e4c565b6065
4e4d4f50514e4e494d4a4c5047495d5d
5758554e4e59584d534f52575553514f
3637343d3e444445424c4e594d538e59
3f4d4d4c4b484a4d4e45454442433635
614349443c312f2f312f303a3c3e4144
a6a5acb4aa9487787885877e897e725c
969b9d8e8f9496a5a89f9fa8b3b7aba4
9f9f9f98968d8992989d9d9c92a49798
9c94918b9295a0a3a1a08d8c8d8b98af
98979796928e94918e959696928e9093
92938b8f918f9292908b8a9f9b969195
908f8d92898f918d9390979599959294
9e999b97968b95999b9c9d9698a19f93
97949291908c92919597928f9194999c
828b8d8f8d8f9090929194948e909594
8f86827e7b72667478706f767a817d84
60607075736b928d8d797e7b6c919b98
4a495554575555524b4e5a5a565a5161
575656544c4d51535356565457565654
4c4a4746464353565558595658585657
524c53544e4e4f4f4a47494f4e4c5552
5049473d40474a53544d53524e4c4d4e
4a4a4d565757565451504f4f4d4e5753
504d57534f5253515453514c4a484846
6f575456525253535151514b4b50504f
80848f95908784766a656e6a6c646760
a8a7c0bdbac3b7b8b4b2afa7a9a8aaae
999ca5a5a2a7a6a3a1a2a9a6a09aa0af
817f81768e8a8b93999f9c9f979ba198
7e7d89828481817a777d8481836f797e
706c6c727a7e746f7a7d6165747d8776
575857535656554c505252585d61666b
4d4d4e50544f5253524f524345515c58
5557565262625d5e5d56515351555351
373636403f42484b525c59634c807e59
3d4f4e454545423a3f51474444433d35
7a66544c3f3528303032343d403f4344
a5a3a7a3b3bcafa1727a87b7b19e9376
9b9c8b8f919191b0a1a0a2a5b1b4b6a8
a8af9f9a9998959394a1a3979b9c9b8f
969a8289909ba2a9a9a49397b5b2aba7
92968d8d9292959290908f918f929798
8a8f909e9788898c8d8a889483879491
8f8e8c8d8f909192918a9fa6a6918f8d
989c9589888e8c999b9b9b9c9fa49f91
8e938c8a828a9394968f948d8f8d9899
877e7c797a7b82808c8e908d8f91919a
969298928868818780686d728686838d
6b696a777f738a90927f83828283999f
4e4c4e535454515152555555585d6065
575755524d4f51535656565354515553
4949484746445557555957545a585758
4e4d494a4946494743454f524d4b4e4e
494248494d4e5056555454514e4d5152
4a4c505656565750525050504f515853
51514f525454545254524f4c4c4a4948
835d5956535352525152535049474a4c
979493928d7d856d656c697778746869
98a3bbb0babab3b3a8b1aea8b3aeaaad
989ca8a7a7a3a8a4a5a9a9a9a09aaba9
85868f908e969b9c9e999095959da29a
83857575748e9393847f849686708886
716f787b72817d737268767a7f837e80
585753574e5155545556565a6067696d
5050544a534b5459574c525458665b57
6959575d58616a6361575a6261545656
384046474644464c53575e4d75826879
3f4344454646424041484c454645413b
8c6f5840333335353638393e4745403f
b598a8acbab9bdc1bbbdc5b6aea34681
9f9d9f9e879a948b9ea297a3acb7bcb2
aeb19c9d9c9ca69c97989e9a97ac988d
979991959dacb3b1c1b7b0a9d4cebfc2
9295978d909796928f919190948f9e9f
94a2a3a0a9b9b48e918a869298a4a891
898c8e8a868b878d8d8e929b918d8c90
8f9c9b949093969498959b93949d8b88
968e89887d8d94999992909391958c8a
858074717c8586889094999ca29b918f
96958c7f72656773716b696872888688
5c666b746e75848a8b7b728181899696
514a485252535354555557585e5c685e
5554504d4c505557565654544e515453
4949494f4e4f52525757535255555658
4f4e4a4a4a4949484748515350494648
49494f4c4f5151565756555556535251
4f4f525655545151504f4c4c4f544f46
584e4f53575857575c575150504f4c4c
6568595856585653515158534c484b58
868e948a898d876c6a6b6d74716b6b76
aaacbfb4b4b4b0adb6b6b5b5b2b6abaf
a6a8aaa7a8a8a4a7adb2a7989fa3b2af
87829f9094979b9b9a948b8b8a9ea097
857a7c7b7c979d9d93908a928e818f90
7e7e8487907d777876777d7b777d8386
4e544e52535058595b51535c67717b7a
544e505557565c4f595a564b5d5d4d50
5b525e57535b64637965675d59585657
47444b4c474a4e535e615a4f74826d69
44454548434343444c4c4e4d4b404c48
ab796041392d2a3836373b474e4f4a46
bdb4a8a8b2b7c4cbc9c6c0af98b0adbd
9ba3a6a7a2a7a19ca7ada3b0bac8beb4
c2b5a39e9f9d99ac979ba49ba0a4ad9a
b3aba89db0b4b3c1cfcbc9d0d7d2c6bc
a79a9f9d9ea7b3ada8a7a19c948ba8c0
a4afa4aab5c9c7beb1998797c3aeb3a8
8b8c898787898888919093989e9297ab
899aa0a1a5a3a1a193919386868e8b87
8c8c7c898a8f9c9a87959494908d8488
83887b848f8d8b8a8c93a0898887948b
8f97928c8eaaa890817a716c70838686
657473676d828d87827f74757b889492
514b5252515353545454555d606a7168
57544e4a4f4f56565656514f514b5153
47494846454e51525755525454545858
514e4b4b4c4b4b484c4f504f4f4b4e47
4c52515255585b5b5a584f5758555152
514e545154544f51515252554d565149
5d5a4a5455575c606760594f52525656
5c64675c5a575753514e5153504d535c
8995938e8a8d7f736b6f7679877e7163
a1a0b7b4b4b5b0b2b4b7b4b4afb5aaad
a4a9a8a8a5a2a7aaabafa1a7a7a9b2a8
888d8f99a19f9b9a99948b898c9ca19f
898583888e959ca2a5a4a79690939491
89a098907f8479807a7c7f7e7f848b8d
5750535557585e5a62566e7e74838383
5555545a545e5b5b5d5b5859595a5952
6b66646d636b6c678072605c53585a52
4d4b4a4a4b4c4e5a5c54666f74707d77
4b4749464a4b4b4d4f4d4d4a4647534f
ac7d5e413533343536373d454f504543
bbb5afafb2b8beb1c0cfc7b3a696adc6
a8acb1b1b3b2aca8b3b3b2bfc5bbb4b9
d1baaca6a0a6c4bc95a3adafc0b8aca7
b8babfb3b3b4b5bcc5c5c5c4bfc4c2c8
aeaeaba69ba98e87949d939793acb5c5
a6aeb3b6cadad7d7cfa98db8b1b6c0b7
9f919095999e9faea1a5a2a39d9ba3a4
918c92b0b4acb1a2958e907d888b8eb8
8e86898684839d9a9c9f8e93928b8c90
83868c93878c9189869ea1aabba99190
939b979eafc0b89e948f7b7374867f7f
8288876f5e697b7c7781756b808d9691
4d525554545352515657566a717e7a72
585550525150525656565454554f4050
494a484845495355545a5a5751575b57
524e504e4f4d4a4d494f51554e4e4f4e
4d55545650565d5f5f4d515956545352
5455525354525050454452545757534d
5e4a575858585e626b6f665c4e535755
67625e615853515152525658585a5a5f
848e948f8a8482787c7f7b787271786b
9fb3b4b5b6a6acaeaaa7a9ac9baeaeae
ada9a0a6a7a6a6aab3afaea8a6a4ada7
959194a5a19fa49a99a2a68f98a2a4aa
8d898c84848b9ba4a49b95858d929495
95a1a5988d88868784848279898d9390
55565757595a5b5a6c87837c7a8a8c92
55545a5c5b4f50575c5c5c5d55555552
6f706f6f6e6f79677a71634d57585852
5054514b4d545256574e676e777e7e82
4c4b4b4f525a4f514f504f4e525b5446
9a795635303235373937403c5150504c
b9b7b6b8b5b7bcc1cbc6c4c6be9bc7c7
adbfcbcecdc5c9c5cbc4c9c6c4b9bbbc
d4bfb7aeaeb8c5bcb6afbbccd2b8aba4
b6c0c4bfbcbbc3d1c7bbbdc3c5c7cfd5
b6bcb5baae9f95a6b8a0a2a7c1bba6bf
b1b7c0cfd5a2ca99c9a09fc4bfa4c7dd
b09eb2a5abab9eaac3be93a5aca6aba9
9b969db9baaeb09b8a93948a9195a8ae
928f8884807fa0a4b1b4a18e91949e9c
80879ea191879d8ca3b3b7ada0889291
88988aada6b6868c7f767c767a797e7e
939d8f7b79777e7a8486807d878b809e
525555565957595f5a5c62626d5d5c6d
54515353515352565555555555534e50
4b4a4949465254504e555a5c56565756
524d4f524f4b4c4d4f4e4b4b44494b4c
5256575253535b625e50514e54555657
565655565a5856524f4c57545557534f
5c51585a5b5b545a5b605f5a5b595956
766e625c5b5453545355565962605959
7f90988f7f816e6f7c8182746a706f7e
a4b2b7b6b2aea4a4a3a2a5a39fb0b6ab
a9a7a5a59da2a7a5a8b2b1a6a299aca8
91939b9fa0a49699a1a0908998a4aba8
86858e888b96a7aeac96817e878b9d9a
a9a8ac9b948e8d868a8c88898986a39f
564e535f686775737d8f8e93949796ae
5957585b615f5d5f61605e5c5c5b5e5a
64656261616d697564666f5a58585e58
5e51414a5b656865577c9e9e9797a195
504d4f494b4f544f4f505053565e6863
6677562f3233363538393e415c56514e
b5b6adb8b2c1afb7bac3b4c7a1aecdc4
b5c8d5d9d5d1c7c4c2bcb7b9bab2baad
c6bab5b7b7c0bbbac4c9d0d4c5b5afae
d2d6c1c3bbb6b5c6cbc9c6c5d1d4d8d8
dbc9c1b1aca9b3aca5a4aca8aea8bed5
b3bdd1bcc4cca7bfb9a0b8cdc7c2c6d9
c3a1d4c0a99f93a6c0979bb3afababac
9d9a9db7b0939fa8a4abb2b3baa9c2c2
8a90817f7c9fafb7bbb6a49f9c96ada9
8090aeab9a959fa58c898faf8e8c8897
a3939db385ac987474787871738d8179
9c9b988d786b7476838183817a8a8d86
555654565a5c61605e606d685f5b6d84
5350494f4c48525655554f565955504e
4548494644505652564f4a5153565853
57515852504c4f4a48484a493e414044
5659594c605f6163615b5b574d535b63
5051595c585a5b5657575657504f5153
504e4e585b575c6068666561615e5f5b
7f72695e5e5852585b5a5e6463615655
87807f7b625f5f61678c898685707692
a6a2adb5b1aea9a5a4a09ba09ea6aca7
a8a5a5a4a49ba3a4afa6b0a191939faa
94929fa2a2a19e98a19c938ea7adaaa8
8579899195a68d9f99a69c8984a2a5a6
aea4a29e98999187888b88898a86a895
6261687080978c838696a6aaa498a4b0
5958585a5a6563606565656462626362
626f74706a717b746e695c5a4d4a6260
645e55595d5c5e6f7d8a857d8fa3a388
5c504f444a565555535356676671605f
846b4e363a3c3935383c3e53605b5750
b9ada9aeb9acabb0bea8bcc4d1d1c7b7
b4c8bdbfc0c0b6b1b0acaccac0b2b7bb
bbbfc6bec5bdc2c8bebbc3d0d4b4b4ad
d0b1b5afd5c8c1c6c7c8c1c1d2cdc6c3
dabebbbbb397cdb4a9a8b1adb086c7d1
adbbc5c9d6c5cac4c1bcb8ccb2bbc4cd
c1ccc9cec2afacafb0a8bcb9b0b1aaae
9899aabcab94a2a9a9b0b5b6aaccc4ba
938c878792adaeb2b0ab93a795aab0a9
829ab4b5a09ea2988e90bc9b8a768f96
a597aaae8b8b8a74768588889a9fbc71
888f818d84808a857e7f828089908c9f
4f51585e5e5c64605d5e637669616a71
4f4f524f4c53504b4c5450525748514d
484b4a4a505555545250505053594e4e
58565357554f514c4c4b444743424140
5354565a6667635f6966656368736c5c
5a5954605f61636362656551534f5c57
544f5d585258656f6b6e6c676663605a
7e6f61655f544f53555c5362675d5c5d
888175726e696367808f8c88838b9696
a3a7aeb0acaaa8abaa9e99a29ea4ada9
a6a6a49fa0a3a0a5aba39592959694a4
96909a9ba39fa39ba79f96ada8a9a4ac
8b8c8c9692a6969aa0aba08c87a0a08f
9e9f9f9f9b9e94939e9b93958b9a8f8f
5862817b7f6d67799990a6b0ab6c7ba7
5d5d6c6f7a816868696d6e6a69626d5f
62858971627f8f746f71615d5e4f575d
63655d5b625e658e9899907e8f9f9081
6760565051465c5456636c5f736b6464
7d56433740412e38373e516c64645860
aea7a5adb0aca8b0c1a8c5cecac1bf94
adb1aeafaeafa7a5a0a1a2bea2a3aaae
b3b8c2c7c2cacdc5b2afc7c2b3b6b6b9
c2c0bebfd2bdbdc3c3c1c6cbc7b8b9c3
aeacaab2b1adabafaaaeb1aaa79ba6c5
bbc0c2bac9cac9c6c0b7b5b6bcbcc7b5
c1d7cdc9c6c6a8adbab6aeb8b2b3c9d5
9da2b7c3bda4a8a8b0afbbbed9dcceb5
9a949b9ca0b0b3aba9a69ea4a1aaacba
a493acaba6a7a59c98bfb59e809d9c9b
87858ea19a7b8d949c98829caaadac97
7484937d7b7c86898d938288939c8f85
484e50504d4f566964685f6365687079
5253524f504d4e52505356565355534a
4f4f4e4b58585654514f545b62645559
5c605e57595c5a56454b494943434246
5d5d5a5d626971767674676b69646673
5a57626e7a8c777376716b5a575f6361
6868616064696d706d86696b6a68635c
7a6a6a6d5f5451545a625d706c62656a
9591838c9091a2aa9a9491878190a09b
a1a0a6a9aca1a4a7928e94a2939faaa7
a7a6a199a39f9c9fa6998e91908f929b
98888999a09d9ba0a19f9da7afaab2b1
9c968c9a92949898b1958f9085787b93
9a9d9e9ea29d9c93968f8fa2a0a19890
788081837f728a8697a0a6a49c978ea1
5f5c5d5c6161676f7176757b736b6854
8a8c8d84858c7c6e6e716c655f605b5d
7d6762616c5f6b7998838770869ba191
66646f625f5a575557717f80706c6d69
754e2d2f3f4139363a47525c61627163
aca8a8afaca9a6b1b0beb1c6b5aca18c
a4a6a5a0a9a39ca4a2a2b1aea3a6a8a7
abada6b2b1b6bcbaa5aeb8aaa6b1bb9d
bab9bfc0c0bab8bdbbccc6bbb6bbb7b9
a6bfa1acada5aab1b0b0b9a1a4a1a8bb
b1b6b7b9b9b9b9b8b5b1b3a9acaab2af
d0d4cecccac1abb0bfb4aebcb4b7c5cb
b9b4c2bab6b4aeb2c2c0cecad2d1cab1
9f9c989ca5b2b0a5aeaaa9a4b6b9bfb0
aaa1a694a8a7ababafbba5aea9a49c9b
8a818c9fa5a0a993897a98989eb4b5a7
84979b9a9187828d948e878d90818483
4b4f4c544c4e56626969646a666a797a
4f4f4f4f4e575451535655524f494e48
5258585a5c5b58565458575a59665e52
72726e6e6a66655e585a59564e4a4e52
676665626974787b7b7e7a7a73706d7c
686f72778e8e84817e716e6961696869
6b6a6462666979867e747b746b676560
857c6d776a5d646274797f7e666e7a6e
aa9b899690969f9b99979e87779ba494
9598a49a979399968e898e92908f8f8d
a3a4a699a5a59a9b998a869098958e8b
9d9a9396979499a08baca29aa7a68f99
888c9d9097938b8b87978282857b94a0
97a3a0a0a09f9f9c9997979ca8a5a295
668d967e78797d887e9ba09894a19f92
5e575e6172797576838c7e7d755f5b68
807e8684827f7d6d6c6d676a71656062
6c6366668a708293918e97968e9f9287
70747273655a4f566983887c6a7b8f84
625450504f4237353943506260697473
a5a6aaa7a4a6aeaca7adada496819484
aea9aba9a7a6a0ab989ba19da5a3a7a5
93919fafb7afb9b1acafb2b09eb8ada2
b4aeaac4b3b1b3b7b4b0afacadafad98
adaab0b2aba9afb6b1b7b8aca7a6adb6
a9aeafb0aeabaaaaa9a5a3a3a9a9a4a7
c4bacad0d4c1aca8a8b4b8b6a1a8b7b9
bbc3c2bfb1b2b1b5bbcbcccdcdb3b7b1
9e9baab7bbb9a9a6a8abaab1c8c1bdb2
b7a0a9acaaa1ac9da0bcb8b2aaa49f9e
9a9a959eb0a49a93838f9d9da7c7c3c2
8a999f968e7f818f978c869093888a81
5b5c635455556f6b6b6e6a76717b8084
6b69645d6464605a535e6362625d5a5c
4f4f504b5458635e5b616466696c6d6c
7676707d73736b666e706f635b585051
6d69686869777f796f68a0846480787c
748386a1ada8a09f817b7874706d6b6f
726f6663656d6e79787e7b7774706a69
9593847f7a725f5d7081798181868679
aba29e8faaa5a4ada49d8c8286999e95
8e8d89878a7f7b7677798587857b7c7b
a4a19c9fa3a48b9994878a8b88878482
979f8885929b8c9ea1a5ad9b95949398
8a8c8e939ca78d9a9b837093927a9b9f
8b9897a4aeaeaeadaaa6a6a7a8a59891
8a8d8d837d7d8c8d8f8f8f908d8c8894
807b62727574737580777a8a7c6e7d82
767880867878736b6b787685906e7b7f
605d90969992969a8f8a888a8ca38277
69767b77746d6e836c676467626a6362
513e3a385236303d3d3c5054596d6c61
a9a5a39f9e9d9d9ca2a296917976814c
a0a1a3a9adaba8a0a39f9e9ea4a4a6aa
9d96a8a9afafaea8a8b0b8b0a59d8994
aba0a89ba9abaaada4a6a8abadaca19b
aaa9a8a3a3a3b1bab8b9acaba4a5a9af
a0b1aeaba8b4af9d949a9ba1a1a6a7a5
b2c3bebdb2aea7afb0b0b2b3aaacaeab
c4c7c5bcada3a8b3afb2b5c6c2bac2c6
a7b6c3cbb8a29ea3a3a5acc2c3bdc9bd
b09d9c9aa4b0a2a0b0b5a2c4bec0bea4
98a6ae9da8b7a79da1b4b3a2abb2b4c9
8c9cae92837e8392968e8198a8afb8a8
7d7070706361726d6962677963838e8c
797c86907e6e6b646269736d72708093
5b5b595458656b676466666a788c8f86
898684847b7d81818682726a5e595658
7b7365747d7f7e7b7c7790817e8a8383
928598a4b2b6a3a3937f787a78798274
7570696b7e78767f83847e79716d767e
afab988a877a726f8488878f90a18779
a0a4a59fabacafb2a3989794989b9ea5
86878888847f7e7d7f89938b726a6a6b
8592919287888893958c8c8f90887e7a
8e8c94999997aba9a5838a8e888e7b83
a38f9995a08f658c8870979a7e8c96a0
868b9aacb0a6a4aca6a5a6a5a394899b
95938d867c7d7b6f7a8c8b8986828285
847a858e937271878d8f85776f739698
8f8674736d7d6d69695f6592767b8083
606577789ba29c786f8f989d8f93b8ab
77888180808b8f85646d5e54666d615c
3e58726f4e3234383636464a57565763
a29f9f958f908c9194918d89797e5c2d
94a0a6b1a7aba7a8909b9fa1a2a6a79f
98ada9aaaab5abb1a3a7afb1afa8908a
b5a6a1989a9a9a918896999b989595a4
a09788878696b3aab7b1a0a2a4a484aa
b4aaa38ca9a6a296868c9a9ea1aaada8
b5b9b6b4a8a0a6bcb5a3b4aba0afada7
b9bab5aea7a6a69fa5a7c3c2bcbac0c8
8b8580879b94919294a1b1b8b1b4abab
919795949c9595949794a79b9194938c
8391aba4b5b7b5aaaebeb3a3a8acb4b4
8a9ba2969481838f879894919e9c897b
a79e958e767a72696c68758362727c77
94928e6b6f6d6e6c675f6c6e8384959c
5f5b5356615f686361636b76859aa59c
a79e989a848c86756b686664675e5961
7677747b9093907e83939a8d8b9c9091
9f9192b0b2aa9896968b868a87848d94
7d7873808c6e747b8597937e8f68778d
b4b4aa928f84807b8e9bafb1a37a8b81
a4a8a8acb3b1aea89b98959898a4a1aa
797d7c77757673758083888869515256
757b79908a8480858f7e767c85776f6f
8d8e857b7d887e655e636a6968657274
969a919190816c8077629191719d9c98
998b6f919da9afa9a4a0a28ca2a29ba3
8c887c6464685c555e717a6d737b7a80
7b7273707970818f8e8e85767278999a
796e6c6d6c6e6a63695a54616f6c8385
6063706a6d6c6f706c719c9d8b9ba68e
7c7e7c76828f957d6d6d7a6872706663
3c677a67533232343a382f55735f727d
94969199989595917f847f7f82795c37
a498a1a3a7a7a6a6a39e9e9ea0a49f9b
8e9a9d9da9a7aeafaeaaa1a1a09ca091
949799999898a2a49b999e9395969e97
9d8279918c888e959da1959aa28d88a1
c6aaa1a9a9a6897e7a7274779da39aac
c1acabb2a496a3bdbaa3ab9cabb2afaf
aab0aa908f9daeb1a5b4c6cabeb1b0b6
847f77747381888a909da0989daeaaa7
9592918f928f948e868790918d8c8482
8b959a9ca4a9a7a6bbc1c19f9b9b9e99
a18d938a857d8284828787858282887d
6e716d8381716d68696c7a7678777b82
5d656a77837b736c6f5f717ba6a5a89d
4c645c5b636759636a6b6e777a7c7366
aea89d9a888b92876667626b6d625f5d
79747f8c908f867f91a5a298939e93b1
9f8789a19eaaaaab957f7e8d719f9c78
8684817e8270819097969591817e7c89
a09785868a8a8f9490aeb3ae9e6ea38b
ada6a8b2bab2b2b2ac9b92929aa3a1a6
6060656c93954b8866728760352c3c45
637b806b68989e9d78a96d6e69616060
7b7f7d827d76675d5b58504b545c6363
9d9b93796d5f646f6d847a7676a09e94
807a888f778975a3a59e9d9ba6a89a82
8272626f6b706a686e605769767b7a77
5f64756e6d6b7490768488777a7c8084
727268676464636b67696f77756f6e73
5f6066686c85847873717d998f8b8c75
7374625f81938d6b6b5b6b75737e8f73
6364684e3a3537333b4d5863637a8a82
95918c8f8d8c9a846872737479715f5f
5981968f92a7b0ac9f9a9b99939a9c9e
9b9da6aa8ea9a9aaa590969d98989c95
98909197959a9a9a95928f8b96939295
7e937d898d907a8d8d8b9b9e99868ea7
bd86938c9b86695c5c53637f62a1aca3
a0bea6af728a98bdbaa792989a958a81
81a1a69d99a5a8afacada2a1b3b8afa8
767788a168626a927f858a898f91989c
bba6a38f8a7e888a8d938f999291807a
8c918c93a599a4a295c5a09fbe8e7f88
86878784827c819385817068768b8d88
8e7b77757d7c667766808078797d7e80
787a81868f8c7b737d7b7384aba7a086
6560635e6463646d717274737a75746f
989c9d9687877180636a6762716c6d61
7a7a85978d8d8b8aa5a79d9b9594a5a2
828a8eaeafa9b4a0928d8f8f939da27a
777e868488887e818989847c788e7d89
a69a93927c979e909387abb19571aa81
97a0a0a4a7adb29fab997a638a929496
54545e7f8b61574642483d302721333d
53616f768c8f878a614c47525b5b5b55
6876788077635a57534d473b384a5d57
6d73736c666840382f42495a67839399
505b96888b877c83898aa2a2a1958c78
8280706b6d6a5d708a86545455737d66
5555656b626f7d7c7780887872465876
615d5b5e615d5a595b5f646f786f5855
6363585b6a656f837477797b7071534c
636b5e39383d475c69696f6078918f6b
7240343e3d33343138454b6c7f878978
938f888581898d636864535a6e635862
6c846e6f86b29ba09b7e7e76979e9e9d
828999789696847a7b82978a8b8a8f96
857d7a859899968d9a7e8d8a89808287
9e917c6b6255768577788d84516d94a3
9091959b9d8a896580868865668c8587
95877e8c80899095aba799938e858c95
685f8d879ab1a28a93988b9c9ca8a49c
76716e7176797c849191857b797d8075
b0ddddb594818ca99e8eb29cb1ac807c
847c88929692b28d95a08d9699a29594
7a7e8283807e7a888772776b817b99b5
8e7b7a6b726e8a7a8688736f7d797878
708587887c76817c75717c73a29a8f8b
5f5f6e6363676d817e786e7474707882
9a9d918b82876d6f6865625a6d757365
827b778186867f87948c8ea0a7a3aca8
8c8384838888989c92989b8e828f7a7c
696a848d8c918d8e7f737074828f8e93
958c834f5c5a5b8388768b8d9078b26d
7d8d879798b6b5b6a08660536a8b9298
42485b5f5343403f393a3d3a2e322f34
456c7786898059423f51725031362f3f
8c7c705b484c4c4c4d43372224263c46
787958594937332c3547614f697b7b65
727e8a76745b616d6f78838faaa48b81
98908c8c7d7e6d747e766144685b3b41
4144515453566a666f829a7c6f3b4075
4c5658596e82636e8b8a7977726c4e49
323d2f3840372c383b423f3f37363033
6163635f6f6f6a6e585b605668706e48
69373230352f3331394148693b76525c
928d857b717c764e565665515e575867
6e717c77828482877a7c7ea098937e9b
777c78786c635341536675776f66666e
736863625e6075929a538a7b8486746e
826e65503d3a595f3b51615b5f526967
949180828f78475967727e43717e767b
897c706d787d8d989d939f9e8e8a938d
6074807f7e939388898190979792918f
72716d6a6d6771807b7375787b5e6a62
a3e2dec4a297938770c7bac3925b5473
7b777f8987a9bf9f8f7d708a99909a98
757d71867e808281716563746472996b
7b79786b7d8d7d75807c6f7567666a70
928f7d7b7d766a6372748981817b786a
606264626a6f627e7d7973726968728b
7b8d997f7b866e676a7d757d66797562
72737c797b797f798c9aa2a9b0b19589
5b585b695c5a92705e5844404c777b69
8569555d728492846d586f74717f9b71
8c93918a82808d8f7b7071646a93a592
7d7e7d9eadb79eae8c765d585976898c
4147504d443c3b39393838393c3a2d2e
4273766e6a50413144826b553b34353f
6969534f5051504945403c3c3d3b413e
7f796553382f2f32282e484b4f544835
56654d65544f515a636d79858f857373
5e64736058566f726b64585d3d454649
399183644b434e3c5c6c5d726d436e6a
404a61645e565155898677817e60443c
4e2b373f2d1d1e282723172424262f3a
675930302f6a6c5e5145565f5f5b4f49
4942423b31313736383f3d514b365761
8886817c7066635a6161515c643a5e52
7f867480797d776c655b636c90989290
6b8587773f2b2b2f2e57696e54684e60
575c5f4233334556605e5d6982868277
57423f3f2b3535251d4e4b4b43324046
788d6b6e6f9153575e6676746c6d575f
6e5452555e7687777f8e827e76838c80
5657695e6c6b79848a939ba9a2b1837e
526262635258646868666b6e59505052
b97d65647c9086656069717365616553
828184838988857b76736e77869591aa
6c62717f7e7d746a66645c6474687c7a
716c614d363636362d6c69675c5c6268
8b8c6d6777775b3a5657646f6b73786c
5f6360647b5f4f4d7174736169646d7a
926f6f70608a5f64677c63615f5d6f5e
64706f698f928a8a637f9ea2a5a8897f
6d76615f5d7b6e71606b686c6f6d6763
7e57363548656544323e51515b697b5d
979298938e8e799083716d58474b908a
738797a38c9990927c684b4f52698294
404844453e3a373637393a3c413a2a2a
3b363f393434333148472e32322a3a3e
363a3f4244444035392d2d2d30323836
6e6c5f59554945444240403a4042322f
4647484c3627251f449495605d4e4960
53514f505a555054544f5b503b334336
3f35455a4a354e4e5265535457484a53
41434a5e47223f5d6959595f88763536
3c483b454741454e565d5959322e383d
5e313231316e756e665e6259413f4647
5755402f36353732353a404a3b52555b
7e7b7e836e626b706f645d6257605859
6f5d83405f6b7b715f43458099928d85
5a564d2e2a2d2c5d5f494643592e2f37
3f4d553d3a3f4133402d3559673c725d
4a3d444a5234332a3142364732323232
67463d484e4b544e5857626257484e53
4f54403f385b56696e6c5c607b7b6c65
51637b6c5c67648078818d92a695725f
6c5255545f605f524e4b474944485356
ac8b726875706f6e6a717071635c665c
86878f9297797575686459777e8fa9b0
5a546b607373696254525752535f5b5e
645d51453836282f32404a453a3c455c
79786f686a5a8a93685a4d516147635f
5a5d5e615f5e525d5959686171665e68
61595d585e5d595a5e5661705b765661
5d6f69589282838a6886849398815b60
68584a474946645e4d663e406f716764
4e2e323940494a33262424375d45395d
94969694928e9195788e86574185716b
7773788aa982887d6c5451544d5e818c
3a2f3c3c3c393533363e3d3d39372a2a
383b3c393332313136373132292b3d3e
33372929373535373329342624253435
4c46455251585a52383a34333d3e3a33
554a4a4a2535322a503b40416e30304e
3f353637353b494a5149423b3f3d533e
384d423f4238333b4c534a46365c5351
34343a40332a465455393f70896e415e
38353f32363533303d3c47574c373838
5d553946466262646460574a4a423e3a
544b433b363431303536455956565a57
3433347b6a6b76777b7162666249515b
33312d244560605e59586c889d995a36
544f3a2f2e34373a3d40413a322b2a30
373e3c4e43384a4f3c2d334a5a656657
3e353c47612a2b372b393332383a3235
56553738434b52524c4f666a6d69494d
545663626e6860609084726663574752
4a3f595f5a5d64777b5d5c7e85695c50
6d6d5a5254595a5f6a6a44444d485d56
7f6c5e646e716767626471796a626d6a
6344464f6c695b666262595952798f9b
604e3761676a48472f424d4936433b57
68665e50514b38343e447c4240445247
726667665f605d4f5968616262606164
494c45535453595d415f50615c50426b
585b666459554d4f686c616064604754
5f6c7166867170665c55307573675753
6c685e60515b5c5d5a5454726b68645e
4544403b4d4e453627282629282b3d5c
91909493738d7c6746433c3d5a334f36
6d5c5a6c6c8f80654c4f5c6b6a73707d
2d2a343b393837413c38373636322727
2c3939393330282b3632323932393b36
252c3e3232322c2a2b2c272131293830
3e403a31262c57393637303639333127
4c4d45263133333a4e40262b342d2e39
37303b2c393e41454541433f55492e2f
403f35333d2f333f5e46523a3a444440
3731271e23464a443739353141343a37
30313a3330313433363743513e363534
4f3d37465e5b504a4d504c4b4a3d373a
4f473e352c2f32323a3241413f4d5056
3b3769625f6c3a51776f5f2e5e565a56
503735333c55614b433e4c57754e4e42
5c565b443c3f40414142434847373062
4d514f443f454c4e3b36394d5f686b64
2e36363437353a4436593a434a433240
413f3e3a40404d544d45636a665e4c47
4a3a3a4846717582616f7673665c4940
5f5e4f484a50595f61616763535a4b3b
676a5d5350575958503b415e605b5d5a
544a445e66605e5c4c585f6660725569
4d4a4d536065645a5e594c6258517069
3b604366615a403230323f42413d404d
55524f4a464140474055554e3c34384a
5e656a7781847b7a7d7a74725f5c5855
4651596562635e67565c60585c576161
6970706a5e554d6156564f525c595540
666057544d4d4a4d5152545b59546569
6869585b55554b4541414e4d6d6a6565
5960585249463b2f2b2c302f35405756
7d888a846d6c6561574536333234385d
5f595453578473655151666e70717a87
37362f30333239343632343635302828
2d32363938362f292639353435383638
29323a363637382c2926252635353528
3636352d2a2a433636373b3b362f3227
504d4228273634363a47423337353635
37383931343a383a4547414f65533942
4c48403e37393c3f3f3b3e3e3f3d3835
393b3f3d3b453e38353736393e515341
332f2e2b2e3133482c343a2f35343437
4d424f54524e484645482d3c463e3938
322c30282a2b3330313339393f3e4e52
575c5a623632413f7f69343e4c566054
32394853596a62504d464e5a56524f55
6d625f584f4b484643444d5a58424654
59594d3c454b4b42444a484d40437373
3b414e424d4a39403a3d424a4a3c3846
4f484e5c4a4b53605b594d556c4f4d45
6a2d3743568483898388898c8472654e
5d5a5449494b5052454d4d4a4651473d
707168625a5e605c534959635b5a5b5f
593a41556862605e5152595d59636b6d
5156575a5e726f4f51564c355a3f4e51
533e6b6a5e686663453d3e393b3f3f49
373c423f2f34373a393c3e38433a3356
5e6b6f8179808f9b8c8983835d514738
3d5b6678767a815c676a6758615e5e61
747d89898385877e4f3e383f60454d53
526254595753514f5359625b62616e78
546e6a6c69625350504d5264736d6f5b
746f665f5b575047434c606764665350
788182726b6d77827a53474b58508678
7a7d776a606560584f545754828e8e7e
37383c3836383838363435342f2d2626
3738393d3e3b332f3534383636393a39
393f3f3e3c3a3c3b38312e3537353436
343330302a3035373839383733323432
43434139393532323639332f31323b33
363537372534353a353440564f43343d
383634363b3b40433d383b3d3c3a4833
383f4342413d35343a48363c413d3936
39383a383638343237343431373e3033
4c4f473f403d494b48423e3837403e3b
3c3a31292e3031312d3334343534484b
5e5b427d4d443c3b313940383c474b40
3a46453b4642372f2c25303856373f45
7d68605f584b4b483c3f5c6c5f552f3f
5d56524a41403b36454c46383a3a4383
3e3f4e575758414646474e4a4f4b545e
5560726a576c5f756a62635d4c44504f
727b4344556574675f529d938b79786c
62605f5b4d4954595b5747424e647872
4a3868495d6a675e5a525c5e60605462
52474963666261605137666b666c7678
484a49576f6a6f655955524c48422c50
3b5a6864556c70674c3b3936444e454a
2b353b321e253f3744473e3d5045555d
6577727476879ca28e8e8f8e5a3b2e26
5e6683837c7c606f6c68625256605e6b
8c9097928c8e908c46334c5c5b494249
5c675d62605d565057626d685f646e88
4674737270716d665e565a4c504f4c5c
6f6b69654e476b6a5741383249745256
5d65635b7e8796978e837c7b7878896d
74758788877c6261637d646a847f9067
393a3835363d3a313635382f2e352727
35363a3838373433343435353739383a
2b2e303a4041413f322b313936353234
35353732333032383a35363a36332d30
303130343535373a323f454341424435
3a3a3832372f383c3c383739332e2831
2f302b3b3f4a5149372b3437282d3635
3a3d4440363634455341362d5345312f
35362f3030333f343334343439413636
44403d3842464249474744434347343a
30322b2b313031333332323435374143
6f504840304d3c373636333232383135
52534d4e49565545415231557b797882
866e656254574f42424e5754635c4e51
615f564f43504535413e414b51637e87
4e49526262646b6c64585049415a6472
7a83888d738588747a79867e74676059
63544f7b74897e70799b706c8a817879
6b6866625c5a5c5759556375818d8075
503e3a3d4a6875674c4e63625e766f68
55595d62686b64553a587a7a79837c7b
55627488878270797a5a5a615a433e53
63686f78777d7f78655a5457505b5a4e
2e403e343841453e6e5a5b6b70723869
7074787a8f94495c676780575998322f
7e7285807781707a746f6b646366596e
6f7c77746e6a635a6c767a696e67607e
64605e65696862617a56494349577a6b
7f7c5163697c7171686c4f565e626563
50545f5f514f84916a5659525c598c71
4d4a45919c999f989ea2a6887f89914c
7c6b5c5f8d756a72818693928877594b
3c3c3b3c4445413d36383c3349392928
3236383c3c3a38373a373c3c3c393a3c
3b463e403d32403f31353638343b3132
3c393634343032343434322e2f363532
3231323231302b28264441373633332f
403c3936312e353c3e3b393838373334
30313e42464d4642353336362a2e3536
393c41484b4a5864453a382b3d3e3b39
373b3b3333303048383637353c3e3637
3c3932343a4145322f43414139373034
322d2d302f2f31332f32353634363535
4a534e4030303327413a363131313532
635d70774d5b68665a48537b7b735e74
726d605c5a565a5b5b615f646868635f
5e625b575156434147484c5866778587
584f5658575b6a73635a4c413f4d5363
88909a74948994757682909487807366
6b67608388898a918d8c7f7e85807d7c
6b69675e616b695d5e597b7f908d9083
3c3d43585f6c6c70737370747f7e6361
59585c68696b6c5f516d7882888b6348
687d8f8e808d69645c5c5e69644e3d52
6b6a654d7c85458981745e5146516059
2f3b3831566f4d4f5a7d777854486d69
56657e7f7c767c7a83766a625e90863a
8f928b85747a7b7f7a756e67885f4a55
7d8c897f7874686f788690848897979a
717779757572778ea0a35d615b8b7f7b
81717c534c6e977b78736878696c6d6c
425c646058557b8c7a77786d665e8c8b
86a49eb293a496a1a8ab96aa9ca25338
6a8889a7a08f90888081879b9d7f628c
3d39383a454444403f434550583f2727
544246493f464f6a65413e43433d3838
2f37433e3733412b31323434333e3544
2e3f423837332e31363637383b3f403a
332d3138443d3528305160493233322d
433c39383937363b3d3b3b393433362f
403d3f4240413838393330322f353941
33403f42555049403c3c3b3c42403d3c
2f3d3b363631304040413635393b3b3a
3c3b3b383d46352f284849453e383238
26242524222124262f32343536363536
5d2b2a35302f3e4b3b3635393537322d
63615853565d6f746b65503f55505459
6e63766f685c657273686c7a7871655b
645a605b53524a4e50555c767a81787c
6c6d74706a6a7d7e6f55494c6f636568
848e8396a2a4a58b89979d918e897c71
8b7b70747f89908e9194818b90878689
686a6c6f6b7b7b6d76877f9e9d969994
3e52656d7274707b817c77746d707274
576767727775716e6a6a82757a62363a
78898d7d6a6e6d6d70726e6c655c5c60
918164332a523e7b7f766d5949566d6e
35322e4971926065618c837768697b7f
7b868b938a73848a7d7a68697d70753d
9093908d7e767d8a7b75757b6e5a5b6d
a09fa1a8aea2968b978aa5a695989d99
7a7e82807d7b829a9d986f86a3959095
6f919495898a89988d76787c74807c75
5d5c6c707172679b8e91929f718c6168
989ba2887fa8988d99a2a7a59fada49d
aeb3b6b6aca7a8978e838ea4adb29490
3c3a3b3d40644e4f444749596448262a
4b3a484e5a555c6264514d4d4845393d
34424b473d403c3a373b383935373946
2a30454742312f35383939333a404343
3e36404040413a3a48585d3035372c2b
454f3f39474645453d3b3b393538484e
3a3b343d3d3d3e3f3d2d3837303a3d3f
31404146564930373f3b3a3a3a362d2f
3e3e3d383737303c383736363a453d33
3a383b2e2c30342c4e4e514c403c3736
2722212322212735373637373839393a
55322f32302e2d464038292d2e2b252b
6b645f565a5c6d75737174546d516068
616d7b58625e66625f6a758155546274
5d68615c58535a404c65707b7f81706d
807d867e807f78807a6f6d7f7e736261
8c979797a3a09f9f9da09996948d8281
8a7b7c7185878a71679a917f847b8a8d
7074737271717d8088969c9e8b929793
56656e7e847c8681807d7a7585819086
7c7976785f5454767e846e6c70595b4e
82858776847b7f84705d63736c6d6f73
9f865a877f877b8586837d7a72718781
3540475d6466656d6e8e7f87847ea294
8590948e938c84858285857a736e5a35
a0a1a29b918a80867b74808b676b7083
a3a299b2b7aeaab8b6a1979ca59c9d9d
8592a3a3898d8f939898a1a2a699aa9c
a1a49c8b8e9695898782848c8b888884
8f898e8983a29a8c96949197a38a8b96
acb3b1a99f9f9a9f9ea0a4afa5af9681
b9bfbeb8b8b2ae9e999caba9acb4a5a4
3b3f4d503e3d404c4242484c5f452c2c
4a4b4f565249545a5e5d5b58574d4f4f
4c555048363d3e4346393b46413b4748
3a444443454235393e323b393e444948
444242433e42534d5045414e37302c2a
30322b2e434347423f3434363c3a5d3b
39333d3e41443e3f3e3c3e3c3a404642
48494731333e293c3f402d3436323733
3f413e3c39383b3d3b3e3f3942403846
3c3c38323a3a37454d4a4b4b46433b39
2a2b2a292b282e372d3137393a3b3a3a
58544a3a3832282d2c2a27262424252b
73676a5b596a6a61616f6776774f625c
67796c5b5f61625f626c757653515578
707975665b5d5657696f7b7992867968
89888f8f8c858384817e7d7d7e70696c
8e9493979ca1a5a19b919c9d998f8b87
8d8a8885847e78707199907a8285948d
777d76706c9294908b8b98928d8f928f
6a737f8688898c868a8b8a766c8a8a89
8283827d6c55598284868b8c89766f69
8e8179828a888688858a7f7c7a7c7e88
9793979f9b988d8b8b8485859191948a
35636b706f7677797b8a8b8c8b8a9b78
9ca0a39da09c98998f8b957d746e8a81
a99f9b87908d7d7d807a81807a84959a
afaabdbdb2aba79a9aa3a1a2b4b0b1a6
9396969794938c8a959899aeab93aaaa
a39e9d9c95969c98878c9596958c8d90
968f969fa3aeaea09f96a7a7a4a2a6a4
a9a69e9a968f8f8c85869baca7b68e8d
99969296a9a8a8a4a4adb3b0aaaaacaa
4e5c513d3b3a4543404653507051302c
515357585053536269504f4c4a41564b
5754524343473a3d453a3e444853474e
45454d4f494d4542413e3635545a5160
4b4243423747565b5a375a6d49413a37
422e2c3d48443f40494443373d43585e
3b383938423e373e38453a353b424d41
4e4f4740333f4144423c3a3938363430
423e3d3c3b3a3d404b403c46444b4651
39353b3f3f3b38383b3b403f3a423b40
2a262428242e2c263436373a3b3a3234
636153362f2c29332928262426272624
796f63595e6c6b574b61576566474752
8e5f5b5c5e686b62545b70565258587a
7f837869635f5e6673776f7f847c7772
7c7c8f928f8b8b8e8f8a7e6d7d7b7e7b
8f8f8b95999fa59e958b8a8e8e919083
848d8b86898d94969198a0948b8a8989
7b807d75729596918a89928e8d90938e
8b8c858b8d91918f8d8f8785827e8a88
888a87817d78747b7c7b808283868b7e
8b867d78828c999290998983807c8d97
7e7ca0a49c9c9b917d7f8e959b88898f
6c6b7985757575767b8e7f819494887e
a7b1ae9f9e9797a1a597948075748877
9b9f928d737f84898a8885888b878c99
b4c1c8c4bba595979da6aca9a7abb0a7
9699948d827d918690999eafaca3a7ab
a59f999098999998989fa49895909c93
a59fa3afaab1b39ba9aeada7a49ca3ac
ab9e9fa09a9e9590847facada9a4a5a6
959594a39ba1a7abafb0b0afabaaadad
697877413d46585f625c535a41513430
5457574e4f5d63615c5e5e5251585452
4e4b3a3b42444a433d4b4f4f54584450
4549635f495448464841393d55584352
49473546424e61654b5a5e594c4a4337
52533d4e4d4f4551534c4b4c41545b56
3738353d47253f383a384740393a484d
3b5f4e3a363b3c4f3f3a3d3534353537
3f403f383d3c3d454c4340434d525557
3939373c3f3d362c37393b3b3f3b3b38
32312c272226303935383a3a3c393835
67644533313633322a26262524302e30
7b6e64606263626844464e513e393d33
7963626667666b635d667b6d5b4e6079
705a62635e60635b5b706b6d51777c7b
918f8c8d898d7c766f77776c68717a7a
8f8f8d95979a9c938987819d9c928f90
868e8b868a8f9291909798958f88878b
838383858d8f8488888b958b8e8e8c8a
85857a8692969391928487898b898886
8589908a8a8a827d817e7e7f898d918b
8c8881898f98979395989793867f848c
8083949d9ca789838a92898b8983968e
75818b877876777b7e898e91988c8c8b
b7b5a69e9d9f99979a9b9082718a8a7e
989a898b957c7d89877b84858b8b89a4
b9c9cacac39eb9b5a3ababa5a7a69da4
a09e99a59a9c978e8b9ba2ab98afa4ad
aba49d958e9a9a9d999f9b989b9a99a2
a6a2a5b5acb4b79fbbacabababa9b3b1
b1aba79ea6a2a5a4a2aba5aeaaaaa5a5
9a999ea5a3aab0b0abafaa9fabacb1b3
764d484f5869676564524b4a474f3938
515c57504c696f666c6666696858707c
4f4b40494f534b4d5b5e5853413d454b
464b4f4a4b4c49514e46434f55524949
3a4e5259665f4b4b595f56543d424a4d
606064594b4f4c3d363a495f5c5d5749
322b32383a3a393c464d554c3e415862
6743413f3f41414e3c413d38373b3838
37322c3c3f3e3e3f4346424042595b60
36363a3c3f3f3c3c3e3c3b3d393b3c3c
333430292a28282c3232323938373c35
3862432f30363f3b2f28262e33333333
7355585e53606950433e3d40523a3e3c
605c5a4d5b5d616260686b6f676e747f
66626e6060606a716b6365605f656c5c
89888c8d8b8b6e70798281786f6a7976
9093979799979188736d7a807c948f86
868a8882848c8c868e9595928d898889
878589929185858784868c8a888d8380
7e85838a878f909590878a94928b8988
798c8e8c8d8c857a82868b838d8d8083
8f919a9a99889791959da39988817a85
8a8a8c8f898684877b8e9a967d81918f
697a7e7a7777797f7e8690938e87988f
afaba7999b928ea2a29a93838583885d
a1a49c989e929078788a8f89898e85a9
b8c1c4b5a0a1a4abada3aca7afb1a59b
9a959098979a9999989aa7aaafb7aaac
a49ba39a9a999796979597969eaca6a2
aaaea7b2adabada2a5a8a4a4aba9aeb2
b0aaa6a7a6a6a4a29897aeafaea1a2a3
a9a2a1aab1b0b1abaaa89ba7abb1b0ad
76767f544b71664f495d524b4c443d3f
525b5d635e6d7d6565686763615c9484
454a3e6e7274716f70696251484f4948
5a5e4b4a4c4d4b4857585e605b555151
585c646d69635758606460634a4f5462
6e695d57595f63583f3540535a5b4835
3637423d3d474d4b4d5257534a617d7c
6f644d49445d5046424144433d3d3631
41392c3b4931394d5c5a4a4f606d6c69
38383d3c413a373a3a413a344544433a
333332312a272c474a4f4f4d3136433f
5250443029272b32312b272829323235
645b604d63585a61585e5853453f4e4a
62635e5e5d686a5a4a4362616065626d
6c676f66616063596458556066666961
76777d7a7e7f817b858a7e726d736c6e
859a9690778e837c84847e8888838a7f
75737c7d7f7f777b8a8e80948b8a9092
80858f948c83758385847f7d8185797b
8085848685858f94918e93918e8a8288
8689807d888d858080878990958f8181
92908796907b888986848c9191898a8c
7f7a839a8d9d8d7d869b9fac87898f8b
80817d8e8b787b7a908a8e9d9a81787d
b3b3a795909791ad95a0938d86878363
a6aba094989795958c899c88948e97ae
b3c2c3c5c1c0afb1aaa7a9b5b6afa4a5
a09ca09f90989ea3a8afb5aeb1b1afae
a4a1949599989491947d988e9cb0a5a5
b19fa5b0b3aaafabacaca4aaa7a9aba9
b3aaa7a4a19fa4a0a8afadb9bbb2bdba
a9a6a8b1c0b7afaaaaada2a8aaacb3b3
827f79525a6b63534e7a594148554649
575c565f6b717b766e7374745a5f8f83
575a6d7e6d597d8580484a4f58535254
52504c4c43504c3e444f56686358454b
5e605f624f5650545f6163485457646e
7e77656477807b59493e454f57574c41
34444c504e4e4d5a5d5a4c4a52779299
7f746b60564e4a46413f41474138312f
3a363c3a3d3d3c3f696451576f75706f
3b3a3a3e403b3a3a383b3a3a3b3a4e48
2f3039464c4f565660636662534d4340
5c4d463d3836393c34302d2e32313133
58545463594a4c524d494342373f5764
6063685e555b5c3a3c525855595b545f
4a326a4f625d58585c58505e66666d67
7b7173757d89878280827d805d70685d
8f919688888989866d8586798283797c
77787c7d7a747b7d847c6c658c879090
7c848e8e868176787f7f7b7477797b7b
8584817e8a8a858889807c8f8e8c8b8c
878780858f886f7a7f818c94928b7a85
9e8d7a6e5f778c868b8d8f95887b8d89
788397938882948293a3a19b7c6e8b96
8b7979838b7d7b7d858c8c9590837a83
b7a98a9c9da3a0a59b958e93948b7b77
aaa8969a9798928f8c8683868c8d9aa9
b8c3c3bfbbb9c5b7b0b6c5bcb0aca3a3
aaa19da29b9fadbfbcb6b1b6beabb5b3
a09a9c9299918a8b959ca593a59da3a5
b4a4a5afafaeada7a7a9a8aaa9a6a7a8
b3a69e9c9ba3a4a7a2b2b0b8beadb3ba
aca8a9aec0b6aeabaaada7aaacadaab6
7e7e666b706f68837d7261666c605758
616465646068724e7a4e7b7574736d73
6263747c788492966f4a48585e5f5f5f
5d5c5b5c557062676d597b736b66563c
5e60615c5b5b575b5c595d5a61616865
8b7269675e5f5350464a50555a6f6663
454a5a5e625c603f74706361778a726a
847e736856504b4c5954504f49454f3f
5c5e5755543a3b4b51535851514b6c70
38383f3b403a39373639393a3932625f
2f344753515d5c6e6f6f72713e4f4445
6b515443443e434636312e3134323436
4a464952434140504b4b37383a44566e
5a5b5846504b4c43464654514f4b5953
402e6d6767594e4f53545b6a7068625c
75797b787a7e7f887e7976706c6b4b4c
858288807a6c60534f656362697a726a
71757778757474725d5a548f8c877e80
6460667b8584817b786b5f6a6f717172
7a728384868185868581828687868473
8c838080838170746a6c706b8d898480
8b8283767580858790929087888b8e8d
75818e8b81748c867d80aba6766e8283
5b6260606c6f8084867e868789878b90
a485839499a1979394939394a292816f
899a888e90908a85907f7f75989199a2
c1c9c7c2c1c0cbc7cbcfcbaaaea99fa0
a39fa8a2a4a8b5cdcbc6bec0c0c1dce2
9ea09f938d97928a8a919a9fa7a3a4a4
a1a0a6b1a9abaa9c9195999ea4a2ada8
a9aba6a5a1a1a5a4a6a8aeb3a1a7a9a8
b3aaa8afaeb0beb9b6aea6a6aeb5bab1
787975777e72716b7d726e7a80726565
6b67686d73787b817f817f8286747f78
715f65645352979973464f686e70706e
6868676980736d766f7d837b74706e67
666c636462606d69685e5c6c62666669
8172726f66625b594c535c6868797763
45596367696c707a867f8599a4ac8a73
7d7b796b5c57555669635e5b56555347
6b75736a6344474f616559575b607679
4e4f4a484b4d525653424037313b7171
323b5462676e79797877756b64595e60
666662594436314a3d33373d3e483334
4e5a4b43424a4c4c4343443c39384962
4e56564548474c4f504f514b41414c43
758281735b5550525469606767675c54
777d797977777977726c67656c5a7473
80817f7a7f5c5a48595b575359596373
6e676a5c5f6d6f71777e868e8b865980
645f667782848058433b6170716c686f
6e6b837f7a798483837f7c7c7a796f6e
7880798076747b7b8082898c8a867e7b
7b7c7e7f838e8c8b94938e8a7e8b8981
88838081787a7a7d7a7caa8b61778a6e
64646e736c7686888270778d85878c8d
888480ae9e9f918e9192979a97906f77
9695949fae988686887e7d929aa6a095
c6c7c6c9c3b7b4c5aba3b5b3aca49297
a1a4a9aaaaa9aabcbeaeb0c0c2c3c7c8
9c9b98908e90918b8a9080a1a6aeaba3
9fa9ababb4b7aca39e9e9891a1a2a19e
afaca9a7a4a2a2a2a2a2aeafa4a6a69f
b7abadb1b0b2b7b8aea8a8a5aab3b3ab
8387857c7ea0928c857c77707070726c
797778787c7e82858483828b89968880
727c82808f95958780796b656b83837e
6c736c758371777f7c898a8685817d82
7a756c6c67676c6d6a63606b6f6c7882
7d5e5a62677f69564b61646b8f898380
5e626b6a76757d7690879db2b5b09886
7e7d7d6755535c626e706c61544e4952
928e577a8c806c707d7a71777779797e
615852585e6365585351534e4e3d5463
3a3f604781908d848991837a67625c5f
6e624d4c464444483f3e3a3a3f34343e
3b5f703c48505557554b423a40404f60
49615c4434344e4a615449423c3b405f
878f8a6c6557595a625d545a5f855848
686d7767665b76726e716d5f767d777c
7d7773604f3f3a49434f525d4962836d
7c756b6b615e616d737b6d817d745875
6974787281817b574445456060697172
5f6d80817d777a77818275647a72696c
8770727e7f82858585555888887d6968
7b808188898f898a87948e8a9499938c
7e7771757c7c7a7c7c7a7977797a735f
7170776f626f96847d818888898a8a84
80818784879999a48ea2a09c897c8480
887f808a857f76798175879a9597938a
d3cacacfc5c5bcb8b3b4afa3a59c8f8d
a8a9adadadabafafbbb5bcc0c2c7ccd4
a09b999895868c8d888887a7b0acada9
9fa7aaa1adaeabaaa09c9c9e9da09e9f
a4998f9ea1a2a1a1a19c9fa5a4a2a3a3
bfc4b6b3b0afb0b0aeababafb2b4ada4
8889867f7f949590898784807a797d86
79818281817a78858789878e8b827e85
7a6a768794988d888989766f80878686
737a8b7b887d7e8b8f8e8e8c8781857d
6e6e6f6e68616569645c607f796e7874
837377736c52646b62625b6d768b8781
706e7b95a2908d86907d9aa1abb0a89a
7b8e736e8a66737574777673766f6e70
939086a39488797a7d7c7f8281818e84
66675741496a6a636681726d63596061
4d59585d509a8e9091938d63726f6a62
573c49443d444d4842473e3e423b3b47
463a40414a46415d4e4240334051515d
484b4339294c545e5f6263523c3c514c
6e5c7e716b626a676463646664625f52
6a675b5551516a70757f747377637272
6f6d6d665a52576255433f4c5b737f6e
7567525667605d6064726c6a68656c71
777e80717d837b5b504f52495f607577
787c81847a7e8284807e7269716c7674
8580757a7d888a8785827087847d656f
727e80878c8e8d89898f8f909892928f
79767c696072776d727b8c7d7f796563
7a666b4d4c5e787b818183878c8e8a7c
78788484948c7b9698a8988a91928b88
867f6a5356716d737972868e858c8382
d4ddd3cfbfc7bcaab0bab4b589817d8b
acaaaaaca9afb8c2c2bac1c6c8d4dfd5
a69d9c8e8578858a7a95acafb4b3aead
aaa7a4a3b1a3aeaf9f98a4a5aaa9abaa
a6acaf9ea5a0a3a7a19e9ea4a4a4a7a6
a2a5a8acacadb1b8a6a6acaeb2aeaba7
8f8f8d8e8b8d9493928f8e8c88827a7c
868b8b878884868c8f958d8b8c85878d
776f84919c948a7e817e7f788c9f9a8e
848678888b7b8196897c7f84827d837c
7f7d777372727479786a768a7c6b8e83
8d97917a6d757b7b6c615b6d76878278
7c8292a6a19ea3ac9b8c9a9da0a48f8e
7d7c81837570797f797c866c938e9088
7b6b709b978e8989868d8f8687868e8f
656253484f5a5c5d676d706962716f7b
657c6b616a938b848655858679776c64
383c41484542554f4442464945494758
50474487534a514a4844434342493d42
51544f46383c4a6a494a3b363d3e4f48
6d5c747268666a6f7274746e6e6a6656
6a605955544a4f507c83716c515c6970
5e696465645c5b5e606059565c4f766f
655a4e50535f6d6a7579765e6d716f65
767e817e838a857a675c595762716a66
7f7c7e7e766e7b7e817b796c757e8085
8c8d8d82808060697585827a83837b7e
6c7c8b929799989591979093918f8488
767a726a7776786b66707a7678715f72
6c616c4c6970776d8185888c848e877a
8f8488888a7f7a898f818e8d857f868b
737468555c6c656b7475817f7a797a83
dee3dfe0dcdbccbdccb9aba093867876
aaa1a0a7a4aeb4bab6bcc4cacad7d7dd
a4939188857b8a808ea3a6a4a5b2b1ae
abaaa8a6ababb1afaba7a7a7abadb0af
b2bab19da49f9fa6a5a7a7a6a4a4aaa9
9a9a9694999fbcb3a7a9aba9a5a3aaaa
938f93939194948f969ea3a6958c7f7a
a39c978f83908d8e918b8f847e868d92
7b7a7a7a7e8584888387868a989f9e9c
93929694957c88a5a7a089848482817e
8b8b7a76767472736d756f857a6c9092
9e97986b9e918e88a8699c767e878b85
8b97a2909a9d9ea6a29c9c9fa29aa09f
8085778478797f7e86887d91948b8488
748497998f7e92997d838b8e8b8c8c92
6a635754595d61687e867a91918f8966
707b77849e94726b6d766f7d786c687d
3b3d443a4447584950494f525453505e
5840467539353e4d463b35634b4c493c
617b7556504970615a5e654b474b3a39
6d5e7674777b7c807678749673737274
7c717571544a586b7f85837870707d73
57595d616a645f62625d5a5c6a647d7c
605d594f496871747b6278707c716a60
938487858b98957a5d70726c6e766e61
78858398857e7f84817a827d74808f95
7e7d8089868575607674787f7f858783
6d80959795818a829699958b8a7f8073
72665f747576706c65767c7c7a685661
816278737c7f81627a7079848585827e
a18970868580828a88848b8a86888684
7473696d6f726a76777977706e778d99
d9e2d8d0e0dacda39ca3847275736e6c
aaa5a3a3a3aa9ea2aeafb8b9d0d9e1dc
999a938c8b8f948d9ba4aba9afb4b1aa
aaaaa5a8a3a5a5b0acabacaca29dae9e
aea8a6a4a7a2a2a6a7a4afa4a8a7a1ab
929094998d9ca69b95939eaaa6abaaa9
939499a09e9c9c9a9fa3afa19b938382
8e9a969e959381889495908a8d8d9193
8586888b8d8a8b958e8d84849da19b9b
7e7d918c8f9094a9a79d7b9a838c8984
8f87817d7f73716e7b8086888785817f
9c94999c9c887e86737f767c9e9d758b
9ca4949ea770a8a09c96a49aa9a2a3a9
928d8582828383828b8e8393999d9f90
698c958d80858a898d83958c8b939396
66635e5b8566676a7b848f7c92989266
717e7e53a4947e6f67746a5872666366
514c5752554b515d40565a3c2e596163
494f624e42506061556d6a575a555853
696f537e8689866b6c63807b3c47444c
706f6c6d79858486898787847d827a6f
82827676594d5e75828f908b8c8d8379
57585e605f546d4e5e6662677a7c7b7c
62646477747d7167656a768a7d756a5b
906f8d8c97749a8e6f6c707979757b64
7b9698908a8088898a86827692799595
7d8faa9d908a78637175798a8c8e8d84
758393959293929196947e8c8a89898c
746060767a7974737479808676665564
807b7d7b6d6e6d747c7e80818a81817d
987d707786918d818585878a918b8886
737f7d7c7a726379797a786c77828499
d4ccc2c4cbcdb4ab9f8d86827b6f7174
a8a3a1a2a7a0a79ba3b0b2afbed0e4dd
ac9b9294909394949ba7a9a9abb2afa7
a8a7a8a6a2a9ada4afadabadaf9aaeb6
adacafa7a3a6a7a7a1afaca5a9aca9a8
95919f9e9da49fa09c9b9ea2a2a8a7a8
97979ba293a49d9ca9a593a69d948885
949696999a959b9b9198979693939596
858a8f908c8d90928c8a888888969b94
858b9c90959793a8a49b9c9b9b989688
7d716179847d7f7e878a908a8b889699
9a989898958d91929f968b899d978c80
9c92768a93947e99a2a2a2a2aaa8a59f
85818f95969595949588838a9699a0a1
8d958e86898d8d8e8a8a908f9494968f
5c65696e6e74726d7c8788808f938f83
6d816d8c959584757f797c70556c6a6e
63676e715c726f713f575d39587e7070
3f4758657383756661637e6e686b6763
7f7e81988d898d606574594a43614442
786f7881878da27ea489a6a48f8a837d
85888077614c657f87939392928c857e
5f737f745d5e63666a687980877f8283
68747b86828a6e6b797a8885786d6e8b
729a9d9a987f9c9d8b8a88867e758267
8d8e8c918e8c90919397908f84898377
8e8baa9c9587838482848b9092938891
80899285a09d958f83868c9394949498
73897b82817d64677b796d846f615b72
7f7b817f7d7d7c7e8f90847f78817375
61606c7c7e8a8685858a8083989a8c82
80868483787b7d7a75777972787e8069
b8a8adb1b0c4b5a8a09597927f798180
a5a3a4a5a5a1999a98a2a5b1bab9c5c9
a79d988e8e96959398a0a5a5a6a7a8a3
a4a59fa0ada69d9ca9a9ababaeb0b7ae
a5acaea9a2a2a1a8a0aca6a4a8a8a9a6
9889939f9ea3a3a59d9d9c9da2a7a5a4
9c9b9f9da4a6a2afa4a5a3989c938c87
99a19d9e9b929c9c9198a196a19c969c
8f929293909791918e90928b8e91989b
9c9f9698a0a2a1a09b97959f939c9790
7a85838389959289909091908a918d8e
a199949493979aa4aea99e9da7a8a09f
99979695948e98a5a29ea7a2a8b7a099
8784999b98928d908c87878688919898
718987898b918e8f9996969893949590
6e6e6e7676717277858b8a87849e9785
7a74737b70868a867d797d6e62768771
76766e6c7072745252605e606f7c7b7c
2f4c788c9e9e8477716b706d6e767272
8683868b938a88854e454b567043322f
74798683859181949393969c978d8b8c
898a867e6c526d8c9da2a39e9686837e
716d727175796e797783868989808788
838487907d837c77798b858073677983
7ca0a8a17d9aa0a1999b9a796d6f766f
8c9499959694989a9a9c999591928482
939997958c7f9189878b97969a8d8c87
828a79799fa47e8d938b969493959590
8c8587a09088877f7d81868a80787e89
7c7a848384848590a592898b86847c86
5d6a72786b888178808884827c9a8d79
8d8d8b876e83817a7b80805e6a6f6757
a18a9096a0aaa8a3988e938383878b8b
b0a5a29897958f9796a1a1a99c99b1b5
9c999690909793959b9c92a3a5a6a3a4
a99ea3a0a6a99fa7a7a6a99f909b9f9f
a2a2a09fa1a09fa1a5a59ea3a0a9a0a4
a0979c9e9ea0a1979b9997979fa5a4a6
9da099a0a6a7a4a6a4a2a6a39d97908a
999a9d9994949c9a9c9f9c9e979b9a9a
9091919692928d8b8b85888e8f949a98
92a6a2aaa8969c9e9a9696989b96988e
9c9b98938e92a09496979694999a9a9f
afaca695a1aaa5a3a5a194919ba199aa
a39d999796939ca4aeb2abadb48f9897
90908e929592948a8d89888b889497a2
908f8a8b93928c8d8d989b9a93939796
927d80706a6c78848a9b92989ca39c95
857e7f768087888579767f7976949e96
8685827f8285635d5f6a817a886e8989
637c979f9d91797487826c567a818d88
9b9896999e9a6c5050493e4b6059a09f
86898a9092979795999c9e9997959a99
767e92828171809baeb5b3b3a087827e
747775848987857b7a7b858c89858873
8c8e979c928b8e8b7e8979746b616f75
919a969474a0a5a8a8958d9091918b81
989d9ea1a8a3a19f9f9fa298a0a6878b
8b999a9197919494979b99969b9e8c8b
8d8f8c6b999e9191979e9ea2a1a2a08d
8e949397968c888586888d8e84768691
8e8586888c8789969d908d8893938b92
64787763837d7b848d8b79846f9c9180
9192928e6c8b8c86848a896b67736661
9d919e9f9c9da09584938983838a9593
a0a09a9395969797989897988f8dafbd
9d9b99989997979aa09899a0a2a2a19f
92a1a4a39aa6a6a5a6a1a5998c99a099
a1a49d9d9c9ca1a1a29f9e9da7a79b9e
a18d878b8c98949d9a999795989998a0
9e9a9ca1a0aea5a3a4a5a8a59f97938c
9b9a979694939f9e9f9e9d9b9898999e
93929ea2a39c938e827e8c8d8f919498
a18f9fac9f9e98949493959696979897
9da4a1a19493999f9ba19d978e929d9b
8c8e9dafb3b8be9a9a978f918e9c90ad
a09e968f9a919fa5a39c97b99d9b9c90
8d898999979690898e88808190949ea4
a09c8d8d847a7a849a9899989390939a
978d84817076859294959c9da4a39a9a
8a8887888a857d8182777f82929fa999
8482848386906b646374756c767a747d
7f99a0a09a8a74808484749d70889084
95988a939a9ca04447514d4f5a669596
909296969696989a9c9f9e9b9b9d9a98
77797c6a728f969eaa758184a8888789
8089898d939082848e978a848b8b7c7a
949293918f8e948d84847f7a8074797d
9f9ea0a5ada887979799968f7f749e93
9aa0aaafafa8a9a69b93a2a5a49ba7a5
9f9c9e9c9b9a99978d9d9ba1a09c9590
999396997e88899ea3a7aaaca6a3a085
9394989a95928b87837e878a86758d9f
938b8a8b938f99989a9c97a6a3999197
7a7f7d7f838387898b8a939696999391
91989b9c98949190938f8e837362897a
9f9c9d9f9e9b988988908c8f8e92928f
9fa09c9897989a9b99989a9a968da3ae
9f9e999e9d9b9b9c9f8a8898a19da19f
9da5a19fa0a59292939c9ca9a7a1a1a2
a5a3a1a3a2a0a09da29e9da1a7a69c9f
a4968c8093999d979496989796999c9f
9d9b9fa6a5a4a6a1a1a2afa29f9b978d
97949595979190a09f9f9d99989b9c9e
969ba19797968c85838793939095989b
9a9da4a49d9c96959595969595929695
868e98939a94949c9aa19c9693959a9d
aba9aaabbda5c3c3c2c0b0919a8b8483
9fa0a29d9797a0a6a28e9099a8aea9a9
8c868496959286898f8f8c9091959da4
98948a877e767d90999994918f8e908f
958d888a8b8c91938b8a9a9da19f9699
9797989f8a88828b85787e8b91a6b1a2
858f8b8c908e776d627384747f888592
89a09a989c9491929191959e99958482
98948f97959da1a08b7271826b8d998a
8c85868e8696979a9e9a9d9b9e9e9d9a
8d7c767b737c7f79706280805d697983
889ba6a395a09c8894908c8c8f8d8a90
989896949b92908e898583888b898784
a4a6a6a6a8a499a29999959486957b8c
9c9d9fa0a4a3a09f9d9d9f9daaa4aba9
999ba09e9d9c9a949a9b9ca2a89f9b96
9c939499908f8c8b8c8d8da7a79a868b
9798998d9395959593849291908e93a0
909191959899a2a4a2a2a3a6a59c9b99
828788858b9295969898999a9996898c
9d9e9ea0aea49c9ea2999897979b9886
9f9793949a9b9692969e978f8e908e93
9d9f9b99999a9b9c9fa09c9c9d9ba4a3
a2a0a0a19f9d9d9d9c8e8c9c9899a09d
aaa7a6a6a6a69d9a969197a1a8a4a3a4
a4a6aaa6a2939ea7a69fa0ada79ea4a6
a19b92969b9996909c99999a9b9d9c9e
9f9d9da7a9aaaaa6a6aaa9a09c9b9a92
96989694949394959e9e9799979d9d9c
929e9e908e8e8b88878c9393969b9c99
a5acab97939890919190868794939292
878497979b938e999a98999a9a99929c
97a1b2afa695b4b2bdbaa79d918c8985
95928b94989a9d9097a2a5a0c0bba89b
88837e7b7573828b8d8783858e92959a
928f8b807f82889497988f868794958a
8881748d809793939b9d9e9897908d90
8295898f86829481807c73778fa1a693
868d9396989a9c9c86989a8f8c8d8e87
9096949693919995959997908d8b8889
99989591949da3a3938e8a9183979799
8a898a8b969b969096979c9c9da2a19f
898488887e776e6d625e655846627e90
8d979d9d9c9593929993878f968d868b
9696979a9f908b91828e8f929598928c
ababa8a8a59fa9a6a4a09c9894928a8e
9d9ea09fa8a19fa4a1a3a8aaaaa9a7a6
9c9a9f9e9c9c9c9895959d9f9a9c9b9a
9a9a999b9095969491949ba7a7918f8e
98949c9c959291908e8c838790919696
9395989a9da2a5a8afaaa5a6abaaa2a1
999696929a9889888fa09b9999959196
a1a09b9b969493919197979ba4a3a398
a1a09c9c9c9b98999b9e9b928b91969f
9e9e9a9a9997989a9f9e959b9e9fa4a3
989d9d9da0a09f9d8d8b909ea2a4a19e
a9a6a6a6a2a09892929996a1a6a7a79a
a0a0a7a69f96a4a4a09fa5a5a09ea5a7
9f9d9b9999969a9c9e9e9d9c9d9e9d9d
9d9a9ca9ada9a5a5a9a7a8a1a19fa29d
9a9694949596929b9c959794929b9c9c
8c8d87859e8c8b8b82919390989b9c9c
9f9895939193908f908b8c8e95949496
909a9991899193979e9a9b9d9d9b979e
8f8a79758080a3b7b7b59a8d90929491
98989290939ea5999a9ca6a5b0b4b1ad
6a6a6b6b6c6c72888d8d8b8c82919295
8c8a787c8180768990918582817f7d71
847f8786888f90a09c9ea1a5998d8484
8f8e8b868583888888737f679595938c
9091949697999692909f9d9a96928e8d
9896949083869c9b9c9590908f918d8f
a59c94929d9e9b9b99898c8ba29ea2a0
8d8b868a8a8e91949a999c9d9a9da5a8
8688959582748e8f6c529791986a8887
969d968b919793908d8a8a9a9b8b8995
9698979693928d8e8d8a9194948f9996
a0a8acb3acabaaa7a7a39f9ca2928f8f
a0a3a6a5aaa0a0a5a6a7abaca6a0a29d
999a9ca291949999969b9b979496959f
979a9d9a9a9da09e9f96a9a2a3948e90
949b9c9391938e908a88878d89929b8f
978d8896a4a6a19f999c9da0a09d9fa2
989b989a978c8c959c9998969b9a9d9d
a0a19d9694979696a0a5a39f9d9a9996
a39e98969899999b9c9c9e89849a99a4
95949c9a9a9a9d9ca09d9c9fa0a19aa3
9fa0a393989e9f9d96929391a2a4a4a2
a59aa39f9f9b8a9496949fa597a5a4a3
9fa0a5a49f9ca6a19fa1a4a7a099959d
98999a999c989b9c9e9e9d9ca0a09e9d
a19c9ba2afadaaacadaba2a3a5a4a39d
9b969590969495959697918f939a9c9c
908f909b8e7c79778b90908d8b929d9e
9d9b908f918f8a868e8a898e92919092
928e8e87899394a7ae9b9a969692849b
7f787c7f7b7a83a1a491a4a2888f9394
8b9195938989909292939f9c9d9f9f99
7771735c6b798a8987687c9395926678
796b797e7b7a7f88827d746870707975
8281857f807b8c83868998a3988a8783
848b8f8884817d88867c7b8f79927d81
8d9b9a95999d9e999392949394928c8b
9993908a73849290909d8a898e95959e
a79f97999b9d9a9e9a9499958f8da3a2
9494878c929b9c9996989693969ba4ab
9b9c9e9d91989b9c9b979c9e9d979594
9a96958496979592928a8f899693979f
90929596929697989695979aa4ada69e
9ba0a5a7aaacaba8a7a5a09d9b9d948e
a6aca9a9a5a5a5a6a6a8a9a9a4a09690
9192959191929c9b999a98949191989a
94949496a4a5a5a4a69ea79ca19d9997
96989c808b9091938d8d8a73908b8e91
959493909999979394948d8f9d969799
aaa89ca19f9f9a9a9799979a9c9fa3a1
9d9d999999999792a0a0a3a29f979f9f
959897979b9e9a9c9f9fa1a09c9e9f99
97999d9e9e9f9da09f9c989294978793
a0a1a09a9798a09f9e98918ca6a4a19e
9da3a2a19a989b939b9aa1a3a4a3a4a4
9aa0a6a5a09fa09b9d9fa2a29b949a9e
98979898969a999b9da998948e9d9b9b
a5a0a5aaadb0afaeafaaaaa6a9a6a39e
999792919596979595908b95999a9c9e
8e919089867b7887868c8e899b909c9d
918d8583848a817b748085888a829891
8d8a8a8b898d8ea59491979a8a8d7d92
89807c7f79777e84878e8c898c959293
7c848388837d7d7e7f8084888585928e
6c6c67525a5c6172646b7a8080828281
76697474727574727172706d6a676a6b
788184807b7a898682859ca18390817d
8e8d86937d7b79857c7f82848e8c7c78
98a3a09a9a9b9b949395949290918a85
a19c908a84949b9a9a8f8a9092999b96
9998989799a2a39f91989b999a96a69d
928b8a9199999997938f959398989c9f
9c9c9e9d9d9d9fa49fa2a19c9d99928c
97968d93939794908f8790949396989c
96949492979a9d9c9a999ca5aca9a09e
a5a3a4a3a6a6a7a4a6a1999c9b9f9990
a6a5a5a29596a7a7a5a3a4a3a1a69695
9090928f8f999b9a9b9995939293999a
9595949ba6a8a6a4a499a3a7a19a8b90
979899918e8a8d909395918e908c8e8b
939393999d9993938f8f909194989f9a
aba59d9c9da09fa09a99989796979694
9e9ca2a2a19c99999a9e9ea19e9c9ba3
989e97958e8c9aa09e9fa0a09fa1a49f
9b9a919da09d9da19d9a919092998d96
a19c9e9c9d9d9ea19a96949ea5a5a4a2
9ea29fa39e9b9c979996a1a3a5aaa49f
a0a1a4a09e9e9e9895a1a39d9a939fa0
98979898958f95989899928d999d979d
a7a5a3a9aeaeafaeafa1ababafa7a6a4
99978f8f959696939c95919b9b97989f
898f8f8680868d8d8f9194989b9aa09b
7f7d7d7e86827e7c747177788a8b7b7a
91888a8b888a8d9f928d92958f859289
7f747570818a78757e818283878d9290
6b6765676464656c625c5f6358566875
65625a56585a5c5c586a7a7a716f7173
6f666864656968646769737774676769
788a8c80818a858a90969b978d8b8078
8a8b838b69667d807b7c76758587818a
94939c97959a978b8c8f938d8b8e878b
9f95939293969a959792868f94979c95
999b9899a1a28988879a989d9c9e909b
99939295949a99948f929291999a989c
9c9c9d9e9e9fa4a7a6a3a3a39d94989a
9d9694969a9c9891908c92929394979c
959394909f9ea09d9697a0a9a9a29f9e
a4a9a9a6a5a3aaa9a49f999d9ba29d94
9790909c989a9d9e9fa0a2a4a6a799a4
909c9f949c979b989096929497989999
989a94a4a3a7a8a9acacb2a89d999590
9796979187868b8a8b8c8f9191938e74
959597979b9695949492939496989698
99999a97969799999a99989692918f8f
a3a59da7a09f9c9b9ba09ea09c9a9999
a19a908d8b91939b9d9e92a5a7a6a7a4
959996919b9d94a29f99969495999b9d
9c9e9d9d9ea1a1a0968e949393a0a39e
9da199a4a19d9090999aa0a2a7a9a5a2
9fa0a3a19f95949a9794949d9b9ea1a2
9998989590989494969292938e9c9c9c
a4a5a7b2b2b0aeb2acadafaaafa7a7a8
9793908d8c8e9e959b97988f97989b9d
858b8d886a83808a8d9296959f9c9f9a
7d807c8085858783867f7c7f85927f82
878584827e828c8e898a908e8789837d
857c73729e88807e7d7c7d8380828389
757c79796b7765706b7b70747383586b
5a6551595354575a5b807772705f6e71
6e68594a57565b625a5857616364615b
76808178767a7978787a7f898d847775
8c7e826d6c777e7f7a74777a84877a78
9a9a999594928d89898b95908785818c
9895969998939191928f8e8893a19998
9c9996938e8e889097a2a3a19c9b8b96
96979392989d9b96949595989c9e9b95
9fa08b8d9d9b998598a3728e8d8a9599
938f9b9b99949d95919493869393979b
9695939c9f9e9d9899969d9c9a9a9b8d
a6aaa9a5a3a1a7a5a1a39d9d9c9f9890
9f999d989596919d9ba09ea3a19d98a0
8f928f9b9f9c9e8f959494939995989b
959b99a2a198a39fa7b5a79d9f989b8d
94948e868989898a8b8e929291928675
9593929494959695908b949497989493
9a9895969da098959098969591918d90
9ea3a1a6a29c9c9e9f9d979b98999999
939a8f9b979c9b999d98959aa4a1a2a4
a0a1a2a09d9b9d949e9e9b9a9c979494
9e9da29f9ea19f9c94929091919fa19b
9e9ea19ea09e9b9a9692a0a1a7a4a3a0
9c9fa09f9f9495939796939d9e9fa19e
8d999998979d9999999a9b99999c9b9b
a6a8a4b1b4b3aab2adaeaeaeb1aba9a8
8c8d9390939d9e9f9f979e9a91929ea3
8686867c777d797a777a8787969a918e
75757275797a82868c857d818a8e7479
8180817e74767d8782808c8a847f7575
726f76847e79727473757a7d80737188
686a6d706c6b6763656e737177797276
5259626261606062646a7064606d6b5e
635a675253464d5f594d4b49525b5a4c
85817371777474777371716e6a646a6c
7e78867c77766965676f636c72748486
9c9b9890958e838180857f8181838672
9095939897949294908f8d8c8c95908f
959593908d8c888b94948e8e8c8d8d90
969798979d9c9b99969598999a9c9794
9194918d93949092929d9b9d8a919499
9592939892949c978b8f898591919793
96989994949692889795999b9f9b9492
89949a9ba299a3a2a09f9b9d9d9c9290
948d8b90969b9d9e9ea3a39d9d9ca490
8b969a9ea5a39b96969299979298999a
8f909ea39a9494a1b2a29c9ca09e9b9f
8f918a8786898a8f8d8f92908c877e8c
9a94929491898a878a8d958e97a19391
9c9991929592929496979593918f8881
a2a29f9e9896989f9f9c979996979797
9f9ea0a19ea09d9c9a979a9e9d9b9fa1
9c9f9a999a9c9f9fa0a09f9b9f9d9ea1
9f9ea29e9d9b97989691928f979b98a2
9d9da1a29f9f9f9e9b9597a4a1a19f9f
9f9e9c90969598999a9992919e9c969d
8e9c9b9a949d9a9c9b988f9896979491
a398a3adb2b3b7b5b3b6b2b2b0adaaaa
908f939299a09fa1989d9f9e9d9aa5a6
83807a787e7c7e7b716a6e808d888a94
72796a6f797674838f87868989888579
797b8281787c83817871737674737271
706e6b6c73745c6d6b6065676e647a7b
7a6363625a5b69656463666771747270
565856575b5f5f625f6c656b777a7b66
545f555d4d4e5d6360585f5a53504e52
7675716c73736261646367645f4f564e
6a504c7f6c5d5c5b5654555667797e89
9693937e7d8985847f7b798587747b7a
89858787878b8c898b858d8e92919495
8fa193897f7d84858d8f8f8f8d8b8c8e
929391918a8c93949191919794939494
8f8f938e929893969a9c968f8b9a9d9b
9592919191989b8f8f8c8d89849b9893
9d9e9a9597969397949195989d9c9b98
8b939294989ca09f9c9b9a989a978d8f
948c8c8f9ea2a3a2a4a39fa0a2a08f8a
8e999a9ea4a29a939b99929996969897
8f9b9599999394a19696959a9b999894
898a908e8a8e93969391919086858790
9186919491918c8987978f8d908e9088
9a958f9192919395918e898f8c8c8a8b
9ea1a39e94989aa09f9a9796948e9896
9f9e9ca0a1a29e9e9b9b9c9d999c9a9c
9ba09d9b9da2989f9d99a09f9c9da2a8
9e9d9d9e9e9c989798949598a0a19fa1
9a9f9ca09fa09e9b999c9d9e9ea1a4a2
9e9d968e92919b9e9d9a93949d9b929b
9c9c989a9d9b98959091848b94948f99
a4a3aaadadb2b5b7b4b7b6b9b4b0aca9
9395979aa0a3a49d9b9d9d9f9d9aa6a9
817d7c75838e8f8b8b8b898a8e829994
7b716c7172747b808c8a8b8e8e8d8a82
776654556d726f6f6f6d727171716e79
655c5b5e5f5d7e6d6f71695a67617d7b
6263696859585a565c6264696e706d69
5e58535555565865676a696b6f706f6c
474b5153615b5c636867645f5750565a
81696c6e757f7d6b5d5e5d5956515050
776f5c4f53564b49434c4f4b58708889
928f85787a8185847f7c768586807f7c
83817f857e7a818585868f9094919294
8d89918b8482868a8c8f908f918b8b89
959392898e8e8e8a8f93908e91939793
919698938d90959697929798999b9e98
8e8d8e91908f9192928d8e898d9a9d8f
989e9a9599989e9d999f9c9494989594
898f8f9b9c9e9e9d9c98939a938d8e92
93909497a4a39ba1a6a29d94a09e9892
8e9a989da1a29a8da19c979a9290938f
9197998e9292968f89919e9c9a979697
878b9192939498999592919187828b8a
87878785918e8983868887888a898c87
97969494918f8d918c8d8c878b8d8e86
a09f9d9a92989aa0a098908f91929899
96959d9c91a19d9d929d978f96999a9f
9fa19d9c98969c9d989d98939f9f9d9b
9e9e9e9d9b9b9b999a9b9c9fa1a0a1a0
9c9d9da09f9d8e969ea09c9b9da1a7a3
9b9a96929292999a9098959a969c9b9e
8f93989c9f9c9393939490938a929492
aba69fa0a2acb3b4b3b7b7bab4afa8a8
98999a9da1a2a0a6a4a39e9c9c9aa5aa
817d8585767f837e76787c848f929797
7a6f7074706f79819196948d908f8486
6d68666e71736b696b6c6966686d737a
6c6a68646670747678656868746e7d79
5c646c69625a5d6061616c6e7071706d
5d556260645e5d696b6f66676b6d6d6e
4f404d56665e5c625f5e5b5a62626664
65646667625e5c5f5d58545356565656
7c786e625a4e4443434d4e564f6b7464
97988b7d7d7e7e847f80808080727e82
808083837e7e868787908f8f91929292
8b8885878b8e8e8d8588878f8d878785
92908e8a8a8a878a8c898d8e8e8c918d
949491858485888c959a989795939193
8e908d93919c999a94908d8b859b9691
9c999d9a9a9b9f9b92908f8f95949692
8d8c8e979e9fa1a09d9c98949191949a
9793989b8d9ea1949f9696979b9c9d92
8287878f9ea09da09395939b97999994
949795919293938591919a9a989a967a
80818b8d8a9594919299978a81928f8c
8c919495938f8c8c8e84888c888b8982
959495959190928a87898a888d8c888a
888d918e92979aa09f9b979594959a9d
94949594959e949b9a8c92928b919c91
979791918e8e8a898883868e92929696
9b9c9b999a999b9e9ca0a49fa3a3a09e
9b9f9e9e9e9a949192989e9b9c9ea19c
96969596938f91929d989a9a969a9b9c
9694979e9d9d95949696989390969796
ada49b9fa4aeb4b7b8bbb3afb1ada9a6
95989b9c9d95979a9f9ea2a39fa4a5a8
7d77866d7576878888787d8692939093
6f736f7570747b878c888d8c8d788b8e
6a6f747a7b7e7e7a6d6e6f696d6b7b77
68676b6b6768686f7b6b5b6377746f6e
706d6e61666c6b666c6f757368737370
5f69666b717161747371777474696956
4d505a697b8d866c6e7d787269645465
646464625b5d5b5b5a5a5b5b5d5c544a
827b786b5e564f48474d4d4b486c776a
9a9290817c7c85847e81817f7b788084
7e808384878d8e8c8b8a969d95979393
8382868b8e817d8082858d9493888281
8e8a868887898b8d8d8f9092928d8988
93928e89868787889497969291918e90
8d878d9895929a978f908d8397968e92
9b959b9ca19f9e9b95948e8f998e938e
9796999c9d9ea09e9c9c9d9191929692
9fa0a09c9c9e919e9a91919095a39c9a
748283989d999da299978f9d999a9a9b
9292929495909093929b9794968c7a78
8b8d8d8e8d8d8d9091909a8b81838c91
9094958d8c8689878d8c92928e8a898b
918e8d87868c8e928c848284817c8292
879298959795969c9a9a979899999896
9397989795918e978693949399918f89
93958e847e7b76746e73828a8f8f8094
92959a999a9a9f9f9ea1a8a2a3a29d99
9ba19d9e9f9e979595989d9995939592
92959a9796969b9f9e9b9b9b979b9a9a
9798989e9e9e979395979b9696939293
999ea0a2a7b3b5b6b9b9afacb3aba8a7
9496999b99989a9aa0a4a49ea1a5a69f
918a7f73787b908d897f7e9093908791
6d746c727076748a7f8b928e8b7e9292
666d788183838794817a7475746c7570
6c6a686a6f6a687175717b6978796766
817a7579727a7b737476777a75766a6c
807b736b7f78716e7476807981867f86
5355595f896e7d7c7f857f765c577274
635e615d5c5d5c5b5e62666560615a50
84827b6b5c634e46484f4b4c4f696d65
8392948a828488828284798479798282
817f8183878b8b8d8f949c9897989393
8184888a8c898588898a8b96958c8481
83847d8785888a888a8f9396938f8987
8c8a938c8c8c9193959593848284828c
8b8e959b96979693928e898197928d8f
9c9b9b9fa19b9c9a9a94989997928b84
97929e9f9f9e9e8c9a9b9b979594989a
9c9f9f9f9a9a9b98979396989c97a29a
90989a9b96a2a39fa09e9b9b99999897
9494939893949ea2b1a6a19494907d85
8b8c92938f8f8e8f8f919a8a7b787994
8b9495898a8b8a8a8c8d8a8f8f8c8e8e
898986858a828989898091857e7f979f
8594949190978fa39895939295969691
96989797928d8b8694929594938c908f
989a9795929391908f8f918e8b858d8e
8e90938e949a95969ea1a1969c929799
9d9a968f8f929095979d9b918e8d9285
8f93949395979da09d98a09a9498999c
8b8a998b9d9890928c959a999594908f
9aa4a6a5a5bbb9bdbcb7aeada9aaa7a6
9496929b9c9f9b9b9fa29ea2a2a3a49f
83828484848689787779848e8d8c8a93
726e786e7c798988848385858b8d878d
6f758085818997a39b8d88827a747c73
7f7a766e6b8177747d79736d716e7472
888381807d8b89787f7b6f746c7c7d7e
7a787490998d84858c948e86898e8d87
5f5e5a5c5c5e6661898b7f7764687f7e
5f5e5e556464625d54555d5a5a5c5c5d
8380706c7269665c5553555b5b66625f
979897948c8b88858583878673788585
7f777587888d8f8f9194968e97969696
8786878989897a8a8d909497958f8987
878b8d8c898a8b8b8f8f91908f8e8c89
858891918e8f86959489888684898884
8e999b9896979692928e8a8099918c8f
9ba29f94a19a9b9c94969a9c99988e8f
93909ea1a19f9d9b97979b938f989697
9496969c9a97989b98969a9c9fa2a199
94958f9ea29f95a29b969b9b99979692
91919095969bafb6bcb4a19996939188
8c8b8f8f8e8d8c8d8e7d737877828a96
9b9f988d8d8a8e8d8c9097959585937c
939493949191919092928e8b8885a3a1
85929493908e8a9aa3928e9397909595
9396989392868c848b979295958b9090
979795959593909390908e888884878d
807f7e8289878d858e98918f8f91929b
9a9e979590929593929384868a8a8785
837d7a86898a8d9992949a9c95949797
8f8d918f9894928e88889597938f8b87
a0a1999db4b9c1c1bdb9b4b2b3ada8a5
98999d9b9d9ea0a7a6a19ea3a19fa19d
8c8b8b869b938c868176828e8b8d8d94
73697b727f80898d8c8b8d988f91878f
827e7d70767e8f82878e8987897c8474
7f78687d7b73847f808d8c8f70728c8d
88888b8a877e7f7f8081807c817b7572
7b7e8697948e8e969088889084939284
6468726973807c7f8a877f7e7c858581
665e6769696661676f767f7070645c5e
86807876786969675b5f4c4f5665676a
9d9c99968c8d8a88858a8a8978788d8c
9292949693929393949393929a999fa0
8b91968e898380808d939494988e9593
928e9092928f8d8d8c9293949191828c
8a8e92929392919388898989888b8884
8e8b8e95979794928c8a8984968a8689
a1a39ea2a09a9c98939f9e8e96979090
9b9e9ea29f92928f95989b8d8c98989d
9f99979d9d9d99969292929da5a4a19a
92928b92939e99999b999b9c9a968b94
95939495998f92a5aeabae9f9c7a8d93
8b8694968f93948c8e8f8b82808d9393
aba89e8f8c8c8f908d929f9e94808a7a
9b9e979a9594939098929b958991a5ae
909c9d999894909293a4a5a199939498
939898978c9092909890949294929390
948e8b8e8e88808893948c8887868488
76748182869386878798948a93958e8e
929ea0978f908d9190897b7d8c88827e
908f877a8483878a938f9394918f8f92
91918e8e8892938d9296948c9386827a
a6a19da2afb2bac7beb8b8b5b1aea9a6
9b9ea09d999d9aa6a5a2a0a3a09da1a0
959996998d888a8887817d838b8d8c99
71787b808484888d959a9892949ba0a5
908f8b89858a94918d898b888380736f
7f76778581818283888d9096809a9591
9c979194908a867e878782857e818284
8c93959093949d9a999b95908f8f8c8e
687d876f8e928a788586848281858487
6f6472776b696b72797f83848482766c
8d888984786a4771726a5f626c6f7673
9d999a9593918d8686878c887e7a9893
95959696969492939494939393969aa1
868690908d8e8f94969696968c8c9394
8b949796979393949696969093918f8a
898a8c95959495938f908e8b878d8d89
98988e899996958f897c7d888886888c
9c9d9b9b9b9d9c999c9f968d9b929091
9f999ba29b92949aa8ab9e8e94979a9c
9f999a9b998e8f928c8c9592a1a29d9f
8d95979eabafa79c9a9fa19e9896989e
9f9e969997989aa5a994b29b9b77898d
95929394939d958f9294939290959795
9997a09a908e91918f979391958d7a8e
8d908d8e908e889198999a9ca2a6adb1
94969e9993949598a2a3a4a09795908b
909598988c8e8d8c8f8f949593909394
7c818a8789807589999c8f8c8885868f
787e84868588898891998e838b888487
857b74768e87777e8483898286837e78
9a957a6e7d83858f8f91918d7f858670
7a7e82839f958f858c8e8f8888888685
92887f8a9aacb6bcbbbcbcb6b4b0a8a4
9e9d9b9d8f949ea09ea19d9b9f9fa395
a0979a9a908d8e8e928380808b8f939f
738181868e8c8c8c9397998e9aa6acaa
9d95918d8d8b908b8681a29d8f88706c
928b8b8e90908e8c908b98a1a8a5a6a8
989aa2a0948e888d95948f908e8a8c8e
939c9c949599a5989d9b97928d88868f
80848a979d968a779388878885868886
7b70888a8772777c7e829a8f98a0978a
7d708b857f7356586072697c7c81847f
9fa0a49c97938d898890908c85839e99
919b97989795929191908d8f90969b9f
87859391918b888a989a99979596a5ab
90949796939195959096929190918c83
918f9191929596959695928d898f8e90
8c9393939c9a948d8a7b85908c868f92
9b9e9d9b9c9d9a999ca4989496938c92
a29f9e9c9895979faca9a08f97999999
a69697918f8b8f908e92929191949ba2
9b9ca2aba7a59ca3a4a2a29e9c9b9d9d
99999c9fa19c9a95a595919c90989c98
9892918c8b9d9796979695928ba3969b
b4aca59b9692939493949a94947a7b91
9492918e8d8e8e9a9b9f9fa3a5a6adb4
97989f98948f9c9c9ea1a3a29b939290
87959697938a8d898b888f90928b9293
818778747c818f9294968f8480869191
817e7e8082848a91878c8b758885898a
807f7063748882848b88858377777b79
9589716d7a7f84888989807b737a7188
7d7a727fa59080818b8f8d8b8d908594
968c8a8d9299abb5b7b6b6b3b1aba8a2
a5999b9d9491a0a39e9e9a9f9f9f9392
a399928d8f907d788180777c8e9191a3
7580838a8f8e8d8690949588a4baaba7
999791929194939397a6a99a907f706f
8888898a99989290979ba19b9b9a9d9e
9791a8a5918c908d94969596938f8e8f
95a1a08d85969d9c9a9e9c9a8a858f94
a19e9b9c99968c7c7a8b878789888a8d
7f8284827e7b7b808896abb0acaba89d
8784878281766d717279747783838178
9e969b9c9d9d98938e95928b8399a188
8787908f8f97959599949795939b9e9f
8b8c8f9092939997999c9c9a96958986
949e9c9c979590909997949497958f8c
859293939494979593949296909a9896
8d8a8d8d959792938e8b998b878d908b
9d9b9d9c9b9c9c9ba0a39d9094928989
a7a59f979795919c9c9c909696959d9d
988f95958d8f8e929496969697a399aa
9e9ea3b5a39d9d9f9794a2a0a0a09e97
989a9d9897a09992a58b98999a91a49b
9393938f8c8888878589898d98a49f98
aaa7a59e989a9997989996948b818187
99979792909195929c9fa3a5a5a5aab0
959d9699999898989b9e9d9d98949596
92958c8b9090919192918d8e8e8d9094
8a85797188899593938e8a8e8d8b9398
7c8183858a8f8f88868486909395908f
7980738c858783818e8d85827c77787c
8b86716c786e7b88898a817f7f797e79
83677e8a9b84808784918f8d8d8e8d8e
8e90909a9ca8b1b3b4b6baaea7a7a9a2
93949a9a9696a2a39f9d9ea59f9a8c85
a19f9a9392918d86828580919f9a9ea2
7c82848c8e90939a9c9e9c93a2baa7ab
97939291999895959495908f89858977
8b8a8a89a7a8a2a09e9f9e999b9a9996
959ca19f939390969a9791a09c989292
a397949793969b9d9e9e908d91959596
a7a5a09c9c9a9790918e85858e8d8496
7f7a7177727d89949ea19c9caaa8a58d
9f99838488848a8b9081828b8b8b867d
a09d9e9e9e9d8a8b8e9b9595a0afb4ab
969894979f99989699959a9896999fa0
8d8f928c959da0a1a3a3a39d9a9a9693
a2a4a49e98999b9c9a9b94969795908f
93959494949a98979593979a9b9f99a1
9195969897969393978f939996999692
9fa3a6a39d989d9fa3a59d9097929392
a7a49d98949198989d9d9c9a9d9fa0a0
9b9b939792938f90919c9c9d9c9ca4a5
a8a1a1ab9e9a958b9599a4aba9a39e98
9d9d9b9a9b9997939394908f8f8ca9a6
929395989a999a9598968c9d9ea39f9c
9f9ba69c9a9b979793959b9387878e8e
939197978e97999e9ca3a4a7aaa3a3a0
959394959b9d99a09f9a999195979995
9094938a9291909091948f898c8e8b93
908a7a8a8495a39d928e8a8f91929693
80828c9197a4a0928b888d9097879692
807d7a8c8e878c908f928e8e87807c87
938d77728d74808f8d8c8a8895778081
867481868c8a888b91959291948c999b
9296949199a4aca9b1b2aea5a3a5a5a2
858783898598a4a5a2a2a0a09b969187
a4a49e99918e8a878d90949c85858684
83757e95939392a39e9fa39ba9b9a5b3
9ca2989998999197939090908b86839e
9ba2a4a4a6a6939191a19b999b9b9a9d
9da2a6a096919395959494999b9a999a
9fa0a29c989a98a2aba9a29c9b9b9997
a09f9e9c96a29995928f8b9990868ca0
827d78656d89949197a1a0a19fa7a7a0
8e8c8b939d958e888f838a8f918b8888
a39ca194a197959a978c9b9ca6acb3aa
94999d9a9c9592929a999c9b99999da4
8f8e939a97a1a0a3a9a69f9c9d998e94
a1a5a49ca2a5a19f9c98979599989290
9b9a989a9999979692979c8f8f9996a0
979698979695879193919c9d9e9d9c9b
ab909b9fac9a97a0a9a7a19b99949396
9b9f9b9c9596999ca1a29b8c9ba0a1a4
9f91989492918d8f919e989f9c9d979c
a4a299a18d9592929796a5a8a4a19d9d
a1a09f98989a998f92968e9b8c8aa3a7
95969998989a94979c8b8e9da09e98a1
a09d9a9e9e9c9895969b97968b8c8a97
959a999897a1a49c9ca6aba99fa3a0a0
91969797a39ca09d9f9993949196a0a3
909a9194948f8d8d91928e89898c8f92
988b7f788397a4a494908a8793929995
7c7cbecac0c4b995949693968898999b
888f998e8b878f9391938b8a8f8a817f
9583827a79797e8a8e8e919b9c8c7e7f
87808c8e84858d8f94918f9677929696
9a9997a3a6a9aaacabaca69d9fa19b9f
8685889a989da19f9ea0a79f9b969492
aca7a19f9a9592909498a08e8987898e
92908d9699979b9fa1a4a8ababb2a3a7
9f9e9b9fa5a5a8a39c9b9d9e94999c9a
a6aaa9a6a49b969aa2a19c999b9b979b
9ea2ada295929596969798989b9e9ba1
a7a9a8a39c9a9598a39e66939e9b9a9b
9e9e9d9a9ea29b9b919c959386879dab
8b8a8b99a4a9a79da8a29ea2a2a1a39d
8d8f97979d9b9c9d9e9b94949a9b908c
a7a3a6a09b9da5a29d979da7a9abaea5
8f9e9aa49c9a9ca09fa0a0a0a3a7afa5
91949e9ca7a9a6aaaea9a49b99959693
a6a5a8a8a8a8a5a299979b9baa999393
9d9d9998a09e9e9d98a19a959494a4a3
9ea3a29e9d958c929796a4a7a6a3a1a0
9996ab9fa1a4a2a89baaaa9f998a959c
999f9e9f9d9ea1a0a0a1a09da2a4a3a5
9e9593978f959b97969e9a9e9d9a9997
a2a2999597918d95959baaa8a1a29c96
9e9e9c9d9b9d9d9da39c99959b9e9aa8
979b979b948f90a0a9a39d9f9f9f9e9c
a0989c989c9c959593989b9995939597
9397a2a29aa5a097938b8ba2a6a59ba0
92959c9c9c9ea0959199999b9da2a8a5
8e9195938f95919290918f8c8e8d8a92
9a918c8b90928a9593908a9192959b93
858587888ea79797978f9a9597979898
90989a92939197989da196958e90958a
98887f7c7d7d70757c989d99898e7f88
8d8a8d8a8d8d8f9196918b92939b8898
9b99a3a3a4a5a8a9a8a79e9ba193959c
939595969e9b999da4a2a5a39c908995
a7a8a8a2a19d9b999fa09e9397939393
9fa19a9798989aa0a5a9acb0b4b6b8aa
a2a3a0a1a4a2a09d9c9da2a0a3a8ada1
a8a9acab9c9da2a2a09c9ca0a2a29e9f
a6a4a49f9996968f9b9798999b9d9aaa
a4aaa598a099a2acae9f96989d9ea2a3
9d9d9ba5a2a19da696a19b9696a6a0a3
a891949ba4b0ae9ea19aa0a9a59ea09b
a2a2a2a0a2a09a9d9d9c9b979896939f
a3a3a4a4a2a8aca3a4a498b0aaaaa7a6
9ea4a6a7a1a0a5a5a1a4a4a8a6aaaaac
9a9b90a0abadadadb0a59c9fa6a09d9a
a9a6a8a4a1a4a7a19b9d9f9a9a999a97
979e9e9e9395a2a29d9c9ea3a1a4a8ab
a7aaa7a4a19da09da09fa9a8a7a6a28c
a2adaba8a9a4a7a99eaca89f9c979da2
a6a29d9c9d9e9fa09fa0a5a3a5a5a8a4
a29c95929597979d9c9fa4a5a09da2a5
a8a5949a9c969297949ba0a2a4a4a29e
9a99959a999293989896929ba59fa2ac
999b969c9e9e98979b9d9ea09f97a29e
9a95999c9d9a9a9e98949899969b989a
9298a3a29ea198958a858fa7a19da09b
9094989b959a9a8d979a9ba0a6a7a49c
9999959598969491949390918e8f989a
9893919191959494938e8d9799929997
9c9190959f9b92999696989895919599
929b9a9a979b9a9d9f9c93969299a19d
827b7c808185817d93918c8f94848f92
848d9099909290969a96948f8c948588
9e9a999da2a0a3a5a7a49896969a979c
9a91989a9c989eaba9a9aaa6908e91a4
afa9aba8a7a4a3a0a19b9b9ba0a19799
a7a9a09a9596979fa098abafb3b7b6b2
a19d9b9fa3a2a29f9c9da5a8a7a4a4a4
9b9da0a0a0a09ea5a29fa2a1a09e9e9f
a6a5a1a29c9699969c9797969d9d9aa4
a09da6a8a8a5a1afaba59ea09ea1a7a3
a5a29f9fa39f9ea1a1a69e9b95a5a7ac
a3acaba4a8aeb0b1a5a5a5aaa5a19ea1
9e9fa29fa4a19b9c9c9b9e9d9a9a9a99
a9a3a7b2afa8a7a4a6a9b3aca4aeb0a1
9fa7abaaa3a3a4a9a4a4a6a7a0a0a8ab
a09a90a1a8abada5aba49fa5a9a3a4a4
aaa5a5a2a0a4a7a29da2a29e9da7a09a
a3a1a09d9a9d9c9c9ea1a2a39fa3a8aa
aaabafaaa7a5a6a6abb0afa0acaa9c8c
abb0b1a99ea69faaa4aaaba6a69fa6aa
b0a09c999b9b9a9ea5a2a6a8a6a9b0a6
a8a19997969797a8a39fabaa9aa5afb0
9b97969696979f93939fa3a8a8a2a4a3
a29f9996989493979a968f969a99a09e
95949592959695a6a59f999f9b95a5a1
9c9fa09e9c969b9c9c9b9b9c9e9f9e9c
959b9796a4a19c9599909c9a9d9a9e9d
909a939395949b968e999095a896a09a
9c9a9a999191949695959292988e9191
918f9195989a9998969793909b999c9c
93919193969994879590989b96909093
999b9fa4a2a3a5a2a098959493949da2
8893989e9e9c868587949395928e9396
949496999493959c9e9c969397988b87
9f9c989da5a4a3a19f9a9a9b999b989e
90908f98969da0aaa6a5a4a1a196929d
b0afacafa6a4a7a7a5a4a3a1a59b959b
a3a0a09e9f9c9591949dacaebdbdb8a6
8e8e8fa3a4a1a1a09d9faaaea4a5a2a3
a0a4a5a5a09c9ca6a2a29f9e9f989190
a6a6a3a099999a96959a9e949a9c9ca2
a2a4a9acaea1989890a29d9d9fa1a4a5
9ca198af9e9ea0ada8a8968c9ba3a6a7
a7a4a4a4aba9aca7a7a7a7aaa39ca19f
9fa0a1a4a8a19e9d9c9b9ea09f9b9ca2
a5a7aeb2b1a8a8a7a8a8a3a0a7b1b0ab
9da5aca8a6a8a8a6a3a6a3a1a5a8a5aa
a0a9a8a9a6a2a5a49d9c999ea0a7a39f
aba9aba8a2a7a6a09b9ea0a3a7a9a4a4
a29e9e9ea29ea0a2a2a9a8a7a6a8aaac
aba6bbb1abaaaaa6b3aeb0adabaea7a8
a6a8b2ada7a9afadadadadadabb0b7a7
9cac9d9c9c9cb4a7a9a8aba6a8aaaba3
afa2a0a1a2a9c3c3bfb1a2a09eacaaa3
a6a5a0a39c9998949fa6aea9a0a4b1b0
a5a29b898e8f858d9397919d969ba3a5
98999c979991929fa6999d9a9b9da0a4
a4a19f9f9c9c9d9e9c9aaaaea6a09e9b
9799998fa6a4949a9ba5a29a989a9aa3
929290939492908c8e9699999a909299
9c9b96999a999b9ca5989e999a939393
949294979c9c9b98989797a7a199a2a6
9899989f9d94969593939999969c9b99
939f98a29ba5acb39f939a9391939697
938f8f999797848a949a9992999a9e9c
9997999a9a90949a9a959b989690928f
a1a3a2a5a7a7a4a097999f9f9b9e999b
91919fa1a0a0a6a9a9a49f9fa09c9a9e
b3adaca69c9ea2a2a4a0a4a5a59f9594
a1a0a0a0a19f979495a6afb1c7c1bab7
938aa1ad9fa1a2a1a4a7afb2a49fa3a2
9fa5a7a2a2a6aaa7a4a39f9699948d8f
a3a6a59f9c9a979b9d969b95959a9ba0
a4a5a69ea99e939292909d949b9b9da2
9c9e9aacaba2a2a3a1a09a9ba5a5a5a7
aca3acaaa2a6a6aaa6a8a5aba5a2a1a0
a7a8a3a2a09f9fa2a09f9e9e9a9ca4a5
a9abb2b5b2acb7b3a9a299aaaaadb0a9
a2aeb0a8a8a7a4a6a8a9a8a4aaaaacad
a5a7a8a3a0a3a7a9a8a49e9f9d9da5a0
b0b1adaeaea6a5a09fa1a0a2a1a5a3a4
aaa5a3a0a4a1a4a3a4adaeaea8adb1b0
a8abb5b1b4b0aeafb1abaeaea5a6abac
b0ada9a8acafb1afafb1b1b0b3b0afab
a8a29c9998a2a2a5abb3aba4a1aaadae
aea8a4a29eaac0c0b7a3a3a2a6a8a9aa
94b2aeaca3a4a2a7a8a8a5a8a09fadb5
9b95979692948f92959894979c9ea9ac
9ea0a8a5a09a97a19e9d9d9aa0a1a6a3
9ea69ba0969a959b9e9ea9afa7a1a29f
9194959aa3979aa4a7a5a09f999f9ea1
97969197959191938e8f8e9097929396
999ca4a99a9b9fa0a3a8a49a94929292
93989698979d9c999c959fa3a3a5a5a3
8d8c9da29f9d98979597979899929a98
979ba19ca39f9898a49c959392949b9a
979291948b958c9a99999a979b9da0a2
9799a0999a9a9d9d9e9b9795959c9a9b
a4a6a4a8a6a7a5a29e9ca0a39f9f9b95
9b9ea19fa2a1a3a3a4a1a79e9f9e9e9e
b6bca8a59fa4a3a1a5a2a7a7a7a5a1a1
9b9ea0a4a6a39c9897a7acb1c1beb7a9
9a99a09f999fa3a3a3a69a999e9d9c9b
9ea3a6a5a49c9da5a4a29d9aa3958793
9ea4a498949c9d999ba297969496979e
a0a09a97a5a49a96999d9ea3a0a0a0a0
9c9b9fa1968d959d9e9897a8afa9bbad
a7a6a3a3a2a4a9a8a49da59f9f9d989a
bab5b0a7a0a39ba39fa3a09e979ba4a7
adb1b6b5b7a29b97a195a5aaa9afa9ad
adafa5a4aaa9a5aab0aba6aca6adacac
9ca59d999fa5abaaa8a6ada7a59ea2a1
b6b2aeb1aca5a6a6a5a6a5a9a7aa9ea0
aeaaa99ea7a7a7a7a8abb3adaeaeb1a9
adb0b5b2b0b0abb1b0a5aca2a0a0abb0
a6b4aba4a7a9aaaba4aeacaaaeaab7af
aaaaaaa6a8a2a5a8aab0afabafb8b7b7
a4a4a6a7a9a5b5b6aaaaacaca9b0a8b1
b1b3b0aca69d9faba3a6a7a5a9a8ada4
a0a2aaa09e9c989097a7a1979da3b2b4
aa989fa0959fab9ea1a4a7aaa7a6a4a6
9c9c9ea0a3a0a09da1a3a7a2afafa598
96909ba0a19a9da9a5a5a4a6a4a09b97
9e9c9a98a196938f929090928b999d9b
a7a4a0a0a0a19b9ca5a79f9d96919293
9b9a9a9a9b9b969b9c9ca7a6a9ada8a8
9a9aa79e9994938e9697999994919a99
9b9b9b9c9c999b989896959392939697
9a8d8d9f9c9192989b9da0a4a2a6a19e
94969a9c97959ca0a2a19d9c9b9e9e9a
a6a8a4a69ea8a5a19d9cacaba2a29c92
a4a2a09d9d9da39d9d9c99989f9d9f9f
aeaea8a09fa09ca3a4aaa79fa0a6a1a5
989aa1a4a59ba1a5a4a9a8b0b5adadb0
9f9d9f9fa1a19ca4a4a0a2a699999c96
a3a298a1a09ea1a09f9a999696949b9b
9da3a59f9d97a09799999d9a96918f9c
a09fa2a3a5a393a3a29f9e9d9ea1a1a3
9e969d9e9a8f929e9e8e999fa69a9fa2
a7a8a29c9b9ea1a5a5a7a6a39e9a969a
a8a2aca8a7a3a2a4a3a4a4a1a09f91a4
b6c0babaaa9e9e96999bafada8aca9a7
a79faea4a4a7abb0b6b2afacaeb2b1af
a6a7a69f9da7a7a5a8adadaca6a8a4aa
acaca7a2a3a19a9fa4a8a8b3aaa3a8a9
aeafacaaa9a9abafa9b2adb1adb0b0b0
afafb1b1b0aca1a89fa5a2a0a2a2a6b1
b0adada6a7aaaeafaeaca9a7a8a7acae
adaba8a6a7a6a8a7adbbc2c0bebab1b3
a99fa8aaafb0b1b2aeacafada9a5abb6
bfbeb9a5a89b9a97a8aaaca9acadaaa6
a4a3a8a69f979d9e9da9979ea9b7c1c2
a39c9da0a4a3a49ea09faab0a3a9a5a2
9b9c9b9fa1a2a39fb2b0a6a2a4a3a299
8c8f999aa19a9da29ba4a4a49495949a
a5a4a1a9a9a096969295949e9aa2959d
b0a8a8a8a6a3a4a5a2a39f9b9c9a939e
9a9b9b9c999b949a999db2b0adaba5ae
999c9f9d9398929097979d9d9792999a
9d9d9c9b99979f959796959393939697
9493a2a6969ca1a5a6a9b0a9a4a29d9e
979b989d9fa4a09da1a29e9c999a9d9b
a0a7a5a1a5a8a6a69f9898a89aa19a8f
a7a4a3a4a5a4a5a29ea0a0a2a1a4a1a2
ada9a5a4a0a29fa6a5a1a1a19b9998a5
9d9d999c9b9a9ba7a8a9a8aaafb0a4a3
9b9b9a9aa39ea3a6a3a1a1a59a999a9d
a29d9ca0a2a2a2a09fa09a959694a29f
aaaa9e9797929f9d9a9f9d999d97949d
9e9da0a1969a909f9ea09f9d9ba1a5a5
9e9a9a9b9e9694989c9d9c9b9fa09f9f
a1a09e989b9c9ca6a9a8a5a19c958f95
a9a2aba7a6a4a0a2a3a6a5a29d9f9495
b3b4b9bab3b2adadacaea5aca7aeb0b0
aba59faca7adafb3afacaaaeb1b2aaa5
9a9a9ba2a3a7a8aaa4a4a8a9aaaaa8a7
b0a9aaaeada09097a5a9b9b7a69ca29e
adacb0b2b5b5adb6afacb1b2b6b6b7b8
ababa1a1aca7a29b9899a3a4a3a5a9b1
abaaa8a5a8aaaaadadadadaaa5a1a1a3
b1b0acabaaa9aba6acb7b1b2b0adabad
abaca9a79f9cabafb0adacaea9b0b4b6
a8a7aeaaa4a2a29d9ca5a8a8a9a89aa5
9f9d9ca1a2a3a6a5a5a2a6aaacc0b7b1
a8a6a4a4a6aaa1a2a29f9ba5a7a9b0aa
9c9c9e9a9d9c9cadb6b1a6a4a6a7a6a5
9b9ca0999f9f9d9b9e9d9f9a9995939b
a3a3a2a8a2a69c9993929aa4ada89898
a1a3a8aea899a4a7a6a1a19b9b998e9f
999290959898a0999ea3b2a8a5a5acb2
96989b9a989895969899989798999c99
99958b999d9c92909a9b9a9593939294
8f9ba090a3a3abaeaeaaa7a19c9ea4a1
949c9ea0a1a3a1a1a5a39b99969a998c
a19e9ea6a4979d9d9c9c9b9ba2a09890
a8a8a6aca7a7a3a29fa0a2a1a6a39e9f
a4a8adaba6a6a3a8afa9a7a09e9fabac
9d9c9799998ea4a8a69da8a99ea6a4a3
9c9d9fa0a0a3a3a6a5a39ea5a29a9f9e
af9783819ea2a2a19a9ba1a4a19a9f9e
a694939c9c979fa2a2a195948d9599a2
9da0a1a19e9d9da39f9b91848d93a2a5
9b9a99999f9a9a9b9996a09f9fa1a09f
9d9a95969b9ea0a19f9d9fa09b978d97
9e9daba4a7a6a1a1a79e9d9b9ca19e9d
b1b2aea4a1a4a09e9eadadadadaeaeac
a49fa1a19ca3b3b3b0aeaeafafada9ab
a1a2a6a6a9a6a7a19ea5aaafafaaa8a9
b7b1b0aeab91959da8b3b5b0a2969ea0
a8aca7a8adaaaca7adb0b2aeacb9babc
a8a19fa0a1acabaca79ca49faba8abad
aba9a6ada1a1aaaeaeaeb1aea5a09faa
aeb2a6a6aba9a6a8a6a8aaabacaaabad
aeaea9a3979aa9aaafaeaeadaca3b3b4
a8aaaeadaaa7a69da5a7a5a09e9f9da8
a29b939aa3a6a6a4a4a6afa8abb3b0ab
a8a7a4a6a4a9a2a09fa1a1a2a7aaadaa
a29e9c9e9a989d9eb4b2a9a8a8a8a7a8
a2a1a09c9e9f9b9f9e9c9b999d9c9da1
9aa09fa4a4a29d9d9b99a59491a9a2a4
a9a7b3b1a8a7a8a5a8a5a19b9c9c9a9c
9c9997959a9c9da1a1a0a5b0a9abacaa
9b9e9998a19e9b9394949a99989b9b9f
9c928f929e9797979ba2989692929396
9396a1a5a8a9aaacaba8a7a19da7a8a1
9b9d9ea9a1a1a0a3a6a7999a979b9c96
9c9ba3a6a4a4a3aca19b9b9a9c9c9893
aeaca9a5a4a3a09c9998a1a1a4a29e9d
aab0ada3a1a4a6a6aeb5aaa3a1aaafae
9c9d9b9b938d9da0a3a4a79aa59fa5a2
949e9c9f9e98a5a8a4a1a4ada89a999e
b8a5a49a88a1a09f9ea0a2a2a3a19f9f
9c9799a19b98a0a2a6a798838c9e9ead
9b9ea19fa09c9c9d9a9890878c939c9f
999894969a9a9b9d9a9ca4a5a2a1a0a0
9f9b9a999e9fa0a09d989e9f9998979a
a2a0aaa7a7a5a3a4a19a989d9d9e9d9d
acada5a59ba19d9d97b1b2b0afaeaaa8
9da5a0a69c9fafad9ea7a7ababa7acab
a8a7a7a7a9a098918e9fa9b3b1aba7a0
a7a7b2aca8a0a4a3a39caaa19da59ea1
a6a8a8a7a8aba5a9a6a4acadb0b4aeb1
a2a2a3a4a6acaaa39ba2adada9a5a4a5
a9a9a8a9a9acaeadadafa8aca5a1a6a6
b6a5abaaa8aaaca0a6a7a9a5a8a7a9ad
a69c9e9c94999b9fa2a5a8a8a6aaaeb3
a6a6b3b4afaba49889ada5a0a09fa2a2
9b9a97a1aaa8a6a8a6abaca6abacb0ae
a19d9b999998939da19a9c9ca5a5a6a1
a2a3a6a29d9ca0a4ada79ba1a3a2a79b
a5a4a29fa09f9c9b9d989d999e9f9ea0
a6acac9ea0a29fa1a3a7a3a6a7a7a3a4
aeaeb9b7a9aaaaa4a6a69f9a9d9e9f9f
a3a29e9c9b9ba4aca795a7a7a6a5adb0
a39995958f999994939c9b9d9a9a9b9d
9a9d9e9d9d9f9d9da2a19894908b8e95
989ba6a7aca9afa5a6a8a89fa2a0a2a0
9b9c9e9ea3a7a2a1a09f9e9ca0a09d9a
8d959aa7a8a6a7aa9d9d9b9995949499
b3b4aba39d9ca09c9c9a9ea2a5a29e9a
9d9d9d9ea7a3a7a6a6a9a9a5acaeabaf
9997979b9999a0a2a6a7a7a5a3a19d9c
8f8d90989e9a979a9691929895929496
b0aaa2a5a09a9ba1a1a2a198a4a59f9a
91949f9f97a1a39ea3a59f9ba2a0a0a4
9ba6aca89b8a9ba595959ca5a7a39993
9e9c9a9a9a9b9d9e9c9e9f9ca2a3a19c
9a9b9c9a9896a19fa49fa5ab98939b9d
a6a6a6aeaaa9a59e9c98a6a49f9f9c9f
a8a69fa4a3a2a091a7aca5acab9ba7a5
a6a5a5a3a1a2a8a29e9fa9a9aaa9aca9
a0a5a09fa09ca2aaa5a0a4b5acaaabac
a7b3b6aca79f989f9f9e9999a4a8ab9f
a3a39f9fa7a7a0a8a6a6a1aba7a4a9a7
a7a6a3a3a8a9a99ca1abacaaa9a7a2a6
a5a4a8a1aaa89a99acafa6a7a5a4a6a6
afb2aea9a6a2a7acb0a1a4aaa8a9a9a5
a9a4a3a39e9f9f9ea1a7a9acaaacaeaf
a4b6b9aeaba79e8c85ada2a0a09da1a7
a7a6a4a9a9a7a0a4aca8acaba9b1ada9
99989498969693a18f9d99a1a4a3a4a8
9ca0a5a4a0a09fa5abaaa0a1a4a09f9e
aca8a6a4a2a19f9f9f9f9e9f9aa3a0a0
aaa7a39a9ca39d9fa2a5a4a198a2aaab
b2b3bbaeaaa99fa2a29c999d9f9ca2a2
a6a7a5a4a4aba6aba7a7ababa5a7aaae
b6a89c9894999c92989c9e9a9e9e9fa1
a7a6a19ea1a39f9ea5a29e99938c8295
9b98a2a8ada9b6b0a5a7aaa6a5a5a7a1
9c9f98a2adb0a5a4a4a7a1a0a29f999d
9c9a9ba4a29fa4a69f9894989f999a9f
b3a5a4a5a6a29d9b9b9ca0a19fa7a59f
9f9d9d9e9da1a5a8abb9aea6aaabaeb1
9b99999796999aa4a2a7a0a4a39f9da1
9b989595a8a59f97978f929594909593
a1a3a9aa9f999fa1a29b9aa6a7a2a8a0
9da1a29a9c9ea5b0a4a09e9b9c9ba1a5
9ca2a69f9898a1a698989ea9aaa39e9c
9c9c9c9b9b9a9f9e9b96959f9ca3a29c
9b9a8d8d919693aaa2a1a0a49994979a
a5aaa6adb0b0a9a3a0a5a5a8b1a7a3a1
a8a4a09ea2a3a2a6a5a3a5a6a7a49fa5
aaabababaca79b9ea6a1a7a6a9aba7a8
a6a39b9e9794959595a1a5a3a6a0a3a8
b1b5b2b0a79f9ea4a5a4a2a5ababaca6
9ea4a29fa3a5a59ea4a5a3a6a9a5aba4
a3a39ba1a0a3a1a4a9ababa9a7a5a5a7
aaa9a7a7a9aba29da9a8a8a7a6a5a49d
aebabea9a0a1ab9fa597a7abaaaaa9a8
a4a6a6a8a79ca19fa69ea8a9adacaead
a6a9acaca49a99a5a8ada8a39fa2a7a4
9e999caaa7a4a2a2a5acadaaadafada0
9b9d9fa2a19fa09e9d9b8fa0a3a4a6a0
99a0a9aaa49f9da59fa4a49d9b9c999d
9f9aa291a1a0a0a3a29e9b9da1a3a3a2
a0a7a59fa3a29e9fa0a6a8a5a9aba7a3
aeb3b1aba4a1a2a3a3a4a0a19d97a2a1
a4a6a7a7a6a9afafa7a8acada9a4a6a9
b6aba39d98a09f9e999d9c9c9d9fa2a0
a5a8a5a3a7a8aaa9aca8a1a69c978a9d
95a5a7aeb2b2b2afa8ada5a3a5a5b1b7
95979095a4a9a9a9abaea4a2a29e9a9e
9c9e9ea59d9fa4a7a29b9ca0a5999092
a6a09c9db5a1999b9d9b9ea49f9ca5a4
9f9e9e9e9ea1a5a9b4beaaa8a8aca5a6
9c9b999a9d9fa3a1a6a5a2a19aa2a2a1
9496999a94949d959398958d93989697
a5b2b6b0a29f9e9fa1a5a5a6a39fa69e
989c9e9c9b9ea2a59e9e999a9e9fa5a4
a09ea2a19b97a2a29799a1a8a09e9da1
869aa2a19e9c9d9e9c95a09d9ba5a19b
93918782868d949799a1a0a9969a9a97
ada9b1b5adaba59f9ea1a4a6aea19d9d
a5a5a2a19fa19f9c9f9f97979fa3b0a4
a9a9a9a8aba09c9c9ca39ea3a8a9a9a9
a4a2a19b99908f91959da0a19a9ca7a9
b2b2adaaa19b9a9b9fa5a6a7b2afa9a3
a1a19da2a7a5a5a0a1a29ba6aaaaabac
9fa0a3a6a6a5a39aa0a7a9a8a7a5a2a0
a7a8a49b99a4a8a8a6aaa7aba8a7a19c
a9a69eb5aba5a3a3a19ba5a7a9a7aca8
a59e9c9aa19e9da4a6a8a8a1acadaea8
abacaba99e9d9b9badaea8a9aaa8a8a7
a09e9b9da8a198a4a6a9aba8aeaeb2aa
a69f9da5a4a19b989197959ab0b7a9ac
9fa0a29ba0a2a5a7a498949d99929ba6
9593928ea7a49fa4a4a2a19fa1a2a2a2
a1a8a5a4a5a39e9e9c9cababada9a79e
afb3b0a69b9d9e9fa6a59c9e9a9a9da3
a5a3a9a9a9aaa9a5a6a4a1969e9fa4aa
b8aba5a0a4a3a19c9a9b9d9d9d9fa3a3
aba5a8a6a8a3a6acada8a7ab999fa9ad
a3a6a5a9afb0b0acaa9d9fa1a3a2b4b6
98999ba3aca4a5a6a3a29fa1a6a09b91
a1a096909fa2abb29f9e9ea7a0988e92
a3a7a8abb39e9d9a98a0a3a49a97989a
a09e9f9e9fa0a6a9b8baa3a1a5aba9a4
9b9b9a9ba3a5aaa7a8a8a5a08ea4a3a0
a09a989586919798a09c95949394969c
a6a4a5a79f9e9ba09ea1a1989795a19d
9a9da19a9ba5a09da09ba1a1a1a6afa7
a0a0a3a5a3a4a7a79c9ea7a89f9e9f9d
909ba0a1a1a0a0a49e9fa1a09ea19fa2
94928c858a979fa1a2949ca3999c9a97
a9aaa5a5acaea69f9e9aa0a6a99e9a97
aaa4a4a39c9e9d9da09e9798a7b0a69e
a4a4a4aaa99f9c9e9b9ca3a1a5a6a8a8
a1a2a2a09d928f9196a6a09d9d9aa3a4
aaaba4a1a19ca19e9ca8a89cabaca5a4
a0979da6a8a7a4a09ea9a8a8abababac
a3a3a4a6a4a3a3a6a9a9a9aaa7a4a4a3
a1a7a49ea1a7abacababaeb1a8a7a5a5
a7a1a0afb1a8a6a09fa0a9a9abaaaba4
a5a1a29e9da4a3a6a1a3a9a7a9a1aaac
afafaeaaa7a6a7a7a6a5a7a6a2a3999a
a5a09ea099959ca09eaaa9a3aaaeb1b0
a19d9898a5a6a29d9a9b99a1ada7a7a4
9f9f9fa3a4ababa8a49d9795958ea4a6
959f9a97a7a4a09d9b9b9aa5a4a2a3a7
a5aaa5a492a3a0a09b9e9d9daaa2a098
aca9a59ca3a6a2a5a5a39e9696a5a1a4
aba8acadacb1aea7a5a2949da099a3a7
b3a9a19e9da3a19c9fa19a9da0a4a5a7
a9a7a3a7a09fa19f9fa2a0a3a1a1b0b4
a3abb2b3b2b0ada8ad9ea19fa2a3a7a4
9d979ca7a5a9a7a7a4a3a1a3a8a7a4aa
9ca09c9b9eabb6ae999aa5a8a199908d
a4b0a8aea69d9d9e999ea8a09c99979d
9a9f9ea09fa0a6a89ea9a8a3a29ba6a0
999595968999999bb3aea4a18b9f9b98
a19a95908e9d9e9c9798989890939d9e
a69e9c939a9b9f9aa1a09d9f94999fa0
9e9e9f9aaaaa9f9fa1a1a3a6a4a8a8a3
a5a5aaa9a7a4a2a2a6a4aaae9d9fa3a3
979c9d9e9fa3a5a5a7a6a5a0aaa5a29f
9da0a19c99a4a9a6a4a09aa29b9e9892
a9a7aaa9ada3a0a49ea0a8a9a5a0a0a1
aca5a5a19ea7a3a09e9f9fa1b6b0a6aa
a1a2a2a1a69c9e9ba0a2a4a5a4a4a7ad
a2a29ea29c9d9597a19e9e9da3a1a1a0
a69ca09d949f9f9da4a8a39f9fa4a4a2
9c97a0a6a9a7a3a2a3aba8a4a8a9abaa
a8a7a7a8a4a0a4a8a8a8a6a6a8a8a7a3
9ea2a0a3a7a8a09baaacafa5a8a7a3a6
a7a3a5adb2aaaaa6a3a4a0a7aeadaaa0
a4a0a3a3999fa6a7a5a09ba69ea3a9aa
b2b1aeaeadaca6a3a1a3a29fa09f9e9c
a7b3b1a6a1a09f9fa3a7a6a2a6b2b1af
a1a1999795a6a297969f9ea5a8aca4a1
9c9da2a5a2afa9a2a39c9493938ea5a2
9a939fa1a6a1979b9a9fa0a5a6a6a5a2
9b9f9b9ba3a09ba29d9c9aa4a49e9c9c
a4a3a2a29f9b99a1a4a39a989ba0a4a7
a9adaeaea7aeacaca8a599989da5a4a3
a5a89ea19fa8a5a3a7a69a999f9da8a7
aaa7a79e99969ba0a0a0a2a2a0a39fa0
a3abacb6b3afaea0a6a79c9da3a6a4a5
a29ea2a7a5aaacafaca6a4a3a5a7aaad
9ea09fa2a4a9aca29a98999b90929393
a9aca79b97999f9f989aafa09c99909b
9ba1a7999b97a39b90a39ca1a0aba8a6
9495959a9690949bb2ad9f989c999388
a39d979aa89d8d8d8f9da09e96939899
9c95928e8a879a979fa1a09d91989495
9b9b9d9a9ea19da19ea1a7aba4a7a6a1
a5acb6b2aca6a2a1a2a6abadae9f9d93
9997989c9da1a4a4a2a29fa5a9a69fa2
a9a4a19a9c9bb1aaa6a2a5a2a4a3a49c
acaeaba1aba7a6a5a2a6a5a8a2a6a1a9
a5a1a19da0a5a2a6a3a5a2a09da2a7a7
a0a0a1a1a4a1a2a1a197a5a3a1a3a5a9
a29f9d9e9b94979ea29e9da6a49f9f9f
a59d9fa09d9e9f9ea2a29c9ea3a5a4a6
9a9da3a4a1a094958f8e8792a4acb6b1
a7a9a9a8a5a8aaaba9a8a4a5aaa8a9a0
a0a4a4a4a7a6a29f9fababa6a9a9a5a4
a5aaa9a8aaa6aaa09f9c9d9eadaca4a0
a29fa6a2979da6a6a6a5a4a4a3a2a7a5
a9acb0afaeadaeaaa7a09b9c9a938e9c
a2b5b6aba3a1a39ea3a4a6a5a9a3a6a8
afa79c9793a6969797a29ca1aaa9a7a0
a3a2a0a398a09a9d999c948c97999c96
a39e9a9b9b97999da2a2a4a5a5a1a5a3
9dab93a29fa09d9a9c9c97a29ea1a1a1
a9a6a09a989292979c9a9e9c8ca49d95
9a9b9b9fa4a5a5ada8a4a39da5a6a7a0
a19b979ca5a09cb0b1a3998f99979f92
a3a3a09c95989a9ea4a5a2a3a3a4a29e
a9a4b7b7b6afa3a3aea8a69ea1a2a3a7
a0a3a4a4a2a3b9aeadaaa4a39ea9a7a3
9da0a5a8a6a4ad9e9da39c988b959695
a6a89f9c999a9f9c97aba8a39c989192
9fa1a89e9b9fa1a4a4a39d9cacaca9a6
9b97989b99939596a4a49ba49d9ea09e
a5a29aa4a29c8c8c8c92a29f9594989b
9892928b87969f9da2a19e9e969693a1
9a9ca39f9fa2a39b9da8b7b0a7a6a49e
a4b6b4b3afa7a2a0a1a5a9a4a1a2938a
97a4a09d9fa1a0a3a0a4a5a7a3a1a9a3
a09c9797979fa8a9a3a3a3a4a5a7a09c
acaeada7a0a4a69ea2a2a4a2a197adac
a1a19d9b9f9b9fa3a6a195929da3adad
9c9c9f9b9ea0a0a09e9ca1a198a2a2a5
a0979ca79b9a999d9e9ea6a09f9d9c9c
a89da19d9b9da09e999ea0a0a2a3a5a7
98a1a4a19d9f93908f8f889ba6b7b8af
a8aba9a6a6a8a8aaa9a7a3a4aba9a890
a6a9aca9aca9a59795a9a8a6a8ababa6
b1aaa7a8a5a4a39e9e9b9393a6a59ca0
a0a9a9a5a1a4a9a7a6a7a6a3a4a7acaa
a3a7a5ababa9a09fa7a4a19e9a8f969d
a3afafa0a89ba39ba1a0a4a4a4a0a1a0
a49e9c9b9ea89b99a1a5a0a3a9a8a6a4
acacaba59ba09e9a9e9d959ca3a09c9c
a4a0a29e9e969fa2a4a49f9c948c9a96
a4a19fa0a0a19e9c9c9b9ca6a3a0a5a3
a39f96929390999a9a9d9b9d929e9da0
97a1a5a1b3b6aeaca7a7a59aa1a4a39c
9d9e9f9ba299a39ea29c96959f969d9e
a0a1a09390999ea2a2a3a4a39f9f9ea0
a09ebbb7b5a5a1aa8ea4919e9d9ca4a8
939c9fa4a3aaaaafaea89fa2a5a9a99f
9da1a4a8a6a4a69f9c8f9d9d989b958f
a3a0999c9fa6999ea1a1a0a1a49e938f
9fada6a19ca2a6acaa949099a5a5a0a1
a19c9997999796969e9d94a59d9e9f9e
a6969ea39d8f8a8f9a9c9b9a95939b9f
8f898b8e909092a49e9a9d9b9998a095
9d9d9498898b88898d9093a1aca69b96
979fb0ad9fa7a7a6a5a49f9ea0a19da3
9ca79f9fa1a1a4a3a1a6a7a2a3a1a2a1
a6a7a1a19fa09c9d9d9ea7a5a4a29e97
a7aba6a7a9a8a79f9e9c9ea3a399a8a6
a29f9d9a979fa3a9a6a29f9f9ba3a7a8
969399a09d9d9a999a9c9a949a9ea0a5
9d9e9c969d9a9ca5a59ca29f9d93979a
a9a5a6a49e9ba09b9c8f9ca09da0a4a0
9ea6a09d9b9a9694949f9aa4a8b7b0ad
a5a39eaba4a9a7aba5a9a9a5a9aaa28e
a4a7aea9aaa79f98a6a8a6a3a7a8a7a6
a9a6a4a4a39fa09d9f9da199a9a79d9f
a6a6a6a4a1a8aba8a7a7a7a5a6a8aba7
a999a7a9aba9a5a4a5a2a3a19699a09f
a8a2a9a89ba6a1a2a4a4a1a4a3a2a1a0
a190999c9fa19b9b9da49ca8b1aca39e
adada4a59fa09e9e9e9c9ea7aca59da7
a29a9a9e9f939ba89e95989896a0a5a2
a5a3a3a5a0a39f9c9d96a3a59ea0a6a4
9f9d9c978f899b9d9ea4a2a19e9c9ea6
9a9ba5a5a2a5a8a79ea4a59ea09da3a0
9d9b9f9f9d98999f9d9b94859b9a9b92
919c95858c8c9ea39f9d9c9fa2a2a1a2
a6a9a9b3ae9e9ca89ca19a9e9e9ca4a1
8d929294959aa0b2a6a59fa3a7a7a7a1
9a97a29fa0a5a29fa0969c979ca1918e
9b9d9c999ca0a3969a969394a29b8f8d
9aa7a29fa2a5a5aa9e9b969b9f9e9f9d
9d9f9997989b9e9d9b9a9ea9989b989f
a5a1a6a09991918a8f8f8f98979b9b9c
8f8c8896939396a4a5a09b9b9698a0a2
9c9b919289888c8d98999598a7a59793
9694aea79aa2a4a3a0a0a2a0a2a09ba2
9ca5979694939393abada39d9c98a097
a4a59da5a29d9a9e9f9e9f9f9e9f9e9e
a8a4aba3a7a69f9d9d989ea39b9a9799
a89c9d9492a3a1a2a3a2a4a19da5a39e
9493988f8f9485909f9d9795999a9a9c
9e9e9e999d9da19d9b9e9f9996989793
a2aaaaa7a09ea1a199919493999c9f9e
aaa69f9c999c979aa19095a5abacaea6
a3a2a0a2a0a8a7aca9a5aba1a8a69697
9d9fa8aaa7a3a29ca2a1a9a5a6a7a7a5
a9a7a4a2a09da29d9b9a9d9daea9a29c
a6a79ea1a4a8a6a6a7a8a4a7a5a7a1a3
a9a9abadada9a6a39e9a959c9c9a9ca2
aaa9a7a59ca5a79ea6a5a39ca4a2a2a2
98969b9da0a4a3a4a4a5a3a7b8ada49c
9ca5a2a4a1a7a7a2a1a3a6aba9a29daa
a49c9e9e999a9ca49791939fa6a8a7a8
a4a2a5b2aba39c999795919fa0a6a6a3
a19fa19e9a9699a0a4aba8a29d9ba0a8
a2a1aca7a7a9ac9fa0a1a4a4a79ea29f
a29e9b9e9ea0a1a19f9794978a959895
968c939c989b9d9f9e9ba3a0999aa5a2
aca9a2a39c9f9fa8a3a29f9e9fa0a09e
9695909396a1a9a8ab9ea2a1a89d99a5
93959c9c9f9c9c98989a9c94a09a8d8e
9e9e9d9b9d9c9b969391919495889094
99a5a2a5a7a6a09a8f8e949796929d9f
9b979c9c9d878c979d9ca8a79ea4aa9e
a7a0a39c969a8c8b8b8d9397969a9699
8f91929295918f989c9896929a9ba3a3
9c9e9992898492939d9a9692919f9892
9593979f9ea1a1a2a4a7a194969da4a0
979492918b949597a09c999896939b98
9294a6a5a3999a9c9ba3a7a79b9f9996
a3a7aca9a6a59d9b9b9b8e9ca2a1a5a2
9f9c999693989ea2a09f9e9c9da3a3a2
9190928d919192979f9b9c999a979b9d
9b999a9c9d9f9e9a9a969b9c9e989a98
aca89e97a1a09a9c9292919194979e9b
a6a1989b9ea09b9c909193a4a6a7aba7
9c9d9fa192a6b4afa9a8a6aba99e979c
a39ca5a9a9a5a5a4a5a5a2a3a49c99a1
adaba29e9d9ea09da2a1a1a09f9c9ca2
9ea39f9fa1a1a3a8aaa5a3a8a6a6a5a9
acacadafababa9a4a09e9c9f9f979b9b
b0acaaa8a8a8a59a99a4a49da2a2a7a7
9a9ca1a5a1a39fa39ca4a6a6b3a4a5b0
9fa8a4a4a5a5a2a7abadaaaaa9a79d99
a5a0a497979d9798969390929ba8a6a0
a6a3a4aa9fa59f979894929da1a3a3a0
9fa09ea098999a9ba4a99aa19d9e9f9f
9fa8b0aeadaeaca09d99a8a7a9a2a2a3
a099959d9e9fa0a09e98958c8c8d9495
928e8aa29f9a9c9c9e9ba6a79d9aa9aa
a09a96aca29ea4a69e969fa1a1a19b9b
9999999aa4a1a29fa1a0a6a3a09da1a3
9495999e9a9a99959c9ba09399988c8e
9c9e9e9b9b9b9a928d94909895979692
9997a5a8a39a999791908e8395959e9e
8f8e8d9c849092959698a1a8a4aaafa3
9997969c989a949697938d9393939193
9196949393908a979c9a959d9999a39f
9d999d98918f928f9693969594949493
989b9da09d9da29b96a29d999d95a797
98918e8d9196999a9c99949393969a9b
9397a2a0a49c998e92a3b1ac9e9f9e98
9d9e9fa3a6a1a19998969d9aa5a6a799
9b99939294979da4a29f9c9a9a9e9ea3
969391908e9b9d9e9c9a9696a09e959c
9b989d9e9e9e949c9d9f9ca5a2a29d99
97a9a09da19e9e999695919594989391
90939ea8a2a3a0a29e9c9a9fa2a4ac91
a09ba09d98a3bba3aaa8aaa79a9f9a97
a5a6a6a39c9c9ca1a1a19ca2a6a39797
afaca6a49f9c99a6a5a2a0a1a39a9da5
9f9fa2a3a3a2a0a5aaa4a2aaa5a5a3aa
acacadaea9a5b1aca49ea0a2a49c9ea2
b3afa8a69da69d9699a1a2a6a3a5a8ac
9c9d9c9da0a19a999c9ca6a5a9a6a4b3
a4a8a5a5a8a3a1abadaaa9a39e9ca09f
98a4a49e979a969896999493949a9c9e
989d9d9ca9a59b939b828aa1a19f999c
9c9ea29e9c9b979d969f9fa3a1a0a19d
a094a19d97a5a29aa4a7a9a9a5a4a296
a39da094929b9fa49a9999988d8f8d93
999b9d969c9c9ea0a1a2a39da2a6ab9e
a3a8aba69a999a98989ca3a7a3979c98
9e989fa2a59ea4a3a4a6a5a1a0a2a2a4
9393989a9a9a9998989a9a9997908b8e
9c9da4a09a9e9c978f95989b95969592
9f94a59c9a9b9996938e8c839a9c8c93
93908d8b94918f929296a7a297abafa5
9a9592989a949a9a94928f958e8e8f94
969e9595939192989c968f91989b9b9b
9d9a8e9a96949b939093999695959593
989b9b9c999b9d9b969c9c979f9c9696
9894979d9e98999a989493969c989a9b
a6aaa49da7a09f8c99aaaaaea6a1a19e
9d9e9e9f9ea29f9a9b9aa3a7a4a9a3a1
9b97919496979da7a2a09b96959ba2a1
92968f8d909594919f9e9ba1a6a0979d
979d9e9b9fa79fa19e9ea1a7aaa49a99
9b9d9ea6a59e9e97948e949494949191
95989ea59a9c9ca6a59f999c98978e94
a3a19d917f95a1a6a5aaa7a59e9f9b95
a8a0a29f989aa2a2a3a6a3a2a39e9ba2
ada9a39f9d9997a4a5a4a4a2a0a0a5aa
a2a4a7a8a0a3a19ca29c9ca5a0a6a7a8
adaeaaada9afb1ada7a09fa1a7a39fa0
aeaea49f9fa59d999aa3a2a3a19ea3ad
9d9a9b9b9e9c95949ba3a3a4a396a0a7
a1a5a59c9e909ca69fa3a2a09f9ea09f
9b9fa29e9a9b95979d9c9b9ea0a0a1a4
9a9b9e9fa9a59b989c8295a1a29ea2a3
9c97979b9c989598989fa1a39f9e9f99
9694a19d99a7a4a2a5a2a3a1a9a59a9b
a19d9b9a999b9b9ca39f91968f908f9a
9f9a9a979c9ea1a5a39e9fa3a0a6a2a5
a4a7a79f9d9b9b98a0a1a4a6998e9596
9ea2a1a3a5a3a3a2a4a3a1a1a19da4a4
949499a0a09fa09899a09f9a9d988a8c
9896a39e9d9ca49b999c979895939393
9e99a3a19a9999999487849b9c9ba29b
979a99969789889391999b9ca2a5a7a2
8e918d9b9c948e9698948b928d878c8c
97a19595919096988d8a88959d9c9c8d
989c9a99958f9f948e919b9897989495
9b9c9b9b9894a599979e9ca497979797
9d9791919c9f9594928f8f98989f9a9c
9da99999a898928f979da49d9e9d969b
9e9e98a09fa39e999ca0a6a7a49e9f9c
998d8f8d9097a2a3a29c9a96969a9fa0
92949a9894969a9fa09f9e9fa39e9b9c
8d989e96aaa89c9e9ca2a5a9a9a69f9b
989da3a2a09899969692919695979694
98939a9e9ea1a1a5a5a3a09f9a978c97
a7a39b9396999ba0a6a8a6a4a6a59a94
a8a8a2949b9ba7a0a6a8a3a19f9c9fa4
a9a7a19e9ea2a0a4a4a4a79f9fa0abab
99aaadaca5a4a09a9893959ba2a7a7a8
afb0a5a6adb2b2aea6a3a3a4a6a7a2a3
aca6a7a6a5a39d9ea09ea3a4a5a29fab
9b97969b989a97999c9f9f96a39f9b9c
a39aa1a1a09aa5a6a2a09da19e9ca4a0
a3a09e9c9c9b9797958d9ca5a09a9f9f
a0a4a1a6a9a6a09e9a949e999f9b96a8
9d9e9a9b989491919aa3a3a4a1a6aaa6
9d9697a4b0a3a4a7a2a3a39d9c9d939b
a29e98969ca0a1a1a1a2a398949c9d9e
9a939c9c959da3a6a5a2a3a8a2a0a3a0
a5a3a4a6a09e9d9f9f9b9e98979a989b
a5a6a7a5a2a7a6aba1a2a4a2a1a1a3a2
939396979e9c9e9e9b9fa0a19c9c9393
9896959897a9a09a9b939696918f9197
9e9fa19b98958b9893878397989aaa9c
87979ea8a2988f96a5a3a19e9da2a5a1
97989c9b9b9687939695958b868b928e
888c8b938e908c898d9a9a959c9c9791
9da39f9e968c9c938e8f9d9997999997
9798a39e979498999695969496959594
9e9b989995938e90909090a2939fa69a
96a8a7aaaa8f91919d9e9e9da1a299a2
9c9a9aa0a1a79d9798a3a7a8a3a1a19a
9a94908d98999f9e9c9c999894969b9e
8e898a959f9c9b9d9f9b8fa09e9e949d
87939b9ba1979dadada1a8aaa495a095
a0a4a39f9b99999891909b969c9a9f91
9c9c9a989b9fa3a4a7a4a39d9a969889
a79c90a39595a0a7a6a19fa6a3a59d9d
a1aaa695979b96a5a4a0979e9e9f97a4
a59d9a999b9f9ea2a5a4a49e9e9f9ea6
a5abaaa6a39f9f9a9799a0a3a7a6a8a9
a5a2a3a3b0b4b5aaa4a5a3a7a9ada7a9
9ca5b4c0a9a2a49f9d9fa0a7aaa4a5a9
9e9fa1a09592929c999495939ea6a4a3
a29ea1959091a5aaa09a97a19da6a8a2
a2a7a19a9d9997989498a0a39e969ea0
98a8a8a7a5a4a1a29da1a6a9a49babab
9b9ea09c938e9298a7a7a8a7b3bca8a9
a8a6adb6acabb09ea396a59ca09d9998
a7a5a3959a9da2a0a1a2a29b9a9b9fa2
999b9ca1a8a5a5a5a2a29eaca6a7a4a3
a2a2abb0a4a0a0a0a19d9493999c9b96
a6a1a2a2a4a4a4a2a1a8a59fa1a2a09f
918e98a0a5a2a79e9ba09ca0a29e9999
97999a9ba0a59d9c9b9997969291968d
a6a5a2a19d94989590918a999b9a9a96
9ca6a9afa8a19898ae9fa0a09f9f9fa5
a199909d9b98899e9a94948c89929799
9092939598988e8b8b919c9a9c9d918c
96989988918e8b928f8f9ca496949894
9697a29b99969797969491959491908f
979f96999098958d90949aa39a9d9e97
98a1a9ada5928f969f9e9d9ea2a1a0a0
909b9e9d9d95969994a3aaaba5a7a49a
9c979194939d9f9b9c9c9c9593969b9c
8990989d95a19ea09e9d9a969da0a2a4
8b969c9b999b9bacafa8b1a4989d9d94
97a1a19e99979f998c9297979b9d9d95
929d9a989c9ca6ada9a1a09796929794
979c98979598a8aba29693a8a2a49892
a4a8a9a0a39ea3a5ab9a9c9d9b9b9897
a29a96a09e9fa09e9a9f9e9fa0a0aba8
a9aaa69ba09f9e9b97989fa6a19fb0aa
a9a79aa2b1b8b0a8a7a19d9e8c81a5a8
9b9cafb2a1a5a1a19e9d9fa5a2b1a6ab
9b989e9e989897938b9190959ea2a5a4
a2a1a49899959f9f908c94a2a2a2a6a0
a1a19f9e9d98989b999c9c9d9ba49ea0
a09fa8a6a5a2a1a7a3a6acaca2a6a59d
9a9c9c9d9a9ca0a0aaa9abadb1a4a29d
a7abb2b4aeb3a19f9a9da3a8a39f9a9b
aca9a5989b9c9ea0a2a1a79c999fa0a3
9b9c9b9898a3a4a29ea2a7aea8a9a7ac
9d9e9fa89f9f9fa6a09d999a9da19f9b
9da09ba3a8a0a2a4aaa8a9a29da19f9b
8e8e99a2a4a4a4a49b9b9ca3a9a29d9e
97969e99a6a295a09e9e96908e8f98a2
aaa99f989e9c9d98929a989b9d9b9299
a3abb1b4a8a39e9ba7a2a095989aa5a8
9d978f879c979c9f9d97948e8e949ea3
9891999399968f8c9b9fa2979f9489a0
91978e918a8990919b8d979895989698
9e9ca09c9b9894999c9a9898948e8f90
a29f9b969394968d888e989c979d9c95
a6a7a9a89ea19a969990929da29e9f9f
9aa2a19e9d9a969794a4a2afa6a8a9a0
9d9b968f9e9c9796999d96979598999f
89979b9d93a2a0a1a19f9d9f9ea1939e
8e9ca09b979594a1a4a1ad9fa0989c92
9d9d9c959b999ea09d98989e9ea39c93
98a09e9d9e9f9cadaaa59f9a98989b9a
a09b99989c9ba9aca08e9faaa1a29b9c
adaeb0b1aa9ba7a2aa9a9b9a989a9997
9ca09ea1a19f9d9c9ba09fa3a4a2a5ab
a7a6a29797a29e9e9898a2a4a4a6af9a
a09fa3a6a9aba897989d9c94a8a6a2a3
a19d9d999ba8a29da3a6a4a1a7b5a7a1
9c959f9e9d979684938f8f969aa2a4a4
a2a2a09a9291a2a09a9aa5a89f9fa3a0
9e9c9a9c9f9c9b9e989b91919f9ea0a6
9fa2a4a4a1a5999aa69da29fa0a7a29e
959e9a99a4a3a19daaa9aaa9a69c9f9f
9daeafb5b2a5a1999d9e9aa8a4a29392
aaa99d9e9c9e9b969ca2a69ea0a2ac9a
9d9e9e9c99a1a09e98a3a9abaaa1abab
999b9f9e9a9ca1a99c9c949b98a09ba0
9b9b9ca1a6a5a6a5a6a6a4a69fa19e9b
9a909d9f999aa1a3a0a3a8a5a79fa0a2
a39d9e9ba5a29ba2a19d898b8f8a8d9a
b3a9a39e9e9a97989a999ca09e9a9698
9cacb5bdaea49aa1a7a7a89d9ea29fa9
96948f9890989d968f8e8e929196a59e
99969599878d8e8d919da4a4968e939d
91938f92928e8e8f9093959897999c9a
a0a3a6a09e99949a9f9e9d9b9592908b
a19d9d98959d968f8b8d9a9b969b9a9b
9da8a8a0979793a5a09e9e9e9f9e9f9e
9da3a39b979a979790a0a6b0aca2a7a7
9f9c8d8c94999497999592979a9c9aa3
90979898999594a6a09e9d9d9e9d9da2
919c9e9b989c939fa6ada89c95979c93
9f9f9a999c919b9e9e989a9e9d9e9793
a4a7a19ea09793989ba7a2a095979b9b
a29f9c9ba098a5a8a19ca3a49ea4a3a1
9c9ca19fa2999a9aa29d9e9b999c9a9b
9aa1a0a0a2a0a1a0a19fa2a4a5a4a8a4
a4a3a09ea0a19b9d9a979a97969d9d9f
9f999a9b8e9297959c9f9ba1aaa2aba5
a6a29eaeb19c978c8f8b97a0a5afa8a6
9c9a9ca0a3a09b969d918f9ea3a59fa6
a3a596a09798a09d999da9aaa1a6af9f
9e9d9894979fa29b9a9b8e8b9f9da2a6
9ea3a6a6a1a3a09fad98a0a1a0a7a69a
9ea09c98a4a3a4a9a7a49d9ea89fa09c
9aadb0b9b6a4a09e9ba1a7a7a39f979a
9ca59f9d9e9d999ba08ba4a4a9a5a097
9e98989b9c9fa09e9f9da8a9a7a7aaa9
9b9b9e99979a9f9d9c9d9a9da0a6a19e
9d9c9ca1a4a7aea8a6a9a6a19f9e979a
9b939a969e9eaba49ea6ada7b2aea6a4
9d9f9fab9f9da2a0a09a96929393928e
aea5a5a49d9c9b9b9a9d9ca7a09f9e94
97a3b6b4ae9497a6a2a2a5a2a6a8aaab
96919293989b9c998f908e909398a69d
989899949396949494979b9b978d8e9a
848993938d8c89868c8c8b95979a9c9b
a3a5aeb79d939a979a9a9d9c9c978e87
a8a39a95a6a59688969fa49b97999098
95939aa8998e97a0a3a4a2a09f9c9fa5
a1a69fa09d9c9692999196b1afa4aba3
9897949b989a98999a9995969f9f9d95
9e9f999e9b90959d9b9e959698929da2
93939f9b9c979998a3a2a6a0959b9e9b
93a09c92959a96999698a19d99949d9c
a29daca09a9a9aa3a7a4a19e9c969094
9894979d9e94a2a89da1a19d94a1a3a3
969693a9a4a7a4a2a8a4a2a29f9c9a96
a4a39e9faba9a3a099a4a2a4a8a3a094
959c9ba0a2999b9798979799999b9d9c
a09d9d9c8e8e8c94a6a3a3a4a8a39fa4
aca9a9aab49c97928f8d949b9ca4a7a2
9ea2a2a4a39f9290999c9d9a98a9a6a9
a29996938e9e9d9ea2a2aaaba39f9998
a39f9b9d9fa5a59d9c9b9f979f9b9298
9ca1a6a5a6ad95959896979aa1a29ba1
9c9b9f9f9ea1a1a3a7a4a0a3a49e9f9a
a3a7aeaeb0a9a4a4a7a39ea49f9e9b9c
a6afa8a19e93959b9096a0a99f9f9c97
979194949f9e9f9e999ba8a8a8a1a0a3
9d9f9e9c9a9b989ba8a0999d959ca1a1
99a19c9da2a4a5a6a3a6a19d9897979c
94a09a99a19aa596a0aeadb7b5b2a8a2
9d9c9d9ea1a1a0a49f9e9c969995959a
b2a18a9f9e999b929098979e9d9e9f9e
a3afacaba1938e97a6a6aca6a4a3aaab
9594939a999c9896948d9295928fa09c
a09b98958f9397939392989b98949796
879396978c86878b8b8c8a9298999d9d
a09189999994989aa1a3a4a09c988a86
aba79d95a7a28b95979eaca19d9ea0a0
a59496a99e919ba3a5ada2a3a19fa1a8
a6a59fa2a09a9c9295979eb7afacaba8
9d9d9c9b98999f9b9593979b9b95899a
a09f9da19e9a97909a959f9d97a19ba1
999a9c9a9b9a9993a4a7a19a93959fa2
9a9e9b9297968b9b98969f9d959c989c
a4a5a7a3a4a0a7a9a7a5a39f9a989493
929696969b979b9fa3a4a8a1a29ca1a2
938ca6a5a3a399a3aaa9a4a09e9c9b94
a7a29d9fa2a2a4a3a2aaa5a0a6a09e9f
959997969e9d9c9d9f9e9c9a8d99a1a2
a4a39fa09b91969ba2a59ea2a0a5a29e
aca9a9a495958d9490958e9b9b9da4a3
9fa0a194a09d97989a9e9e95999ca2ad
a199969697a3a1a2a8a5a8aa9da09a9c
a29f9b9c9ea099a39f9994999a939195
9fa1a3a4aaa0857d8e98949b92a3a0a0
9b9897a0a2a5a5a7a9a3a1a49d9fa09d
a7aab0b2ad919aa6a8a39fa4959f9a9b
a4b0a79d9c99929196999da9a69c9599
8d92969b999fa1a09c9aa9a9aba69fa1
9f9f9ea09b9c9b9ba2aaa29e9e999fab
9b9c9c9d9b9e9b99929999918685989e
a29f9fa39f9da3a69dadafbabab4a8a4
a6a49f979b9fa3a2999e978b9698919c
a39d8aa19a9b9b9496968e99a09e9f9f
9fa8a797a3998d9ea1a5aba7a5a1abaa
9592919c9fa19e94958c9995988e8f96
999ba19b93949897979f91a49ba19b95
87899a998f8e8992928f939ba0a6a0a4
a195949c998094a6acb4b1b0b1a39186
a7af9fa3a4939fa5969ba4a09ba1a2a3
b0a1a2afa69da2a4a8aaa8a59d9fa1ac
9aa09fa0a59e9e9a9b96abb2b0b7acb0
9da5a19c9899999896989a989794969e
9ea2a09f9998979ba0a4a6a3a2a29b9f
9b9796989398929aa2a69d9e9b9c9f9f
a0a593909898959596949a929294979b
a2a3a3a3ada9a4ada8a5a19e9d9e8e9a
959798999b999fa3a6a9a8a5a2a1a6a4
a3b0a8a6a39697abaeaca8a49f9c9391
a59f9ba0a39fa4a7a29e9a98a59f9e9f
95979897979d9d9d9f9d9a958d99a6a3
9faba9a29d959c9da0a2a39da5a4a19c
a9a9a99b9b928a8891909a9c9d9ea4a2
a0a19fa0949b9ba1a5a29c96989ea7ac
99949498979ca1a2a2a1a2a4a19e979e
8b8b9aa7a1a29ba59e9c9a97998e9695
9da2a1a5a9968678a09d9b9d9ea08f92
9b9a9999989da3a8a9a09d9f9da19f9f
acb5bab69e9fa3a2a6a5a5a6aa9e979c
a4a3a18e9c96948f90959e929d9e9e8f
9392969c9b9d9b999ea5a6aaa7a5a3a4
9d989d9da19b9c9c9f9f9ea49f9ea29d
96939c9d9a9c96a09d9092908682989e
909995a6998e8f8b959fa2b6aab3b0a5
a8a69e91999fa19a9b98918894989aa0
a6a79c9d899a99979a99959ea59f9a98
a8a8a89ba39e969ba5a7a9a4a5ababa9
8f96989a9b9f9d8e98969196978e8f98
9d9d9b9892969b919498949295949496
92919398969c9b9b94959ea6a2a79c9e
a0a0a4858087a3a6b6a9a5a098a19b8d
a4a2a4a9a59aabaea2a2ada49ca2a5a3
b7a5a6b3aca5a3a4a3a39e9ea09b93a1
a8a2a29da7a6a1a09c9aa6afb3b9bbb8
ada8a29f98918c878993898797979ca3
9f9c99a19c9b9da0a3a4a2aaa39c9e9d
9e9496959a97999fa1989c9fa09da09f
a0a69a9097958f8e94959597969e9c9d
a3a4a5a5a7a8a7acaaa49f9fa09e9e9e
9a9f9c99919da3a8a6adaea9a7a2a2a3
aab4a8a69f9397b0b3ada6a4a2989a99
a09b9aa3a1aea5b0a99a9d98a4a19ea2
928e97919da9a89ca29f9e92a0a9a6a1
a29e9e9d97919596a1a3a39c96949b96
a5a9aaa29f948f8e9d9b9b9a9e9ea49f
9f9b98959f9d9ca1a0a69d9494a0a8a8
9e9a95959ca2a1a2a3a5a6a2a19d9a9f
96939c9f999ea1a49f9f9d9d9e9b9b92
9c9ca0a39795968d939f9aa09c949690
998890919e9da5a5968e959d9b9b9c9c
9aacaea796979c9ea79e9ca2a192879b
a8a5a19e9d9a94989c998d919d9b9c98
9996949f9e9f9b9ba2a5a6a3a89f9fa4
9aa2a29b9e9f9fa19fa39d9aa4a5a3a1
9492979c92989ca19795908f8989979b
9b988fa99388929a8f85abb0acaab6a0
96978e9697958d9494928e9a9a9fa1a4
a6a4a79d93999c9d9b9e98969a94979c
9fa3a69ca2a0999ca6a7a2a3a3aaa9a2
959b99a592a69b9294958d898b89939e
a0a09e9e9d9c9d9c9c9a9393a3979a92
97989c9c9b9f98989599a5aaa49c9b9d
a1a1817d94a1a2a4a5a5a2a2a29c9e94
a999a3afa59cab9ca0abaaa5a39ca1a6
a1a09baba6a3a3a3aab0aba59ea0a3ae
a9aa9da8aaa8a4a7a39fa7b0b2b7bbb2
9fa9b29f988e827e869199a1a6969d9f
989d9da2a19ea3999da1a49fa39e9c9f
9999969597989ca09f9796a1a2a2a39f
9c9a979495969798989790999898a39d
a8a7a7a9ac9db0b5a8a09d9da2a0a09d
a19c9aa0a69ea4a8abacb3afa9a19fa5
a5b3a7a5988fa6bbb6aba3a1a39b9b9f
a19da2a2a4acafab999da09fa2978d9f
8e92949c9e9fa19d9f9d9ea0a4aba6a1
9ea3a4a69f9694979ba29d9e969d9a94
a7a2a2a1969c9f9d9e9b9793969fa2a1
9f9a999a9a989aa0a2999f9e9ea8a8a9
a29fa3a4a49d9da3a7aaa8a7989d9e9d
9fa09ea09fa4a9a3a59f9a9d9d99a09d
9fa3a6a19d9f9d95a3a29a9d9090939a
9b9a9b9897959fa4998f9c9b9f9c9c98
abab9a8d919497a9a8a7a3a2978c8195
a5a5a19fa49e9f9f9e9a95949c99a796
a39c9da19e9b97a2a4a4a2a7a7989ca2
9d9faaa09f9fa1a4a1a798a0a2a59f9f
93919a989597999d9593918b8984929a
afaca2a39d958d999aa0a4a6a8a3a3a0
9a96939d9c9a989d9e928ba0a49aa3b0
a5a19d96989a9a9998929295989b9c98
a3a3a4a29f9598a2a4a1a2a0a6a8a8a6
989b96959ca59a9298938f988e8b9395
9f9fa29e9b9b9c9b9c9d9b9698999891
97989c999c9c9c9a99afada1a49d999f
a8a78482959d9e989ea09b9f9e9d9a96
acaab19d98a498a8adafa39fa2a4a29d
a0a09ca99da29fa4acaea7a0b0b3b2ba
a9a9a3a9a9adb3a5a4a3a5b2afb0aba5
969ea09d9794909091919ba5b1b79ea3
959ca8a4a3a1a0a7aba4a5b1a19ea597
9a988f9296959398989da2a3a4a4a49e
9d9b9d989695969697999ca29b969e9c
a5a7adaea6a5acaaa7a4a0a4a19f9e9e
a29c989a9ca3a4aaadb2c6bca2a7a5a8
9ea1a1999590abb2a1a29ea49ea3a8a7
a6a5a5adabb1b5a8a4a4a2a6a29d9a98
9190959ea0a2a9a49ea28a8c9ca0a9a6
9fa3aba8a0989e9da4a3a0a4a7a19291
a6a3a2979aa3a3a3a29e9d9ca2a3a19e
a4a49e9b9698989f9f9d9b9ca4a8a4a7
a6a5a9aaa8adadac92a0a69c949da8b0
a3a6a19fa49b9da2a5a2a1a19d99a3a5
99a09b969593a39f98a7999894928aa0
9d9d9e9fa09c9c9f9b9f9f9f9f9c999c
aa9c97968a999ca79e9ba5a19b95989c
9e969f9fa4a2a09f9e9d999a9b9eac98
a1a3a2a39d9ea0a3a5a59fa59f999e9d
9ea1aca2a5a8a7a7a3a6a2a1a2a89e9c
949a9a95909c9d9790938c8e9391999c
