4849494b4b4846434647444444444544
5656575554545557575552575a595956
55555556555454535455555656555556
4b4f5353545354575756575757575555
555556565155555556565655564f4c49
54545556575a5a585957565655555554
54555756545355565755515454555554
57595a5a5958575754514e5051555654
53545556555556575758565754545555
55565657565554555a58545554515252
5655545756534e4f4c4b4c5053575857
56575657575956565454555556565655
585757575952565f5957535654565659
525152515456585958585b5958585857
585a5d5e595957585757575758585855
57575758595553505052555755565657
58565756555655575756555756565655
545356565654545555585a5b55505255
4f4e4f4b515953555555535658565454
55545657575656555556565557575554
514f5051504f4d494d54565656565655
5253545352535356555556565352524e
51514d5152545353525050504e4f5054
514e53564849494a5053515354525050
4c4d4e4f4e4b4d50504e4f5050505252
5152515152504f464d4e4d4d504f5050
4c474e51525455525656575651504f4e
515150504f52504d4f514c4f50524f4c
484847484747474649494a4b4b4d4f51
767775757678767878777d735d4f4e47
47484745443c41586e70797374757675
4c4c4a4c4e4f504e4e4e4e4d4b4b4948
575757595a5a57565656535253565354
56575654565556545658575757575856
56555556555553535556565756565656
4f525453535555555756575757575655
5455575852555956555655565650504e
54555657575859585857575754555553
54555756555456575555525555555554
585a59595957575755504e504f535354
53545556565556585958575655555554
57575656535453525454505354545353
55555555514f4c504d494e5055575757
56575657575758575454555656565655
58585757585a5a5a5858535250555657
52535250555759595757585a57585958
59595b5e58585656565758595b5a5854
56565858595653515251565656565858
575758575758565959585759595a5957
5755575757555556585b5e615a535357
534e5155565753555659555557595657
56525758575657545756555656575655
52535254534f4f4b4c53555755585957
52515151515151515155555451535351
514f515352545353524f4f4f4e4e4f53
525252524848464d5054555452515152
52504e4f5151535251514f5255545453
5152525253534b474f504e4d4f505253
49494e54505455555657595755545251
4d4e4d4b4a4d4f514f504c4e54544d4a
454547474846474a49484a4a4d4f5051
767775757477777a787578735e51494a
48484746413c48586e76757574757675
494f4c4a4d4b4d4d4d4e4c4c4c4b4746
57575958585756575655555353555655
5b565756555a595657565b5e58585858
61616263636363636263625e5858595c
575754535357595a5d5d5c5a56565758
5755555552555b5755565a595b55504e
5457555a5c5c5e5a595859595a59585b
5e585555585b59565758575856595655
605f5b585e5958575d5f5a555553545a
57595e5d595258585b595b5b595b5c5e
62636362625f5f5f5e5c525654535452
5f5f5e5e5c5a595a5e61605e5c5a5757
575d5e5f5b57575755565757585b5b56
5e5c5759595e5c5b5e5e5e5c5c585859
555054585a5c5c5756595a5c615d5c5c
6463656763636361636463615d5c5c5a
585c605e5d5a57525958585a57575858
5a57585a595756575a5c5c56575b5a58
5658575758565555585a5c645d575d5c
564f51585858595856575b5958595957
59595a5a59565654595b5b5c58565a59
5254575a56514e49545a5a5655565859
575959585856595a5a5857585854544f
4e50565a575454575b574e5051555756
5b59514f484c4b4d5354595956575650
53525253535251555758575857585759
555554535855575b5c56545454525053
4a4a4f5d5355555d5c5a575556545353
4d5052544e50505252514e4d5058544c
4e514f4b4b474d4c4c4d4e4d544e4f4e
787775747578788382807d796b5a4a4d
49504d4540484a5f6a76737879787676
4a50535453505052535353514d514d49
56565758585756575554555452535453
5d575857595d5a5556575c5f56565757
6464656565656564646465625959595d
5c5b555254595c5c6164635d56565657
5a55555555555f57535659595f575051
545655565c5c5b5c5d5d5c5b5e5f6060
5c565656595c59575757565757585655
64635a5b5f5a58586263595654545859
5a5d5b585b5a5c5d59575558615b595f
5f5e5d636257585857605b5b55535555
605f565c5959575a5b605d605d595a5c
575b58615f58565756585757565a5b5b
635f5959595c5b5b5c605b605f575a57
5c595d61636664636363646665575863
616465656559575d6565585a60605e5b
6466666565615d5d5f5f605e5757585a
626363625e5959585d62646163646463
5c5b565658595859595e5e635f5a5b61
5b51595e616163656565645f5d5c5b59
5b5a5c5c5d565654616262605c55615f
4f54545c59554b515d5e5c5757575658
5755575a504f525d5b59575b5e5c534d
504d565c5b5958585e5a505152565554
5b5d5250494a4c53555556575556574f
5555525053544f5b5d5e5d5c57595b5a
54555555565454575855525858585755
4c4a4d5555565462625c575354535454
4c4b4c505157545151525050555b584f
525355514b49524d485055535552504f
7e7f7d7a747a7f868686827c705a4f4f
4a555047424c4d5e6a6e727a7a7a7c7e
4b4e535354535453535454514d4e4e4a
57575658595755555554555453535352
62616162636362606164635f55565758
6565656565656565646360615a585d63
5e5f605f616261646564646260616464
625e6060616263605d5959575a565251
55575756585c5c5e5e5e5c5f60576363
63615f5f616261616262636262605e5c
65646364615c595c5e615d585854555f
6263636463636263605957545c5b5e64
6663636564635e585859605c56535c56
646262605d5c5b5c5f64645b55586365
62635a5c6257565a5858575e615f5e64
625b575f5a5c61656564615d605f6261
605f636466666565656667665d595f67
666667666562666667666564625f5c63
666767676866636162625e5a575a5a62
646465655b595b636466666565676866
6563615f5f605e5f595f61615f5d5c63
636162616262636667666665615f5f63
64646565646363636565646562636363
56585d605f5d5e5d5e5f616162616364
58555454545455605e5a5d5d5d5d5a55
5a5d605f5e5e5f62615f5a545a585454
61615b4f4a4b4c535656575658535c5c
58555454585b60606160605d5a5c5b56
54545659615f5c57585c5d5c5b585b59
4f555c5e6061636465625c565957585b
5c5b5f5e5e5e5d5b5655525151505654
5556595959595a5a595b5a5c5d5a5c5c
827779797e8285868687847b6a595957
4d554f48494a506670777d7c807d8183
4c4d4f504f5555535150514c4f4e494b
6161605f6160595f5b59575753525151
6160626363566463655e5d5755565a5d
656565656565656564635e605c5d6363
5656545b5b595a5c5e62615f5a5a6264
6363636362636461605458585a585755
5858585a565a5f5d5c5e585d57596163
60646464626465656565656464646158
6666645d5d5d605e6367615954565a63
6464636463635d56575e5a5758555d65
6667686564615e5c605f606061626261
666364605c5c5c5b5f65625e5b5f6566
6665646665626163605e5e6164636464
645858575a5a5c5a5f5c5c6264666566
61616365686766656466665e5c5e6366
6767655b686666646466656565626364
666666656165626163635c57595e6166
575a615957595c62665c5c6766666466
66646564656462605d5a5d5b5e5b5d61
5a575e6262626264645c5b5d60605d65
5a5c57555661575958575958575a5a59
55565f60605f605e5e5f626565646564
5b57575855565d5f5d5d605b5e5d5d5e
57575858575151545352515e5d5a5a5a
64635251485152555658595756575e60
6263605f5f5f61616162636364616464
6260616363615c585a58575a60616262
535a6162616264656665656263636363
5e5e61615e5c5e5056585b59585e5855
49474b4c4d51544f525650525c5e5f5f
82797a7b858485868587867d6e625e4c
49544f4a4a4a5768727a807f81828283
4e504f4e50515151504c4a4d4f4e4649
63636364656362636363615c54545553
5a616263635563646256565556576264
62626763646363645b5d5e5f65656361
5253545c58575c5e5d6060605b5b595b
636363636263655a5857565f5c585654
585c5c5a5456555b585d5658585a6362
5a646461595757575760605b5c65635b
6565625c5b5c5f6264625c57575a5c61
5e5e646463645c5b575f5a5a5b5a575c
6666686364635d5b5e61616163625f5d
6663645f63625a5b5f605d5e5d656666
67696565656463646364636465656464
5c5d5f5c5b5a5c666462626464656567
61626364656466656565585e5c585f61
67666660675a5b5c6167656665646564
62595d605e5e585c6062636263606064
5e5f605c5a5a5b5b5c5f5e5e5f61605e
58606363635a64625d636464615d5e5f
58556161615f5b5c5f5f5e5f605e565f
6666666365636262636363605d5a5958
575c6060605f5f5e5f60615757586465
5f5d5653595a6160615d5e5f535f605d
58575b5b5e5652535152516052535b5b
5e5e5252485158585a5c5a5653515957
65666664636161616163646566666665
6362606060615f5a5b5a586263646564
575d6161606264656665646464646464
4f6062625d5b585054555e5f615a5a55
515052595b59595a5754545b5e5f5a54
767a7c7a8584857d8682877e76575d54
54534b47483d4c63737980817f847683
5654514f505252504f4d4b4a52525051
63646465656363616263616053535553
585a5c5f55585b6462605e59595c6463
6365655a62626362605f5d5b64635e5a
5c5f606363646463646564625c5d5c5f
6263636362625c5e5e5c5c5d5f5a575a
5f575957535353555f57575960646262
605e585b5c625f5b575d5f606464625d
64645e5c5a59626363625c58585a5a60
5d5c555463625c5b61605f5f5c5e5b5e
6564645a61605d62645f60606463535e
65636464625a58555556575464656666
696b6564656464605f6564645b656565
5c6464625a63696a6566646464656869
555b56575555535565635d5e5e5f5f5a
67676563595a5a606067665a5c5f5a58
64636363615f6162636364655b5a625b
5d5d5c595c5d5b5f6062606564646565
58635f64605a64636365656463605e60
63636161605f6064656360576564625e
67666663636363636363605e605d5b60
5a5e606061615d5b595b5b5b55586367
615d5554565c5b555e6261585452605c
5e5e6162615f5e5e5d60615d5254565e
5e5f5f5a56585b5d5f605e5a58515053
64656465646363646565656667676765
6362606160615954595b566464646364
575e6363616160605a5d605f56646463
5f64625f5e585458575b5b605d60594e
4a53545b5b5b5a595755545d5d5e595b
777e7c7f83807a8585858680746a5a50
5757514b46445062727880817e857a7b
5a575451525454514f4f535658575654
64646263656362605f59585350515350
56585a5c58565a6160615e5860626162
60635a596062626261605e5d605e5d58
5d5f555d6664656464615f6158595a5d
5958576464625e615f5d5c596059595a
6159545753565554565e5a58575c5d56
64636360626360575656626363636362
5d6059575a64646363645f585a5e6163
545355585957565b5f5b605c5b5c575c
676562565863636463606161615b5e5d
666463605d5b5a555656576065646166
686a656465646461605c5e615e5a5964
6666656266676867656361635d5e6668
5859595854555456676461605f605e61
686867655f6062656767655e59595a59
656667666463606163656566615f5964
5e59575c5f5d5f656465615f5e5a6765
62635e5d5f616363666565646361605f
6563616161626366665c5b575a5b5a59
6767666565646363626261605e5f6261
5d5e5f6061625e5c5855565659635767
625d595555545c585b61615a5b58615b
5c60626263626060585e5e5b5556525f
6066635b5254585e5f6060605d5d5b5f
64636364646363646665666767656765
6261605e5e615d5b5f5e626565646363
564f51636261605b5c5f5f5d5b646463
5261595a5b5a5751595f5f60605f5a4e
5657595b5b5b5c5a5958515152545c5c
7b7a797b7b7e7e847e847a727b684b4a
57484a4e4e4f51616f74827b8082797a
5b585352575850505452535956555154
605e6062645e5f5e5a5d5a5053535250
5453515757524c565c55585b5d565c5f
63626162636262625e605a595a595854
585455575b57565654595e5b5a5b6061
5958586062615e6560545f5e5f58565a
6158555553535c55585b57575b5b5555
636261606262625c5c5a636363646363
655d5a596260636366645955555e6364
58555456595857606261625c57576064
6661595e646060595d5e605f6059635d
6263645f5b5955525554555864656566
5c585463625f5f605f5857565c595461
5f5c605f5f646664656162626260595a
5b5b5a5857595b5a63635d5f6061605e
68696864656666676767676057565c58
6466666666646260605d62625f595656
5f5b595f5f5a5c616a65635b5f656664
6362615b6564645c6565656a60606160
63625b596164635e615c5c5c615d5b58
5e67655e5e5b5a54555c5f615e64635b
5d5f5e5956575153514c57626258585b
605c595a5a5d5e5f62626362605e605d
605f6062626061615f5b5d5f555e5e5b
6659574f46545c5f5f60606155555260
636461626161616362666767655c6865
5f605e5e535f5b5c596061645a575763
495050616262636060605d5965635f63
555d575355585454555f5f5d605c5451
57585a5a5c5c525c5c5a5c57545d5b58
7b797b7b7c7c828380787a727c57494e
534b494f4e4f4d5c6f757a7a807d7b73
5458585659535150504f535c59534c59
605f5d5e62615f5a5850514f5556514f
535354565855535559595c595a586361
65605e60625c5b5a5a534f4d565c5950
5a555758595857575f62635b58586267
58595f5a5f615c62616060605f565959
605e5c5655565c5a5a5b615e5b5c5257
6262616062625f605e6060626157565d
65625c5d5e60626465625758555c6064
55545555596061656663625c58586665
6564605859595b6261636364625c575b
636464635a5b57555453595c63646566
5757565b595e5e5f5d5958585f5d5e63
5f5c5e605c5c666565626163605f5a5a
5d5c5c5a5b5b5c5c6462585a5d5e5f5d
6867656566666767676369645d5c5c5c
656766666766635f565c5f63605a565b
62626264625c59656965616466656161
646360636666645c66656669625e6061
6561555a606264625d5a5d5b605e5b5c
595b6161605b5a585d6162625b5f6061
5d5e5d5957554f4a575355645d585d64
5c5c5959585c5e5b5d636361615d5e5f
51515f61626261605e5e5d5e5d60585c
62645d504956555e5f5d5d5d55555452
6363625f60616362686866655e626465
575f5f5e5e605f616163605c56555b64
4b545e5f6263646364625a5b62626057
594f52525d5c595a5a5b60605e5d5749
4e56595a5a5d5a5d605d5d5c5c5d5952
7a807b7b7b7b7e82828074857854504b
534c47474e4f4e4e6a747b7b77757474
5a5a5c595353505358585a5b58535156
5c5d5c5e5d5e5d5a5853504e59544f4c
4f515456575254525252595653575a5f
5b5c5c5e5d5f605d59534e515b5b5351
585c5c5c5f5f606061615f5755575f63
4e4e51535b5f606161615e605e575757
5d605d5857555b5d5a5d63605e5c5750
5f6160616161626358565454585a5c5e
6462605d5f61616365685b58535c6362
53545652616362646565636162656565
63646055585b615c64626265615e5757
63616064635f5c5956555d5e60606063
5860605c5b5c5c5f565b5c5d5b5e5c64
5e606161605f66656462616355555658
5d5b5e5f60616263615e595c565a5c5c
5c63626466666767646167656465645e
65575c67676661605a57585f5e58595b
6263585859585858645c6467675e5d58
5e616565615c5b595e5d62695d5b6263
69625b5a60615f5f635d59575f5d5c5c
656461615c5b5e606060606363626361
5b5e5f5d595251585b5d606159616665
605e5d5f61605e6063646360615e5e5e
52595c6063615c5f5f5f5e63615a5f5f
65635849515a5d5e615d535652545352
62585b5d5f5e5d5a6258656064656666
55625f605c6060646364625d5958635e
52595f626263646263615d5f605d5756
5b5351555a5b5b5c5c6160605e5c5953
54595a525a5d5b575d5d5d5c5c5c5e5e
838178777a787f85827f7f816156524d
54494746524d4c546b767d81817d7b7d
5b5e5d56535251575f595a5b58565152
595b5a5d5c5f5c595a555150564f4a49
5157595a5a59585559595a5a5a5c5c57
51514a58595b5d5c5a5450515a5a5152
5353575755565a5a60605a5657535856
4b4d50545e5d5f5f5f605f5d5b5a5756
5b5f565a555c5c5d5d5c615e50544b4f
5c5f60605a606060595156555a5e5c5c
62625f5f5f6063626563574e465f615c
60606262626363646364646464646464
655c5d595b565a6361625f57625e5a57
63626364645f5f5d58525b61625f6262
5a5a5c5a5c5e5e5d54575a5b5f585564
5f6262615b636664646362625e5a575a
5f5b5e6265646464605c5755555c5d5e
62656164686766656362656465666561
66656568666164615d5d62635f605a60
63615e5e5f5b585a63575d6966656767
666665615f5a5a575b59626561636262
6362626062656564615e5e635f5e5e5d
6664615f5c5b5760605f595764646664
5d5f60605c56534d4c5158595e646867
5c5d5f6061605f626464626063606161
575d5e59605d5d5e5d5a595d59566261
65656057535c585f605f5d5d58545854
63636363616262616262666666656565
5d615e5e5e5e61626257565a58586262
505763636262605f60605f60605f5e59
5e59585258565e5b5a5e5f5f5c585953
4b535559595a5d595a5b5e5052535c5f
8480767a7e7e808585847b765a4d4f4d
4f494b53514c494c5c76798182817d84
5a5f5d5b5e5c5a575f59565658555455
5855595d5e5b555659595a5c544e4c4c
4f595a5b595859595959585a5c5b5855
4f4a545a5c5c5d5c5a5856535859524f
55555754545859595b5a554f4f4a4c4f
4f5456595f5d5b5d5b5959595d5a5756
585d5b585454595a5d5d5e5e5d4b4d51
5052515c5e5a5e5e5e5a5a5660605d5a
5f5e5e5e5f5c5d5c564d4d5150505153
5b596361605e5e5e6264646564646060
585d615e585a5c5c5955535463615e5c
62626262655e5d5a5349575f615f5f61
5f5f5c5c5d5c585a5b5d5f5c59555758
5a57575f5e646664646562615a57565f
5d5a5e5e5f5e6568615d595655565c5a
676565666a6a67626566676866666762
65656665666464626161636160645e61
645e5d605d605f615d5b676666676763
5a5e615d5d5f5f5a5f62676665656359
6461646164656767655a595a5d5e605d
6564625e5e5c59566262636163646766
626160595c53525155565a5c61645757
605f616262615f5f625f5d5f585a5a5f
5d59545553535c5b5c5a5955575f6260
63626759585957616261626260605c59
66656567666461626162626265626564
62615c5d575b6162635c5b615d5e5f65
54575e5e64605b60605f5e60625e5859
5a5854565a5b55545b605e5e5b505751
5455585959525c5b5c5c5d565554565a
7e7878757e8385858681867b624c5354
534c50504d4c4d546b757a7573797775
52545f5f5f5b51545253515554565454
5658565c5c5b59595b5b625b53555454
5a5c5c5c575c5b5e5b58585a5b5b5757
585a5d5d5d5d5c5c5c55505759565757
565354535858595952505351514d5759
47575a5a5b5c5b59595d5e5b5c5a5956
5c5d5c5b595957585b5c5d5e5c564d47
4e4f5d5e5b5c5a5b5e5d5c5f62615e5b
54505a5a5355524e5355555655504d4f
5f62625f5c5c5f5f62656463605e5452
595e6361565d5d5c5d5859575e615f5f
595856585c514f4e4d545e605e5b5c5e
636160635e55585a5c5e5c5e58565359
5e5d5f5f616566655959625e5a585862
625e6160626668685b5d5e625f5b5e5e
6464645f6a6766636664656664676362
595b6166666561615a60656467656463
5d595b5c5b6364615c5861646562615e
5d5f626165655e596069696763605f61
64666561645c605f595a585f60616664
64626262635e55586664636565676765
636360595954535558585a5856615656
61606163625e6060625f5f5d5e605e5f
5e5d595753545b5f5e605d5857616161
5b5b5a504955595f62626262615d5558
69666567666560635a5c64626162635e
605d59595a615d626363636363646368
50565e5e635f62626160615d635d5b59
5a58545f5d5c58525c5c5e5e5b525952
5759575458595a5b5c5d5d5a58565b5a
7e78787680838485837d827a6e5c5855
524f50524f494a586472787473747b81
5a5a585c5e5c52525254545654565254
4c4b5a5c5c5d5d5e5c595f5b565c5656
5a5a5c5c585b5c5c5c58565b5c575854
605b5c5d5c595c5e5d5957595a595856
5457595a57595a5b5b57585656525861
475e5b5a5852545a5b5e5e5c59585958
5c595b5a575858585b5c5d5f5e5c554f
504e5958585956545a5a5a5a5e585a5e
53575b5a56555050565956574d4c4b4e
595a57575c5d5d606264615b5e5c5953
525e625c5f595d5c59575759535f5d5b
5958575858555455555b515956525f61
646364645f54595a5d5f5e5e57545651
5b5d6564666a6966666462565d5e5a65
6562636366686968606067696865605e
635d605857646768636a6a6766686663
5c6062606368625f5d666a6968666664
605f5f5f6361645c6164686767635f5d
6165645e5d59565a67656867635c615d
6767645e5d5b63605c5b586363636765
60606163615955616664656665646766
5c585e57575454585a5a5a5956545659
5f5e5e63645d5f6162615f5c62605a58
5e595a5c58595b5f5a56575b5f5d6162
5959574b4255595e60616362625b5c5b
685f6366656563625c5d605f5a5b595e
645b5c6363615d62636364656363645e
515459595857606264615d61635e5b5b
5b5a5b5a5252505050535b5c5b595a53
57585857595a5b5d5b5a5c5f5d5c5d5b
7775797e837e847e8582857d6b665d56
4b505352504749595970787878747d7e
5a5c5d5a5d5d5b5854575b5a56525254
4f5a5d5e5c5a5c5d5d5a505354585455
5e5c5b5c5d5f5e5c5d59565859595753
615e605f5f5d5a5f5559515a5a56545e
51595a5b5b57575f605d5c5c5c5a6161
6060605263606163615b615d61635c59
5b57565a5755565b5c5a4e5d64635f56
524f59565a5a59585c5b5b605d5a5d5e
51505a5656555350575359584d4d4e53
575b5756595d5a5f605f60605e585654
555b5a5960615f5f5a525957595c5a5b
5d5b5c5e5d595552555553565656605e
635b5958605f60615f5b565554515458
5e616c6c6a616a6b695e616062615e65
6b6665686a6b65656a6b6b6c6b69645f
656764616a676566646a6965696b6a6b
5d5e60626861605f696c6e6d696a6868
6361636061616060646464626461635f
6467655d625a5f656865625f625c5a5f
66615d5d5a5b5f5b605d5e6163606866
5f626464635c5b63635b5d6364646765
5e5d5d5b5b5e605f5c5b5b5a5557595c
5d5c61636062615d625b605d585a5a58
61635e5c5c5c59575758575e60616162
54575a4b475457605e616261625b5e5d
606061666464635f6163635e585b5a5d
655d5659626260606063636562656464
51575752595a57636462616363626161
565d5d595755545154535c5b5c5a5a55
56585554544f4f4f5b5a5c5e5f5d5f5c
78797a78798384868682746a66635d53
5253544f534d4658646a77757e7c7879
5a5758545d5d5d5c5b5d5d5a55534f50
525c5d5d5c5c5d5e5c56545657545355
5f5d60615f5f5e605f5d5b595a595855
606363605d5c5d5e5e515a5b5c54585d
56585c5c5e5e5758595959575a59555d
6563626261636761656160626362625a
5d5754595a57595d5e58586566646463
615e5d5c5f605f565b5d5e605b5c6460
5b5c5d5c5c57575153565e575052525e
5857565c5b5e5e5f5c5f62616361605c
5b565c5b5b5a5b5d57585c5f5f5c5b59
5e5e605d5d595553585357575a5f5f5e
615d5758616262605e5c57545352565d
6a6d6f706d6c6d6e6c62646565625f63
6f6d6c6c6f6d6d6b7071726f706e6a69
6d6d6d6d67646567696c6c6c6c6d6b72
666566676666676663696566696d6f6e
5f636061626061625f665f5c5f5b6764
6b6a6968686765656665666564615e67
605b595d5e5f6364605e606264666665
61606666656465656464636465646662
636361605d62615b5c595e5d5256585a
5e5c60636462625f6163625d56575d58
60615c5f5f5c5a585b58566562616062
5e5e57535056585e61605e5e5f5d5658
615f646666636062636465615a585e5b
645d5b5d5c615f5f5e54646564656463
50555b585c6161636563626464636463
595e5c59555557545b5c5c59595a5a53
585857545350515b5a5457575b5e5f5c
7a7a7a79787c7b7a8682787665625a59
5553534f544f4e595b626e7b817f7a79
5b5c5b5a5d5d5d5d5d5d5c5a54565553
5d5a585851514d565c5a59575a555351
5e5e5f5f5f605c5e5c575d5b545a5a5a
626463615d5c5c5d5c4e515c5b545b5c
58636361615f606162605d585c5f5d63
656362625f646165626263656063635f
605d575b57595c605e5d616666665f5a
60615f5c5f605e5c56575e605e605e60
5b585a565e6158535562625953565560
58595c616264636063626364605b5d56
5d525a575653575b5554616262615f55
5a5a585e5a585955595857585a5b5e5f
6261606161615c595b5c5a555353595a
6d7071716e6f6e6b67605b5a59626262
70696a6b6f6f67737475727071706e6d
717275726d6a7071717171717171726c
71706f6f6d6866646a6f6e6f6e717271
6a696464616364605e66676266696b71
6e6c6a6b6b6b6a696a69696a6869676b
63615f5f5d5e6264696663626364676c
65676767666461626365606264656965
66635e5f6063605e5d595f605b5c5e5e
6160605f5f606062615e5b5f57585e5d
6163615f6056545356565a6562626061
605f5b5757595a5f626060616457585c
575665656564646263626765625d545c
6564636363646261616365665c5b5958
48565b59595e62636262646565656564
5d5e5c5b5455575d605d5c5c575b5851
5958555454515b5c59545755585c5d5d
7b7c7b787b7e7c7d8386837d816a5f5a
56545152514f52565760707d82807977
5e5b5b5c5d5d5b5d5c5b4f575a585756
5d5a585253504e5d5d59595b58565451
565858565855555a53525b5a595a4d5c
5c5f5d63605e595a585259504e56535a
5a636364605656585f615f5c5e615d5c
6260615f5c6465566163646661636461
5d55565959585e5e605a636664605862
5d5d5b5a5f6061595859576261626161
585d60606264605c6062615c52556261
56595f6463625f6464636363635b5958
5f5c5b555558575d565e646461605d59
5d5c595d595b5b5c605b595c5d5b5c62
60615c60605f5c57585c5b5655555b5c
6b6c7073727272716f645d5a5e616261
7070706b7371727076756f7275746e6b
7272747371706b727978757878797977
73737272706f6d6c717371726f6f7272
6f6e6c68676a616d6c746f636d727472
6f6f6e6e6f6f6c6b6b6b6c6b6a6c6f71
686868676266696d6d6e6d6b6b6a7070
6767676767665f6463635c636b686a67
64635a5c5b575a58595d59565f5f6060
635e5e6060626260605b58615d595f62
60615f5c5c5553525a5b6162615b6062
62615f5c595452555354595a58535f5c
595f615e61616463635e5456595b5b60
6566666462646362606264645c5b5a59
4f555953556062636364666666666564
5b5a5f5a585a5d5f605a5d5b575a5350
5657585857585959545156545a5b5c5d
757676747b7f82838787888a77686059
5051534749464c4e5e6b767d8280787a
5d5956535155595a5b5954595a58544b
5b594e4f5250555b5657585c55545353
59565b58585b5c57595c5c5a5a5c5052
5e606364636158514e52515559555357
5d636364615d58575f60615e5d5c5a5e
61595d6161645e586362626359626261
5c575a5e595b5e61605756666560625f
5a595b575f63625f60605e6464616260
5d5f626162605e5d60615f5852545662
595d63636262656364616363605b5b5a
635d55555d5d5f606264646363605e5a
5e5e5d5c5c5c5c6261605f5e5f5d6065
61615c595d605c57585c5c5c5e5d5e5e
676c6b707074767269737167605b6563
73686d6e726e7176777274747473706d
727072727573767d82707e826e757171
7c7a74737272716a6b6b76776c6e7171
73746f6b6f6e6f6f6d76716f72747374
7475727472706d71716f6a6c70727374
6f6e6c666c696e6b7171706d70727575
636c6c6c6d6c696a6a696a6d6c6c6d6b
5f5e595c5b5557565259545761615d62
57545364636161616161605e5d605e5f
5f5e5759555253555c5e5f605f555e56
5c57544c54525050585a5757525e5f5c
565c62645f6164646154575f615f6060
5355545564646262625e64625f5c5b57
494b4a4e505151555956545855575552
5c5b595d5a5d605e5f5c5b57575b554e
585a5a5b57515153585553515b5b5e5d
767d7d7f81817f818382817d74686158
554e4b4b47535052626e717c82817c77
59575553585856585a5a595658565756
5c5551504f53545857615a5353555352
56575a53545b5a595c5c5d5e5e534e5d
5f60656565635d544e4d55595b585354
6060656663605e5d5a5f595556545756
63626261605e5b575558536062635d61
5d605a5c5b5b5f615f60606867666464
5658596462666666645f60606161615f
5f5b5355555253535d5c5f5d595a5661
5c6063616464666360626165625f5f60
645d5b63646464636465646363625e5c
5e5d59605d5b615c605f5f575c5f6362
6261605e5c5d5c5e5f5f616061625b59
6b6b6c6d6f717372737164696a696563
6f6e6d6e737476747374747474736f6d
706c6f7271746d737577787573707070
777573737374726d6c6b6a6b6c6a6f65
73757372726f6e6e6c6b6a6a6c6f7677
727672706f727477727d7b7673717875
716c6d716c7370706e6e707071747076
66676e6f6f706e666d706f6e6e6c6a6a
5f615a5b5c5e5c585151646462616164
4f5152636060616060605f5f5f5f5e5d
605b575356565b5b5c5d52575551554f
5d5a5953504f4f5259574d53595d5f61
575b5c5a525665625b545d64645e5e5c
4d4e5051505051514f6163615f5c5c57
4a464c4c51515152545655555753524f
525859606261605f5e5b5c585757534e
595a5a5350534f52595957585a595a59
787c82818182818180827b7074725e55
56514e4c4c565054687a757d82827a77
5b585358585459585a59595858585757
52525152545556605f615a5351525252
585556585555555c5b505e5957545d5d
5f5f66585a63605d595a5b59564e5155
5f605b5b5c595b5c5b58595655565557
5b606161635d5858585d5b5860646262
615f5b57515a5e626064686868676562
5e5e5f646566666461605f5e5e616060
5c565454555353535c606161605c5e5f
5c5d5e6062615e5e5f5c6263665f6060
59585d65636361606364646363635f5c
636261605c565b5e61626362615c635e
5f616365605c5b5f6161616262626262
6e6e6e7072737273746a6e6c6f6d6663
6c6d6e6f6f7171716f6c717170717271
6b6b6b6c6c6c72707173726f6f6e6b6e
6c6c6c6e727673706d6b696b656c6a6f
726c736c6e6f6d6c6c6c696b6f73746f
71717272737373716d6e756f72717172
717273737273767271706e7173716f71
696b706e6d71706b7375726f716f6d71
60615b61625f5d5d5d5f646667646167
4e4f5a5d5e595c516060605d5d5c5d58
545c5c5e5b5a5c5d5a555351504e4f4c
5d5e58504a52535856504e595d5d5c5c
50585a5051515d5f5c595e5e64605e5c
4b4c4e524f4c4e4f4e4d5d5c5b5e615a
5050555754514f515351535456514f4c
5b5a5c5a5b5e5f605f5d585652575551
585859565355565555595959524e515e
7683827e7c7c7a7a7880847f74756957
5855535454564b50616f797d82837d79
585a5a5a5759595a5958595054545858
53565455585e5c585e5a5a5a5a585353
5b595c5a5255555d58535e5b58545f5c
6367656564646360574c4e4d4e50565b
625f5b5b5d5e5e5d5d5b585255565659
6260595f645e5a575861615f5e656564
625f5b575a5d5a605557686867646563
5a606163636465646361605f5d5d6664
5e5e5e5c58565456636060615e5e5957
55535b5f5e605e615f62626363615f60
59565f6563636362636365646361595a
6564625d5e5f5e5c636364615e58615d
616162605e5e5e606461616061616263
6f61686d7372746d687475747770635f
6561645d6f6f6f6f6a6c6a68696d7071
6e6e6d6d6f6f7171707173716d6d6e66
7170716d766f6f706c6b686667626e6e
706e716f6e6d6d6d6c6d6c6b72737171
71797678747372717072727170727172
7574726a70737471706f6e71716c6e74
6c71727072716f757575757474747374
5b5d635f605c5e615b5c666569666465
53555a5c5a5f5f5d5f5f5f5e5f5d5c54
595d5d5b5d5b5655545651504d4f4e4d
5d5d58545356595a5a5a5b5c545c5b56
59574f4f5656505252565d5b5c5e5e4e
565758595a5859595b5c55565b50505a
4f495257524a4a4d5152525157524d46
5a595c5d5f5f5f5f605c565358564f51
56555856574e5251504f595355575154
8283817d79797978868685848376675a
5757575654534b495b69767e8182807a
585c5a57565759595958555054535856
5855545a595d5f615e5a5c585e5a5454
53535757505956555a5f5d575c5d5b5b
626867666465635e564c4c4c4e515956
65615f5d5c5d5d5e5c5b59555455575a
5e62625b625a58575656605b65656666
63605d5c5a5b565d5c5c595a6062625f
5a61616364656666656362615a606764
616160605e59585761616161605e5856
565250535d5d61625f63636364636060
5962645d6362605e5d62646062605a5b
5c5d5e605c5a5b5c595f5e5a5c585d5d
5e60636160605e5f5e5f5d5e5c575e5a
7073757677787371797e7e7d7f736763
67676264627174767471706f70727171
7472706f717272706e73726d6d6f6a66
73646c6e746f6e6a706b6b6c72737271
6f7172726f6c6e706f6d6e6e6f73726f
73727272716e6f6d6b6d6b727174736f
6e6d6d6c6e6d67626266737372737571
646c716f6d6b6e6e6e70717171706d6d
5d56575d5b5e5f5e5e6165696f6b6c69
58595b5754535960606060605d51545c
5c5d5c58565255534f555655514c5355
5a59505556585a5a585a5a5b55595054
5b585259574d4d4c4d505c5c5b584f59
4c4b48555456514e5256524a5355535a
4f4f58595a56595a55514b4b4b4b483a
585b5c5a5a5c5c5a5c5a58555653514e
47444848484848494f5555535958575a
79807a78787a7d81818187898777635a
565555555655504c5163777d81827d7f
5a5656595b5959585956545556575656
5a565e5c5e616261605f5c5857585150
50575b5b58585a5d6264615e5e5a5556
675d5c5b656261585555514e4e565051
66625c5a5f5f5f605e5c585857595963
5f5d615e595c58575559656565625d66
5554615d5b595c5e5f5d5b606061605e
59626161635f62666664656563646461
5e6261605f575856585f6161625b5c57
555358585c58605e5f62616360635f5e
61676866636261605e625e62635f5757
5b5d5c5a5d5c5d6060605f5e5d5a6062
646464636363605e5c5d5c5b5d5e615e
716e717372767575797a7d7e777b7065
6c6a69686e74727374757371716f6f71
7a777474736e717071726f6e6f6d676a
6c6a6f6d6d6c6f787976767674727a7a
7374767877747775797674767775736f
73736f6f7273757573706c7073727675
6e6d6e6e6a6967696467757574747473
68616f6e6b6e6f6e71727171736f6e6d
5e5b62605c5d61625f61686f6c706d69
595b5c5a5352616262615d5b5d605e5e
5d5c5b58585654595b5c5a5955514f4f
5b53544e5d5d57525b595a5a584f4f50
5d5b5c5c574f4f4f5256545553504f5a
5156585754524f555259575553525b5c
56554c565857565758504c4d4e4e3f44
5758585859595a565859585454525555
424347454646464c5252525459585859
817b7c777b7c838583828a8a86786756
535555555550484d4d696f837d818180
59595a5b595656585957585757535352
525a5b56545b5f6560625e5857545150
5e5e5e5d5c5a5b59515e57575c5b5859
61595a636564635f5350564e4e545a5e
5758576363646765605a59585959565a
595762615f5c58575859616063615d5a
5961635f5b565a5b5c605b625c5c5e57
605c5c5c5f5d5b5a5664646462616361
6162615e5f5b5b5c5e5e606261585d60
545a5f5e5c5b5859595c5a5560606161
6366676465625a546363646365605858
585a605f5f5f60616161615d5c5f6363
6666646363616363605c58585d5b5b5c
6d7072787a7a78797b7b817e79697466
6b676566667071737474706c716f6f6c
7c7e7274737272727271706f6d6c6e68
77727a7a7a79717c7c7d7b7c7b7e7c7b
77787a777d7d72747f7e7e757d7c7d79
7877767773767576746f707074737c7c
6c7173716d6e6b6e7275787279787878
6c6b666c6e6f71727376756f73727271
5f5461625f5f62626260666972726f6f
5a57555559615e5e5c595b5e595f6263
595f5b5a595754595f5f5c5b4e504e58
58585756545b5f5b5c5a585a59555356
5b5c594e4f4f4d515c5b595854595e5b
52565455534e4f4f5659585755575b5d
5857575656555858564f4c5757524b52
59585759595655565b5a575450535555
4f4d4b494a494b4b504c4b4d50575758
817e79797982858586898a837d806552
4a515253514442515e6b7a757a818081
504e504c4a4d56575857555455514f4d
5953595a545e606162615e595654504f
5f60605f5b5a5957525351565a5c5c5b
595a5c5f5b64646157524c4f55565d5f
5f5c63666565645e585e5a5b5858585b
595965625a5e5858595f5f5a63615c59
615f5a54575b5c56585961615f5b5b59
61615e5d5d5c5c596565596060616361
61625f5b5a5d6061615e5f605d59565f
4e5b615f5a5657585856575661626260
5d63616162605c595864645f625f5a51
5a5d54565e5f646360605d5b5b5f635e
6767656563625f5e5c615b58575b5b5f
70747d817d7c787c80818581766d766c
6b726d70717773737373747a7b7a7970
848a7f707271746b767674716e6a6e6e
8082848283818178818181828282807a
7a7a76797b81807a85858485847d807e
77777e7d7c7b75797d7c7b807b7d787d
737175747070736e747a7b73757e7d76
676d676870696a6a6b696c6e70757c79
5a5c64646364625f6263696f7375706a
5954575862625f5e5d605f5d59626162
5d5c5a585a59585759615d5352505459
5b5d5c5856595d635f5d59585d5a575a
5b5a57555150525155535b585e5e5f5e
5259585755555754514d545553565a5b
4e4b4b494a4f57565150505457504a4b
585a5a5b575352585c595753494d4e57
504f4e4d4c484b4a484a495254555656
82817a7c7e7d80838888847e72765a4c
4f4f504f4b4d48526d6e786d777c8282
554c494c4a4e5455525555545453504e
5b5c5b5a5d5f606262605e595653504f
6161605e5853515152525258585b5d5d
5a5e6460626463605a5a534e555c5d5a
595c5b5b5b5b61635d5d5d5e585a5e5a
606462585a5a5b5959625f5e64615e5b
635c565b585c5b58585b63625c5b595a
61615e5d5b5b5b596663595e5f606262
6260555a5a5a5d56605f5f5b5e5c585d
4f55535c5c6061605f5e5f6162626262
6263615e61605d585861575662615753
61605c585a5f61605f60605d56566363
5a575b626361615e5e605e5d61645f5d
72787c7c7e75797d8684787f7a6c6a5f
6c7071797c7d7b7977727172797b7a76
8e888378767570717b7674766f6d6f73
85878b898a867d7e7f7f7d7c8989888a
82818184868887898988888584838385
7d7f7d7a7f7d7c7875747c7e82817f84
797d7978767c7a7c7b7b797c7a827f7f
7273787878767373747576706f7f7f7c
5b5d656565645e5e65676c747c7b7471
5459585959646463646462626262615c
5f5b5a585a5c59585a5a535352535256
6263605b5d5c5c5d615b55545357555c
575354545655515256534f5e5f626160
5a5b5958545353514b49495655575859
4f4e4c4c4e5059594f52555958504d4c
5959565550504e4b5150565451545254
4a44443e3a3746474c4f525356575757
74747a7c7e7e7d828888888876685850
4e4b4b4e4a4e4854616d737478737580
4b4b4c4d4f4755565553545454524b4a
5a5c55565d5356605e5f5c585453504f
605c5d5c5654564f5253505453595755
5a625f61656161635d574c4e5b5a5b5a
61625e5c5c5b64625d5f5e5b5a5b605d
6565605c5c605f5c6155565666645c5c
5c555d5b595e5d5c5d60625e5e606263
5f5f5f5f6162646566656262585d645d
625d55555b5c5b595b605d595e5a5657
535a6060605f5e5655565a5b5e5b6363
63636364635c5b606262605e5f5e5c55
5f6163616161615e585c616162606464
60606362616466615f6163626364625c
757a7a7e7b7678818e8b85837f73685d
6e6d737b77827c767373727377777f7a
91856c6f77757377787c777672717472
898a8a8c8c858486868381878c8d8a80
898a88898a8b8b8b898b8c8a88898a8a
83827e7d7c7c82797f7f85898a868487
82818181848484808584828086848480
797c7c81807f7f7f7f7f7e7e7c7c8182
5a62606163606162676870767b7f7778
545557595d6667666664636265635d5b
5b5d5b5b5e5c5c5d5d5a585856585556
5c63625a5d5f5f60615c575252545b5c
565457545b58525153544c5d5d5e595d
5c5a5553555554534f51525556565859
525352575a5a595b52595c5b5b53504f
54545758524e4d4d4d59585a5a585452
484846403e484c4e5354565758585657
757581817d807f8586858b88765c5651
4f4c4a4c4d4c48546268717678747575
494c494f555050545250515355534b50
5c5c5a5b5e5c5f60615f5d555151504f
59515b5a565a5c55555454565158585b
5b5b5d62605f61655e594f4f5559595c
62605c5b5d5e646261605e5f5e5f5a5b
66625e6062635a58575554616663595d
59544f4e474b635f5f61615e61646666
5d565b5c626466666064605d5d5a5c5c
575959595c5e6061605e5c5c59595656
555d615e58595656555a5e5e5f5b6362
66666464635e6163626060626061605b
55615f5f5d605f605d60605b60636066
64636360636463616263636364646260
6a6f76747274797f868f88807e756a65
696c727884837f707074727476756c66
8e796f72757677786f747b777372686e
8e8f8f8c8887898b8a8b8c8d8e8e8b8d
85858b8e8b8d8d8e8f8f8d8f8f8f8d8e
8483838383847e7b7c84898c8c8c8c85
8787878689888684827f7c7e7c868586
7d818487888785838686858587888887
60616062626265656c7171797f807b7b
555a5a5c5f616466655a5a5b61615557
585756606060606162605f5e5c585555
5b5c575b5e5f5e5d5f5c57535b5b5c5e
54565b5e56545150565552525559565b
5b555554585856524f58515657575957
53515055505a595e625d5d5c584f514f
51505150504f4d4e5251555655575452
474743474c49494e5258545058585a53
7677818280808280857f887d6c56564f
4d4b4d4d4d444146525a77817c767675
504f4e50514c48474644435054525151
5c565a5c5d5e5f605f5d5f5c58535150
5b5e5e5e5c585854565c595552575a5b
585b616260605f605d59545052595c5b
63635f5b5960605b60575e5d5e625d5a
655f626464585b5d5c5753565a5a6064
5852524f484e4f5f6161605e60646767
5b56575d65666765616160575b585855
5d5354515a6163616061605e5b5b5a55
5860605d55565655555e5a595d5e6161
575f64605f616462636262636361605d
58585e62615e575e5f5f5d5e63555854
64646364636161616163636460616362
6070717779747a7e878f887267616d62
6c746f678383817a7a6f656e6d6b6863
8b7f7173757271797879797672716b6d
8d8d8d8b8e8e909090908e8e8e8e8e88
8e8d8b8a8b8c8e8e8e90908a8e8c8a8d
8888888887837e8185898a8c8d8c8a8a
8b8b8b8a8b898787868a8580818b8a87
8482898a8c8c8b8b8c888c8c8a8b8a8a
63606061656667666b71747c80848282
53585b5b605f6164625d5b6061615b5c
55545c61605f616363625f5d5e5b5554
5c5e5f5c605f5e59535e5d5b625f6059
5a5d5f5f5b5250555456535356565155
555756585a5a5a5a5b5a5356564f565c
51515052565858585d5e5e5c54504e52
58524d4f5250504f55535152575b514e
484d4c4e4c494a454c54565659594b4d
77778082817d7c7b818682776d5d5d4e
52514d4d4e37384b595c72827e777c78
544f4f515152504c4743445154535250
5d5d5d5c5c5b5c60605f575a57555151
5f5f5f5e5d585251555c5b554f565a5e
62636665615f6057534b5554585a5c5d
635d5f5f60615f5a60625e6363626261
655f6362615e5d5d62605f605e5c5f5f
5a5755504b54575961615f5e63646364
59565d64666364605c5f62636361605c
58575553606061615e6363626262605e
585f605e5958595d60595c5f605f5d5b
6465555f6066656162636364655e5e5b
5d57606161586161615e5b5c5a595457
5b646463615f5d5f5f64636462626362
70716a6d7d7c7c7e838e8b827b7d755a
736d71657581807e6867727670717874
897f746f726e757c7a74787272717375
8d888b8f8b8c8c8a878b8c8d8e8f8f87
8d8e8b8a8a8d8e8e908f908f8f8e8e8e
8a8a8b8c8c8c898b8b8d8d8e8d8d8f8f
8d8d8d8c8b8b848a8a89898789898c8c
8488898a8e8e8e8e8e8c8e8e8d8c888a
5f5f5e5d65656566686f787482797c7f
57606261605f5e625f5b5a5b62605f58
545554545260516062615e5d605b5553
555a606160605d55545f5f565e5e5d55
5d5d5f5f5f5c5757565653595954524f
535359595a5c5c5c5c58545656515a5d
5354534f585b59574e5f5f5550515153
59595251525150595b5753545a5b5351
4a50504f4d4a4a474653565754525154
77747482827c797c7f878177595b6453
51504e4e4b423e50646c76827e7e7e7a
5454514f4b504c4d4a47454850534f51
5e5e5d5c5b5c58605f59565854565151
535f605b52555b595b5c4f565b5a4d60
63635f646064605b5a59575356565b53
5c615d60636260636162616464636263
5b615d5c615d6160646464625e5d5f60
57555958555656575f5d606060625e5b
5c586264666363616365656464646360
5d5559585a5356555e63656463636261
635b60605d595961605d60605f5e5c5c
615d5f5e605f64636463646563625f5e
605d6261636463636263605955545658
5b5d6460605d5c5a5a57565254515263
7574737c787b7d83808e9187716d735e
6d6c6e6c76817f7e786a797476717271
897f75696b6c787a797a777572737187
8e8e8c8c8c8c8c8a898d8d908f8f8f88
8a8c8c8c8b8c8d928f8f919090908f8f
8c8b8b8d8d8e8c8c8c8c8c8c8d8c8b8a
8f8f8e8e8e8d8c8d8c8a8b8c8b89878c
85888b8a8d8c8d8f8e9090908e8e8e8f
60606364616264656e6f797d82807b84
585d5b5f615e605f5e5d5657575f6158
5a60605f5b565860615e595f615c5553
575b5c5e5d5f58535f5e5d5858595755
5b585e605f5e58585352515a5b545251
53585a59595a5b5d595456585656505b
52525553535b5b564f5b5b5952525153
5a5c5352535252565b56535957525152
48464948474a4d4c4d51505455555355
7574737f7e7d7b7f85887e785d516955
54504f4d4a4c49465c6475767b7f807d
555352514f4f52535651505555534e4d
605d5d5c585b5d605d55535655555151
5b605e54525d5d5e554f4f5957565d5d
6363605b61615f5c5c58585554575753
5d615f5e5c615d5e5f5f63645c556262
5b5e5c5c5e5d5962636251515b5c585f
5d555a5a5755574e4f4e4f5254535151
5f595b63616361616766666564646562
5b5b5b57555655576063656564646463
605c59575a5858575e56615f5f5e505b
52515e616563636361615f6263625e5b
6262646464595756555c605954535555
5e5c64605f5c5d5a58565c5b5d606062
6e797b7d797a898c898c898578737965
746869617a7f7e7d6f6b7176736f696a
7b8076696e73737d7a78777a79767e77
8d8e8e898a8d8d8d8e8f8c8f9090908f
8e8c8c8b8e8e919091909191918f8f8d
8e8d8e8e8f8e8d8e8e8d8b8b8c878c8c
8d8d8d8e8e8f8c87898a89898b8f8f8f
82888b8d8d8c8a86878c8f8f8d8e8f8d
5e5d6264656465696b727b8183838083
585a5a5e615f6060615e5a575c5d5558
566161605e5a5e605f5d6164605d4d53
5a605f5d5f5e5858605e5c525a5b5556
5e5f5e5e5e5e5956535356595b535055
5554515155555456504d4e4946524f57
52545454535a544d4e595c5b54565657
51515155555455565657575753525151
4442494f4e4e4e5050504c5353545452
77797b7c777e7d7d838980735b526852
5358554e484b45475a667070747c7f80
5655514f5251504f5250565657524f51
5d5c5c5a524f5f605e59565756545350
5b5a5a54555552504e4f515858585d5c
646361605f5f5e5c5b55545658585757
555654575554515555535c5b5c616163
545a595654504d515251525151545356
625f5f5b585555525151504e50504c51
605f625d635e58596766656564646460
5b56585555565a5c62635c5f62635c58
5b574d54504e555354575e5e5e5c5859
5251605e615b5c5a5958615e6162595c
62626565645e575a5556615d54535455
5e646664615d5b585856565559626155
6c767b7a7c818c8d8b8b878079867b69
73716360797981817a776f75716f6b69
7d8075696c74777678777979767b817c
8d8e8b898b8a8988838d89908f908f85
8f8e8e8e9190919192919191908d8e8e
8f8f8f8f8f8f8f8f8e8a898d8d868a8e
8e8e8e8c8f8f8f8a898a8a8f8f8f8f8e
888a8d8d8c8b8882898d8f8f8e8f908e
575d5d595e5d5e6668747c8487838383
4f525b5d60615c5e5e605f5f5d585355
5354545858585d5f5d5b5e62605c4d55
5a595a6060605f605f5f5c5b5f5d5c55
5d5e5e5f5c54545354545854514f5054
5553525155515656524e4d49454f535b
565455535b50564e5758595752575856
50515159545454555c5a5d5b55535150
48494a4a4b4e50525250535454525451
81817d7c7b7e81838080877c67576b50
5356544e484a464c57626a717474787c
4c555252514c50504a4e5557564f4e4f
5e5d5b5351505f5d5a5c595552504f4b
5a5a595c5b544f515153575452515d5c
61615e5f5e5d5b5b5a56565556585658
555656555253545555585b5c5d5d5e60
54565356565556555657505257535555
625f5a5a59585352535252514f4d4b51
535758585e555a5d5f605f5f5d59635b
5b56555458565d5f62615d6161605c54
504e4c494c4d4f535a64625f5c5c5b5c
53606363615a5b5b5e5e606365605451
54646665615a585c5e60565855545e5d
68675c5c5d605c5c5e5e6262635e5c55
73737b8184878c898b87888487827b6c
77686059747d837f7a75727174747474
7c7974626c767a777b7a7a7a7a7f8780
85878c898a888489878c8f8b8e918e85
9090908f9091929294929292928f8986
908f8f888f9190908f8e8f90928d8f90
8a8d8b8c8f8f8d8b8a89908f8f90908f
85888787878985898b8c8f8f8f8e928f
5958575a5f60656566697c8486858783
4d525b5e5f646162615f615f605f5955
5154545659595b5e5e5a5d5d5f594c4b
59585360606060605f5b5b5e615f5f5a
4f565d585a58555957545c5551535259
51524f5254565655534e4f4d4a4f5254
4d4d565a5b595a5850515253575a5a55
58595b59575654555253535c58544f50
494b494b494f50535250525555545757
8383827b7e7f80808082857e674e7052
4f4a524d4949444e5c64707777767777
53545152534e5051504f505858565554
5e5d5d5954525052544f4c4d4a4c474a
5a54585c5d5955555c5c5b595a5e5e61
5e5f5e595d5c5b5857525a5655585959
54555a595b595b595d5d5d52585c5f5e
5a585b605e59595b5d5c5359585d5d58
5f5f5f5c5b5755545353524d4c4b4f56
525352524f4f515b5b5e5f615f605a5b
5c5956525862615f5f5b545354525252
4d514d4e555451555c5e5e5d5b5c5a5d
61636563615c595c5e59555f5e514f4c
5e5e5e615c5b58535553535350536463
6a68645f5d64615959596463625f5c57
7979827c80848a8083868c8c9281796d
7369686a7a817c86817a71717973756e
7e736c655a6c717c807e7b7a7684887e
8d8a8a8f908d8c888d8c88888e918e88
8f8f8f8e9191918c8a88929290898e8e
9190909190908e8c908e8f908f8d908f
8d8d8f90918c8e8a868f9191908c8c91
8586888888878a8c8f8f8f8b8c8f8f8c
5c5658606061636465697c8384888a84
4f5758585d62655b575d615b5b63615f
52525151545d585c5a5957545f564e51
55555554575d5a5b585b5c5c5f5c615b
5a5a5b4d545051525a50505650525853
4f4e50535353555555514d4f4d4f5152
54565b5c594d5b56504c4c565b564c4e
5a595a585555565252545a5c5b544d56
4e4e4d4f4e4f504a4b5153595859595a
8481827d7f7f807f7e8380816674705f
4f4d4d514a4a4857616a707c79777b79
52545053575658595957545858565554
575e5d5753524d585b594d494b4c4c4b
5b58595b5d5c54575a5c5c5b5b5a5a54
565350504c505a584e59595857535b5b
5156575253545158585f5b565c5f5e58
59595d615a575b5a5a5657595a5b5652
605b5c5c535855535158555654565c57
51505051505a5c585c605e5f5f595a57
575957585f5755555c5c5d5c5b5a5252
555657564e4c505658595a5a57575759
64645d636362605d595756585c595856
5f5e636463616160605d565454576464
625f645e5d62655f585a605d62636160
8385837f83878781878c898f947c7a67
7070787677817d8275777b7d7e7a7878
7f77666c6466707e82807d78797f7f76
8b8b90908e898990908f8c8a8e918e8d
8f8e888a8785858483879291918d868d
928f9190918e8e8e8f9185898e8d9090
909090908f908e8d8b919089918d908f
8688878a898488888f908f8f8d82808f
5c5c5d5a5f5e635c67717b8084828784
575a595c5c645f5c5c615e575f636159
5c5b515c5f605e5e5d595c5e5e575156
595653555d5e5f5c5c5e53585b555a5f
5c5b5b5b5555595c5d5c58585a575457
545555585a595b5857524f515153555b
5a5a5b5b56505b544e4c555959574a50
5a59575858595a585755534f574e585b
504f4f4e52514e4d4d53575958595859
787e798180807f838688848071637064
5350524d46424b525a64747c7a76787a
54524d4d4a4b4c5055575853494d5555
595e605c565250575c5a504b4d4e4f4f
5b5c5c4f4f50535757565a5958535a55
5453535352585a5f625a5b5a57565d5d
545a585a585a565762605c5556575856
595b595f5d5e5e5e5c5b5a5e605e5856
5f5c5c59585555585a5b5c5b585b525b
4f4e5051515e5f5d60615f5d5a555550
5c5a5a5d575752505f5f5f5c5a585251
58585757534245525b5a59585759565c
64635a555a635f575855545d5e5d5a59
6163646563575a5b5e5d5855555f5153
6260615b6163605a575956585d5e6262
8684868888857f858d8d8990887b7666
7d7d6f6e7c7d7d808083848383838386
81787271716c748286847d8283898679
868986888988888d8e918f8f8e8f8d8d
8f8d8989868683868b909291908d8f8d
909090908f8e8f8f918d85868f929190
91919090908f90908e919090918a9090
85888587858587848b90918f8682828f
57555d5f606065666473797e83858682
57595b5c5d5d595d5b5f615661635e59
5c59565e61615f5f605f5f5d5c5a5858
5653545d5e5f605d5c5e5c5c58565959
5b5b5c5b58585c5c5e5b595e5f5c5757
5154585a5b5e5f5c594f4a494c4c5558
5b4e5859545255514d54585259564f50
5b58575956595d5a595451535a575b5d
5b494c4f51504b4b4e5257585758595a
7778797e7d808385878880857b686f66
51494a4b44464c4f4e5f747b78737978
58514f4d5557535553525549494c5457
595b5756555256575c5d59555453504f
5b5f5d565251545857595b5c5a585d5e
5150535053515151585758545c5b4e5a
575a5a5c5b5958595a57575a5a575956
5d525a61615f5f5e5b5b5b5c5f5c575a
5f5d585b5b5b565c5c5c5c5c5e60595b
565a5d5d5e5e5959585c5e5d57515151
5a52555a57595a5e5d5c5c595b595858
585857585342535c605e5a59595a5859
5359545354555b585554595d5c5b5959
5e585c5f5c5a5a5b5a585e5a5a5a5853
5e5958575a6061605f5b5d5e6362615b
8d898a8e8b878185868c8d8f857f6c61
888883797b8383878888878689878b91
897e7770797277858887868686878589
898787888786848c858887918f8f8e8a
908f8b8a868383889090919191908e8a
908687868b8b8b8c8c85878590929291
92928f8f8e908d908b8a86848f879090
8384848685868784868e928d8781818f
595d62645e61636362767a8081848280
585b5053575661616364605e61615e5d
55545554575757545a5c5f5a5b5b5958
59595c5e5f5f605d59595c5a58565157
58595b5b5b5c5e5e5e5c5b5d615e5a5c
4d5959595d5d5a5d5a514c4a49514c57
555356574d524f5558555a5a5f544e4e
4b4a585a585d59585153525156555b5c
51464b4d504f4d4a4a53555756574749
787b817c7a7f7e858788847f7668614e
4e4c4f484b474d445c747178767b7979
5750504e535354535351524b4b505355
575c55565a535c5d5f5f5b5654535353
5a60605855575e5f5c5c5d60585b5e5d
575556525158535257545b56605c565b
58595a5c5d5956595a5a595b56565755
5e5e5e6562615f5854565b595f5f554f
5f605f5f5e5859575c5c5d5d60605f60
52525f60605f5d5c5b5d5e6054515352
575757575754544c5a5b595658555a5b
504f49474a4d64696766646260585c58
535353545557585754565c5b5a595958
6059595f615c5c5c59585e5b59565653
585757565b5a64646360556061605a53
88878c908c848585888e878a7d816656
8e8b8b868082888d8c8a8a8a8b8b888b
8e8483867c7b80878888888988878a8d
8b89878a8a888d8a8d88898c8e909192
9193908e8c8988878d8e909292908a8d
868888898b8a8d8d868685868a919191
8d8f898f8c8e8e8e8a868589918c8488
818281838789898786888f898983818c
625f63626161635f646e7c8384828080
595b5152535263626463605f5c606061
5555545458575a54565b5d5c5c5a5252
595d615d5d615f5c5c5e5d5d54545456
595a545251525b565554575453535357
57585a5a565d5b5b59534d4750535558
535653565b5a595959585a5463595750
5157595a5a5c5b55575a5a5c5c585c53
524d4f4e4f4e4a4b4954575759544b4b
797c808082828385877885796f665f53
504d52504a4b4a3d48536971707f7d7c
4b4542434d53534e57564f5251515554
545f5f5c5f5e5e5d504f4f4f52535450
585755555459615b5c5d5c5b58605d58
62605e5d5b5358585e5e5e605457555c
5b5b5c5e5c5d5d5d5e5f605e5a57585d
5c5f63636263645f5c575b6362616060
5e5e5c5d58555862615f5e6060605e5d
52515e5f605e5d5b56595f6055535c5e
57585858585453545a5a595456585c5b
514e494f5b636c716e6e6f6b61585a57
535355575756525754565b595a594952
57555b595d5a5e5b5657605f5652554e
585555575a536362605c565c61605859
88899090888985828589898a7e766861
929290908c8b8f8e92929292908e8485
8c8b8a898a8c8d8b8b8e8e8f8b8c8f95
8d89888d868d8f8e8d888f8d8d90928e
92938b898e8f8c8a8c90918f8e8f8f90
8686888c8e8e8b898586858f91909193
898b8a86888483848885868f8a868686
7c828585878a8286898b8a8988818484
5d615e58585e5f5f66707d8587837f78
565052565758646363605d5d5c616160
605f5e5e6060605d5f57595d5d5c5150
5e5d58535f5e58585d5e5d585b5e5b5d
5a5b5d5a595c5d5d5d5b58515356585b
525a5b59595f5d5c58544e4950545659
5752524c4c5c5a5a5a5a595360565c56
585953595958585858585b5c5b5a5a55
494b4b4f53504d4b484d564754524d4b
767b7977808385868588877a836d6451
54535350494e453d4e686970737f7b77
4b43484b4f4d56564d504e4d4e535454
5e6261616362655d53524e505b5a5753
565a5a58595e5c5b5b5b5b575a58595c
62626161605f606162625f5e56585a5a
575c5b5e5559596060626161605c6064
566458575c656462606163646362625d
625f615f5f5f60616060616160606059
5b5f5452575552514e4e5b585255575f
545151534f52585c5959575657535b5c
4e515150575b606c706b68645f5a5a56
565759595c5c58545352525058564949
5955575a5b60585858565e5d5b5b5a55
615e5d5b5a5a5254515157575c5d5459
8b8c8e908a8a8789868c8f8b7e6f6665
93939292908f8f9091939391918e878a
878586848b8f8e8e8e8f909095928e90
8f8e8e8e8c8a8c92908d908f8f908d88
90898b8b8a918f8f8e8f8f8691919092
888988888e8d8b858987869191919293
8d8b898887848a8c8687888f8a858788
7678758181838485868b8e8c87888c8d
62615c5c5f60606360686a75807c7672
575a5a585455585c595a565d5f615f5f
646463646260605f6161605f5d5b5350
5c5e54556061605e60605e5a5c5c6363
584e55535b5b5a5c5d5e5b54585d5a61
5d5d5c5d5d5d5e5b5b56545153535658
4e4f4f4e5e5d5a5a5a5a5b5c5c595656
585a5659585546544b5156525358504e
504c4d50504c4e4f5357575656535456
7478787d7f84847d8386888c856c6a53
55524e4a4848424750606e736f777373
49404a5051505956514e4e4d4f4e5055
616162626256635f564f555c5b575455
60605f59545d5c5b5b5a595959585855
66646261605f5f6063625a5b5b5c6060
5b5e605c5a5e5d5a5c646363625b6465
595c595d64656564646464656463655d
605e5c6464626160616062625f605759
5e5d5a5656565452515c5a57595e5f60
5351515052535a5859595755575c5b5d
4f514f4f5a696e6a696d6b655d565b53
5a595a5c5e5d575352525357554b4b4a
5d5d59595d5a585857585d5c5c5b5858
5f5c5e5f5d5951534f4f4f565a5e5d5c
8e8c8d8a878a8c8b8b8d908a836f6c5e
929192918e8e909091918e91918e8b8b
8b8787858e8f8c8e90909091928f9091
918f8d8c8c8b90929191918f908e8d8a
8e8c90909090898785848487858e8f92
8b8d8c8d8a8d8d88848392908f929392
8f8d89898787929289898c8d8d898989
6f78798383868685868b8f9090919190
66625b5b5d5b5c5b595d6078807a7471
54545b595659585555595b5d5c585a5a
63636262626060515867655f5d595657
615f58565e5f616060605e5b5a516162
4c4f4f5d5e5d5c5b595e5f59595c5f61
5e5d5d5d595a605f5d5a585453555452
4e4d504f5e5d5c595c5f5e5e5d555556
5b5a5954505050494c545450534f524e
4f51504f504c50525557595851505658
75767c7d807c7b7b81838880786c6d5e
5351504f4e4a4144515e697770767274
48454f50524f555655534f54534d4d53
5e626361615564635e55595d57545152
616154554f6161605d5a5d5e5a5a5855
6664605e5f5f5f61635f5a5e5b5f6060
4e5853575e5e5b5c5e64626461646365
616362646464605a5b6166656666655c
6160625f65636262626262635f5e5958
5c59595b5c5c5b5c5a5d5e5f60605f60
50504f4d56575a595657575758595c5a
4a45415465746e707679756b675a5356
5c5a5c5e5e5d5a5453515756534b4c4e
5e5e5d5c5b595857565a5c5d5a59595a
5c5d5f5d585d5957535357595156605c
8b848285888b878c8e8c8f8f7e72665e
9393939291909090908f949493908e8b
919190929292908e8a8e919393929291
928a87898d8f908d8c8f928f90919191
918f8c868483838383838385858a8d8d
8e8d8e8a8591908c8d8a919092939491
908e8c8a8d92939390909293928e8a8b
71777e8183848886858e939393939191
5a625e5c5c5a5e5e575e6f77807a726c
5556595b4f56565957595b5b5956585a
616061615d5e5b4e5e64615f5e5c5856
5d5b595a6060615f6161605b58586060
4a58565e5f5e5b5b524f525b5d5d5352
5e5d5e5f5f5e5f5b5e5c58545251534c
4f4c4e4e4c5c59595a60605f5d585957
5a58574c4a4b4a525856545858525151
4d4e4c4e4f4c4e4d5051595856494b4e
797c7a797d7d7f7f8486877c71596f51
5552514e514f433a5b5f697177777177
4d44505154535a595b585856514c4a53
546061626362636462565b5d57535255
5a5959585b5f6260575d635f5a5d5c55
6356555d5d5c5e62635956585a57625a
4f4b4b4c595b57575e63626362636465
6363645e5b5a5c5b5b5a656560586259
615e57615f6363626463636362605957
5a60616161605f5c5d5c5a5a5a5c5f62
51515454555559585a5a595656585a5d
49484f5e6b767171797b766e675d6253
5c5d5e5c57545b585757565959585251
5d5f6055595958595a5c5d5c5b585357
5d5d5d5e5d5c5b59565658595d575d5f
858387878c878b848d8c908e8379675e
91929292929192939293929294928e8a
929392939393928b8989919394939291
91908d8689908f8f8c9192928f939392
92908b8586858484848584868a8b8f8f
8989908f91928f8a91918f8f94908f89
9391909092939593939393938f878d8e
726f7b82898a86879092838486878f91
5a53595e5c5e5d5f6069787b7f777672
525b5d5b5959565b5b565f5858565652
5e5f5b5b5d5351575c5a5c5c535b5855
5c5b5b5c5e61615f61605255595e5c5c
515b5b5a5f5e5d59504d4d5a5e5b5355
555c6062625e5c5c5b5a4f4f4e4f5252
5456524f4e4d4c4d50595e5c5b585956
5955524d5758595757575350504d4f52
51505150504d4a4b4e4e5959564e4f53
7f7f7b7b7a7c7b83858688807c616f5f
4b4a49474f4f4c4b506572797b737776
5651454f5458565a5959595754555352
55554c55646566645f61605c58545154
5d535a5e5d5a5a5c5d5d5e5e5c5b5d5b
6461615e5d5b5b5e605855585352555d
505553545d5c5c5e5e63615f5a656564
63635a5b57565b57595b5f615d5d5d56
5e5e61625f5e6162625f61616360585a
586262616161605d5d5b5a5a5c5d625e
545453514b58595b5b5b585756555b5c
464953676e6a71717379796e69616157
60605e59595c5b5b5957565a59595652
6060605e5c5a575a585a5c5f5c57585a
61605d5757575855585b605e5a5a5c60
858383858d827d7f8f8e8e8a87726a64
92929191939291949393908d8c888e88
83849292918d8b87888f9291918e8c90
8a8d838485868d8e8c919191898e8e88
91868786878787888786858788899090
8f91928f8b91898c8b9093928f908d8d
9390939292939493939394938b909190
746e80848a8b8c88939187868b909292
585b555d5c5a5e615e6d7b83827d7b73
5453505b5457595d5e5c5b5c5c5b5557
5e5d5d5d564c4e505c5d5c5759585853
56595b565c5f6062625d59575c5d5c5d
4b4d4d50514f5b57514f54595d595357
59595a585e5c5c5c5753504c4b4e5657
525b564e4c4c4c4d4c5d5d59585d5b58
5756585b5c5c5c5c5b5b5956504c4d51
5354525149484a4b504d525951555058
82817d7b78767c848486897f7b657060
4f4f4d4743404f4a59707a7973757278
59534c4a56595a5a5a5651565858504e
52515a61646562555f605c56585a5155
5e54555f5f605c5f5e5f605e54565f5d
6562616060605f5d6056565451535055
4d4e4e565b54585c5d5d626264666664
655d5c5a59555a5c5d5f5e5d605e5a54
615f6062616161626361626262605c5a
5b6054606161605f5e5c5e5e60606263
595653505859595a5a5757575656585c
4d4c4f687175797c7e81797b70686055
57585a59575753535c575051524e5353
61616160605a5957545c605f5853565c
65615d585a5857535460626260606262
8886858a83817d888d908b8c8c7c6567
82838385868688858484848482858f8c
868386918d8b84838c8f919190828284
858a85848289868a88868888868b8b8c
918f8b8a888787898a8c898988898b8e
9292918d908d8b8d8c90939391919191
918c8b949494959494908d8c8b8e8c92
666e79868b8c8c85908f8a868c919292
5e5e5d5c5d5c5f6062737f857c837c76
54575c5b585959595c5d5a5d5d5a5b5d
5c5c5c5d59524e595d5b5c575c5a5455
5c59595b5c5b5b5a595a5b5b5e5b5b5c
4b4f534f50504e59544f58575755535a
56545049545c5c5b5a5651484a4f5755
5f5d534c4b4b4b4e5456565e5b595156
58585a5c5c5c5c5b5855545756505255
5655544e4c49494e514d505651575259
7b7677757477828484858a8070797162
50514f4d48504f4b4c6273707575777f
54524e4b495855565450595a58574f4f
575e5f52636354575f5d5d56565c5055
6157555f5f5f5d5d5f63625f55555f5c
5f5b61615d5c5d60605f605d5b545453
5957565558575c55585a61616064645e
635e5b5a585757575e5c59605f5c5d5d
5d5f6464615f606162636364635d5964
5c5b5b5b5c5c61616060605f5f5b6361
4c5651545958555a595757585757585a
48444b7174797e7f82807b7d6d6b615a
5c5c5858575554585b58504f504d5152
63626160615a555b56575f5e5a59595a
66615b5a5b5a59576262615f62626362
89878887867f86898c8f898b8c7d5e63
838487878488878584838586858a8c8b
838587868789888b8e91919083858584
8985838c8c8a898886848a8983898783
91918f8c8a878788888f8e8a89888988
9192908f8d868d8d8c8c939391919191
8e8b8b8b9494878f928f8f918e8e8b86
6a727f868b8d8d90908f8d8986939291
5e5b5b595d5b5d5f63757c898384807b
58585a5a58595a5c595b5a5a56595c5c
5b585c5b52535b5b5b5b5e5a5b5a5858
5857555653565857585b5e645e565b5b
4d56595754574b58554d53514d4b4949
57555150585a565a5a57514d4a4d5450
5c5a4f4a4b4a4b4c5256565a5c5a5558
5a5d5c5b5b5b5b5a5653565756555656
534e4c4b4a443f4c5355575852585459
7c757775797c837f858588847b637264
50514f4e4c524b4c4b5b6e7173737c74
584c47454a4b51504d565a5758545251
5a55565756585d605f5f5f5f58595355
5a5a5b565c515c5f5f615b5753535b5b
61615b5f5e585e5a59555b5f59555460
5b59585859585d5b595862645f636262
61605c5c5a585e5f6061605b55616159
59595d6263606263615f5f6362616264
585e5d5d5b61626762605f5c5c5a5b5a
4b4b4d585959595b595856535257575a
5348575e666d73777c7b787c73696255
5c5c58565853504f5c5b595450525452
6363615e565a5552514f5155565c555b
61615f60615d5a606464625c5d645a5a
8e8a83828585878c8d958c908a7e6c64
8386868583858385858484848a89878e
8c8f8f8e89888e8f8f9091918a838181
8a888a8d8e8e8d8f8e8e8e8e8d8a8687
8e8e8680868580848d8b878887868b8e
8d9091908a858c888d87868f888d8f8f
8d8b8b8a8887868686888a8f8e8e8d8e
6e7a8185898c8b83888a838983839291
5c605f5c5f5f5e6068757d807d75807b
564f55505154585658545d54585a5856
5d5c5a51515b5f5e585e5e5d5e575856
5356515353515858555153595b58515b
56585758595858534e4b4a4b4d4d4b55
535251505757575a5950484c494f5350
4c56534f4a4a5258565656545c5d5a57
5656554c4e4b4c4c4b4d5655544d4b52
4b4b4e4a46464f545658585755555859
7373777474777e838687878676747262
4b484e4f50504f4f666b74747372757c
554b40454b4c4d50585b584d54545350
5b605f5e5d5f646360625c5e5a555657
605d59565553525354565f5b56585b5b
62605b555d5f5d615f55545353565661
595a5c5b5f5e5e5e5d5f61646263615f
5656585255555c5d6060615f61615e5b
5d5f61606160615f5e64626161555658
5f60605c5a62626361605e575c5d615f
52554f55555759595856555558575858
545256586872797f7e7e7f7d6a695e55
56534d585b554f515d5b5b5653515052
5f61605f5d5d59544e51535a5b5d504f
645f5d5b606263626262595b5d5a5658
8e8b82818a8b8c8c8b8f8d948f7d7066
83878887838584848584888e8a86868c
8e8f8f8d8a8b8e908f918f8f8e878181
89878a8d8d8e9090908f8f8f8f8c8989
8282828082827e818b888989878b8b8c
90908481838d8c86878d8f908f828183
8e8a8c8a88878582868f91908e858a8f
6c7882868a8c89878384868c84859191
636262616665636064666a7c7a707e79
605f60615f5f5e5b5e63655f5e5e6164
5d5e575b565e6160625e5d6358575d60
5a5b575253545959595c5b615d51585d
5857565655525555545151514e4f565c
5857585757525454534e4d4648495657
575854534d514851505556575a5a5958
5554514f4c4f4d4b4848595853535254
524d4e4b4b4650525456565551575955
7371757c78768381828385887e7d6e5b
52534e4e52514c56525d6e73726e7271
564e4b4d4f4e50595858565657565453
6161626061616664616261625e585455
615d58565554535654575d60615e5c5e
646159555d6264645e55565657545961
4d4b5d5e61636260626261635f636364
585753525454605f5a5d626162625e54
605f5f5f5e5c6361615f5f6058575654
5f5f5f5c5f5e5e6161615b595a5a5f61
50484b494a494b58575456555657585a
565856586b74778381807e8063675954
515a5b5c5e595454575a595651504d52
5d5d60605d545358554d515752525050
6563605d616463625d5e52595b585c56
8888868f8e8d8c8b8a8d8d969279726d
8c8d8f8e8f8f908d8a898888888a8a89
8e8e8d8a898c848c88888f8c88848388
89898e8e8e8c8185868e8d8d85858486
878886888686827f7e807e7e8b8c8888
85838181848981858a8b868f8e8e8b89
8b8b8a88878784828190908e8a838382
7a798287898c8c898482888f8f91848b
68666568696967636063777b78767f7a
615f6365656563626162615f64656567
6160605d5f616161606465625b5f6164
605d5c59555656575e61626362605d62
5b545a5754555658595a5b5a52555660
5a5b5a59555252574e514d4a4a4e575b
56504c51524f49495556585958555459
5256504f54555354545453534f515455
5552514e4d474e4250444b4a4a48494a
77737c7f8082848284858684817f6c58
51514c4c494649524c606b757378787a
53504d51515152555555534c51515352
6260616061636563606160595c5a5254
5d59575354545a575758626363616061
57575d605f64676663615f605c545d60
5958565762635d5e6161626163646464
5656545f5c585a5d5d5b5f6061615756
64625f60575864636161575554575655
6160615e5c5e6363625b5b5d5a5e5d60
534b4a49495051505656565757545653
52595d6d767e84848482817a68586159
515b5b5b574f50535556575654515151
5c555560585b58535059564e52515052
665f5f645e5b615f5d5455574f525e53
908e8b8b8c8685898e8e8d897d747364
8e8f9091929292908c8a898a8c8c8e8f
8c8c8b8a8887898483838a87867e8b8c
87868885828083838483838683828281
83827d7b86837e7c7c7e82858b898889
8c8782807f7d7e7e7f7e8b8f8d8b8a80
838c8a8a878e8c8b8886848b88828485
7d7b7c838a8c8e8d8583909490808383
6466656766615e5a666e767a7974817c
54565757615b5f5e6157616163636262
5f5d6262605762606264666564625c58
605f5d5b5a545358605f62655b646362
5a5954595758555a5c5d5c5c5b5b5e60
5350595756524c5557575656565d5b5b
564a525148484a565856595957555455
595a58585855545454505352554c5557
5447444e4a45424249504a47484b4a48
76767676767884837e85857b83816d59
51514d484b4a484a395d6a747b7e7979
56525253515354544e50505252505052
626161626263656360615e55535e5454
5e5c5a585b615d585a5c656562626263
5f5c605f5763676563625e5e6060615d
5959565862615c61615c6262635c6463
565455565556595e5d5d606463615657
6160615e59585b656362615b55585656
6060616061626363626363605d5d6262
5450514f555655525156555857535152
555d6169687886898483827e70665d57
524d5b5b5b5955565757555054524b48
5e5963615c5d5955565c5a56534e5756
6361606164635d555855535e5a515d5e
928d88878b87808c8c8d8d8b8075746b
8d8e9092939291918b8b888c8c8e9091
878787878787858182848686847b7f7d
868583827f8080808285828482828283
82817d7f837e79787a7f7c8486898788
8a898582807c7d7d7f888a8a89877f7f
858b908485898e8d888c8f8f8c8a898b
74777f83888d8f8f8e90929485848284
6665656766666665606a777c74757775
56565657585859575b57636265646668
62605f605c5c595f6063636463615d58
61605f5d5851585e6061616563656364
585b59585f5857565555616060616061
4e4f5958585550595a5a5b5c5e605f5c
5348474e4a494a4a544e595757574f55
4c4f5151574d494b5454525453545756
4948454d4746474c4e53514e4b4a4948
757978767475838280848382837b6f56
504c4a4b49443f444f5e67707c7d7879
5a535251524c525252504e51504f5052
5c60605d626365635e615d555b5a5353
615e5d5b585756585b57626263635f5e
62626361636362595c5b5c595f616160
5555575a5d605c60616262615f5c5e62
56575f5e5b575f5d5e60605b635f594f
6160615d595b5d5f6363636362605b58
625f5e6062626362605d605f5e636565
5554575759584f524d4c4d4b46474d53
455b4655697d8687858381826e605d53
55555a5a5b5c59565453545553514945
5c5b626460615a59595c5c5a50545958
5b65666365635f575453545d5f515f5e
918e8a8b9088898d8d8a82898384786b
8c8d8f92929292928d86898e908f9092
868681828482838384848481807c807d
8182828081808081838684847e828384
82828280827f80827e7d7f8082848585
87868485848183838383868584817e81
8b8e8b8d8a8e888a8c8d8a8c87888888
77787e86858b8f909091919285848586
59586365666666665f6d7c8279747a78
5757565b5d6061626363656465646461
62615d61615f595a5e5f6163635f5c59
615f545f58565a5f5c615e5d5e646366
605d5c58555c5c5a5b5d616262636362
515857575953545a595a5c605f626160
5651504f4e4b494e534a4d535a58574b
50525252534c47485458565657525059
47434c4e4a4a494e51555555544f4b49
797877727475838283848585837d6f54
504e4b473e4045494d5d67737c79787c
51504f4f524f4d4b505152514e4f4d50
63616061615f5c5d5f5f5b5c59585454
62605d5c565554585956626263615e5e
6363636364625a5a5b5c5d575f616263
4d5458585c5f625f5f6262615e5c6362
626362615f5d60636161605864605955
6063645f5e5e60636363636463626362
5f625f6063636563605e605f61615f61
5156514a484f504c504d4d4d4a494f52
51535058687f80878685848376635a55
59595b5b5b5d5c595751565654504c4c
5b58595d5e544f5353545b595458595a
5f6766646564615b5455575e5c565959
918d8d8c8c8a8b8c8c8d8d8c817a756b
888485878c8c8d8d84878a8691909292
848484848583837f7b7c7a7a79798186
80807e7b7b7c7c80818181807f808183
808080818080807e7c79797a7e838181
848481807d7f81817a817f807e7e7780
8f8a838f8e908c8b8d8b858476828181
716a7276858d8f919193929088858587
575862676768656568707b7a7e7f8077
5758585a5e5b6265656464665f5e5d58
62635d63625d5a5e6162645b5a625e5a
5d5b605c574859585d63605f5b646361
635f5e5e5e6061626262615a5f636363
4d5558585c5a58595c545e5e5e605457
56534e4d4f535053585456585a5c5a56
51525153534a4c4f54565b5a5953515a
4f4f4a464848474b535454564f534c4e
78737474758282817f8386857a7c644e
4f4d4c46403f464a4d5c67757b7b767d
5551515050504f4e52535353524f4f50
63626161615e60605f61605a54535354
63605d5c5a5655565a5d6160625f5f5c
6255596465615d5c5a575d5f5f596364
555a5a5c5d5f585a585e5d5e5d606363
65666563626061626560626263605e5b
60646761605e606364636359555c6564
53555653565766626160606060616160
5052524a50504f4a4f4e4f514c4b4d4f
4f47535f67728586867b80796f665d53
5b5a514e56505b5b595853575653504a
5656545e5b5554514f53595959595c5c
685e676358655f5f5d5c605f5659595d
918d8d8d8c8e8c8c8d8d8e8b80706564
888587898b8b8f8a8a8a8b8790909291
707172757c7c7a76777673746c728287
7876757170717176787b7b7d7c7a6f70
78787878777772746e777c7f78787a79
7d7a7878797b7b796e72747674707778
8d8e8f9091888d8e8c89837f7e7d7b7d
736e747686898e929292918f83828c8e
59636467656866676965798383808077
5958575d5e5c5c5a6664615f5a5e5e5b
6062605f5d6061636363605b5e625d5a
5d5b5d59554e56585f64605d5f616160
5d5f5f5f6061626364625e5d5e65645f
5559555252525a5c57535f5d595c5f5d
585752535656555e5852545c595b5c5a
5657565856534e50565a5c5b5a5a5b5c
4f524f4b474749515251545455535354
72757573757b7e7f8284888680796952
4b4d4a464946473f4c5b66707c797373
514f524f4e4e4d495152505553525152
61626261605f5e5f6162605a53535253
625a5b5a5456595a5f605e545e60605f
595a5a5e615b5e5d5a565b5960616565
5b58585d5b575a5f615f5d6262636362
646665635a585858625c65656462605f
62545b5b5b5f60646664606058596665
535357575859655d606261615f5d6261
545351524f504b4b4d505353504d4d4f
504b515f6875828682807c7672675c51
5b564f4e54515c575656595756555350
54585e57554f5351555550505a5a5c5c
68625d61645e605f5f61615b515e5f56
8e858a8f8b8d8c888c8c8b877b72696b
7f83898a8a8b8387888a8f91908f8d82
6a6b73737172757170726b6e757b8388
72706d71706e6e6e7376726a6a6a6a6b
7575767676757777767677787873666e
726d6d6c6c6b6e6e6b6e71736f737475
858d8c8d8c8b8c908e8a817c7a777471
77747e84888a8c8f8f81828983828882
5b67656766636566737a808285857e74
5a57555a5b5b5b5656656260605f6261
5c5b626160605959565655595f65615b
5f60504e4e54535c5f635e5d60625959
515d5e5f6061626463635f5f5e64655f
5353535051515c5c5d5a5f5d615f5c5c
584f4c4d4b505256545a575653575c5d
5856555248484d4e5758585755545b59
514e504f4f4e505153524b4a57525658
77747572757f8080828488857d6f6958
4d4c515049454c495462696f7c767374
5452535151514f4d4b4f535653495350
5a5f5d5f5f5f5e5c5a5d5a545a555153
5a5c5b5757585d6464615d616162615f
5f5d5a555855585b5d5f61616363635e
58504d4c4f535e6261605a5b60636362
5f655f5d565957575d5b65646462585f
615d555b5b6060626664626161626563
515457585e626060605e61605e606062
5153534d504c4b50504e5551504a4b4f
50554d5266777f838181808167615c53
504d4c4c564d5b5a565552574a555351
54565452514d4a514e4f50515a5b5b5e
68635f595b64605f615d5a54605f5452
878e8b8e8a88868a8b8b8380807a705d
838180898886868b9089828b858c8e8d
727677777474797876736e77767e8586
70747571747376767673706f6c6e7372
757071727272737273747575726c6c70
6a6b6a6b6b717170706c747372737476
8a8e8e8f8f8f8c908f8a827c78756f6d
7c7782878a8c8c8e8781828480858785
5e6766666766636762787d8b88897e7e
55525a5a555157575866656260605c62
585f6262605b58585755545d61605c58
5d5f5d585654585e5f605e5e625e5755
585e6060606163626363606061646461
5353525151525c5a5858575f5e605d57
56514b4c5756534c5253595956504e5b
5756545147464e515756535554535c5a
4f4f5252514e4e535455534d4e4e5058
7b7877767e7d8180838489876e696654
4e50514d4c4b4d475463656b7b79767a
565255534c515353545554504f50544e
59564d4e5a5e625d5d5b5b5a595a514f
5a595b5758565f636462615f61626059
5b5a5656565a5d5e5d5e5f6264635d59
58514d505258616261615d61615f615d
615b5d5953575a585d6161646055585c
5d5d5e5d606162635a5c5c5962616362
565a5f6162626261605e5b5858575755
504e4c5051545055524d5756514a4b4f
5059425768727f8681808385635f5b4b
5954514f4a4a5757504d4d5049555454
5452525150515558504e51525b5b5a5c
665c585c5d5a5b5f5f55535460535b58
8f8f8d8e8b8689828c8a88818680766f
7f818381898386838388858b8c8d8986
7778797a797978797877706e757f8587
74757673737373716f6e6e6d6d717676
73737373747473717172737372716f72
6a69696969686a707072737374737473
9091908c8e8c8685908b827b78736f6c
8081868a8f8d8e8f8d8e8d8581878988
6666656666606266666d7f7885858484
58585a54535458595b63646360565862
6060605f565957595b5c5863655b5758
5c5d5c59545453575d605f5d625f5b5c
54595e62626261605f5d5e5f61636260
5353514f5756535b5a5b5e5e5e5c5c59
56525150555855514d565b59584e574e
4d4a4849464a494d4c4f525254575659
4f4e4f4e494b4e4f5457555554555157
7c79767979757981817f888868786955
5151514e47454f464e5962686c757678
565655514e5353535355535553525452
58574d515d5b5f6462626060595a504f
57585555545c616361555a5f62625c55
595455535a5d5b5e5e5f5d5c555f5a5c
58555151545e5f5a5c575d6461615959
635f584f55565b5a6062626358545958
5c605e5b595d5e5457575b6262626263
585c61626262605e5c5c5e5f5f606060
504d5256565858585858585653504e4f
554c4f5d6f787f838283827b625f5c48
5b5656524d46525452504d4f55555455
5d5d59525051544a4a4b54505b5b5b5b
6761595f5954545e5c5554545c565c5e
929190918a8687828c8b8b858680786e
82818383828385888685878d918e8a83
7b7a7072717a797978736c6c78818385
76767776767473716c7070757775797a
74777777767574747172737372747376
6a6a6a6a6c7074747170747474747574
8a91919091908d84858e8281776f6b6b
8486898c8f8d8f909090908581868986
5a5b5d66676566676a73787480868a88
5c5d5c585e5a565b5d626462605e5359
5f5f5f5c5358575a61606065665f5e5c
5c5c5c56535354595e605f6064625f60
595a5f626362615f5b595f5c60626161
5a5b5b5858595a5c5c5c5e5d575a5c5a
54535653535758565150535b59525c5b
4c494a4a4a4d484d4f524a4f53575754
514e4f464f4f4e504f4e4c4858585857
75757576797d7f7f8184858577697359
524e514f4b494a484f5c67716e72747c
575553504f4b4a48494c4f534d52524f
585655565d5c5a594d5c5f605a555150
53545252504c5f5753565e5d60605e5b
55565752575c5d5e5f5f5d5c5a585559
59555654505353544e4e4e5a5c5f5a5b
625f5554575f5a585c6261605a535a5e
605e605b585e5c5857585b6261625e5e
545e626262625f5a5f60606060616060
515253565758595959575655534b5052
524a586b7c8280848186808463635346
5b5c58545152524f5251515557565553
60605e5d5c5a58544f4c544f5b5b5b59
6a646055555555555856515f605b5d61
908f8f89878489898c8a858d87827468
828183848284858488888889918e8985
7a797779797a7976766f71787c7f8384
78787876736e6f706f7276767572777b
6f6e6e75767676767474747476797777
706c6c6c737577757573737473757473
878d909291918c878f8e8e81746b6e6e
7c85898c8c8a81848f90918486898887
5e5c5e5e67676768717778777f878b86
5455585458565b5862626158555e615e
5658515456585c5e5f5c6061635b5955
5b54504f4a474a585c5d5f6263626160
58515b5d6161615f5c5b605f605f605f
5d5e5d5a595d5c5d5c54565957595c5b
58545653555757545554585c5b5a4a58
4b4f49474f4f4d4e4d4b545254585a5c
494b4a4c4f52525254504f575850574b
787878797f7e7677817d858178777965
52504e4c4c494a494e5c747378787b7d
535251514e484a48484849504f514f50
515a514b5d5e5c5553565e6357514e4f
52515152504e5053565b5e5c595b5e5a
524f5150505055565556505355504e50
5a555454514d56525053515a58525151
605d5059585e5e5b6161615f5c585a5e
535553535d5c5a5a5c6061605c5c565a
534f5252615f5f5e5f5f5f5f56585254
4e55575758585859565454534a4f5253
524b606d67717f86898c86847262564b
525b5a57545552525255535058575751
616060605f5d5a565353575159595852
6966635f5d5c5955575758605f5d5d60
92918f878481898988888b8a88856f6e
878a89868584848387838a8b918d8386
7a78797979786f73777675717c7f8687
797b7a777877797a797879777776797a
7574757977756b747179787577777775
706e6f6e757776777775757475767370
8685848390918f8c8a8f8d8077757475
7d7b8b8e887f80808e918e83898a8787
605d5f616766666a737a7d7e87848887
5c59555455515b606460575d5660625f
55595856555b575e57585b5e595c5b58
5c58544f4f4f55595b5c60616363605e
57575b5b5f5f605f5f5d5e5d5e5e5e5d
5c5c5b5c5f5b595857575c5f5f575c5a
5954555254554d54555250585650555c
554a4a4c4e4f515250535654585e5b5b
4e534d4c4e545454524f515757534c4c
75797880807a78767a7e81807983765a
51504d4c4d4c4b49596371747e7f7c7c
4f54524f4b49484646464d504e524c4f
5b5955555c5d5e5856585a5e534f4c4e
58545558595855525c5c5b5b5c5b5c5c
57565352534f5352534f4f5253595859
5a52505454585a595855545a57545557
5c5853565755535c5f60605b5e5a5a5e
5452585d55565758565a5e5d59595757
4c505a59585f5f5e5f5f5e5e57595455
5150565758585857534f545453505252
50555f5b697b7b84887e8a83686b6154
515b5a595153545357524f4f5254544a
5f5f5453514f4c5251525455564f4f52
6d64656563605c5a57555b5b5f5e5d5e
92928f8c88828489888c8d8b89837376
868683838583838889888b8d908b8486
7b77787170716f6f797b7a747d808589
79797776757a7b7b7b7d7f7b7a7d7c7b
736d7776737573757373787677787773
75716f6f7675787874766f7576757070
8384828b8c89908e898e8a7c827e7472
83878b8e8983828e90918f8988878483
5e5e6061676565627168727c81868d89
5c5b5357565959585659576162625a5c
5a5a5c5554575a5d5f6161615e5c5c5c
5859585654505257575a606164626058
5952595b5b5a5e5e5e5e5a5655585e5d
5b5b585b5d59595a5f6062625b575c5a
59524b4b4d514f565653585a59574a5b
4a4949524e5153534f4d525656555b5b
53464e4d4d4f524d465053514e524e4c
747978797f7a7379777a7d8073786c58
414a4a49433d474a4c5b69747f807c76
4f51534d4d4b4b4b4c4d55534a494342
5c57575b595c5d5b595a575550514c4c
5a5a5c5c5a565755595a595a5c5b5a5e
585a5756535354525156575455535659
5852505555575a5957525b5958515857
5a57575b5a5a5b5e595b5d5e605e5c5a
5a5b544d4d4c4d4b5256595a5758525c
54585b5c5a5a5f5f5f605d5d5d5c5c59
464c4a47585858575150565855535554
5257585b64737d8380808f8166606258
5c5b5b5752505159585654565452544b
5e5e5e5e5e595957565556555552504f
69676665625d5c5c5557545d5e5e5e5c
8d87888e898388818281818e8b84786a
89838b86838483878f8c888d8e898583
7b7a7a7472737271787976747e818589
797b7a7678787a7b7c7e7d7774787c7b
7174777774767273777c7e7979787772
78747374757776746c6a6d6b71767171
838385838b8a8d8e8e83827780747174
838b8d8e8b8c8d8e91918e8685838485
5d5f6065676466676d6e767985868a82
63625d5b575c5c5a5257595663625f5e
605f5c575b5e60626364636255565d65
53595c57545454575554546364626061
585b5259595b58585d5e5a5856545c5c
5252514d4a5252505f616368605c625a
574d4d4c505559575857554b58585553
4f4a48504f535554504e515456555b5a
4a4a474c4e49504a5052474e4e535353
77757b7380737a7c7a7e7f8273826659
424b4a4a453b4b4a49566372817f7a76
4f4e53514d4b4b4b4d4d545248464641
5b5550595b5853555358535151534e4e
58595b5856565455595a545858585b5d
595c5958565655595b5855504f4f5156
58525352565555585353545550585959
5c5c5c5d5e5d585c5d5c57595c5c5c5b
5c5a524b4b4b4a495153555a5957584b
585a5a595a5b5c6464615c5d5b5b5c5a
494b4445455758565258575956505558
52414c5c676e6d7c7f7b8b8271645b53
4c4c584f4f4f565a5a5855535052544b
5e5f5f5e5e5d585354575851574d5050
676766635c58515c5a575959545e5e5d
8f8c888f8d8684828081868f8e8a7869
8b8e8a89838287878f8e8b888c878685
7c7d7670747b7f7d767a73727e80848a
7a76777779777b7b7a75747578787c7c
70767973787b74767b7b7b7773767579
767377787879787a777674787a776871
878787878a8f8e8d838988847d6f7476
84807f8484848e8e93908b8284898686
5f6062646565666765697c8082858a87
6464625c595f5d5d585a60596463635f
575a58575a616263625a5a54585a6364
565a59534b5245575a5b5d585c5e6261
595c5b5c5c5c595b5a59574d53525657
514f504a4b52525058676e716a656559
544e4e51514b4c4b53595a5b5a585853
4f4a494f585753514f5357575856595c
4e4e494b4b4b4d494b4e4f50504a5755
747476828281807f8080858679696753
4c4d4b4a4a4b4844485361757a7f7a78
524d4d4b49494b4a4a4f514a4947494a
574d49585a59585a5d59575351525050
57585a59595a575859504c5357565558
5a5c5955524f515c5a57514f4e4f5157
5855514f57595a575850555555515957
5d5d5d5d5c5e5b5c5d5b575055575c5b
5958565357534f4f5055575552595c5c
5258565557575b585b5b5c5a56585b59
4b49464e5554554f5157514e55545957
4a4f5a60656a747e827e848171675c54
4b585955504f4e4e4d4d494f50505048
5e5e5e5f5f5b56525657555756505150
65615e625d5b54515a585859525e5d5b
8d8b8d8b8b888687878a8c8e838e7e6e
8c8e888585878e8d8b8f8e8d88898985
7d7873757a7d79767877726f7d81848a
6b6b797a7a797a797979767574797b7d
7178797a797870757978787478747772
7a787c7c78767a7a7a7877797b747273
8c8c898a898c8f8c83848182766f737c
7b7e83828281858e8d90898586858689
59585865635c5f6467666c8081848984
64635c5c605e5d5d5d616262625e6561
57545e5c5d6162625e5b5b56535d6164
555b53504d4843585d5f5d5d61636257
595c5c5e5e5c5a5a52555857575b5859
514a4c50585b5c5f646a75746b605d5b
554c5150514a4a4d5254515a5b595653
4d4c49535856524e515959585957595b
544e4c4c4d4d4d4a4a4c5152514b4a54
75767c8082828180808086887b706860
4b484548464549484e5e727b7c7f7d78
5350514a4a4a4b4b4b56524a46474c4c
5954505a595c5c5d5e5c5c5851505050
4a4c4a4b5254525a5a58595b5b5b5756
5d5a5b59575656535859524f50504d4c
5959595b5b5e5f5b585a575658585e5d
5d5d5c5b5c5c585054575250555c5c5b
5a595855565354555a5d5b53525e5d5e
5152535257555552545552585a5a595a
4d494852505153505857585753585750
514a45696b777b8284868a7f756b6154
5b5a5a56504d4c4b4d4f4e5151515151
5d5d5c5d5b5955545859595a59565759
6458585c60585251504e4c4e4b525b59
8e8e8c898d8a878a808d8f8d8e918772
8b86838584898f8d868f908e8b838989
7c7a76727674747779777366797e847e
6c717377787b7b7a7a7a7978777a7c7d
797977757a797a7a7f7a797b7c747971
7b7a7579777675757371747279717473
8c8e8d898b8a888c898a827e756c797b
7e818183858c8d8e8787838787858584
5e61635c5d646162686d717a7a818383
63626062616161606266645c5c5d6264
525e5f555b5c5f5e5c5b58565c5e6063
5a5b59575047494a606061595f62605a
5958585155505155525a5b5b5a5b5a5b
504d4d505b5c5f60606c7879675b5d4d
5052514b4c4b4c5557585b5b59535453
4b4a4a4a4a524f494e51595759575651
55514d4d4e4c4d4c52555554504c474d
75757f7f7f7f8280808083838072705d
4947454a4746484848647278767e7e79
5755525352524f55595a564f48474e4d
5554585a5c5c5c5c5c5c5c53514e4e4e
494b4c525857535b5d5d5d5e5d595855
5a5f5e5d5f5c57575f5c534e50504d49
5d5f60616262615b5d5d5f5d5c5c5f5d
5c52595e5c5950565653535a5c615b5c
58555955575650505b5d5d59565e5c60
5556565352525455555557595a595c5d
55514b51525051575a58555758555256
4f3e496c707f838583858a817770675c
5b5b5a565855534f4e4d4f4c4e505253
595a5a5a575a585858595c5d5d5d5d5c
695f59595f5853545450494b58575759
8d85888a8a8a888587898f8d8a918875
8a84868085898d888689908e8b83888b
7776707273777a7b7a787575797d8389
6e7173706f6d79777476797a7d7a7b76
7a797a7978797d7c807f7f7c78777a76
7c7d7a7a7a7877767371747376737e7f
8186878c8c868e8e8f8b80787a79797c
828385888c8f8e8e8d86848788858285
6264636161615a646b6b73767b818282
5f5f5f61626361646666565b5b5b605e
5f5e5e5f52575f5f5f5a54525d605f5d
5d5d5c5a534c4951615f5b595563615f
595a5a5c59565754515c5a5957585c5c
525051585b5c5d5f61686d716d5a5e4d
504e504d4c4d4f4e595a5c5b5a555455
4a494b534e4a4b52545854504e5a5752
5755504f4b494c4951554f4e4d494749
747f7f7d7d74757581807f797371725f
4c4b4b494a4748474a65777571737e78
58585756575656575b5555534f4f4f4c
51585a57595a5a5a5a5c5b5a574f4e50
4f51555956595b5d605e615f5a5c5654
5b62635a5e5c5d605e5f614f4f4e5150
5f6161606161615c5f60605e605e5e5d
5c5f5f605d5d5e5b58545a5c5e60615f
56545254555352545a61615c5b4f5a60
5b5a58565c5d5757545b595656585959
56575454534c54575955505556555556
4d48555763807f8081878a8470726960
5d5d545c5b5a59585654544e514c4a51
595858534a50594f4f4f5c5f5c5b5c5c
6a5d595655585651515555545a595858
8b8c868c8d8b8080888b8f8c8d888475
8589898282898f8a888b8f8f8e8d8b8a
7676767877787b7b7b7977767c7d8385
71717272717877797676767273787977
7a7e7a6e7979797a7d7c7a7671717275
7777787b7f7c797b7978787977747377
8888898c8c8e8d8c8f8a86807c7a7573
838186878e8f8e908e8a868688858385
5f645964635a626562636e777b817a84
61605f5e60605d5d605856585d5f5f61
6160605f565e5f60626151525d5e5d61
50535b5c53495057555e57595f616162
57564f504e505351504d554d58595857
4f4e535a5b5f615763686e636d5c575b
524c4d505152565a5d5d5d5d584f4e4c
4a484c544f495055595a5655585c5956
575550474a4d4d4f5453524848474d47
727577797e7c778181818081776f6c57
4a4a4e4744494847526e8174737c7f7b
54515152514d4c4e50504e4952524d49
4c595a5a5a5b5a5a585a595a58534d4f
504d4c564e555b5c58595b5d605d564e
5c60615e5c5b5f5d56595e5752535351
6060605f6063626263615f5e5e5d5c5a
5f5d5f5f6060605f585b5d5d5e5e6161
56515658575253565c61615e5a555a5d
595b5a575b5b5b595755535959565b5a
4c5356544b525b5b5b58555758595b5a
474a5d665f72808085888b7b70716956
55565e5d5b5b5a5a5755565555525451
58565658575551504f5b5e5d5e5f5254
61605c565a595954525c5b595a5a585a
898c8e868c86817f817e897c8b888173
868b87838884888486878888918f8e8e
76777776797a7a7a777473737b798386
727273767775737876737171797a787a
706f6c6e6e7777767679786e646e7473
79797879797b7a7979797b7a76707676
898a8c8d8b8e8d8b888d867f7d797876
8284888d8d8f8b82918f8d8a89868584
535d5d64626061626163717e80818383
615d5d5b5a5651545253565d5e565551
57535c555658565a5b5a595e5d5e6061
595c5b544e4b4e574d5757575b5b5a56
4f4f4d4d525350504e4b4c4c494c544f
4e4c4d565a5d5c5a6364655b69575554
4a4f4d5353565a5c5d5d5c5b5a515356
474e56564a4d525452554d4c585a5253
56544e4749504b4955534e4948494f48
7173757c7f7d7e81828182817e736c60
514c4b454149493e5063636c767c7f7c
4948484749505554565552524f454c51
595b5a564b504d4e4c574e5355565151
4e4d4c4c535959595255585c5c5a5752
5f5f6054595a5d5f5a5f5e564e4d4f51
5e5d5b5e5f5f525255545b5e5f5d5d5f
55595c5a5a5c605e595b5a605f606263
585a595956514f555b5d5f535b5c5e54
5d5a5c5c5b5c5c5b5756585a5c5c5c5a
4f554e4f4a4c4c585b595959595a5c5c
515c60656c77787a7f888c80726f6555
595d5e5f606059544e53505755555551
5b5a5a5c5a575754555f6160615e5559
695b60605b575758615f5d5f5d5c5d5c
8e8f8983848483818182898889898275
7981888c8e8f8e8d8e8e8f8f8f8f8e8f
7878777272696c77705c6f757a797d7a
706e7472736e6b687e76707479777878
6e6b6c737575777777797c7275787772
7575767774767774747a7b7472737775
8a8d8b8c8e8e8e8a8686857f7a69736b
83828a8c8d8b82829291868e86828486
52526063616160605f626c7480868884
5d5f5f5f5c565153535e5f625e595452
565d5f5a585d5d5c5b5c5e5e5d5f605f
5a5952514a485054575656565d5b5a58
4d4e555356534f524c4b4e4a4f4e4d4b
514b504f5452555e63676f7562545853
504f4c4e4f50585c5c5b575a5d585457
545657554b51564d4b535657525a4b51
54545152545253545454545048495352
7276767e7f768282827f82827f716b65
514d49463e494540465b6d777b7f7e73
4848494b495457565857534f4b4d5050
56575a595a5b5b5d5c5c5a5a51554d4d
504e4c4f525758504e515152535a595b
605c5f5a5c5a605e605f595654535050
595d5d605f5955545458575e60605f5f
585b5c5b5a5a5b5b5a595f605e605f5c
5a595b5a54535059595b53515c5f5c55
57595d5c5d5c565b5652505c5e56555a
5356524e4a4c50575959595653585959
545b60686b7175777a898a7d736b5f51
5e5b5e5f605f5c5a58574f5555565953
605d5f5f5d585b5e5e616160615a5958
6b5c5c5d5e5a59596462605d61626262
8d8f8b8287848380848a898d8e8a8378
88878a8e90908f8f8f8f9191918e908d
777875737170686f717074717d7b7d80
7373757372766f746e6c677173787875
7171717674777778797b787178787a75
76777877797675736f6c6a6a6c6d7d79
8b8e8b838e8e8d85818786807d746c6b
84878b8e8d8882848484828284828384
505f5c5f5c5c5c5e5d626f7d7f888685
5a5a595753524e4f4f606160554f5050
5c5a535a5e615e5b5a5d5e5a595a5e5b
555350534e48555758595e5e5c5b5b5a
504f535758524f4d4b4c4a494f4a4b53
514d4e4c4d4d595e636a737261585553
54504e4b4f5055565c5a5a5b5c545458
535657514b49565251585a595859514e
54545454545454535354545047495555
7774797c7e7f7a82828182807c766c67
514f4c473c4b453541556d80797e7d76
4a4c4e52565757575858545251525150
5a5b5b535357595b58575a5859554c4b
534e4d53525553545057585b5a5a5b5b
5e5f595b5b60605f5f5f5c5956545055
59555c605f5c595755575e5e5f5d5e60
5a5e5d5d5e5d5d5b57575d5d5b5e5d5b
595b595854574e57575b57535c5c5255
5a5c5a57555652544f51515757575959
4e4b4e52504f54545456575750595b57
3d4d5d635d5f6d73757674726b615849
575c5a5e5e5e5d5a5a575c5655555352
6261615f5c58565f62615f6062575c5a
6c686463615e5b5d6260606161626161
8c868e8a877e7f8585898c8f8e8a7f78
8c8e8f8f8f8f90908f8f90908e8a8182
797a797a78756f777e8072757c7f7e83
7772706f747872746f7777797d7e7d78
7472727577746c777977756d71767873
7573797a6b7575736d6a6c706c6e7976
8f908f8f8e8d83888888907e73717177
858a8b858181828b8b81828286868789
5a62605e5b5b5b5d5b646c7681858a87
5a5a5e5b595957525458585a554c4f4f
5855585a595e59585a5d5e5b5b5a5a5e
56585755534b50545a5a5c625f5e5d5c
515553575957524f4d4a4949494c4a56
4a4c4c4e5558595e64656372635b5654
4b3d4a494b5254545252525351514c4b
514b4b4b49494853585b5a57595b5d4f
535353535353535353545451474c5254
73737379807d77808281807480786e68
4c4a4c4a453a3f3246516674777f7a75
4e545658575757575657555352515051
5e5e5d564b4d514f585b5c5a5a534c4d
50504c4e5158584d59585b585b5c5d5d
595c58585d5d615d5f5a605c5656544f
5f5f605f605f5d5956555453625f5e5f
5d5d5d5f5e5e5957585f5b59575f5d5e
545755565558554f4e4e5d5d5d505059
5a5b555455525352514e4e5557585754
52514a4f4c55565657575556595a5c5b
4f51575b5d676c717372716d68624f4a
565b5d5a5e5d5e5d5d5d5b5756555350
60615e56535459566661636362605e5b
706b666462605f5d63645f6163616260
8b8a8d89838285857f898d8a7d7d7e74
828e8f8f8f8f8e8e8e8e8f878b858788
7879767878767171767771757a6b7c75
7c7a786d727777747b797679777a7879
6c6b696c6a6968736f716e757679787a
75767673717277777272717574757374
908b8d8e8f8d8a838288887c777a7b79
898b8c8582818282828282848b8a8a8b
5c5e5b535458595660666e777f808c8b
5655585b5c5b57585a5a575b58565a5c
5c57565b575656545b5b5b5b5e5b5857
5554514a4e4d495257595a5a5d5b5d5d
56545754555556514e4b47484f504956
494b494d5259605e64615b6b5d555a55
4d4a454546485455515053504f4e4e4b
4c4a514a49464c55595857515556544f
424a484746464f53535554535150494e
747372787a80808282827f80837c7967
4d484e4a443b3a2c425367747b7f7c78
515254585757565352514f525352504f
5f5e5c514f4f4f52585a5c5a554f4d4d
5a56535657565655555459585b5b5c5c
5d5d5b5f5e5e5d5f5f5c595b55585858
5f5f5e606050595952524f4f4f4e5855
5c5d5e5f605f5c5758605b5e615c5560
53595857545452484a504f4e534f5059
5c5b595459524f52525452524f4d4c4c
4e51534f50535656595858585a5b5e5d
4c494749565f60606b6c696661585049
5a5d5c5a5f5d5e5d5d5c5b595654534e
525559565656575f636261616162615e
726b656461615f5e616363646354615a
84898e8a86848681808c8b887e7e7d74
7d7c898b8d85869190908f8d8c8c8d8a
7575766a727468686e72756e68747c7b
7c7a6e6f72757878787b727076747375
6e6c6c6a6c6b6b757978777473797576
7774717171727b7b79776f7875736f6d
90908e8f908d8487868a857f797e7c7a
8b8b87878385868c868586848b8b8b8d
585a59524f585a555d5a6d7780818e8a
51525651525255555954575b5d5a5a59
5d585a5c585757585d59595b5b595754
53525353504d4f4f5253585758585b5e
504d4d53565054534f49494d4a4e4b55
4d4e4e504a56585b605e5d6158545d4e
4c4946474749484f414e4d4e4e4d4b49
4249494c494a585959564f5451514d50
3f4a49494846444e5756555351444747
74737272807e7c7a7a7e7680848a785d
44484d4b48474946465266777d7f7f7c
55544f5757595653514e4d4b4c4c4f46
545e5d58525256595658595250514e4b
5c5c5a5958585557575758595b5a5b59
595c5e605f5e605e5e5f5b57595a5a5a
5d605f5d505f5f51504f525353585a5d
5f5e5c5b5b5e5f6060615e5e5d5a595e
585a5b575555524a4a4d4d4e5751505e
5b5d5b5a595a585b5b55524f4d4d4b4c
4f51514e4e5557595a595a5a5a5b5d5c
4c494c4c50575a605d65645e5754514e
5c5e5b5f5e5d5e5c585d5b585654534e
555b5f595c575756636362626061625f
756b666562635e5d5c595a5b57575b54
8a85858d8983868687868b877f7f7d73
7d7f8d8d8988898d8e9090908f8f8e8b
7978797b7b7a7777797979787c7a797d
7b756d7677726b6b737876717375737a
76737576797777797979777776777a7b
736f7273726f6f707172716773717474
8c8d8d8c8a86868884817d797a7d7d7c
8a8a89888783828d8a8582888d8d8d8b
5a5d5154584f585858616a787e8b8c8c
53514e5152545351555453555e5c5b5b
5a5953555756545858585a5b59595856
56555553535051525359544e56575059
4a4f4c4b53565153514f4f4c4d4d5358
535055524951585b5e66615d5754574c
45464445454f4f4d494a4d4e4e4d4b52
49474b4b4d5157595958575656525152
474c4b494647443f483f3f3f40444745
787474737d7c7a76787f758283876d5e
43494e4c40464a4a465266757f7f797c
56544d5757535050504e4e4d4e4b4a49
56514d4f535454565758535351514f4e
5d5d5351514f4e5257565a58555b5d5b
565a5f60625f5d605d5c5e5a5854535c
5d5f5f5e535a5e53555553555d5f5459
5853545454525455525150565755585d
5c5d5d5a585448494c4d4d5051545353
5c5b5d5c5d5d5d5d58514f4f4c4d4f51
50514e5152524e4d4d4d4e51505d5c5a
4c4b4d485052545957585852504f514f
5e5d5e5e5c5e5d5c5e5c585957555451
606062605d575c605f5e5f5e5e5f615e
7467646161625f616260575c5a5a5c5e
89878c8e8a7f8789868a8e8b82807d72
818a8e8c8b8b8e8d898a8c919090908f
80827d8486817a7a7a797a78767e8083
7771757978746f71727b7a7b817b767a
7c7979797878787879797976797a7b7b
6f6f6d6c6b69756a7171747877787c7d
8b8b8e8b8986888c82827d7e7f7b6f74
888b8b8c8e9090918e8882888e8e8c8b
5a58595d5c595c5d63686671828a8c8d
44444d4e505455575d5e5c5e5f5e545b
59595959595957575b5e5e5d5d5b5047
5858555451535554545a575755554f58
47494d5053544d4a4f4d4f4f4e515454
5050545354565b635860645b5b53524d
4b4a43444b4f4e4f4a4a4b4d4e49484f
494a4c4d505458575757575755515052
4f504d46484642463e3f473e40424845
7b77737777757878777e80827e827761
4e4d4e423e3e3f47465265737778747f
53514a44494944454a4e4b4b474b4948
52524e524d53535958515051514f4d4c
5d5c5a5a585b5a5a59565853545b5c5a
555e58615e5e555e635f5b595556575c
59595c5952575e5954525154605d5859
554f51525253535252505c5b5a585655
5c5d5c5b59534a4b494c4f5552535958
5d5c5a5a5d5d5d5c5a534e4c4e4c514f
4e4f4e504e504e4d4f5155514d5f5c57
4c4c4d494c4d4d4f50504c4e4c494c4c
5653504e5c605e5e5f5e595857555353
6262615c58535e5f53525453595d5756
66666260605e565d62625e5c58596062
8c8d8b8b82828988888b8b8b887b7b73
878b8a8c8c8b8f8e8c898b8e918f8b8d
777775777c787a7a7a736e716e728387
7375777b7a77706f707b7c7d7b7a7c76
766e6f786d797979766f71717979737c
72716f696b70746c6968797c7c7c7476
8b8a8a8a858382898786858075746f72
8b8c8c8c8f91918887868b8e908d8c8c
54585d5e5e5e595f63616780828a8c8d
4751585a575e5c5c5e636161605e575d
605e5e5e5d5a595b5e605f5a5958534d
5650515152585858595a5a58554b4f4f
4a4c5158565650505352525553544e55
53535356565a5f5f6069665d5a534d4c
4e4b4b49505151424d504f4a454d4f54
494c4c4f53524f4f53464d5048514f51
514f4c49464441413e3d3d3c454a4c4c
737275757578797c817f807f7c777062
474b4c4742454849465d6c6f75727374
544848444243474b5051504d47464e4b
50504b50555657575957555350504f4f
545e5b5a595d5959595554554f5b5d59
5a565d605f5b5d58605b5a5a544e5452
5b575152535c5e5e5d5a5c5a5f5f5955
5450505353525351545b5a5c5c5a5b5b
5a504f4c57554e4c4d4e52545b595950
4e4d4a5b5d5c58534f4f4d4c50535352
484b4c535454504e51575b5a5b5c5b4e
514e4e4b4c4e4f4f5046514c4d4d4f4e
525252505161615f605d5a5957555452
6262625e585654555456555b55585854
666863615e5c585d646362595a5a5b53
8d87858080898b898a87828288847673
8787888c8f8c898a8a8e8e908f8b7f82
78797873767c7a7971757a7a74798286
747678757578757373706d7b7a787979
7574716d6b6b6e6d6c6c6c6c6d747474
7472716c6c777a7775716a78797a7675
8b8885848187898b89817c7c7570746f
7f8c8b8d90918f8885858e8f908e8e8c
5355595e5e5b5e5d6163728081888985
54555b5a5e5b595c61606061615a5956
63615e5f5e5e5d5b56555856535a5755
565756565c5d5c5d5e5c5a56544f5954
4d55585a5955565657555457564f5156
524e4a58544c585b61595b5e56524f4e
504d4b4d4c4b46465053504e4653474d
4c4b4f5053504f4f4a4a515052514953
514e4b4a4742403e3a3839414e4e494c
75767675767c807f7e7e7b747b757060
43494c4b49474647505e5b6e72737873
524f4e4945454a495351524c48494f4a
4e494d4e574e52575a58554b4c4c4d4d
595f5a585b54545955534f4b52585957
5d5f5f6056505c59595a555453505357
5c575452525e5f5f5f5f5e5f61605e5d
54535651535253525c59515f585a5c5e
55545754595653514e53564e5d5a5257
4d494e4d4e524f4e4f4f4c4d56555452
465052545456525052585a5b5b5a524d
53544e4a413f414e4e494b4c4a4c4e4e
5551515d5f60605f5f5e5c5a57555452
626262615f5b565758535d5f5c595753
67656462625f5a5464635958585c5753
81828783808e8c848381888e8b877168
82898b8e8f8d8a8c8b908f91908e8d8a
797a7978757c786d717c847f71787f7e
757b797675747170717476767c7c7a79
6a6b6e6c6a646e6c6c6c6d6f737a7874
767372746c77787776737377766d706f
8c868483828988898c857f7b78747573
8b8b8c848b9089888482898f8e8c8f8e
565955575453515c5e62748087878b8d
51555156595b5c5b5a616162625c5f59
615d56545e605e5d59585a5c5a565758
565a5c5a5d5f5f5f5e5e5b5956595a5e
52555656545a57595758555956535253
4849535551585e5f5f5b5f5f59555553
4f4f4d4c4c4547474d5252504c49464a
4f4c5056524f514e4d50505251514d50
524e4b494744423c373a3a4750504e50
797776787e81807e7e80817e7878765d
42404b4c4c484b433f53676871747778
52504e4b454850534e5050504f4c4f4d
4f505155505054555351544d4c4c4d4d
5b58584f4e534f53535350534f56554e
5c5e5f5d5951515a5b595b5253534d57
5c585654535e5f605f606061605e5d5e
51545b5c5a5756545b54595e515a5c5c
50565353575553504c54544f5c575659
52515857575050514c4f4e4c5956564f
4a52535355545451575a5a5b57524f51
52544b453f3f4c4e4e4c4a4a45444b48
53524f4f5e5e5e5d5c5b585456555454
52506262625f5b5b5b5d6060605c5853
6e65626261595752545e5c595a5f5854
8587848583898c868385888c8c8a7f78
8a8b8c8d90908e8e9090919191908e88
7b7b7a7a7b7b76747777797c79777b81
7f7c737474716e727076797a7a7b7a7a
7973727878736f6f73767978787d7a7a
76726d706d6c76787777706b6e6b7974
848384878b8a8a878582897f75757577
8a8b8b8d90908d8d87848a8b8b8a9083
585855595757575b606d6e8385828a8c
514d504e54595f6160606162635b5f57
62616060605d5c5b5a5e5f5d545b5259
5656555b5f5f605e5c5d5b515d606061
575757595d5e5b5b595855535c57575a
4e515455575b61635b62625d5c555153
50514f4e4944474a484a5350504c454e
504c4f4f514748514f51525150514f53
4c4a4b4b4a494b434241424c504b5252
7d7b7a7a7a8080808182837f7474715f
4d50424345434e483d55637071757778
4343494643494f534f4a5051524c4e4c
4d515655545457554f5157534c4c4b4a
5b5b544d4c534c4d50514f4f5454504d
5f5f5f5e585358545a585a535252495a
5d5d5a56565f605958615f585a5c5f60
5d5c5e60615f5e5e5d5b58545d5e5d60
515152595a58534e5655525454585d5d
504f5a5a5a595858544e4e4b56574c4f
4b52525356525656575859474d52504e
554f46443f3c454a4f4e4b4843484648
54505b5f5f5d5c5a5c5b565354525555
5957555a5555565e5a5d5c57595d5956
6f646663615d58585c60605f5f5d5855
888688878a8b88858385807e8d8d847a
8b8c8b8c8f928f90909091919090908c
7c7d7a7b7c79777978787a7b77757d7f
757475747371726f6f6d76797a7a797a
7c7b7d7c7c7c7a73716b69686f766f6e
72727170706f716e7079797878767777
888d8e8c8f8d85818589857b76717978
8d8d8d8c8e8f908f8d8e8d8c88888381
59565455545b5f5e626c727f87888b8e
524e4e51575961616162625e62615e5a
5f6161615f5f5d5d5a5960605e5e625b
58595a565f5f5e5e5e5f5e5e5c5b605b
5a57585d5c5d5e5e5b5b585a5b5a5a56
54555654595c6266666465655f585456
5152505148474f4c4b48464f4d474450
4848494f515051535152535251494f54
4b474b4f4f4b4c47413d4b4b4c444e4f
817f7a787b7e80808182827576736d59
48404141403a4a474258596d6e77787e
45454a48484d4f4a534e4e4f514d504f
4e4f4f5253545957575a5a57514c4b4b
584c4e4c4d524f4f51514c4e4e515250
5f5f5f5f5b595959595857524f4f4c5a
5f5e5b5a595b5a585754525959596060
5d5c5d5f61605f5e5c5c5a555f5f5e5e
5557515b5a4b4c484847494c4e565d5e
4c52545558585959524c4e4d57564c4e
4a4c4a4b504e4e4a4a4d4c4a51545653
524b423a374544514f4f4c4a464b4648
525352615a5d575a5a57555453535253
595857525653545e5a595a555b5f5358
6b636863615d5c5e5c6263615b575759
8985848a8b8b88878786807d8c8c7d7a
8c8b8b8d8e908f8f8d908f8f8e908c86
7c7b7b7a7d7e7c776b6e6e6d6c6f7177
78777676747172727373747b7a79787a
7a7c7c7b7b7a797972686d6d77767070
7877767576787475797c7b7a777a7b79
8f929190908d81828a887e7974757676
7d7e8b8c8d8e909090908f8b898b8182
5f5855555e60615f605d6f7a7b7c837f
464548474c5c606163636464635a5e5a
5b5a5b5a5f5e5f5f5d61615f5f5e6154
5d5b585e5e5c5c5b5b585f5f5f5d5f57
5a5a5a5b5d5d5e5f5e5d5d5c5c5c5b5a
55565654565d616666646565564e535f
53505252515455514e4d524747484953
4c4a5050535254534e54505352515252
5251524b4b4945403f404445484d4f49
82817b797c7e7e7b75757775745c6561
4f4a45494b4648474258697071757b7c
484347454346474e4d4b535354514751
4b4d4f51545559575359595856514a4a
54504d4b4f54525757534e4c4c515552
6054535454555a585b5a534b4c4e4d58
5e555e5d5b5b5d595857575759596160
5d5d5d5e5f5d5d5e5b595c5f605f5d5d
5857524e564f4b4848474a4c545c5d5d
4d534e50535555574f4a505458534e55
4a4b4e4f4f4e4c4b4948494851545452
4d4c424144474d5352504e4b464a4242
5460605b565654514e4e4c4b5453504c
585355555655545d5a5b5b585e5f5253
71686457575b5b565a64635e5b5b5959
878a8d8c8c8b89858889898b8b8a7a75
868a8b878a89818a8d8f8d89928e8b86
7a7b7c7b7d7d7d7b78726f6e6f6d7077
7c7c797978767378777678777b797779
797b7a7a7a706d6d716e6e72797a787b
7b7b7a78797872757b7b7a79787a7a78
909290828a8c86848289857f74777a7a
7d8b8a8b8e8d8f8f8f908f8f8e8c8080
635c58575b61615e60616c777a807e80
4140474b565c5f616262646564646765
535a50555c605f626161615f5d59534d
595e5b5c5357515153515c5f605d5655
585b5a5c5d5f5e5c5b5a5d5d5c5c5d5d
56575656575e62665f5b5c57584b4b4c
535152524e544949465453504a4b4e53
4f4f5252545355545657534946535353
5651484e4f4c4a4640474b4b4d4c4e49
777d7b79787d7b7977797f7c797d6c67
4f4d5050494248444452696d72767675
4847473c49484d5151505158584c5051
544f4c4b4d4a494c4c5958514f524a49
54504f545a59514f4f58544d4b515857
5e5c5657575555525a59534e4d515253
595b5c5c5758565a5a5854545555605f
5d5d5d5d5d5d5d5d58535a5e5e5d5c5b
59595757544f494748545453565b5e5e
494c4d49494750505052545557545758
4a4e4f51504f4c4a4547495050535251
474742453a4e515352504e4c4c474946
51615e59525654504d4b4c4d5453504d
5e5b5453585b5e605e5c5b5d605d5151
72696455555c5b595c62625f58565a59
888d8f8f8e8d8d8786898a8b877e7475
888a868887888780828e8d8e8f8f8d8c
7a7a74747b7b71797a7a7874706e7178
7a7a77757a777576797677737d7e7a7a
797a797a7a797675757478797979787a
76717076727a7574747877787a797b7a
90908d808d8d878889898581797a7879
8789888a8b8c848b8d8a8c8b88848281
6a636161585c5d6163666f7b7f838486
4b49515457526d5865676568616a746d
555651545c5d585c63605f5d5c51504f
5f5b5758555a4e56525b5d5d58585252
51504d575a595c574f4c5d5c5d5e5e58
58595558585d5e5d5e5d565059545556
53504d4e50524f4b4c5354504a4b4d51
4f4f5152525256545859554c48545353
514c46525152514d464b484b4b4a4f4e
727879767a7a7b7b7971818480807466
515053524f4c4a444256686c6d747875
4c4b4248474a4f51504d545858575554
564f4b4d4b4b4949595956514e4d4848
554a5058595753505255564c4a4b5858
5e5b5856565354535a57545153544e50
525a5c584c544c5a58555354595b5d5e
5c5d5d5e5e5d5d5c5a58515b5d5d5c57
5859575354504a484a59584e4c5a5d5d
504f4d4b4d5253515255545454545658
4a4e504f4e4e4e4e4948435050525150
4b4a443d375052535251504c49414049
576057545455534f4c4b4d4f53514f4e
595855555b5f5f605f5e5b585c5e5654
696562595d5d5a55585b5d5b58575453
8c898a8e8e8d8c8682848a8887837b75
82858388808a8781818b868c8d8f8e8d
796e70797b7b7a797a7a7a79716e7177
7b797c7c777c77797c6f757b7e817e6b
7b7a7a7b7b7a7a7672787b7c7d7f807f
747270717b79787a7679797b7a7c7c7d
90908b8282838486858a87837e7c7575
8a86888c8d898b898d87898b86838482
5c595a605c6061626469717f83898a8c
475054545e6d655c6363676f74747668
5a57575c5a56595a615e5e5d5b58514b
5e5e585150504e51525c5e5d564d595b
4f4d5357575557514e4c545256525b5f
57565458595d585a5d5b544f52535252
524c484d525352525353544a4a4b4f54
4c4c4e4f5153555458524f4e52535353
524b4a5153554e4d48494a4e4c4a5051
7979797b7d7b767b7c7d8385817b7563
52525150504c4a404159636873747777
4a474442484a4d525154565755555152
4b4c55555252525559534b4c4a464546
51555653515153564f514f4e4a4a4948
5656585454565659525351504d515150
5d5c504e5054574e52525a575c595650
515a5c5c5c5c5c5b5a5b5c5b5c5c5c5b
57575351504e4846484a53585a4a504f
51525152525253525352525353545455
494a464a4b484e4e4b45414e4e4f4e50
494844423751525352504f4d4845494a
5e5d595654524f4d4c485254504f4d4d
5f5c555858575f60605d5d595453575a
65605c5a59565d545c5c575655575e60
8c8b8b8c888c8a8789898a838a837d76
85898c89828e8a82868d8b878290908c
716e72777a707170747d7977706e6e75
7c787a7879767b787c777a7b7c7c7876
756c787b7c7a7b78797976787b767e7e
6f73757b7779797c7a777b7c7c7c7b74
8b908e8d8b8b898b8c8a8b7e7e787071
8988898b8d8c8a8c8c8c868384818282
615b5852484d58544e686f7e8286898a
483f4f546069695c5d61666e7372706c
5c5c5d5d59565b5d5d5c555f5b574f4c
58585456504f4e5551545e5a55555b5d
5053555857564f4e53525b595b505d5e
55545358575d5a585f59565258535552
4c4d4e4d4a4f504b515655534d515252
49504d4e5056555453484b4852535249
584e4d555355514e4b4a4d4f4f51514c
7e8080807f7e7e7e7f818384837f6667
4c504f464a444039403a585f73717171
4c4c4b4548444f555656565453565353
4d555757585757574f4c4b4845434245
5757555152535957514e4e4b4b4a4c4a
5656595557565555555153524f4c5454
5a534c4f4f5157555359565d5c564f51
4e59595b5c5c5c5b5b5a59585b595a5d
54505051514f4b4847484a5a5956514d
4e5152514f50505151514d5351515054
4948494b4b4b49424949474c4c4d4f4c
423937393c384148514f434246474349
5e5d58575553504f4b464d44444c4a4b
615d555655575f5f5f5f5d5951545c5c
68605d5b60605e5a5d58595557566062
8c8c8c8c888989868684858189837d72
878a8c8381808d898b878c898e908e8c
7774717b7a78746f72797a78726c6c77
7779797771767977757779777e7a827c
7176797b7a737573777b7a797a757878
75747f747a76797a78797b7d7d7a7973
8390908f8d8f8d8d8d8b847b7f787575
898a898d8f8c8a8a868a878182818283
625c57504b4e5b5757686f7e82868789
4e4d4e54595d5e5d5b60676d6871736d
5b575d5958575a5d5e5c545a5a585450
5256575054524d5151595c595653585c
4d4a534f53565450515a534e585c5c58
54535450565a5a5e5a5a6059524e5452
5051504f4f4a4e51484855524c4d524d
4f4f4f4a4c5453534f45484853534e4b
4d4e50545455524e4e4c4e4f50505051
818181818080808080818382857d6857
4b504e4c474346403d39565c6a717773
524e4b4a484d4e54585654505554534d
51535355505356565550504d46454342
564e4e4c52515a50534f4f514e4a4950
5356595556585456565454504f4d5150
5b585454545250545655555758544e4d
4e494f5550505050565457575855545b
515554525248504d4a4b505856565253
4f514a4f4f4e4e4f4f4f4f4f4f515653
4748494a4a46453d464a4a4c4b4a4a4e
4744403d383743484f4d4c4a48464746
5d5b585756554a4e4c4d4c4f4d4b4b48
565954535151535358555b5954555c5d
6d655c5c5c5a5d60605f5b59555a5c5e
8a8c8d8b8a89878684828382817d7d74
877f888389868882868683878d8f858b
7676737a7c7c776f70737d7a726b6b77
7a767172797876797674747c7d7e7777
7378797a78767575787c7b7b79797a7a
76787e7b7c7878787a717677787b7870
91908f8f8e8e8e8d8c8a86827f7b7a77
8888878a8f8b8a8a8485818686838284
6d5f56585b595c5f6168727d82878a88
505154575d5c5d60656466646d6c6d62
5d5d5b575f5b5a51555b5c5c5d595652
545658525055545054575a5856515058
4e555851504e4c4d4f55595250575a51
50525557575957584c595a574e4a5150
504e4e535253524a45454c504e4b4a54
514d4e4e53534c4b4642484b49484752
544c4a534c5454504e494c5051515052
7f7f7f8080808080808079787a796967
4a474b4e4f4c4845424859617472747e
53504c444e525355585855525454524f
54565758595557565653534f47454240
4f53514f4f504f5554515153514e5154
4a5a5756585958585655545352515150
5b59535554545257595856575a564e4a
4c4b4b4a4a4a49504b4e4e545655545b
4f4e4e4e4e4e4e4f4d4d53545455544c
4c4e4e4d4d4d4d4c4c4c4c4c4d504f50
434647464744453e45484746474a4d4c
4343403d3836454a4e4d4b4946434443
585958545352534e4c4c464e4b494a47
504e4f4c4f5351514e53564e4e535152
72655c5e5d5b5e6062615c585a5a5357
8d8e8e8d8d86868484828283817e7a7a
86847e8082848b85878286848e8e8e8d
797473727b7c786d716f6f7572667176
7b7170707676797977767b7d7c7a7373
787a787c7a7a757b7c7f817d7f7b7c7b
7b7b7777797a77767371706e727c7676
91908f8f8e8d8b868b89887a7d797e7b
7c7d7e878b8b8c888384808185868485
755d545f6060615f60656e7e827a8886
4a4b4e5360615e67616868626869726f
5253565a5d5b5b585859585a5e5a544f
575052504f53595957595a595753535a
54595a534d4f4c4f555c594d54585556
4e5857574e5056514b4d5a514b495152
514e4d505356554e4746484749485557
514d4e4e55524c4b4a4a4949494a4952
544952524d4847453d414d4f504d4e51
808080808181807d7977797a85787b6c
4a4a4d4f4f4f4b4545516068696e7d7e
5252514d4a474952504c50525356534e
5657585656515456565857524a454142
53535150515150555453535454535354
54585757595959555353535353514e50
535554514e525454565855555757544e
5353545253514f52504f534f5455534e
4e4d4d4c4c4d4d49494b515556515152
45434442444c4c4b4b4b4c4b494a4a4e
41424344423e40414444434345454646
4440413c3842424a4a4c494644423f42
51505352524b484d4c49494c48484944
4e5050534f504c5153504d5056575351
665f5755545353525352525352525250
8d8a8b8e8b888886838280828382816f
7d7e8484888b8a828985858383828489
6e6e6971767a78706c6e6e6c6b646e76
78737173717172717275797c7b76726f
757371717776757073737c7c817c797a
7a7c787579787778757474706c7b776f
8d838b8e8e8d8a868a8988827e7a777b
7a7a78878c8784878485808283878485
6f5d544d5f62615f5e6974797f858785
4543505a65655d5f646c6b6a64667378
5d5c5b58575e5b525a5a5c585758544f
525150505056535a5c59585c59505b5e
54585a56544f5255584d4e5a595c5958
535a4e545455555453524e554d454f50
4f514a495354564a4a4c484e51545556
52515154545352504f4c4b4c4a4c5253
4c4f4e4c4e4c454c484c4d504e4c4d4e
7d7d80767e80747b767c7c8280826d72
4e50504f4d504d4c4e44424c5a70807a
50484a3e383a5054545458565451534f
57575756585356565759585547464545
53535053535252555656565655565757
4f595857595958545254555552525251
514f5250525154565855555357575655
54555453525454545052504f53554f50
4d4a4c4e504e4d4a4949525553504b4f
424242414b4c4c4a4a4a4a4a494b484f
41414243413940444041414242424343
3f403d3f3e3b414248454645403f3b3f
4d5052504f4e47454948484748484744
4f57575553524d4a4e4e4d564e555452
645f5a56545453524e504f4f5551504c
8a8a8d8d8c8c8a8786868683817e7c6a
83888a8c8d8d8c8c867f80837f86878b
6d6b6974777b776f6c6d71706b6c7177
7a7876787472767376707b7e7d787570
77747170717773726c6b727174727679
7a7c7a78787b7b7a747577787d7c7875
8c8a8d8f8e8d8c8b8c8780817674797d
8283888a8c8e8d858887828081808688
685c534b525f5f5c586277787e7b8887
4347565b60625d5f656a6c6d656f7770
61615e5d5a5954515c5d5c5b595d5450
4f52525656575a55595d595f585d6062
4c585a59524f52525752565659575758
525051525758575756525e5a4a46434a
54524d4a5356544e4d4c515657575456
4f54525253524f52524e474c4b525253
4a4c4c4a4e4c4642424d4e51524d4d4d
7b7b7a727a7776777f7f7d7b84837c67
4e51504e4f524f4d4c44303e59777b7a
514945413c3e52535252505352535050
595956585a585857595955524d494848
54545050535454565858585959595959
58585757585759555653505555545450
4c4c4542484b4e504c4c4c5357575650
5257555353564d56555550504e53504e
4e4a474747474a4b4b4e52515250514e
3e3f3d3e4646474b4b4b4a4b4b4c4e4f
404242413d3a42423942403f3e403f3c
423d3f3b3936424143434543413e3b40
5152514c4646494a4b49484746464544
57585657554e4f4d4b48455756535150
6457565b59595a57565751514e525454
818c8e8f8d8b8c8884837d807f7a7d75
87888a8a8d8d8b8b89848889868a8b89
6d6d72757a7b75737573737470737a85
79757c7c7f7b767676747a797776736e
7b787375707172726f77787676717578
7a7b7b7974797b797c78797d7c787a7c
8d8e8d8d8a8d8c8c8b88807978737475
8686878a8c8d8d8c8d88837f82868a8b
665b57515a61605d5e6574787d7b8889
4854585b605e5f6065696b6e6e787a72
6b60636160605f5e5c5e5e5b5b5c5050
575756555756595b58535e5b595d6361
4b5759595754555957545558585b5c5a
51504f575a5a56554d545c574842454c
504a4f4e4e504e4e494e524957575352
504a4b49484b4b4a4b4b4a514e545351
5d564d4d4c4b4d4e4b494b4a4a48484e
7e7a727373797c8182817f8283817b66
5050514d4a4d4e4b3f444e585e6c7a79
4f4a42403c424e4f54534e5053525050
5659535556575857565453514a4b4948
4f545453545657575858585959595958
58585858585758585653595858575856
4b484447494b4d4d5053565557575456
565857585a585858555654515557534d
514e4e4d4c4c4d505354535454535458
3d3f3e3c3e42474949474c4c4b444c51
424243423f3d3f3f3e3c42413e3c3c3a
413f3a3b383b3c3c4345444242403f41
4e4f4f4d4847464c4e48464544454342
5655585653515353504d54555452504f
695d5e5b605e5c5b5a59565257585655
848686847c7f7e7a8583848380787e7a
878a878b8a8c8c8383828a8d88858a88
6f6c75797b7c7c797979787974757f81
76756d6e7b7b7a727675777776726d6a
787776737474737171777a7876757577
7372757978747875737a7c757f797e7c
8c8d8e85828d8e8d8a88837b7a78767c
888888898d8d8c8b8b868388878b8c90
6a6157525c5f5d595f666e7c80828889
554a5059645f625f64686770757d7d6e
605f5f5f5d62605b5c61625d555a5754
5a555555555a5c5e5a5159595b5e6665
4b4b595353515859585758585555595a
4e4e55595d595b5e5d5c5b544944474b
525353545455544f5155555556535453
51504e4b4c4e4b4b49484f504c4b5453
615e53514f504c4a4b484a4d4943444f
74727673747480818382808280808071
4e50504f4d4d4b4b46464b5d67757870
53524841424b51524e51505755545250
5458595757585556574f525353504b4a
5152535556575451524c4c50515a5954
595759595a585b5b5a585a5a5a595956
4e4a4a4b4b4d50525150574e51525758
5959585a5b5b5c5b5c5c58585956544f
5352524e505151575757565654545559
3d434343494b4d4a4a4b4e4d4b4d5051
3b3e4139363f44434442424339393938
423c3d3a3e3b41414440434542434243
4c4b504b484748484a46464646454242
5353545453525554525150514e504f4f
6a5651595e5d5c5a555653575a565253
82827d7f797e7f7a8285858786878b7b
868a898c8b8a898587828c8e85858483
7977757a7b7c7b79767a79786e6e6f75
6a6d727770726b7472776e7574747175
74757675716b6c7676787777706d6c6e
76737975776e7278797b7b7b77727871
838d8b84818d8b82888887817c76757c
8a8a898a8c888a8c8c89898b8a858382
5e574f565b5950595c68717e81858789
505152565e5f5a5e6567696f78817c6c
66735a5b595f61606261615c54515753
4e50515549505c55535455606a656c63
4c4e5b5656565556595959595652514e
53545a5d5e5e5f605c5756544c4a4c4c
5051545454574a4f4e54575955515655
53545453534f4f4d52524c4c4b4a5453
62545654514c483e3e4a4d4e4b474352
777c7c7872747f80828381817f808273
4f4b4c484e4e4d4d4b42505a66707575
454340413e3f53505151505452525450
565d5c5c5b5259575858574f504f4d4b
515958555654504c524d52565655524f
5a5a5b5c5b595c5b5a5a5755544f5853
504e4c4c4b4e505452505252504d5659
5a5a5a5a5a5b5c5d5c5d5c5b5b5a5450
53545254515555565554555652575958
4d4f473d464e504e4d4d51514e4e4a51
3b3b3b4341413f42404a463f393c4247
4241433c3c403f43434343424240403d
4d4e4c484a494a4a4849494847444545
51515151525254545351504d51504f4e
695a60605e5b5b585753545658555151
83848480868482828385868986888c7d
878a898686888d8b8c8c897f83848583
7d7c7b797c7c786c75797a78736f6f75
78757369717174737273736e77787978
777875767473787a70737676736c7578
767579726e706f7c7d7c7b7971787477
8c908981888a888c8988857a79797174
848a8888888b898585848a8989858285
66605e5e5c50575c5b5d6a7b7e848787
5350555a595b5d5d6965696d7a7c7b6c
69606c60575450524e60615e555a5452
4d575b5856545d5e5c636c6a6e686968
4d515556555457515a5a5a5a564e4e4d
534958535b595d6459575652504f504e
534e4d504e4b534e5455555752565556
4d5455535152535555544b4c4a495451
565052464b484243424b504f4c434252
7f7e7f7b78767e80818281807f82816f
4e4b4d4d4f4e4e4e4a434e56686f6d79
554e41423d3e54555553535253515250
50525e5d59565a59515858544d4c4d4b
5755595959575157575759595b595450
5c5c5d5e5a595754565655524d4e5959
4d4a4d4f52545b595a5a55554e50505a
59595a5a5c5b5a59595e584e50575452
52515255535655565554545353545a5b
56534d404e52534f4d4e5151504e4a52
443f3b4447494b4b47504c463f465254
454446433f3f4045433f3f3e44423a42
4e504f4a4c4b4b4b4948474949484747
565153575857555252514f5050534d4e
6d6763615a5b56595855525757565652
8b8389878783808382838887897f8d7f
82848680858c8e8d8a8c898382898388
7b787878797073777877797774716574
776a7676787675767478776e71737b7d
7877777975797a78716d757671707578
74747776727374727a757b7875777978
83807f7f7f88888c8a88837b76757875
868a8686838b87828483828a8c888787
5e5d5d5c5b5a585b595c687b85888886
525354575a575a5a5f65656d67747568
6266625555525357585c605c58595251
494a56534a4e5558606a7e71595c6363
55555656555655535450535e57534e4a
59585c5b595b5d5a54514e524a495153
4d4b49504f4b4b4a544f4e5349515453
4d4e53535555545557544f5151525148
5a50484e4b484a4a494d51504841434d
807d7f7c79797a7a7f7e807f81847f6e
4c4e4847444d4d4a4c504c636b6e677f
544f46403f465355545553535451504c
585c5d5d5757575156555253544e4a4a
5a5a5a5a595352605c5b5b5a59595356
52514e504b494a4a4f514e4e4c505c5b
4e5354535455585b5c5a5b5956585756
514d4f5454524d4c55524b4a5b5b5853
52535357555556565150575554535251
5c5b565757575551515151514b4a4a4b
3f3e534e4a50514f4c4549474c575d5d
4d4b4a4549454d4c47433f464b473f42
52544d4d51514f4e4d504f4e4f4d4b4b
575558585a59554e5051505051545051
5f68565e59575a5a5956555651545458
89868a7e8886817c858687878586776c
7a7a7e7e838c8d8e8e8e8c8787898886
7b7879787475757274777377716a676e
786d6d727978747776777677717b7c7c
757574787879797875726b6d70716e6e
78747678796e6e777377747979777777
8381838783888d8d8a867f7875757b73
827c7c7e7e8d8b888a8a8c8c8e8d8787
5f5e5a4b535556515661767686878684
5152545955595e5b5f66726f6d706d68
5f62564e504f50575a575b5b58545255
4848484954595c5d5d657c725d5c5f5f
53555656565655545251535a5a57514d
4f5f605d5d5c58514e4c4d4b4b4a4d52
4f48474a4d5152524f4e484856544447
4c4c5253515153535355524c49544f4f
63544c4a484e4e4c484c514f43424347
807e79797a778078757b7d7481846c6e
4c4a4a48434d4c4a43494e5c53696f7d
554542484b4b474b484849474a46514d
5b5551505b5c59524f4e595854504a4b
5c5a5b5a595757625e5b5c585952575b
504d4c4b4a4c4e52505455525154585c
4d49455254555457595a585859585454
4f51544f4d4f504f594e4d5a5c5c5654
4747494a4a4d4e4c4e4d585956535252
6261605f5b5b574f494b4c45494c4a4b
43445b5a5b5855534a4a565445464561
48535351525659575352525354524b4b
5153555059535056555352504f515151
56575757595954514f52565655535250
56595655524f4f5351514f4a4a515657
8a8388898487848287858586878a7664
797d8088898b83838e8e8e8a8c8a8480
77757372717573747678797869686873
6e6e6b6c7b79747476797a807b767d7b
777673727176787679726f6f6f6b706f
78757a78706c6c78767379746e747779
807f878b8a8b8d8c8c867c7877787c79
827e7c7c808e8f8f8c8b8c8c8c8d8783
5d5b544d4e51514d5064737886868384
4d4f4d53585b5a5d626b6b6e786e6664
6c59514f5153514f545758595855514e
48464744545655585b617b72675b5f5e
54555455545553504b59584f564f4e4a
506065665d5553544e4f4e4b4d464b52
494945484b5454534648494c48504948
4d54555555555655544c4d4e48494b49
6256504b46444f4b4840454544454343
71787c7c77767a797a7f7e7882806b66
4d474c464340484648484e4b54747976
4e4241414345464d4a4b4b4745494e4b
5856565e5c5e595551505b595449484a
5c595756575758595a5c535758575858
514b5051515357515250575359585857
52544a4f5457565b5c5b5b5a5a575150
5454544f4c5052504c4a4c5c5c585554
484749474b4f4d494e55585957545353
635c58665f5a5451515252504e4c4a48
4e505162635f5958595763584b4b4c64
5b58535454565356595a5e5d5c48494c
565757595b4f5b565c5855585854595a
575757575956524c52494d5353555457
5e5e57565350524e494a49494b505a59
878a858789877f7f807d8685848a7a6e
787f898a8a88878c8f8e8e8b89898681
7871747676777676787c796d6a68686f
6d7373737b737475777371787a77747c
75737679797979767474737874726b6d
78757c7b7874777b79767076797b7a74
88878c88878287858b88837d7b7b7b79
7e7a7c7e8483898489828a898e8d8a87
5c584f4e4c48424a5261727d8582827d
52535353575b5d6e75777377706f6462
5f5d594e4d4a4e525555524d5354514e
504a4f5054565555504f73675c545e5c
53505253544d51514e504f4c47494b4e
50505c5e5f585b53514a4c4d44474845
494750505350504a48494d494550504e
4d55565655555657524f50504e484949
6055504b3f47484b474448443f424346
7476737c727979777b7b7e80817a7165
4f514c49464a4945403c51575f72766c
4b4743413f434649474a4b484a4e4a4c
535359595d5b52535654515148494847
5a5856565757585b5a59585658585959
4b5053504f5259595957525453575757
585049505357595b5b5a595956504a4b
5756524e565959555254585a54545152
4a4c4c4c4e4c53515456535757575755
65645e5f635d545253524e4d4e4b494a
4f504d656061515f5957535051575066
62605b565a5b5c5d5d5e66645e4d4d55
605f5c5f5d5c5a5f5e5b5b5f5d515860
565656565657504c4849515047555e55
6c5f5656575855504e4e504c53565555
8b8a8b8b7f7e7f7f7e8685858687817a
7880898b8d88898e8f8e8d8c888b8b8a
7070706e6f70787a7b7a756c6c68686e
6e767c7d7a737373716e747478767773
78797a7b7a7a797671777b7c79787270
7b7c7b7a7a7a7a7a7473797978777772
8a8d8b8a8889878b8a817c8386837a7a
7b7a808687878684878887888d8c898a
56524f4d4c4d51535561657d7f7e7e7d
5654525362646a74787b736c6e5f635f
59585453535358585857565455575157
53515254545154514f685e6b6d605f5c
4e51525353524f4f514a5150524b534c
585b5c615e5f5e5a56514d49454c484b
4a4e525253534d4b4d4f4e4b4e535454
4c545653525453545252534f4b4d4e4d
5b4d4d4b464448464647484742404848
71767a7c7777797879807c83817e7169
4f4e4c49424e493c3d3b425a637d6e72
4e48474346494e53524f4b46484b4c4f
53565b5d595655545552525047494848
545359585a57585b534f5b5955585656
5758564b4b575c5a5a57545353525858
594d4a4c5253575a5a5a5859554b4c52
5357544b54595a594f51525354565755
4e525052545859565556565453535454
655d64605d535353534e494e4f4e4b4d
5f5d6166646464655a5b555b5b5f5d67
6867635b5e64686769696a6a67625e5d
535459565754555d5f616464605c5566
565655525653504b4b4f504f53545557
6f5e544e50575151474c4e4c4d505555
8a858088837e7c7881858a888789847e
778184888c89898e888580898d8d898c
6e706f6e767878767878756d6e6b6970
737d7e7c727171747474747375797979
7a7a7a7a7a7c7677797c7d7c7c797272
7a7a7b7a777170727373777a78777a78
8d8d8d8c8a888a8d8d8c8a867a777167
7a798487878787868880888a85828c8f
5956504b4e4f565456606e737d7b7c7a
55535259696566737d7a786b6569655d
5b535854545457585856525453585859
4f40475051524c54626a625a68665d5d
5050504b494f4e504d5155514e51524c
5b5a5d61605f5c595151504e4949444a
4a4e51504f504e4e4f4f4f5250485255
46454641424252545454504c51544d4a
60544e4b434449474645424444494b4b
75797779797a797a79817e857f7f7267
4f4c4a494d4b463e373d4a5862727275
5451504f4d4f515451504b484c504f4c
5154595b54525254585248464b494949
5150515a5b5a55505551504e57535958
564f504f565c5e5b5959575553545456
50504f4d51525558595756594f4c5051
565454585a5a5a585154545754585956
51525456565555555656535455525255
65635e5f5e545a524747434951524a4c
65666866666769686766646362646367
68656564686b67696b6d6c6b6a676866
5c5a595d5a57556262666766615c6468
5652555653514f4d4848514e565c5f5e
6c605250565351514c4d464b4b4f4d55
8685838186818185868689878888837b
7b858a8a85828787898b8a878a8a8a8b
73757877787b7b7a77706f6f6a666a6a
797d7e77767879797878787573707475
7978716f6b6e6f797b7c7d7c7c777372
6c7a7a7979787a787776767777777878
8a898d8d8b898c898c8a887d7a767065
84887b7d847d7e8380807f8984878883
5a5950484a4f51585057667176797c80
595552596064676f807a736b6a5f6662
5956545655565858585756564e4f5859
434150504f4f4d586868505c646d6364
51514f4e445050524d504d5054524845
50596666655e595650514e484744434f
4c4d504e4a48494a494b4b4b4d4b5050
444545444747475554524f51504d4d4c
6150524f4c4b49454445453c464a4c4b
747d7d7c7a777779727e7d8181777764
474b4c494b423e424646445664747476
5351504f4f4f505150504b424a52514d
565958555b5a595a57544d4f4c4a494a
54555258585857544c4d504e55575b57
4a4b4b535a5b5d5c5956585655545555
5553504f515556575857575755515250
4e4c575a5a5a5b595a5a5b5a5b585a57
464a5556565657575656535354535657
6663605d5c5f5b544a45444953494a47
6768656767676a6a6868676666665c65
68605e656868686b6d6d6c6b6a686968
575a5d5d5958595a696969635d626769
565554515351504e4c484e545b5e5f55
6b5f575a585553504d4b494a49504956
89888889898185827d7f89898987827b
7e8689898a888881858c8b8788858a8a
727b7c7b79797b79766c6d6d6866656b
73787779787878797777747272707273
7977746e7173737b7b7b79787a78726f
7d7e7e7d7a7878797879767778787979
7d858a8583818688868788807a797273
89797c7b7d7f8183838280837f818586
5b5c52484b4e515249546971797a7f88
575a565c5e636a6e726c706e69606763
5a595757545758585858595857575555
4b4d55514f4b474a4a4d61506b687361
4e4f4c4d5152535454575354564e494a
4b63685a5562585654514e4c4a4b4c52
4c4b4b4c46474948484a4c4f4e4d504f
444341424244535353514f4e4e484a4b
594844524c4b4a464446454848474144
797c7d7f7c79797b7d7f7d7a7b7b7965
4a4d4c3f4946424648463f53696c7673
53514f4e4e4d4c4b4a414143434e4a49
535456585b5b5a594a4b4a4e47484a49
525654585b575456504f51514d4c554f
4c4e4d5055585e5b5750565654555755
4847394f504c56585858585753515050
5058595b5a575a5a5a5a5c5c59595757
4d5257545656525354544f5554565856
6761616163625a45464b504c5250484c
686a6d696a6a6a6a6a696a6968675d66
696a67676766666a6a6a67625e5d696a
57595e5c5e5d59596a69676563696868
5957565352514e4d49464b565d5c5c56
6b625859585652504e4e4b48474a4a50
8b8a8a8c8a878480818589888987837c
7e7a8a878786817f8a8c8b888884828c
767d7d7c7978787a76726f6c66666972
7572747a807c7c797775737270707373
78706f6f71736a737574756f767a726e
7c7d716e6c74797978736e7275777675
848484848586848485847f837a7a7271
7b7a7b7d8385868485828484817d7e83
5156514e5755515252536a75777f8687
534d586062656c6f6e6d73656b616864
5e5a5a58555758585857545b5a5b5b58
4f525351534e4d4c4e5661525d636b60
505553504e50535557575755564d4c4d
58565b5c555f565e535151524e4d5355
4c47464a46464848494e4f4f4f4e4b53
41424142454551535150504e4f4c4d4f
605548514b4a49454746464743474141
787e7d7e7d7c77787f7c76727b7c7868
4a4548464044424747444552676e777a
51504e4c4d4c4d4e4b4c4b4d4d4c4b4b
56565a5b5b5a59574a514e4d4b504a49
535154565455515053525257534f4c4f
50504e51525a5e5a5856545456585752
4a4736404b51575958585859504e5050
50515a5a59565656585b5b5c53555856
4d4e51524a53505153534c5551575955
67665a68646159454449514b534f4a4f
6b6b6a676a696b685c5c5f5c6b686768
6b6b68676867696b6b6b6864605e6969
63666869696664636b6a6968696a6a69
5a4f564f52504c4c4643435355536062
5a595a5a564d4d50504d4a464747484b
8a7e808a8b8983808184878789878379
7f83888a868182838b8c8a8385858e8a
7c7d7d7c797578787475716c66686a70
78757074777875777474767376767779
726d7273746f7477747275746e79716d
7e7b726b7070727a7a78717277787676
8685858585848584848085827e7d7972
797c7e7f828383838483827f80807d7c
5b4e54525254575454586472757a747b
5958545d65676b6f6f72716d65616662
695d5a5a5959595958565555575b5a5b
4952554e52524c49534e505c5a5c6363
5057525252525555575858575451544f
56575a585958605a5950545454535554
4f4c494b4b4c4a484c4c51514f4e4d4e
49474646464f504d51514f4c524e4e4f
6158504d4b4b494944484744464c4a4a
6d797f7a7c797778757774717b7d756a
483e4643433f404544484449686d7271
4b4f4d4b4c4a4d4c4c4f494c4d4c4b4a
575652584f504f5c58544b4b524f4948
515351545455545554535058544d4e51
4e4f4f565950595b5857585957565555
55524a484b54585b584e4e554e4e4d4e
5651514f4f4c4c4f4f504f5153515857
50504f4c535353524f52545752525957
646167685764584c4a4e4c4653504d4d
6d6e65636a6c6b6b686262696b6b6961
6c6b626363606a6c6b69675f6a6d6a6a
69696b6b6b6a64676b6b6a6a6b6b6b6b
5a58544e46524a4845494d4b4d536568
64555b54534d4c4c49514f4c454a4d53
867f7f828a8a86857e81848789878174
85888989858286848281808085828689
747d7c777077787879757570686a6970
78767678777b7a78787776747b797177
6f72727574737979787a77777979787a
7d77707078787377776e777a7b777a78
868782828484858782868584807d7c79
7a8581828280827e8182818586847f80
524f53535356594d565d6068777e737b
5d5c5b616e716e6c6d6f706b625b5b54
62615b5b5d5453585a5858575a515655
545351504d4d525151565c59575b6165
4e504f4d535154555757595a5b585554
535b5b57595b565f5659554f56555552
504e4e4d4d4f48494c465352514f5153
4c4b4b474747525152524f4d50514f4f
6650544d494c4c4c4f3f4045464f4c4d
6e757575757374727b756f787c7d7968
3f3d474545414045424846426e6f686d
4e4c4e4c4a4d41464a4b4a484d4c4b47
50534c5257565850524e504d514e4948
4f4f4f50555554554f525551504e4e50
4e4f505b5a5853585a5a5b585858574f
4a4949495153585a4b4d50524f4e4e4e
574f504e4e4d4e4c4b4c4f53534f5a58
4e4c4f4e4d4e54525354555652545958
686867635a4f594f4e5150434c4d4d4a
6866676a6b666a6b676468676c6a6868
6965656767676c6d6d6c6b5c5d6c6869
57606463605b5a5a69686a6b6a696d6c
525955525250484440473e3f4b515e5e
675f5b53504a4b4b484d504c4848484d
807f8588868388847f7e7e8989878176
7d858584888382838180818484848385
757776757477797778797973696b6e70
7a7873787b797c7a777677757b7a7977
727370716c737b7a7978797a75777678
7c7b7b77736f7373767a7b7875777975
8a8987868a8a88898989877b79797c7d
848886817f80807d808486888a837f85
525358555653504f5b5e62716d7b737e
6066646979756d6a676b6f6e60585554
67605f63605c55575a5a585655535b5b
54535251515253535256595c595b6065
4e4f4f4d4c5457575358595a5b585455
525a5b555a5f615d5e56535254535551
504e494c4e4e4b4e5052525150525152
4e454b494e53484f5854515354525252
6f4c534f4a4c4e4e4c4a4442474c484d
72747676747271717d76767b7d7c7365
3e40414343434246474b4a52696c6e66
4d4c4f4e4f484446484b4d4e4d4c4b44
56555255575754514d4d504f4d4a4947
4f4f4e5259595855504f514f4c4e5352
5253585c59575a5b5a5a5a56585a5750
56544f4f5454585b514e515250534e52
51514a4d4b4e4f504d4d51564d515b57
494b4a50504d4a4c5556565553545758
68666565635c5b555353514d4f4d4c4a
6a696b6c6b6a6c6b6a696a64656a6969
5c5b64666b6c6c6c6a6c675c5d696969
595f5f615e5b5c64676768686c6a686c
545b5751504a45423f443b3745516063
695c5551504e4c4a47454b4c4845484e
81828686888a7e7c7c817f7d7b807978
8180808381818380817f7f8a85828683
7677757579767473777b7c746a6d6970
7675797c7b797976767776767a787978
707471707075777b79787d7a78797775
797a797873757878747875767178746d
86888b8b8a808a8b8b88867f7b757d7c
8487868281838181848487888b888581
5a5b5956534f4e5a5d5f65706c727480
5d64686f6b71696969696b6c635b5454
625a605b53575c5b595a575151525b58
5454504c5457514d52565a5c5a5a5f64
50514f4e5154545055595959564f5554
53595b5a5c5e5d5e5e5853524b545650
514c4a4c4b4b4b4d5153535352545159
524f504d4e4b46515652585455525152
6d5f544e4b4d4e4e4a4d48443f424d4e
7877797c79767073757d7d7c7d7d7977
484948474343444946494a3e4f636c6f
4252514c4444464a4e4d4f4c47484842
505254565958524f4c4f504e4e484848
4f4d4c4d4e4d4a52565555544d4f5352
4f5153595a59595b5b5a5957595a5751
58534f4f5353575a5755544f54535251
4d4d48494b4e4f4f4c4f5257535a5759
47504850504e4a4f565656565556534f
685d6368665a5a5753545250504a4947
6b6c6b6a696a6c6c69696a6868606869
5c62686c6b69686861626162656b6c6d
616565635e616a686767686866656361
5252534d4b46454343463d454a526361
6b5f57525050504c4949484843455052
8280858a8a898a857e7f82808484847a
7d82848684868788898a8c8b857c8081
7476777a807c78797c807d6f6b68656f
747a7a78797a7776777676767a7a7a78
6b6d6b6b6f777c7b7a79767b79797876
78797977787676716e7375776f76696a
8386898b8781838b8b88858279767b7b
8787868687887f828084878a8b878687
5d5855514d4b56595b5e6466696c7282
60656a6f75786b69686a696a695c5858
5f676058595a5c5b5a4f50525856525d
555653504f4f5050515354555a67625f
4e4f504c4652535056514d5050505055
575859585b5e5c5c5e56525253545553
514c4a4a4c4d494c4a50535254555557
534b444852514e5654555554524f5151
7263544e4f4e4e43424346484546474d
797a7a7e7c7a7676767e7d7d7e7e7979
4c4c4c4746484747464349454d657076
5154504746474c4d4e4d4f4c47453e46
4a4a4a4b4c4c4d4a4b4a484949454745
55545455565655565655554c504f524f
515459585859595b5b55585657594e57
59534f4e525457594f4b4f525a595554
4b4d504d504d4e4d494e4d4b55585c58
52514f49495253554e55565556504c4c
6265696967525357524548504c424b4e
6c6c6b6a65696b605d62686766636560
5d636e6e6a5f666a6a69696a67666e6e
676a685f615c5d6a6a6a696463676a62
4f4d4f514d454547444947444f4f6866
63605954535253514e4b494744464c53
808685888a898b867f81828386857a71
7e838488898a8a8a8b8c8d8b88808282
78787b7b7f7d797a77787a746b686469
72757a777a797a78737172737b787b7a
6d6d6d6d736f6b756d77737475787777
6f70797977797c7b7a7a787673706c6b
7e85838a8a87878585858785857d756f
848486878b837f8180857f887f7f7f80
6058524f5855515a5d595c6c716f7477
61686b6e7b747069686a696462606262
5e63655e5a5a5b5b575052525b5a585e
5656545351504e4e515154515a686263
4f4e4d4a4b535456524d4e5250515557
575a5b58595c5d5c5d58535054525552
504c4b4b4d4d4c4b4a53545355545457
444d43515251485252524e5352495253
745e5445404341403f4944474a4a4f4f
7277767c7b75777a7b7d7e7e7f7c7779
4c4c4d4a4b44484046414b5d5e697574
4e544f494c50504e4948444c4a484545
494a4a4a4c4b4b4a4a4a4a4c47484545
57575555555656555554524c5753504a
505654525453574f594e585258585152
55534e4b52545758514d4e555a5a5754
5656595956534e4c4951504c595b5c57
4e4a4a4d4b4b52515655554d4b4e4c55
6669696863585c57523e51514f4f5050
6362686b6c68616769696765625e605e
676a63656a6b696a5f6768696c6d665e
6a6c686063646a686b6a696665645d61
4c4c484c4c47483d3e463e44484d6555
6b5b5a59565654524d504c4a484a454f
8581858485868a877e808386857e7875
787f828482828281807d817d8c887b88
7c7c7c7b7b7c7c7a7a7b7a756b686267
6b7977797b7b7e7b7a76757676767b7b
6e6c707375716973747577767a7a786b
776d6f787775797f7f7c7a6c6e6d6c6b
848280888b8a8a8888868986867e7676
8585838788898681868688887d7f7f85
625451545956595c5e5b637074777777
5f686c6f706d6869686a6968696a6165
6e7364615c565a5b525152555c5b5b5d
5654524c4e4a46444d4e525c5c586363
515250505153545451484d5755535758
595d5c5a585b5d5b5a5856555051524a
504c494b4e4d45474447474f504f5555
414e4e49474b525453484c5251505252
73604f4642404346494946494d4d504b
767b75777077767c7e7c7b7e7b78797b
494b4f4d4e4c47484b4c484e696b7072
535654505050514e4d4b434d4c484440
49494a4b4b4a4a4b4948474648484545
504d5856534d4d5255544c52504d4849
56554d5154534e525459575554525150
54544b5052534b54504d515857555655
5757595556534e4d5654514a56555657
44484c4f4b494950555555534c4f5757
69696a68645859544f4d4d4e5150504f
646c6d6c6c6b6a6b6c6b676663605f5f
5e66666a6d6c69616b676d6e6d6c6162
696d6a6867686a686b6c6a66645e6161
4e454d484c46434343413d4647484b55
6c625757575655524c4b4a4b4c4a504f
80818081857f888079818485827e7c73
80838382838384858782808a8c857d7e
7c7b7b7b7a7b7b7979756f696967636a
777a79777e817b7c7c7a777679787c7b
6d6c6b726c716b6a7879787c7c7b736b
7572797778787a797b7c7b7674706e6d
888889898989878989868b8986808079
848489878788858888858b89827f8386
64524c4d4e585a5c5d5c636d75797677
5e6b6d6d6f6c6865696a68615e5b6d68
667b6a6157575e5a545353565e5d5e5b
514f4c4c4946454a4e5255646960646a
4d515251525454545454585858564850
5a5d5f5e5e625e5c5c56555354524d50
504c494c504e4343494b504e4d4f5554
4b4f4745464951535150525452514f50
6f554a434442454c4b494b4c4e4c4a41
7676766f7a7a7c7c7676777b7e7c7b6e
4a4d4e4d494b494b4845483f656f6975
57575655504c4d4e4c454b4d4a444443
4b494b4a4949484a4b47454544474545
504f4d534f4e51505553515453504a49
524c5a4d4c4f4c4c5554555550535151
514c4d4c514a51494d4f555455555455
4f4b4a495655514e5352515154545151
4c474c4c4b4b4e4e51525353534d5756
67686969655f494e4a4c4c4d4f504f4d
5f6b6b6a6b6b6b6b686867645f606567
666168686a64636360676d685e656363
60696a6b6a696a6a6b6b68685e5c6062
4a4a4b474f4e4a4b4a4a4f4647484c56
6c615a585658534f4e4f504c4b4c4c48
7f7e7f81837f857b837e8386867e8175
7877777f7d7b8188878685878a88817d
6f6e6d7a797a7d78767a79746868656b
787779797e7b7a7b7c7c7b7877777471
6f6e706f6d6f75727970797a7a7a6e73
6f787a7a7978746e6f7c7a77706e7172
8b888b8a877e878a8b8d8c888b82737b
7d828687827e898b89888d8e85848b8c
665b505058595a585553626e74797979
666c6f6e6f6b65686a6a6a6964636a69
68706b57665b5153545355535d5e5c63
504c4f4c4c4649524d52536964666a6a
505251494950535455565753504e4949
5b5d5c5f5f5959565c57555152524d52
504c4b4c4f4d41414f5253514c4f5559
4e4f47454752525252505253514e4a52
6c514844474c4c4d4c4b494848444849
767573787878777674797c7d7d76796c
4a4c4c474b4d4c4d484347506772666d
58595856514d504e49474d4c4b434a4a
4e4d4e504e484a4c4d4c4c4e4e484444
4e4f4e4a4c4b4e51504f4f4d51524c4b
5354564d4c4c5051544d515053524f50
4e4e4e4d4a4b4a494c4d4d5151555051
50514f535555514f51504f464442484a
4f47464d4b4d4a48464d4f524f484753
68696b5d676057534e4d4b4b51504b4f
696969696a6a6a6b696564615e606463
6261686b63626565656b6b6262636664
5860666469686b6c6c6b5e5d635f6164
4e494b4b53504d4c4949514646494845
6c5e57515250524b4e4e4e4f4f514e4d
7e7f7f818485807b7a7f81878882806d
71767778797b888989878a8a8988817f
6e6c6d6d70787977767676706667676d
74756d767b7a79787975777875737270
797a7877797b7b7b7c7a7a7a7b79727a
7373797b786e6d6b747b796e6e6e7372
8c8c8b8987868a8c8c8d8b8a86827e74
77767a8180868a898c8c8e8d8a888a8c
665b53515b5b5a585758686f73797a7b
656b696d6f686a6e6d68646568696961
767c6b65605a5a4b53514f5a5d5f6062
494f534e504f4851484e576e60646a6c
515250504d4c535254494a504d4d4c4c
5d605f625e5b59585c5655524f4c4e50
504d49494d4a4a4c525152484f53585a
4a4d4a4147414e46494d4553514a4b53
6f5c54514a42413e3c4242444241463e
6e796c7978777776777b7a7e7d74786d
4b494d413f3e483842434453676a686c
4c555655524e54534c4b4a4941474c48
4f504f4f49484b4b4e4c4a4b50484141
4f4e4c474c4e4f4f4f504f5453534b4c
544f56534f504f4f4d4e505150504e4f
4c4d4d4a4a48454e4d4d4d4d4f53514f
44504a5152504448494f474747454743
4a474341414341414040404548454346
6768625e616059534f4c4c4b4f4a4b4b
686b68696b69696b645f6362605e6262
6968696a69626266696b6a6661646366
4c5b5c5b5b696b696a695e6267626066
4c4a4b504f4f4b464a48494641404046
635b56534e52524c51504c4c53525050
7f808483867f7c7f8680838789837e71
7177787c82838583848184858a888782
6b6a6c7475747572727076756668696c
6a747576786c6c777877777270737370
7a7c7a7a7b7c7c7c7e7b7b7d7e76716b
7372727b79746a75777a787371737778
8b8b8b8a88898c8d8d8a807c88817d77
7578808080878b8a8a8a8b8d8982848b
5b5753525b5b5b595c60666e76787479
686560666b6c6b6d6d6e6b6e6f6d6c5f
7a796a605a5c5c565050535b5b606065
4e52524c54525049485b696d69656c6f
5351514f4f4c5353504b4a4c4c4b4b52
5d616667615d65645c544a485050434f
4e484b4f4e4a4c5054524c465254555b
4e4e4842404c4847494f4f514f4a5251
74595e534d474244443e44404241474c
6c736f7872737077737b7d7d7b79786e
48454741403e3e3b414548545e646a6e
54545555545450505150504c4a49494d
4d50504f4d4c494c484741414d483f40
4c4e4d4b4b4c4947474744445551484a
51504e534c4b4b4b4c4d4c554c4f4e4b
4b494a4a494648484b4d4e4f4f525252
4e4e4f4f4d44494b4f4e474146464849
4644413f4340403e3f3c3f494a49474a
6a6868666860594e4a45474340434042
666566696a6b69606365676561606261
6a6a6a6a685f62676769686864666262
515b5e5b5e67645f6768645e615d6159
44444244414240473e474645453b4145
685953544e52555152524b4f53524e4b
82817d7c838282817f74798487837b70
7179798184848485848288878a8a8787
6d6e6b777776727575767c786969686b
717272777571746f6c6967726d736d6d
7c7c7a7b7c7d7e7e7e7b777a78716d72
717475737a79787979796f6e6f707879
87868a8a8a898c8d8d8a888785807a75
7a7a7d80808080888582827f84868484
5a5755525b5c5b5a5c61646c787d7a7a
6a6d5f6568696d6f71707475746f6e5f
70756d5c5d5759545354525a5c5f6068
535154535254524b50596c6d6366696e
4d4e4e504f53534d4c494a4b48494951
575965645e6168655e5756535248434e
4d45484e4e4a50514f514e505658585f
4e4e4c4a4b4945444b5051504f50524f
5b5561514c4541403b3d4143433f4b4a
6e6d6f70737170777674787a7e7b7a72
484240403f3f434546474846655f7c6d
534b53545755535251524b4a4d4f4f4c
504a5051504d4b4b4b48474f4d48403f
4d4d4b494b4b4a484747454554505051
4f4f494c4e4c4a4c4c444f4d464a4b4c
4c4b4d4c4b4546454c4d4f5051504f4f
4c464d4d494d4b4b484e4d4a47464346
42403d3e40403e3c3f403e42474c4c4f
68696968685e554b4946494747474646
65646867676a67606167676563626164
64686a69665e6264646469685f606262
555d5d5b6364656365686867635a5a61
4645474243444142454646464238444a
665955554f5450555453514c4f4a4b44
88837e7a87858685817f828384827376
74797a808684858684848688847f838a
6f6f6f7073717575757778766f6b6e6b
7471756c706d6e6c6c6a717372696c6f
7e7d7b7b7c7c787b7271777077716c6c
73746d6e77797a7576736d7170737575
898a8a8b8b847f868c8a898784807a73
7a7d8181848487808081848584878984
5a58595a5c5b5c5a595e68707b82817c
65626864626c6e75797a7b75756b6b5f
656e645e605d515356535a5b575f5e63
545556555557545257656a6365666865
4b5051525253535253525050464a4a47
5a60686263606565625b56544e48494e
49494b484d4e504f4c4f485356575e61
4b4e4f4f4d4b47434f52514f51525250
6a564d4d4c4a4a4849494a4b4c4c4c4c
6d757474737272777676797a787b7c72
4c48444244484946423e383664607974
4f4e524d55555352473e3c434f51504f
52504d51514e4c4a4945454f494b4442
3e414a4b4f4d4e484f515252474a5453
4e4d4c4d4c4c4c4d4b484b4d4c4d413f
454249474949484a4b4b4c4e4e4e4e4d
494a4d474d4d484b4a4c4c4b4a474542
443d3e4041413f3d3f403f4a4d4c4d4b
6668626d685b54474948444242494948
5b5b5765656766626666666763626366
606767676562626463616365625f6260
5760605d61666262646968665f5c5d5d
444c4c48433e3e3b37374545463e3e43
665b5b53544e53535153514c504b494a
898683878989878482828385817c6e70
787c7c7c837f838486878887877d8689
716f6b70757276747878757372716e6c
78777577767575717374757578737373
7d7e7e7d7a7b76726f707a7a77707278
75736e77797970787973736f71777679
898b8c8c8987888382838887847f7a72
797880848788857d8082848483858888
625e5f5f5d5c5d595b6168727a818381
5f626d64616a6b7684817a727474675f
6c74666359515a5153534f5a5a545c60
585c615d5b59544f5854656465646662
4d5254535253535152555552494a4d51
605f656061636464635f565246464849
4b4644494d4c47494b4a4a4b565b625f
39383c3e424748494945514251514f4c
605c50544c4c4d4e4c4b4c4c4d4d4d4c
6e707473737374757575787a7c7d7970
504c454446494a47413c332f535f6b70
4e4953535754524f42484849494a4d50
4c545955514b4b4c4d504f4d46474545
434f505052545353535453514c4d484c
4e4f4e4e4e4d4c4d4c4b4c4d4d47413f
4244484c4443444c4b444f4e4e4e4e4d
49494948484c4a4b4b46474c4c494541
494045464545443f4342403f4c4c4c48
66676e6c5c51514f4648444647494c4a
595a5864656561656565656563656463
676766656462605e5b606364635b6161
5961605c5d5e5d5c5a6061645c605f60
4e51514d493d3e403e444645393f4c53
6b635c53524b4a515254534c48434e4e
85807d8989898887868385868179766b
797a7c8584827c79858b8b8a89888881
6f727677777777797d6e697477746f6c
787976766c6a74787977796f6e797276
7174736e72757978797c7e7c726e7475
76746f787976777879756a746f6e6f6e
8b8a8a8b8c8b888786898886837f7e75
7a797b858a8b89828386838481807c8a
646565635d5b5c5a5b57666e6b818482
5f5f686566686c797f817b74726a6a6a
6c7170625b595955535755594e4f5d5e
5e676b665b5a52554a5e5c6967686361
5051474f504e515151545348494e4f58
5d5d626262616261625e4f4f45434250
4c47494b4f4d4e4f4d494c52575b5e5c
3b39404346464948474545464f4d4a4d
5a5a57574b4b4e453f3c3c3f3c3d4c3d
72757878777876747576777a7d7b676d
4e474545464149404442414159666b6f
444852545856524447464c444a4a494a
4c4747414c47444a4d55504f4a464547
4143504f5454545655534f5153524f45
4f4f4f4f4e4d4e4d494646464c464142
4347494a494643484645414f50504e4e
433f4240464a4b48473f3e4446454043
4b434d4e4a4b47444343464b4b4b4844
5f61666a6457544f4843434446464b43
565d62656565676666656562645e6361
6165666561606260595961636262605c
5f5d60615f5e5c5b5c60625e61615e62
5050504f4c494048414649473c3c5257
6c665c54544d474c51515149454a5151
827e8888888886847f83858684807b75
7c81827f78797a797f8b8b8a89898486
717078787a796d78796f6f6f6e6a676a
79777876707173797c7c797074796e6e
747170727578787a7b7c79737373787a
7272756e77747579786f686e6c706f70
868c8a8b8e8d8c8b88878985807c7876
7a7f82888084838480857c7f7e7f7d7c
575d625e595a5a5a5a5f606469758382
6160616266676c777e81867e71696a68
66736b5a59675a4f5958594f4e535b5e
6c6d67655d5655525453556c64666661
484650514851544f4f4e4d4d49515861
5e5d63616361605c5f4d4b52504f4d4c
4b484a4c4d4d4e4e4c4c4e5359596163
3c39474845444241444143464046484d
5b4f544e4d4f4b453f3e3f3e3c3c453d
777a7b7b7e7d797676777c7c7d79666b
4d4948494946444248444c59636f7375
494d53565855534d4d4f49494d4a4a4e
514e484648484a4a4f4e494d4c484448
464443505654555653514f5154544f4b
4d4d4e50514e4e4c4a474a494d484849
4c4b484446484c4e474545464f454f4c
3c3e4242474c4742423d3f4047494a4c
4044464b464642444445404a4d4e433c
626366676555494f4a4342413f49433f
58606264666567676567656466645b63
63626364635f5f555357515b5756585a
575f5e61616061615f6162605d616367
4f4f4f4e4242494945463e3d3d4e5348
6b6153504c4b4e524c4b4f4f4e51504f
7d7d868687868683828382807f837f78
8184807979797b7e887c8389897f8381
717b797a7a7a77737370737473706c69
76797a797472737a7b7b757374786f6b
777373707878777974776c6a71757877
6d6c737676777771756f6e6d6d6d7575
898c89888d8d8e8c8b8a8b877a767370
777b8385808185858782817b7c7e7d83
5d5f5e5d58585a5a5a5b5e6468767c7b
57616368696c686d7985877670676866
666a645c59635d56585353504c5c5e5c
646865645e59554c4e53667264656467
50544f4e4b524f505554534f4d51585f
605b5e615f635f5e635a564952524f50
4d484b4d4b4e4e4c4d4d4c5658575c5c
4039484a47413f43494a484c4c4b4f4d
6057504b42414041484a484444474746
797b7b7b7c7b797979777d7d7d78716e
504e4f4c494341443e3b3f415f6f7677
5255555758564f504f4e4e4a4e494d51
44444545464b4b464f545351524b4446
42424f50494f545152504a4854565349
434c4d4f4f4d4b4c484d504a4e4a463c
494c4a48494a474343414d4d5050514d
48494b4b4c4b434343404a4b4c4d4d4d
4048494b4a46433d404648484c464644
666968625c55564f47454248484b4543
5e5d5f636566676765666766665f5c5d
67625b58564f59545352525351575b5c
565d64605f6264656663646462666767
4f4f504d4948484c4a444446484a4c47
6b60504e4a4d52514d48525151515351
7c807c868686867e7d7d7e7f87848178
828176797a7c7d7f888889898882807e
6c7679796a6e6f747575787a76766b69
757c7c7776767a76746d6d6e7776676d
787674727a7879796e6d6e6d78767576
6f717072747276696b716f6e6f757779
8a8a8a8b8d8d8d8c867f84827b706a6b
8385857e7e84878688878383827f7d86
5a5c5d5e5b5a5b59535257636f78767a
545f5f5d686b6b6f7880847c6c616664
625b5c616a5f584b4f4c53514f535c55
6b646d6560554c4b47435368696a6560
54545353525353494a4a4d4e5252626c
5b5e5e5f5f5e5262655c524947475354
484a4a49404c4a464a4b474751535a5a
443d494c4646494b4c4e4c5054524e4d
604f514641464442494c45493e4b494a
6b6c6b6c6c79737573737e7c7c7c7568
504f504b4d433e3a39372f3d636e7b70
505557575649454f504d43464c4c5050
474347484b4c46465255534f4c4d4443
43474f4f535455505153524950524f48
4243454f4f4e494a46474c424e434441
4b4b49404949464341464e4c44454b49
4f4e4b4d4d47444447474d4c4d4e4e4d
4a4b4e4e4843433d3947474b494a4a4b
6067645e625d574f4a454748434b4646
504e4761626464626668665f665f6465
615d5a5554525252504d4e4f56595a5a
565e60605e5e5e606867666664626866
5151504e4c4c4b4f484546434647424c
685c504f4a49494a4b464a4852515054
7d8586868686857d7c7c7d8183838176
817f7a7b7d8486827b89868988847d7b
6c7776716a6b75757778787875726e70
78716a717176707170737877777b6d6c
6e7172737b7a7977726f747777777979
7172737278756b7575737270707b7977
8c8a848b8a8b8b898684857e79706c71
8587867d7e8785888a848482827b828c
4e4e4f4e49474c4a484a5e6a6d6f747c
605a5f61676c6d7d7a847c7a6a5f6258
5e5a556a645753505053535153545b52
71746f626057474c4b4d565b5759595c
5555555450504a494b504e4952527576
585f6c6459554d54605a514a49495454
4c4c47494646474d4d4a485052545658
3c4a4a49434b4a4a4a4d4e504f4f484d
675b524b4d454a4e4e4d4d4b4d4d4b4b
6d6c6b6c7574747473787b7b7c7d745e
4c4040484a453e3a39393043656d776e
4f55595752454c4f514d4a494d4d5349
494b4a4d494948474f504f4444474443
46505050474654555355524b4f4f4a44
49484b4e4d4a48464047454a4441403d
4a43474946484b494f514f4845424948
4e4e4d4c474a4b4c4c4d4d4e4e4e4c4b
474b4f4d4c474842454547493d4c4c4b
65666562605a544c4e4a494949474647
564f4f585c61636666675e5f66606261
635d5651504f56564f4a4e4d5a585a5a
5259655d575e5f626363666666626564
53464d4e4e4a474a4a44424144423646
6b615e545151514f4c52535353525054
8283807c7e85847a7e7b807d84837c72
7d7e787a7c8787858689868a8986817e
6b736f6e676974727878777571716f6e
787570797a796f6d7177777878736b6d
6f6d6d6b6b707a79737374777a767a7a
7277787b78706d70757474767776736f
8b87868c8a8a8a888783837b79756f6b
7e868680838282818280828688857e8b
504f504f4c4a4b4a494a6169626e7075
515a606a757576767a7e7573695a5c50
5d5c5c666253525251535755524e505a
655f6d66614b484c4c4f515455585c5d
555555544f4c4d4d5054514f51637b71
5c646e533f4c54554c47514b4e545755
4c45454b46484c4d4d4a4d5152535154
4a4a4b4b454c49494a4b4c4b4d4f4a4e
7966584b4c4b4d4c4d4e4e4d4c414b4b
6d6b6c737576767675767879777e7260
4b484b4544484539414045556b6b7270
53514b474b48494f4b4b4c4b4b464e4f
504a4b4b4a4b495052534e4445444344
49525043434751524f524f4d484c494b
4c40444b474748474b47494946433e40
4d4f4e4e4c4b4c4d504b4d4946434449
4e4c4646474a4b48444443514b4a4e4e
444c4d4d474646414142464b48464a46
636568645a59534a4c4b4a4c4b4d4a48
5753525758615d5a61605c5e6861635f
615b544e4f525a5a57514e5959575a5a
3d474b52505252555d61676667686163
4f4a4b494a4c4a4845444240423d3636
6f645f555555545353524e5152525455
81837e7d808385828180777f87817e77
7a807e7f7a8788878887848a88838180
706a6d6e72757277747270736f716e69
777a7a7a7a767377797b7a7b79726e72
6f6f746f68737a79787776787a7a7978
757678797a736e6e7678787979797672
7e7d8380827e8888848685807a6e706f
8586867a7e7e7e7e828182888b87817d
4f4e4d4d4a4949484c51535d65737378
5659696c747a7e787778746c645a5052
6a5e5e58514b4c4b4f524f5154525a5b
6f6d65675f574d4f50535253565d7366
4e4952514c4b4f50535459595463716a
67695149464b53544f4c514d5454514b
4e4c484347494c4d4e4f4f505354535d
3d4b4442403f4a4a4a4b4d4d4e504d4c
5a65454849484c4340494e4d4b4e4c4c
7472736c75786c7877777a74757f6a7b
43424644484c4845464649546f707476
50484a494b4b4b4a494c4f4e4e494442
46464d50514d4c54534e434345444242
4f4f44464d504e4f51514f4947494d4a
3e4a4945464d494e4d4a474b40463e42
4f4d4d4c4d4e4d4e4e4d4e4e4b474448
4d4a47494a4a48414344494b4c48484a
414b4d4a4648443e4444464848454b4b
655f6366585a544d4a484c4f504e4b49
56515356545b5358585d5f6164615f62
606360524e545c5c5955534f59585a58
404655575152595f626567686a625b5b
4c4a4c4b4d4d49484748433f36363b3c
74655d58575757575653514f50514e4e
808180808082837f84818080847e807c
7a7a7d80878789898787868787847e7a
767879797a7777757370707074747171
7a7b7b797878777a7a7a797979737476
717476746f6a77797977747b7d7b7979
7977767a707376777777777878797673
8285857f7e8188888688878379706f6b
8686857b7a797c7e82807b818c898480
4d4a4b4a47484748474950526073717a
4c4d546d707786807673706761594e4e
6f655c5d524c4e4c4a49504e5153584b
71747a69615b55515153535d6b6c6963
51514b4d4f49494e50535a56585e6065
625d4e483e4b5350505455555152504e
44443f3d3b4b4d4d4d4d4d4e52545453
444442413f403f41424c4c4e4d4c4b48
6f4b4a44404246463d48484c3f4c4d4e
757369706d787075777578787770787a
4248443e4a494846474347536e6a6c73
514c4b4c54524d4c4b494a5050484341
484c4b4e5150525454524f4e47454341
4d40444a5151515151504b4a4a4f4f4c
484b4946484a484c4c4a4a4549464046
4c4c4b4c4e4e4d4e4b4d4e4e4e4c4348
4c484542434342423e454a4a4b484b49
484a4d4e4d4b4a45454646484c4a4c4c
65666660615b594a4c4b4944474d4d49
544f545550555757545f5d5f64615f5d
6664635954535d5c5c5959585a5a5956
394755564d525f635d615f6a6b655d5f
4e4d4e4c4d4b4749484743373635433f
675d5a5b52535354555352524f4d4e4d
83828281807f848281808080847f7f79
77797c7d878783888788868788837a7b
76797a797770747675726d6f75746b68
7a7a7a787a74797979787877706e7576
706f79787478787878797c7282807979
78767376737176777978777875777471
868885807f808489878988807a747070
85827b7d7b7a7f8388827c7f82887c82
515252504a4b504f535456575e747174
5e53516b77758377767668645f544d4b
585758534e4f4e4c4f50545054585a58
7477735f5356565554575a5e7c7d6560
4a494a4b514849505150565a56666268
53514649424c5551505154514b48464c
43433d3b4a4c4e504e4d464e4f526053
494947413f3e3f3f4446464847454740
49494948473e3e424747494a46494c4b
706f6b707773747877777577797a7667
494b464a4c4a494746434c51646a6576
534f4c4e53514f4d4c49494c4f4b4546
474d4b4c534f494e535353524e454241
4442444f5151515051504b4a4a4d514f
4546444a484447484b4c40434943474b
51514d4a4c4c494b4c504d4e424a4646
3b3d414441434040474b4b494b4a4e51
4b4d4c494d4c4d494144413f4040403d
58615e66635d534343464b4b47444d4c
5255545654535b575b615e60635d5b5a
635d59544f5b5d5c5b5a5a5956575a56
495258564d6264635d606064655d6169
4f5050474f4c4b474047423d3d414747
6d69665b4e5656555453535352505152
7b797c7e838384838382817f84817e79
797a7c7a837b7c7f7f8584858784787a
79797a7a7877777677737170716c6969
74736c746e6c71777877756e6e717677
747073737179797b7a7c7a6f7d7b7b6c
79787675736c6b6e7777777776746e73
8a898984817f888a897f7e7a776f6a6e
807d8484818184858080808189847e80
5758575756565656545057585f6e6f76
60525b7779898576746d54655b545756
5f5d5e565153514f515056505c5b575d
676d655a5f5a534e5f5c64707568605d
47434d4f504a4c4d49484b4e5c606b6a
5151515354544e4f5457544e4a484846
413c3b47494b49514f474d504f585a51
4c4b4844404143454546454943444746
5f4e454b4540424549494b4d49474b4b
6f686c6a6c6f737879797b7c7d7b7c6e
4d494a47454a49484142494f5d696872
514d4e5051504f4e4c49424248484648
474b4a494a4949494f53535351464342
42434449494e4f4f4948484a4b4e4d4a
4042484c4b4b494b4a4642454b484447
50514d494d4d4c4c4c4b4b4b48414848
42424247494740444e4d4c4a49454e51
4c4c4b4c4d4d4b49424443413f3c3f41
5a5f57546661564f4a484a413e3f4b4d
5356534b554d47454b54575a635b5a5d
695c5858575c5d5c5c5a5a58574b5b58
4a5e5f59515e5f5f5f6265656261596b
4e5054504f4d4b473f46423e3c41474e
6f69675a565755565554535452525252
7a787785868584838381808084827e77
7a7e7c7f7d7c7d7f81847f7b85837d7b
7d7a77787170746e6b706d6a6967686a
6a7175716f7072727272757077787879
71747878787a75797778676a6b7a786a
7275747774706f73797878797b787172
8a8a8988827f858a8885817b76716e6c
80828586838282827f80848483827e80
58595858575656564f596262636b707b
666b8287858a7d746e69615f5b595957
5c5b595555555352524f525162635a62
736b716b645b4e4d465d686e6e685c5a
474c4e4a525354525053545352616d70
50515355555450565957544d4e4c4945
423e474947484948474546413e484750
4b4b48424040403d4241474743414846
5f534f4b48443e47474747474848494b
6f676a6d70727674747a7a7a7c7e856e
4d4b4946444948454240484f5b6a666e
50504b4d504e4d4c4143484545454246
4d4b4a4949484548434f4e5350484243
413c3f4748484e4c484849494c4e4b4e
474b4f4f4e484543444244444b4a4841
50514d4a4f4d484946444346424a4848
404342494a45423f4f4c474b46494d4e
494a4b4b4d4c48464245494a4a4b4645
605f5c5a5e635b534d4b483c3c453e3f
5457544f4d4b42414951565f61595d60
64605a5d59555c5c5a595a5853555b59
5861625f505a5c5f5f5f64665964676b
514f4c4c4e4d4b47413c443d3a41464d
6e67615a595855575552545553535152
787f8583827e818383807e807d7d7d77
7a7d7e7f777b7b858787847b86827d7b
7b7a7978766c6b7277736e696b686769
6e7273717372777873797c7e78787d7a
75777778797175706f6e6c6b6e7a7571
7777777875727074747b7d7e7b746d73
89808981848481828a8886817f7a7578
82837d7a7b83847c7f7d8180817c8286
585a59595857545255596165676b757e
78838a9088867f75676b6a5e5c5a5957
5e53565755555759544d565869655e69
7065626a5e5853595e65596a61645b5a
494f4d4d5354545452575d5b666e6572
535354595c655b6262585451504d4e4b
42444f514c4b49484b464b47474b4b51
444549474747473f4849434344454749
5a504e4b483d3c3d4444464446454443
74716e7473737373747472797d77856e
4e4c48474742424340424754596a646d
4d504f4f4c474d4c4c4b4a474342474c
4d4c4b494646494a46484b5350484142
3f41454545464549494c4c4a514f4d4d
494648464d464542434444474a474444
494a4d4c504e48464547444244444a49
4345434548423f4444494b4a4c4c4746
4b4a4a464d4c484444464a4c4d4c4944
6063605f5e625c554e49463e484a4948
5752544d47413c4851585d605f605f5d
635f5b5e59575d5c5c5a5a58565b5c55
5d5b64625f605d5e5e646a6666676866
524f4c4b4c4c46494746423c393d4650
7267625b5b5755575650545552535345
777e77797878767574717b7e7c7e7e78
787b7879787a82838485888786817879
7b787979766f707276766f686c6a6669
707373737679777878797c7d7a767779
7374766e736f6d6e70716c6c6e7b7875
7674797774726f6a6f6e67756f696b70
888485828786898b8b88847c827f7c79
7f82807a7c85857d807e807f7f7f8889
585a5a5a5957555459595f66686a7480
6c718582869679726963665e5b5a5957
64575459575654575a5b5c5c6367686b
756c6d6351555b5e5c5e616160635a5b
484b504f5152555757585a636c706d6e
5354595d62675c575756544f4d4e4e4c
45474646474b4c4b4c4a49494b4e5159
4a4b4b4c4c4a4740403f444445454849
4e4a4a464041413e4544454342444349
6d6a6f757878797878797b7b7c717f6c
4d4c484845434140403f434b59686871
4e50514e4a4a494b4b4a4a4744424a49
494d4b4848484f4d474a4c4d504b4242
444548484847464b4b4f4c4a514f464b
44464c4d42443f424249464245494644
4a494c4c50504d4b4947454343464745
4648473c454143474a4b4d48464c4b49
494a464b4b4b4948484a4c4c4b4b4748
645f6261625d5b4e4b4647473f464c4b
58574a4b46473f5e51655c6360636161
645c5d5d565252504c5959595a5b5555
4956575555626060615a5d6463696969
4848484c49484a4b4846413d3a3f3841
6968655d59585858534f545352535349
7e7b7d7a7978767675707a7d827f7d78
6e767778787a797884868786807e7d7e
7a787878777071726f79766e696a6e6a
737475767977797a787a78797c79787a
727370717475746e706e6e7579776d73
75767a7875706c6c6d6967666e6a6e73
88887f848a898a8b8b88868584817d75
757676757884797f8286858082898a88
5a5a5a535959575554575e5b6373747a
768582828c8d70706a5c655c5b5a5957
5a54564f56554e595c5d60636e726a6f
7a7165585a515a5c586160616365595c
4a4f52514e535154595a5d72726e6e6e
626055686965545c5453554d4a474b4e
48494a4a494e524d4e4d4c4d4d50545c
4b4b4b4c4a4a44424347494645414d4c
5750494745444240414244444545444e
6774777778777979797979797a737968
4848463c3c3839373d3d3b435a686c71
4c4c4a44464845494c4a3d46484b4848
454d4948494c51514a46444044474546
47494949454242433e41433d413f3f3e
4a4c4c4b46434144474c49484b444244
4d4c4d4d4d5150504d4c4a4847494946
4540423e44434849484c4a3f413f494e
4a494a4a4b494d4949494a4a4b4a4846
65646263616059504c444646464c4b49
564d4a4949403c414c5d5d5a58616363
655e5c5b5850524d4d565a5b5b5a585b
5052555864656564625d5b5b656a696a
504f4e4c4c4a4849463c3e403c343a4c
6b66615d55514f56525154544e505252
7a80807d7e7c7e7d777171827e808074
7374787877777e838286877b827c7678
787875756a6e75787778766e6e696364
7576757677767a7d7b79797b7b7e797a
7573717576777675726d737777777777
77757779747176777675716a71737577
8888827d7e887e897f838686827f7b79
77787678788586868888858384858980
57595a5a5a58555755595d5d6b717677
827d7a797f796a6870655b5c59585959
535352514b5156595b5d62667c79767c
7070635b59535a5b6769636366686a61
4e51545053545356575e68646d6e6c70
565f5f6c69635954545453524e4d494c
4d4c4d4e5153545152504f4d4e52555d
4b4a4b4c4c4b43454447494845434e4e
584a4c46454440413e47404445444649
6c6f757677777876797679797a707766
474143413d3b3d3d373a24445a67656f
4c4f43434746444446494b4641464846
484c4a4c4c4b505049464f4e48454545
49474645444443434041413f3d3c3e3b
4c474d4a444444494a45494c4c4a4848
4d4d4c4d4f4f50514f4f4a4947434c4c
4442454046484b48464842403e403e49
494a4a4a4b4c4d4b4a494a4949464946
616063645f5b56504d4943434b4a4a47
534d475046403d3f42605f5e58606160
6566635e5c5b59564d545a5c5b58575c
5050586263596468615a5d666a696868
50494c4a4c4a494844403d383c39434f
66636159545352544f5555534e535251
7e83848383848382797477837f7e7c6f
6f7c7d78767881858283847b7d787979
79746d75757474756e7475736f66656a
736f7570716b767b78787c7b77757976
75747176777676757173756e77777776
7471717674737579777674746f70746e
83837f807b81888786838685817c7978
777778797f87888a898987827f847e85
5756574c57595757585a5a5b68777b76
8c8e7f767d7d6a6968655b5c59574e4b
555356565154525b5e59656a826c7885
7376645c66616062596d636767665a57
4c495452505450545a59667067746d72
5f62636b696a60595258575353544e4c
4b4b4f4c525348494f50524b4c545b5b
4c4a4c4441424348494e4e4d4c4b4d4f
554c4c454a454645484946444544483c
70737372767776757a7a7a7a77786858
4647464343413e3a3a443a50636a6d6e
4c504e4b474545434146464a4b494647
3f424447474e3e48464645484d4b4443
49474444424143454541454848464244
4b4c4d45414448464b47474d4c4c4c4b
4d4b4b4d504c464e4e4b4c4d4c463e4a
44444248484c4b463e4447413f424346
4b4b4c4a4a4d4c454844444645434545
5c5d6262615956504c444146494a4b4b
53504f47443b42494f4c575961616260
666664605d5d5e5a5058555856575456
52515962625f646865605b676a696866
504e4c4b4b4b4a4949453f3a3d424850
6c645f5858565452555651524b50504d
817c827a788383827c747970867b767a
7a7d7e7d7c858685838482807f79797e
78706c6d79777374747774726e6b6a6c
76777877767376797a7a797e807e7976
73737475767976757372767676757177
727070716f6e776e69666973756e7675
818184858787878786878584807a7470
807e7a7b7c7d8a8a8a88847d7e848086
54554d55595a5658585a5c61727d8280
7f7c77756f6c635d605f5a534d524b56
5255585352505a5c585a6872776f7e89
7977716e6c666459565960535f626057
4c4c5456545758545a5a66717773736b
636364655e5f63595858595552534f4c
4d505253544b50525252514a51535755
4b4b4d3f40484e4f4f504f4f4d4c4b4f
504c4c484a494a4848474644423a4040
7475726d6e6b74777a7a7a79797a635a
4a4b49464443403a3b45434c5f696f6f
4c494441403a3a3d43464c4f504c484a
47474847464848494b4a4e50504b4846
4743414a4a4a4b4c4e4a4a4b4a484748
4848483d4b4a464c4f4f4e4d4b4c4d4a
3e4b4a464c4642434140434a4e4a4540
3f4042454a4a4a41474649454846403c
4c4c4c494b4c4a484544434344424241
5d62626064575a584e413846494a4c4d
56504e4a46384b5b525b545660605f5f
666765625f5f5e4f585a595756565a52
55595b63625e64646764615f616a6a68
4c4c4a4a4c4a494949483a383f454a4f
75695d57565553504d54524e504f4d4d
818180807c7e77787b777978807c7879
7b80828281828580797e83797a78787e
766f6d787979797676737b77746d6f7a
787a7d71767777777576746b726f6877
6a7578787678776f727577766b6e7571
6b736b696c6c666b6a6c6c6973737574
7f8786878887888686868584817b7670
80797b7b7e7d87878a877d7c7c818383
554d4a4a58585656595659637580787f
767372706b64675a605c58504d4c5758
5657575351515b5c585d69706e6b7f83
737569626f6561595c6260625c63585a
4c4f5355545557595d61656c6e736f6b
5c6563626567655f5d5d59534d4d4f49
4d4850484a474d515454534f4d535455
41474b3e41434f4f50515253504e4b50
55514c494647494748414542403e3d41
7173706b6e6a6976787978777774665f
4a4b4c474343413d3c404447566b7272
4b4642423e373d404747504c4b504f4b
4a484949474849494243525148484647
40423f4d4a494b4b4847484a49474747
4a40443e4d484a434b514e4644423f42
4a4d49474649434744494c4b4b484042
3f4147464a443f42474840484049433e
4b4e4a494c4749453e42414343434547
5b615e5e5b59594740424347464c4a4b
5957524c433a4756485959595e5f5a58
6563646563605e575b5c5c5957595d5b
405b5c5c585d63656361646269646567
4f4b4d494a494944464943393e44494d
745c585657534d4b4b495050514f4f51
83828282817d7b7b7a7c7c7c807c7979
7c7d8180818188827d857e797a7c7e83
766e71797a797872746f6d737370726c
7672746f777775786876767877736a70
737177787777756a6f7578746e6e7276
716d6c6c6c6a6b6c7073746e72747674
827f88888a898788868685847e7a7672
827c7c80818587888b887d7b807f8486
554f4b4d565058545353575d66737b7f
7371706e666b665a5e5a56514e535457
58585855525a5c5d59605c7076757979
7b786e7a6f635f596361615e5c555951
4449444c4c4b4c5558666063666c7275
5d6865635f60675c5d5a544c4e4b4946
4f52504a474e4f505752515152575652
424b4c3f404e504f514f50524f4b4d4e
56504d4b4947453d46443b383c433c3f
74736c6d6e707776787877726d706f60
403e3f474444403a3c3c3b4150695b6f
4b48403b4444464a4b4e5150504f493d
4a48494949494940424e534747413e3f
44434040474b4a4b4945454849474748
494b4e4c4a4e4b4d49474a4b4846433f
4e4e494249484745494e4e4d4c484844
454d4b4444454447454444484d4c4941
4e4e4b4a4649474542454546444a454a
6061605b5f5a56484247474842494b40
5d5b504941374b454d585d5e5e5f5e5a
656565635958544d4d5c5b59585a605a
3f5b575e5b626364606166635f606665
4f4a48444a45494845463d393d434030
716b635656544f484c464f4f4e4d4f51
858482838281807f7e797e7e7f7a7978
6e6e7b7a7a82867f85847f7d7c828085
7170707979787474747374716f6f6c68
736f73777877787979786e7970747475
727171777877736e6e75777675727579
6e6d6b64646a6c6e7278757270737776
8785807d7d8887878685837c7c797674
828182828086867e8788827e83838387
534c4a52535555575357565c7175797c
907a716f716d655d5a5a544e51585756
54585a5654585c5f6261617d86797798
72775f5c5e575b5f60605d575a585d57
464a4b474f4c4f54545b5d5965677372
5a6b6661595f605a5b5b534c48474741
5152514e4f4d4d4e5251525251565551
474c494444464650514f4e51514f4f47
5b544b464a4b49474642383c3f474143
7371696d6f6c6b6a7776777676717167
413f4848464644414345424a576d5b6a
4d493d374848474a444b5053524c443e
4a47474c4b4a4a4a4c4c4c47433d3c3d
47484845494b403e484c4a444a48494a
474a4b4c4b4e4d484e4b494843474544
4a4f4f4e4d4a4747434d4f4e4b4a494a
4d4b494546454448484648423e4e4741
4c4b4946464847454646474a4d4e4e48
63645f5f55585a534c484945414a4a4b
5e56534c463b6053585d5e5e5e5f5e5c
676364615c5353554f5f5a5a595f5c57
475b5956545a61635d6464625d5f6068
4c4b4a424845464843473d3a3e342232
716b655a5a544e474a4f4d4f4e49454e
808380807b8081807e7d7f7f7f7e7881
6f70767e7a8482848584827f79848382
76777676767572737674757370706c67
76767876787a797b78756971706e7174
7473737777767574787777787875767a
6e6c70716d646a6a6c70747679797978
888685847f8888888785827d7d7a7577
828282807e86867f7a797f81857f8589
5150495250525052535d585e70757984
8f6f6e73685d5c5e5e5b584e5b595752
5252545855545a5e63666182885e7c94
757b695d59545a5b5c5f5c56686a665c
4b514b544f4d49535658575164666f74
5a585d5d5c5d5e5b585053514849494a
4a4c4e4b4a4d514f535252514d535355
414141434246484b4b4e5052514d4e4f
54534b454d4c4a463f42393c393b3e43
676b6e71756f6b70747676767676716a
454847484849484747463c475d6e696d
4d4c4b494a48484b4d51504f4f4a4544
4a494b4b4a4946474d43414344403f3c
484747444649423e40403f474848484a
464042494f444c4c4c47464748494745
504f4e4a4346494d4e4e4e4e4e4d4d4c
44414549494b4f4d4d4d4d4b41444542
4b4a4446484a4947444447494d4c4442
615f605f605d5d544d4947464947494a
5f5a564f424755504f5858545a555756
6363625e565456525b5f56595e605d5d
4251545c62585866665d5f5f5f5f6766
485048464445444644453d3b3d342b36
73685b55534b48404c464c4b48494a4e
7d7b7e7d7e82827f7d7d7e7c807f7481
6a7174787f848082797a82818184847a
747173777776747476737673716a6867
757677787a7b7b7c7a7269636b717374
73737477787776777876757977727373
787569736e6b686a6c7578787b7b7775
8783837e838481888785837e7b707878
82838283848585827a7b858886848484
524d50535554575756585b666e798185
6b6c6d6a6a625c5750544f595955524c
5453575352576162676162827f617c6e
6e6c675d534e5a59595e57576c6e605a
4f524c53504f5156595e515e62696f6f
5354585b605d5e5a5654544f494e4d4c
4646424344464b4d4d51515050525350
49474848474b4e4b4849464544444f46
504d4c4648474a453f3b3c3e403d4547
6b6f7175756d71717270787873767165
4a49474449483c383d362f3a5c6c6c6e
4e4a4c4a4949454a4e524f4f4f4b494a
49474c4c494748464c484344423d393b
45434143474743403f3f454a49493d49
423e49494a4c4c4b4b48474746484748
4e4e4f494b4946414f494c4d44464e4b
4043494c4d4d4d4e4e4e4f4c48404440
44464c464a4a48434547454b46424043
5a5c5b5f5f5a5d554d46474648474949
64605950444c4d4b31434a4c4e545755
62656363605b546363616064675e6b6d
414e54596059576367635f5f5f666664
4f4d4a48454045464644404a3e323239
6c5b55544d4c474b4f4e484246464746
7e7d7e807e81818074797c7c827d7a76
6c7474747f78797a797a85838483817f
747175777676777676767674706c696e
77787778717873777b77726c72737576
747474776c6b7378766c7174736e7676
79767573736c6b6c6c76777879767474
8888858484888887827f857f7971717a
8280808181848784817f848784828484
4b5155565454574955555e6a707d8584
75625d6b676661595152505a58524d4c
57565657575956696268668678797e87
69655e56565e5b59565a5b595d5c5d56
464c4e5352504e51585657627574706e
5654565d5b5c5d5a5651514e50504c4a
403e3e3d404342454551515151504e54
4948494b4c484f494745454441413c3b
534f4f494748464540393e42423e4748
737672756e6c6c737472777875787568
4d4a4742433c3c383034323b52635e6b
49454649494847474d514f4c4e49494c
3f484c4d494a4c474b4b4c4b49403838
463b42484444414244474a4a49473e38
4546494847433e434447464646474948
514f4c49484743454640454746444c49
444341414d4c4d4e43414f4d443e3f42
4542424349494a464446474c4d464648
5c5e5f5f605c55574c4b444443444b47
6c655c524c48302e3542434d58555655
65615c5c5f5a5c6b6b69656c726b6f78
3e4d5b605758636465635e6566666463
4c4b4a49453e48474744434838343939
62535c534745504f4e4c434546464847
7f7c7c7c7b79787d727c7d7b82807a79
7575767d807e7b797979857c80818381
687776767677767778787674716d7175
78787676777674737979777876767574
7673746e70727775736d716a6f727578
6d766f726c7269706d74677163747a78
87827e86888988868377848079747679
82818182848586878685868484828284
535458575355554d585a565e75817b7e
6e5f67686667625453564e59584f5357
58505254555e697377718a8d85767b90
6a645f5e5e58595a515355585966635f
4949514e4f52545653565e607d757d73
5555585e5e595a5957544947474f4c4b
494a4644464544435152515151505255
473e44454a4e4448474745443f3e424a
56524d4a44494144403d3f4244433e47
7073736d6b6b696a71747576767a7667
4c48433f44423e393b373c44494a5d6d
3e3c444448454446414f4f4e4946424b
494a4a4a4b4a514a4b4b50474c433c3c
4745494849464344453e3c4b3c3a4546
4a4a4a48484145444a494841494b4b4a
524f4c49494446464342484745424b46
464143484747444340403f493e3e3e43
4545484b49443a414244474949484947
605c5d5e5d5f5c554b4844443f434848
72695f554d422c273749454c5357515f
626263635d686e707473757176706e78
394c605d5a57585456585d676767655f
4b48474848434140413a41423a313831
6b6b5d5452524f4e4a4845474a474847
7e7d7f7c7977777c7773758080807a76
79777a7d7f7c80757a7a82827f817f7f
7979726f7776757479787971716f7679
77747676797975717779787674727675
736f6f6c6c6f7269696b6f6f71777379
797772747573736d6c6c6e6973777977
878785898888887f8283877c73777277
7a7977808485858787868284847e8387
57545758575550585a5b565f73767b78
636668666968635655524e4b4c4c5a5a
5a5756565a646e80868a808f827b8e8e
6d6564655f58594e4e4f5555576d6658
40454a4c505254565c6676877c8a8a78
515d5b5f605c595759534e4d4b4f4c48
433d424042464a414e5050514f4c4b47
3f44474a4d4c444648484845423f3e4a
5953574943474748403c363d46484642
657577736e69696c7676747676777662
4446444646464443414142433c40646b
423c3a3b3d403e41424246464a484a46
484b4d4f4a4a524f4a4d494a3f3f403e
494a484b4c4a4949474648463f3a4542
474b4948474746494a45444547404c49
424347433e3f40403a47494a4c4c4b48
45484b4a4a4a4c4c4b4e4e4a413d3f3d
444747484b403c4346454642494a4843
595b5b5e5d60574a423f414040404644
766a5e554f4239393f4b4b5052525353
5f60616261686e77696a79737575757d
485c615c5b5658565a63676667656261
4a48474747453d3f3e3d3f403d3d423e
72735a525650504d4c4b4a4b4b47494a
7d8082817d7c7978756f6d707f807a6f
72757a827f807e7b777f81827f82837f
71716c6a696a7677797876737274787b
72767572777776787979797772747174
766d70687171747170716c716e737274
77787373717674737374706d73767878
868684808587857f8383807c73747375
7c7b81828380848683838786837e7c86
55525453554e4e564d5b5a5f71757b7d
665f66676956656655524c4a4a4b5750
595758575659737a6d798b868a90948c
717a7d6d5f585352535957555863515c
3f464b4c5253565a5f6a707279858478
515664665f5d615d5854504e4b494743
4c4c47424247434345504f50494d494c
43464848484a484544474c4b48483c48
575f494e4b494a483b3f424042434542
6a717476716c6a6c7675747475757364
4a48443e3f414545434045463a475c69
433e383a393c3d43444348474a494847
4c4f514f5051514f52504a423f42403f
4949494b493f414b49444745443e4345
4548454747434a4a4a4b49433e474b49
4342423e423f3a4042454d4c4c4b4042
41494c4c4b4c4d4f4f4f4e4a413c3c3f
444540464a403e4c4b48494b4a4a4745
585b605e60605a4e3e413b3f423f3f44
7162574a514b45484c55525250535354
605d5f67697071736c6c6c7676767978
555c6057565957575d68656666656160
4a42454145433d4041423e3e4045494e
655d575151504a4e4a4b494a4a474748
7e7e8282827f7c7a756d7574807e7b70
7577787d828285817981818284868480
6d6e686a6a6964757276757374767778
73777777777877747878777673726f6f
71757270776e77787570717372727374
7270737275737275767471737475746e
8585848486878482827d7b807e797275
807f8282837f85858486888785817881
4a4b5653504f515555575a5f70747c80
646764696458696958534e4a53575651
595756545b576483838c888a9a9b9079
7075606b58585b595b5953565955505b
46474a4f5354555f6364676f747c7170
566068636761565852534e4d4e484945
4d48413f4246464c4e4d42464d4f4b52
4748433f44454447414d4e4c3d3f404b
625c4e4f4e4b4a46434644414143413f
706e74706d6a69697572747573767566
4c474646434745433d3d4341464f5c5e
424745423c3d3b3f44464a4d4948494c
4e52515251515150514a47443f413f3e
4748484844414d4c4849494848474243
494543414a4b4b4b4c4c4c48484c4c4c
4948464445464346474b4c4d4b4b4544
484b4a494e4d4e4f4a504b4c413f4249
384340464a3e414b4e4c444a41464444
505c5e6062635b4f4641423a443f343e
6e625e4f514d484f544e4c5054545455
625e6361606a707072717178787b7d78
5a605e5856555e646466666566655f61
474545464244414443413e3e43474b50
695d5445474741423f3e464447444342
807e777882817c7a7674797b7e7c7a73
7678788283848380807b7b8384868481
6c6d6d696d6b75767576777374767978
727675777978747c776e707674707270
7678777877727278767574737273726f
716d6f7474727069726a6e766f727677
8785858588858482817c81817b747471
817d808083828584847a79797b7e797e
504c4d56565653565859565e70777981
575b5c5d625f66655a534f4d59565653
5758575760676b5e7789907b8f876757
7779605b5a5758585c55585a5e594d58
4742494b5253555f59666667696c6d75
5c6573686562524d4d54514e49484948
4d4946454c48444e4d49484a3f515056
474044464b4847444d4d4b403f494c4c
60544b46504c4c47403d3b4344434241
6c6a6b736f6b6e6e6b69707578797a70
4c4b4b4b4845443f4340413f42515c66
494c4a47423f3d4649494e4f4b494d4d
52545251515250514f4844464c47403e
4e4b4a44454c4d4d4d4d4e4f4d4b4544
4543404c4d4d4c4c4e4c48474c4c4c4c
4d4c4b4a484742454b4c4d4b494a4649
47474a4947494a4d44464f4d4645484e
3e3742454043444b4a49454245474546
55595c6261645b4f4845423e3939413f
716b6354504b414a504d4d4f53555157
63626361646d7477787874797b7c7d78
5f5b5454535362666666666666656262
444141414545454342383f4248474550
615c574f47424340434849494543413f
817f777b828078797575777c7f7d7a72
7876717d84848482807d7c857f828381
75777774726e6f74746c747573767a7b
676971706f6e6c6b6a676e6b73707070
77767473737273777774726e6e6b6967
6f727571736e6c6b6b6e706e6d6c7676
7986878787878583817f7a817b727270
817f808183838586868686847d7b7979
514f535457595959595a58627377777b
6565696a6664525d5c564f59584b5856
565759646a706f697f85946c716b4d50
767565635d5752555748555a5d5a4d4c
41494a4d4f51555b565b65706c726a76
4d5b68716d61534c53535450424a4743
41424748504e4f4f4c473f3b43474f59
3d3c45484a4347434b4d3f3f464c4e4a
63534a48384b4645423f40474342423f
666c6f696d74726b67696d7675787a73
4d4c4b4a49464545453e413f34515463
41404b49464647424b4b4d4e4b4a4e4e
4c4b51504e4f5051514c484346443f42
4e4a4e49473e4c4e4e4d4e504c4a4543
4543444e4e4e4e4f47454849424a4e4f
524e4c4649493f3e4b4f4b4c4b4e494c
4c4b47484946473e444d54504e4d4c51
4344444644444a4b4b4b4a4849484748
53595e6162635a4f4846433e40363838
716d645d4f4748494e4f4f5253535755
63646565646f76787a76777c79797e7a
4b54565d5d545c626667606066656261
47433f4446484649414041443c454650
665868564c47423c424a4b4b45464b4a
85818282817a7777787574747f7d7a6d
73797e81807c7d7f7e7c818183828183
787a7a7876737078746f7775757a7b7b
6b6a6f6b6b66686868696e7071757777
7a7370727476777675746f6c6d6a6467
7576747170656a6b63726a6c67727677
82888785858684838282807d7172756f
797e7f808282858887867f7b7c7b7c79
5250515555585959595659607075797b
71706c6c66655c525655515551535859
52504a5555777c75727e8c8267685e6d
7f756b64615a5347434d534f5e595453
4845474e4f515559555d616b68707378
3e52747c77645b5454545250444b4847
46444c4b4b4a3f4a4a483f43494b4f4c
433f45494944474947464041424c4049
67594c4d4e4b4747413e434642424041
666870687172726a6b70737675777775
423d4648484346454044453c373f5b69
43414c4a464741403f4d504c414c4f49
434343484c4d515153514a424c453f41
4f4e4e4c474e4d4d4a4e4d5150454348
4a4b4a4e4f4e48454b4b4a4a474b4a4e
524a43403f3e3f474b4a4b4d4c4d4f50
4a4b4c4d4c483e47484c4b4b484c4d4e
3d4645494a44454b4b4c4e4d4c4b4846
575c5f5d5e5f594f46463f3e413f403d
746a6361534d4a4c4c4d4d5155555859
636463575e67717879787a7b7a78777a
4b5050615b58585d5a5b5b5d64646363
41414445494946413f4142423f484949
67675d5854504c46484a4e514e504d47
838181817f7c7878777776777b7d726f
7d787a83817d7b7d7e7d818380838483
6d6e6b6d74757578746c6f6e7174787a
6971716e69686868707373737475766f
737374747371737476776f706d646569
6f76726c656b6d716b63666f6d716f73
80817a7978777776797d757f77697172
74807d808182868987807b7e807f7b7a
4f5051535152575a5958555970757971
60607067645657504e51515657565150
53534b4f4f55877a82948872686a4854
717069635a5a564e4a4f54524f595655
434146454d4d4a55535f5e6d6a6b6c71
41526a77776a635a54495250484b4747
494a4c4a454c494c4c4b494246454b40
423e4c4c4c4b4a484044403f40414748
605b554f4b49453c3737444342423d45
656c6d6c6d6e676a6a69757574737474
4240474648484644444342434a545c69
48494c4d473d414648454645484b4d4a
47474e4e4b494c5052524f4a4a464042
4f4f4f4b434a4d4d4c484d5048444346
4b47484f4f50474f4e4d4f4d4f4f414f
4e4545424240424b4b4a4b4d4e4c4e50
4b4c4d4f4e4d4b4a4c4d4a47464e4f4e
3d4146494b4c4b4b474a51564e4e4b49
585b5f5f5854574d4946464646423e3d
7267575c544e4b484c464c514f535957
62635e5a5d656e6e7173747777777a77
3f4952625f58595b585b5d6363636262
484845484d4a413d3c43424136474b49
67625e585753504e5355535454554c4d
82807f7f807f7a79757370717d7d7470
767c7e7f7c7a78787f7e7d7e80838483
72706e7677797a7c767470706c727671
6a7271686766676f7474727274747370
747473707175746c6f75716665646a65
6b76716f6a6a71726f6e6e7372737673
82807d7b787a7977777e817a746c706f
7c7a7e818283848484838180807e7c7b
4d50555453525858585859556e6a7971
59626b6666605d5a5756585857534f4d
4c4d556263908b7e878581716a684b51
6d66676357524f524e4f4e495556554c
45484a4c414f52535563646b6e6d6e71
4a5f6e6d7a6d6c595655544f4b48403f
42494b4b4c4c4b474849453b45444941
464a4a4447474243443b414240414842
584844434946453f4045434245434745
7373736f716e6c6a6a6c757471767264
4448484848494847454441404e5c5f6c
4b4b4a4a404548494b4d4d4b49494b47
4148494e4d4c484e5150504c49474441
46454a41494c4e474b48494846454442
474747464b4a4b4d50504f4f444c434c
4d494846423f3e464b4c4c4c4b4c4c4d
4c4b4c4e4d4c4c4d4e4f4d4c4d494f50
3d444b4848494b4c47464a4a47454a4a
50595e5f5c5656554a4747474745413e
6a5f5c56433f413326313e414e515758
60625c5b5c616c6c7374757372737376
434b5a5f63605f606163656364636160
504948514e4b423d4041413a4649373e
6e635e5957505757595a56575a565956
8381807e7d807e777471707b7e7d7a76
76797c747c7a787a7e7d76807d818183
7272757675747676747172706e6c7377
6e6f746e696b70787877767275737272
68747273747272727273736d6a686b65
717373706d6873767569707473747877
8383817e7d7d7b777877827c746d6e70
78787d7a7e82838286848680807f8181
505656525657595858564c5f61687474
5e666269645855575753575653535151
4d4a4e7f838e8e807f837e806d664e58
6f635860535152514f51504f5451534f
45454347404d51515b6b6a67696c706e
5a67696b7371625d565255504e474443
47423e3c4549463f42463f3a45464a46
42454847474341424343414240464a4a
6456514a484445424335413f44434644
7473727273736f6c6d6d727272747268
4e4d484442403c39463d3f42515e5972
4d494a4947454b4b4f4f4f4b483f514a
4f4f50504f4e4f505150504e4c4b4842
47484b494e4c4b4a4946454647484d4f
4c4c47484b4b4f5050504f4e44434347
4e4c494846413f444b4d4b4d4a4c4c4e
494b4b4a4a4a4c4c4d4d4b4a4e4a4c4e
44434547484947494b4e4c47484c4a4b
54575f5c5d58554f4540444748484744
6959544e3f3c3e332c32323c4b565855
5f5d595d5b5d5e5b5b5b5d5e6460696d
4c566063636464656363626363636160
534f4c4a484c4643413f41464a484a4e
67645e5b57585b5c5d5a585a5b59575a
7f7e777e80807f7b747171727e7f7d7a
73747a787c7a767f7f7f797e7f797981
717475727272747473716e7178757778
7372696b6b7778787975727274737272
737373726f7072707272736d70676366
75776f6f69727475696c677575757473
85838586817d7d7e817e8380786c6e71
767b7c7c80817e777c85857a7f7f8185
4e5757575555555656575753606d7577
636557525c565454565556534c4f524c
4e495888848d8c888a8c83676a635364
6b6b57584e495156565553524a57504f
3d3e3f474d4c4d456869606b6c6c746d
4761586a6b70605b595453524d494544
46443f40494a4747473f3f41474b4c4e
4641444646433f404446413f3f4a4b49
6b5f5a49444443454437373f40424646
70717474726e6d7474706d7173737473
474745403b3b3a39394144424b4c5c70
504c3d484a49494a4c4d494543415249
4f4f4f4e4f504f4f515151504d474546
4c454a4a4a4d4c4a4e4e4c4847464a4a
4044494c4c4d4843424f4e4d4a4c4c4e
494242403d40474c504e4d4c4b4a4f42
3e3f3f40414446464245464e4f4e4f48
42454644464048464a4b48484b4c4c48
565b5d5d5458544f4f49434748484a48
5a5b56554e42433e3d3c454c57585856
61605f5d5455555250515356586b665e
595e616364636361605f63616462605f
57555251524f4c463f4140474c4f5456
69625d525559595b5b5c5e5e5b5a555a
767976757272777874767a7a7e7f7d78
72747a787d7b7876817c7b7b7b7b7a79
74767474747273757674747578767a77
766c6a6b6a7277767773727575747374
7375767576737171727372706b656677
736f6f6f72736d6b6b6f747271747674
867c80857a7a7b7a8482837f776a7576
7b7d7b757f807e7779787b797d7d7f86
56585858575555565457585b6479777b
5f5b5b4f53524a4847494a485453524f
515057857f7e8393858b796a68566170
706f6c4f4446505c635e58595b595251
3e3d404e4f504f4a5e66646c736f6a74
4f515a6369686559585553504f4b4840
46423d404049494a494541484a4a4d4d
41414144474544444548433d3e494a49
70635148414444434442403c3e3d4448
6e727474736f71757472717476757475
4548474242403b384340423e434b596c
454b4b4a4b48494a47403e3f4c4d4c4b
4e4e474a4846454451525351504a4446
4d4b4648484d4b4f504e4c4548494a4b
4c4e4e424c4d4d4a45414f504d4f514f
4946423a3c3e454c50504e4a4d4d4544
3d3d42444546464542484c4e4e444a4a
4948434545424040414644413f3d403f
565a5a5b5553504f4b45474a4c3b4c49
574d52534d413a383838304859585751
636059575454585859585a6368696354
5d5f6265636363626161615e61636360
5a5855535156544b4b413f454c4e535c
695f5f5a50575f615e606160615f5b5b
7a7b797b7e7e7a7977777a7b7c7e7d7a
696c7e7d7b7c788080807f7d797b7d7e
6e6767676a686a767675737573747a72
6b6a6b6a657177777877767575787770
7276787873696e717273726d6c66686c
71666c71736d666a686b6e726e6e7470
7c7d7a7a79797d7c83837e7e7b7a7875
7b7d756c7e7b7c78777677777d7e7b7c
49555559575656565454595c6273767a
5952535154504d474a4c52535551534e
53515784817e7c7f84817c6d6862615f
6a6662514c48545e64656a6b5f5c5058
463f404b4f525567637674767a736a73
4453545e6567655a57525350504e4643
3c3c3b3b3b4849484848494a4a4a4a4b
4040413c3d4a4a4747474342484c4b41
6b6a5844413f3f43433e403c3e3f4445
6d7174746f6a6d6d7372757676797574
413e423e433f3737373e3c3f404d5762
4c4c4b3c3d403a3f4841454a4a4c4c45
47434248484751514c504f51584e4142
4f49464847414e51504e4c494a4a4849
484f4c4948494d4e4a47515151524851
494742474742404f4f504e4f4d454444
3d3f404445434643474b4d4f46454b49
49484542403e464846474340403f4140
555c5c5a5b5956534f50474d46494344
4e5352514d423e343a2f444d55575551
635b57555555575657585a5f67615550
4c5d6261616363646462626364636363
5a5a5a585a5a5650504a45474d504841
64695f5b544e5c5b5d60616264625a5d
7f7f7f807f7f7c79787b7a7a7c7e7a77
7072828181817b81828381817f7f7f80
6e6a6b696a697376767474747575786f
6968686a7375736e7177767473716e6e
727374746a68717171716a6c6b6e7070
6b6e6771726f6669696665696f6d7066
7b7b7a7d7b80807f837d7f7b7a7c7973
7c7c78707d7b807a7a78787a7c7a787c
4d535959595757545454575a62747978
585b564f484a4a4a4e51515456554d47
585b798c877b7899788d6d64615d474a
5b5857514b55575f656b5f6c61595b52
49433e4b4f555256757a797b75797467
4d4f55555d625e5953504a4f4a434446
423f3c3b4346474847494a4b4a4a494b
423d3a3b3b3a47464644433f464c4446
68575a44413e383c3b3b403f41444543
6c72757472706f6c74736c7679787470
413f3f3e3b41363e3f42423f424c5258
4e5248393f4140484a434149494a4a3f
474848474441454c4f4f4d504c4b4444
4f4c4947434450515251504c4a4a4b49
4c4e4b4a494c4f504e4f4f4e504f4b49
47403f444741414c504f4e4e4c414143
484b474440424444444b4d4b414c4b4a
46463d3a3b3c3c484949494844454342
595b5c5d5a5a585652504d514d464b4b
4e5042484a47403a3c3f4553514f5150
5a504e4e4f5053544c56575754524e4d
4a4d4d50505555595c5c595764636162
5b59605a615c5953524d46434d4e4949
706a52565a5b5a595b5f6161615f5d5c
7579727473717b7a7a787c7b7b7b7c77
7473828384837f7e828482838181827f
6f6c6f70716c696a6673747372737674
6c6766717474716e6e7573737271726f
727175736b67696d716a6a6f6d676f71
6d6e6c6b6e6f686a696a6d63666e646d
7b778284828082808178787b746f7470
7b77707172797e827f7d7f7e7b7b777d
4a545356565857565554555e6a717676
51575a524c4c4e54565657525355504e
62696d728a787a7468656a695b564a4d
66635a565658584e4f67676460635c59
484b4d55504f4d5058777a7b6873736c
4a4953595e5d5e59524c534f49434744
41453d414845464543424a4a494a4b4a
4544433e3b3b3a3b3935363238494a42
6a6f4b48453c3d39393a41403e404442
676f7575736d6d6c6b6869757778736f
42443f3c424543444444423d49505a60
4c4847434544454841473f484a45403e
4d4c4c4748494f4f4f444e4c3e444646
4849494846505051525250424a4a4a48
4450484b4c4c4e494a4e504f4d4f4f4f
4c4d4c49444c545451474e4f4c44434c
4848433e3b4245434b4a4b4d4c4c4b4a
47403b393538444b4c4b4d4e4d494545
5b53585d5c5a555552485555504d4845
515043484a47423d3f40464e4850525a
564f4f4f4f4e4d505453555645535351
4a4e4f5353545858565a565c64616260
58595a605d5c5856464f41454f4a4b49
72655c5a5b5956585b60605f5e5d5a59
7374757575767b7a77797b7a7a7b7f7a
7576787370727171828381817a7f7f76
6c69696a6d6a6a6b7176747471737778
6e6d7068716e6b6e6f77797572757370
75747473727070707273737271706e71
706f6f72706d696a6f72716f6d6f6874
7b81868784827b7f7b79787b746e6e71
7b72706f747b7c7e767580807f7b787e
515a565555555757575656636b70767c
585d5d58524d5050585756575757504e
6f7273868470766a66646a696758414e
6b635857575757625d59655d61686260
4c4d4b4f54534e566e737c7c7a797370
474953585c5d5d5a504c514e4249494a
4b494641464745444243494d4c4c4a4c
464746423d3b3a3b3c3a38363e4a3b43
676b55463e3e3d3d3e42434240424346
6b6f7475736a6a6d6a6f747577777370
43474442454443424343413d48465469
4c464445443f41464645464944403e3d
545b5b564c4c504f4a41444f43443e3c
505155504b4d505151514f4b4b4d514f
4753514a4b414749504f4b4a4e4e4f52
494f4e494b50524c48414b4d4c484d46
504f4242444a484c504e4d474b4c4b49
4c464445484a4a4e4a4b4e5052504c47
524e54505d5a555251535b5856545350
585552514a4847373a403d4650525755
55525351514b4c525755565653595756
565b5f5f606162605c5b5c6465616160
5860655f5e5c55535951424850474e51
6e696051564e4b524f4a51505c5a5858
77757575757a7e7c7c7c77797a7c8079
7a7b7c7e7f7e7e8080827e7c7b7d7978
6c6b6c6d6f6c6a6d757574717372797a
6f6a66666f6e6b72767672737374716e
6e6e7374747271727474727173717171
71726f6c706e696e72737372706e6865
7c77878786837b7b7d7d7975716b7071
71707071757c7a7b78737d8082827e7e
55575655575959535857596167706a73
545f5e5b554c53535258595859564b53
68767a877b7f8e7d61646a6a6b5d4f51
6754575756445b536460615c5f65605b
57595e5f5e5d57585d71757b71726d68
4652595f5d5e5f5a55514e515052514d
4c46494747404143444544474e4d4d4a
454a48433c3c3b3d3e3e3d3b3a3c464b
586356403d42414245474543433f4644
6c6c6f727468696a666f717375736e6d
4147454445454342433f3f3b384a5c66
4b3e4647414142494847463941413f3f
4e4f524d4d4b50515151525d625a4e48
56615d5a5655514c4e5253565152484c
4f55504e52514f484f56555255505457
444e4e51504c5047484c54504b4c4f4c
514549484f534d4b4d4b4845504c4b45
51515151524e4b40414c5355504f5353
4f505c5e5e5b54565f5f605a52595654
595952504d4a4c474243474d55575857
655c555055534f54565558575a595b5c
5f6065606364656465666c6c6d636167
58626060625e5a5f5c574f4d46475156
726a5f50514a484652544e4659585657
7878767b797d807d787c77777a7b7e7a
767e7f7f807f7f7f807f7b797b787b7a
6c6c7074746e6e717575747373777574
6b696968686b68757574757273737070
727373747673737274767574746e7172
706d666c6c6c7172737373716d686661
7c7c7a8687847d7d7c7779766e697070
7a7471747a807b767474797f8283837e
56575858545859575559565d63726a6f
62605d59535054575958595959514f51
745e888b7c7e7d70525e616367675858
67535754554f595c5d585c615e64696b
565b5a5b626060535b6e736f74736a62
525453595c5e5b595752534e53565450
47464346424041434446484a504f4e4f
444449453f403f4241423f40403e4749
72635948433e43464747464143414540
6a6e6a6f6c6d6d706f74726d70736f65
4643444245454343423f363042435866
48474a49464343494645433f433e3e3f
59586b6a655e66676769697070605651
65655f5c5a5e5a545756616b6059535d
4e504e4c4e4f504c504b4d5655595e68
4f464f5a5a504851585a555551534b4a
4b4f5a56515c5b5a5e57565253544849
555a5d5d5954515259595a585a5b5c59
585c515e615b5f62667360545958585a
615a50595b5c5c5b523b4c535b5d5b5d
6a5e59524e4c5b595a56595c61635f61
6465566768636e5d686b61676676655e
615f6162626063625b5654515555595e
70685e58575454545d5c564e5258585f
7b787675747c7d7b787b79797a798174
746f747b737c7a7c7a7d797e7f7c7b7a
7373746a6a7473737172706b71707673
706e6d6a746c6a737573737571736970
7271727272727272757777766f687571
6e706f6c6b6972727271707168616163
787f7d7d8686847d76777674746f7171
706b6c6b7d8082796b747b8383807e7a
54514f55575957555554595b5e6b696d
6c5f59524e4e545a58595455564f4d50
6361897e7c81906b60636563616e6c69
61515852524e515d5e5f5c636b66686f
5a595c5a585b5a595f6b6a7069686861
49545a5a58585e595855464b57565358
49484a4844413d43434a4f4e4e4e514f
49484643433e44484744433e3e45474a
6a615b424444423e4243454143424648
6b6f666f71676568686f7170736e6c63
45433d3e4643453e3739383844465669
423b45443d3d3c3c3b45423d3d394147
837e7c817d7c817d7a8889837066646d
6a686362646f6c625a727b79696c6e74
5960585c635a5b595561676565676e6e
5c636669665d54525c5f56625a5f6256
585a625d5f61605e61625d5c58565054
56666967615b5b596060605f6161605a
5f5f5a63615d606261625f617058605b
575d5b4c635f5a644e585e6661625c62
705e62576263625e606a5f6163666562
5558585d61655c585e61616368676f75
5f6063545d636761605f5d67605b5554
6f685f5d5b56514d4e4649625d5b5a5e
6b6a6d70727c7e7d7e7b7879797a8176
74787d7c747575817a7a7878797c796f
74756f6c6f6e757473706e6f756b6d6f
70726d6a726b66706e67756e7771756b
7070717172727272706d6c6d67676c76
6f71706e6c686570717170716c626668
7c7e817d878685787c7c79707a737071
78736f71747369726670658480807f7e
575657575654555555545c5c5f686d72
695c54564d54525b56524d4c51515150
6d6587807a867466616169686b6b6c6f
615a5150504e585c5a575b6561696973
5a5a6067645a5b6058686d706b61615b
51575a5b5a5d5c5a5a50484e56555758
4b494a49433c3c4a494c50504f4e5251
4a4a48454243454a4a48443e4147434c
75685c4d4b4744444646474748484a4a
6c6d6c6c706c6a6b6c6e6f7075726c71
4442423d41423e42413e393846475969
4344424848484947483f3a3f3c3a4346
7d787876797777777885847374696465
76726d6b6a68664e686f727272747b80
6d6c72726a6c7074797b78726f687477
68676981796963646860626468666a6f
566160666b6d6c6b656e6a6762615f63
5655576b6b6a69686767666554675b5a
6862636a6769747a6d6b66626a676352
6e696965666960605866656761646a6b
6e59626b6f70706b6b686768696c6a6b
605f5e5e69675b595a686a6e73737762
67686665626a6a64656268675c5e6565
6f6b6464635d53525d5f5972665e5c5c
67676568737b7e7e7e7a797c7c7d7b7a
7783857d78767a7d7b7876767877706c
7c79757374716d6b716f6d737c7b6c74
737b797c707173797978716c757c7c7c
7172767576747072716f6b6c6f727578
71736f68696a6c6f7067667271656666
7c777a7d82867d797b7b6f7677747270
7e746d737a746f6b66717b827f7e8180
4a4f58585856565756565a525f68737a
5c5b5c5b5c5b5b5b5752505151525251
7e8b897d736d61676a6a5b75756f645c
58525350535056544d5a596b5f6a686f
5953597268625b58566763656b5f635a
57595c5d5a5b5458564b4b4f56575a59
43444c4b49494a4b4d5050534e4f5453
4b4b483d42433f484348433f3f414745
5d5461524c484747484747474848484a
6b6b7072726a65605b5f616d72746a64
4545423f403e454544423d3c48475766
47464a4a4a4a4a49483c3c3f3c454347
7b73767676847d7a7a7f9584786f6970
7b6a687a706e6966666862717566687b
797a797978777a7e827b71636571747e
747c7c7e8276686f7c6e716f77777778
6464676b7172706d6a7775686967646d
605f6a6b6c6c6d6c5a6a6a67686a6664
5e63696f7272706b726f675c5f666461
7b726c6a6a6863516a6a6566666b716e
72757174807f7b6e5e6e6f6f6f6f7076
76727072747065656f7977757e7b7574
706f69646a6f666b62726368676d7776
716b666863615e5c656b7b7672676365
6869636d727f7d7c7f7a7779797b7b80
7b878a817a88837c7c77777d7874766b
7e7c7b78777472706e6b7177737b7472
7d7e81837b797b7d807876787b74807e
767777757a797571727276747577777e
6f716f6b6d6d6c6d67696c7572697168
777d838377768281807c72736c757270
796d6366667162696a6f73777f7b787d
57575c5d595457555a5a5c585f72767d
605c62605f5d5c554c51514d55595b5a
718f87816f64656b6b70767b795e6f63
4f545256524d4f545654596d5f695e6d
555e5a606a66585c525f636465666254
5a5b5d5e60645c5c554f4d50585a5b59
484a4d4d4b49474b4e5052515150514f
4a4c4c4147484b454b46464345404a48
6b626453444545394247474a46484a49
6a7071726e6a645c59676c6d73736b62
46453f4144464645413c35374c4c5666
4848464c4c4c4b4947403e3e45464046
84838177869593897d7f89857b758284
6b696d7a756a6a6e685e5b6565688184
7b7d8081808c8e868380776d7371696e
797b80868b7c6b6c6e6f727172737275
696a6a6c747e7c7a8a836f73767e8072
5a5e6460696a6d66526064626566526f
6c7162766f6c6c686f6a65625561686b
6d6b6b696a68697376716f696f6e7672
877d6d6f75716f6c696a6e7477797972
7b797271717068686e69777473727775
645769616669656273635e636d748179
706d6a6d61645e5b64747c7b716a5a5a
5d5d646a73787b7b7e79766f77777a73
8b8f777b807e797f7a7675716e6f6662
7d7d7d7a757674706f6e71787572747c
757a6e6a6a6f6f737a7d787a7c867f7e
717171746f756f6d76746f74777d7976
6d6f706e7171706c6e717777696a7272
7a868886857b7c80817a79717c78746e
7b765b65736f736e696c7882807d757b
5e5a5e5c5f5757565e636262686b767e
65696865635b5b5c56505556595c6061
748385788777686d6e73797d77736d6c
56585e594f4c555d5459656c70656867
525a5f535b675d59596067686e70655a
5b575f5e69695f5a5753595e5c5b5158
49504f4f5051544e4a5155525050595b
474b4c574c474e4b4740454a46454746
6d5e564846473e3f4445464448494a3e
6a696c676c6b66625c5d677172716e6a
4544384240474745423d3c3b323e5767
4b4c4d4b4c4c4a4948433e3c46464847
8b6846546e91868685928f8575726b65
675a697c7f6d60686a6d73767d848e8e
7a766c6d727671677e585a6b6d626a63
6e646e77717a716d797a7f6e77786e6d
6b6b6b6b6e78767e828489666a727774
6b64616161686d6266676866686b706c
6b7072726b6b7276756c6f636566686e
7376777169687c7d8486696a7f797065
64775d5d6c74777373777d8082827a70
8784817f6c63606a6c6b6d6f6d717979
5b576a5b676b6a676b66656a73628186
787567665e656a72777c757478776c66
5c595c637277787c82786f6e72758278
7874797d79766e6d767474736d696761
7b7776787b7976717372696c6d7b7f74
666e716f6f6f6f71727c807b7879918a
716f7178787a736e7676716b75746764
7472716e6e71717168717c7b747b7772
7887928a847e8285827979757d797876
7d7369746d6c737271717c84847e7a7d
63636061635c5e6165676562636a767f
6d6c696865585b5b52595a5d5e676964
767e70757a746c6c6f757b7879736f69
5956555b545160585b5b666d716b6b6b
545b5b66595e645c69746e676b73665c
525a5e5f61645f524e4e4e665e59585a
4d52525350565458585d585555585f5e
3c46464847474c403e43464a4e454548
7060574f49484c4c4c484b464243453b
7171706e746a60584f515e647073746c
4542464546494642403f40423c435768
4c4c4c4745424d4b40403c4647484a47
6f6772716669686a67746a5c5453382e
5c62666b795f5b66715b868382827f76
6464696a68757f8b8c887d6e6869776e
807b79474b556b7b788e8f877c766e75
5a5a5a5e6c6e6f777a6f534244556b6d
6c686d75716160666b717663615e5d5b
5c696a6f727980766e66685461696f6d
70696561626068717874696566655046
5e68716c5d7a7c78767676736c747d83
7877797b706166787a747a7d7278746d
5f5a736e75776e6f747a77727c8b7c7b
7d726c635f5f6f638e816d7c7f82786b
5e5e606c6c676f7d756c6e6d6e727e76
798180807a747175726f727470716b65
7d7d797978808282766e606562707e6d
71706f706e6e6e6f6d888578817e846f
6b6b727474797069665f5c6263696571
777764696a6f71726f747a7b6e717672
77858978828484847b6b6c7576756d6f
79787374696472726c77828183807e7e
65656465676666676969636364697783
706d696a67646364606560606c716c68
74706d7077766e6b6b656969706d6e6d
605a555c5864595e5958576b72706a6d
5c6169645b706d6a676f6b6e756e6b60
545b5c5e656a6556595a5b58515d5d5e
575757575a5b5b5a5f6765645c616663
464e48484a5251423e45424137414a54
6f635c5951575f605a5a4f505a4f4745
6b756c6b716b605b5d68676270737567
43464a45494c4c4e4b49494a4d526068
464e4d4d5347514c4443474645464847
373c42575c60686a5f48453c2f311a1a
6b5c57615a4f494e5f60746b44614c45
56615d637c849d8175884e685f606c64
70595a5a5a60795a66828873524f5365
4747474a58676b6e5d493535354b6163
5f6e73676457586367604d4344454747
565968696f736c5a534b4d455c666453
66636560565558657376745b58493e3b
4f505757616d6c71676f695c6356726c
6b5c6464585a6353617378766d60605b
5e6d756f6d6d6c5e606b62516273746a
756b65696563625b6069706473606565
6063666b6e6b626068646d6b72747173
73737189736b6b73706c6a685b595a57
78797a7b797d7a7876685e646a6d7470
6f706f6b6b6c6e6f6d7078787f898278
676f7272767a766f716667666a67636c
7069656564647373747a7273706a6c68
788a8882777f7b7d72686b6a7776686a
7778746e71737170737b7d7978767e7c
6867656362626160666666666873777b
6f6c6d6b676a6766666664686b6b6b6a
6c6a6f6e72736d6d6d67676971706c6e
5959595c666363615e5e545a7476716b
62675b6d6c6c6766696c6f6a7c7b6c66
5f64605e636a696662605f5f5c5b6161
5a5e5c575c646161656b666066646664
5d5e5d5c51555a58544e3f3c354c5557
6562665069684d63625d6369645e5557
686b6c736a626162576367666a727269
48494e555556594d4d53503a5157646e
42454446545b514b494647474c4f504a
2f30373841465334334a3a3c39342529
4e494444464850585960354f31303a36
58575c54656b797c6338474344585247
3f3d373a3d392f2b2d62664239303662
3d3c3a3f5b564b4a453b3a4345403c3b
6c556f637049474f4d493c4a3d3e3f3e
3940455054514d473c373d2f4f535761
5a554a454041484c515551563a383636
4e42464643434545514736443646545a
5f664d454c505354805b4d5b554d4a51
534e554e4742465053596765736c6e63
5656553a364349494b4c4b3c41444946
535356584f524e5255595a5658605e50
61615a844d4d4b4c524e464037415246
57685c787274636254585639504f6563
6e6a6c71747674747375788288807d7d
6d7275777c8181796c6661666c6d6e73
6c6e696969686468707e6c7077736b71
807f86807a777478736d6b6e6b736e6f
71767f7d737976747e7f767a7e7b7c7b
676665656f655a5d5d6a6d696471706d
6f6f7074737276736f7073716c6c6969
70696a666a6a686c6f696971766b6c6e
5757585a616466646567606376766f67
57665c716c6a6461636768696f7d5d5b
62625d5d5e5f6365625f64645d5c5e64
5e6165666767676463696d625f5e605b
6a696969575d5f5f605b5a565350515b
6668696a686464645b63656665645f67
6a686a6e646a616263605c6568666b69
50505f5f5d5b655a575353454f5d5c6c
56524e48505d5651515050535551554f
3e3e3b3b3c3c3e3b3f40393838353030
42443d453c3c403f3d3c3a3b3e433936
4139403d4b3f49474b413c423f453f40
3f3a3a35383b39312b463f41393a373b
403e3b3b3d404040443c3e484b41405b
4c4c4f59584e4d4e4b4640403b404140
32323b4445453a45443e3f393b40464a
38362c292928403d414a45403b3c3b3b
3d3b3b38343131313733323333414136
393b454343484a43403b3c464247464a
3b3c3d403a36383b42483b45413e3a3a
453b43352b38393d3c3e3b30422f2a39
464646423a3c3d3e4544414142464544
4041423d3b3d42474a443c46484a473b
45514f3f393940433f3c3f4448434343
745e676f72716e6f726e765f6a8b7c52
5d655e4d6b726b6057464b4c5559564c
74776d5b5e5c63696d6a686361595751
858683817d7c78746a62656a686a6d71
717265665e5f5d62716e6f6f79747575
66676a77725f5d5d6a747364676a6d65
6f72817f7f6f6f6f69697a6d726c6b68
676c6665656566696a696b6d73747970
745756615c5e61635d626d747a766c66
625d686868676161676e6b696d715e63
5d5a5c5b5d5d64655f61626667655f62
69696464696666646a69666b6a665e5a
6b6b6e70736863626364646457555463
6c6c6b6b676667676962656f6f6e6d6c
75726b65626c645d605a5e626c627065
55595a606151545d58575856595a666d
695d585660635d5a59585859595a5958
3e3f3f403f3e3e43423d3b413a362f32
46444644444045463f3c404242413f3c
41444545444a4f544f4a5551544e4846
42403b3e3e3c3b372d30303336423f44
423a383c41423c4343424853504e4948
41464c505154555654504a4648484543
3e453c3b3a424d4b40383b3c3f3f4040
3a39363d382c48454346423c3b3b3c3c
4a4a42403f3f3b353837393a3a3b383a
4145494a47494a4a3d44403f434c4a4b
34352b2c30332f35393837353232353e
413c413a3d363f413b37373646332b32
3e3d3c3c414040414b43394041434a4a
4143484c4951545855544d555554413c
43413f41474b484d4c4040474d4b453d
6e6b695e4d4f4b4b4a585e697f685446
464c4340414a494340464c4c4a455866
68554545333e494a474849454e523732
79757d8d83786d665755486070736667
6652383a404150536068695e7269757e
656d6c766e6c6363707264524d54534d
6c6b666c625c60676d63686e75766e68
676b6863606a5e57545664656a66676c
64605b5955514f55505a666c65716a5e
655b5f6f63635a6d6a68656774656267
595b575554545b5c5c62625660445c6b
69686e70726f6b6e6e6b73796b645b58
6e75757c80756e6e6e736f6a6a69686b
66676765625e5e6872667173756c6c6b
5f76766964706a645c5c5f6866736b67
5c5e626465635c5c5b56545959636b6b
6d6868656969635f5e5d5c5c5b58545a
3a3f42434040474947474747423a3332
4a4948494e474445453f3e4646493f42
4f4d4e4e5053565a5b5d5c5b5a544e4a
4c4941403e3e3b39383535363a494b4e
3f3f4143403c3a3d49434f5b55514c4c
34374f52555858595855504c4c474343
423e464e4c474d493e383b3f3f3f403f
3b3c3a3c363943454340444441414141
48494243484340414140403f433e3c3c
36463635364845302e42454a4a4f4e4d
33343335393c4243433f383534363031
4844433c363b3b2f2e34323032322c2e
41434b504f52545558524f4e464c4d45
3b45484d575d5d60605d59555a57524c
454647484a4c4f504d4e4b5659565247
3252534a454a48424747383b3f724b46
4c524c4a4947403f44565a564f514c41
4c41382c2d30303037484c4f4d444747
4d507e7273705c554543434f585e5541
544b4b494d52514f5152535f625a5755
66665f615962676868664f464b425466
6b6763616261646061636b725a526f68
4c4b4c505453413c3a474f595b57676c
4042454c4f4c4e4443484b484a515551
4b555e67605965535f5d635d5b443d3f
5f6749544b545753595e5f5f62454c4e
766367696d71716464615f5f615b5759
716d63636b5b4e525c6262646a64657a
63625d5e59566169706e74736d69676b
70756c6c6c6766646163636c77765c56
5f5d575a5c5f5e605757565a6b676a6b
6e7f7a78746f685a56575b5c635d595a
454444434343494a49484946413f3738
4a484143424540474a494b4d49454345
50515151525356595e6f625a59534546
4a464542403c3d3d3d3d3e404a4b4e4f
4444434242414344484c535a5b56584d
3e3835415758595959564f4849464545
424951544852514c45414141403c3c3d
433e4445443f3a4445464342443f4245
4e48403f4042413e3f3f464444433f42
424647434b4b4a464150525255544f4f
33353c3e3e3f4040424140404b3e373b
6760534b42433d3b38363635332e2e2d
5b5b5a5a5e4f4e6d696766595258645e
4b4f5458615f5c61625e605f64575f5b
51504f5051535653504d57605f595653
4a4c4e5053524f4c4f4c464746565352
4e5756565455514f52515b5a5753493a
3a43423832344d505756514f46484c4d
4243604f4741454d514f57534b46403c
494d515051504f4c433d404b50504a46
615c57455f6a797c6e43413e3c514b4a
696662605e5f5553574d4c4b3e4a6f69
4f45423d414a403c484e534f565a676b
3237383c413e3535363c3d3836414b4c
4249504e50524f534e565755493a2738
4d4442414143434548494e4e4945403c
58615d5f636c617672576869766e395e
5b58493e3b383535302e5c3b3b564e5a
4c4d4b474740494c5e5d655c5f625d5f
576566685f595e5d5e5951475e5a5353
5c635f5c605f58575d54625d6b666c63
605f7170706e69655b565c6564605d5e
474644444344454749494845433f3739
4945494a4a4942494d474b48484a4444
5050515153535558606a5e6c574c4848
4d504f4b45403e3d3e3d3d444450514f
4a474442424748494c4f545b5c5c5956
3f3e3f465758595958514a49483b4443
464d555c5b575750484141403b3a3b3c
41404248464545464646424245404344
544d45444347464443423f4644444541
504e4f50535452524c54595a5b535455
39383c3f4142423f443f3841444b4836
5355515246413d3a3a36353331343435
6361606066666979665f726559646747
5d5c575b686c6a6769626b6b696b6c65
5a59575751555d5d595d6367665e5c54
5858585d5c56585b5a585b595c5e5c5b
585b5a565658595a5c595e605c523f54
4a4d504c4b45535656534d4741454d4e
595e5a504e535d5e5c57585850453e47
5a5f655c5f605c4c4b484b505e5c5559
5b48555647475e424544433d3d425753
67625c5a5650484b4c4b484143474b5e
54534a4b4b4e51504f534f564a493d6a
3f3f42413f39392e313a333d4a504e52
3d40433d30334c493c50474c49464747
4645454443444444423f403f3d3d3d3d
3c3e495050565e5359515b734e4b3e41
473c31313e3c3a3b3339393a374e4640
2e3f3b3832393839373d553d35454547
51474f4f4f4e5050443e3c3d3f474430
5a5a5b585750504e50566051575a5758
5047393a40544a3e3c4b515552565757
4a4949474746464745454545433c3739
4547494c4b4b484a4748474646464d4c
4c46475253545455595953674847403c
4e52504d45403e3d3e3f3e484b4d4d4f
41454346484848494c5155585a58534f
414744474d4a4c53514c4a4e4b404843
4854595b555755504947444440383939
3b3f4745444247444644444148444543
56544d48494b4c434245454546474644
5d59595b5b5e5a5a5a5c5c5e5c5c5b56
3f4043454645423b4538393845465059
6360564f45413b393836353333322b35
656462605c626f7d665b555e5f62606d
6e6b656f747371716c6e6f7167667971
6362605a5f62646466676b6a67635d6a
616264646565605e5e64686767676564
555757575a5c5e60625e5e61645d5a5d
535e625c5e615e595e604e4d5c604c4e
5c605b5357626667635a595a5a4a4e56
6c727a666c686461625f60605d5a585f
4e51504d4c49474c4e4c4a494a596266
434c4b483a44434442474b4c4a4d4c4b
575354565655504e4d4f585b523e3f44
4a4745373f38383b3f4b52575f5b5655
4138383c433f414d4e4e4e4d48464e4f
4c3e3d3f434949494947403e3d464442
38323a3a433e3d49444a3d584d40484b
3f3a333f3c3e443d37363c433d333636
303334363833363634363e383b3b2e2c
44434a4948484542423f393c3b403d33
4541404045473e453138413e45434c4d
3b433c3d3c423f3c3a40424a433d4041
484a4948474648494847443e3e3c3839
4746484d4c48494a474a4745464c504c
4e525455595b54545352514e47403e3b
4e4c504d47423f3d424444484c4d4d50
4444444848494b4d4e525658584e554f
4749484b4d49495556534f4f4d4d4844
4651596764595c4e4948424345434445
444543363644434448453c3b453a3840
5c5b55504c5049464b4747474848423e
5c5e6061626462615e5e5e60585f5e5d
3f4346464746424242474246534d5540
6c67574d46473c36343435332f343534
6362625f5c666f7d6e72666065697078
666a6f737372717477717174706f6c67
66666461585b6161646565636c626865
656667656163646464675e6061656867
61626267695d6c6d62606065605d6262
6768555668606a676264675365666764
6369645a60707470747d62645d575b5b
68696d78726b686966686060625c5b65
504e504e484f4d4f4b4f51525f4f5f62
48413f4845454945484b4d5054545a5f
59585a5a605754585d5958554e45503d
4b464a4a4441494e617080867063675b
4240424a5053595c59595857504b4650
3e403d413d443c433d423d42474a4c4b
372e363b4245424a47454a494f473636
323d3c3e4448463d3f43404338383435
353735383c3642403c38323b403c3332
4e40585053504a473e38413f413f3b37
3738353d363230314346464a45444a47
4c4a4b4a4b473f39373838373d3f3f39
43444245434143433c3e3e433d3f3a3a
464545423d3e3e3d3e4644474a4b4743
5050535056535453514f4c48433f3a3f
5151514844414345464646463d3e4e4f
434048494a434651534c575856515853
4a4c4e4c4d4c53595e584f50504c4546
4f474e525255514d4a4236444d4d4c4b
3b3f3c3744454142443a4440423a3846
5d5c58524e4c4b4846433f4c494a4745
5f5f5f5e5d5b5c54635f61626361605e
434447474947423f4149494d4e53555a
706e594b50444138322e302f32343435
6161625a5e686e72666c616366696c78
6c6c727172746e7374776e6f70706a69
66666263646265676a6d6d6b6e625f6a
68696a6c6a6868696b676568676d7170
6463686d70726667676663666764666a
69515c686b6a6369676767686b6b7366
64646363697e8a7d797d6a6564606066
626a6e6d6b69696b7173747387626464
5451454e50524b4e50504f6c63525863
49484746474a4b474b4b4e5056575252
615b5c5d60615f615d5e5f6858555349
47474c504140515e738a9a9c8471797d
4b474a4a4c5b62706362675f57544e48
474a4e4d4c4e464544464d544e4e4d4c
38393d3b474e4a59425754504f4c4a47
3d42454342464745443d3f373b373733
383b3a3c3f3f424242404041423e3a3c
4c4e526062604e463f39413e41404035
3c3c393a2c2b3d3b3c403d49484c4844
373c3e3d48454040403c3e3d3e3e3d40
434847474543434446423838413f3b39
413d443d3e41403d3939464849474444
484956564c4e50514b48473e39384245
4d4e504a4c45373a393c3c3b3d3d4b47
46454848443e4e504f5054505956524b
4b475051515456575d4c45474e494448
50484f524e5e5b4d4a47484d513f544e
48474645433943443f433e42413f464f
5e5a5a58534a4c504c49504b4a4b4942
6d65645f5f6158595d6364645f62645e
454649474743433e47494c5046676a6a
747163514e483a3228272a323635353f
615b4e575d6f6c6a6b6a636261656b76
6970707171716e646c6f6f6f6c6d6668
69696467686866727a76616a67686068
6d6e70706e69686d6f6d6f6f6e6e6d6c
666767696d6e6e706e6b6c6a666d6e71
5a5a656e6c6965696b6d6d706e676564
7878747f807c877c72736d6c69656165
64696b6b6b6b746d71706f6c6c6c6f79
5352515451504f524f4c5a5462595f6a
4d4d4a484a4b4b4c4952525858575753
5c5c5d5e626362615b5d606762625b52
4f4f53534a53656f78857a8e6e6b7565
4e4b4f4f4f61546961626e605b55554f
4445575b56524a4d48505559574e504e
36323e4248565658565a625b53524e48
5340484a4d4f51504d3f3c443d3a3c39
4442403e41444648484b494548414343
4f545556535950484643434744434341
423e40423e3945444145484b3b545453
3c443c434a363f404241444040424140
45443d4546433c3f45484741383d3a37
413839393d3c3b3a4347484645454545
484c55514a4d4d4c4947433a38404245
53545451504644453c3b3b3b424a4b4a
47444847464745484652585a5855504f
4d4e5051514e48554b4744414a484848
4d52514e4e56544f4c4b4b5152564652
494a494442433f403d47484546474d4f
5e5d5b59554f4f4d5251504f4a4d4c42
66606061646461606264615f5d5b625f
48484c4b4946444c4e4f4f4c405b6763
776b605b504839342c252e3534363943
5850545c595f686966656162696a6b70
6f706e6d6e6a6f6e716f716b6f675d54
6c6a6c71706e6f74726e6c676867686b
6f6f6e6d6b6b6b70706f726e67646f6c
6a68686a6f71726f6f6a6a696a6d6e6f
60606c6f6d686a6d6e7071716d676a55
77787d7f827d8980736f6c6d69666560
777675736e6e6d787070717171727676
56555451535453524e5158595b646670
4f4f4d4a49494c4c4d50535859575856
5c5c5c5e646764615e63616666615351
4f584d535b63717a7f8580786f706560
4d4c4e4f55626c69686f695b5b5e5c57
4f4b565757584f4e48555f624c4b4f4d
3a383c444d4a4f54545056535455514e
41454c51535452514d453d3a46403d33
33383a3e41454647484f474845474745
5d5f5c5a605651464c4a54514e4b4835
4441373838393937344c505052555553
4c4741434543423f4341434643444445
45413e4447423d3e444947413c3d3937
423636353b39393a4042423d39464647
4e4f454f4a4b4d4c3e45413f3f393a46
575456575648413b3e3c3c3d464a4d4b
48434549494a4a4648575a5b54585055
5050514f504c4e534d473c4848484749
5355555654504f4c4b4f505348474d53
3f4645423d43403c3c3f4748463d4e46
5f5a5c5a5b58585650545651514f4342
635e60646564655b68675c5f5f625e60
484d4d494c444e4f5151494d616e6b6a
696b605b52463e38312e343435373b44
4c4a5657545c6365605e625a666a646e
6f70756a6e6b68737276736369655e5a
70707071716e70716963585768696e6d
726f6c6c6d6e6f7372726f6d6968706e
6f6d6e6f7071716e6b6e6964676e7373
6b6d6f6f676a6a6b686a6d6f6b676e70
77797a7a7d82837876716a68666b6a63
6f6f7171707174757783807c7a7a7a7a
685854565352504c4d50545a5c696c6f
4c5048474a4a494c514c525658565a62
615c5d5f656968655e5f63605d5d544c
5653555b626b7a847f8883726f61675d
4c4a4d5257736f7068605b5c60625f5d
4f4a545550595656505d736c5455504d
36383e474c4e52524e4b505353525153
464d4f5254545753524f4d3f36353737
3c39393e393d464650544e4f47484748
62626d6c69615b555557575146544338
434142403e444540454754575b505761
4b484646454344444547454342474643
474443494846433b3d4846433f433836
3e353236373a3d444545413d3e484848
50514c504e4d4d494642413e433a3943
46516d55514a3a3839354143434a4e4d
424345494b4c5150575b5e60595a5756
5150524a4b454e584f46464347474647
56585851524d4c4d4c4f55523f505452
434a4647464a4a3e3f4a4c4946434443
5e5c565a5359584e4b59585656554c47
645f6061616566616b645e5d6160605f
524d4e504e494d525558595f6568625c
686b5a4e4e50413a323937353536324c
4d4b52515458626357585b5c67686868
726d6d6967686f7375756c686a585b53
7270716f7271706c696761626d6e7272
72706e6d626f717576726e6d6e6d6c71
667077827c7d756e70716d686b6f7466
706e63656f696c6e6a6e6f706f6e6865
79797c78817d737a73716d6d676d6c6a
6d70707071717477817f7d7a78787878
5c5455584d52504b4b4b585b6a6b6f6e
49473e3d4b4b4c4c504a5456564e565e
5b5e6162676b6766625e625b5d5e5446
60535952576e728a87718c816367655c
494d525a7576606569605f6063636564
4c505753575a5c5e5e6069665a56514c
373a3e444a4d4e504f4a49514f4d4e51
434a4f4e5253564657555046463a3b36
3835342f33383f47525559504f4a4a41
6668706a6a665a595b5a595149463a3b
4445434040424344484c4a5254555a61
4b49474746464546464646413d494746
464242403e3d433c3b3948443a3c3738
4240414343413f3c3e403c4344434849
525049514e4d4d4a4846433f463e3938
525e674c4d48423c3b41404041494c4f
47454b404f51575a5663635e625b5856
5351504c43465b645b4e484445464643
505356494c4d515450524d52504d5a55
4f4d4643454d45464e5a564a4740484b
5e5d5f5e56595957595959595957524f
5d5a58606662685f5f69686363605f5d
5751504e49494f5d5a5c5d586061605c
61615b57574c473a3d3733353234324f
534e4c4747494d534f43445865656662
6e6e716e6b6c6e736f6b615757615c5a
737272727473716e6c696568696f7170
67666a707273737474727172706e7173
6f7276777676756f69716a6d6f716f6c
6f6b69656f6666686b6f71746e6c6a6c
7c7d7c7b7b7d777b74716c706f6e6a6d
6e6e6e6f6f70747678787b7878797878
5c5f615d57544f4d4c515a60736f6f6e
4d433b464f4e4c4c5251565959476c62
5a5d61666769696a6667646168554f50
645d5550595f79878c8583825f616155
4d515a5b756e6e656561606168696766
5255575454585e64696b7663514c5141
3b3a3e42484d4f4f4e494a4a494e4d52
4b4b4e52525d5c4d4d504a413e3c3a3e
36383a3f3e41495655555554514e534d
6769676761605a59676369534d463f3e
4243413f4243434245464b4c524f5a65
4b49484643423d424445454547474642
403a4246464137354049494536363536
4544454646453e4042393c3d46444641
4b51515149484b4c4c4a494544394444
56655953564d42363541403f44494b51
46444c525456555f5f6063615f555a55
5e4e4a48484d5a614b4e4a4946484647
53524f49484a5456514f465155535c5d
524d45465156514d575e574d47494c51
5f5d5f5d5c55585b5a5c595758565352
4e595d5f666767645d5d62635e5f5b5f
48494f53515562655c5e585d5d5a5b58
6460585358474b413e33363235343a3f
594f4d4a43453c3a475054545e626561
6d696f6d6d6c70746e686259605d605d
6f6b6c6d7373716c685c666371717370
706e7273767575767473726f6d737673
6f7475777675736d666c78717571706c
70726f6a656064696b737173726d6a6d
7b7b78797c797b7671717773716b6f6f
6e6c6c6e6e6f74767777777877726d7b
5c6d675f594e4d4d4d4a54676a6d6a6d
514f4c4b47474b4b5154585b5c667e56
5e6165666e6d6e6a676767666e614d4a
655c565054757681857b74605a635655
4d55605e686d69685e5c61676e706d68
5357585959555c67747270604c534f47
423c3f43484c4f4a4b4b4c4d544f4e51
55524f434565575c5c5a544d4c454144
3f3e3d41484b555c5755555752515457
69666563636163656657615e4e424137
3e3e3d3f3b3f42434345404b52535a68
4743434343414144454547474645423b
3b3c3b3a39363636454148463f383534
46464645443e434743403d3c413e393a
5453514f4b443d4f4c494642433f4646
5562615b59514539373f3f46474c5154
4948515556575c616161626258575b59
57504c474d5052554f4f4d4d49464849
535048434b52565655554d525d5f605e
4e494747454749535e5b57534e4d4951
5e58585b5c55535d5d595851585b4d55
3f4144555f706b64686567645d5d5f5e
494d4d4f545d706b6b615c5d5c56493f
63605b52586349473c33333138373d43
59534c4948454144434453585e636262
706a656264656a6e6c675c5b5f5b615d
706e696b74736e6d6a6b666f7474786f
73757474777c7c777272727177737773
6f7475757674756c6e7478797276756e
72756d6c6b6a6c7173707073716e6c6d
7c7b75737a7d7a736e6f737873706c70
6a6b6c6d6e6f74767776777875787c7b
6e74675f59554d49414e58636d6b696b
4c49464b49474b4e4c54575a606b8f65
6467676670706f6a696967646c605351
676564697c76767e7a7c726664645e59
52526865646f6b686160666e71726b69
52555d5959636b6e726f655e57534d4d
4744453b494c4850525252534d4c4c50
5b595344446a5b61615f5b545249464d
363643373f4e575c5b5b5b555555565a
6667626165636b6a686468645a484043
423f3f4140413d383b3f4447474e596c
4746433d42403c3b393a3d3b37444142
3e3c3a383536363d433c45453f373635
46454546443f3e484543413e403d3c3b
534b4a4f525256514c49474848484745
5b6052495c5243403d403e464d4f5355
464c4d4c5b5b5d60605c63605d585354
524e494e4d4e51505051514947434849
53504d464b5053575057535964646859
4d4e4947494a525d6a5d5c5758534b4b
5a56595d5c5855575c58535d5d525854
47494f5b61696e676a6664625c635f5c
57625658626866655e5c5d5e58544b42
63605a56555a4e483735332f37353a41
5b564d4a4b44454c4b4e5c5d5f636363
6d65676c6e6c6d6f686967666464615d
727170716f706d6769676d767472716e
73757676757875767472757778777875
73767875737375737575797c7c797574
72747070707575737473726e71707473
7c7b7878777c7a777571797979747172
686b716e6e6f7475767676777a6e697a
797b646259514b4b525b59606767595b
494748414947464a505657565c628d74
6366626a6d6f6e6e686e6a6e6b675852
686a6b74797888877b69665a615a6059
555a57646d645f6a6c62686d786d6862
5356585d615a7075776b625d554b4b4c
4d4b45434448515459656855574f4254
59514d44566462625c666c58524a3e4c
393a39384a515a5e5c5f5f5e534c6260
67585e636562636d6a6767536d5a4d49
423f3f3d3b3b383a3d3f3f424a525b67
4746444142403e3a393837373e444143
41423a3735383a3f3e3a444538383635
4344454543403d403d3e413e39393b3b
504f5354575c58524c47484b4a474040
5d5b5b5e5c5a4b3f3d3e3c4450565554
494b564f6061606161605d605d5a5752
5049464d504f4f4b4d4e4d494d45424a
51504c45475553555c575b646a636359
4d4c4d4b4c565b625d5f5b5c59524f53
5b5d5c5c5c5b5f5d59555552575d5c57
4a53576165706866666965555d605a5d
4850525b6c6a5d5f5c5c575c56525249
645d5e54585250443832303337363740
5a545a59534d4e555a5a5d5e5d626264
6c6a6a6f70716b706c69666a6a67625b
7a7776716f716e66666577777577716e
73736f707874777374737579787b7a7a
76746f6f6e7576757678797b7a787776
757876757472787376736f7574717576
6f6d6b71787a7b7a7377797a77726e72
667b7272706f74757675737b7c716d70
726c5e545a5a4d505d6b66666262666b
514b46434448494b4f53545c60656978
6668696e6e6e6f6f70676b6661675c52
676973847c8081727563615f585d5e60
4d564f4b50514b4d676065706a666061
564a575a5d6374756763595a52454a4c
45584b46444e54555c65675e5d535154
524b54505c6264666d676d624a505253
483f3a3a515a5b5c5946636160626260
5d5d5b625e6566666e68606574675c52
403f3d3c3d3d3a3b3b3e42444e525b5a
4645414043403b3a3a37373941444240
3a423937354342413d4045453a3b3637
44454647433c3d403f3e403b3a3a3f44
53504e5c5b4347484748494443414745
65605c64564d443e38403f4852525355
4f4b57596064636c626263625d555a5c
574c455153524f4d5253534b4d43484d
5252514a5757585a5a5a5b5b6a65615c
51505150516163626164605558535554
53565c5b5e5f5d615c585e52535b5857
51575165696963636463565e625d5d58
484a525e6a5f5a5b5c5c585855524d48
665e5d5e5955544634352f2e3735363b
635c5d5f5a55585c635d5f605d606467
6f6f6f7070706f69696d67656b665b61
716e747173787673726a797975737167
73736f75777775757574777273797970
7873716e6c777877777a797977777575
72757a7b7d7b76797773757677777878
6c6b6b7677797a7872807f7a756f6a6f
6f7271716b7074747575767779707371
66645754555b535a59726d6b6366646b
46444b444649494d50524d4a5d676c71
696b6d706f6f6d6c666a6e6868605955
67667f83827b898564605e465b5f5e5f
4c4f3d3b4948464e625c6464645e6463
5653565e686c6e7065605b57504e444d
3e4044444c4c54565660635e5c574f54
53584d4e606468716f747261595a3e3a
554f4450545c5e545057595e62635e5a
5e5c596468686d6d6c675d51595b5a5e
3631312d3739363937394347515c5c5b
4340433b3c433d3a36353841443a3a37
393d39363e44423f40424244413b3737
403e414644413e3b3a393c3a3f404244
504e4f5c5d595a544b4a4b4c4c4e4a47
5c616158625b493f3441444d52514d4c
4b4d516e646765675d636360595b5f5e
615c595956545652575d6060514b4f4f
5a58575058585a5b5d5b5a5361676367
5a575656585f6060646658615c58585b
5d5c575b5c5d5d53585b5958515a5d5e
475758646461605f606265645e5d5f5d
3a485b5c585b56595f5148404c4e4947
6a61605b56544c4439312e333332343b
6462635c625d656b686864605e64636c
6c6b69716e776e6c6d6c6865625e5663
7177737778736a777774777776726f6e
6b6d78747b797a797673787d7c7a7271
7975706f7779756c706b717877767173
6a777a7b7e7e767e7774777676777879
6c6d767874727b7c7c7d7e7b746e6465
716d727270707474757576757876716e
716e675c515253585878706a66686467
4544414045494d4d514f46496165696e
6b6d6f6e6c6f6f706d686d71675d5652
6f6c767f807c776e5d445b5c5c5d665f
55595d5656595a525c605e595f5a6a71
4a4b4d5d616d6968605c56534b474753
5456504c484c565a565e5f5e5c555447
5354505066686d7770786d565b5a4949
5f585456555a5b5a5e5e5f6256606259
565a6064676c6e6e716c61605d5b6568
31322e31343937373739454a4c5e5c5d
443a3736373e363834383a3a37363635
3b3636353a3e434342383841413d3738
473845424544414141403e383e454543
4c475e60504e5d58464a4c4b4f555952
666463575d554c3d393c424852514b4f
4546617b6a6965665e5e5c5c5f606161
62615d5f5956584c535d5a6253504e4c
5956565655575c625f5e605b62606461
5e5c535855616060625e645a585a5e5c
5b59565a5e5e5d5e515b5854585c6062
585d5f5f5a5b52565d656f6b685d6161
414b4e4b4f5857535c53484b4a4f4a4a
6a5f6058534c483632302e3435333638
656566656b6d6f716b6367656163666b
716f727171726c6c706d6967645f5e63
7377787a7b746c717d776e7476727173
77777a7a7978797a797b7d80807b726d
78757671787071777270707071777876
7678797a7c7979737074657377797979
6b6b6c6d6f707a7c7b7a807e78736c6c
72706f7571727374757678797877726c
6d6d6b5455564f525f757b6c686b6972
504844413e4a4d4e4e494a5d6065726f
746d6b686c696f71716e6d5a5e605d59
606f748d8d8b73695a3f535c5c5d5d61
5c5e5d5851534f4a5d616161625c6667
49484c5f6c6b6d67615b57504a48535b
5e5a59565054545d5a5c5c5c5f54534c
5759585d70717372696a675b54575b62
575959595159575b605c5d5e5a5c564e
51555c5f72686f6f6e63675f5c605e57
322d2c32363a3739393a414e515c5b57
45454040403d3937343f3f3f3a383533
393938333842424342383c42403c3637
3a3b3f414645454545453f3e46464642
4f58606253655e5a4c4a4b51555c6342
606c655759614f45453c445057544d54
5e53736f6d6b6666635f605f60636364
686f74726857585352575a615753545c
61605e5f5d5e5e5c5f5e5d5b60606766
605e5a5a61605f5e62626563605b635f
5e5b575d5e5d5a595d5c53525b5e6060
5c5c5d5c5a59565b566b76716d5f5f61
393d3c362733384e524c4c4c50505351
6b685d555054433b3935332b3535383b
696564666d707774726a6b6669676c6e
6f76737473706f6e75716f6c65636866
757677797b76757e7a76767373727676
7a787373706f6f707d7e8083817b776e
797876756c6d6f757574787875747c7c
7978777b7c79737472736c73797b787a
74726d6c6d74797c7d7b7d7c79787674
73706d777272737475767a79756a7275
576b5357545450556d817676706f7274
484e4849464b4e4f4e5059606c63605a
676d6b676a6c6f71716a664c52536354
6167758d8d85746459544b565c5c5d5f
5d5b5854574f46485f515f5e685a6963
4e505962666668695e5a5a4c4c56595b
636262605f5e5f605c5c5a5a584f4c48
5a5d666b726b6b6b6863626065646363
6261615555585c5e5e5c5c595a5e5f56
4e575d6461676d745f606f5f5c646563
2e31303537393838363a464d57535657
384746453f443c37334242423f3d3431
3b3f3634343437423e373636373b3536
3d373e43444747464646413f40464539
585c6261566d63534d4c494a574a4c43
65666b61755a4b4140434355635a5555
6067756f6d6c6b6163605c6266656867
6970746e605858585d605c615b5a5b67
595e5e5f605c64615e6063586269696b
66635f60615f605c5a6167646360645c
5f606261615e5b5b5c5c5f5d5a58555d
5d5b5b5b5959545b586a706d66635a60
35353a3b3634335a524f505155534e58
69645d545450473d3b37353435353a3a
616163696f737475706561646f6b6b68
7273757775727174757777736f6e6b65
7076777b737e7d7a797471726f737876
7a7672726f6d73746d7d7e757f7c7373
7a77777170737274757a7a7977767a7d
79787977777a7471717679777a7a7977
7676747478787677747a77777b7a7977
68737a74737270767776787976767575
546055565453545c6f79707e69647174
534c4a494a4a4f4f53585f66655c575a
686b6b6868616063736b584847595c57
6b6c6e79796f7a6f544c4c4e5a5b5d60
5e5c5c5a5b524e49525a5d6064616d67
4e55595f6262605b605a57555c5b5c5d
63646665646468655f5c5654544d4d4a
5f5d646e6f726d6963626f6a64635f60
5d5e59525a5a5b5d5d5d5c585e616361
545a5f66606362616a5853635f716164
2f353736383c3c34333a405056555053
3a39384146373f3c3d3d3b43413e3733
423c383533363537393a39393c3d3637
413e414447474746464543404046453f
595d62636d716355534c5f5e5661564f
6868665f5856554b444447595a4c5452
6068756f6d6c6a6765626464646b6a68
6c626365595558565e676b615f5d676b
5b5861605d5b6566655d5c5268696967
6362605e5b5f5c5b5b6764616365665f
5e5e5f5f645f595e605b5f564d525d61
5b5a5b5b58565659576a6f6f6561635e
393f43424245484b4f48485155575052
69615b53524f493b3837353435363b3c
6465696d6f727475726a5e62706d6e6d
7978777775707273757e7d7673706968
76777a7b7e7c7b79757172746f6d7879
7b7676736d716f777d7d7c797c7a7673
767079777576777773707b7776797a79
7c7c7b797075757677787b7b7a7a7878
757779787b7b7b7a7478757577707b78
70707770737374777977757978757977
57554d45545457596d7f707463687173
49504a474d4b50514357606d635c665a
64696c66585d5c525363444652555a4d
5f636e67796966614e484d5659595d60
60605f60605c5c5f5a585b655d526662
5757576164635e5f585c525c6165655c
6364666567686a6a5f5b545258565452
6261666869726c69625f756861535c62
5e5f5c5255585c5d5e5d57565f606362
5a5a5665615f5b5d5d61535d6d646662
3030353735333334363d414e5451545a
403e474846454341413e404442413c32
3f3739424242403b393b3d383f393739
41424446464646464646453e41474744
5a5d646565655f53514d5c59656a674d
7473675a5c5e50464a4443534a4c5456
6a676b69656a68606267686a6b6f6f71
7161605b5a4a5458716d646360616665
616260605c5f62615e6062696a68695b
63605b5c5c5d5a5c6966616563646864
6361615e61675f68615f514a5e615d61
63605850574f4b5d60626c6765606465
3d35383937364a48494f4b4d4f504c5f
69606154544c443e3933313536363a39
676869656b7473706d6a5c656e6e6f6c
72767e706f6f73737778767674706e6b
787a7676757d7b7c7371727374757472
7c79787671736d787c7c7c7b7a797875
72717979777679776e72757074797a7a
77757271767475797c7c7a7a797c7b75
78797a7b7b7c7e7c7878797a7c7b7b79
747478737172767c7b7b7b7b7c7b7a78
575252515055585c65646d6560667074
4e514c43464d4c4f4a5c656c616b5f5e
6869655d5956524d4c3a40484b4d5052
656a6d6d695d5a5349434c53585a5e60
605c5b6565655e64575d5d595c576060
4f5a5b5c61625e596360605f666d6a62
6263666a6864696e685e58584b545754
6263656965635e6a6364685a58555461
625d625c5b5a5c5c58595a595a5c6262
5c5d56585a646161685f53596c646869
312c2a2b2b3131313640414a4b514d54
4241484845454542413d404145423e37
3f3c3e45444446444047443e443e383d
414348484949484a4a4845444a4a4a47
595d6465635653564e535c6168716d4b
77745e5d5c59564f4e4e4d4f4f515056
6d6b6f72686c675f616768696c727179
6561605f625c5a5a656a5f576162676a
63615c5c5f6263615f524f5e6a676763
645e5b5b5a615664616463615c5c6362
5e6161606263607562605b5563626160
5452565a564c4d57505b63665f5e6361
3d37403e414a4d4c49564e4d4d555a57
69605b54564f443f3936353538353839
6f6e6b696d706e6d6f5e66616c6e6e6c
7879776d6c7574737678767676746f6f
787a7676757b7c737875737576767572
7c7a76717675797d7d7b797777777677
71707a7a78777c7a7774706e746f7d7c
7778776d7076797d807f7d7e7b797a73
79797a7c7d7d7d7e7c7c7a7c7d7c7c76
737773717172767972787d7c7b7b7b79
4f5045444a55585b5c635b6759666e75
52515454544e5051495f6a6a606c5f5a
60635e605857564e4c4a4b4c494e5255
6e6e6d6b665f554c4340414e575b6060
635a6564696869665e5e5b6063615c63
535d5b5f60605d5d6961606b68696763
5e60645d63636a665f5a57585a5b5d56
615f626768686a6a666567666160595e
666465615e5c5b5c5c5859595c5c6261
585452595c6264685d5a535567666267
2e2a2c2b2f2c3035373c424a47515458
3f4a474845384145403e40403a413e34
4b48494f4a4c3f41435045544d433841
474b4d4c4c4c4c4948494a50524f4e4e
525d5b605e5654504d4b47696a6d664c
766e60605b57605858555051514a4f5b
726b666766656463626b706a6e76767c
666361625f67596469696b62595b6c73
6461595b5f5c5d615451525469686764
5a585a575861565e686261615f5e6363
5c5f545171665e5e5c55504e6566605e
494751504452595d596260635f5a656c
3e43454547494e52535655505f51514d
6663645b524f463e3838333337323a3b
7270706d6e706b6568686d66686c6f6c
78787768707470777775777675727373
797b7a7b7a7b77747a79757278767678
7c7a747674776b6e7776796f6f6c676e
6b757b787a7e7f7f746f6f727a747a7c
7b7574717277787e817e7e7f7d7c7870
78717b7c7771717e7c7a787e7e7b7678
7574727172747578797c827b797c7a74
504c4c4a53585e5b60635a6463657076
565759575353555557556b696e585a55
626566655e595758514a4547484f5355
73716f6e675f534b4442424f59595f60
61606364696d65655d5d616567666a6e
5f615b595a605f5f636464756d6b6c68
5d5f5d62656468686362656463646560
5c5c5d6365676867666566666464605e
6a5e65614f54545f605b5b5c5f5e605e
5657585f5e5f6362595b585762645e5e
302f3135373a392e33353d4341505a5d
3b484742383a3a4041403e3d40413e38
4e4f4e494f4f47484c525655504c3f41
4f515354545250494d444f56524b4f50
50595b695e575b544f4b49696963454d
756a67675c5c5f5851514a444a4e484d
6d65616261616766696c706f6c717275
67645f636b6b6c706b6b6c615d606b71
577258535e5d61615b54545767686766
53514f4f53505f676765615459515e55
655f5f6374666d675e59586666646062
504b4a4a4e535256565c6061645f6566
4246494a48494e515557565453515b56
675d5d595551473e3a372f3235353b40
74737170706e66626c6b69666a6c6e6a
796b7372737478736f73737470706e73
7a7c7779777977797978737578777675
7c7a76767979766d71727472746c686f
797b7c7c7a7e7c7b757074767577717e
7274797472787c7c807b7e7a7c797677
7979797a7b79796a7177777d7a7e7a74
77747171727375797b7c7d7d78737778
504d5255585a5b5a5d61666257667176
666a5f53575755595a5e646961585451
606666666058545b5042393b3e445954
6b6c6b6b665d54494e4c50595b59575c
5a6065686a6269665c5e6365666d6c6b
60625e5b5b62615f616066726c6b6c69
6060606363656a6d675f696969696a64
59595f6062666a556565646565656262
63505b564555585e5f5d5b5d5c5e5e5c
59555d5f605d615f5d5a5b60655f605b
353536373a3c3230333e414349525a63
3b4244403a3d393a40403e4142413e38
5455545353464549545456554b554a46
48474848454442424c4b4e5459514d57
5760655e524e4d504f4c4a4c4e444849
746a666866646058474e524e4e4b4158
6a65585f606262666c6c6669686c6d6c
646361656c6d70706c6a6a6260647277
5b6e575b5b5e6165605855595c66675e
50505051545c6163595b5a5a5b58505d
69615f615f5f715b5958646650625050
544b4a4c4f54535f5f625f5f62636569
44474b4d4d494d524d58595854555a5c
645d59575552493c3533323135363c41
6c7473726f6e6d6f6e6b6967696a6969
7577767678736c737672727072727274
7a7a7a7978777879797972727471726f
7b7a79777672786f70726e717268666c
7b7c7d7c767c77767071797a7b777c7e
77797c77786d7a6f7b787b7a79767778
7379767b7a7d767273787b7d7d7d7b7b
767473737676787a7c7f817c77787977
4d5153595d635a5a6965685e4e626977
6368655b5c5c59585a5f576c5f58504e
656967645f585a584643464445475258
6e6e6d6c6769505154575b63645a5461
5966656a6d67665461606565666c6f6c
6365625f636361606360666e706a6d65
5f5a555e5f6c6d6c656368686763655c
5a5c575c5c5c625d6565646667676560
615b58505653575d5b5c5d5d5d5e5753
5d5d5e605f626364625f5d605d5b6261
35312e3b3d3e3a363b3c3f4a4f545c64
3f44464541413c3d3540404142413b38
51505159514e5355505858554b534e4a
4c4944484a4c4e4e4d4f50535a575352
5665645f58514c5054515755574f514f
69656469635c585c5c595450504e4e51
6e6c60615f6260636f6c6667666a6a69
646268635f6e736e7670616462626c70
6268595c5b555c585e595d5b60666260
535255595e6263625e59595c5e595a5b
5e595751434d5253535c63615e605957
544e443f464f57595c5d606363666457
3f484c4e484e5153565d5c5657565a55
5a5957565953483e322a353435323b36
6f6e6e6a6e6f6d6e6e6b666868686c69
73767678766e6b687574747375747371
7a797a786d6d7376727074737172706c
787a787076716e6b6d71717a79716f74
7470706e6d6d776c6e77787b7c7a7c7b
7d7d7a7a7b7577797a79747778757a78
76797d78717375777578797d777c7a7d
75747273787879797978727576797877
5152595b5e66646e6469665954596575
606b61625d5c5a5e5e65636d5e565452
68666562585e58574d4b404848495257
74726d6a6c6956505d63696c6157545e
646565696d6c6b685f60696a6c717374
6e726c675b5c5c5f62636b6871706b65
56545a5d65676a645a606c6e6d635050
5b5a59595a5f6762646e6a5f67655f60
53555656585062685e59565e5d5c575c
615d616161616366635f5d5f5c616560
34302f393e3a4040404043484b505862
3e41474947433f3d3e3f3f4139383838
5459595856565557585a5459514e4b49
4944434d4f505151545555545b585758
6462615e5f574f535753575349515551
6b606669625e5c585f62605957564a4e
6f69645f5b61636662626266625d646a
61605d6062656c716f6761626467676b
625e5b5b594d5c5f6261645d5e645c5e
575e646261656263635e5c63615f5e5e
616d514e3c374045555d626363625c58
534c46483e43434460675f6165746158
454b4f5153555251595f5d5a5a595453
6458645f5453493d352e35343532393d
706a6f686d6b716f6f6b686566696768
696c6b6b76757672706d6e7373747272
7c797777746e727677787d747272706d
787875727571726f6d6b7a707a7a7375
7272726e706f7576707c7a797a7a7379
7c7d7b7e817c7b797876727577767177
81837b7977746b7576797c7877757a7d
6e72726f6d726d667578777578787a79
5152585d6b7977745c59615550585e66
61656264605a5c67716b625c5e565759
6d68615d5a5e5559585956564e4f5765
6e6d6a6d6c6454555e626969544c5564
646363656a6a63686164686e6d6e6e6b
6d716d66615e5e616569675f5e676866
5c5c5e5e5e5d636363667072716a5860
59565b5e5954625f636566655d5e605e
545e5e6763595b6760595c625d5a5654
5a4e3d4f5d5d646261625f5d5d64645f
35353e43434445453b404244464e5c57
424545433f413d3a313a3f423a383835
58585859575859595a5b535a574f4949
4d4b4a535253545456555557595a5d55
6262665d615253575753594b4b535a56
60636c6364605c5d5e62665e5f55535f
6f6a655c636261676665626665656d6f
65626066616e6e6c6d67636365646168
625a594c5a525c5f605f5e635e626663
53546162665f5e6664625e6466606b64
62584f5343374248575e6361555b5b59
545055503e4b4d455c5f5f605d63635e
3d435154525751515b5f5c585b5a5355
6563636156554c3f3934353434333b3e
736f6e6f6e6e716a6c6f656766686769
6c6b6d77777776706e6f6e7273737472
7b7a79776a666b6c73787a787373706c
7276787877777674727070716f75797a
7575777473717273767c7b7d7b776a70
78777c7e817c7b78757270767b787773
8177737773727478787b7c7975746d7a
727073716c70676c6776747676787a75
5655585d6c6f7c7056505d545052586d
63676963625d66707166626960595a59
6c6a615f5f5e59585c615d515053575c
6a6b6569695c5a58594c4851504b5766
64636264675d61676668696c6b70706f
6a64656365655b5c5c605e5f62666766
5c5f5c5e5c5d65696c6e737372676266
575a5a5a52655e5c6364645e5b575d62
6873716d6b68646261605d5d5d5a5658
5e4e365a5c5d646768645f5c5f656765
383c4145453f48443e40424147505d55
4242403637333231313c41403d3a3b3a
535959595b5b5c59595351525950494c
4949525558585758565f53585b5e5954
5e5c4c56514f4f5154575c575655534e
6460696463615b5b62636564645b5d62
726562636365676b6b66646062666864
6a6b6a6d6d6b706c6664665e6567716d
61585659525956576060615f60536668
56555d6262636265645f606668646563
5e5a4f4947423e49595e636463615d5a
56545455475151525a5d5d5f6060655f
444b43545b5f5e5c5d5f5c575c5a5756
6161625550574a413b35313334363b34
71706d6e6d6f706f6d6a67656463696b
6b717075757375706f6e747273737674
797a76746f706d6b7477797774717370
72777979797776736c6d6f716e707d7a
757b787875746e797e7b7b7b756e6f6d
78767077797a7675767372777979777a
75727370687176797a7b7c717372656f
737374726f7169717475727678767a74
535755597e717a645555555352576168
616a6f65625f6769706763655c56595e
6a68615b5f5e5958595b61515258585c
6c67696f6c6a6258504545534c52646a
6464646c6c6b676a67676b7a706e736f
6d6965686964615e5f5e58606566665d
5e5f605c565e646d6f6c727a6b636869
5b5a5b5b5a64595c6361645e5a5e605e
6b7c7b6e6d6c696565615e5a5b5b4f5a
615f5d4e5a5c676c6b665f5d5d606669
3c3f43474841484444413c3e44525758
4240333635333737323839403e3a3d3a
5b5a5959585b55535353525a58554a4d
525758585a5b59575b55565b5d5d5c5a
5c5a625d4a55545355595d5a52554f50
655f676365635c6266676c6766676664
655c595c6568665f5b65646267605d5e
6a6a696d6f686a61585a5b5f757a7973
5e625f5a5e5b5b5f5e5e5f6061626769
5e585d636561506165646567696a675f
5c5a544e4b484551595d62656664615e
5b5757595658595a5e5f616162646e68
43404558545d6164605e5b595b5c5b5b
6966625a5a5651453935332e3534313b
70686a657171716f6f6b686564646169
6f777876787170707070747473717472
73727676737475747776777673777673
737879797776757672727172727c7c7a
6d777671747378737d7c7b74706d676a
7775777b7d7d7a72776e74787a7b7574
77727272726c74787a76797876716779
6d6f74736f6e706e6b6b74777977797a
555c516a888274676363585253585d66
5d575755625f6c736b656960565a5a5f
60545a5c5c5d5b595e656457615b5c5c
6069676d66635e555153535559606362
64696d6d6f6d676a68646b736e716d67
615e67656b645f5f62635f6165666569
665a555a534d616f706b717669646866
554e4d54636d605f61615760625f6161
677f78716e6d6a6765615e5c5b585859
6261525b60646b6d655f595760646566
3b3f43474d4d565048463c3f41454e53
40393334343139363334383e3c3a3a3a
5c5359555b5757535056505858534a4b
54555a59595b5b575d5c5b61605e5c5d
5e5d5e5752545654555b5c5a58565656
69686a6e6565605e67696e6b6a6a6965
626059686e6b665f5b635e686e616b6c
6d6d6d66645f585254595b637379756d
6563615d5b5b5a5d5c5c5d5d5f63686b
5f5e596163636262666463666b6c6c67
636255535351515558555b615f646462
605e5d5e5d5f5f60636568696965706a
444753565b5d6263615f5c5d4f5e6060
6b695f555055443e3a372f3332353a3e
5e5a63636579756f6d67636765656669
77797977777172707374706d6f706f68
756d71787676756d767675726d727172
76787878777a747a7776757373747c7a
7476767375757b7e7e7b7d756c6a6967
7b7a7c7e7d7a79767170777a7a7a7375
767067676271787c7b7877797773737c
7073746a6f7173726d7076757c7c7d79
5a565686827177787b695554535b5f66
5755675e5f6a737b6c68655a545b555f
615c5b5d5e605d5d6268665f63595c60
5c64555867625c5052555753585f5e5c
6668696c6d6b6c6d65646b696a6c6857
636369696968626265635c5966687063
5e53505c504a4b6c6f7571756e646362
5a585b666d6862605e5558696962665d
74746773625f595d5f5f59555c565e59
5c5655585b5e665f5f61614f61666673
383c42474b4c4f4b453f3d414143495a
403e3d3a36393b39363b3e3d36383737
595756595b524f555958565959544e4f
55545a595a5b5a5b5d5f5e635f5f605d
59574f5154505855555a5b5d5b595857
6d6e70665d64665d70706c716b6e695e
626364686b6e68616761606968756c69
616468645a585553525f626565646659
656259595a585959595b5c5c5f5b6460
636465635c575b676464626469686765
60605753565358574f5a5d5d61646564
63555f5e5a595c5b5d5b54636d6e6a68
454c525b595c64645f5d5d56525f5b65
6c5f5b565051493e3a39333435363c40
5b5d64646779726e666a646763656568
757776767572727171706f706a6c6862
777878787773726e7372716b6e6d736b
797978787572717477787476777c7c79
75767774777b7b7c7a7b77716f6e6e6b
7d7678827e7c78746f71767b7b7b7374
6a6b6b6a6b787d7e7c737476766f757d
7478726d69737573727574767b7a7a76
5a5b646a72727957555157544f615c67
5c5a696a65757b726c52635d575c5a50
575a5e6060605f5c626361675b59605a
5853585e6e63584c4850474f55585b55
666568696c6d6c6967646c6a6b5f5257
67676b6d606467666c635f63676b5f60
5d5b545b574e52656d7274796f5f5f5d
4f5c6470706e5c615b60676365636967
7970756a59676362615d5a545b605c5a
61515a595760656465645a5361646878
3a3c453b4d50514e443e444142424955
363b3e3638363935393c3c3c39393a3a
5653555a5a5858585358575959544f54
47484b484a4d58565858555960606057
5854595456575b57575a5652595b504c
6f77706b5f5f5e636d6e69707b6f6458
696262676a656564646d767270706d61
5d716056595856575a61615f6c666a6b
63595e5b5759565c60645c59585b5c5c
6062676662575c625f5b5867686a6965
635d5d5e54585b57595b5e5d5e646866
635763605d5b645e5f605e6d676a6262
464e545c5e65675c605c5d52585a5667
675e5957565147423d38303334363c3c
6b6865666d7873706664646362656569
77797b7874717370726d6b6f6d696369
767777787773716f6f706d6b6d6d6e72
78777677726e71767679777a78777878
77767678797b7a797978767470707172
6c75787976767371706f6a6979797977
696a6874767873767473736b71727575
737976727475757270696a6c6f677673
5a5a606e736a504c4c534f52505b6367
5e5d6c696371716b645d575e57535a50
575a5b6161615f5c5e5e6459595a5b5c
595c514c55554945515156545858595a
686766686d6f6f6e6c695e65635e5558
6d6b676a62676a6b6663626367737263
6759514d53596769707175746f676161
565f6e716f6c5e5f61656a69686b6d6b
76727061595257605f5d555a5a5c5c58
55565c5b5462606367655b5861646871
36363339464a4f4b4945444242434852
31393f363a3637393c3a393b36393638
4b4b595b55565c565552575b5b575053
433e4548474c4f5653514f545859504d
5d5b59595a585955565a57535f5c4d43
6b7c7769655f5d61626165716166615a
68616064646368696d7b6068736b6a64
595c4d46555a5b5f62666b66695d766c
5e5c5a5c5a59565a5b5a5b5656585657
5e5a636c665d595c6261686968676760
676b665c56535a47585a5b5c61656c68
60666563615d615c5d59666e6c6e6b68
3849565c5f656364615c5c565f606464
65675f5453514e494338343035353738
706d68656e74736d6962656867666565
7474727471727473716e6f6c6f6c6867
72767879776f72706c6a6d696a6d716c
706c71716e6e7278787a7b7977777270
7670747a7b797978797071716f6d6f72
767879797673757470706c697c7b7978
6c706c707878787a766f6d726f737474
7678747473757473716c6a6d7068646a
615f7c6b755a4d52525655515057646b
5f615f626c7e666e6658584e525d5e56
5b5d5f6061615f5a5b5c605b5a5a5c5d
62605552574e48414252616060605c4c
616866666c706a736f6960555a5d5e60
5c67655e62646966666162646873746b
5f575c5556576371706d6e7370685f61
5a626b766f6a5d5b61655a6a706d6c68
7371706b64565b55455957545c605e5b
4b4e54565b676d676663585e64706a73
34343234444b4f4e4c4c464343444649
3b3d3935393d3e3d3a3b3b37363a3836
585c595a5c4f555755555b4d5d584e4f
4d4d4a4d504b5a5a57565a5e5d4e4e53
5c5b5a5b595a5a5a5c5d6260605d564c
597c706b615c5f5f5f5e615863666d6a
666062606461616a6d726f665c69665c
5a3f5552525d696f5760635f50677368
63645e5b585653535a585a5859595b5d
615c5d595758595f6662676866676562
6e71685c56534e4a53585a5859636560
656967615d5f5e5a596268606d6d6d6f
3d44494c4d626e6b6763635d6a666564
63675d5859565151473d3734352f2d31
6f706a6e72746f6b6a6763666a686665
697269677272747171716e71726d6e6e
76767879777472706b6a6e6c6c6d706e
706c726f7371757679787c777676736f
7276777a7b7a787475736f6872706f76
79766b73727175757072727a7c737773
6e787d777874747b7a77747271717176
75777674727172716e6b6e6f756e6567
5a626875665958515557585a5c61646b
596166676a81656b5a535f5f5e5d625d
5d5d5e5e595a61635c5c5858605b5d5d
60615e5d5c4f47464957656864625e5d
6062626469726a7a766d655d5b5c6161
5b645f6463615f5e5b5c61656c656864
63665d575357585a60615a686a596664
5f676d706e695d5c6458606e6e6d6b64
6e6e686f634f564a57555d555753535c
4c494f54585d67646c626364656f666f
3a353342494c4f4d4a4f4a4344444444
3d3c3936373c3c3f403c373234383636
605f5d5b5b58595b5b5a5a5c5e594953
56545351505659585a5c5b5b56595d5f
605c5b5b59585a5b625f6760615f5b57
6354706b6561625f5e5d5e5864667478
64645961645c656a6c6c6b6559605f5d
6361505651516a6e64656962646d6f65
63605d56555959564b4d5a5b5c5b5c60
5e5c585a5a5a63656567606663646462
5a5d66615858554e54565a5a6264615d
606765645d605d535264625f63696d61
3b3f4045576c706e6767676765676562
62645d5b5c53554b4840383534303032
6e6e717272726f6a6761656a6a686668
716d6a677074746f6f6d6c6f6f6f7170
7577767273707574746f6c6a706e7473
6c6b716f746f76757873797675736f73
7375757a7b777476717276767775746f
75747173757778787a797a7d7b796a6f
6c777e7b7977717c7a76717073737778
737a7975736b6d6f6d6e6c6d68626d65
66666e7a60585e5b5c5d5e6065636268
6b626971686963676068626263666863
5f60615c5c564f5c595d5d5f5f5b5a5e
61615c53484a484b4a4f5264615d6367
5e605f606570737b6969635f5f5f5b5f
575d5d615f605e5f5a5c5e5666706762
69665d56525556565f615f5b635f5a5b
6867656c5360605d63636b646a666b6b
6b6a656a5d554b46565353524d595a60
46505557515a61595e6160616a69666c
3836353f44484c4b4d4d474543424145
3a3b3c3b3b3c3d3d3531343736373838
62605e59565e5d5d5c5f5c5f5b5a4f53
585256595a57525a5b5a5b5c57606162
6860615e4f56585a5c605e5c615f464b
6b6664615f61615e5c5b5b5662646e70
66585c63585f7165696c605d495f6365
5f5a565a504d696a6462605f61605e61
605b5956545e5d5955555c5d5d615b5b
61605c5e6568676a65656e6767676362
6765605c5f59585a5958535c6364615c
5f63655d5e58505a5d5f5c5b5c666766
3c41454b66756b665c62696763615e62
60635f5f5d59575240393333332f3133
6a67656c7270736c6b69676967686662
746d6d727474736c6c6d646c6d706c6d
7274736c746f75757371706e6e717676
6f7275756974767275797875746e6c6c
7779797a7c72736f72746f777773716b
7573717170787a7b7c7b7c7d7a707074
7476777c7b7973797a716c6a737a7a79
6d6e7774736c6d6a6e706f6d63647171
69717870646a5f5e5e5c605d62656267
6b636c69686d6a5e595d6a6d717e6c6e
5d5e68615e555d5c5f5f605f63625f74
5d5c5c564f4e4d4e5051585d5f5c6960
5e5e616c5e69717e7b625a5e5c5c5a69
5c55524d51555b5c5858585c5c62645e
645c5f58535b595f6c6a66666362645f
6369676a62656362616364626a6b6a63
68656169645d5c6253524c4f54565a62
4747515a4f4f564f5a5f616364666565
393a334147494c4b504e47464646443b
37373739393c3c373436373738383939
62615e585a615e58615c6d6555584d51
5a59524b5d595b5b5c5d5f605f585d62
615f5d5a4b4954595b5b5b5a604f595a
65646563605f625d5b5a575a5e616565
596264636361646465675f4e585c5764
56584b444f59626666665e5e5d5d5c5c
5e5e5a58605e5f5e58584a555b5f5a55
66615c666d6568696763676477716560
656360595e545a5c5b585d63686d666f
6f656360596154575c59555b5f585566
3533493d3e58604e5b616e686666616c
67626161635d55443d3b3534322f3131
69697171716c6c686b67676668676665
72696866767472696b686a6e6d6d706e
69696d6967686e6e70736a6e6d6f7777
767876737875747374787676736c6a6c
77797a78706d7676746f6b787877716e
7673716f6f6c737b7b7b7b78786f6a76
767779786f75757874716872797a7a78
65666c6c706e70717070716e6166656d
7375756e636562626363645e5d666668
7a616766676c6a676266707481846768
5b5d5f5e5c595a5c67625e585b5f6376
5b5c595d5c5a5958585a5c5e5b5d6958
5b585c5f5a676b8079685a5b5a5d5d5b
564e474051525756585b6666625c5b5a
5e5d5a5757565965666f66665f565757
6a6d6163626565656161626167646762
6961685e514e494243555451565a5a64
4a494d4b4a434d47595a605f65646765
3b3c3e43423c4f51524e4141413d3b42
3738373a393f3d3a3731393737393a37
545d5e595f605d5d5d5c656f56594e51
64615c57565d5e515e5f5b5e5e5f5957
5a5a504e434b52545a55596260605f5c
5d63675f63645f554f4e4a575754555b
54576667646361636664636262605b60
524b5774546e616865675f5755576158
5d5e5d5c635d5954585a5a5b60605c5e
7b585b596b65676d66646163676d665e
63676c6e5e5d5b5d5b5864707a7e6e76
5c605d545e585d5150595b5f5a53545d
32323d3a39534e4c5a63685959525d58
6663626268615750493b32292e2f2e2f
6d6c6c6a6862635f625e625e68686665
706c6c6a7576736b6767696d6d6d6d69
6c6a6b6864666471767773706e6c6d6a
7b7c7a757473757574747475746f6d69
6e79797672737474726c6e747979756f
75736b6f6c777876737a73777471686c
797678756d6b7677767675757a7a7876
64696b6e72727273726f73706364686e
80857c7a6e5d696f6b64666566686867
68817567696b6b686d7173716b78607c
5b656661605c5c5b62625b56565a5f6b
5e5a5d5f545a5a4d5c5d5e5d605d5d5f
54585b6167727f7a72635f5e605d5b5c
5655534d514f4f4e50514d4f51585754
5856565353545b5f5a5e5150574e5656
6760625d6466676157616464615c605b
6566635c4e4c48464557564f54615d6d
454d464b4c474e4d53575e6362606065
3b41404a474d514e574c4b4643434645
3c33393837353d342e3a393735353438
645d6162626264606160735b52595357
6264605e5c6360615f5f616469655d5e
5b5244434b4a565959595757555d5f5e
6b6a63616263605b564b4e5455575854
60656a6a6b6662646464646763636264
5548566066686b696c68635a51596b67
59584c5f5d5b5953555a5f5f6465685a
636d5960625362676365616661616262
68706f656c5b565c5b63676e6e717156
4546615c5d63595a5c5b555958575b62
303c444349414f5866615e5b5b5c5758
666563626762575345372f2b27302e2d
6c6361626360615f696760616a686766
6a696b6d787875746d6d6d6f6868676f
7072726d66646b797a7676716c6b6966
7878777676767471767473727071756f
797a756f727375746e72716e7a796b6e
727071717278787a7a756f69676a6d6c
6a656367686a6e717878777a7a787774
676b6c6e6a6e7470767576756e69696f
7f717a827d6e6b68696465666c696665
6a6d7a6a6e716d778071736d6d6b577b
616b6a68605c5b5d655e5a595c595c63
575c61605d5c5b5b545f615e61636465
53575b5d6873847d706961626965625f
5653524c4b4d484b4e4f4f4b4c585a59
57534d5054565a5f5c5e5b5756565255
646465626065655d636561626259585a
5f645e5d5d4840434a54494b4e576671
4b4d4d4d4c4a4b4c4f565960605b6060
3d47494d525855524f4b4b4946484947
403f403d3a3e3c3835342f3632363732
655f63646362605f6464625a5a58565d
606f6a6c5e656362605f606666616566
594d544d504f51535e5a5855565c5f5f
696766645f62605e55514a53504c5456
58646b69625b5a6065625e6262646668
5a52515d66646569654b4a534d5a5e64
594e5457575954515c5c61696569635a
635867645d68646b6d6d60605e555f5f
647273736b6b6c6664676a746c6e675a
555e6160596463616363656262646064
383e3d3a384c5e5f5e5d5c5948464a4e
6765635d5c5c585140362b2d32353436
6d64615f646b696d6c68666a69686869
6f6b6c6c6e7375776e6e6c676a6b7170
6d6b6d706b6a7176777677736d6a676a
767979787877767374696a6c71706b6a
7c7c787773757572757573717a766f6c
6e6b696969777979747374736d6c6c6c
6f69686867687275787a7a7b79777374
6a696e726e6f70716f6c73726f6d6c6c
7b76848275696b69686564656b646263
7c747d7d7b726f6f71736b6a7571767c
6c6c6a60534a4e4e615857595856577b
5a5b626361615f5e5f5f626260646467
5552535059686f6d6a706c5d605c5d5f
5355514d4844454a4e50504c4e4d4e50
534f4b4f51545b6161615f5d57565258
675f5d5c5e64656363635f615e535354
5c60625f534b41434c4e504d465c6d6c
4e584e4e4e4d4d4f5055535552585e5b
3f4b51525a5a575149464d48484d4f45
474748464445403837332f303738393b
6966636665625e5d6260625e635b595e
67757a75736262606660676a66686768
56575d5552555057605c59575860735e
6966666764615d565049513d3f3f434d
605f6a6a615c58596263625f64596970
5b57595e61646567635b575b58595f58
545251524b54565c605f63686b6a615f
5d616c5b6466647173695f65685b6665
617973747870696262696d6b6a706362
4b67655f606161616366646665646467
3a413e394f535d5958535756524f4c4a
71665f605f5d5752453630282a34343a
6d665e5c646c6f6f716e6a656665626a
71717374737474716f706e6e6d67676f
6d71747472737577757375736e6a636f
777a7d777d7b77717071696c72716b6a
7a79777577767677787170737873716c
696a6f75777a79746f6f76756f6d6c6c
706c67676974706d77787978746e7268
666a6c6c6972727372686e6d6d70716d
78869483746c6d696362696669646466
847b7c81766d6c66626c6a6d7e73676b
596f6d60545253525254575958556488
585b6263626261605f5f636364635c5a
52515656716c65676668615f5f5a565b
4f4e4b504a444348514842474f4d464f
4e4e4e4f505a57626969656356595a57
65625d5b5d5f656464605c5e5d585251
5a5c5a57514743464a48485049626e64
4d4d4b4c4e47464c5050534f525d5e5e
434f5f565b5c584d464a4845444b4a47
4f4c4a423a41413e3d37323e3c3e3b3c
6b676664676764646261646567645e62
66797d78695f605f69666d6e6c68696e
565f5e4f555c53525a5b5c5b5b52715b
64666c6965605e54454b433f3c525255
6a6d63635b574f615d6260615f616669
5f626a6661636262615f5f5e5c585b5b
5a595756545550566160655660666462
56626a6569636a75746d646a64666e61
767c7b776f736b6a6e7974706d656866
4a67665f614e585e65675f635d61656f
3c40414352535256565453514d504f4d
6b6964645f5c5654403830292d2e363d
6e696465636e6d6d72727167655c686d
717576747373746e6f6f71706e6c6d6d
717472737374757474726b6b6b686d6e
696e7b79787775717168646e6e717470
6c7578746b7377777674767774737168
6a7476777a7a7972727376766e6a6b6c
746e6c6c737370716e6c6e6f6d6e6766
686b706c687272736e696e6f76767775
7d7a917e75726e6b6967696a69646466
6e777f7c7565636268717b84776b6a71
696a71574b4a565658564f5556567373
586264696b6768625b565f5c5c605c62
564f50626a626560635c5a5558575259
554f484f4c474a504f46464a4e534b51
504e4e5255595f5d5b62655e545d5b57
6a5d5c5a5b656c6968605b5553505659
5857595a544a454954483f514d646960
4f4e4d4d4c4a444d5252515057595859
4751595f5854535b473f43444c4b4b47
53504f4a4547413e3e3e3e35343b3b3e
6c696367666562615b636558676a6463
6f797c74635d60606c706f6c6b6e6c70
62696e62535a58515654565a56595b60
64666a6a5f5b5758555044434f565659
5d635f5b565851585d5e5d605f5d5e64
68686864626262605c505e5c5c565052
5a5a585657534d556264595c5e626466
565d615e69665e55556c686b6771645f
7e79747270786f6b7a87716a6a666864
48494c5e5557626469686863686c757c
4140424e4d50534f54545452504d4b4b
5b6765625d5b5945403f34313331373c
6a69676a657071727271726768686c5d
6d7074747365707171717271706d6d6e
7270737373757773736f6a6b69676d6d
6c7374756f6c6a67605e6a6b6a717474
6a7977727b7a78777777787672726f6a
6a78777876757273737475716f6d6b6d
766c666375726c706c6b6f6c6f6c6767
5f656d726f6f7073706d6e7375717876
767c857a79717067666c657367666469
6b747a766a6d706d69717e7d6e68706b
5f5260595758585654534e5253545e69
62625762637162625b5b585963626359
4a484649555a5a5c5655494e514d5561
585959494d4d54564e48494c50555f52
494c46535a636d6f7e77746864535c52
605b5c5c63686a666159545156595652
53565a584d484a4f4c48474f50646c63
4e4e505049474e4f5553534e56585261
49596158584c4e56444444444b494746
5757534f484042433a423f403b3c393b
696b676061636360616364656b706162
6c6872705a60616f6f6c6e6e6d6a6c6f
6d7e72675b635d564b4f575858585a62
6365695f5c56595555525f5b5b635a5f
5d5f625f555a4e515d5b575d57595c67
6969676360645c5c585e62605d574e4e
4f555d5d4e4c5056635e5557585b6269
55595b5c5e4c42585b50696b68675f59
7873706b72716a667b82766b5e615e58
48413e3f4958675463696f7366695e59
3f434851545b5a5c5d5d5754504f4a49
6a6866625f5e5552443f35353637363a
6e6a6a6870707577746f6a686c6d6a6a
71726f6d6d68666a6972767272716c6d
71706c6d6f7175746f6b696767646c71
7575757571706f6d6c64706e6f707170
6a77756e73777877767676747070736e
77787778776f6f6c716f6c71706d6971
76707072736f6a6b6c6a6d6b676a676b
5f6a7672706e71726b6c707678777876
777d847776706866676262605a575859
6b6b7c706c79725d686e6770686e7372
5b4e485d585756555153545452515c6d
5c5a5c61676d635f5f5d595962596260
48454f504d5a595a5752504f4b495566
5c5b565b5256565b504a474b52565b51
4c524c516c767f86757b7367655e5957
5d59595f646669625a55524e5956564d
53555854505250504d4b474e4f5f6c70
4d4e4a4942464d4f5454524e50585956
3f5c655e59535655484b44484849494d
5f5e59514b49454343403e3f413d4037
706e686463635e50575865646d705e5d
6765686c6162545d4d686d686d6c6c6e
6c79666562635f534b55575756575a64
6165635855565a5c5d5f4e5157616d6a
585d6155685a4e59595d615551566761
546a696455625d61565d67655a544d4d
50585e5347545363625e494e59575f63
5a62605d50484c585b6a65605e5d524b
5e71665e58647168776b63695f5e5f5c
4c4b57585a6f6f66656a6a6867666257
40444c4d585c565e5b5e585755534d4a
67626664615c5650513f38363638333b
6a6b6c6f7173697a66616b6c6d726d70
71716e6d6a6864697174787374716a68
706e6d71726b6a7771706b6964646376
74757476716f726c6665736b746b6970
6b647374747476767776746f696a7273
777773767370706f6f716e767673706d
7370747474716e696b71716e6b69686b
636b77736d6c676e6f6d6e7678787875
817d765e6e6d6967655b5a5c5a565152
6d726f5e7c846f626a67646d61657277
5a5c4d5f5651535352575251675e686b
5a5b615d646c6660686055565e566061
444050494253585553514e4c494b5059
665d5456505c605c524a453d53505c46
54514a557c8c85777a77706667605b59
57555960636961575b53505658514f4f
52524d494b444d4c4e4a4c51575d6865
4c4c4d434142444f5454565552585955
4e5e64615e5c5c544a4c464844484a4b
625b5755484d4a4540403e3a3f3c3f45
6e6e685f5a544d4d5758595a68655757
6165616770625d6250686a6a6c6d6d6f
6d70706e746e5d5356585557505a5b63
5e675c525b5e5d5c5b5b5f62636a6d69
5c544e5e5e5b59534c5b544d50605e5d
45626964635f64625f605e595a5a5b5d
5b646159454a4e65615b5a535a49504a
60605f50464d5b5d5e5b665d5c5b5557
5e5f5c5b5b646b6d5f565b64605f6360
4d495159567c6b5e6564666767625d5c
3f454d495a555e5e61615a5c5a555153
6e6e6862625e565b463f373737303a3a
68676d7071737671706969706f787472
6f716e6569676a6d7573767269726a6c
6e6c707271706c70716a63666b6f7271
787775777165636a667373706e71706e
726d7475777676747574706a6b6e6f77
6c767674726e72767678797978757372
7471717776747676757674726c6b6a6b
646d766b6c6a6d706a72757776787672
8382736961666967625e5a5754535d66
77787a615d7c69637166646766707376
615b53553e4351514f5a5d5e626f7372
575c5d6561625f626553514e4b5a5d5f
4840544f5751565552504b4f4f4e4b4d
67615855545454554e4b444b525e5b4e
5652545e7b827c78888771655554595e
574e555d5c5b50495551505852494e52
52525251504a4c4a47514f52525a605c
49493e4743484d50555559595e5c5a58
4e58615e5d585d564e4d46414543494a
645d4944484f4b463f3b3b3d3d3f404a
716d68626458564d46515a6f6862595c
61615f626765676d6e6767666c6b6f71
6c6d6b716a6a63625c554a5559595b56
6563575355575e5d5a586060636b6e6c
5c5359554e5251554f544d4a5662555e
405e6b66595455615e5c5b5a5e615c5a
646960594b585850525657565242403a
63625f5157565a5e616768635a5e6460
60606164686b62606366666263606764
4b4f595d5c596d656b6a65675d625f60
36434c4a5b5f60606d6458535855534e
6f6a6766625f56504840383635323a3a
696d717373747571756e697774786e73
6d6c69635e68716f7472757273716e6b
67686d777773666e6c6863647272666f
797874756e646b6b7075736b68687070
737475757876767373736e706d6d7079
6d7173716e717377777879797a787572
7273727777777877777572726a6a696d
686e72716b6e6d717371707677757471
7f877c6f6f6e676462625f5a5455575c
797f79615c5c67617267686a64777374
5956514f4a484f52595b5d656d75767f
54595c5f5e5c5e61574b4d484e544869
545854585958575b545052504e4d4c4c
6765595f5b585e4d483f4a4956625c56
5559616c7c81797e898a6f62585f5c67
4d4e535a5a555152575148484a4d4d53
545355525052504c3f3e4c4f4f55544f
47463b3c3f4c4d5156565a5c655f5c56
5359575e5954585448433e4346454243
6158594b564d48463c3e3d3c3e454c4f
7069615c5c554e495055547669625d61
4f5155636c7678726c67695e52657170
6b6a71786d706159525e5451515a5152
5b5f525e6261605d5e505c6e65696e6c
5a57545954504f5055565553545e595d
5e625c635d5d5a605c5b5b535b5d5d5f
62605c57535a5f544c525e51493c555a
656360545f5c57595b57575b63756961
69655d6268615f625a5e6d64666a6766
5a58606671725f5f616d665d5a686b6a
2e3b474c55525d5e65605b585957605c
766d6b67656056534f453a373234372a
6a707272727375716a666c7a78727271
6963616a666969726e6f73737470686d
65696876766f6e6b6a65636071706464
786c7472656a6e727371726e6b656665
767777787979757271726f716d6d6968
6e6d696a656464767778787978717574
637175777775756c6968716769696b6b
6971666c6a706e7375727376756e6c69
7270726f676567676564605c54545959
8c7b6c5a6b7068636368686a6a6f736d
5756504f4e4f55525863697475788281
50595f605a5955554f4f54595b535952
674e505358575a5a56545145474d4f50
68645b535058504d3637464658606063
5674806c728181847c6f6a615f5e6467
494c4a454a535856504b4b4b4d4b4e53
5556565654535145433f4544494c4748
46403e3f40404e52575a5a5d675e5d62
525150464b5350493d3a37414445443f
614f4d4c4f484242353536363b464d55
6e65645a59545252565e696f675d5d65
545a516265666a6b70696b6566636f65
6669727d766d6765545d5c5a5a555252
544f605f5e61615f5c50586865686764
585654535754535253534f444e4e5153
5f596766595b565c57565558525c5656
5b5d5f5f59534748595143504c48545f
6654565d6165635d5a55565f6b746e5e
706760575a67645a5254575b6068686a
6165696d74685861626967635f676b6e
2e403549474c5a555662676765626764
6d706c676561565751413e3631333323
6f71717170707373676a706d7c777374
66636d6b6b6b696e6c6d6d6e6b6d706f
6c6a716a74706e6e6c6a6262636a6762
72706f6f686c6e72736f6a6c6866696f
7475747878787571727372736b6e6967
706a69686c6f74717674757473727273
6d697477787774756d6a6a6b6a6d6d6d
6a71706f6771706c6c6f716f726c696b
61696962606061636363615954575a59
93836a6575726d67686a6c756e755c5f
4b544f4d505051545960676f767c8883
52585e60585a544f55545d5e5850594f
48475056585b5e56534e4f4546515152
6660594e454e4d464243454657616254
555d6a7277838786796d635f626a6e69
4b48403f484d4e47504d4c4a4a484e54
60625b58525147453f3e3f424146444a
443b3a3f3e474e5354565b5964655f65
524a4c534f403f3b3b393c4241433f41
62535555504a4334333537323f474f54
6860625c5455565a5a5d5b65655c596a
5a5e5d4f555b746d716a656c6a656769
6b6d6b8069606e5d6665645c5b5e5c5b
4952625d5f61615f59595c5b61636260
565659514f42484a5251474849414849
555b63645f585150525053535b5a5753
5f6a67665e534c485b54505355545756
666569726c6d6a675f5754676c5b6861
6d726466636162635e625d5f6161675f
6a6d6b767075755e615e6068686a6d6c
36354548484e56535b5a6767636a7561
6e6c67656261605c40473f36292a3030
6e707070716f70706d6e6f757978746c
636b6f696f6e6c6d6d6d6b6d6b6c6e6c
716b676d706f69696763636464656562
7271676971716f676969656966667173
74757676777574736770746e6b696665
746d6569686f756c7272686769697172
7474767674747574706a666570706e6b
707170706970706d6c6b6d6b6a686d72
66656562636462616161615e56575a55
9681696a67676764717470747d76656c
534f4a4c525456555960656778859196
55585d5d5959554e535b5b5e53534c48
4e444e575453584f4d453f4f49515150
5f5b534b48514f494b4b4a4a5862665b
4d5c6a6e7a75887e77695f5e62636461
45423945564d494a454a4b48454d4b4b
605e5a57535245414445454646474745
433d424c4449494757595d6262655f5b
4d4a50554f3c373b413d4140423b3e40
665b5c59544e413d343e3e3f3d454a54
6861645f584a4f565a5b6165635c5563
5f5d53595b676d6b6a63656f70736e6f
6867726c6b6a706b6767656160625f61
4d4a5d575e615d605e5e5a5e605b5f64
504d524740444b4d4f4f4e4f514a4542
595c6162615a524c4e4f53535a5a5854
64635e5a5a5b576363696b615a5d5b59
5c5d67707268635b515249635b5e6866
6d6b646969666667676360666062615c
717172746f6e6f6462696a63696c7c6f
3236454a514d4f5253636d6c7568787b
6c63676463635e5b5041383434342d32
6f706d6c6d6e6c676d6e70777a7f746e
6b666365706b666360635e636c6d6f6e
6d676f7070716e646562656568686567
746f6e6c7273716e7370696669717374
7673767575726c74747476746b686475
746f64686c76736b6f6d676a6b737375
74747670747375757571696c74746e71
7171696f70717172726d6d6764697472
676563616362615c62615e5f5a5f5754
7f765e6466686867777c6e7087776869
514f4c4e5451535959686460747c8481
58595b5a565955515557595a5b4c534d
494a435651504d504d504b52505a585c
5c5d58484a5041514e4b4b4b58635c4f
4b697073766c707970585e6060545d57
44414c4f4d4d4e4a4642473a434d4b47
5f5d575358544c494848474848474746
44423f5a5e4f504e565d63626161605e
4c525a584e474043444445423b3c3d40
5d5a4d53504e45483e3441403f48355a
6f68665e55515a5d4e595964605d5558
5d5c585e63626e66645e68746a717477
5d6e6d6a6b686a6c696665656160595e
46494c595c5d5163615d56594f5c5d5e
47454d4f4b4c494b4b4c4c4c51454345
5b5c605e53514d4e5154555759574a47
62615b5d5a5a6062626263615b605d5c
5a5f666c6b706563624d53575b5f656b
6d69606e6a63636a66646260605e5e5e
6f6162767377726663646666686b7975
41453d455356555652626a71777f838a
6a64636260635d57493f37353531343c
70716b696b6863666868637c7b76726d
666b6668676b67635c61656f70707071
6a696a7172726f696a6a6a6b6a6a6c6e
6b68656f73747474726f6b676d72726f
7372716f6c69666d75757571706e726e
74736e6f726f6b6e6c70707071757271
6c72696b6b6b696f7473727375757574
646a6d716f6b6a6f71736d696566676e
66676564636261605b5d65656565605c
7a70686b6a645f68626b666b766f6b69
4b4f5151535954565c615a6c7980837c
595656565052535358535d5d595b584e
4b3a44454b474944474b4b5253585859
594c5044514d4e564a45504f57545551
576e5a70625a66665a4759615b575855
45413f534a4a474c47453c424b4d4a48
5e5c595c54534f4948444347404a4848
4445434f565450555860606261645958
504e4c584f473e3c474344413a3b3a3f
605b564d544e45474146433e46483455
616a66625d5c5e59534e54605e5d5356
5c5b595d5e606b5e65645e6867676f65
5c5a616767626d75686865636061615d
525053595b5d55475d635651445a5f5d
47434046514f4c4b4d4c4d4d453e454d
5c5d5e5c5450565753544e55554e4e4e
5e5f5e63616163646464645d6161625d
59626b6868625a675d5656584d615d5e
6b66606c696866696360635d605d5c5c
72606870737b74676b6c6e696c797570
353947595e524b4b4f65676e757e7f7f
69676a6160625b524e3c34323234383d
6f716e6c69676165645e6f73766d6f6c
6e6c6869666b6a656b68696e73716d6a
6e73787070717063626a6e6f6d71666c
6b6d6a7171747373726f6d6b6c6e726e
71726c6f6c6b6b67686969706f716b6e
737472727270686e6d70727274737069
76747271727274767076757676737474
6a6b6c6f6f6e6a6f71716e6b67667477
65656361615f605c5c61656766676464
7d7671646e6a665f60666a655f656662
4d50524e4e505656585e707d83757c80
595952525e62595753575e6164625546
463e364443454543414e4d5151575556
5849465145545757494b544f4c534b49
445d4d52585c5c595350555453565656
49464d474d504a48474545454c4d4746
62625d5a53524e4743464749494a4b47
4344575b56535f64575d605f4f575158
555a5b4648423a38363b434441404140
5e5f5a57544a5048464841403e55524c
6167655e61666259584b50605c5e5455
595b58525769675f69665e616162635a
5a4d5a58576c72726663625f5d60605a
523b4f575851645f58525a695a5e605f
4c46464a47444c4e4a4d4c4d4c465352
5d5c5d58535454514f4e4a4a4d525552
5b5a5b60636263646569616260606961
6b6f6e6a5b5d5b5253504b50544e5256
67605f70756f6f6d6661635553575d63
6c686c7174746f5e6773736b71726062
3841535e5b50474d446366776f7f746d
6b6a6b636865585b51453c3235393a3b
706f6e6d69666365666a73736a676e6c
6b716c676c6a64616c6a695f6e707070
7176786c60646769706f706f6e6e686b
716b6a706c6c6d696d6a676c6d6b6e6c
73726e6a6563666b6b74716569656a70
7373716a72717373717172706b696b6e
76757472737476736a6d6e7273737273
686a6a6e6e6d686768636d6a64727576
666462615c5a5f5f6161615b5b5b6662
81727c78716c6b6c67686a6468676c6c
45494b47464957595b5e7782787a8384
5c55525352524e5356544e4e61605552
41423c3b424243434b4a4a5051555b5b
4f4d414646595a594b4b494b4d4f4a46
494f544f53504d534e4e565454555757
4b5055565654575244453a4047474447
61605c594f4242413e38464847454647
41424e68555554585459605a5653505c
605d5448413c393937424a5156493c3c
63575c535552504c464947444a625356
636664605f6a685b4f4b474c595c5352
5b5957545d4f696465625d5f5e5f6061
5354585b5a5870575c5d56595e5d5956
4c4f52595d5d5b534e505b5d5865605b
534c4b464a46404b4d4e4c484c4a5547
585b5e545048544f4e4a465259555456
5b5e5f5c6061656463636068605d6a5d
666c67685c5765595d4f444742303b47
625f677175676c695d605d4f54575d5f
68676e706d6c6b697576726b6e6a605e
3f49575b59534f404f5a68746a77736f
646a656b6666585e58443b36363a3b37
6e6f6e6d6d6a69686b636e6d6b6d6d6d
686e6e6e6f6b69696b696968656e6f71
7372716d6664666970706f6f746e6662
6c6a6e706f6e6c6c6e6d6b67676a6f72
73726b6b67676b6e71726e686a6b696e
7372726d73737575747472676b707475
777676747375766d7072717473727273
66666a6e686a67696b6969706e767377
6564615e5854555658575857595c6660
827e8078746f696a64646a6967626364
444645444c5557575b5e79797e7a757c
4e49454b4c49486161564c626b5f5952
40404446454445454c4c4d515957514f
555a5d5f5d5a5c6147484c4b474b4a43
44514b504c4e4946504e535250515757
4a545b63655f5446433f3a4246454446
525351574d4443413e3c3c4340484848
444a484f505153594d52585754534b4d
6e5e504844403c3d424040475b564740
68655a59585855514b464a45415e596a
6364635e5e6461585450454355594d4f
56575751525b6551605d565c5b565b66
5e5c575961625a5b5f5e5b5f5f5d565a
4f52555a595959575b5660686663595c
4d534c4c4a40444e4f52494554564d4f
58535152584d43444249484a57595555
5b55595c555e5f656363636666605f57
605f61645556534f423f423844443f41
666c6e6e70736f69655e585055555a5b
6c6d6f7072716a656f75776c6e6a6064
40514c595e5c4e4d52545e68636c6e70
656560666063544e473c363535383c3c
6d6b6b686b6c6a6d6c696a6969696b6e
71716f6e6f6c6c6a666d6e6e696b6a6d
6a6c666b666b6f717070706e6f6d6267
72727374736f6c6d6a6e706968676f67
70716e66656472726f6f73736c6c666e
7272726b687176757574726b72757576
74706c686968686a7175757471726d72
62646a696c6c6e6b676c72716f657776
65625a59565455575654575758636257
7d878b80737177706a64616260635567
45424245494559675d6d777b7c807775
46443a3d494556635c545e68725f5246
4a4c4741414247464e4552575a564f46
575d62615b5e65704946524f424a4b4c
3a393b4b4d4d53534d48485453525756
4567606564696d53473f3f474846413a
554d595549443f443a38443e4348474d
484e605b6662585e5a57524e4f52534c
71504b484741403d4b3e425c57534c3c
6d5a5a5a5c5a55514d4f4c485255596f
6163625e5e5d5b54514c4d4f51554d4d
5a59534c4d4f4c625b5c5d503e4c545b
605652666e6564656762635e55595a58
50525657535b555b585a605d5d615e60
57564f4441474b4e4e504e4b55514f4e
595b54554e4a43444748454c50515351
57545a5c5a62696a6766655a64686057
5c64695c44524d4a42413d3a423d4762
6a6b646e74766d72665a565252545452
707070717671617278716d6b746b6665
455d5b545b6054474a545d60686a7171
69685e615c5a544b453b373635393a41
6b6a606c6b69696e6c6a696665666c6f
71716f6e6d696468676e6f6c695f6a6c
6b67666665717172706f6d70696b6367
6c747575776d68696c747267676d6d6d
6a6d6b61666675736e7072716c6b6d6d
6f6e696767636e6f6e6c6a7375747372
71706e696e70696b727174746f6d6e70
5d656a68686f6f6a6d6d6c6d73737472
5a5958565757525e5d5c5a5c62656362
828b8c817b736f6f64635b5e5a616154
4549484a4a4f59605d5b677883837b7f
4342475055575d5f5b5c5b6350555041
4242424243433f3d3a4f535b5852534a
57575657575e63644c484d4d4a4a5151
4341455250504f525964695d4d535757
4c696260706057493e3a3d3e45444643
55565551424247484342444242424742
4648505154536163585b585551525046
67564c4e493f465246434e62625e4f47
6f514e5956545256534e3b465c3f5e5d
6061605e5957514e4d4f4f4e4f504e4e
59544e4c444d4e5556545e524853535b
595c656c6c6364625f5b64635853575f
47413f4b47595858575e5f595b5e605d
55534b44444747524e4e4b4d504b4447
505a534f474744474644494b4b4b4e4a
605057535a63626a625c5c5f66666055
5158564f4d5148404545464540405c73
67696a6a726e6b73675b515455545751
7272716f6e686773767a68656e695f61
525d5a5d5d5b59504c5655616c6b6f71
585958585b565249473b3334373a3b44
63676d6d6c6d696e6c69676768635b5f
70706f6d6b66606366636d6b67646963
6367676b6a6a6a6a6f6f6d67636a696b
6d6b6974756d6c6e6d74646a6c6e6b66
70706c6a6b686c6970686f6c67697072
6d6d6a685f5e666d6c6a707574736e71
6c6d656a72726e6a717371716f6f6c70
59666e6b6f6f6d6c696970737371716f
56555b5b57585a615f5d626363625857
8e8c6c686f6d6762615e575957635d5c
4447464e5052595f605d70848f7c8089
3e4749565d615f5e66685c6a62525045
3d3f3f3f423c43474a4e56565058564e
555554545458605b4a464e505956504b
47474855505355585d5f5e5856575656
4b665f596c5b4f513f3c404245454848
544a504b4849484844403d424143433e
494a4a4b445165635d5c5c5852514f4b
625a4b464740464c635c6762565f524b
71564f5161635c625a504942494e6660
61615c5351534d4c4e50515252504b4d
58514e4f43414e4e59585f5250545865
5f6156625f5f605c544f514f5652545c
4240403e3b545657585a5e5c5b5a5659
4d4c4a49524e4d4e4d4e5153514b4345
505a5351474047484243574744494d50
5556605a5767686a6660626767605752
4e504b5154514a42494b4b444d51686e
5d5a5a5f6263706b5d51555357565754
6c72726d6d6a696769766b605a5f5e5f
535b5c5c5f5c5c53535455656c696770
5f625c5e5757574d473d3a33313c3d44
6463686d6d6d676e6a696868645d6064
6d70706e6c66646163666e6a68686263
5f61656c6a6b6b64636763616167646d
7273736f6d6c666a7172726f6b6c685f
716d6c6a686d6b6f6e78746a606e7170
6d6d6a6b6c6a6c6c6d6e6e7576726f6a
6d69686a6f726d6e72687073716e6f69
5f6a716f6b69676463646e72716f6f6e
5b555e5d595a5b5c585461625c595354
807b7a726e6b6758605c595564645b56
4b4b4f5050575c5d5f708782767a7a79
45494f5a676662656e6a6a7561595047
3533323334354349535a5e61515b5852
4c5055778c545e55424b4a4d53554736
484b50595e5d5a595957575454575656
475657575e544b4842413b4147464949
4d46424b43413e434444403d42444044
4d4d454e424a515c5c5c5a595451504c
5e5d524a4c4253616a6d7465534f4451
77615f63686860625e57554f51596265
57494147504f55525254494e4d54494a
4c4a4e4d4b4f585153524d4a4f515857
6258575e50555552535554565653474f
3e3e3f424b51535755504a55525c5f60
554d4e5151504e4b4c4d5155524a4543
504e55514b48484a454b4e4141454e58
595761576066686a6a68696968676058
56545352514a474d4b4c47475b575966
5b58565f636a71675d595a4d4d53524f
6e6f6b686c67646168775d55595a595b
36465c5b5e5e646562595d606968676b
65625e5f5d5753453c423a35393d3d41
66676767636362666b6a6b6865616262
6f706f67606062646667676b6a696665
64656d6d6a66666463636c6a6760676c
7373736d6a6c676a7272716a696a6663
6a6c6b696e6971716c726f686e6e7070
6b686b6e6261626c6c6b757575736367
6d6c657275716d74716d6c726e6d6c6b
6b6e6f6f6b5f62666d6f6f71706c6d6b
58525a5557585a5659575a5c5a5b5358
767f7469585963636058575561645c57
4a4c525459565e6565757879817d7475
5958575a5e65646c6e676a705850444c
333133332f2d4b53696d6e6d62605d59
4f3f4e5c5b526561615a403d4e4f3f35
494b444f58646263615f585355555654
434d525251524a494947474749484848
453d3d3d3b3939393f43454445434244
4f4e4c484c51525a5256585559494c4e
66695a4b565b5c596360625e5b544751
766e636f766f6b6b655e5946585e6666
504c4b5151535353504b474d55564647
4e4e4d4d4c4753645e59554e544f5453
5856585652524f535153525556545350
3d3e4145485052534e434e4e53635d60
544f4f504a4d4c4a4a4c4e535149423d
57554c504f4b443e4a474442434f4f59
4d565f5e626764626a6a696b6a62625b
55554f5253504f4c4a4a4f565b575d5a
595a615d5d6462685c56564f4c545552
6d606863625b57526062544055575655
344f5f5f5d606a6d62595c5f64635f6b
67635e605959544a44453c36383d3a38
686867646160686d6c61606a68636365
6f6e6d6366636563626265696c6b6a69
6b6d726d696865696f6f70716a676764
7575716e6c6a69666263646b6c6c6967
6d706f6c6e7071706f6a646b6d727373
6a6c7073646a706f6d6b7574756e696d
6f6e7072757372756f6f6a706e6e6d69
76716e6c655e65686b71707071686c6f
5751545a5d5f5e56595c5f5c5a57585a
6d68725d5660605d5d57565a60625d5c
524a51535956537c76746a697777746e
5959595a5e626c746b675e5d504d5052
403c3034302c5659646a696b6e625d63
4b3f4c4c3f33644947434e433b3d3741
4a4c5054586965636159565755555552
42505759554e5c554a49484645484747
453d3c393c3d3b44424b4e4747444140
4e464d4c43494e535d59594f474d4b49
645e464b635f5c5a6661615d5651504d
70626666807b7c716a6b605a5b5e6a67
4d46454a535353524949505157514b4c
4d4a4c4a4f5254585d5757585854524d
54595e59575554545454565458535551
4544454d4d57514d464248495463585a
4e504d48484b4a48494a4d4f4e464344
595653534f4f4e4f4b4847423f4f5557
54535e63635f61696a6b6a6a7360605a
575050575c5d4f4c4c4e545a61586459
545a63676a6e6f6e615e594b54555457
66655e5f5c57565d514f4d4055505254
3943575f5d5f65695c595d5f61626364
68635e5e5f5c5a5847443b31383a3338
686b6c6866686c6b6f6766666a5e5367
5b6f6b676e62605d5e636b6a6e6c6565
6c70716b6a6d6e6d6d6d6f716c665a5d
74656c6b6e6e64696d6c6c6b6e6f6d6e
716f6c6d696a6c726c6a666e6b696d6f
6c696c65636b6d6e6a6c6b74696c6f72
7170707275737372706d69676a70696a
6b6f6e6b6168686f68696e70706c6e6f
5254595b605f5e5c5260605e5a585b61
626562605d5a545e585656565e605b56
454f56645a594b7a797a76746f6a6f6c
5d5b5e5c60676c71565761564f535351
45403b42474c595c6362696b68666264
4f514e4b463c3c3f446a605348453b34
4b4f5156636b676160605b5959575652
444e505750494d4945474a4746474343
44423c38383f454042434e4944434241
4f484b4e4d5155585c5b60524e4d4f48
5e594b544d4c5f5d60615f5e535a5751
6b5f7071737776747978684863696b68
4c4c4b4d515354534b494751574a4b4e
504a494b515050506e56575f58544f4d
5a5b595b575350515355565456595755
484b5050575751544043434b4f5a585a
4f4745423441464747484c4943454647
56534d4b534453494748494b4d4c5c62
4d52585c606068696a6b6b675f5c5759
57514e5755524d4c4e4d595b585e554d
5b61676a6d6c6a695f5d5b5359585959
5c61625f575052465151504e52525153
324c515c615f605c5d5e5d5d5b5c595b
61606163625b60575350473638373436
6a67666a71706f6b6e6e6c6c61635867
626567616f686967676768696e696767
6e6b6f6871706d676967666f6d635f5e
686b6c6f70707070706d68686d6a6e68
71706e6e6e6d7072686e6f6f6b65656a
6f6c646366686f6d6b706868676b6a71
717071727372706f6e6e676b71726d72
696a706d6f6c6c6b69696e6e6e717172
575a5f6061615f53605d5f5d5b575763
62686960635f5552655d57555e5e5a59
4347616a5e5b4f4b7474746c626b6f63
5e5d575f62686a6e5e4f55535d54554c
453d40414c4f595c636d6f6a6e696464
565651494842454768776d5e4c474636
4c504a576b675c616967635c57535757
4e4a4e4f474e4e4c4744473e41444149
49413e3b464647474c45444246434347
4f4c4b4b4b4d595a615f615b4b504d48
65655c56565f656361615f5c5b5b4f4b
6a707a767076807f7d7b6c6567696567
45444649484b52524f4d565856544b52
52544e4b4b4c5b5e5f5d5e5c5b4c5348
57585b5753535555575d57535f5d5a57
5053515556574c47484b384c53525447
4f464843424343444547474644454744
565250464b4e4d4e3d4b514e4a4a535a
454c50575e63666e6b69695c4e5a5556
5948525757554e4d4d4e5a534d5f464d
5e6366675f606766645d595c5d595959
61655f5b565552514b4942494f515756
3146545e61615e6061605b5b5b5a5659
67646a68646a6963655e4b363735322e
6a6566657271716c6b6c696662656165
62605f616b6d6868676969636569696b
636f6d6a6462636266686a6c6d696163
6b6b6d6f72716e6565676a6869676d6a
726e6d6f70726d6d6e6d6b6f6e6c6a6d
716b6265676a716e706e696766666d72
73717071726e69696b6d6e7071706f72
6a6a6c6d6a6d6769666b6e6e70717273
555c5f53585b5e585d5c5f605b545f64
6160646567675d585b5a5a57555c5755
55595c585a59615d83766d65685d615f
6059565e63655f666768625f5d585351
442d2a333c5055586e6e6b6b655d5f61
5b5d443e3d3d44444242404747494645
474e4b5c5a5d5b646a68625a5758534c
49504e4f4b4e4c4645423e3d3d45464a
4e4944383a3c42484e5245343a434444
4d4e4e3f4a525c6166595f585050515b
5e6158574e53616156585b5f5a50474b
71666b717878827f7e78625d696a6766
4d4e49414b4d4c4a4851514754564f55
5156524d4447545056565a5557585244
51515754575d5b5b5b5d5f5d695e5c59
4e504e5461605744473c374551535051
4e4e4b494441413f4344464545434548
544e4845444b4a4a494c4c4d4b4a5554
3f41565d5d696c6b6c6e73605558564a
56585a565b555153524f554b4a554a40
555f6768645f6765625d595a595a5658
5e635c5550504c4a4a4c4d5556545857
3947575c5e5e625c5b5e5a5858585755
646067686a726e64584c483838363530
6c6a6a6d6e6c60666b6c686463656364
5e61616a6c6e6b68656867656568696d
686f6d6a656261626b6d6d6c6d6c6961
6c6d65656f6d6b666863676966646d6c
6e726f6e6c6a5a6d7071706f6d6e6a68
726b63686e72726a737068616a6e7073
747371716e6b69696969706f716e6d6a
696b6d6d6b6463686c6f6e6770717270
5b5e5a5a5855595c5e5762625e5f6263
5c63666a6a6a6664635d56565b5c5150
464b5e5d5a585e60676f696d645a5454
5c5a575a5f575b6b67685e585158584b
422e2c303c4e5a6b6264636662625d5d
5742403f424043444241414148474745
434d4d54555f63666664625f555a544d
484d4e514c514d494745423e3d45474b
544e49443f3c3e4244473a4a4545404a
4f505155565a5f665d5e63645959544e
65665c515e5f656f69635c615b564e4b
6f6e6c6f767d7a7883786f626b686563
5351524f454c4e48474d4b4e5358504c
57544e4b4f4f4c505655585a58534e4d
52565d5a5d5c5b5a5d605d5d645f5c56
414956514e635a4d3f3a475253564d52
504c3f38424141414240414243434346
4f45464340414346454a4b4e48595b52
4548565562656566696e6e635b514d4d
50525657525451515249554e48514e48
4e5b68696f6762625d5c575658565250
584f545353514d4b4e4f545958555b58
404b585b5c665f5f60555954595a5457
65676a6d707474695f443b393937372e
6d6d71706f6764656c6c6a6762616466
6563666a6e6e6d6a5f6260635e6d706e
6f6e686a666562616e696e6c6c6b6866
696b6c6a666f6e6a6a6864686863696d
6d676e6462595c6f7071716f706e6c6a
686662676d6e6f71716f6b6c6f706e6e
7573716f6d6b6a6262686d6f6f6f7069
5f616864626661696e6f6d6a64696f74
57555455575652565f5f5f615a616462
5b646d686a6b6c696355565c5d5b5553
5053555d5c5f6365676b717a60595b50
5a5453605f585f62726b574b53565455
3d35393d4750515b565864605f605c5a
513a413e424242424244464249364544
4a4c505b5b5f666c6c695d515d5c544d
4c48474c444248484a4a494546454449
423a4441383a4345404342403f453c43
5955574a5d606265635f6464555d584b
6769605d5f616b6b68625f5c5f595057
6e72726c72787b8d8f706c686a686664
5d5a4a4644474c4b4b4b4c48545c4b47
5855545456565b59585c5d5b5d5c5d5e
525459615c5b5d595a60645d555b5859
4046544c5d6d5f4b4b494c5457555352
524c3b3f4541414240404142413f473f
46494843414247474446494a4e605753
464a4f48555d5e6566756e635b57474b
5556595a5459575653465752504a4f48
56576866656764615959625658555154
5049464a464d4f52525455565b5d5d5b
414b51575b5c5c55605b5a5653555452
67686b727477716c513f373939393830
6f646d6c6f6f6e6d6d6d6a6860626467
61626f675f6b6b65686666666b6e7370
6d676966686460666b6e6e6c6b686762
6a6c6c66666d6a6c6b64696e6c6c6970
6f6f706d62656d727072716f6d66676a
686962696d7371717070706c70706e69
716e6e6d6a6667626b6e73716f6d6f68
5e6568676762646868696d6b676c7175
57565659575254586160605f5f5f5f5f
5b6568696f747b75665952545f5b5354
5556575a5c616666676e696f6261605d
58555c61605a5a5d666b4546575d5857
31363a3e4d535a655e616464615f5854
49413f41414244454547464449413e32
5152555b5f616d706f6b66636256524e
494b4c5452504e4d3d3f4a464745484d
424c4541362e45454645413d3c3c3c46
555f5e595a5f6464656463605a555341
6c6a655e586664726c66636464555b58
7d787c747377776c6e69776768636165
605a504a444043474948464b52524948
5a5756545c5c59565c61655c67645e5c
53535b5a7062595959565c605d5a5459
3a454c575b645a4f465051565c555454
54505a57484545404041424243484943
3c4746453f40474645464a4c54575152
42464b4d505b656865665e5a564e5047
595c5e605d5d5d5d595b5551504b4a44
5a62695e5c625e5e5d5d545c56515454
44444d4d5153535953595a5b5d5f5e5b
3a4d5458575d4f57566059545250514b
6c676e7373726f684a433c3938383334
6f6f7071706f6f6f6e71656360646466
696a64635f69676a6863676569717673
6d665f6c696362646a6a6c6c6d6a6560
6c6d6f6e6c6c646569686a686c717172
71726f6f696069727073716e6d6b6c6a
60606e7172716f6c6f6f707074706d73
726f6c66656a68666d70737270626f6a
63666467686261696c6c6d6e6f6f7175
5d5851565151515a6262605f5d5f5e55
5e60696d77796f6f60535658605d565d
58525b5e605558646a686266585f6464
57595963635b535157503e4d585d5556
3b39323d4c635f5f5c5e5f5e5a595951
4545424145454344474845474a48483f
5050565c5a606b746e68574d6557534c
4e485151504e4b4e524641464b45494e
4f51463f3636374034423f3c3a3b4c4b
5d5d585a59616760615a60605d5a5c54
6b6d65605a636f65686d69646463576a
7c727b7a7874756b6c7471635e616565
5e5b55504743444a484445454e4d494c
59575b5c5c594c575c58625c62585354
545c5e63615f5b5c605f6065615d5b57
46494d4e5c5c555b4d58585056555458
565f61494e4545424242434444484246
4844433f444747464646484a53575352
46474c4b4b64615b61606455514b4b48
5852545658585a4f4d5c54504d464b47
686a6768696961545b59554e454e4e51
504e4d5054525550475c5d5f5f5f5f60
3e4e585f595c5863645e5954514e4b4f
6a666b6c716a636352423a3838373536
836e7273716e70727371676159626568
6b6e6a6b6b5c6063646664626170777c
6c675e69675f64636d6d6e6f6d696868
6c6e6d6d686568696a6d696769707170
70706f6c645f63706f70706e6b6b6b6d
616c7271716f6d6e6e6f696964666f70
716e63676b6a6b6b6a7072736c696460
626b696b6a66686f6c6b6a6c71707274
5f5a54505b58535a61616061615e595a
63616a6e74715c6d64605f5f605f5f60
55535d6259525d646c665e5a545d645f
5356585260584f52504b53565d585152
453f3e4248605f5e5f6063616458554f
453d3e45444744464b493e4c4b4b4d4b
5050585c59595e66685e574d6152524f
4c4d51514d3e454a4d484a4e4e484a4e
555039353838393c37323d3b393a3a4c
625d666461605c5a6062626262546159
67626664626968676a6c686a69636767
77766c6a79706e706a6b67605c5d6262
6c61574b56514e4c4244414640444751
5e5a5c58564d52565c595c5d5d5e5964
5b56555e615f5b615f5f61665f605c5a
4349484d5357595b4c565c5553534d58
5c56464f4241444242434545484b4647
474344444649464645464a4d54535758
48494b46525e5b5a5a55585b4e4a4a48
474b5555646053504c4e494e45474d4b
6a6b67636b655f585b5a524a4243434b
4f4d4b5151535a5454585a595f565f67
414f5a62624f576166676358534e4f50
66676f71665b5651483b38373635383b
6b6b72736a6769726a6b616161616766
6d6d696a66636561625e625e666c6f6f
6a676868676466696d6c6a636b6a686a
6e6d6c6a626a69696d6a696a6b6c7173
6c6662676a676d6e6d6f6f6d6c696d6e
69716f6e706f6f6d6d6664666771706e
6e66696a6965666b716f71656362655f
6870636469626c6d6e67636271717272
5f5e53535a59525c62636261605e5a5c
67696d707369566b675f5e5c5f606160
52565a5c57545c64666051544e596060
4d5553545a5347453d4a585b55534f52
343c3a43484d52515a55585e65624d48
3d4143474649423e454948494a4c4e48
4e53595a57555d5a5c544846494f544d
444a4b4b47474a635e51564f4849494e
4a3937393939363636343538393d434c
686b686a6763615d6361615f605d5d54
6161635f615e696b6b6a6c7072727571
6b6f74686b6a6f686a6b615a59595e61
60605c5a594f4c45474340433e40444d
5f5e5a5251545654535859565f5f5b5b
424f5156555753495b5d696a5a5c5e5f
46494955545a5d555a595653564b4742
46584b444e46403f41444645494b4a48
464544444447464545464a4f51525451
494a4d4e4f514c5555544e524c4d4a49
434a535559575450414b474946484c49
656b56596e645f565856545145454641
524f4e5452515553534e5c5c5d575668
3c4e4d53555b5954645f55554c4f5151
696d635e5c59524b403a363038363035
6b6f7373706f6f75716d645f605d6365
6a61606966666563605f635f6967686d
66686566676265636b6c6567656a696a
5f61656c676867656e6f6e716c6e6b65
6d6e6e6f6f6d6d6f70756b6b6764665f
616f6e6d6e6e6f6c6765666a70716f6d
6f6e6d6a656c6e6f6d70706a6562675e
6a69676462606a6f6f67686671717170
585656575a56525b5f565761615d5a61
6e6c6f70706e6665635d5c5e5c5f6058
504753575a5765616065605556586063
4a4a4b4f534d48464c52595e4d4f4d4f
403d403f484d4d4c5056595a59565847
45464849474a4a48424c4645494d4f48
484b5c5e495a61575b564d50585e5745
2935412f4950575f60635c534e49474d
42393d3b3b3a3a3a3a3a3a3a3a3e413e
6d676e61716d5b5d656160605c59454b
63616464625c676b6b6b6c797479756f
77766c785d6d6674676e62584e575e5e
5e68615e5b594f483e3a3c41393f444d
625c55515452525253575b5d5f555860
545452585856525754535c5b5b5c6364
44454a4e51555555585a5352564d484e
4d4f4b50463a39363435333437493642
4546443f4245474747484d4e4f515354
4a4a4b464d4f4d4b5053504d4c4d454b
5451594f565c51514f4b504a4b4b464a
6869646766625f584f50484f3f444d50
55545555535253504953555d56575664
464b5051595e54525559575451505554
6d6f67635e5c5348423f343031332f37
6e70747372758185736f666358656666
69666b6c6863605e5b56556769686669
6a6967676667686a686b69646a666a6b
66636a6f686d6b6b6a6e67666660615e
6d6b6e70706f706f696a64636261615f
63706e6d6e6e6d66656463666d716e6d
706d665d656c70716f716f6e6d6c6861
676265696e6b686c6f64636b70707070
5857575151525c5e5c595b5f5f5d5e62
6d696e716f6e6865605d585759595755
4c4c4f5d5a60555e64635e5c595c676b
4647464b4b4c4c44494b504f4950524a
3c343142463f3f3e3a545b4e50504848
47484b48465645454e47454d4c4a4f43
40394a41576067615c5b5c5d5e595544
32304136494c525667665a514c484549
4949443e3d3e373635383b3438423e32
69696c696766625c5856535552495046
636161605f5b5d686b6866756f78746c
70786f6f5e687375686d635b575e5f5f
5e5b60605b5746464442474e514e534d
514e5152514e4c4f50555b5e605f5f63
4d52515451504f5a585850515b615954
3d47464b484c52585456565c554a454b
54524b483f3d38343334343535423e33
48454644464646464447494d51515454
4b4b4b454e4d484c4c4c4e4d4c4a464a
424b5a535369545453514e4e4b4b4951
6968696865615f57524d4c5247454540
575655564c5257504d54565958575663
35363b52585855585f614c414d545657
6b6c67615f5c5349524e4b3334313638
6d6e6d747971817971776b605d64666a
6b6b6c6d675f5d5f5e5968676a6b6c6d
626a696266666c6d6c6764676c6d6c6a
6262656e686d6d6b6c6f6b656465625f
6e6e6f6f716f6f686b68676a68675f63
6d706b69696c6e6965656d6e72706d6c
6d6c66636666726f6d6a686e6c6d6c68
6569696c6f6c676d6e6a636a6f737273
585b5c5b595e5e5e5b5e5e5f5f5f6166
6f6c6f727267635d5d5a565559595a58
4b4a5b5d5f605b5c5c605b5a5e666d70
434548474548454e53524f4c4c495051
403c3f413e3d3c3b3d49484649484543
42474b454b5448494a49474a52505042
40464b535f606b615056626459524144
313b3e3c4d5758536765584d48424745
554e3f4240403d3c3b39363938323631
696f6b646666635f574f44444b4d4d42
5a5d6061605c69686861617168797d64
7c5f656862727373666864575e5c635f
5a5761636457484a4a4a535b5b5f5e4f
564d50504a464a535555595d5f646163
4d505657544c454b565354575c5d5a55
3646474a4b5356565253585754494350
48474f47403b3133333334393a383d3e
474346454646454345474a4e51515151
514e4c514f4a444a49494a4746484747
414b5c636f54515051504d4f4b49494b
595c67666367655a4b514d504b494746
585655564f5656525154565857565b64
37404c51585b59565751423a4d4f5957
6661665e605c59583637373136363534
6b6b6b6f766e7477726f706a646c6666
6d6c656967635e5e616666636467696e
6b6c6b6761626d6d6966636667696a6b
63616a6f676a6c6d6d6d6a62635f615e
6e6d6f6f6f6f71696b656a6b6c6c6364
6f716a6b686e6f6d6a67696f706f6d6d
6a676867686e736e6a6868656a6c6b61
66686a6d675f64676c6e6c6e6e716e6d
575b5d5e5e5e5e5e5d5e5e5f5f605f65
6f6d6e5862635d5d5c505457595d5b5b
585a5e5e5e5e5f60605a575d666e6863
3d3c3d4347494c4d554c534d4b474955
403c3f383b3b3b43434444444544423c
474a4c4b494b48474745464f584e4947
4342484b5158625e5c5d5957564e4841
3a3d3e4c5c5a5d6f72665548433f4041
4e4a454240403f3c3b32323334323c3b
72756d6768676361564a40434b4d4a45
5a5f636764686b6262565f70666c6e5d
585e655c626f6f6e6167645659575e54
636161696a554f575553585a5d625850
56524e4b4b4f4a5453555a5c5f626460
575c5f5e4f4a45464a50525a5e5f5852
414d4d4852575a5c58575a5952474b4f
4e4650493f3d35383737393f3c404343
4747473e474645494b4d4f5052525655
5655534d4b3e443d4747484c44474646
4f5157666b60514e4b4f4c4f4c4e4d54
585b656c69625d5356524f4f4947454a
51555755585756555552505657545d5f
393e4e545e535855564d4a4c54565951
6362615a5d5f5a59402a3a353737383a
68696a6c6e6f837571706d6c70706567
6c6a646a6967646363666568605d6369
6b626c6a6765676f69676565686a686e
6a6b6d6c6b6d6d6e6c6d6c6967616260
6d6d6f6e6c616d6967666c6c6d6d6c6d
686a6c6b6767666c6968666f6a6c6565
6d6e6d6a6b70706e686663616e6b6467
6968696b6763616b70706d6f6f6e6a6c
5c5d5e605d565d575c50595c5d595d57
6b695f5a645e575c585050585e605959
5f5f61626d63605c5b5b576066655b64
383a3f4347494e50564d534c494e545a
3d363636383b3b434241403f3f423432
494b4c4c4b49473e384142565b414842
424d484f555e5d595b4f5054534c4946
3d40464a5f69606d6557503f413d3e3d
484a47433f3e3d3c3a353534393b3e3d
797a75645b5f5b5d534c43444b494a4b
5860686c6c6d686461615b5a5b676869
606263615a6c6b6a60685f5956575a58
6465626d65574b555558585864605851
55524c4d4d50525253565c5c5a656965
585e675e524b4a484c4e545c605d5257
4a3e53456056585e545746504d46454d
514b49333c3e3c3b3c3c3e4244414145
46443e424246474c4b4c4f4c4f4f5152
5f534f4d453a43424248403e43413d44
525358524f48484548474a524d4c5961
6162656e6957504e584e4e4f4b484749
575755534c4f4f525756535757585e5f
373a4a5156535655544f4e4d57565155
6460625f5c6560594b41342e37363839
5f626e696565797874706e6f73706764
63696a656869656364645e605b625f60
6a5e696e6968636b6a69696569686569
6b6d6b6a6d6b6a6d6d6b6868695f6265
666e6f6d636b6b696766676b6b6c6c6c
676d696a6a6b6b6464636c6b6a676565
706f6e696b636f6c676361626f686565
6a6769696563676a6a6f666d6f6d6e6e
5b5f5f5c5555575d5c54535c5c5c6162
6664696b5f5a525b57535453615e5656
5d55576f6e5c5a57514f515151545a5f
383c3e3a46494f5158554d484a51565e
43403e434242454341423e3e3c363534
3e4b4e4d4640413f353d3e4a4d3e4c47
49484d51565b5e5d605e584e554f4838
3f424244445d5f605d454141403c3d42
4b3f333231322e3b333535393d3e3b3c
6a6a68635f5c564f424d43444949494a
5a64696b696a5d5d59545051555d7273
65595e5d6868686866605b5d544c5456
6c6e676b685d4b4f5b5b5a5b62625651
56514d4c4f4e5151535556595c5e685f
505150514b44444a4a4e53575a585058
47405641584e59614b514d464644494f
524d403c3b3c3c3c3e383a3b45444549
3e4241404346494b4b4d4f4e504d554b
5e5b4a4a484744404045413d423d3e42
4e5353514e494a444a4b5453504b595d
5c595a5a4e423f45444142444b4a4c4e
5655544e4f514d4f5250555455585c5c
3732374149505754514f515557525458
60606563645a5b554f3d383836363739
5a5a5d6c6a6a7d7874706c6b6c6a6661
636a69655e5c626562625f5b5c5b5c5d
6e6c6e706b69696b6a686a6869686463
6c6d6b6d6d6a6b6c6c6a67686566696c
62616e6c6b68686b696a6c6c6c6b6768
696b696b6b6a6d6c6c6d6c6b6a656869
66696b676967676568686b706a676768
66685f6865666a616c6d6b6b6a6a6d6a
5c5b5c5759575a5b5b51575f5d5a5e60
6163645e5b58535b5853505263615e5e
51454c7064565151494a4e4d4c52585e
393c394144474a435150454b4e425558
4649473e4645484442413f3e403b3e3c
464b494343403d3d3e44404b46403c49
48525b5a5b5b5a5f615a574f554f4543
3e40404348575f64574643433b383f45
4b3c323032333c3a3838303a3e3d3836
716c66685f58504a434746444847494b
595f5960706e60675b544e4e535f746a
6363665968686868675e55554c4d5252
5f726d6d635b5d59565d5b5a62655750
544f4b4e4b5050504f535654535f6753
555b5247494342444c464e575a574851
404243464c5359514a41424243464b4d
4f494141444442423f40413f43434048
3d444548464a544b4a4c504d4a485054
5851465049463f3d3f3b383f3d3f3e38
54544f504f4e4b4c4d4d4a56524d535a
56544e4b4c4542444e4748484c4d5052
5351504d51524c4b4a4c4d4b4c4e5257
3734353c53585652504f525459555751
605e6265616d68555042374f36363638
5a685e74717268706d6c636b5b665e58
6369655f5f5f63646262605e5d5a5757
6e6d6b706b6a6a69695d68696a676662
6a6b6c6d6f6c6b6c686669696964666c
66666c686866666b6c6e6d6d6d6b6764
686a686c686971706e6d6c6b6a686667
6a6b6d6c696a6b69696b666c6b6b6867
605f6563656668646b6b6b6b6d6d6a63
57565454525e5c5d5a50555e5d55545c
575551555a5b5d5a5a5757626561565a
4f4b5254504b4f4946494d524e4f5d58
3e393e43434741525346454d4c4e484b
3b3b444748474443433c3b403d3a3a3b
3841424141403c404545474545414239
484f57595d626566635c5957544c4438
3d343c41464948494a4a433b3a394347
3a36343533363a3937373a3d3a3b3e3d
6f6a64625f554e494c4b49474645483c
584f5a63636c64685a575c5a68617577
6b6d6765666468676a5e5d504e4f434b
6c73736b555a58505158635f5b61504e
514d4d4d4a48524d4c5555534e626364
53574744414d4746474c4c5752514f54
434646484b575b514940403f474b4d4d
4c4744434a4543464548494846414143
434443454146515c4d4c555351525450
52534f4d4e473f413e3e3f394040423e
53524e4f515252504d4d4f524f565254
504e4848484342444446474b4c4d514d
4e4b4e4e58524e4948494a494e534b4f
2b33404351534e5451514f4f59565653
596167657171685a4a4e4e3a38372d2c
5e5b646b67716a6a5f636b71685d5852
5e5b6060636464655f625d585f5d5858
6c6765606067666661656a6767676260
676a6468626b62636a6a6666686b676c
6a686b6a65666a6c6e706d6f6f6d6a67
6b6b6d6b6a6967696b6c6c6b68686367
6c686b6c6963626b6765686c6b6b6a69
615e5f5d5c6767696b6a6c6968686069
5a5658575a5f5f585750525d59555557
575353535a5a5e5b605f63676662615b
52484b4c4b4c4b4a4f524d504a435a5a
3d3c434146414a3b48413e4e4b474b51
3b3b3c4646484441413b393c3a3b3a3c
32404243413f4044454647484648463e
524a545866706c66665f5a5953484237
383543404a454447444a443c3e3e393d
3d39363737363b3c3a3a3b3d363d3f3e
6d635f5656514e4c4f4e4d4846444239
55555b5e6769625d655b5b626f7b7a71
6f747372656667666a5d5b5152514652
6d605f43514b4f505465645953534c4b
4f4d4d4d4a4d4c4b4a4d4e4c4a546368
4c4c4a41454948404c4e4f504d505753
454546494a4b4f49423f3b3a453c3f4c
4a47474c59464542464d4d4b44413643
454444444241495051584f4f5050494f
504e4a434b4144444240414136444441
514d494f44494c4f5258564f56515651
4c4c4b4b4d493d434a4c4a464b4b4b4d
504e4f51514f4f48494b4b4c4a494949
2c3c4d505053524d53505757595f5755
525d6869706e625156463b3a38372f2c
5f6871727f72655e5f67665f635e5759
5e5a64656666676663635f5e61605d5d
6c6b696664645d5f6764656769696865
6b686769676369656b6a666064696a6b
6a6c68636569686c6b6b6c716f6c6d6b
6a6b6b696965686569655c5a62626362
747066626160606b61666c6b6a696968
5f5a5f5c5f5f666b6a6a6a6868655d68
57575a59575156545052565b5b5a5c5f
52555e5e59585e575552575d67625e57
504e4b4b4b494b494c5250525a545e53
3f3f4045463f394543484c454c4e4e50
4246444445433f42423e3d3c3b3c3d3e
3c4042424241414241434546494a4445
47484d52666f726e6a6158564c43433d
393a3e4148454540434b433d423c4041
3e3b3f40413f3f3d3c3a3b3c3c404039
4743433d453f4e4c4e514c4945463d3a
5456595d6164625f585959646e6d654b
6d6f71656868635d5e5e5a4c4d5a5851
6460595c55514e4e525555544d4b494b
4a4c4b4c4c4e4c4a4b4b49424c4f5d63
454d433d484744484b4d505052534c53
443f444049494444434543413f424344
48474d53504645473c4c4a3e43393635
45454444413f47484b414845494f4c49
4b494944423944454245444244464545
4f4c4e4d4a47504f505553504e55544a
4b4b4a4e4d453c494b4c4d4a4b4a4a4c
504e4d4e4d4e4a4f4d4f4f4c4b474949
2d48544f4e52514c4f5256585b5c5953
585a676868655e54634839383734302c
626d686e68725f5d5f615d5f5e5c5c5e
6361626666686767656464626262605f
6b6a6a6969616263686568686a6a5f5e
6c6966656564666763696765646c6b6b
6a6d69666869696866656d706e6b6c69
626a6f6f6967676764605d5b63656263
736b62636063686b6865606868686864
5b5c605d66666a6c69696565685c646a
5355595b4e595a5958555c5a5a5e5f58
3a4e555b585a5d58565464775a595d57
4c484a494b4b48454d534e4d4c545942
3d3b42444645454946494f525252504d
4d4944454341424341403f3d3c3b3d3e
3c3a37333341414241444547474b4c4e
494c4f4f60686e6b68615553474a4d3d
3a3d4146474747484a484443413c4147
43423c3f414139363431323c3e3f3d3b
413f39414644414a514e484449484241
5456585c62665c60565b5b6365614b49
6d6c73686b6960595b5d5e4e4f5d5e51
5553533f3c55514d4b4a4a4545484a4b
4749494a4c4d414a4b49484e4f566060
4a474445454547484947475a53504b4e
32322c3b3f3f45454547474342454248
434a495550474341433a3b3c393b3735
4544433e3f3d4344473d3a4b4d4d4947
4a484848463a47474344444343443a39
47484d4c46484f4d4e59545356514f4b
4446493e4a43474941424a4947484949
4e4b4e4a4a4c484d4c4b504d4a494949
314a52505450524e4b4e595b5b55564f
565a656666615d525958373637332b2f
5e5f636e6460615c5d585d605f5f5c55
66636264676767666566656364646060
6169696a6a6565686869696a69635f61
68686866656765676d5f6667666a6a6b
6b6a69686a6a666564656c6e6d6b6768
6c6b6d6963686b6b66646064696b676b
6a67666563686b656768666967676867
5e61645e676567686969626367666c6b
5c5c5b5d595658585454595a595c5f5f
3d454b55595c524f545c6872635c545e
484448494b4a4549494e4f4e4f4c4a40
373843414443474a4a4c50545342493c
4546424144424342423e3d3f3c342f2f
3a3b354041413c3e4444403d434b464a
4a4f555e636265615c5f554a4139363e
393a3f4047474742474643403c3c4847
45444342403b3b352d2e3a3c3d3c3938
4c4a47474645464745483d4547494646
555556595c5d5a59615f5d5a5857554f
656c696368646460636367514f605551
545250435a56534e47444446474c4844
534848454c49454a4a47425056596262
4d49463f4543413f40436158524b4c4a
37323c3c3f4241454045463a3f40414f
413d494540463f3c403b403c38393637
4047443e38414344474544404b4b4546
4a4b4a4a4d4e49463736413e423b3b37
4447474742424c444e655b4a504a4740
45464648494643494848494947494a45
51504b4d4a4a4c4d48514449494a4948
38454d54535853504f52554c58525050
5864626363635951513c433b37343233
5e62626e616063605e5a5c595d5e5b57
68656068676767666666656364626261
5f68696a6b6967666668686a675c6067
696a6862646860656c6968625e6a6967
6c6969696a636668676a6c6c5e6a676a
5d6066646a696e6a6968645e6a6a6968
63626a6a6a6b685d65696a6967656661
606062625f6a6868675f636664686c6c
5b5b585c57585c55535353565a606060
434c535454565650535e63685e575357
3d33363a47454343484a504e4b4a4946
393e40373c44494b4c4e505352453f41
3d37413d414343423f3f413c39323131
353b373d3a37353737373a353d3e3e41
4952606c73726a60545d534b4239333d
333c3a3d42454346464646403c414546
414040413b3936363132343337383835
4c4a4841434645474948473f3f3d423e
5657565859564d5b5f5f5a555352524e
686b6d706c6a66646b6b6464605b5955
605c5958605a534d43434245414c4839
3b38453a43474a49474843585a5c6066
48484542414543403b4f554e4a46453c
2d373d3d4140424137333f3d3e414749
434441483e3e3c3b3c3b3e3e3d3e3d38
43443b3d40414344464742424a3d4546
46454a48525249423c3c3f393b393641
41424242423a4a405155534e3d414041
3c30383e4848484848484848483b4244
46504e4d48484d4f5047494b453a474e
3c454852585a535251504c5254555049
56546a6a645648434c413e3535353638
6161605e5e6365615d5b5c5a5a5c5953
61636268686767676461606363636362
656a6a5f66635a65646565685d5b5d62
6464606563615f606a686260635d6064
6a6868686a6b6f6c645f5e686a695e5d
6362696766676764695d5f5c63676a69
695f5e6a64666a6b645f5e5c59665f63
575c5a5c5a696464595a636a6b696968
555a5a585a595b5a585457555c606162
4f5152525454595a565a64615758524d
4341444344494849494a4d4e48474746
3b3e3d39393a4c4d4e4e4f50524b4a49
41424139414142414142423c2f343332
3d3d3e3f3b393838393636373f3c3d40
4a485c616161594e445b564f3d383537
343b3c4244444445464745423d444445
4545443e393a37373536342f2e39372f
4e4b47424347494849474a474040453c
6366635a58514d5c63564f5355585451
6f6d6c666f6b66645f6568686b606161
5a51465b4843414341414046434b4b46
393d44474a4c4e514e4e4c515a606462
464343463d3d434441514d4c45454741
3c3d3f3d3d41403d3937383d3f3c4445
444449393d3d36383c3c3d3d393c3e3d
3b4238403f41404344443e45403d4447
3f434049404449443f44433e3c3a3c37
4243434a464a46444a494743393f4140
37354043433f44413a3d3b3d44474040
4c4b4643474748504b4a4b4d4d49423c
333a4956605e59644f494c494c504c49
455d606a655f5946463b3a3635353334
666462605f62625e615d5b5a5958594b
66656566676767655e5e616567696966
5c5c5c5e5b5c5a5b646468645e636366
67646161625f66686a60625f6167625c
696868696a6a6a6c67625d6169665d5b
645f6a686467645f67625c5b65696968
64616b6c6c6b6766605d615d64656460
50525b56585e5e5f5b5e656c6b676364
58565855534e595b534c4c4d534f4f54
51514e53555660646166635c54545251
4a434349404a494b4b4c505152484851
3c34363b42464d4c4a484d4f53534f4c
3f3c39363c40424141434332302f3430
404138393d3b3a3b3e40403a3c3d3e41
4a4b53514e504a494547444e46424240
333e4042444544464647424142444646
47463b3b3b393835353a3532332b342b
3634394042404345483d494643434744
696b5f59564f4d5d6c5d574c51574f41
726e6d616e6c686562656a6c6764645f
5e52454c44433e424140414348494546
393f414a5152494d54555658585b6365
47443e413f374246473f494744454538
3c3d3e3c3d3e3d3a3736353c40424443
4443433a3f3a3e3e3e3f3f3f3032403f
40424140403e38444242424342424243
3f40414541464645454645403b393538
42434c4c4953494b47464b474443433f
4441404c464340433e403c4345444442
4645454647474b4e4f4c4d52504c3e43
393a445b5a4a54574e4e4a4b4c494646
54535a5b6462554f4b463c3a35353639
676664616263605d625b5a615a5c5d55
6464656564615e5556606565676a6865
5b5b5b5a5a585f636561676664656565
6365616161606869676261616067645a
645c6164676865656360615f5c645e5f
64676867666666686764605d5e62605d
676a6b6b6c6e6a5f5f5a5c5b65676765
54505a615e5f615c60626c6b63655e65
5559575356605c5c504d535351515253
49514b4e52565d6356534a49535d5557
47464d4c4e484c4b4c4c5152584c4f4c
3935393a44484b443e4a4d4e5054573f
3d3c39393c3544444244423535303531
423e3739404142444543413f3e3d3436
4a4e565053524f4d4843394c48444043
3b3a3c4041413f44374446453c434648
4342423f403e42413f3c363b3a332d2f
36383d3e393939383e40434246484947
6a6658584f4a45515d57545454514a39
706d6e6e6e71706b6975707a72676867
6862594c41403c41413f454040413d3d
3a4141515359515258595a566465676b
41403a363c414242464a45403e3b453f
3b3e3d3d3e3c3b3a3d3d3c3c3f414341
4545433f3b3d3f3f4040413e32354041
40433b3d3a3c3f404141433f41454342
434a4e4a4541403e474746423b383a3f
454d4d4c4647624c4d53574f504c4444
474548484c494543413b444549474244
4846404245474b4d564f5453534a3d47
333b515953365357504e4e4c4a494747
585a57575c57544e4946393835353737
6262615a62636262625b5e5e6469625a
615e5f595c625858585c5a5964646459
656362605c5b63646565676766656363
66635f5d605c576664605f6565696765
5c616869696a6a676269676666656266
606768656967676868675f5c5f615f5c
696a6a6a6b6b69605e5d5e5d68696b65
4d5a57615f5f5c5b5f556364605e5d66
5658565352605b4e4e4d4c4d50515254
4a4f4f5054555757524f4a4e555b5655
4c4c485e444c4b4b4c4c4f474e524e4c
383838383e434346494a47544e574349
333c3c3d3b3c47453d45413a36363735
423f3d414546464647474242403a3533
4a4d52544a4b4c4a4942384636423944
3131343233333b3b434543403e434647
484743423b45423d3834333e3a322e30
3d3a3b3a363735343a46464147484a49
625f57504f4f4a494a544c4b494e4943
68696d727070716e6e777b7974746f6e
5d62615d483f40414241433e3d403e3b
3d464e4e4f575657595f5f5d66606b62
413f3d3c3b414346474846413d3c393d
3d3d3f3f3f3e3e3b3434323d4344433f
444244433e3e3d3f4041403d3a3c403e
42433f3c3b3a3d3a414243423c3d4544
49494945423f43464149483f3d37363a
4b4d4e4c4848605e505c3e5051504648
4b4c4a4f4c4b4644433e464742404148
44484a4045464c505457575552514f45
362a23563c365b534f4f4e4c4a484646
65635e5c595556504341393135363739
606062636362656562605e5a606b6566
635d5d6158575456555a5b63635d5857
68686764606164655f61606462646263
6661605d5c59585f5f63646565686768
656867606b6967666669686664676665
5d5b5c6665696868655d646666635d60
6a6c6c6b646769666360615d63646360
595b5c615e5758535c565e5b5a58575b
5355585b5f514e525152545555515352
535352515355545555514b4c4c4d4d4a
4e4b5749424a474b4b4b4a4d4e4e4e4d
3c3c3c3b3c3a464848494c514d51464a
3536393d3b3e46443a3c3a383a333b37
3640424442403c3c3e45474142433e3a
4a4b4d49474646464e4c464544424243
2f31313433333e3b3f413e3e3f424043
4a484542474746423e3532343b32352e
3c3b373a3938373f41414045484b4244
625e625c504f4d494a5d4f4d504d4947
686a6d74706968676e70776976746b68
635249593e3d3f4442413e3c3f3b3533
44424f4e51504d5a6063635f656a6261
3b3e4041414043464645423e41404240
3d40404042403c3936322f3a40423f3e
4046433f3c3c3b3d3f4040403f3e3f3e
44423d3d3c3d3e3a4340434240384444
4a47434745494746453b3c3e3c393538
4e4c4d4a464f4d4a4b494555554c444a
4b4d504f4c484545423e41454242434e
43434a443f464a444b46575651515051
333f3e3c364045464f4d494948463c44
79786b5d5d58534c434137353535302f
616263636362646562605d5b5f656672
626264635f555456555a6464635d555d
67676766656463626063636062696561
65605d5c5c5a63656564656660666868
676667606a686768696963696a696563
59575b62686968666565686968666464
61615c5c6568646867655f5e5c5b5b5b
5e6060615b5956535557586159575b62
55565a5a5a55545a5959595a59554e56
545454514f50505351534e4f4f4e5150
505a554d4b47433d4a4a444d50535256
3f3f3d3d3b3f464b48464a564f544c4a
393a3d3c3a3b4641393c3b3939373b3c
3f404445474645484947404646464440
47484845434b4b4c4845474644424141
343334343e403b3f3f3e413f42414440
4645453f40404541413e3e3c3a303433
45403e41403f3e3e423c42443c494146
605356515049484b434b5250464f4946
6a6a6b71706a69716d77797878766e66
6759454c40403d4041403e42433c2f29
45474c564f525a5c65626d6564696760
3937383b403f40384440454746463f3e
3e3f3e42403e38353136393c4142333e
4747433f3c3b3b3d3e3f3f3f3f3d3f3f
363d3a3d3c3b3e3c3e3f403f44463c40
4f4943454a4b4649403c413535383536
4f59584f444f4c4c4c4c554f4b3e414c
5251504a4b49443b3b3e424242434947
474e4d4645423f43454b58595a504e4f
3a4346454552514f55504b4848464646
65605a585957534842433e3637343332
605e5a5a5a605961555e5e5b615d665b
605e64625f5f5f5a5b5e63635f525d61
67676765646464676565646364686461
65605d5d5c59666761615b5f5c636867
64666666686667686364666969656767
606060646466636465676868675e5e63
5c5d5d5b65685f6168655e5c5b616165
5c606060584f565155575b615e585959
56575a595a5a5a585858575959585659
4854575151525353534f464b4b495350
4e4b4b4c45413b4a48484f4f4851584f
403b3a3c3e3e443e46494d494f504748
3c3c3d3c3b3e4644403f3d3c3c373842
40414541444140464d4b414d494a423f
47474744434a4846403d494b44434241
3b393939363b3c3f3e424140433f4343
484643444538324241403f3e3934363a
4241383b3c3b3e3e433e373f4e474648
605a54514e494949475555504a4a473e
67676769666567607077757b85846b5a
5d4d45473e3e3d3e41383f44473d302b
4749453e4d535b60615d6b626962665c
302d2e3c3d404141424347494a484246
3d3d40403e3c3832312f3b3b3d3d3433
423c3c2f2e2c393a393f3f3f3e3d3e3f
34363f3d3c3d3e40434144464745443b
434a53514e4843414249473f39353832
524d4f5e52525353504b4e4c4f4b4e51
51534f4f4e4a413e3b42464243484747
47454f3c453f43464b4b4f595f525252
34434644425c4d4e41424a4847454145
716a5e5b5b57564c41413d3536343234
62655f5c605e575e5d5d60616060626b
5d5a5d626262625d5e5e6258575a6161
65655f61655a5d605e6060606668645b
65625f5e5b64655c5e5c5c5a5d626269
61676569626466675f54665c655d6666
626362636466666766686765615e5d64
5d5c5a5c6264626666635c5c5c656066
5c595d625b565452565d5e645f57585b
57575c5c5c595757575657595a5a5a5b
515453525150525354514f4f4e505554
4c4a4744403c4348414c4c4b474e524f
3b3f3e3e3e3b404049474a56544c4849
3f3d38393d4241464542403b373d4040
4041424645494e4d49474a4d474c473f
4b3e3a3a353438363f42484648453741
3c3f3c3f3f3b40414143424240404247
47424041434043414041413d3835313c
403e3f3b3b3a3b3f423c3e404643484a
645e58534747454545464d4842494746
66696864686665706b7775776e7c6b5b
5b56513d3a3d393f413e413e33302e2d
4a46464642505760615f6b6362756859
302f383b404243464546474a3e454647
3e3c3e3d3d3c3a363232393e3c3a3935
433a36302d38393b3d3e3e3e3e3e4040
3741413e3d403d3f3c3d484645404545
44565556514c4b494e4c494536393733
484f4d4c5555544b4847494a4e535954
4b464453564e4645464545494b4c4a51
454a41474544424b48464f595a57564e
2d3b4241464c4e4f57514b4a48464444
766e605b5b56564c4e4a3d363634322b
5c566162625f595d5c59606164566172
6263605457585a575e56556162636260
6363626564636362625e63656767605e
5d5b595b625a5b5c615b575b61626566
656868666766666362645865615a595c
645d646467676766686865605e5d6766
625f656663636265685f5f5e65666762
5c5b55615b5655545a5d5f5d58585a60
57595b58585858575757575a5b59575a
4b464d4c4346474e494e504e51555657
4c4a47463e43484a3e46454442444f4d
3f403d3d3f3e404547494d514e484c4c
3e393e3e383b404644403c37383a3d3d
403e46484c4d4e4a464e4f4f4a4b4941
4b3f3f3f3333353e4143464747434341
3c3f403f424343453f413f404141434b
46433c42473f353f3d3e403c38383c3d
3e3c3e3f3f4142423d3b3d3c3e414749
61605750474645464646434441444645
6265655f66675869717f817c6f696c69
4741533c3d3c3c3e3e3e3e39302d2c2c
48474a49454d54596a6761585a5e5e53
332f303d3b424446474344483e464c47
3a3c3b3e3b3c3a39373c3c3e3c323a38
44413c3738393a39392f3c3d3f413f3c
3f353a3b403d3b383939424345454745
585a57585245464a51504b45403a373b
52444f5a66674f4c4c484c585b5a5957
534d4e4f4e4c484b4f504f4d4e4e524d
4d413f48474544564c464f555c5a5450
2c2b3c39424e5852524f4c4a49474847
74635f585554574c4749383235322f2b
5e5f62626361605f5e5d5f5b66615f69
646360545456585e5f57555661636260
65626165635a5f5c5453646768666061
5e615d5c595a5a5f61605b5b5e626263
686767666764635c645e5e575b5e5758
636565676862626663615e5e5b656663
625f666664656466615f5f6667676561
585a5b5f595a585357545556585d5f61
5a585a5857565555565a5a5a5b5a5a59
464e4a4948454849494d545156575356
4c4b494645464a47424242494343504e
3e3e3d3e3f403d4648484c504f494c4c
403c393639383e45423f3d32363c3c3d
3f4246434c404d494b4c4c53474d484b
4a49494844404040423d434343423d41
3e4142424546484342414140403f4449
4242474a433a3c323d373c3837383d3d
3a384141424142413e3f3c3f3f414750
655c554c4b464848464745453e403d32
64625c5a656561697075796f6c676b6a
4d5c4f363a3c3b3c3c3f3e3c2d2e2b2b
46484a49454f53585c615a5a57525449
3a38373d3a42444543444545464f4d4a
3a3d3a3b3a3c333a3b3b3c3933302e34
45423f3c392b2b29273236373834333a
41404143433f3e3b3d3f434143454b47
5c6a6258554a4e54514e47423c3f4141
50596d6a524d4a475142515260645e5b
504e4d4f53544f4e4d47505149505548
4c4d4a443f3d45565153575c55545859
32383542404d4d4c4e4d4c4749454748
595e59554f4c514f4b393a3434322e2e
64636261616161605d58595f6a5e5c62
5963635e56585a6061595f6160606163
656365636360585d5b5d626365656363
636062625d5a61605d635d5457626261
686766666762605d5c5e5e5e5a595a56
5d5e6565666768685e595c595c656765
646063605e64615f615e616566676061
5a595d5c5e57564a4d505854595d5e64
4e4b4e585558585a5b5c505d5b5a5959
434845494d4b4a4c4d4e4d4c51505350
4244413b42474946494b4b4e4e4b4948
3d3e3e3e3f3e3f46484a4d4f4d474747
473e39343738393c343434333c3d3c3d
3f40413a3d4247444b4e50474848444b
414b4d564a4340393f424234413d3b3c
3d414544464746433b3d3b3b4044484e
474a504d423e403d3b3f3d3c3a3f3f3f
4040413f3f3f423e403f3c3e3e414547
615851484847494844464744403d3734
6564626768656a6d6c777e6b69676a6a
4a433b383a3b3a3b38433f3c38332a29
45474a4a494e525c584f505a4e4c504f
3c3d3d3c404245414242494b51524d49
3d3d3d3d3a3735393939353039313034
4641423c362b28262e3437373435353f
42404040403e3c3d453e464343504a44
5a595c5b56504c53524d443f3a3f4344
4b545a684e4b50494f4b4f4347566056
504f515a5b55504f4a4651514850564e
504e46434243455054595b5a56575d50
2f39384b45464d4947434a4449454444
545959564e4c504a3e373f353432312e
6163616060606261575a5b58665d5d59
516363625c585a60625d60605f5f5e61
6565656264625e5e5e5b575a59616161
6663636563605b5d6260595758636262
676665646461636264625f5c5e5c635e
61636768696a685f5956636465676768
6662626564635d60615e626868666560
5b5d5d5357585857524c5b5b55605e64
4b4b52575a59595a5b55565b595a5a59
4040484949454d4e4c4c4b494b4b4a49
4847443f4245494a4447494642444340
323435363f3e40393b3f444f4a474642
3f34383630353339343233353436342f
3f3f3f3b3f4042494d504d4b4c53493a
4f54555c4a403b41434241373b333b3e
3b424b47464a45413d413e3d4044494f
3b3e3d4644414142414140373e3e3e3e
37383d40403e4141403c3b3e4042443e
545b4e534b49444346464443413e3c37
5c5c6a7772716775787674746f6f6561
433e3e3d3c3b3b3b3a363c3e3c352929
47474b4a494c4f5151484c55534d4d45
3f3f3e42434343444145464c51504b47
393e3f3f383837333b37343033383a3d
3638433e382e282c313639383734373d
42403f4041404141404047474649453f
6160595857504f52474a404044424342
4952545d5958535551474a40555a5f62
5e5e5f5d5d5d57546167514c48485645
4a493c454542485356515d5d61625f5c
373540484a464c46454548464a474343
595b57565757484a433f3f3935343133
5d5b56555857535657565856585b5b58
5f6362635b545b63626161605c5f605c
64636862636361615f58575562615d55
5e5a655d6563635b5a5d5f5b60595d61
645d63626265646463625e59595a6565
666768676767665c5a5e635d5e626566
64656766655d5c5b5a57636466646366
5c5d5c5b5458585b59585a5a5c605e67
4c50555a57585b5c5a585256575a5b5b
3d44464643484e504c4c4b4c4a4a4c4c
4a4a484546484b4d4547484647424540
3435363e3d3d3c3b3f434a4245454541
3f3b353435343232333333373a333132
3e3e3c3e3e3f43464c4b4c4e52514744
4e50575d4b474745444039383e3b3d3c
4d5c5a4345463a423f4242444244474f
3d4244454544454342403b3f3f3c3b42
3b3a4242413d403d3a3c3c3f3f404140
4e5b504d494846464645413f3f3f3c38
686e737e817572757475756e5a5c5c55
3e4342403e3c38373736353c382e2828
49494d4d4e4f4d4a474148504d4b4941
3f41433f4140424343484c4b494c474b
3c3c3e3f3e3d3c38393735333039343f
3f40343f3d37302e3638393a38393b3d
41404040424241404037464e47494741
565156555452514e514e484343454341
4f4f4a4848434a4b5b5e5e5e5a616861
6565626465695d545c5d4f4c4a47463f
44433c4341424e535560616068666766
373c3840434646454849494748474344
575b5858585646444340403935343436
54595857565452515153515454505252
63625f645b54636363625f5d57515252
6265605f605e595b5858565461605851
60646360666255535255605e5e5b5660
605c5c616262646768635b59555a5f62
6064676766655b5c61625c58635d6365
66666766605c5a5a5a576467665d6665
5c5c5c595b5b5c5d5c5a585b61666669
474d505857585756575353524d54555b
3f4143454a4d4d4d49494a4c45484c4a
635d4a3d484c4d544b4747413e394541
39393e3e3d3e3e424541363c3a333b42
3a343232352b313132323435312f3134
3e3f3e3e3f3a42494942464949404544
55574e484f4b494539363a373e3e3b3f
534c454344584337424241424445484f
3745454244444544413f393f3d3e3a40
3e403c3c3d3e2f3e3c3e3f3f3f414240
5846463e454948464546433c2b353c3c
7669787c76767776747678685a515457
45434748554e352e2d2b292827262626
4d50444d47424347484b4f4b4e484545
3a3d41414242413e43454949494c474a
39333d3f3f3f3c34312c2c2c33373940
3f3735424036312e2e3a3c3c3b3b3c3c
3e394142404546454540464449504f44
4d4f595352504f4a424341404243403c
545045454544485454575d5e565e6655
6c6b68656962645d58574f4d47434c53
44423b404441465456646763645f676b
39383c403f3a46414545464447464444
53595856545248434442393337343435
5758585251515152564f545552525154
535a605d535356585a60615f5b545355
525353555f6261615c595c5d615f5b56
5d5e646462595b5657585f60565a5659
5f5c5e5f5f575f686765625e555a6364
6566676767666665626163635f5d6463
56616165605f6164656061655d606665
58575b5c5c5c5c595e5d5e5c60676169
555354585658585757514f4f51555a5a
3f3c40404c4a4d4e4f4d494e51595654
5e5339444b4e52514c4842443f38423e
3a3b3b3b3c3e42444949423d3a354346
363638383437363535362f353231373a
3e383c3a37333b443e3e453e4947423b
55524e403a374942403d3e3e3f3f3f3d
5449484543464e334343444545474c50
374849494f4d474748413b3c3f3b3c56
3a3e41403c3a363d3d3d3e3f3f384a44
4c4745474a4a42464342423838383a38
7d7d797a797a7a7d78796b5e514a4c4b
4f4c54564e4c312e2e2c292928272727
4f4e424543384046494b4e5047474b4f
393c3e424040403b3d3c3d4249494241
2d3c3d3e3d3d3d3c3a35312e383c3f3f
3c3e424341363437393a33322d3b2e31
3c394241403f4242413f43474b50483f
4b505552504e4e4f424345433e413f3d
53504743464446474954525658565551
6d6d67685e6061575557504c483c5056
42403d4141454f53575b656363586060
3a3a3d40414045454746464747464646
52514d4a474a443f3e403a3c37353434
585957544f4f5252575a565755545857
5d5e5b5a5b5d5b5b5f605d5155555453
55545353656463605e5d5d5d575e5853
66666463514f595e5e60605a58595756
59545d5d58585b6763605b5960605f60
62666668676767676266655857575656
6161606465656364636362615e616061
49554f505353494d52605f5f605f6059
544f5757595a565a5a5452514d4d4d4d
34323636314145494b4e4e4a55585756
42414443424b4e4f4c49444145444239
3c3d3d3c3c394046484b4b433937433a
36353a3733343335343633363039373b
3b2e3739353133353c40443e45433632
4f504e443b4a4542403f3e3f3f3e3e3d
4c4d4448434041384444454744484b4d
3c3c403f3f3b4449463e393d3d394e52
3f3e3b3a3b3a3b3c3d3d3f403f3c4541
4b4845464745474645434f3d3a393b39
808f8e8982807b7b6a6d5d5d5755494a
50504d4a473b312e2c2a2b2a27262525
5148403a3c444048444b4a4e5354534f
3c3f3f393e3d3e3d3c3a3d404748433f
30383a3d3d3f40403f3e3a383a3d3e3d
3a3f44423e37353a39373032302e3635
4041424243434242414341473d494945
575653483f453e534e4c4b4444413f3e
3f454544454444474c52504d5254564f
5e615f6764666561594e4e4c47404c48
403f424142434f52535b63615f55585f
3a3b3c4043434245464248484746443e
54524d4b464c4a44423e3b3838353637
55545758525354575c5c595954585d5d
6058555a5f605e5d5f5e525254555352
52555b6363625c5c5d5e605d5f5f5050
6565645e5764605f5861615a5b575556
55565c5d59586366605e5a5c5b60625c
6365646763625f5b5662585654555856
64636464666764656363626161626363
46515556515148535961625d5d5b6156
53565655565a5758595852504e4c4c49
3130343737424d4a4c4a4f484f4c5754
484448434e5650504c433e3e3e3d3c38
3c3b3a3d3f3d373e3f4f4e4845444445
3b313d3e3c3b3a3634332c36343b363e
383b3b3a3c37353d3d43403c37383636
4a4d524e404a352e3f3c3e3f3e393e3b
4e4f47363f423c403b383d4647474b4c
444443403e40464748463f4243434849
3f3f3c36373034393c4041403d405344
47494444454455473e45433e3c38373b
6b7887837d857e786b735e59524a484a
5453534d4d4537353336353027292625
4a494847404a434a4a4c4c4f54565355
3f403f403c3a3c3e3d3e434746464544
31383a3b3f3f3f403f413d383c3e3f3e
43413d383e3736383136333331363937
4141423a383a3a3c3a3836363e474c47
4e4b433a4346474a4d4f4f46343e3b3d
474646464745444b4f514c424540454f
64625e6868655f5759544e4c49414742
3f3f444544454e4e51575e6354515c64
2d2a38423e3c35343d3f40424544413b
5a5655514d4848443e403b393333322d
59595b594f53585c5b595b59585a5f5d
555a565d5c605f5e5b52565655545658
566063635e5b5c5b5c5f5658605e5656
6564625a59656160626261575b585654
5b545659585f5f5a5f5c5b5e595f6361
6266666561606361625758575555535b
64636463656767656564636363656565
50585b575654565e5e625e5c625a615e
545654555651595855544f4f4f4d4a4a
363b3d404a52504b4a4b4f4f52504b51
4a4a4c524e584f4e4e414344413f3c38
3c3d3c3e3e3c363d4052524d48464545
3d3d3f3f3e3e3b30383736343a38353d
3b4141433b423e4242403c313c3c3d3d
43404f51483d38383b3c3d3e3a393a38
514f473a403f46383a39444446474c4d
454445443e39394b4c4b453e43434a58
3c403f3e3e3d393d3f403b32464d595b
49474344434b4c413943413f3d373f3e
757b7f80797a7068635b66534b484849
475c5755524a36312f2e312b28282727
464f4b453e4543464a4f4e4e50525b5c
40403f3e3b323e404243464747464848
31302d3b40403f3f403f3e3d3f3f3f3f
40413f3b3a3731343433312d31333937
36333934383636353534363b41414c3d
4a454142433c3e46443c3e37333c3a38
43484747464447484b49423a3c433f37
6163676a6a5d5a53524f483e4743403f
3b444444454547414c4f554f4c5b6061
2d292d383b3c373641403f41423c383d
59564d48403e423739342e2c2d2b282c
5c584f5052535059595b595b595d605e
555f5d5752545757565c5c5d5c5d5d5d
58626162605e6063605e5b56605f5c55
5f625953536362605561636062605c5a
5b5c5f5d5f615d6364615f6162636362
64676763615b565e5757585758535761
626266636265625f5e5e5b5a5c5c6464
51595b514b4b4a5a5e62625d5e676360
4c5353574e595856534d505250525048
3d3d444e544e474b4e4f545555505150
464a4d4e4348564d473d4646413e3f3d
3b3d3e41434140484c5145433d414246
3f3e3f3f3f3f3f3d3c3b363638353a3e
3f4144413e3d4342433e3b3a3b3d403e
44514e4e413a403c383a3b3d38363a39
594f45444141443b3a3d414542464a4a
464546484641444b4b4b4a414246525a
3c3e3e3e3f3a393a3f403f364d524e5b
3e3d40383c393c43454642434344433c
7f7d8782766b6664605b5349494a504a
4b565c5a5b56483f392d312f29282728
474d48423f4542484b4a565751595c5d
403f403c3a3c3b443e4246434246484d
2e2d393c40414040403f3e40413f423e
46413e3c3d3b39393736302e32303836
3c3b3634363737353535373741413c47
464440403f3f4141373b443b3b3c3938
4946453e41413b454744444547444748
54606771565259514b44414048454646
3e444444424747454e4f4f4c5a5c5b5a
2e34343a3b3a3c3a4041403c3a3b3e3f
57544a4944423e3838352c2b2a272730
5d515151515350595c59595c545a645d
5c5e5e5d5d5b57575c5d5f5e565f5f5f
5c5f545d545f5f605c555b5960605a5a
625a5155575663626464646263625f5d
5f5c61585657596061605f6164636362
6266616462636563605d5957595d5e5e
5f545d6365635f5f5e5c5c585a5f5c5f
4f5656514e4d4957616660616363605f
49515354585658555454555556575451
44494c51524d484a4d5256565552504c
424b4d4143464e5145424a4644443f43
363e433f3d424c534d4642423a404545
3f403f40404040403f3d3a3a37373536
4042433d3b3d3e423b3b3a3e3f393e3f
4a494b524d4539383b3c3d3e3a363d3f
574e45464451454043433f434449474b
474749474c4b4d4e514d454141425158
3c3e3e3b32353d3f40403f3b50504948
3e3c3938393f45474746494847484341
787871706c68625a5b5447464a4e3e47
5954524f5860584a382f2d2f2f2c262a
4c47494542424341484944403d3a3133
414042393b3a3a3e3f44454145484a4c
292f30323233353840403b3b3d384240
3f3c3a3e3f3d3d3b3a343631322d3334
3a38333333393734363837424748484b
44423d3d3d3d3e3d3b3a463f3a3b3935
44393f413e3a38424445454647464646
5d58595a52524f4b4741444749494c4b
3c3741413d3d484e504f52545b545358
33313236383b413c403f3e3a3e383839
555147433e3e38393836302b2b2f2730
5353555753575b5a5b5b5859605a5c58
5a5c5c5d5e5b5b5b5e5d5e60555c5b55
5f5f5a585e5d5f5d5a55565d5a5e5857
6051576062626464666564636261615f
5f6261605a5c605c5c5b5e5e63636362
63645f6263646464635e59545b5c5c5c
5652525f616565656563636161645960
56565454504d5151585d59616261605f
474b495557524e4f4f565656544c5453
4949464e53504e505153534955544f48
444545444851534c4a4b474746484649
3d414443464c524f4949404344464749
3f3f404141414141403f3c3939363333
424243424141403c3234373b3f3c3e3f
483e4f6754403e323d3c3e3e3d404146
564c4648484743424342403f434a4a4b
47443e3a3e3f48414447444040424652
3735343231363e4141413d3e5a504646
39393b373f434648484c524e514a4743
757578757163514e4551494e524f4244
5a545f686962524139352d2f3231292c
443a424343424444463f3f3d3a35303e
3d333739383c3b3f4346484749494a45
3032303532323b3f3e3f3b3b3c3f413f
453f4341403f3f3d3b3231302d2d312f
3e3f40404142413e3e40434648414146
403a3d3b3c3b3a393938433f3c3a3839
433f413e3e404140424344433f3e3d42
5654595356514b4646434547504e4b4a
3c3b403f4146464f4e4e515353515153
3736373b3f44413e3d3f3d3937363737
524d46423d3d363834342b282b303136
535258555053555c5c5b55565c5d5956
5d5c5c5c5f5d5e5455524e504c555451
5e595a575a605d52525a57575c5d5b58
6055606261626464666564626261605d
6263625f5c5a5e5d5d5b5e5f60636362
6463636363636463625b585b5b5a585b
58565362646667686664656464625e62
4d565a58535356545a5e615c6262605c
484748494a4d485154565351504f4d4b
4c4b4c5155504b4b535452545554524a
474a474a4f4e49494a47484842494549
403e45484b57584b4848464644464749
383437333c3f3f3d343532353831323b
443d4442424141413d39383d3f3d3e3a
414851484c393d3c3c393f414145413b
50484547474442413c3f3a4341484a49
443d2f383f3e3e3f3c43413e3e404745
3b342f31393c41434140404154524943
3f363b3d434447464b53574e56594f44
7675766b61594f4e544e484c54514743
4c465a636465523d37332d2933332b2f
4847443d42444643494a47454341444a
38383c3f3e3b3c41464b4b4b4d4a4548
2c32333436383f3d343c3b3b3e403d3e
4444454243412d3e3e3a342b2d2c3130
40414245444644434241433f43413f3e
2e3735383b3d3d3d3c3a403d3c3b3c3d
4341403f43413e3e4040413f3b31302e
544d5354504c454e4640474957504d44
353a3f3f40454c4e5150504d4c4c4f50
3939363b404644423d3e3a36302a3538
4b4e494144423b3a3c39343026333536
545a58595c5959585c575a5d57575953
5c5b5b5d5e59555552504c4f56595855
5b5d5c5f5d5b57545155585c5f5f5d5d
53565f62626064646565636162616055
62635d54575a5c5c5f5e606463565a58
626262636363645f575c60605f605d60
545561625b6063615f5a5c5a585e5f62
49555d5a57575757585e605f5f595353
47475049474e5054565554524f4d4d4a
4c4b4c4e4c4848525456555355544a46
4a4c4c4d4d464949504745464846494d
4143474a4d4d3e4d4a48414244484349
3c37363a373d3c39373934353331333e
43443c40404242413d3b3e3e403b3b3a
464144493f3d33403c3940423f464d4b
4a4847484744413d3d3c3f40414a4744
362f2f434e5048403f34403d3a3e4544
39363336343b3e3a414344413d3d3e30
3f3d3a3a3e4344444d56585356575148
767470606a67625d5855414c554e4540
42534c534f4543393432323233342b2f
4848433d3e4345494c4c4d4c48443f3c
32383e403e3d3c3f444a4c464c44414a
3136373333373e3b38393739393a3532
39332f424442423f2e373a352d2d3636
423a474a4a4b38444242403d403d3c32
353a3d3e3e3e3b413e3f3e3d3d3b3c3c
42433b3e46433e3d3a3e3e3d39363335
514f4d4e4d4b4342484440404d494846
32363c3c41474c525551404e4a404a4d
36373834394744423c3c393434313636
4851504e4a4643413c39363434353636
585858595b5a59555c575a5c56565750
5f5d5b5d5d585652545a5b5c5d5a5753
5b5a5c615f5a57535457545e605b5b5d
51575760616158626361636362605855
6363625c5b5b575b55565a5b58585552
605e60616363615c6161615c5b605a58
59595b605d5d61625a5c60605b5c6261
4e5b5d5b5b5a5751504f515156565455
4947534d48525453575554544d4b4d4c
514d4f504d49485455555552534d484a
4a4a4c4b48444847443b484948444c4d
41434a49535652544d494442494b4a4a
3d3535393d3d3d3a353b393434333e44
3a3f43414040333736383b3d3e3c3c39
4244403a3d3c3c3f3d3e404143515749
404645444542403d3c3f3f4742464441
3a40474f4b584e433f3f3f3d3e403f3f
3a3a3a3c3c3d3f4443444442423f3b38
34363232323f4441464e514f4e4e4542
79706666656a625d545c4c4f4b45453c
3d3c3b3b3e4040353833282e35362d30
464844444445483b524b494e4a453f3c
38343537403f3d48464a4f4d403d3c43
3736363535393a373734373434373233
393637424745413b35363c3931343837
41464748323c3b4341423f3e3f392f2c
3537403f3f403c3e3f3f3e3d3b3a3c38
413d3f413e3c3a3d3e3c333231383735
4e4d566158473a4842404548494b4745
37343741486064544c49494a4c464949
393c3240433944433e3a38342f3b403d
5053504f454648413c39363635363537
58575258595958595d5a575a5552504f
5d5e5b5c5c56555b5a5d5c5b5c554f4d
5c5e615f5f5c555352565f5f5e5c595d
55555b595f615c606061625c565b5859
6163615d5d5b575954575a5a57575452
5a5b575a6364615d605e5a5959585758
5b636261616363625f5f5c5e5d61615d
525c5f5d5d5b53525150515555555655
50514d4a494a4846484e4e52504d504e
4c4f4d52515052535253534c48535150
4b4d484846434646433e444b4a4a4d4c
4246494f52545554534a484b4d4d4945
3c3c353b3c3d39373d3d3b393c344041
3c42423f413d343435383c3e3d373c43
3f40403e3f3f3e3d3d3f40454855554c
424241413f3f41403e423f4243464444
3f40404447514844423f3f3d3e414343
3b40413c3d40454644434243423d303b
353231313435363d42494e5552494641
7a6a64625f66665e5658544a3e3d4038
3e4142424343403535352f3037372e30
4a4a43404b454c4d47484c4e3f3c3c3e
3a3a3f4143444a4b484d4b47433d4649
3b393432363635383b39363433353439
383d434445433b3a3d3d3d3c3c3b3839
41454745403c3e3f4036353c3f3c3739
35343139403d3e3837343a3e3d3c3d3b
43403f3d3b3b3a383d3b393239353737
4d47444252473d41413e3f4046484543
353639404b5f615a575356535151504e
383c434740453f403b3939363738353b
5353504d484b48403d37372c35363536
5a54545858595856605e5d5b56565352
5d585b5d5253545352595c5b5b4f4d5a
5f60615c565f5d595659615e5e5b5c5f
565a58575c5e5e5f5e5f5c5a5f5f5e5f
59595b5e5b5654585457595a58555452
5b5a525a5d65575e615d585559595659
616261616163656561605f5f61635f5b
565c5f5e5f5a52505051525555545554
545353514e4a4a494848554e4d4d5451
50504750515253545351515048545454
4a4f4c444a46413f4543474b4c4e504d
44484c5159595646524d484b4e4d4f4a
3f3b37323c3d404040403e3d3c3c3e41
4b453e3540383737353838383a374141
403d3d393e3e363d40404044464f4f47
43434343414143413f42414045434646
2f3f3e3f40453d3a413b3f3c3b3d4042
3f3f40383b3e44454446403d383b382c
373835363c424246444949484140403d
63535d606b666a5f584b444241403d39
3e4648423f3d403b3131312f36372d2f
48424d424248453e4b45424d593c3739
3e42454644474c4c474f4c4644423d4b
3b37363a393a38363b3d39373539373e
3c3d4242413f35343e3e3c3b3e3b3b3d
414046463f40423f3d3b383d383c383d
362d393c3b3d3c3a363c3b3d3f3c4040
3e3f3d3d39343a3e3e3e3d3a3a353939
4c46444340443f3d3f40424032384140
393b3a3e4f5f6a645c5861615754514e
38354442433e423d3935333333353638
4b524b4b4c4c4a453d3c373336363635
5954585a5757595861615d5c57585754
5f5e5d595353545353575d5d5d5a565c
61605e595e5f5e5d585a6161605d5e60
585a595c5f5a575f5e5359575f5f6061
5853585a585753545a59585858555456
5b5c5a5e5e5a5c60605d5858595c5954
5d585656585865656062605d5e615f5c
555158595b565450515657565555555f
555453514b4849484851524d4d4e5254
484651525254525353524d4a51555555
4c4445464a48443b454448464c50504e
444a4d555b5a5344534f4a4c4f4f504e
403d39383c3b403e3a413f3c3e3f4140
424040404036383d3e3f3f3b3741413f
41383a3e3e3c3e3f4242424445444643
42434445454444424141404246444545
32303b4141463d3f42413d3c3c3e4041
393d3a333d4147444445444345443c35
3c3e3e3c3f434444464748474043413b
605c5e5b71657463524a443e40403f3b
424a4845464544372d2b2f3437362d2f
46524e4d4a444a4d464c52415e483b36
3946464445464c4d4a48454643434941
3b3a3c3e3c3937363e423f3c3c3e4042
3e3b3d3c3f3e3d3e3c3735363b3a3a3c
42423a383e40403f3c3c372d3331343d
393c3b3e3f3d413d3d3e3f3d3f3e3e3f
3e3e3f3d3930303b3d3d3f3d3a393939
47474746443c4142413f3e3d3c3f3e3c
3b3b3d3f515b474a5f5d60625752564c
3d3f41464243413c323133323535392c
4d504e4e4b4345423f39322c37373638
56524e4d4c4a4c5c615a595c58595950
575a5c555a5b5c5857585d5d5d5c5d59
61605e5d5e5d5e5f5d5b60615e5e5f5f
5c5b5d5e5e59575d5a55575f6057535e
575b585b5c5c575b625f5c5a5655525b
5c615e5c575855535551545250595452
5d5756575d5f63636161605c5e60605f
565958515b5f5d5a5a5e5e5b53556160
5352524a464b4b48494e50514f4d4f4f
48455053535452535655505254555655
4b444744403d3e3043434643484d4e4c
4b4c505c5657514e4e4b4a40484a504e
423d3e3e38393936323c3d3d3f413d45
3d3d3f3f3a38373f40404140413f3f40
4140414141403c43433d454643414140
42413a45454545444441434447474045
3b3f4d42424241424142403e3e3e3f40
303c373335363646493c3c464642413d
4140404042444646454545434343423d
5a54485a66626a55504d46423d414040
424a4b4b474745413d3b383533353032
565c575447464a544c605b606a3c4b3b
3f4544484a504c4f49414344464a4d4f
3d3d3e323333333232313e3e42424144
3c3c3d3d3d3e413f3d363534383a3a38
4141413d41413d3c3d3d3c353436343d
292d3b414541413e3e423c4240404142
3e3f3834383d3b3a3b393e3c39363233
4d42434743433f41403f3f3c383c393b
3c3b3d3d413833325e5e595559555b55
3d40444442413f3c343636393a362f33
4e5150514f4f4a44433f3d3132343436
574f4d4e4e515762615e585659565854
4e5d5c555d5e594d495c5e5e5d5d5d5a
5f60605e5e5f606056555e605f5e5d55
5d605f5c615f5e5c59595b5c57585557
58595662615f61625e605d5a5553555c
60585e575b58575656515353565c5352
565554555e6061616264626361605655
585953595a5e5c5b5d5d565754636260
46474b4f4d4a4848504f4d4d4f515357
455152524d4c4e535351504e4e504d4d
504a423d3c37383b43434445494a4e4c
4d4e5a585655504b4b4e4b44464a5051
403c3d413d3c3b3a3d3d3e403f433545
3b3b3c353c3d3d404141403a3a3f4041
43424343423f433c40403e424345413b
3d3c3b43444444434440424a49484745
3e41454541403b3d4241403b40404040
3a3a38383835384845423e414444443c
403d3d40423e45424144403d3c3f3f31
37373f585d5d6153565044433f42413f
494c4c4b4c4e4d4a3f41393335352f2e
4f4d455e5452535b60646a633b465743
464845525157504d494443454d52494c
3e3f3c33333230333b363a3d44403f3e
3e3d3e3e35383a393a383b3a3a3b3c3e
414041423f3d3d3d3f3f3e3d3c3c3c3e
3b3c42444542403a383c4346413f3f3e
3d3c393a3a3d3c3a3a383e3c3a393a3a
5046474744423e3c3f3f3f3b3333313a
3b3b3d3b3d443f3a5452545457585a4f
39403c44363d423f3b3536393839372e
5352514e4f514b464643403234343237
58514e50595857605f5b595658545255
4f50504f4d4f4d4b4c5d5e5e5e5d5d5d
606060605f5f5d5b585655544f5c554f
5f605f5b5d5e5a5a5a5d5d5e57575554
5e5a595e5f6061615f5b5b5a5254525c
5957595c5c5b595759585d61625f555c
545456565653616262605b6060575552
5958555b5c5d5c5d5e5c55545f626155
50525554504d4a4a4a52515052535259
434652524e4c4d52535251504a4e4e48
4f47454543362d40403f414e4b53524a
575b605855524b4e4c4a4b4c4c4b4c50
403f3e3e3f3d3d3d3e3b3b3b4144514d
3b3c343b3c3c39394142393840403c3f
4446483c354046454441424244413e3b
3b3a3a393d3d3c424140434a49494847
474140403a35383842403f3d3f403d3d
313b3b3a3a374541404c464749494644
3e3d42404243434140433f3f40413d3c
32364055575f5a4a5450494443424037
4a4f5657525557514840493d34342b2b
4b52514e54555569667065543d394843
3f4343475e5a534f47484e474c4d4f4c
3c3b35343432323d3d3a3a3a41414141
403f3d3c38383a3c3c3c3d403d37373c
424241403f3a3b3f3f3f3f3f3e3e3d3f
384246474442413f3f3e3b4443434043
3c3b3d3e3f3e3a3a3a3a393d3a303d3d
4845414845423e3d40413d3432323231
4243423f383c464a43505a5e555a584f
33324139434044393a3a393d3b393e3e
5553535253504a4b4444383335343938
5a544d5a5b5a5c5e5d595f575f575857
525253504e4e4e54555b5b5c5c5e5d58
606161625f5c5557575755535a5c5351
60605f5d605f575452575e58605d5d54
5d5b56605d6060605f605d5954545451
5c5f625e5f5f5c5a595a5b5d5e5e5f60
5d5d5c5a585861626262615f5353575c
5854575b564e5a575d595a5560615150
5354575754504d4c5051515154535558
4c4f4e4f5050525354534f4f4b4b4f51
494e4b47443f363f4344464749424f4e
5f666755534f43484b4b4d4d4e4c514c
3f40413d403f403f3c3b3c3b4349585a
3b33303d413f3d404144414241403e3e
4037373535383a3a38424242423d383c
3c3b3b393f3a3d424645473f494a4846
42403f393a36393e3b3b3f3c40403e3c
3c3e3c3d3a40434446444c5155535453
3f4444413f42414144423b3f413f3537
3f413a51504f524d4b4f494544423b3e
5154595a5c5d5c5a563d5f74643d2219
595a5853535c697170825c4a453c514e
373b4d585458474c4d4a4f5955544f52
3c3b303535373f3c3b32373d3a333c43
413b3c3e403f3f3c38363a3e3a32353d
4645443e3f3f4143403d3c3535354041
454848463e44413f3d42434545454747
36383c3f40403e3f403f3c3731343e3f
4a3f4644484441414141373132323336
4c4646453f3f47453c52555a58595850
3b3b393c2f3d42434041413e403e3f42
4e55565654524d4b434538343434383a
5956525657585c5d5c60595b5e595851
57585f584e4d4c5a5a585f595e5e5d5a
5f605c635f595554555253555d5c5856
5253545453595956575455555f5f5d57
5a5c5e5d585f605f5d5d5b5a55565351
5b5e5f5e605f5c515456545657595959
6161605a595962636363615b54525b5d
4d5051535253535650524e5656545055
4b5051484949494a4c4c4d4d55545253
4d4d4544484344444546474b424d5252
504c49463b363344453e474734374f4e
7976695e5e4f474b4c4c4d4e5243524c
404140414040403e3a3c3c3c453f4e63
3a36333f413f404141414242413a3d3e
433b3c3b373e404c4746454241403c3c
3f3e3d3e3f4244454546474747474846
46433f3c3538383b3c3c393e3f3f3c3b
3d3e3d3b3b423f434649495953565f54
42403e3c3b39383938373331413e373a
4042404f544a514f524f494545424141
575e605f5453605c5c524d50784b2c26
5b5b5c6165675d6e5a5e5a4e4c4d4b61
42404e5c4d524b43504b4165635b5856
3e3e342e373940403f4442414c424435
423b40423c403f3e3b424b5b4a3c3d41
403f3f444241424243343536353e3e43
4c54524a44423a40413a3c463e3f4140
373c4a41413f343733373a3638434237
4f4b4d494a413c403f393c3b3734353c
5347424846413d424f595a5e5762615a
3b4343403d48504e474b4338463c4243
5757575d56534d4a413839363536383c
5b575457585d5c5c5c5b5b5b5b595654
6061636057504c4d5c5c5a595d5d5f5f
5b63665151585758555259585d5b5a5d
525353535c5a5754564f585361605e5e
5b5d5c595954525e5c5d5b5957535454
5f5b5f5d5f5e5b505255555556595455
615c5e5d5b6062626262615d57595559
53544e4e4f5253515b58575754545155
4e4e4b474748494c49494c4d55535051
494d46454a46434345473d4a4b4c5253
524e4d453e4646443e464a4b474d5151
717160696d564a4b474c4d5053554f58
3d3c3e3b3d3b40393d3e433e46484f63
3c3c3f4042404141403e3e4341403d41
433f4952685756585a5046474946413c
3f3f4041424344454546444648484846
493e3b3f3d3c3a3e3e3c3e3f403f3b3f
413f3c383c3f3a3a454552675e595d51
423d3b3a3c3b3b3c3a363743433c3d3f
42484b4d4d4d4f4a524d47453e3b3a3b
63605d645e635165616c5e7474513122
626b6a6670676c6b6c60545a5c645e5f
4e4d4e485046454f4f496545565e5f59
3d3d3c3a3d3d434139373b4143434648
4440414642474645525d77604e363e3c
47474d4f4d4347483f3c414140424144
3f79714f4740453b484a494943394843
354552524d4b484a4c48454143494543
4f4c575849403a414d504b423e352e33
4a4b4d4d4d4b474f5a6165666268655e
4048464650596366594d4447514c514e
5350585451534e4c453e39383534383d
5a555459575d5d5a5d5d5d5d5c5b5356
606064645d554d515f615e5d5c5d595a
526462564f55595553565f6154615e5e
53535458565454505251545553545e5c
5e575a5a59575d5d5960615d56525353
565656585d5a5d5c5e5e5b585a575252
5f5c5d5d5d61605e5861615b555c5656
5252464c4e5051515c5a595955525251
49484846484a4c474b4d4c4d55535354
474a4b494d4a4746464a4f4d46475853
5955504a4c4a4a4d4b4d4e4c4c4d4d48
61665c596c4e4f4c4b463f505254575b
3f393e3c3c3a3f383a3e3e4047515154
393e4142404142423d413b33403e403d
433b4c646869645d55524e4a4c484a45
3c3e3d3f424343444442454043474241
3e3d3b48433e3d3d3e3f403f403f3533
413e3d3e444136374c4f646e66576359
3e33343e34393a403e3b3c3e45464447
4b4c4d4f4f4f4e49483f3e39403b4241
7072737676656c6e7b608a847454372e
6269696b71737e8473626561594d6768
524c4a505559473e4a506a6557515b56
353c5056554f44454340484a4d374e50
4d546056404343384042454e483f423f
554b6161574946514945514d46455551
6781603f3f413b3b3c3d404f4646534f
545c65645556565656524f4750595554
615e6056584f4a43663d3b354c4e4b4b
5a5a585c5d5a445f676a65696c6c6d67
474644515a5762646a62575159535959
4c5156575351514d3f3433383737393e
56564e4c5e6062636464646563605251
577566605e59555959585a5f5f5b5555
6f716a5c555859525260615e5c5d615d
57575e605f5f5c58545d615f5d636369
645b5d5b5a5a595556535e5e5c555457
5756515e5f5f5c5c6163626059565865
5d5d6161626361605c625d5e605f5d58
54575355564f5960625f5e5b54535052
53504a464c4f4d4c4f504f4c55555556
46484852504f5154555654544d5a635b
595650494e4d4d4e4d4e4e4f4e4c4548
5e5c4e61564d4c4748494e4a5455575c
3e3c3f373c3e3c3d3e413b414c484d54
3f3f3937353440414443393a3b3d3f3e
45374566675f56544e4c4840454a4847
3d3d3c3e3b3843434344434849483d3b
37434048443e3f40413f3d3c3c373435
413e3e40403d3b3e4b53524c5e5a533b
393632312d353e3d3f444645404a4645
51483e544c4d4d5149403b3a42424343
797475767372797576566e8982524238
61696f787b808d846d69666767665f6a
555b676c6e6c624b576189635c5c6c56
4159695a565e3e3637373e415e605657
3c39474c424349484a4b4f3c3a365049
73574b69646778776253575a5555423d
6d6e63543a4858776977685256567382
474648534e58505c4d5e564858626262
6766635f5f5c4d3b4c555c69665d4b4e
5a59566b635b4e585f63676b6f6e7e71
3f41475a65686e706e5e6e5769635a66
535545575a575552443738363838393b
67615f6367666767686866676a615c56
5c5d68615c5a55596c6b676163636569
7475736b5e5b524e5f61615768666363
5d62666668686562616768686a6a676f
7065616261635e5b5a5c5a5e605b5e5b
5e5a5f6261615e635c6566655b65727f
606164646164696a6665636164646462
545555595a5d5e646564625f5a555161
61575354585858595c5d554e4b515756
55595852535255595a5c5a5a5d596c6d
585751494f4f504d4d4e5051514a4346
5c56484c594c4642464a4e4d5257585b
3e3e3d3a3c3a3f3b42483f41463e4767
41423b39383e40453f44414746434043
43324a635f5e5b575050483f434d4548
413e45413e3c3a383531424549493d3b
4548393c3b393a423e3c323936353b38
4543423e3b40403f4b4a4f4e58534e4f
3a3433302f393e3e45474849464b4646
3d413d494a4a4b4c493f383d42424241
7b7a797b848d8579848d8a7860594b4a
6f727b848a7b6b676d6e6a6b706d737e
55535466686d564f607c745d71676b6b
53575c5e776f605f564d5254535e6d5e
3d3b604f4a4e4c5b774c494a49455654
6e625972746f7e757b6e6d6b67604940
78746263515b797c8c8d786640407b83
5a57566071765e6362615a575860716a
6f706367675f6661626d6b6b64605c5b
6a6765635a58686c67686a6e6d65817c
3e485e6f7e758278796762717a7d7371
587079847e817c54493e373736353945
6c6a6a5558696a6863636a6a64585f5b
64706f6e6f68696f77756a6365636e74
72737b6e6961524c5a696d6f6e696359
696967696b6d6f7071756f6d736d696c
766a67685f64595d606267646c6a6765
6b6c726e6f63676b6c68696e77818984
6362605e595857596a59626767686765
505354585c5b5f5f5b5a585c5c5a5d59
56504d4b4c4b4e5052514e4f514e554d
56555152575759545d5c6065686b6b5d
57555351534351504f53514c4f4d4c53
4a575e5759504544484f504c5a5c5958
3d3d3f3e3c3f41485149444642434e56
4a4b46483f4b4a414b4e504e4843413f
495158635e60605c494a4446434c3f39
37384744423f3e37353341474b493b46
41483e3c403f403f35333c3b3f414c40
4947443e3936363d41464b4e45554b3f
3e39363136363c443c3f574b47464c4c
414445454448413b423c39363639413d
7a77797f9284786c788e8c6d58524642
6067838f8e8859636d726e6e6d6d7478
6d68696b736b5e726b716e615f696d60
5a5d6563676f837f7568605660635f68
444f58694953565e5f5a5e5e5b575a59
60686e6e635768535e5f64627269564b
5f5d566b6e748495908f85655f5e706a
5c5a616c706a666d6a67605f60656d6b
73736d6f647b6e77566d6e70575d5c60
776f6f61687373706f6d6c67717e7e75
395167778c908d867d6c626b75757d7f
758e978b8b8a7e6d4a3c3737373e4043
7258595878786c69556d7067665c6464
79756d64616d7361795e6c686b6e7675
66636265687371736f6f6b6f696b6c65
6c73737870747c7c7861736c736c5e68
78706d6d6765626e77746c67737a796b
67767a71656c6c6d62676d6d7f8b8f88
6a696a67636263646561656468676667
585a5c64686e6b5a5a5b636d6f706c67
4c514e505356616767636d645e5f6058
5265655e616d72586061656b766d684c
55555b4d585651515456565958584d4c
556d6c5a5e5b4a47475151494e565852
4335465958554e5c5f56575755555656
6048414f47434146514c4d5856524647
49656064655c5a534c494e545a524640
493b3b4a46414942433e4644463d494e
393a3c413e4249474b4d544e424d5f53
4b49443f393644484b4b4e4c4c4d534e
3434333030364042454c4f5d51464c4d
424346474644413e3f3c3a3d36373834
78797e80877c7171758b816c76503d3d
7b686967626961696f7b84686c8e7076
6c737b83797169717d7373716d776372
61695b727a7774715552545e67636973
42545e6c605b646c6c686c6966616061
7f7a7f796d6e6b636664696e645a5b42
85888773637a868699897e797264617f
605e5e666a78776e6c58596568798c87
797b79797769757270737e9076695f61
6768676e6e7a7b65647072767f7b7975
39465d748b8c8e8d857c6f707a77767a
7e7e8582806d5a4e4c433a3734454031
6a5e585961636a6c72726b5b5c59695e
7e8477786c65726f6e6d6a5b6c7d8374
62605f6a6b6d75817f7b71706f6e7168
787d7e7d5d66746e7673706c615b5161
6d71656666636e6f75787275797f6778
6c6c797477706e69676b706f73718279
676a71717173757477706f6c6a6c6b6c
5f5f626f68665f5c5e61616775736f68
61585453545d727c747175676f6a635c
7778706467686f6467675b5b68654b5e
504d564a505c58565d5a5a5e5f5f6774
5e62606a6b5d5045484f4f494a575253
485b6a7a7d7a75777b7a7e615c595b55
444a48424144474b4d544d494d575a57
5b6f62655f5857574b4a4c57615d5543
48445955554e464444554d4e4e4b544b
373b3d3b3c40444d555e5d66674d6351
48514f47454d504f5352525055535353
403f382e2e3f463e4d4c555056535250
424f4c4b4b4847443e403f4146453b3c
81828484877d7d887e847d708c5d5654
73676e7578706a7070716e6e706d7076
8d878b75676972795e6464686a687973
747578808c8c867d6d6c6d6164667382
76787c7b6d776a625c5e5e6367656360
7b6a6c6e79787b7867616e7773636a76
7b8776484b7980837b8575676d5b586a
60625f626c75848074635d8385888586
798381797067707875737f8f75635f64
676a8066717a7b6055657272787a7776
454e617373788789808478707d7f7867
746f6e7d8a78584a3e3d30323939393c
605b626566636755646a7d806c686967
6a75747870716768615d615a687f8572
657588696b7074747371706f736d6d68
7c7f747e7a6e786b62666a626c665f63
736c6d6b71727073797980806d6c6e77
707178726a77746564676c696a71736c
6468767b777977737675786b69696872
666466646765646466625a5e5a636264
7169645d5f606a72706d6d6c706c716d
75736d6a696b6a69605c5e65676b696e
59584f57635f59545c5d606163616a74
5e615f5b57675f5a5f63625b695d4f5b
6882826f6a6a6c6a6a686f6250595b54
4b4b6056514944464544434459695e5d
5a61635e545f5f5b5651525560615b46
4c4e3939445349484e4e515754435858
5151494a4b4b555967777d70774e7152
5555545254595b535555555657575554
4946443f3f43404249524c3d4d555655
434a4e4f4d4d4b48423d42444c4c4c4b
7f838a8c838e76839a5d5e6a81676165
7171786d73695e7168655e5a827e8280
84877c7276706f71464e4e4b50516961
6b6c6b666b7f826353574c4d5c6a7f90
8989827d5c636260636462666664656a
5a62746e737779655a646e775a5e797f
6052494a3944574c5871675d4d4f5155
6174646b616f695c707c777979797974
5178806f626676755d5758736d6b6a67
4f486b5f57776f6b5758525354565f4a
403e4d6c697b726f7289756275665353
7492928d897d5342383a3b393c3d3e3f
757985817069656873888c7a6c64578c
776f787e7a685c616466666a6e777565
75828680676879777776736f716a6a6c
7c787c6d68686e6e625d625c5c726f6e
746c60596a74716f6b6d716d68737773
706e6e6b6a69716664726b6263606276
7173797d7f7e785f5f5f61626c706974
6e6666605e605f5c5c5e606362626d6c
766d685f4b5e635f6f68646f6f6c7070
6466686760616b73777b6d6d78787b6e
5f64636265625e5b5c5d626362636466
666c6f6e726f696961625a666a616764
737c78756969707781807a64605a5c5b
68757e787065656568645c63706d6267
64655c5a6664605a78625c6564646867
60565c5c5c5a5b525453575954576266
5f5d5f5c57585e636769707673766e67
5c5b59554e51585b5d5c5c5b5b596161
4f4b4745444b48535d5c5b5659596060
4b4a463e52514f4d4b4952585d5e5752
667862697f989996397e7f56514e6a70
6c858f816839515c3b3c454457636662
807d6e696968596f77758240524e6264
4346474547483e2a31403d3756697d82
908d7575594d61616362515152553d3d
4a57585e4d5c4b43423a43605e667191
4a40373c3239474c544f503a3632313b
5458817c6c635455645a55504d514f47
576863665c678a8e66886a6968665964
426a7d74465d39594c5560656a5f3b53
393c3c546b6e727663526e63635d415a
5c6f8387736666473c3235313c3c4040
7e6a6f616377626e8d8778625d60696a
6975626846615f595a5a57565c696b67
73736556423e5f748585725c62666777
60534d5656626b6c696061617172666a
71655a56676a696868696e6663787b71
6077615c675c6f6a6a7164645f635555
73567e81837f787069706e6e71767376
7472685c635c63626557566671687974
7663512f5f645d686a62626165694e6d
7b7e7d6a666d6665646f686c69737b83
6c696a6a65645a605f6265716369787e
756f6278676c74755e5f6e656667676a
6a7f7e6f69696f777778695e595a5259
73797d77777e867d81817f767574696a
64645e63676c6c6e7b676a767c766b75
5a5a5e61635e615d5e5c5e675f596364
545455595e5f656970757a7764635b6f
5e5f62656463626264636464635f5956
554a4e4c53616871605e5e5e60616659
5c565a56564f545352555e6365645e5a
5358393d398f8f7b655e513f2d3c4660
6d4a45463e38302a2a30463e424a4746
896a60464f5d5b605e534c44453a4951
262a3a5e6d2b262a3e3d494e634e6c87
7978766652695f625f584c5f6a664038
34474f5b6643445c576448606672787b
3d3b3f3a403e3b3c3e38322b2a322f30
5755696f5d524f4c524c372b3b434142
514e46373345565754544d4a4b535b5b
697b89857058364b4b564c5c5b5e3654
39363d3d3d494f4c51635c5f6c675163
53564f4f3b3c3f443f3b383634393a36
68737a7d725e666a80756a4b52545656
4b445349323a5f564848484d576c7b72
705a48372d356d5c706f473d53535353
5c544445405e665152574343685d5261
6e6a565f686565515f6a626678878166
6a717d767276736d6967635f5a577c7d
6d70736d7d67665f4c52827c756c5465
595d5d5f59615f5c56524f5968607270
7a6744346e5c64636266444154443560
75745e433c3d3b37545f7078747c8489
737375766a6c6b686d67696c6f6b7379
776e67786a7176746e6c676a78717373
6f746b6a68686b6e6d79716667685d6f
80806d75786c757b7480837a7b797175
5d5c5852575a60686a696d6a7472757e
716f6b66605e6b68695d62616b5d6265
56555455585a5b6f6e6e6c6061605571
6564635d55676f756b68656d645c635e
553f5f575e60646a606062656b696865
6f746d6a67635f5a5d635f7b7372615b
514831403f645645495148383a2e3d41
433f3d423d393e3e4038403d4145413d
76494e5a64655c56514a45433d363d44
384b4c4a4c4d30323e5c5850433d3b65
504763585e5c5453514e4f525045403e
3d323031434244483a3e3f3a52565969
3f3e39383d383030363c3b3c3a3f3d34
634a556b475141434945383939413c38
47434041424958543c35342d37383c57
586c763e3c463d4a49455354523c393a
3b3939383946443d32384045504e4657
493c36383944424e3e38373336383736
8a5769687f606c83595e41596f5c494e
48494b4e4b44405d3f52363e4f749194
645042403c464b4a48473c33463e3f49
4f534953414753625867635f5d3b3655
5e675e46546a545150535a6374517462
3c3834706f6d6d685a54523b3a475460
6d67636c73706e483e55625959523e32
353230313541473f3a4944504c506168
433f39404a4d535435282c3836373e29
5b3a3c64625c5a37585849878680774d
6556706d6b6a6760575a595047515f65
7e73515f6f72716d5c6d6c70645b6c69
717361756e627a6a676c726d664f7880
766e5a626d67626b8477627a767c8280
5758625f63655e50566a6d6e62605b6b
58575c726d70747a7a6b66646067635e
5d5d5f605d62666a6d676c6766637659
6868655a545a6364656264666661797c
65716f5a5f6263626261616366645f67
6c7c857c726b6463626e67835c666467
3e3a3c3d3c44332c39423e372e2f2e37
41403f423d3b3b3d3b39433f4042403c
453944484b4d494539342e33413f4142
3d3c3f42463c2e2b2f32342f3132324d
3a3b4d5250443f4745423f483f333e3c
3b3b373b3e3f383c3e3d3e3f3e40473f
3e3d3f3d3b3b38393739352f3b423f38
3a443f3d3b393d3d3c403f3d3a36363c
44405152596266614943444743413c3a
3838383834383d3e3f494d4a39444a4a
3a373735353f3b3b3c42413b3e413e3d
3a37313b3335373c3e36353536373737
52415663686163463d423e414341413f
46413a3f4442434b434440404c4f5c5c
50423b4742464948434342434842373a
4041414343454e4f4b4344444a424043
474f4f464a49483541484a4849475551
292625615f594c403e4e50423b3e4a49
5959604a63625b3c3733333f3f393826
49433d3b3c3a3a3b3c3c3e3d373d535f
4145454647474646413e3b3c403e4843
52434544433e3e3e4b52465d5c544643
525259574c50564444514b344552575a
6a554f726e6f766174695a54614e5552
504c5f48473e50514f725958416b6268
3831333c4a535d566d5d433d3e6a413e
5048464d5e5d4a312c4e555a45594941
63576a7e6c6468716c543f3c3d446359
676b685b696e67655c5f746d656b5f5e
716663665f60636064635a6061616869
656b5e5f6d6e6163625267675f535968
705f5e62776e61585e6c797264655f67
43464a4848303738373b342f2f302e35
4744403e463e3d403d3d433f41433040
393c423b38363b3a3a36363c413f4244
39393a373b3b3c3d3f3c413f3c32373f
3c3d363b4947423f3f403c3e3f3a363d
3f3e3c3d3d3c3e3d414040414241403f
403f403e3c363a2c39373b3e3e4a4a42
3b413a393a3c3f3d40403c423d3d3f3f
484a4f4f565e5c52373b3f4041363937
3c3a3b393738393d4148494748494a49
3639373a3e3c3a3a3c44423b3e3a403f
403c3b3b393c3f3f3f38363536373837
4e4b50534f515956584f403c48474644
4b474643424a484a4844413c3d3f4653
3e3d3f43484c4b443d3b3d444c4b4f4a
45494a4b4d4d4d4f504f50504e524442
323b3b32363737383136393028333c3e
34344240333d4040454c433e3e44433c
4d4b4a4e52514c47383130363b363035
3e3d3e3f3f3f404141403c3d3e494b4e
373b434442413d3b383736373a3e3f3e
403e403e3c3d393d44443e393b383337
4b4c5132504e4f4c464640353f3f3e3f
464f6274665338595952473f33374646
53524a443d385f6b736859504f4e5a5a
3f40474941534e53523b33374b4b4f51
3e5062684d3d2c2925202545454a5a52
4052575f5950514d3e3c3b3a3f384345
32383641474c413a3a434647464c494c
5651525059625f5d5560646768685341
5d6161605f65665f3f39706f663f3640
70584e4f5c69605b544e7b646063585b
4d5054504a433e3e3f3e363a3e3a3031
46403e433b46473d3c43434042423744
42454847413f3a383e3c3e424243444a
3b3a393b3b3b3f41443e45433b3c4041
3f41403c3d4341393b3836373b3a3d3b
403f3e3e3e3e3e404242424142434243
42424040393a343437373c3c42483d40
303b38332b3b3c3b3f403d3643424343
424646564b524c3f414142433f393035
413f3d3834393b3a4142434443444043
36393b3a383b3a3a3c43443d40333e45
45413f40424746433e39333136373634
3e3e484f4b4c534d474649494d483f42
4b4a4a3a40464f4c474d4946403e4542
44343e4a4f4e524d484340484c4a524e
4f4b46413e51575758595d585240444a
4e4c4b464443403c3d35404037404a51
434342424243484a4939483f40453c4d
4a494948433b3e3b393d3f3e423f4043
42444546464647484847423f41354749
453b46484a4a3f4a3d3b424246414544
31413031333f3340433f3a48473b3e3a
373b4346484746484a41424835374740
3e3f41423b3b4e47373a3d3a37393c38
52595c5d616b78756b5945403d3f3f40
32315f5329533d50462c3c3d3c4f5046
54426b63584f44403e2f363d3e45312e
4a4f4f464740463f343d464946424043
45403c3e404a3d2a2f40362d344b4b47
504c474a4d505758585e6b6f4f3e463c
5354565a6668634c394a355d45414448
5f514e5150555450494431354d4f4b55
404039484341454545433b39413b302f
46434645444644434444434346444041
44474a4b4f4d47424045424346454546
363a3a383531343c3f3d41423a384343
404140403e413f41413f3d3c3b3a403d
40403f3d3b3e3d413c4343424041403d
4242404040403f3f3d3b3a3d45434443
2b3030302d333b3d433f3e3b43424236
424341555e5b5c51434652463c3c2f2f
3e3e3937383a3b3d3f3f4040413f3f3c
3637373c3b4144423d423c3d3b3d3e3f
47414348494d47403b3a383333383736
484c474b53524f4c484b4d4d47474444
4c494b48474d4e5153504d4948464749
52565958545555504f4744514f55514f
5551504e4a5056595f5353524f444951
5c5a54524e4d4a4746494b4a4a4e5054
4d4d4b4a43454247494b4b4746474c5b
5353545453514c4c4551514651555352
4a4a494a4848494a4a49414147444b51
494a4e4b4d524e443d46423d403c4f4e
413e3d403e4147494c4c49504d454048
3c3e434343474539383f4346474a4841
494746463b3c49463c39413f3d3c3c38
484a4b4b56616a645754453b353a4147
3f434640383539413f3d4447322d4042
4b5256545351474039393c443f2d353f
3a3c3d4a4342464f4947474744423743
3f4346494845473f443835303c3d3b39
413e3f3b36454637393d39613c3c3d3f
43403d38393a3a3e39393935383e4040
60534d514a5b49493b3c30313c39343f
413b474436383847453d3e39403b3438
414045474645444443424344403f3a40
44474b4d565548424347464542414342
36343b383436393e3e3d43403f3d4243
403f3f403d3e414342413f383e3d393b
3f3f3e3a3c37363d3c423f403c3e3e3d
3b3b40403f413f3c3f38383e444d4a42
33353b3c3832353d453f3c3b42413f3a
3e414a555b5c5a5353524d4d483d3633
403e3c3b3c3d3d3e3e3e3e3e3e3e3b38
3537363c3b3e403f41403a3a3f3e3f40
4646484b424f45433e33373831383734
494b4d514d50504e4d4d51504f4a4846
53514d4e54555757534e4e4d4c494848
54575e5a5451504f4e4c4a474e594d52
5453535255555758595f5d5e5a5a504c
544757554b49454d4e4b494b50535354
5656464542495155595b534c4b494d5e
666a605454545555575b5f5f4e4f5d56
4d4d4d484c4e4f4b4b4c4d4d4c4e5256
4c4f574d4c403b3c444647433c374653
47454047484b4a4c4b494d494849454a
3d404344434747404044494b4a3d4244
4a4a484139453f473d3e414343433c35
3a3c3a3b383543474e4a3f3e45484b4b
372f3e3834333a3f3f3f3e3d3832393a
464c4c4a4345443f3a37393b39313d3c
3f4144463a44474f4a424449473f3d3f
3d3f41414242414044453b37363a3736
3f393331353835383b3c3a36393b3e3d
3e41403d3b3a3b3b3b3d393a3a3e3e3f
5b544d535652504d443433373c3c3b3b
4143443f37373a3a3b3b3c3c39383337
3b3a46464545444343453e414140413f
48474a4b4a40403c3b4248464342423c
3b3e3b3930353b404341464442404046
3d3f3b3c3c3f413e4242403e373e3b39
403f3a353b3c3f4345423c3b393e3e3f
3d3e4240434240403e3f383b46444b42
3e3b383536343d44443b3a3939403c3b
3d53545a595857565655565f54423d3b
3e3b3938373a3d3b3b393d3b393b3939
363a3f403b3e43453f42414141403f3f
494a4b4c4e514444412a303430333634
4e4d5553534d524f4f4f484f4d444446
5652504e5557585a5554524b49484a4d
55595d5b585655545352514c52595355
5c5b585757595b5c5c5d5c595053524f
604d5b56524f4d4e51504f51565f5e56
565a53514f4e4e4f5a5553514f555a4e
5f5b5c5b615e57565059565552615b5b
4e4e4d4e50545450484748474144535a
4c4b4c484b464646494a4b4a484a5150
46464547423e3b4d4c4b494a4949494b
3b41423d44474441444c504d4b484849
454643403f4749454543423d3e403c38
323735383a3f40403f4949494a494741
2e2e35363e3c34343435383a3a3a363b
41434749433c3b3a3a37393e3d3d3632
3a4043424344474746453d423f3f393d
3c3c3d3f3f3d3e3e3f3f3a3b3b3d3b3c
403d3d3c3c3d3c3c3d3e3b3a3b3b3d3d
3a3634312e3b3c3c3b36343b3e3e3f3f
3e3e434d54504e484643403f3c3e3c3e
413c3b3b393b373b3b38403d38382f2e
45474248464646434142454340403f40
474a484f403e3f424443474748433c3f
3131342f35373d4042434042423d3d4a
3e3e39393b3c3f424242403a3a2e3c3b
393c3739393b3e3d3d3d3b3c3c373c3d
3c4042413f40403f41413b3d48454441
3f3d2c33353c3541423d38323e3e3b3a
3f365a525556565a5b5d5b60614e4043
3c39393b3b3b3a383c3b3b39383b3b3b
373b36373b3d3e444243444140403f3d
4c4c4a464c4d4b372f38393435323333
4d51555253514f51524950504e4e4d4a
535451504f5856585654494b4847504c
525858555554504f4b494a4c54565356
5854565858595e5b5657544f4f555350
575d5b57534f5352515257585a5f5f5b
5653515357595b5e5a5d5d5854595c5d
595c5c5a5656554f5151575758595e59
4f4f505152535251504d4b4747464758
4b4d4f4a4a443f4d4c4349484e50514f
4e4948494847434a4e4c4b4b494a4b4c
3d424243414646474a4f52514f4b4f4f
4d4b4a48474645413f3e3e3c3d3e373e
3839373b3d3c3f40414843464647484c
373c3c3a3b3c39393c3c3b3a3a36373a
424345464539353a3d3d3d3d3e3b3838
3f3e41424142433f3f3937333e3f3d3f
3b3b3b3d3d3b3e40413f3f403e3d4140
3d3a3c3e3f3d3f41413f3f3d3c3b3b3b
3b3c3c3b3d403f3e3d3b3a3a3d3b3b3d
3e3d4b515555514742403f403f3e3d3c
3d3f403c3a3c3638373d363735362f2e
42404646464645474640463d403d3e40
4041423f3f3e424747464a4b4948413f
34373536333c40403e4141403b3c3c3e
3e373a393b3c3e3b3b41403f3c3c3834
3a3a353b3f3f3e3b3d3e3e3a383c3a3a
3d3e3e3e3d3d3e3e43403f464542423c
423f37353a3c423e413b3834363a3d3e
40575951654f59685a556159554a4c42
343c3b393a3a393c3a373a393a3b3937
373a353d3d3f3e3d3e414240413d403a
4b4c49484e4f44383734383433322733
4a4e52524f525751594c505153555350
535153504d49485c584e4d4c504f504d
565755565551555451494d4e4c565457
5959585758595a564b56565350514c51
5f545f584c4f525352564f4d515b5b5b
56514d5156585b595b5b615e5a56565f
565658585755575653595954554d5d59
4e4f4f5050505051514e4d4c48474e53
504e4f4d4e4c48474a484e4e5352504d
433a3e474241494e4c4a414a4a4a494c
424346444545494a4d4f5354534d4d50
494548484132343c3533353641404142
3b3b3b393d3c3c403f4548474848494d
3a383c3d393e3c383b3b3b3b3b403c3b
4648484d4b554d49443f403f3d353839
42424343434341403f3d3e3e3c404141
3c3c3c3c3e3f3f414040414140404042
3f3e3f3f424742434340403f3d3d3c3b
3a3a3a38393e3c38302e323b423f3c3d
3e3e565357414249423c3a39393e3d39
404142413e383736363f3e392d302d2d
403d454846444446413e3e3d3f3c3e41
3e3e40434444484d4a48534f504b4442
352f32352f323f403f413f3c3a393e3c
3333363c3d3d3d3d3b403e3b39393734
37393c3b404141403c3f3f3d34373c3c
3c3b3c3d3d3c3c3a404143413c423e3d
383d3b3c3c35403d3637383939373b3b
404c4d4a5348565f65666a575e524c43
36363b3b3a3a393b3739393936363b3c
343735353d3f3d3a3c3f404140373b3a
5050504f4f3e3d3e393c393431322733
554f50514e625a5c525d545c61615c53
5b53505251585a4b4e4d53595e4a5051
57585959545050564f4e50515258585a
5a595a5957595754504e585756555457
5b5b58534e4f5558555654555958575b
5653515154515652545e5c5f57545059
515152535453545558595a545a5d5858
4f4f5050514e524f4d544e4c4f505053
4f50504f4e4f4e4d4d4e4f545856464b
3c46484a47484b4e4b4242494b4b4d49
423e3b3c4048474b4f4d505653544840
47483e46444141403c3a3c3a40453e42
3b3a3a3c3b3c3d40414242454748494a
3b3c3b3b3a3c3c3c3b3c383d3c3b3a3c
46474b554f504845403f403f35363a39
3f3a3f413743423a3a3b3c3c363b3543
2a2a2f39393c3a37464849443f3e3c3f
3f4144433d41424343413d3f3e3d3b37
3d3d3d3b393c3b30303637363f3c3b3d
43484b4a3f444d48413d32343c3b3b3b
42414443423c3836343c3e3a302e2c2c
403c474747464245433e3d3d3e3c3e41
3e3e414647424348484a46434d4c4642
332e322f2d30404040403f3c383a3c3c
333334363d3e3e393f41403c3333332f
333c3f3e413f40423e3c3e3835333834
3a39393b3c3b36384144443f3a393932
3f3a353e3e4446403e3533312e363a3a
3f424640464641576469636060544b43
37373b3c3b393f3635373735352f3b40
3535313d3f413d3a373d3a363b403e38
545253514a3e3e47443f393425272533
4d4f4f50555e54546666646362605b5f
555355514f4b58525056574b4b4a4549
55524e52545058585759564b4f545856
52514e4a545957564d484e5050525753
55555255494a5359524c53555a554b4d
52504d4d4b4b4c4d545d55514b4f515d
56565655535050585b5e5e5c5b555557
5057555453514d4b4d494d4d4b4f4855
505151504f54534b4f52545654524b48
3f4645413d4348494b4241424a4d4c4f
3d403a46424647434b50505150484744
433b4543424142413b3a323e42433f41
3a393a3c3d3d3e40404345474440424a
3a3c3b393a3c3b393634333f3d383a3a
43434f53505444483f3b403b35353b3b
37353e404342403c3b3c3b3a3b384145
302f2e393a3b3a3a3948443f3f3b3e3e
414141403e43404242403b3f403e3a33
3736363b39373232323236353b3a3b3a
4448515b605d40433b3c3a3c3b363938
433b363e3f3c39373c3c2e252f2d2d2e
363f474747454348443f40413e3e4042
3b3f4b4c45435155494943454a43433d
2d2f312f32373632333f3e3d3b3b4140
3333393a3a38333c4343403f3235322f
333a3b413c3e43443a3b3a3b39372f33
2a2b2a2c3837383b414b4a433d363838
413e38374145433f3a3633312f2e312b
3b393c3d444448475a656b64596e5443
3b3c3b3d3c3931393c3b38353839343d
3738393c41383a3c3c3a3a3c3f3f3d3a
57565254494145524f453e332a2a2b35
5a5c5b5c5d565a5c5f635e5d5f536462
5d695f6b6c6b64545c4f585a54525457
58574f525955484647474c54555f635c
52535052565e56534b4d4c5856585a57
5c50505154504e4f565a5b5d565c574b
65605a5653514f4749505d5754515353
5f5f5e5d5a595f61636466655b5c6367
6363615f5b5751493f3c3a46494c5d5f
5d646650505351535757574f56535960
4646453b44494245474543464645484c
3c3b3d3e4044474c4e4f515141474946
41403845423f41413d3738333d3c3f3f
3a333a3a3b3b3e40464440403e3b3b41
3a3938383b3c3936343a3d3f3d3a3334
45485d54504c474a433a3b39353a3b3b
3433384247413f3d3b3b3b3b3b3c3f41
36353738383931313d3434313131383c
3d3e3e3c41413f4141404040342e3b37
3734363637323232323231383b3b3b3d
3e464a506158413f3b38393d39383835
443b3b423f3d3a323937342d32312c2d
364146464645454a4947464141464243
494c55444a42474e4849484535404134
3935383838373635373f3f3c3b394348
3736393b3a3a3e3f3f3f424535333538
34373a3e3c3d3d3e37383a3a3c3a3536
29282932353a393c3943433f3c333a39
40443d3d4043413f39373431322c2d2c
3939393947435253607171685c574544
3d3d3d3d3c38373a45403a3b3b3b3c3d
3833333945403e3735323b3e3f3e3e3d
5d655f5746445050474c42332b303135
5d616064605e5e5f62645e5e6166695e
646d746f6d626265735d62706b68625e
615e63635f5e59595c5e646771626772
5f60655f606262615c5958565e5f6161
4f5163585f5a5d615d59615e5a5a5b5e
4f4e54555c555955505b5e63605f6964
524e494b504f4c4e555e575b5a565763
5c5d4f4d4b4d52524e4b48464a4c5551
404244504d52595f60614f5b5b616566
48464145464543474641413c444b464d
3c3b3c3e3e41484d4f51514c40444841
3d3544453d3e3a3736383c36413e3e3c
3b3c3c3b3a3d3c3f3e3f42423d383941
3a3837373b3d3c3a3f413f3d3d393536
49515553484c484a453f3435383d3d3c
323737373641403d3c3c3c3b393c4147
3837373836343038342e2f2e2e2d2e2e
333b3c3d3b40413e3e3e38372e2e3d3a
35363834332e35363a37383a3b3b3b36
3b3d403e3e363f3b3a37373932393735
454446453f3f3b363736323135352c2c
3f3c494444423f4846393d4345443e44
4c4d4f48464b4e504f4b41403536343b
3b3d3c343d3938393d38373c3c3d424b
36393b38393b3b3e3e4344443a393c3d
312f2f3b363b313333302f3139393939
2d31363738353939393d3e3c35343e3a
4142393d3c3f4040383934302e2c3132
3b3a3d4342484c636253786761585045
3e3734383535374945352e3e423d3c3b
30292f3746403c383332353a3b3e3e3e
616159554f4f474e5047352e33343235
70707070707070787b787764686b6666
6e6c69787c7072718374777c8b857671
6e6d6e73696b6e6f6c6b706f83837d74
6d6e71737876736b6368646b71757574
6c696662646564666d746e63696a6b6c
6157586363656e6b696a67717379776f
584c434e4f5756575863605e5f5f7467
595c625b60646a69615f5b5c6062605e
41434c575d5f625351566a6e6f70635c
464241423e424546464143413f4a4548
3f3e3d3d3e4345474f4f4e4842454940
3c403d43413a3539403f3d3f403f3f3f
38393c3a3a353e3f3f393b3c3c3c3f3e
3938373b3c3e3d3d3b3e403f3d393738
4951514f4d4c3e3d403c3c383c3c3c3e
3937363540424140403e3c3a313a4042
2c34363636333034312f2d292a2a2f32
3a3b3b3a3a3b403e3e343733302b2f2f
302f2e2f2d2d2d33393b363737373634
44443d3d3c423b393737373a3a38362d
444645463f3c3a35383635352f312b2b
3f3c49494443404445434443433c3744
4d4a48474948505b5848453e363a3436
32382e383c393d3236373c363e3b3f48
2f2d2f323c3d3f3e4344453f3a363d39
313032313031312e302f2f2e322d3231
353438363239383337363b3d3b3d3c38
424241404241403e383734352e2d3530
3d3d413e42444348444d6b6152525c45
3d3a3f3c35383a3d423c2f3e46454140
2f303033363b3c38363332383a3e3d3e
67686457545052574d352e2b36343332
7676847c7e807a7c7d806d6f70707174
76727b7a7e7d878d929390908f8d8779
6e75767877787a7d7e7e818688848582
767d808287796f6c72757c7f7f7f807e
7376767778767677817975737d828078
75777666747f7d7e7d7d7e7e7e7f7f75
6c67575d5c5f657073726a6a6e7e7e7b
6869696a696a6a73726d6d6c75736c6a
4753575973736f6b6b6e7c7175736a69
3f3f423d43454242414441494a49454e
423e3c3c3c4344464e4e4d4a4646443c
403c3737363437424243404241403e40
3a35353a3a3837403e343a3c3f3d3e3c
3a393b3f3c3e3f3c3c3d3f3e3838322f
434751494b4d4b414343403f373e3e3d
3331393d3e43424242413d3933393b41
2c3b3a383635353433312e2b29292e30
3c3a3b3a3a3a3e403e3a3c373031372c
2f2f3234312e2d393c3d38373436383c
363633333d423c362e3737393a343432
43434443353c3b34332e34322e2d2a2a
413e413d41433f3e45404142413e3b3c
48454a49484547493e45453f38373f43
3735373b3a3d3c3b3a3c3c353a3b3f41
2f323a3d3c3e3f404249443c39373a3c
30333032323131302d2d302f3438312e
302d2f343939363b3c3b333134353633
463d3f403f3e3b3a3a3c3a372e2e3030
4242423e46454446445b5a5549474747
3c3f3f3b3e3f3e4143404545474c4744
363836363a3b38333a3938383d3d3c3c
7367605b5f605c574541363036343333
838b9086868683817c79767a7a76727c
83818888888589969e9b97908e8d8981
857f879196958f8b8d8d878686878f8a
7f84878284807c7c8e8e8e8c8a898982
818a87888187848884817f8188777f7b
8985726c878c8c8c8988868382848781
7b7a737a757b7d7b81848484868c8f8d
7f7e7a78767a7a747c7b7b7d7d787173
555c5f617e7c7a76747575797a657780
423b3e45453c4144463e434d494a4750
433f3e3e3c4346464e4a4c4a48453f3e
37383a3b3e3f3f413e3643443a38383a
3c3a3a3b39383b3b3336394444423f3c
33393a3d3e403f3d3d3a35343635313b
404449464643454243433f3739363733
383b3d3d35354040424440392f3e3b40
3c413e363a443f373535342d2b2c2f31
393d3c3b3c3f413e3b383b383a3d3736
3634313233303a3b3d393a3a3a383837
46443e3d37393a363637373837383536
44444643433f3c38333736332b2a2829
3d3f414240413f413f3e3e3c3838363d
404a4d4b4749453a3e46423e3b3f4646
37303538363636363a3a393b373b3f3e
30393d353b3e3f414142403c393a3835
2e2f2e323232332f2e2d2d2d3839352f
2e2e30303939343c3d3c323234353431
493f3c3d403e3c3d3e3d3c3a3835352f
44464544484644464c53504643434444
3a3c3e39403f3e4545483e475c4f4948
333939363b3835383c3a39343a3e3d3b
7e6d625d5c645f5b5049393236342f30
81878b8e898885817f7d8182807e7f85
8f8f8e8f8d888e9e9796968f928e8686
9699979a9897959592908e8d8d8e8892
8e8e888b938e929da19d9b9a8e90908f
92949697928a8a8c8b888d8983878d88
766e6c7c809196958e8c898488878a8e
83808684818686878b8c8e8f9394928f
7f7d7e83867e7f757678797e79827e7f
686b69787a7d7979777c7d7e717e897c
4141423b44434345413d4148484d4c5b
3f3d3a3b383c424d504e484848464444
3d39363b4345484b484a42443f39403c
3e3f3e3d3b3a3b3734393d4446443e3b
353f3e3f3f40413c3b3b363132303a3c
3d4044414445444243443f3d37373635
383d3e4040403f3a393c3d322e34353e
3c3d3f4246483d3e3c3b39342c313034
3a3d3c3b3b3d3f3a3a3b3d413b443c3b
3335333432302f36393e3c3b3939373c
4d493e3936383a34373939383a373b38
424247443b413a38352d2c2928282828
3e3e40403f403e3c3c3c3e3c3839383c
3e434f534b4a443e3846424141454843
3232313634303035373b3a393b3b3e43
2f37383f3e3e40413e403e3d3c353733
3a383939393939352f2d2f323a39382f
3634363a3b383b3c37333338302f3233
494648443f404041454645423b393b39
4745464346454544474a4c4b504a414b
35384142404147474b54415a524e4d47
2a29282d3436353c3a3a32373840403d
776f68665f615f5a544a43393732302b
898884898988868280808282807d797c
8e8d8a8f8f8d909894949690918d8986
888c8d96948b95949493929291929692
908a7a848b909999999a9c959190928c
99959995999591908e8e8c88898e9292
82768188888c9192929187868d909297
817b777d8a758c8d8f93979796959691
837d84888e8b878383838b8c898b8d8b
726f7b86837a78787778857d7c808684
413e41433b3f3d3c423d3d4245555b63
403e3a394040404b4a4a464544483b45
3d393a3a42404b4b4c4f4f433a393a40
3f403d3c3b3c3f3e3e3a3f463f403b3a
404140414242403f3b38363d3e3d433f
3e403f44464543424745403e363a3e3e
3535354042413f3c393934312f2f303d
3c3e4044443f3f403f3d3c3931322f34
3b3a3733333434373a3f414248453a38
3c393736322d2f353c3b403b3836393a
624d403d3d3a363937363a36393a3b3d
423a384242403c3a37352b2827272828
3d3a3936363739393a3c3e3e39373b43
3f44494b44413e3f3f3d3d3f42434b46
2f30313633322e3131343533363c3e3d
303b3a3f413e3f41393c3e3d38343533
3f3f3d3c3d3b342f2f3839353a393531
3a3a393937383c3e3c393c3b2e2f323d
434540403e3c464646474648403e3f3d
4545443e474645444a4b4d53584f4948
3d4042423f424b505659555458434c48
2b2d30333937383b3b39353a3e3e333c
726e6a686964635e585957422e2e262b
85838687838885817f7f807f7a737e7b
96948a8e8d868f8c90918e8c8f8d8986
96989997979796959493929391899393
92898c8c8b8a97999a978c858c909495
9991999d9b9692938f91929496979798
8d8a8b8f9194959594948d899193999a
827e8785817d8c8d8b95999998969593
8587898b8a8d8e8b87828f8f8d898e8b
737c867f7d7d7b7a787a888b888a8583
3f423b423d3c3c3e40403d424b5a606c
383836353b353c43474646434242403c
3a3939393842494a49514a3e3c3b3a3d
3c3d403b404343413d3d3e3d3e3e3738
4343434344423a403e34383d40403d40
3d3b3c42414343484745433e3b3e4142
3b3934383c43413c3a3634303033373d
3d3e3b3e403f40403f3e3e3634363535
3536322f2f323834353f4142413a3a39
3b3a383834383d3c3e413e383a393b3b
5d4e42413e3d383737373b3b383b3a3b
3f37424141423d3c392f2a2a312f2727
3c3637343638393534373c3f3a373840
40424a4b403f4142413d3a3e43474945
33312f353630333434363735393c3d3d
3b383e3f3c3939393235363733333534
3a38363c3b382e2f2f33343835303836
3c3c3d3b3c3d3a364b45353935343536
40423f4340424243453d4e4a40403e3b
46464441434b4644434b3e40534a463e
3f363d3e3f455254565a5451524e4a4a
2d2f31323839393e3f3d3b3d3e3b383e
706c6a6c686562574d5d5a432d2b2e2a
838484838285837f7e7d7c7b7773777c
9d96888d8c8d858890908d908f8d8586
9794969b96989796949392928f898a8f
939091918f90979895918c8f928f9497
9a96969a9897929092908e9189949595
9291888f9294958a9297848995989a9c
8e8f8f92918f8f949391909799929c94
8a8a8a8e8e8c8e8f8a8d958e8e8d8c8e
7a7f7d7e807f86827d818d96928d8a87
4442423c3b3a383f393e3b414e5a5a80
372e303b3a3c3c464645424142414141
3c4541403d37444a525d4f3f3b3f4442
3a35393d3d38383d3c403b3a3939393d
3d3f4344433e3c433d353539403f3f3f
3c3b3d393e3c3e3947433c3b3d403c35
353e3b323341413f3a3839373234383b
3f3e3c3d40363542423f32343b3a3736
3938373536353633363a3d3a3f3e3e3e
3b3b353d38383c3c3d3e363a3b3b3b3a
514744433f3b3d3a39393a393f413f3a
3c3e453e3f3a343231292a2e30322a2a
3a393a373535353232373a3e3d38383d
414e484a49484644423c3c414848403f
3133333237353435363837363e3a3f40
313e3e3e3a313738373738333232352f
3d3b363c3a3636353230373939393939
3d3e403d3f3b323947453e3d3d3d3e3e
3d414546454544444b4f5548403f3e3e
454648474648464748474c4e51494540
3c36383c4348515051504e49524e4345
3635353338393e3e3e3c3f3f393a373c
6b6b6a69686455545352483c39353432
82807e7b767a7a777979797575726b71
8d8d888e8b8889858d8d8d8e8c848581
9796969493908a8080887e80817f8a8b
919190918e909292918d8b908e8b9299
92938d9b9a978d8a8d8f8f9595919190
939088848b8a888d8186929196999a9a
9190909192959395938e93989c998e94
9291918f8b8d919392959a8e90918d8d
7881808084828682828a8f989a92908f
3d42403e3c3a393b3f3b3e3c3f343b7e
3a403f3d3d444146434541403d3c3d3d
3c4947443c3441494c574c4449494841
35363a38343636343c43413b3b3f3f40
373f4244444344443e353433393a403d
3d3c3d3d3c3d3e4245403d393d3f3836
3c3e3d3a3641423e3c3d3c3b373a383d
404143413c39383540333440403d3932
39393938373634313136393736404242
3e3d3f403f3e3b393a353d3c3c3a3a39
4d4644433d3f3b3b3a3e42434444423f
3c3b4141403a3433312a2b2e302e2826
413e39373434333535363b3c3e393b3e
434649494a3c3e3c3536383f433e3544
303535333b3a383636373e40363c3d42
2e3e3f3e39363636353839353034352f
3e3b323b3b393736332f3b3b3c3b3b3a
3f403e3f403d3e37443f393c3e3f3c3f
45444848484743464446454040403f3f
4747474649494747484a4f55514a4342
3c3c3d3f3f48484849524e4d514b4045
36373632323c3e3f3f3f3e3d39363a3b
6e696969676359555a4e413a39353134
7d7977787b7a7875777367666470706f
83858486868184898887898785807f7e
9896908b8f8f8d898883807f7e828c86
90919291928c909494918f898e8c9496
93949296979594908e8b909393919592
8f89848d8f8f918f91918f949099998e
8c8b8c8e939998969490929491909894
8f8f8e918e8f91949494a09190948b8b
8074828e8584808381858e918e918e88
3e3d37393a3933383c3739364e57727d
3a424241403c3d383f3d383b3d3d3d3d
48484540424748474c483e414448453c
3a3937393c3c3b3d434644413c404346
3a4141443b3c3b36383f413f3a3b3a38
3d3f3f403f4040413f3e3c3b3f3d3737
373833313148423f403f3f3d3d3c3c3c
43464643403c363a34353e43413f3535
33312b363636343132323a3e3d3d4140
433e414242413b3b3d3b3d3c3b3b3a39
4142444344403e3e3e42455150484244
3c42423f3d383533322e2d2f322e2c2b
423d383634332e313635393a3b3d3d3d
45484b4948393c3734353c413f3f3b45
303736383b3b3c38373b3f413d394344
2f31333f3c3e3d3c3c3b3b362f323530
3e3b3534343539383736393a36363b3a
3b404040413f394241403c41403f3f3f
434345494a494846474a444241403f3f
46404544433c3b413f46474544424241
3a383e3f3a4547484849484945454646
363736302e3c3d3f3e3c3d3b38363d3c
696566655d615c59574a3e38302f2c2e
807d7a7c7c7a7a7976767572726f6c6b
7c767582787783808285858483818282
969593928f908c8b8b88868381838681
898f8a8f888e939594929091908c9494
93939391939495908f8d8f8f8e8d8b8e
8e8582848a8f90908f8f8e9391929693
918a908e86959690918f938d8c949292
898d908f878a8d909499988e88838384
81818183848382828385898c8d8e8c89
3736353934333236373837334d5b6d5e
3a4a4842413b3a353930343b39393738
43454037394145454141403845473a39
3d3f4146444444474442433941414041
3a3e4543423b413b383f44403e3c3e3f
3c3f404141413e40413f3c3c3f3d3938
3c3935354147434140403f3e3d3a3c39
46444537424141454344453e3d3f3a3f
33313236363633313133373f3c3f4042
45434242403e3d3c3e3f3c3939353b39
454544443a3c353e3945464949494847
403b3e3d3d393a353233343637332e30
3e34373332343431333d3a393e3c3d3b
434c4e463d383834393b3b3e3b3c3a42
3a39393b3a3b3c3d3e3e3f4239393a38
363833353e3f3f3f3f403c33383b3a34
3d38363533363a3a3834312e31313c3b
4140413e413d3d41433b3f4040424240
4748474b4f4f4d4a4745444242413e3f
4044444547514f49474b46424545403d
39383d3e3d3c42434344424342424340
36373738393c38383a3b3e38363a3d3d
66635c5b5a615c58504a413930292a2c
7c797878777776767676726f706e6a69
6b6f7073767472717170828282817f7f
928f91928e8f8d8f8f8e8a8783777e66
8585828588898a8a8a8c8d8e8e8e8e91
918a8b8a8a8b89908e8b8b8a8a8b8386
8a8988898d908f8d8a8b8c8d8c8d8e92
90898a8a8a8d8e8f8c8b8f878f8f8e8d
88918e89898787888f8e8c8c8684898a
5d617082848383828385888c87888788
3333333434323333392f312e425d5c54
45473d443c3d413d3c3a3a38383a3735
3f413c41434349484744454548433f44
444242434547484640433c434542413e
3e404a4543413f43444443403a3b4343
3c3c3f3a3c3f3f3f3f3d3d39403d3539
41403f42364748454046413f3b3b3d3d
46433a4643423e474543474444464443
3433353538343232353a393c3f424243
454441403c3b3c3b413e3e3d3c3e3b3b
4547464544424042404b574d49464746
3e3f3f4349463a37383c3d413b392f30
37363837373534333a3b383a3b3c3a3c
4646463f3b333333383a3a3d393c3c3c
3d3c3c3b3c3b3c3e393f4141383a3736
332a2b31403f3f373d423e3a3a353130
37353032363b3b3a3b3a39322c323438
434241413a3b39474341403f4343423f
434b4e5151514f4d4c47444744423e35
4346494a4d51504b4a454947403f4144
353e3a3d3c3f413e393e3a4442413a3d
333435323335393b39393f3d3d3c3c3e
65605b57575c5b57534a41372b2b2b2c
75727073737473717471706a6f6d6866
76797c7c8181807c7b7f8080807f7e7c
8883857e7f8d8d8e8e877e7a74716774
838482858a89878584838a888b8b878c
8e8a878887878a838988868789868681
87898a8a88888885868889838e8d8e93
8786868785898587878584868b888687
81828289898584878a89848083868888
555c787c848387838384827e83838383
343131343434312f2b3036322e495056
4645443c3c413f3b38363a3b37363736
444947484b49453c40414047423e4041
36454140434649474446403c47454542
3a3f3b42443d3b3d403e433f3d3c4135
3937363d403f404141413f42413e3a38
41424340434242393938333330383b39
42474946434239383d454a4545454542
3a3838383734333338393a393c44413d
45353c3b3f413f41434242443e3e3d3d
444949464745454647566b5f4e4d5147
3332413f3d372e302f3a40454a443233
2d2a2929282828282d313534333b3d42
464342413c32323b3c3c3c3d3d3a3632
3e403d3a3c3b3b3f403e414339393c3a
37322e32403e3a383b413e3c3a373432
333a38383838383d3d39363a35343d37
4543423f3c3f3d3b404344404342403b
4a5048514d5254514d48473c47423835
43464b565151504f494a4643413f494b
3a3640403f3e3e3e3e3d3e3a413b3c3e
34353234393336393a3a403f3f3f413b
62605d5b5a5956534f49413727272b27
75756b6f6e716f71706d6768685e6363
80838180827d7b767c7d77767c757b7a
837e7f7d78787a7a7b7b7c79787a7f80
86888b888882807a7778787e7c7e8483
8b8683798489888b8b8b8d88857b8082
78777775726f73788386888b928c8884
848282838585868681827f7d7f7e7d76
7e78837b898b8a8788857e8085888586
5769777e7f8287848485858584827f81
3431333134363531323235352f33595d
45433f3e4243433f3c3b3b3b39373635
434a4a48484b474141413f4947424241
3a3f424243464a4c4c49484949434040
3636353c3f3c3a3c413e3f3935363a38
3b393c404142444444433d3e40313d34
444342423d413e3b3b33312f2f36393b
3e484f47433937384345464643424544
3e3c3c3b373333333135343439393c3e
4043434241404d4645453b4343403c3f
484748473e4546484c5c6a5f504c514a
363b3f3e3e3b3c3f3539504f514b3636
2d2a2d292929292e30303433363e3c37
434141413c32343d3d3d3e403c35332f
3d42403d3f433c3f423d41433a3a3d3d
35313c3d383e3838363e343139383535
3835343b39393a3d3d3d393139333e37
42423d3b37383c393f45433c3f3e3e3c
484545464a5a665f554948433a3c3f3c
47474d5c515149474952544f4c484f4f
3a37383f413739363a3a3f403b343541
353536383737393a353c393f35363c3d
605e5f5a575858574f49413829272c28
77706d726c65686c6d6a6a6e6a686260
7a81817b7979787474726f706c727475
7d7b7d7d787e7c7d797b757176767d7d
83878586857f75706f7476757b7b817f
817f7c777a84828381837f847f7e7f7d
7673726e6e6d73797e85878a89878584
7a7d817f798083817d86807e71767278
848281868984857d767673797f7d807c
676c7379808389828283838385818083
373533323137363335343634403d6b52
434040414441393d3c3b393934353737
494949493e4645444140404945414240
3d403f4246464b47444c4b45483f3f40
32363c40403f413b3b36353435353b3b
3c3933424244464544414140433d3633
44413b364240403f39302f31343f403d
4b494b3c3b3b383f4544454643444443
403f3e3c37352f302f35333536383c42
453f4241464243494b46443942404241
484949484a4446414c606a64554c3d48
373d3c44454750515556545860593a3c
3234312f2a2a36383738333336373d39
44443e3c3b3a38393438373b32343531
4041403c3f493e3f403c3a403c3b4142
3a3e3f3f3f403f3d3b343b3d3b363535
38363a3c3b393a3d3d3d3a3b393c3f3b
42403e3a32373d363d403e3a3a373a3b
4c40424a4c5c625d5347423f3a3d3a40
4447526156544f4c4d5b605e58555050
3b3a3c353f3f3f3d3d37363437363543
3333363a3b38373533343c3d3a3b393b
6262605e50575a5a5048423b2c292a28
716f6b686565686e656563696d656568
737d7f7e7978716f716e6c6d7072716b
726f6b74727a767472746d756f716f69
8489808182807b757d7c7d807f7f7974
7b71797778808081807b81807a7f7f7d
7f81817c7775786b6e75808586867f82
7d7d7774787c8282847f7c796c6a7c7e
84838081807d7a72736f61787a7a767e
68717076808286828180818087808183
38373537372c2d2e3838353439553e5f
3f3f3f3f40393833312d363638393a39
4548444541494b464745404a453d3f3f
4040474547434b47444b3d4643444344
3c3e4440413d3c3c3e3935363538373b
3e3d41453d454741434241424436313c
45423f3a41424140353132323c363e3d
4e4546433d4143453e44444241414245
4131343b31332e2f3234333035383f42
454044423d484943454e4245413b3e44
484848464243413f47576260563f4745
454240495252606360535f606a5e4142
37373835353d403f413c383a3e3c3a41
43413d3b3d3d39353336353236333735
43444240404a4b42413f3e3f41404542
40403d3e3b3a413d3234393f3c373837
3a3a3b38363a3c3d3d3c3c3e42434641
4239323232342f32353b3c3d3a3a3a3a
52444b564554554e4f4f4843393c3742
4044484e4e5053575b5c646c5b555354
3635393f3f404240403e3231363d4041
363533373a353535353436353b393b39
66635f5c65615a544f48443d2b282a27
636e725e676e64686e6773746b6a7c76
787d7d7164666a7270686d757b77737b
72767f7e7a77737879766f6a706e7481
7b7b857a7e7d7a79827f7d7b787a7672
787773737981797c7d7876797f7f7c77
7f7e7e7d7a7673696c6e84868483817e
7d797876787c918c8282776e73787b7d
757171767878787a7b787a7b76757176
5a6c787f7f7f8180807f7e7e7e808074
383532332d2d2c2c3938363634303842
3d3d3d3d393431312f2e353439393a39
45454547484a4a4b4346404743403d3c
3a3e4844474a4c4a403e434342443f41
423f4143474445423c383535393a383c
3b3b3a3b3e403e43424241403b333240
45434141434342414141413f3f403f3f
4b5241403b4243443f43444441404040
3c383734332e2f2f37362a343436373c
4742404249424a4d4d45434841373744
4848474442444843464d5d4e45494745
48444e52444d6566656a6d6c595d4d4b
3937383b424229424535353b423f3d3c
424039393c38363a3b3a36393a393c3c
40423e40474b4446454345403e403e3d
3f403c3b3c3a37363337373d36323a33
393938383738393b3c3c3c3d42443733
353934312f2f30353b3c3b3c3b3b3b39
5c524a56655f4e503d3f4845403d3735
4042454d515153575b5b66625b5b595d
36353b3e3f403d3a40403a333440413f
353434333335353434363637383a3938
6d6b616974675b636f5e443d2e28302e
777b807a808d928e82777b74808f9180
968f9a8c8883848e97917c989188877b
767b7f716b6e6e756f7278777f7e9699
7878947f73817f7377737a7a7b7d7c77
7c75737279776f737b7b7b7d6a837671
7674767a7b7c78718190948c80777873
7b8080808095ada29e8f837e7c7a797b
6a6163786c787d7d7b7a7c7b726e6f73
547b7d7f81818283807e7f84928c7570
323231312e2c2d303636313533333b41
2b2c333c373a3a38362f33393a3a3836
42413d47464a41464242433a393a312c
3d3d48434c504d4a4546453f45444041
4243414540473a403f3d3b3e43394037
3d3e353536363630302f3f3e37353b41
454341424141413f3e4042403f3f3e3c
44453d3e383f414041413f3f423f4044
39363834322c3535333431383c35413f
4544413f444b4c504e4c4f4a3b393441
463d4344454548404e504e4a4a4c4a47
38473c385e67666861707c765b595655
332d323037334a49453e42423d403c3f
433f38373c3937393839363c3b393939
42434343454443423b48484441413f3d
333f3b3a3b3a36383536393e34283834
38393a37383a3e3d3e3f3f4042403d3b
2e3a33312d2d3838353e3c3a3b363a39
6b5741494e4f4e494b404644413e372d
4042434a4c434d5057524f5b5d615a52
36393d3d3f413e3940403e3b3d40403f
2628272b313737303c403b3b3a393838
777e8385896d5a697056443e2f28322f
8d8e979da4adaba68b82858a8f929089
aca5a5a29ca8b9c7cec1c6beb2ac9e95
878a79686d787e8a96999ea2abafabb9
8e736d91817e6f70777778907d8c938a
6b806b717b868676787376777275777d
81737679797b8a777e8881927572826a
7f87838a8499aeb6b49e968f8d7f7f82
61637370737e7e75656879736f717979
637a7a7b76757473747f82879c8b626e
323133312f2e2f342b34323537383e4c
2e2d313d3b3b3b3b362f383a3a393833
424346494a47474848423c3f3834332e
424a4d4f4f52524c4845433f42424043
43423e484b4a463f413f4243433c413a
3c3b3635373333312f3a3e39373b3c40
373732304040403e3d3e403c3f3e3c3d
3638393a3c3c3e3e3f403f3d40413f38
373f373531342f3335303138363c3536
443a3734434e4a525452504a3e3d4138
4343454646494f40473f47474e474948
394a53565c62666462686e6b69676768
3535353e44515a6259534d4039423a3c
393839393838363836393b383a3b3c3a
4443434345394240404545433f3f3e3c
413f3c3b3b3d3d3c3535383a35323934
3839393a3b3c3a3a3e40413a3c40403c
3b39323835343b3b3e3c39383b383835
654f47484a4b4c4c4d514543423d342f
3f424349494f545451565b605a5d5d5f
39393d3d3e4240364040403e3e3f3f3f
26282d393d3c3d35363c3a393a373937
87827a7b736c65645648433e2e353326
a9b0adb3b8b9b7af9c92939a9492918f
99b4b3b3b1afd2d2cec9bac4c8beada4
97988b7e808d94a4b2b1aca2b9bab6ad
8380807c8b80787984837293969da098
696d6f717374757170727884948c9f9c
777a7e8183817d81838a82827e807270
7b80888f88909775756870777a797788
5e7d9f9e88808166798898948c95997f
73676971768a7e787972898b6d6f6b5d
3836393a37352d2f3434373f45495563
3932303d3a3a3a3b3b3b362e38363538
3c44454046423d424243373939323539
47494c4e5559594e4b3b3a3e40424242
45484e4e4c4f4a3a3738454647474647
3c3f3e3d3b3c353c3d3d363740414043
3837343e403f3f3e3f403f3b3d3c383c
3d3c3a393a3b3a3d3f3e3e3f3e383c38
403f3932312f3334333032363a3c3436
3b3736353945414d513c434844423f3f
3f3c3f4241474c4b4a41484a4a484e47
35485652585e63626667676b6e6b6261
383a3b404a4a515b6562554748423b3a
3a39373838383737393a3c3d3d3d423e
4440403e4242413f403d363840343e3c
41403e3c3e363b3e3c38403e37373b3c
363a3b3c403c3a3b3e403d3b3d423e3a
3d3c3c3c3c3a3a3d3c3b3b3839372c2c
5549454c51585652514c474a443b3532
4246494b484b505151565d615b5f5e57
3b3d3d3e3941424140403f3c403f4040
2629303c3f3e3d3a39383b3b393a3c3a
93898a886d7e6d554e49433f30373229
8d8c8f97b0c2bdac9b9da3a4a098a5a2
c5cbc6bcb2b0d3c9cacad1d0cac0afa8
959fa098a2aea9b3b2aaabc0cac5c1c2
ba81958aaba29a939597949da3a2a496
8b7d76797d7e76738a8a91aba28bb3c9
87838181909393937f8c778b7f748285
959484838f998d8d8a727b85888f9273
80a2a3a08e86848398a3b0a2a7abb4a4
6f6f7068707d8d85778987636e72676c
3a3b3b3e3a39302d35303a37535f6876
3d39363d3a3b33333c3a2d303839393a
3e424243404142414642423d3b383b3f
484c4e4f5356514b43363a3d3c414240
474a52504e5149383a353947483c4647
3e40403f3f3f3e3f3e3d353840404244
38383d3f3f3e3f3f4242403a3b3b3c3d
3b3a3a3a37383b3b3b3c3c3b37383d3a
423f3a36322f35322f3034353a332a35
3d3c3b3c3d403b39443e343f413f3441
4141464243484c4e494b494849474340
28375859595a5f5d606365655e5d5756
5146484b4d545c707a6a4a3e3a3d3534
3c3b39383d3c393a3a373d403e5a614a
434141414040403d3b3b3d403f3d3d3d
3a383a3b3a3833403e3e324133414344
3a3a3b3c3e3f3f3e3a3a3c3f42413e3a
3c3c3b3b373132312d3937372c32312f
535452575b5d595351484541403b3e38
43464043494d515454535b5f6a5c5d5a
3b3c3f403e3c404041413f403f3f413f
2d3031313a3a3b3d3d3c3b3b3a3d3b3d
96888e827c766a514a47433e3537342e
a49796a99b8fbfb8969191a0afb68faf
cba7b1a0b2c1bbb4b9b5bac6cfcec5b3
aea59aa2aeaeb7afaaa9b7bbbabfc9ce
8175736fbbabaca6a2a19b9fa1a5a2ab
a399989b968d8d949792b6bfb4a5a598
8f839b97908da29998908eb0a292959b
989b9d9c989892949c9198a3a79f9a9c
a7a0908681938d8e8b8c8b9986aca298
7f66818d978689938d91898c998f8d9c
3b3d3c3a39342f3333343f53596a6d77
3e3c3d3c3c3a3b3a3937393b3b353c34
43424443403e3f3c3c44403b35383e3d
4e4c505356514747413f3d3d3e3e4345
4849524d47444840374041463e404949
3f403b3c3d3f403c3c36394042424646
3e3e403f3f3f3f434643403d3a3b3b3a
3735363435353137343b3a3a37383d3c
403e3b373332292f313334352f373337
3c3b37393b3b383737383d3e3e393640
41474946464a4f494748474a42463c3c
2d3d4150595d5c5c62646567625d5753
574b404f494e656d6a573a393c3c3f37
3538333a3e38393838393b3c464a4756
4643403f3e3e3e3f3e4041423e3c3735
3a3e3f3f3e3e3e403d40404343444546
332e2e2f3d3936353233313041413838
3c3c3b3b393334343739373335313330
564e5557595a59505b4d48424042413d
45434445464f52555455585a5c5b5b59
3a3b3f413a3e3e4241414038403f403f
252b30373b2f373e3c393a3a3d3b3a39
817d827c6e6960594e4b483d2e36362f
9b98aabcbeb7a8909f888393afbbc99a
c7c1c1bab7b8c1c4bcb6bac1af9bb6a4
b6a9a6b3b2a8a2b7abb2b8c5c3c9caca
8ea0998cbfb7b7b5b0b2afaaa9aaaab1
a7abaca9a8a49ea192a29fa3a8a29a96
93a6a9a99cbbb1aba9aab3beb8ada5aa
9ea0a39e9c9c999ea4a6a7a6a8aaaaa3
a39f9ea8a79a8f8e9095989da1a1a19e
99958b8c827796969b9daab3b0afafab
3d3e3a39363532302f38394733476f7f
3e3e3d3b3c3b3a303b3f3e3f433d3e3d
44424340413e3f3c3f4339353e41433e
4b4e5355534f4c454243423a3f434345
4849514c4b5049423e44463d42464a4b
41403f403a403b3b3b37393c42434746
3b383932343238373f3b3b3e3c3e3f3d
33323233323438383b3b3b3a37393c3d
3a39373034312f2f33322f3137362b36
3d393a3a3b363a35353d3c3c3b3b3535
41464646494e4f50504c474647443d3d
3c35404f595d5c5f6264666660595451
5553474b455179776951423b36434748
363b3a3a38383d3c3f4141434f605a51
46433f393c393b3c3a403e3f3c393835
373c3d403f4040413f41424244444544
332c2f3c3d3a35343231373d413c3938
3c3c3838393436373934383a38313035
555555565a5d5c574f594a4345433f3b
46473f41495455585958585b5c5b5a57
3e3e43403e40413f3e413e3d3e414144
252426383731393739393c3b373b3b3b
a798856d6a67625b4f47493d30373429
9b9ba3a7a49d9292918c818d9499958f
bdcdcdc2bcbbbcb3a89ea7a9ae8db29f
afabacc3c1b4a8a1afb1b6bbc9c6c1bd
bcc1c2c2c0bcc6bebbb7b6b5abacb997
adb0b6b6b4afa8abaaa99fa8b8aca8bb
9fbab1b2aba4a9b0ada6a7b6b9a1b3b0
a6a5a5a4a3a3a7aeb4b2b3b0b1afb2ab
aca6a4a4ad9c9594989ea6ac96a5a6a6
9594a89591a6adaca7b0a8aeb6adb3af
3c3c3b3234372f2933393940314a7588
3d3c37343c3a3935342f3e3f3d373138
3f42413f3f3d3e3f3c353936423b3d3d
4d51535551453d3f43443c404443413f
47494d4a3f3d3e3b3548474442464a4d
414041403835383f3e3c3b3f40424245
38373737343737393c3d3e3c40404043
32333231313437353c3c3b3a3832393b
353234343431322e2c32302e312c2928
3c363738373737363639383838383536
45464848494b504d4b4747484745413f
3d3a44565658595e6264656257565457
495956595a72703d3f4d48423d404143
373a3a3937373a3a414142464a52654d
3f3b3b3d3c3c3c3b3d3a3b3a3b383735
37393e41424241404041424344454645
3631393d3d3a393a383f4143423d3f3f
3a36373131312f3438372f3138393c3d
5051585e575a5553453f344140403d37
413f3e3b4f57595859574f565b59554f
3c3e43414642434241414140443e4340
2627333633363e36383a3c3c3c3a3b3d
82807c6f65615c554c433d3c3032352a
8f939995938e8885857f7d80897f8790
b7b2b7b9b5b3baada39c95a1a198908d
b1b0b2b0aca6acacb2b7bfc1bebbb4ad
b3b0afb7b4bcbebcbcb4b4b2afbabdbd
a7b1b5b8b7b7b6b7bbb6b4b3c7c2b0b0
a9b0b9b5b1adb1b1b7b9adadafb0a3af
adacacabaaaab0b0b3b2b4b3b4b8b6af
b0b0a6aaa19e99999daaaeaeababadad
a69ba5b0af9ea7afadadadacacaeb6b4
3e3d3732373136343242404445726684
3c3c3c3b3b3c38363a3e3b403738403f
454744434140413f393b403c4241373a
5053555650473b4146464341433d3c42
47464c433c3d393b40474644474a4f4d
423f3e3e3e3e423c38383b3b43414241
37352f3035353435353d3e3d43424241
3132323435353533333c3d3a32313136
32343434332a302f2a282b2d312d2e2f
3c39343838383736393938373736342f
4445494947494f4a494749474746423f
43484d4f565b5b606364605a58545351
5f6d6a666a6c614241564d4758574944
3b3b3e3c3b414140463f413e4556543e
40393a3d3d3c3c3b3c3a3b3a39333738
3e404141414442404041434345444543
3a323f3e403e393b393d42434141423d
34303331312e373538373434373c3e3e
564f585656585b574d3c38393f3f3838
403d383a3a535a5a58544d4f4f515053
3a3b414042453e393a434341443e4140
3031323436393f3b393a393b3b3b3e42
7a767770655f59594e46433d3233302d
929b9595908b8c8b87837f7e79787075
9ca0a0a7adadaba79b95949594938f8e
abaea5a4a2a5a8a8b3b5b4a8a5a7b799
9faab2afb0b2b5bac3b0a89bb2bfc0bd
adb5aab4b5b6b7b7b1b2b4b2b2b8b19f
afb0adaaa8a9aab1a8a8aab5adaba9aa
b9b4a7a0a3a6adb6b2b0b5b5b2b4adae
b3aaa7a7a4a2a09f9da1adb7b7b2b9ba
b6a0acb7afa7afaea6a7a8a9abb9bac1
403c3a34353138383b474c555d4a6e92
3e3c3b3c393836353534333f3f403d41
443e3d44444241404043444443413c3f
5656575d50494a4648463d4143433e43
45444843413f3c3e42483e47494d5257
403640373d364042363b4243423e3f3a
3737353433333334343d3e3d42434140
2d3136363939373a3d3a363d39393638
34353432322f2f2e2e2e2f3331302c2c
3b39353b393838383939383737363335
46494b4a4a424348484746464444423f
494b3b4c53595b5c61625e5952514e4d
6b75866471706258606b6d6e767a6655
3b3e41423e42413b3d3d35394e564249
3f383d3e3c3e3e3d3c3b3b3a3b3a3a3b
3b3d4340444242414340434445433a44
35323a423c3d333231363f333742433f
34322f32353a3a393d3c3b3d40504b3a
4f51505556575d5b56504f42403f3d32
41404042484d51464a514e5153525452
40434546434541414243424140404040
33343536373a423f3b3a3a393b3c4042
7776746e655f5c585451544534342c30
909594949087887d7e7e7c7b79777572
949fa3a2aaa9a4a09894908f94929190
acaea8a9a29ea4aeafb4afa7b4ab9190
a7aeafb0b1b5b7b0a9a6b5b2bfc0b6ac
b5b7b0adadaeb0b1aeafafadaba8a09e
a2a7acaaabacadb5aaaaa9abb5b2b2b3
b4b0b7a5a5a6acaaadaeb0aea69f9ea1
b6ababaeb0afada8a6aaabb2b1afb5b6
b0a9b3b9afafada2a0a2aeb6c7c2bcb8
3e3a3534353533313939395a56426da5
3e3e3d39393935333334333c3f40403f
3f3f464341424242434244444134403f
584b54565250454b4746433a3a484b47
43434542454342444445483e51545557
3f3b3d3e46454442433b4140403d3e40
3a383335333133363f3f3e3e3f3b4142
2e34363738393b3b37333c3c3b38333a
3435333334323030312e2f3235322627
3d3e3b36373434373635373537373634
4242404146464e48474645454545423e
4a4b4a4c51595d5c5b5f5b55514f5250
768d6e687a79706d70767e6a5c564940
3e41413e3e46463f47433a4756565c59
3a403e3c3f3f3f3e3d3d3d3d3d3d3a3c
3a414346444142414244454547473644
31353d3f3d393332333c3e3c3a39403e
3432343a3b3c3c3b3c3c3b3c42524c3c
5054535456575d5e59544b403f3f3a35
4343423f44424243555451525251524f
4044474a4945424a4644433d40414342
3230342b2f3c3f3d3c3b3b3c3d384040
6e77726c64605d5c5957554a39382c30
8f888c8f8b87837c7c7a78767670646e
9da1a4a5a5a09e9890908d96908b8e8b
a9aca6a69a9fa5aaabaca8a4a39f9b9d
abaeafafafaeaba2a2a2b1b4b6b3a8ab
b4bac7bab6bebcb3afadadadaba7a3a1
a0a6afabadaeacaea3b0b2b0b0aeb3b4
aaaaa7a6a6a7a5a6aeadaba8a299a0a1
a0a2aaa9a9a9abaa98a3a9afafb3adad
b3adafb7adaaa3a1a3b6bcbfa7c59599
3d3b3a353433313435363c584a3e6dac
3a3e3d37383d3c3c3a3c37353f3f4040
3f3f49423f404143434343434038343c
52505659514e4945423f403f3e454c44
43413e3c3e3b3e3d4546494650545554
393b3e40444343434235333f3e3c3e42
373438393536364043403e3c3f3d4040
3636353539353a3a373a39353c393a3a
2937353534333333353435302f332e2e
3c3e38373436373837342e3538372628
4444454848484841474743454740413f
6257494b4c4d4f4f4e585b5451525555
747b81706f7d76767f81867971645c5d
3d3a3b303e464241414b3d4d575b6169
4039403f404040403e40403f3c403e3d
423b383735343a4043404446484a493f
3c3f3f3e3e3e3b3b37363d3b383f3f3f
393132322f303c3c3c3c3c4046424341
5052535456585e5f5a484a4740403b39
3a3e3b393f3f424748444745474e4e4e
4344484d4841404342403b3c41413c3b
31313533333d3f3d3b3d3d3d3f3d393f
75776d68656a5e5e5c5956413c3a3133
87878b8485807b7a78787676746f6972
a4a8a6a4a19d948d948c8f938d8c8e8b
a79ba49ea4a5a4a3a8a8a09c9490a1a1
a4aeaeadadaba7a7a6a5a5a5aba9a99d
b5c2afa8b0b1afaeafafb2abaaa7a4a2
a19dafadacacada9a2acb0b0b0adb2af
b4a8acacafa9aaafafa8a5a2a19fa2a6
9ca3afacadb1ab9c97a3a7a8a9a8a8b9
9596a4a598a4a6a9afa1a3a9aab7989b
403f3d383432313738313a3d354c6c92
3f43424142413f3f3d3b3a323f3f3a3a
393837403f40424242434343423f3837
554d5157524a4147454543403e454b43
40403e3b3c3d3d4147484b4c50515555
393a3a3e404440403e393a3f3e3c3e42
35303136372f3c3d333c3b3a3d3b3938
36333638373a3a383539313734373534
3336363533343538373832322b2d2f33
3a393936343336333535383838282729
4342444646464041474647494847433a
61554b4b47494e4f525d5e5d58545657
75899b9979777d85858591868b80756f
393d3a3b444845466d4c3b585c656e76
39394141404040413e42403e3e3a3f3c
473b3534332e36414041403b48484a3a
3f3f3e3e3e383c3e3e40403d3e3b3f3f
393437352f39353c3d3e3f40413e3d43
4e534f5355575d5f504c454543413b39
32373b42444347494b4c4948464b4a45
41444749433d413f3d383f41413f3434
32343638363d3f3b3d3f3e3e3e373e40
74736663666663625d59534643423a34
808080817f7d7b787776747472726f6e
9ca2a7a19d92928f8e8d8f8b8c8d8989
9f9c9a9e9c9fa49f9e9c9a97938f9998
abadadadaba6a99e939c9797a1a6a49d
aeada8a4a2aaa8a7a9a8a7a6a7a1a3a7
99a6abaaacaca9a8a6a3a6a9abaaa9a8
a5a3a5a5a6a7a6aaa9a5a39e9c9e9f9b
adb6a7aab8b9ab9fa2a39fa0a6aba7a8
868076a7a0a49ca0afa19d9eb9b2aca9
423f3b3837343633333432383856678c
44454546464442413f3e3e3e3c3a3733
383a3e4141424242433d3740443f3a41
535351524e4949474444433e3e413e3d
3b38363132303333494a4c5050475657
383b3b3b36413f403c383e413c3f413e
3334373837393e3e3433373c3d3a3938
34313939393a39373634333632323331
34373733333333383739322e2a323332
3e3d3a32353339373534383836282a2b
42423f3d433b3d424043454447464740
5d4f4b4a46484f575a595f5956565758
8d9ca28f858b767a8593968a8c8a8987
4442434f5353784b474543465b667977
383a3a3c43434244363c403c3e414443
44413f3c3b342e2c33333a4343453c3c
403e393a38383e3c34313c3c3e404141
393536313434363e3f3f3f41403d4138
494f494c5456584f4a484c44423e373a
3d3b414040434244484a464347454443
414346474844423d393941423f38303e
32322d2c3a3d353b383d3f4036363e41
706f6763646562605e5e575043414440
7f7d7c7d7d757b787674726866706d6f
9b9e999d97938f8f8d8f8f8f888b8480
9d9b9ba19da09d9f9d979298968f919a
aaacaba9a8a5a7988998999ea2a3a09f
a8aaa8a5a5a7a6a5a3a5a8a7a5a4a4a8
a5a5a5a5a4a8a8a7a9a9a7a6a9a7a6a6
a3a3a2a2a5a8a7a8a7a3a5a1a09d9da3
b1aaa9a2a2a0a1a2a3a1a3a6aca9a7a3
8487918aa7a5a79c9ea7a09c9fa1b3b3
3e3b383636393834312f2f3c5155667f
3b3d4645454341403f3e3e3d3e393c3e
3a3e3d3833373b42423f4343433d3d43
54524b4e4d4a48404546403e3f423e3c
3636373636323545484c4e484b50545a
3f3e3b3c39393f413e3e3d3c3c3e3c39
3938373335393c3f3a3a3d3c403e3d39
353137353539392f2f34363633363637
3538373534333335393a332f2e313035
3c383836302c2d272726323635292b2b
38433f433b3e4342464748464a4c4d49
4d53514d50525354575959555e595857
a1abaa9f8a89878f98a2a29996927862
4041404f6464865f555e507a68737c92
4242424143433d444b44424244454645
434241403a3331353c40424542444245
403f3c383940393d3b38383435394445
3f3d363632363d4041403f3f3e403e3e
454a4744504f524b4b5150444344413d
38393f3e3d3c3945414545433e3d4343
404345474845423f3d3f40443f3d3938
2e2c2c34393b38393b3d3f3f393a3a40
6b6969666165616061615a493e424c43
7c787a7d797b7a7673716e656f6e706c
9a959392908f8c8b8a8d918d89847e7c
9fa2a2a6a79e9a9695918f9a99959696
a4a2a79ea3a4a09392a0a4a4a4a19c98
a6a8a6a3a3a7a2a09198a4a8a3a2a5a5
a1a09c9aa0a1a3a2a6a5a59fa5a39ca3
a3a3a5a6a5a9a4a2a1a09e979f9da2a2
a5a2a1a1a1a19fa3a3a1a5a8a8a6a4a5
858f97a1a5989399a2a29ea0a2a6a6a6
323a2f372d3334353332344252587086
4344444445403f413f3c3d3d3f3f3f3e
3839383535393f4141414343413d4043
4f4d3f434b484644423f3c3d3d413d3c
383c3a3a36363946484b4a4643474d52
3e373b3d3d3d3e3a383f3d3d3a36383e
3b39363434393c3f413e414242424240
3536383939372e303537363736333839
37383936373639393b3c38353434322d
3b3c3a322f2b2c2929342c292c29322a
43433a3f423d454445444445404a4142
4b554f565756545156585856615c5857
abad9b8d8b969cada9889fa695886a58
423c4a586f7075797473717c787f91a1
4444444040433f424540413f45474240
3e4241403937373b3d41444344454847
403f3d3d3e403a3e3c3a3637353e4344
3a383b393b3b3e373d3e3f403f3f3f3e
3f48444e4f4f504f504d4b464e484445
3a3d3e3e3c3d3b404041413e3e3f403a
434343444242413f3e3f3f423f3b3a3b
3334363839393a3b3d3e3e3e38393a40
6b6b6964646161615f5e524c645a5045
73737b7b7a7c79767464626b6a6b6d6d
948f8d8c8c8b8a8a85888987817d8075
9aa1a3999998959390919490999b9895
a5a5a7a6a4a5a5979fa5a5a39fa59e9b
a4a4a5a3a3a8a9a5a2a2ada8a3a2a3a5
a09d9999999ca2a3a4a3a2a09ca4a2a0
a1a6a5a5a5a5a4a29c9f9b9b9fa1a1a0
a19f9fa0a5adaea7a7a2a0a0a3a3a0a1
898d969ea29d9d949ba09a9ea6a6a2a1
39393939383a38343835363f3b597388
4544434343433d3d40403a3c3f3d3f3d
3738373a3a3c403d3f4145433f424444
49463e3e49484748443f403d3e45403b
3337333634323636484b48484c4d4c4d
3e3f3e3d3e3f3c3d41403d3c3a333437
2c313b3a3b3b3c3f4141414342414342
313131393a2e2d2c3a38373837373738
302e2f2d30302e3b3b3c383636373534
3b3c3b383634303034342f2d282a3635
4241413d3e4140454442424245373c3d
534b46485157595b5d5d5f64635d5757
888d908c9493919fa58b9698867f7961
474f5263738a958f9781808a80858182
47464341353846494a49363f45454544
423b312f3a3b3c3c3b3f434547464849
3b3d403f363335343f3e3f4041464544
3a383f3e3d3f3a383b3f3e3f3f3e3f3e
48454d5152504d4a4e4c47414545453d
3e3d3d3a38312f32333c3c3932323d49
4444424346413f3e3e3b30333b323c3f
3334353637383a3c3c3d3f3d39383a3d
67666362605f5f605d50514e5e5a524b
75777a7d7b7876757268626862696d6a
938c888b85868a8f8485857e8179776b
8d9ea296989494938f848e939e9c9591
a7a6a2a6a4a2a3a2a6a79c97a2a08b91
a5a7a3a4a8a5a1a3a59e9ea0a1a3a7a4
a1a09f9c9a9ba0a1a09fa09f9e9b9d9f
a2a59e9d958a939292909198999f9fa0
8d8e909190979095a19ca4a3a09aa0a3
838897979e9b9f969a9fa1a4a6a49d92
3d3d3b3c3c3a383a3b3936364d637385
49484645453f39373f3c3a373b40403e
39353a373b40423e3f4042384346474c
474443444546464944453f4544464440
38383434333431333a41454c514d4d49
43413e3e3d39373b3e3034383c3b3a39
322e36393e3c3d3e4239404042414341
33353434343332312e373939342f3837
302f2e2c2f2e2f3c3d3c3b3933373637
3e403c39383634353434312d2f2d3634
473e4344433f43444542413f3d3e3a3d
4c4b484a454c545c5d5f62635a595756
7b7a7487929191959e938e92767b6e56
48505d6e80897f7f8382858a857d8378
4d49453e3d464d5150493b3d42444144
4245453f3e3f3f3c3c3c3c4749474948
3c3f40413934344142414142494a4b45
3735423d3e383a3b3b3b3c3e3e3f3d3d
45415254534b4b504d46424343433f3c
3b373335332f3130373a3b363433454a
44434243433d383a3d3c38393e3e3f3f
333435313233393b3a39383535373c3d
666763615f5f5f605f56595e5d58534f
767b7d7a767776756f635c5865676566
8b8a8887818181928787807c79746b73
9196a09c939190907d888d9190918e8d
a6a0a3939a959c9ea09b9c96998f8a89
a4a5a5a3aa9e9c92919f9e9da2a39fa4
9b9c978f969a9a999c9c9b9e9a999ba0
97999c9c92909093907c84969c9da9aa
8e8e8a878892909a9d9e9fa39b9e9e9a
828393959d9e9f9da0a1a5a6a1919992
3e3d3c3c3c3b3b3b3b3a383952657581
4b494746443c3a3b423f3a3b3d403f3f
423f3d41444645423c4137384345494a
4744414444474949494f4b4645484644
39393939363532324144494a4d4c4b4b
4142403a383835393d3a373d3e3d3935
2c2c333a3c3f3f3d3e373c3e3f3b433e
3534333434343232383b3b39312f3837
31363635302f2e3c3d3d3536383b3937
3c3c3b39383635353535322d2a293130
41363d403c43434344433f3530384140
4b4a434a494e52525b5e615c5d5b5656
67717d8391a1979b96897e876d6f6151
4a4f5c7283858b82848793978c888066
4d4e4b46444a4d555461595c4a433f44
484e4a3f3f3f413d3c3b464d4c4a484b
3d3c434136363641414242444b4d4d4e
4042414042413c3c373534353438343d
4446434140414348443e424040403c3c
2f38342e3332333938353839353b423f
32302e3836333a373636353a3c3c343b
34343331353439373638363334333332
655d5f5e5e5f5d5c5c52545b5c57544d
6f727d77717376766e67656568666562
8888838382818587918a6f73827c736d
7e818b9699928d8b8793908d908e8c8a
9f8c94979d9ea09a9d94908f898c8c84
9a9a9fa49a99948f908e91969da5a2a4
9898958f95969896969a9d9794939899
93929695928f8f9a968d8f9693999b9e
96958d8a8d9698999d9e9b9c999c9b97
70798d939a999a9a9c9c9d9b958e9996
3e3e3e3d32313d3f3c3e3a36536a7560
474548463b3c3e4141413e3e4141403f
444345424747453a3a3c403c3d4c4c4a
46423f3f44474949494e4b4a44464645
3f40403f3c37343c4548474a4b4a4b4c
454342403f3e3d35323b3c3e3f393b3d
2c2d2d383d3c3c3c3d3c3b3b3f424646
3634323637353337393c3c3a31313834
38383938332f393c3d3c3c3a39343337
3b3b39382c2f3635332b2f2e31323236
3f3c43444e48474445423d393c3b3d3d
534a45444c4f5259625f60605b5a5656
576477818d9898968980867f7f615a4f
4c5b74787f858e84908d918f82776a5c
4b4d5052515055626b876c634a3f444a
51443c3a404041414240424f4f4e4b49
3b3b42413a3a38424142424245414d43
4245454344423d383434353436333934
444849454243423f413b393e403e4040
382b36343636373937363c3a39383337
302f2e2d2d2d383633322d2c38363732
342d2f3036323a393532343835333232
61605e6061615d5d5e5654575b57544a
79746e76706e68766f6c666666606261
938f93938f8d8a8a948a8690897e707b
81999c9c928b8886909e8a9084838989
8c8f969696949b9b998d908e88848d8a
909293939593959b9c968f9197979c98
99888e919293918f8f969598a3929391
889196969893969893918e928a969997
9d99939292928f91939a9a9996909394
69729094969497989a9a9b989694939a
3b33353032404240403e3c365265674c
49434a47403e363d4544414545424443
454546463c49473d3a45443f3f3c4549
4d493c3e494b49484a4a4a4d494c4645
40403f3e3e3b384046494a4b4d4b4a4a
4442434342403d343c3f3e3f403f403f
3132322f3a3a3d3b3d3633383f424546
303536393637393b3a3a3b3631313735
3838393935303b3937393a3b3b373836
3c3938372c2f37343230343236363537
4f4b4b4d614c4b4641403e3d3c3c3d3d
4c4342474b51525958554f5758585454
717783868f92909296787d7a755c5d50
4c5e837f665b7a848c8b8c83745e6861
4f4745535d5c656f7c6454464b433f3c
4a403a3c3f3c42403e3c4b4e4d52504c
3e3f413c3a3d41434447403a3c394845
3f40434446453f373135323137303230
50504e48454341403a3b42444340383c
383737353738383737393a3834343232
36302d2a2b36313130302a2f38393833
333332373634322f313336313231383a
5e5e5e5e5c5959555c5d5a5b5b575247
847b8870716d6e7a676d656b696a615f
8b9ba19b8f9c939096928f7f7f7b7775
95b693a69f8f7f7c81848a8e8d8b868b
90889a99898789879b92908f897e9295
8d8f8f8f8c959695958b8b908e918483
959096908f808b7f8a958e9092958f92
8d8d8b9794928d8e8f9193949695928e
9491898c929189889086928f85888a8c
7b7f878b8b8c8f8081889497908d8893
34373e3c3844444243363c4d50454f55
4b4a49474642464949453f433f4c3e42
484544463b4045403748484441444a4b
4c49484a4a4b4d495052504c483a3748
403f3f393e3f4043454b44474c49464d
4037403642403c3d3c363f3f3f403f40
393b3b3d3d3b3d3a3b383b3f3c444646
3433383434353b3c3d3d393030323938
35362c2a293938363a373e3c3c3a3d3a
3534362f30303536322f2d3839383838
434046535f574a43433f3b3738383a3a
4c404243505152595755535858595455
72797b888f909099a79173726f5c5950
4758626c5961656d7a6f807a726c6361
46494a5e6e897f78765f4f4645474236
473e4143443d464542484c4d4d504749
3f3f41404142403d3b3c3c3633314940
3e40444c48453e3938363331312d322f
384e343a3d43423e41444342413e3536
3634363333333a393738383527273230
3c3a3434383736363534333c3b3a3837
2d313639352d2e2f2d2e312d31313d39
72746e6567696b6a605c53505b585248
79758171777a7c7e7a7961676262646a
95948d908a7f7d9f939692837f838077
95aeaca693939291899396a2a19c9695
88969292959a9d9a9194968c8683a192
88938a8e8c898c877e7b7b8c85898b8a
8686908f8a888b888a86858796938b87
8f8e8e878d8a8889969fa69b939f9182
8b918e9f8c84878891908b8f8a898d8f
7a778485979496949a9a99908e8e8996
333a44483c4b4b4a433c464c494d4a67
524d4d4747464652494e4942494b4637
474b4847474a4d4e4d494c4a494b4f4d
4d494a4846484c4c525453504c3c4748
403f3d3e3f403f4447494645454c4e50
3e3636353c3b3a3d3c3d3f3d403c4040
3a3e3e3d37373b3e33313f3f3e374540
353838373435373d3f3c2f2e31323939
3938332d38393a39393b3c3e3f3e353b
36393835313233333032393939373a3a
47454a4d4b4c4642423e3b3a3a3a3937
4e484348505255595a5a555a57575656
69708a8e8f9099a5a89e71776e5d5a5b
4a4d4c55475e5a67667f7a7773656058
434b596c5a837278826663554d473d3c
33434042313e4a49454c4d4d4d4e4945
3f3c3a403f3f3c3939393a3738383b39
484e545049473c373a3c3d383131303d
424045444142403e33444343393b3a3b
3133333536373838383838322f2e363c
3e39342932363231353135363b3a3835
3332332f3c3b36312f2d2b2931333d3e
7f8073766f72716b696b5d595b585147
9b99aea2818187827f72687163706e77
a09e9ea89d9da9a99d969c9092959d7d
afb1b2aaa39e9d9da39facb4b0a6a1a1
8b87847f8c98a39f9aa09e928c9ca98a
8c988b848784877e7d87878c8777908b
92a6a9a5a19f9c999e9697969c888a8a
928e8a8a84817e90a9b3b3afa6a2928d
82908c7e7c808c8f9580788487979194
7e7780807e848490908f8b8c88949288
4a5047463b393e4d49474b4c4a5a717d
544d4e4f4656534c494b483c454d4748
484947463f4b4d504d4d4c4c51585549
4a49494a43464d5a63615a51575a524e
413e414040424846474c46444c52514d
3b363b413c3b37363c3f3f3a333d3f3f
3a3b3c3b363741413634423a37363837
303236393a3b3c403636303038343a3a
3a3a31303a393a3a393b3a404142403d
382e313427322e31312f383b3834373b
4042484d454841393b3a3a3b3b3a3637
4f4947474e515558595d5e5e5b565655
788f8e9393949faa987c787067685c59
46493b3a45525e57667170746f72626e
45515c5b58757b846c6d5b594e454544
3e464648433c4d4c4944464d4c4d4940
3e3d3e3b3f3e3e3c3c373e423e42443a
5155514c4848433b39373d3133323c3b
42484d4a3e48423e3942433d353f3f3c
2d2f2e2b2b2b29242637352331303a3f
3d3a2f2b353834343837353b3a392c31
37353133373c38373232302f3b3e3e3e
76757474726f6e6c6c5e68625f5a544d
a8bab5948f8888896c78747379747d78
aba695929e9da8a69f99999e9dafabaf
b4b4b2a3afa5a5abaeadb1a8a0af9ca0
98acb17d8c9eaba3a2a6aaa095a5b0b1
999f968b84897f829a9a95899083848d
b2b3b4b5aaa4a6a8a6a2a5a288829ea0
99968d8f919397a4b09993939f98999d
8b8aa8a0908e8f9190a5979693a59d99
67837a8688858c8e8690928a8182888c
4e51493a3831474c484751484f44797f
474d4b4a4d514b4c4a4949403e404e4e
4d4b4d544f5054555459545a555b4d4d
4b4a48454754657d626b635b69676157
3f4142424144474d544d45464e585c58
36373e39373631303d3f3f3a383e3b3e
3636373b3b3c3d403f3f413a38353538
393c3d3d3b373f3f3e342f383b3b363a
363833322f3a3e3a3c3c313e4444433f
323633312f2d2d373335383a39363536
3f48475b42463f353d39383a3b3a3936
4f4e504e4b505757585c5e5a5e585658
888f9891979ba37a81887b756b605656
45443a3e4245444e5c6f6d706e6c7a82
4d55574d4772808666574c4846464443
46494a484642484146444d4d4d4d4a4a
3e3d3d3b3c33383c3b42403d41434043
4e59544b524c403c383833313435343a
3d3f484a45483d3b3f40413b373f403b
2e2a2f2c2a2a29272736342c35353b39
363835353737383b3735363b3c3a3032
3c30313a3c3d3936323234393f3e3f3e
726f6a685f626b73716368645e5d5651
92c0b3a59b898d868f8385807b808573
ad9d9a979eaba69e9b907c7b859fb3bb
b6b0ada9a8a7b3b5b6b5aeadaca4a9b0
a7afb59ca19f9eadb1b3b4a89eafb3b7
a4a8a38e9c7f889baea7a6a488889ea4
afb5babab8a98c8c8e908a8486878a99
9e9d9c9c9ba0abb0a8a4a4979b95a0ac
a89b9ba6babfaca3a8a9939db0ad9c9a
74877e858e8e8e8e9a9393a0958bc0b0
5455403c38545a5148575b484d447083
4b4a4a4c484f524d443d46413e465c60
544f5b4c5957595d5762605a63544848
4c534d515457757c7b6b73686d7a746b
44444647424547495f51474955605949
3c3e3937363833332f3c403d363a3c41
3b3b413d4041413841413d3839393b3a
3d3d37323031313e3c35343a3d3b3a3a
353533313339433f4640353b443f403e
313837333333393936383c3b3c373c34
443e3f41423f3a373a3d3d373d374d43
504f4f4c49485357595a58595b565759
8d939394928f8d73676e78786a6a6e56
46433e3f444341485274706b766f8377
4b3455487881756c584d484d403f4142
4646434548483e414547494d4d4c424c
3e3d3c3a393b403d3f423f4043433d44
4d5050473739443d37343230363a383b
3b3a374649454440403f413541423e38
332f3437363333342b27273136363839
35352e363434393e3c3a3a3b3d3b3635
2d312b3d3d3d383132343a3f41393e3b
8b887e72767978716a696b6d64595144
a0b9aa99948c958c857f787d8384888b
a9a2a2b1b3b589a098a5a6b0b3aea29f
c0b6aeafb2adadb4c9c9b7b3b5c4beb2
b4b0b6babcc5aeaab1a9a3c1ccc6b6c5
a6b1b1aaa59692a9afb0b2b1959aa8b4
b8babec3bfbabab7a7a09da699958fab
aaa49f9fa1afb4a3a6ada79da7969d95
abaea8a7b2b8aea9abb194a4b1b1aeab
9e949ea19c9aa0a398908fabaebccdb1
454c4a465341574a47646a57596d89a7
727542464f8c71664f4b403e4851595b
5b625c544c4a59644e69666f6c69696f
515151535a675c676c887e8088818273
44464648454748495b51484c50504f52
423c363a3e3c393731403f3d3e3f4041
393c3b3f383d414248463f3d3c3b3a3c
413f3f3d3a404034343032353d3c3a38
2d303238343b404443403b3b3c423f3a
41423d3633373d3b393b383b3c3d3c38
44423d413e3b3a3c3b38393c403d5142
504e4a4a4f53565a605b5c5f5d585857
8b91879296948a8174736a766d717651
423f3e3b46454755535e6461696e798d
45403f4e8e867c6f5042424042414242
45454646433f3b4546484b4b4942413d
3d3d3c3e4041403a4043413f453c3d44
434746444751463e3d3734333b3a383d
3b383441453f393c3c3f3a384241383b
39393a3b3a3938383531293438373939
2f2a2a3436393c3e3b3b3b3b3b3b3939
3e3a2f413c3c36323535373c3f3f372e
7e837a7c7a7a797b757174725b585044
94cac1b39e9297918c85837f83848a81
aca9b0b5b6b0b1afabb5b7b4b4aa9e8e
c1aca4afb2aeb2c2d0cac6c0c0c5b0a8
b4b0aca8b7bbbeb7b7b7be9fcdbdbcc2
bac1baa4b3afb3bdbcbbb2baafaea7aa
b8b7cdc4c4c1bebfb1abb1b1a59eaebd
adaaa5a6aaafada6aebdb5a99f737c9f
c0cdc8bcb9b2a8a2a4b1acbeb1b0afaf
bbb5b0b0a495a7a0949496a0bbc2d0b4
6659586f746f6b616363637561a7babc
82854d61989680645b554f4c555e5f61
7071635251585f555c6371787a787574
48545a5c5e60666977858e8d8f807e77
454545444a4d485050484b584852424a
3f3e3b37373937353d382f3837393f42
3d3d3a433f40494d4b464646493d3c3b
4040393a3e42413e37373c3b3d3d3739
3b3c453e40434c56544e49443e3e4745
52503f36393c3f3e3f41474a4a4e4345
433f3e3c38373d3f3e32353846525452
4f4e4a4a525557575c5b6162615b5755
979091918981797b757c89876f70746c
403e393a49494157545961606f708e93
444655777e695d47403a354243413a41
43424442443d443f47484645463a3d3b
3e3d3f40404041414444403d3d3e3f43
41424344434343413a38383b3537333e
3b3931373f3f3f443b3d3939423a3e44
3b3a3a3a3737393a3b36363636312e2f
2f333735363a34393b3a3a3a3b353a3b
3e33353d3536353135363443433e322f
87848684817f7d7c8177757c71594e49
cacaceb99d9a93918b89878787858382
adacb5b3bec0c3b7b3b3b2b0a5a8a0a1
b4b3adb2b0b0adbac1c3c3c2b7afa8a8
ae939aa2b9b1b0b6c1bea79fc7c6c5cf
cdc9b3a8a4b6c1c1bfab9d91b59eaac2
ddcac8c6cac3c4c2c1b89baebac5d1d2
afaeababacadadaeb1bfbaac9492acab
b3bec2c9bbb6bab4a5b1b4b1aeb0afaf
c0bbb3b0b6c1b9b2c5a1a0adc1beb9b5
737c84857e79726d6e788e9876b5bc93
8c8e9a999b9a65665f45545b5f627273
8c7c714e5959605e645c76828c7d7678
4f5c5e5c5e7d6c73898ba894959b858a
454546494d484a4c4e4a4a4b4c434649
3f403c3d2f35353434383b3a3c3e4041
434441444b4f584f4440444b53423d38
433e32353d464542413f3e3b403e3c3f
5754535761666e6f6c655a4f4d464b48
4341443b403e3d3e3e41444c4d60605f
413d3938383c47444842495467665e47
524d4b495356585657545a605d5a5352
80848d87837b7270868d897e85817971
414140424a494a42434e595c6581948e
464a4f5547373d403839444241393d3f
444341403e44444345454542403f3b3b
3e3e4141403c4044424443423e3e3e40
404042434748443f3e383e3b30333535
3e3732383a444346413e40403f394745
3a3a3a393a3b383a3c3838352d2d373d
343136383a3a3439323b3b3b39313a3b
3c33343937333333363d4144453f3835
888086847f7a7b82827f7276806b5746
a6afad9e90908d8d908c7c7375858588
a8afb8acadadb2b8bab6a2aaa8b6b0a4
aeb0b6afb1afaaaca9b9ccccb9ababaf
aca5a0b0b6aaa1a5a08e95a8a0bdbbbc
c9c1b6afb6bcc0c7b8b5b7b8b5b4b3af
cfcec2c0bdbcbfbfc1c1b0c4bcc9c4c5
b6b8b1bab8bbbfb0b0a6aaa4a5a3abb0
b2b2bdbeb8b3afb7bab7b3afafb5b0b1
acacafafb3c5b6a9a5a3b7aeb6aaafa6
7582908c848080808685978a92a0a8a6
9d968c8684896e6c646368676161736a
916a5a485c555958759aa2949b8e8a90
5b60635b777770767f8b94959592919b
4247444a4c4a4b4b514d4c4b48485250
4445403e3b3a3a393833343a3e454346
3b37454d565a573842453f50453c3a3d
4335354246484a4d48434349524e4341
66654a6f7f7d7c79746d5b514e4e4e4b
4b3e403e3a3636373f444d5b6169686a
403f41455563726c687376767b816d51
4f4f4c51544f4e5355545a5e5f55514e
777a898b797e7d838398878c9a906e5a
424447484846433d534e555a61717f85
404147464146423e3b3f44423d333543
4241403f3e43424142413f3c38383940
3e3e4040404343443b4647423d3e4041
3a3f404142413f39373c3d3735333533
3a3848484e4d4540333b403f3737423b
2f2b322c2d373a38383534332c334134
363839393a3136333a363b39393b3936
362b2c2d3b3c3b3b3b38393a44413d35
89888b837e787b80807f7771816f5b44
868c918b8e908c8e89827c7d7984868a
a4a7a49893989da3b2a2a8a9a29f9084
aba6a3b2afadaeadaca9a6a4a3a1a5a7
abb6b6b3aeaaaaa9a8a3a4afb0afa5a1
b4b4b4b6babebbb3b7bbbdbbb5b7bfb4
aeaca7a9adafc9b0b4b7c3c3cab9a6a7
aeb0afb2b3b0b0b5b0bab1aab2b3b4bc
afb5bbbfb9b6b7b2b4b0afaea9b2b1af
8c9e959cbab6a7b5c9aaaaacaeafacaa
7b858f8f8f9090909ba1a098808f8670
9ca19685809a827c7a787171697178a4
8a6d5d556059625f8fadada8a79d9b9e
5c5f5960645a6b867d7f90949594908c
48494b4d4d4d4d4f4d4c4a4a49445156
4846433f3d3b3b393836363c3d454447
423b444548483c3f45474745584d4345
413a3c4649485054534f50535d4d4d44
6d6b60717b7b75716e6b5a4f4a4d4c44
4d423b383e3d404c4a4e59677174716e
3a3e3a4178637f545b5aaba9a9a88266
525151514b4f50575553525459535250
78748a817485847f879aa0979a8a6061
4343484745474244584e434c4e444b76
3c3d43454344453f3f3d3a363b393744
41413f3f4141403f3f3e3a3a3b3b3a3d
3d3e414243444444434447403e3e4241
3a373735373b3e3e3d3e3c3838313535
3738594b464e3b3433353c3e3738393f
2a3434363d3d3b3a3936373036383d39
363b303a323b37323b3b3533323a322e
322d2c2e3b3d3d3e3e38343b42403734
85858a7f7f7b7e7d77787b747b655742
757f8f8e8c8e8e90878483838485868b
a0a19e8d8089999c9e9fa1a09e9a8977
a5a8a4a5a9a8a39e94898398a4a3a3a6
a9acb1afadaeacaeadaba6a5a99f91aa
b3a8afb2b3b3b3afbbbebebcb8b7b6b1
c19fb59ca5b0aeacadb0b2aeb1b3b3b6
adaaabaeb3b5afaca4afa4b4adaeb7bb
aeb3bab6aba9adb0b1acaeada8a5b1af
8c8a8b8a96b8a9aebabd97b0aea9adac
8e8b9fa3a6abad969aa4a0b27481808c
a19e9ea29da9aa94878292949fa2a991
856d616465615f576caeaba09ca093a4
5c50555b5a5a6b707b859696989a8f83
45404e4d4f51504e4f434e4b494d5159
4843323337393836373739383c424347
4140403e3e3e3e40434d4c4647504340
37353d494543414344445d404b545646
7a736660616a6a6966584a4d4d514b43
6456534c48474a4e595a6368684c616c
3d3966758f947a6b8ab4c5c1bdb0816f
505450524e51545656565657514b4b49
7d7878777f898d919ea29d9785725b65
44444646484848474c4b434a61465058
3e404541434442403f40403b3d414445
414040413f3f3e3d3d3c3b3b3b3a3c3b
373e3e3e43413e45414746403e414141
363635363837403f403f3e3733303736
44495746423c3834363d3d34393d3f3e
32363637504c3e3f3a2f36353b3c3a3a
3838303f3e403e392f33363939393535
2c3133322f3336403d3c3b39403e3739
8486887f817f7f797978786f755e5440
878b918f8b878e908785848484858789
a09c9a91919b989f9b97969494949387
a2a7aeaaa8a29d9b948e939d9d9fa0a1
a7aab1afafaeacadaeaba9aaa9a39fa3
aaabafb0aeb3aca3b8b7b7b7b6b6b3af
aaa8a5a5adb1b2b3b3b2acabacafb1ae
a4aba9b0b3b3adababaaaaa9ababb4ac
b49c9ea5a3abafb1b0ada8a3a1a3a6a5
74858f9099b4b4b2b3a48f9ea8a6a7ae
a692929e95a0978b81b999827c828280
abada198acb7b1998e94979da8a6a5af
89735d6268635a5577a19da5a3a1a4a3
5657595c615d6e7b797f92859a9c9093
4a59525051515251464446423f4c4c5b
473f3632353637383735393c3c414347
3d4140403f404141454f575b525e6577
37363b3f3d484d362f4d4d5a3539503f
946b6373737869656260515050514c3c
7661645c5150575a6a6e7375686a718a
4f55597e95956e6a615ebebfb18c8a7d
5d5246514b525454545756564e4b4b4b
747375898a898e8c919e9d937a70736b
4647454549494846464a4a4c4a495c63
3e3c3b3d3a3a42403e3d3e3d3d444046
36343132303f403e3c373837383c3e41
3e3e3d3c3e41414243424543413a3939
393836363440403f3d3e3d3133383a38
364d534c433a37383d3d39383a3f3e3d
383b2f4254513e3d37372e3a3a3b3738
313b3f44483e333232353a3a3c3c3b3e
3230322e2f32343f3b3b3c3f3f3c3530
807e838282807c7d7d7a705e69665841
8c8c8c8e8980858488848485857f7e7d
a39e9b9a9b9e9e98999696969590827b
a3a6a8a9a8a098999795918f9da2a3a5
aaa9a9a9aaabacadaba7a9abaaa7a0a0
adafb1adaba7adb1b5b3abb4b4b3b1ad
a9aaa7acacacadadaeadadabaaadadac
9dabaeafb2b0afaaa8a5a6aaacada9a7
acacacabafaeb1b1b1b2aca5a3949695
71909d9da4a19e9d999d979aa4a5a8aa
a28b81848e958e7e8ab1777aa0898182
a3a0a1a5abac9e8d7c979b9699a8a6a8
8e5f736f6d6b5c698b9192a2a59ba6a8
5b5e6263656a74747b7c918f9d96858e
4a52504f505051524642413e494a4548
473c30302e2f302d2c2d31333c424447
4042414143434343464b535152576c67
423c3c4242534e4d556262543c3d4f44
756d6d726a6d6d6e5f5859524f54594c
8b7b7165585f66666b6c7077636b6e7b
6459524f8f917e6977afccceaea09b8f
53514f5242515355545658524f4b4747
6e73878e8584868c8b9e988a7f7b635d
47464545464a4e474748454949495b61
403c363c3e434240403b323d433f3641
32312f2e383e3e3c3c3b3938393c3e40
3b373431343438373a383b3334353233
3d3d3b3b3b41403f38333230393b3b3c
4639454b463b37393e3f3d3c3d3f4140
3c3a454d50423a3e383935363f38303e
3e3f383446443d39393c3e3c3b333235
3634353537383a3b3b3a3d423e3c2f36
7d7e787a83796e6d7b7a6f646b6e5642
898b8b8b8787848784817f7e7d7c7b7b
a49f9a999a999f9d969898938b8a8388
a3a7a8a8a7a19b9c999a929da0a19fa5
a09e9ea2a3a4a5a7a7a6a7a8a5a0a0a1
9aadaba8a3a2a6a7b1adada4b0acaea3
a8aca1abacacadadacacaaa9a9adaaa3
a6b0b1afb1adaaa9aba9a8afaeaba5a5
aaa9aaaaabacafaeaca89d9d9d96a4a5
8b878d9ba29e9d9b9c9ca09ca5a2a7a5
a99283868b9592a4afa174919b92848a
a1a0a4a79d9d9a98989d9d9f9ea9a5ac
7d737a817c6c616a848b91a2a09aa6a3
595b52586466686a8685918d93828384
4c515047515051514a494a44494a4e57
473e35312d302f2e2d2c2b383b40454a
3e3d3e4041414142474e5755564c7f65
504b4d49665444464f535e5d503b5344
75706671676e5d6261514d5252507267
9189616649586d7c818e7d6b5e606972
6a6c7179896f757a85cac6c9c1b5b299
57584e4d4d5455555251524b4d494140
60869d8d8d8c8f93938b8c8780807361
3c3f4246464949474645474948474b4d
3f36363940404140413c3a42403f3332
2f2e35393a3c3b3a3c3b3a373a3b3e3f
37323330333333363636393333323130
3f403b3c3d3d403f3c3b373a3b3b393c
49423c3831313a3b41403e3e40423f41
53464956504e43423b3133423f3d3e48
403c3d3b34403b3b3d3e3e33343a3f44
3635363838393c3c3c3837403e3c373f
7a76767a826c76737878786670705449
8a888887858482807d78777e7f7e7c7b
9b9896979a9b9a9898948e8c8b89868a
a3a5a4a59d919ea09e9c9ea0a1a09d9e
a09c9d9d9f9f9d9ca3a1a8a6a3a09ba3
a6a5a3a594a7abacadacabababa99e9f
aaa7a1abaaaaaaa9a8a8a7a8a2acaaa2
a2a3a6a49ea8a9a9aba8aeb0afaaa5a7
a4a8a5a1a2a09fa09b9ea196979da2a1
8f8890a29c9d9a9798959c9fa4a2a3a6
9395909091929ea39e987f8d877b7c92
a8a9a7a6a498a1a28f96b3a8a9a6a3a9
8887868b8c817b858c8b90969d9ea7a2
534f58585a62626f7975818280797880
57534f4e4b4e4f474a4655533f4e5152
4537332a333235312f2f333938424747
353b4040424241424c5b56494a593c36
6154595b616058535d696e67543c5838
808067585d5856594b4b5151534f7461
9384775d59877d8d876868846b657978
726a71827d7a7e7d6dbcc9cac7c1ab97
5f5b4c4f4b4f515051514e4d4b47403f
515c75858b898a8d89888a82796c635f
3d4648484848494848494b494a4a4244
393d3e3e40424341403d3b4334313332
2c2d2f343a353c3c3e3d393833373737
39393535353838363a3c3a363a31312c
3d3d3a3a383d403f3d3d3a3b3b393b39
473f38392d3640404242444a3e3d403f
7f6e5d5a6360544f413444453e413a59
403f3e413c3d3b3a3e3f3d3c413c4247
3435343337393a3c3e3b3b353230393f
79777377767573737176745d4f58544b
898487868584827f7d7c797e7e7d7c7c
9998979a9a9a9695938e8a89888b8989
a5a4a6a49f9c9e929390939f9f9c9290
9a979c9f9ea0979e999c9d9697a1a3a4
a4a1a4a6a2a3a9aaaba9a7a2a49e9d9f
aba0a5a6aaaca9a8ada59f9fa7a6a7a7
99958f969ea6a7a7a5a8a9ada5a7a7aa
a3a09fa0a09d9e9a98a0a29897979f9c
898a92939a9b9a9a9d9a999b9ea0a0a3
8c968e8f9494898f91919b746e757c91
adada6a4a2a1aba49d93b5ab9498a5ac
777d8d8e8c8f8c8e878892a2a2a1a8a9
4a494d504f5e626470798180814d5c82
594d4e4b4b4c504b4d4f544c4f50404e
44403c3939393833323132363f41484b
3c4141444745444c474a464c3d454d4e
61615c5f6868666164707569564e443c
6667615350514c47484d4c4754525266
898b775e748fa1a37c62657271737376
686b6d6d686976826688c5c4c3c1a29c
5454454d4d4b464c504f4c4b4c464141
5f5f788f8e8990958c8c8c7b71665e58
41494a464249494848484846474b4446
37393c3e454643433b404243382e3236
2f373c3d3c3d3d3e353c3d3b383c3d3d
3b3b393b3c3b3b3b3c3b3e3c3e3b372d
363e3d393a3d3f3f39393a3838383c3d
45413f3e3d35383f3b3c36403f41363b
3f437e60674c49434143403e433f3d48
3d363e3d3535362d3633353f3f3b3539
2e373233333035343c3c343230303a40
7a776f6c6c71756e70706a5f49605449
87878684827977757981807b7e7b7b7b
928b96979a9896978c90918585858485
a4a4a5a3a29c99a39a9497989a97928d
93969c9a999893919e9e9997a09fa0a3
a2aaa9a9a6a8a9a2a8a7a6a3a2a09d98
9f9fa6a9a9a9a6a3a2a2a2a2a3a5a6a3
a0a08894a5a1a4a4a7a7a8a8a4aaa8a1
9a9e9f9e9d999a969b9799949198a1a0
86938e8f9b9c9a9b9e9a97a29c9d9fa1
8d8e9587958d8d948a87876a6e7c7f91
a2ae9e9f9f949d9e818ea5a69ca0a38d
8089929090928c757e838e8a97a0aca6
46484b4e505a60637b82919272626a72
444a4e4f4f49504d4e424b4a454a4341
42403e3d3b3c3c3a36353737373e353d
4141414647474941444343453d3e4040
6d6364686b716a6a66625e5e523d4341
5a54534b4b504d474c4c47565b597979
888e8c698cabad91886c6f676a6b645c
3c4a525b5b636463626c9cb895a79f92
524b464d4e4c484a4e4d4c4a48434040
525f7c8c8a868c8b90908672685f5e58
4546484446464546454849494749494c
3a3b3e40403f4041383636403f34363d
31363d3d3a38373a383839393b3f3f3d
3b3b393c3b393a3837363b3e41393830
38403e3c3c3c393937393c3c3a393530
45403d403d383c3936333b42383e3835
444b56585a4c46403e423e484c47514d
3d373c3e343534312f2a363e3e363a3e
37353433333233313c38343230353e3e
636f686965667373736b5f606863564c
878686827c7374787d7c7b77676e6d65
8f939492939494959390877f85827f85
9ca3a5a29c91929f9a99959c98948f8f
989ea19c9a99979d9c9e9aa09f9fa19f
a4a6a7a7a5a5a3a69ea0a2a4a0a1a39c
96999fa7a5a49f9f9e9c97959aa0a5a4
a3a08f9d9495a1a4aaaaada9a49f9992
9897999c999799939f9e9e959ba4a5a5
908b8787908f978d97989e989c978d95
9592928c8a8c8e8384867b6a6d708b86
a3a6a9a6919da4a79b9c9aa69d8e8399
8686898f90948e7b7780828ba09fa59d
4345484a505a5f626f757c7c69545d88
47434b4b484e504f4f504d4e48454041
434240403e3e3a3a3c3c3b36373f393e
40424647484847463b3f4140423f4242
71676767716f6e64686e4f5c49424940
545250494d504a4f514e4c474a798981
897f85857fa0989780787b78635d5c51
7a55596a70725d5d7f788b9493908c8e
544f4e504f4c464644424344403d3a3a
55533e4a786976727b927e65625d5c58
494641433f45464846474742474c4d50
3a3c3b4144433c3542454848443b393e
3134353b3b3836383b3c3d3e3e3a3e3e
382e393c3a393c3d3d3d3b3c3e3c332f
4444403c3e3c3f3e3f403e3c3938393b
444032323d3b3b3e3738394035363b38
514b5a71583f46383a413f464a4d4c4a
37413e3e3835312e39363c3c3a31333d
323133302f3035393636332d2e3b3d3b
6d5f5d5d686b6b6c716c66605832583c
888685746d73737876766a686e6d6b64
8b8d8c8e94929291918f868380808187
9da3a4a0928d8e929b9892979591908e
9c9b9c9c9ca1a09c94869da1a09ea0a0
a4a49ba3a2a19f9fa09d99a19f99a09d
8f989c9ca19f9a9a9a999b989ba2a5a4
9c939190949fa0a3a5ada4a0a3a19a99
95989b9b9ca4a6a19086809d9ca0a3a3
85888b9392969594949792949f968994
9499908783949271777a72696b6a6078
a0a1a08a9fa1a7a69fa7ab9f9a8b7797
807e83899184897480808d99999a9c9c
4345474748435e604e565050556e665f
494847484a4c4c4e4f4f425142423e3f
4342424242403c3d3d413f3732343e44
43423e3a3c3a4243423b3a3541304343
7b73717679716b6468706c5646484844
51524c4c4c4d504f5153585e56706f6e
838b948093998e9283948777654e3f4c
71565e605b516a7a7c777c787f868689
555050504d4c484a464647463f3b3f42
46455062666675696e6d655958535957
4a484545414146474545463e4a4b4d4d
403f424643444546474745443d3f3b49
3232363b3a38363b3d3d3e3d3f3a4240
3634383d36383b373a383b333e3c362e
4545433e3f3e3e4142423f37393e3b3a
453c4141403b3d403d3c3a3835364340
4140645142453e3e3d424546484c5b48
313f3d3e393e3d3d393b3c323c39383f
343333323032332d36363833313d3c3a
6c6b6c6968696965616265604c555948
87847f6b6b6e6f6e757473726f6b726f
8a8b8b8a908f8c8e8383808181818688
9ea2a49a8e8e918c969492938e8a8b8b
9a999b9ca09f9f98888789898b9d9f9f
9e9c999c9c9c9b858b91949d9d9f9e9d
95989e9f9a9c9d9d9c9c9b989ca1a29d
8f959a9b9e9a979aa3a3999da19b9593
9596989a9b9fa5988490999c9d9e9f96
89838e9797949595919391929c959695
938d90889295866468816b66675f5a7a
9fa2a29f8d98aaa1a2abb3a69689809b
7876848e968d747e858488848c8fa19b
47484b53504b5d5e564f4c4f585e616c
47494a4b4b4d47434c49454c3d414141
4342423f403b2f3d3939393c383e4843
43413e3b3c3d4545423d393632374343
7475757c8277666b656c654f474c4846
4c484a4b4b5053525e5f66717c786f6f
95a19694a4a27e838e88736756493b4f
4f5253515d636b69746c6f6a7e7c9ba2
535153514e494848474649464444474a
4b4a4a534e646f5d5c61615b52575654
4a444340454747474746423f4a4d4d4c
4442454441474747484746433d41494b
3738393c3b3b37373c3f3f42413d4546
3937383a353c393a383c3d3f3d3a3734
464441483f3c414044423f3a3c443f3c
444243423b383638403d3f414340423d
4555534b4c46413e3e3d3f4c484b6353
37393c403a3f40423e3c3d3c42403c3e
34332c312e2f34363637333133353c35
7173716a67676662656562675d5e5c44
8c8179747174716c75767774737a7a6f
8a858287898785868481807e7882a99d
9a969f93908990878e92908e8a8a8886
959a9a9a9b9b9c938d8b919295989d9f
9898989795968f809595959c9d999f9a
9999999a97979493989793998f9b9c98
949397999a90959d9ea0958894959690
838585878a9097989193888699979493
6f6f6f7a878c8d8c908b8e9293928a8a
8c8888898788827e81877863696e6973
9ea199868e9ca7a6a9adac9f9895a4ad
6776888d9090827d796e7471898c889c
47494d5051595e615f5c565552596664
4d4e4a494c45434449534c443f424040
4343433b3b37393a3a36383e41454544
433f423d413f4344403d3c3b3a373f43
79767c8177766e5c5569614a47444746
43403e362f4f4f51516d71787975727d
9d9f96aea99a8a817f7e6b524a49424c
515653545969675f5d544a5a7b809395
525257534e4d514a47494d4c494b4953
514a46474d5d686e7d5f5b5457575251
4a45494644464647434246474c4d4e50
4646454547484747484847464446414a
3b3f3c3c3b373b3d3f3d3f3f40434347
3d38353c3f413f3a37343c3d3b3c3437
3e3f413f3c3d4040443f363f3d47433f
444142413f38393e37383d4445454640
484c4d39393f3e42404242475e53504d
3b3c3c393a3841434240404046423f3e
3534303133353334363b363132363637
6b69686a6e64676867676a6d605f4c45
8f88827e7e7e7e79747579797f807f7b
908a858786867f7e7c797d7d89a6ad87
938c908e90908a9193898c8e908c8a93
9792949998969693918e8f93919b9695
9a8f858c8d8e8f8d9299949a94919698
9593929595888295919394999d9b989b
8d9096979794928f929b9c9292958e96
83818b8c8d8c86948e8d887f8a8c8b8b
747b83878a88898c8c868d8f90918a85
867a6c757e8a8d8fa0a37b747e7f7972
9ea09791948c9f9d9dafa59f90919391
6b5e5a6d8d86765c6162596b7f9e8d9d
45454e53555b5e62635e55554e5d5b5c
474b4e4c4b4445434d4c494341404042
4243403c3b3c3a3d3d3b3f4348464645
404543414144484840393836373a4244
83837f7e827e6551535a574b4a4a4240
423e3d37304e504e4c7f797976748989
958f9699898d7d7a6f696d5f494b4647
4d5356535b5f56575753536a73879089
4f50545559554b4a4b4c4c4a4e4f5566
535350565d5e55565656555453524c4e
4346474751534b4949484a4d504f5051
3d3f3c4348484846494c48474644403c
383b3b3c3d3d3d3d4040424341434347
423c3a373a393a353835383c3c3a3134
39403d3b36383d3f41413f3d3d3e4041
42413a3e403843413b39393f45454441
413d3b3a393b3b413f3c3d44484a4543
3c413e404041434443413c373a383c3e
39332f2f2d37363535363a383837383c
6d6d6c6a6868716b6f6c6e6864635f48
858f8b89878280737b82806c6a807b71
99938f8d8e82777c81836f7a939aa489
8f92919192918d878a88888c8e8d9497
979697989690888f9090888c9191968f
8a838089939493959c9d9691908c9498
8f8d93958d8b8f82958a8385889d9993
888d929190969391918c8b8c98958990
8d8e8c8c8b8a8c8a7d89919696858587
7c808a8a8887878a8f908f8c8d8c8c8c
766c717b8492957380a3a78f887e8479
a3a09a9fa0b0b4a9a5a4a09c9c9d8c83
5a5b5f67615e5f4c5358666c7198a8a3
44464d54555a5d60605e59565255595a
47524f504a4746474947444543444342
423f42403f40403c3c41454847483939
4a4940413f433f46413f3d403b42443f
85837d858d856d5a534d4b4c4b474549
3d3c3b444a454a4f6a777a7278819299
9181a67f798c8261717251554e4f4442
41444d51524f4e4f515a6f69667c6c8b
4f4e55575c584d4e4d4d4f484e586867
57545759605f545050545151504e4c4b
46484b4c54575a575147505a58565253
434348484a494848474b474343443f3f
393d3a3d3d3e3e3e4041434144404444
4f4742403d3b3e3e383c3f3a3a323236
3a3d3e3e3b3d4038404240433c404448
4241414140394247443d3d3a383c413e
383a3c3b3c3b413f383c414142444040
4343393e4039413f4442413b40414342
3835313133353635322e313b39353d40
6e6d6d6e70736e74706f716963556953
94959793928e847e7e85837d8d7d7c79
a2b5a19286838b939a997d7e8298b48a
9d94949fb0a48b8f989d9c8993959a9e
a09b9998979187898c8f9da397979c9d
988f8c929f879f9fa0a29b9c9e9c919d
9386868c9c9994958a918e89899a999b
83898e8c8d8a8e8f848e929395879392
8c8b8a8d89889392898e918c8b888688
77778389868f8788908f84888a8a8689
7169738089898a8c8bbab69d8f7e7d7e
a79c929fa0afb0a6a2a0a2a3a88a908a
5a5b6052605d5454555c6166687096ae
474a4d4b52595b5b5c5b585353535757
4847504f48444345464848443e424544
4246474648463e40414547404648383b
4e4a47444044443f3b40383c43414445
847486909790765b505c61474d4b4e50
3e3d42474a445253677075797a7497a0
747481746f7e635966665b4f4d51463b
40464b4b4c4e4f504b4e50546a5e6d69
504b56585752504e4d4d4c4459636867
5c555c65736451565352514e51494e4f
47494d50415248495347555e5a595456
44444848494848484643494745424146
3c39363e3d3d3f414645444543424245
484342444242403f393d3b3636353535
414345403c3a3d393b42424543434349
4241434340484c494846453e383d4240
3f3c3a393d41403b3f40414243414040
3c45463f46453f4442433d3c3e403e3e
313333353636383a3731303a39393b43
786f7069716f726b6e6f736964596755
afa199959187878689858a858682817a
aa9e99948d888a8899949fadb8918a90
9895b0ae9a96989298a5a5a3a8a6969c
a09e9a989697999697999f9f999e9e9d
9e9ca49da699ab9da4a6a4a3a4a1afb9
a18da99c9d9e8a8c9f9d9490999ba49f
978b8a84838188909192949594988a94
918f887e898e948e8a8f8b9c9c9b9091
8e8484847b79787b838f8a8d8383848a
7f81858586838e9a8f98b19f8a78837f
ab9e97aba3a49ca6a397a7afa38c928a
52534f5455444c4f5d5150586a7a91a9
484b4c4b4c4c4c56575857544f4d514f
4544414c4445454546484744454b4a49
49413f474446413f393a46464d53423d
514d4a45403a3b3d423e3a3b4446484b
8e7b8a8a91756556524e4d4a4e4e5454
403b3d3e4a4e5453554e5b6f70779684
615f636062635e574e5b504c5d57473f
494a49494a4a4e50504d4b4f5d656164
4d4e5657554e4f504d4d4e5371685e5b
5b5b54767463565558524b4e47494c4a
484a4950535458534f50515c5a50454c
45434340443e41404047474442403c47
383a3b3c3b403f434546454545454546
46464343434443413d3c3b3b3b393737
4444373b423e3d3a413d414540464648
42424344474a484c4d4b483d3a3b3c44
414142424544433e4242434343434040
4847443d4042434344413b42423c4242
393735352f302f33312e32363b3c3a45
7577737574757573726e73685d596b56
949a95909190898a8a8a8b8c8689807d
a8ab9eaf958f889097a6b7b8b1ada6ac
9e9ea7a69f98969ba4aaa9a7a7a7a2ba
a89cadafb4ae9a9b9fa5b0ab9e9ba5a2
a7a6a0a6a7a7a6a5a9a8a6a6a6a6b7ab
a3a5a0a6a29e9ea19da4a9a6a6b0a3ab
9094918489959b9b938d87b4949f928b
959596979ea39aa09b9a9999907f9992
969b948582899b9694858b888e89858d
8e84918b89869696969fb2a8898c8187
999ca7b3aea1a9acad9e8f869b98a694
565751534c4843545b605a5d6c727c9b
4c4c4c4a494848484d52555553545354
483e4a4a464143434449474846484e4a
4e3f3d4547453f3b4546474a5048464a
534e4644453f3e3a3f393a3c3c3e4f4d
908589807f784b49504f4d4d4a515555
3f3e3e4c4d4d453e4952657877808897
605d5f5f5d5d58565653524e5a574d45
4b47474a49494a4a4b4a474746484c5f
4e4f525250514e4e4b4c4d56615d575a
565f687761605b4f554f4a4a504e494c
4a4c4e5150555447494a4a555a4a5358
45434343423f3f3d4747434143414348
3d3b3f3e3f414145484b504646454747
494746464c4a48453c3b3b3c3d3c383a
4544434245413a3f3f3d3e3e42474c4b
4244434446464b4d4f4e483c3d404343
4546443e3e4a474843443f403c43393a
494846423f3a3f43454545433f3e3d45
3a3835302f333538312e393b3e3f454a
7f78787878797b7a7a787266595a6f52
9b989a9790919190939493949289867e
aea1abab9d97908d96a0a8aaaaac9599
a5a69296a49ea9adb2b1ada6aea9a5b0
b2a8a8adb0b7b09fa6aeb6c2b2aaafa9
b7b8b4b7b8aab3b4acadb1a39597b0b0
ada6a3a4a7a6a277b0b1b3b3b2b3b5b6
a0a2a0939ea9a9a7949896a4a0918db4
8a8b9aacb8abaca8a6a9b0aaa29f9f9e
afb3a4979696b8a3a79f97989d979194
968c8a838386948e9bacb28998938fad
7f919fa39c9d9c969b8f7d7f8d9cb596
565756534d4a4f51595a5d5e6765687e
4b4b4a464b4a4948484d535455535456
4042413e3d45454343454a49494b4d4a
494242474845454346474753424a4844
504940434744403c3e3e3f41404d4e4a
89767a616b6645474b4f4b4a4a515455
44434b504f504b46444e555e68728391
525254535353545455574e544b544640
4b49454949494a4c4c4c49463f485850
504d4f4e4e514d43434139535a585150
5c70716f715f5457594c454e49464c4f
464a4e4f524a54524e525558574f585e
44403d48484441434848474443464546
3f3f4143404042434343443f47444045
4d4b484949464543403f3f41403d3b3d
434547453f4241433f3838394041514f
4445444445464c4f5c4e4a4042424443
3c3d3f474c4e4e4a4341443e3e3e3f40
4f4e4c48413c3942434444423a3d4446
362b2b31333436333233363038394d4f
7b7b7a7c7a7a7b7b787672665a606d51
9f9fa2989594939496979692958f8483
acafb4aea7a19b989c989fa6a3a59ea4
a79c989b9ea0ada1b2baadadadacaeb2
b2aea8afb9b7a6b2a5bbb8b3a9a2a3a9
b8b6b5b6bdb6b1b1b1ada29b99aeadad
a49f9d9db8b8b9b7b7b9bbbbb9b6b9ba
babab8b3aeadadb1abaaa4aeaca9a0a7
9198a4b3abafafb3b4b5bcbcafaeb6a9
acc195a08ba9b4afb1a0a6a8a691948e
8e908e91959fa8a0b1b2968095a9b9ab
7d86859191929b96a995889399aaa18a
4d4f5251505152484a4c575a5d666661
4d4e4d4a4d4b484648494d525150564e
4041493f4b4745444443474a4b4b494a
4b474542454948484845484f3e464d48
4e453f4a4c4945454644424342424d4c
8c676d6c595352515054504e504b5353
4a47455251535c5b5452627163799a94
4b4b4d4e4c4d52544f514a4e4c514d4d
424648484848494a49494646454c5045
4e4e4d5257464a46494b4a4d4f524e4a
748283806c76715a4f4842424a4b4d4e
4b4d4f52534e5150545c575753515958
46464b4a4a48464a4a49474645484947
3b403f3f3b3f41434141414445454444
4f4d4a474847423b393c43434643413b
41463f41444546474646454748545351
4542443d43474f555f4c46434241423d
40404441444042424a4447413e3f3f41
4c3d464546434042423d3e433f454541
3a33323535353333373a3a3a3638544e
7c7c7a797b7a7b79746e7164575d644f
9b9fa19c908f8f8c8a899595938f8981
a1a3b4abafadacaaadaaa6a6a39e9c9e
bab6acabada7a7adb2adaaa8a9aaa9a7
baaba7b0b3afababb1aea9aea6aaafb7
b9b4a5b3b0c3b4b6b0a69c9ebab7b6b6
bfb2b1b2b5b7b9b6babaaf9ea1a8baba
b8b9bbbec3c5c4c0adb3ccd0b1a8afb1
a0a4adb2b5b8b8bac2bcb1adb0b2b4b6
b5b39ca8d5b1aeaab3b0bdb7aca2879b
8e919a9da0a19591b5b2ab9d9da39c9f
927e7e8d8a93999b978a8a88949ba186
535461605651504642514d565a5f5d69
494e4f4e4c4c494b48474e5149484d49
41494b3f373b3739414247464a4c4d4e
4d4a4949494949434141404743414944
4c463f464f4b494948474447454a4a4e
6655595754534f4e4f53534f4f505050
4c484c53515257584c506473787d7f68
49494b4a4b4f4e50504e4b4643454d4d
484948474c4c4b4b4c4c4945444a4b49
4e4c504f554a4e4c4a4b4e4f4f514c4c
6e7075735c5b525046494a4b4a49474e
4e4e4a4e49454a4e454d4c5b585e5c67
464c4e4d504b4f4f4d4a494a4c4f4a4a
3f413f3f41424042423f414545464645
4f4d494a48453f3e3f3e45474845423f
4343383d45494f535f5d534d54575451
4542473c474a4e4a4c4348434242403f
3f3f43494b4b4d504e4c423d3e3e3b3a
443e4343484f40423e3f41443c48383d
38313d37373534333b3c3c383838394a
7d7c7b7a7a7b78747071706365686052
919b8e958d8b858b8789938b908e867f
a29ab0b2b6b3b3b1a889a49fa19d9d9e
b0abafb9b9b1acabaeabada9aaa2a0a3
b9adaca8abaaaaa6a6adaeb1a6a9afb4
b4a4aaafa1a3a5aba9aaa8b1bdbea8ad
b6beb2b2b0b2b5b7b9b1a6a09fa6b8b7
b2b0aeb2c1b7bcc6c0c4d0ccbbb6bfbb
adb2b5b9c7bfbfb3b7b4b0b0b1b3b7aa
b3aa9bacd0b0adadb7bfc3c2c0bdaba8
7f929a9ea09facb0b6b2a9a3a3b1aca8
5b686d868d8f8b8d93888c8789878b8c
54575551555154534d4d474a4d515152
4c4c4d4a4d514f4e4b4d4f4d474d4752
3b453e353738393f44444c4d504e4b4a
4c4b4b4a4a4946433a4147444348423d
4d49464746454544494a48494446464f
514b4e564f4d4c4b494e514f4e474f4f
505151535757575654584f6b726a4a55
49494d4e4f4a4e50514f494742434f52
4a4b4c4a3e4445474b4c4a47474e5d49
4f4e4d45474848473d45484b4d4e4b4a
6b6a725b51534c4b4a4a4a4745484a4f
4d4a4c534b4a484547494a554e536066
4c4f4f4e4f4f54524e49495052514f4c
3d3f403f3d4041414546464643413e4a
4c484d4e4744403f3f4446474f494242
43403e434a4d514e5054545247585451
33373d38484c50504d514b4341404142
41484f5151515252504b433f3e3d3a3a
444447454542403e3f38394436463b38
2d343636373835373d3a38383f383741
7d8180797879727070706d67684e533d
939395938e87878a8b8e8e898b8a8680
979caca1aea6acb2a6a6a19398989694
abb7c3c3b4afaca9abaea8a7a09e9d9a
aca2a1a7acaca7a2a6adab99a5a8acaf
a7aba7a09398a3a4a4a7a9bbbab5a9a0
aba0b5afaaadadb0ada69f9fa6b1b1ae
b6afadadaabbbbb79f9bc7c0b7b2b7b0
a6acadc0c6c4c1b1b0b9afb0b7b2a9a9
b4b0a4a5a8a8b2abb5b8b3adb1b8aba9
8a7f9a9d98a5b0b5b5b4b0829e9bb1b6
586a7a7c918a86918f93988b919a9691
4f58555c5a5450515055514d4a47384f
4946484c4e4e494c4e4f4e4d4b494950
43403b353a424244474b4f53474b4d48
4c4a4747464a48434245474642413e44
48494848494746464649474542424948
54515553464c4e4d4d4d504f4e4e4e4e
4f5454555659564f5a5c5a5a5e535557
574b50534b4443424f4e49434c4e544e
4c4c483f3d49494a4c4b49474852515c
4e4e49464849484440464b4b5351484d
636764534b4e4b4e4a49493e41474a4e
4f4a4f52514f4a484c4c463a364f584a
4c4f5050535457554f4c4f4f4c4f4e4e
3b393735353a3a3f4146464544413f3b
4c524f4a464544434443424755483e43
4545484a4c4e4e4d4f4b494958575451
373d3d444a4d505350504b4342434243
3f4e5352444b54534b44443e3c393b38
444a43424244413f3d3a404538434040
3b363536373736353c3e3d3c393a4039
7c76747b7776716f73706d695d4c5943
9391938a8a8b878b8c8e8f8d8b888480
9d9ea09da0a9a2a4a4a39e9d91a2a099
a7acaaaeb0a3a8a7a6a7a0a4a4a09c99
9c9ca0a49fa9a4a3a5a39ca1acacaaa9
a3a3ac9a94a7a8a1a8a8a8bbb6ada69c
a0a0b0afaeafafaba6a0a0a3a4a4a8a4
9ec9b1adaca6b0aca3b0c2c0b6acaba5
aaaeafb1b5b6b2aea9bbb0b2b0afa9a9
adadb1b4bab39b8d9faba6a5a6a7a7a6
919bacaf95a1b4bbb4b1a67e979bacab
4f5566767c9b9094a1b09d8795979291
53575a5b585352515656524f4a484838
47464a4f4e4e4f504f4f4e4f4e4b4a50
464235353c464645484c514c48474947
4b444440434848454544423e453f4748
4d4a42494b4a48454746454848484b48
4b464947494c4d4e4e504d4b4f4f4e4e
4e5355565858534e5756545351515151
484e4e443f4442494b4c40454d4e514e
4d43414549454b4d4949484b47454b4d
504f4d4948474b4849474d4c52544f4e
595754514c524f4d4c49484848464b50
465051514f5459545457555054544d52
4d4f515155565756544c504c4d4d4b4c
3e3a38363b3c3e43464645454645413c
59545049464746454146474948484843
463e4e4d4b4a4c4f494e464764675f55
3f4144464a4d4a5351534d4644414449
4252524e46484a514d43463f3c3b3e3c
43424040403e3c3e3d39444744404145
3f36353537363a3b3f3e3e3b3a3e413c
7877767975757370716e6c6758554a4e
948f908e878888898a89888786837d80
a0a19c9b9b9ea6a2a19c969492999697
aaababaaa2a4a1a3a3a39b97a4a6a19b
9fa19fa29d9ca9a7a5a4a4a4acb3a69f
a5a4aeada7acaba8a6a6a2a1a0a89c9d
a3a6aeadacadaeaaa6a1989ca6a8a6a6
b2aeafaab2a8aba9a9afb0afb1aba8a2
a2a2a3a9acaeadaaa8a7a2abafafaeab
9ca09f9f9a9a95a5a7a3a2a6a29e9ea4
8fa2a29a829a9da4bab1a3938d97989a
4b526277877e7991a9b2a3909a968d92
5449555653595a59584f5154534d494d
47454a4d4d4e474a524d4d4f4b474d50
48463e3b41464647494c4a4a4a4a4747
45444948443e483e4749494848464a47
4f4a474b4b4b494a48494849494a494b
494b4c4b4a4c4e4f4d4e4b4a4f4e5052
4f525657585651444d4f555353504846
484a4643423e41494a4c4c4e4e4d4e4e
4a4040474a43454a4b4949494442414a
54535151504f4d4d4c4e545f57544f51
5455514e4b52595d55524e4d504e5354
515256525a5a5e5a56575453544c4d53
4f515152465757565554524f5255504e
444445433d4246434745454548474343
4f4c4e433c464745434849494a4a4945
4646414b4f4d5051474f4c4945565f53
4043453b3c4d535b5f5a4d4544434543
44555b5f5f5c5f5f53533f3e3d3f3f40
4141413935343730333d46454445453e
3b38352b34373a3b3e3e3b3b383a3836
797874717774717070686b685d605455
928f928e86858686858584817f7b787a
9a969697a09da0959997919393938d93
aaaaaba8a6a6a8a09b9498a095a6a393
a2a2a09fa2a9aaa7a8a7a7a5a6a0a2a7
a7a4a3adacabada9aaaba9a6a1a6a09f
a6a39b95acacaaa7a4a09ba8aba8a6a6
a7adb3aea99e9da4adaeaeafadacaaa8
a2a4a4a89fa4a7a9a9a895aeafaea59a
9c9c9b9a9da4a1a29ea0a39fa19d8fa0
8c958c8787929fa5afa69a807e90999c
464d646b727d828790928f8c83888976
514a4d4e4f57575a574d444d4f4a4449
48484c504d4c4a4d504c4e4e4c4b5251
4a49474946484845444a4c4c4d4b4949
43444b4a464047464a4e4d4c4a4b4a49
554d4c4b4c4b4c4c4b4b4b4a4b4a4541
4a4c4d49474348494b4b4b48454f4e52
4e52565753524d524b4c4b53514a4b49
4b43434241403e4b4b484c464c4e4c50
48413d4148494d4b4c4a4a4a48474749
4a4b435a494d4c4e525454555a544f53
5956564a4756697368635f5d5a574b59
5256585e5f5c516357565655534f5154
4f5046454342444649474e4b4f535552
4a48454242414245494544484a48474e
4e4e4945454545433f494a4a4a494948
42494a4c504c504d4e4f545757575450
40444341434b4d505d594d4345454748
4d5d5d604856615a564e3e3e3d403f3f
3b42403c303235363d413f3f453d4043
4c3e322934363a3c3e4047423d39363d
777670726f74727070646e6a66636054
8e8d878680858484817e827c7b79797a
9e9c94979d99999997929191918f9191
a5a5a4a1a39a9ca1999891959c9d9b90
a2a3a3a3a3a3a4a7a4a6a5a3a19da2a5
a1a6a8a8a7a4aaa7a2a9aaa7a49ca09f
a2a9a0a4a6a6a7a4a19ea7aaaaa99f9f
aeb0aba9a495959c98aaa99facaba9a6
a1a3a1a4a9a6a7aca9a4a1a5aca7a2aa
96969b9f98999e9fa09ea399a09a92a3
8f99888690959aa197ac88839191939b
555b6670777a8f8f8691938f8c8c8f86
514c4d4e494a575b56514a444f4b4654
4648464445414542434049494b4e5351
4d4b4c4e4e4a47414040494e4f4b474a
484b4b484645454c4e4f4f4f4e4e4d4d
4c484c4b454243424240404343424747
4c4e4c4a47474b484c4b494d4c4f4d50
5154575455525353514e4f4a4e4a4c4c
4b494945433f464c4e4d4d4a4c484747
4a4f4a494949454a4b4a484a4c4d4b4d
504d4c49494e4c50545559585a575051
5c4b57514b60755670625e58575a4b51
576a716c635d51555a55565657525253
514e4a41424347504f51524d474a5953
4848494945434646474a4a4a4a4a4a51
514f46454646443b44494a4946454948
4247464e474b4f4054515a5b56505950
4345423b41484b4c4e4e484245454249
48465051423d564d47453e3e3d3f3f40
413d383d373a3e3d4040454745424547
54423029353a3a3b3e3f41423c3b3e42
757574767170716e6d6d6c676b655f56
8c8784848084848380807c7a787a7876
928e8c969898929190918f908f8f888e
a3a2a09f9e9d999c989492979b999899
9e9e95949e9191a1a19fa09e9ca092a4
a6a5a5a6a5a5a5a2a3a2a8a7a19b9e9e
a3a9a0a2a1a1a2a19ca4a8a9aaa8a7a6
9fa8a2a0a0a8a39f999e9e9f9da8b1ab
a2a4a4a7a7a8aaacaaa7a4a3aba5929d
8f8a9d9e98969a9fa1a1a2a1989487a0
98989797989f9e9eb2b2a0a6958e8f90
56616675797880869590929395979a9b
504c4c4d4d4e4c53574d4b48484c4b56
474846404345434240484d4949515250
4f514f50514c4b4846464746473b4842
4c4c4c4d4b4b4a5151504f504f50504f
4d4a46454844474447474a454240494a
4e4e4e4b40434b494d49524e4b4f4e4a
4d524e5753524b5a564f4d504d51504f
4e4c4c49484a4e4e4f4d4b484a49494f
55544e43494a4d4e4c4d484b4e4d4e4e
56514e5251514d5c5a5f585b5d585153
584e555d6973828664635d5767615c5a
6b757e7b6b615459585655554f555159
514e4642414949494948444544455352
4a4c4b4b4847454748463f474c4b4651
4d4243453f3b3c414a4a4b3d444a4a4a
4b4b48474b464e514d4c57565357584f
494748494d4b4f50514b484146464249
494c4b4c494c4d4c4d4c473f403e3c42
3f3d3a3a393d40333741474a4b444345
3f3b30303b3a3a3c3e3f413f40403f40
78777475706e6f6e6c69656369675b4a
7e8885828085837681817f7674727470
87898b8d95918f9090908f8f8f8d8e8b
a5a29e9d9f9ea0959990999198969490
9a959a9b9595929e9b979d9a8d928f93
a5a3999ea7a9a4a1998e8c8f9e9d9c9c
a6a29e9d9b9b9b9c9c9a989695a6a2a2
a6a09e9d99a1a398a1a09fa4a5a3aca5
a3a3a5a5a4a3a1abaaa6a5a1a4a09f9e
8d8798999693979c9c9c9e9f988a928f
ac9d9d969d9a98a5aaaaa9aa928d8689
51606773787f878d8b8b8b8d99aeb3b6
4c4b4d4c494c4d51504d4c4b4c4f5456
4947454347494745494c4a494f515049
50515151504f4e4c4b4a4a48453d3f47
4e4e4d4e4c4c4c4d524f49494c525150
4e4d4e4a484b4a4a4143474746434d4d
4a4b4c494c534d4e505050504c4a434c
5253535647565c5b524d524e5354524e
4d50504d4b3c4e46464548484748484e
59554e404a4f4d494e544c4f4f4f4c50
4e4f4e595b5d656b616765645a5b5453
515359676f7c7c6c5e606a6c71766d64
68787574717069625756544e4e4e5156
46504a464a494a4a4545444245465258
5050534c47404546433d47454c4a4a4a
4a4648423b403c4246514d474c4d4b48
454a4e4a515955525454585755465b4e
49504d4748494b4d4e49474746464246
3d4943413d434243454d494441414145
413e3d3b3f42403a43463f4c4a433d40
3d352d27292d3838424343423f3c3e41
71776b73726e6d6a6a626260615b5d3d
8987838380827f828280777674777073
929091948c8b86868b8381908e8b8a8a
a4a19a9c9aa29d9e9895939595939493
98989798988e898a888798958b8988a1
a18e959da4a59e928c848c888c9a8484
a2999d999994979c98989fa4a09da9a8
9fa1a29f9fa1a09e96929d9f9f9ba3a2
9aa0a0a0a0a0a5a79e9fa1a3a2999192
8e969793959498999a97999b96909a9a
ac9fa39ea49f959ea1a19c909088848e
555b696d81869f968b8a898ba0ba9dc6
4e4b4d4d4c4e50504f4f4f4d51515555
4a4948484a4a4b4c4c4d4a4f4f4f4c4a
504d4e5151504f4e4a3f4c4b4b49434a
4d4d4d4e4c4f4e4f534f4a4c4a4c5351
4e4c4e4d484e4e4c49404947454a4d4d
4d4a464750534b41444246434746484e
4b4f50505b595b4d4e5450454a4d504c
4f4d504d3e424145433f40473b3e4c50
62555452525144575a6f544f4f494a4e
605759585b5d5c5c5c5c5f5f5b5a5454
5048676e77827d928363668380807c72
727c7981748167625556534a4d4d5351
4d504f4f4d4d4c4846414842484f5360
464b544c4642403f3d3e454849473949
4843474544403a38454e504f504f4344
4d53545b574e515259584c4c545f4d4c
474e454a4a4b4a4c4f4c494a47474347
424140403a494544434b474542414144
403f3e3f4244424346484b4c49444344
3938322c2b36373a45434543423c3b42
6e75776d6d6f6d686264605e6163554f
86878180828083827e7c7a7972727070
918c89868887868c847c868881808888
91828b96979796998f8b868d8c8c8e8f
999b8d938c858991918482838c8a8e92
9e918e989c9d99989696919094929196
a097a58c9391949c9a93a2a2a0998aa0
9d9e9e9c9b9b9a9894999d9c9c97999e
9b9a99999b9a9f9e9ea49b9f96948b98
8687918d999392938f978f9696959693
a59ba19fa89997909ca891888d828f8c
525c6a717e82878e8d778c91acb3b7be
4c4c4c4d4f5253535553525154555657
4849484744464341414c4a4b4c4e4d4d
504d4e515152524f4b47494c4a4b4b49
4d494c4f52514f4e4f504e4e4c51504f
4b4a47464d4e4f4c45484a4e4b4d4d4c
524e3f434d4d4c4d494a47424444424a
4d5151555a5950585c565c5654545450
4a4844464547463f3f40403c3b43494d
685b6159575558615853524f434f4c4d
6767626f707171716f72706f695f555a
525c6d767c8290918578648562646f6e
757c86817a6e59585355554e4a4c5454
424d4f4851504d47474949464e3c5165
4450524d464340393b3f434545454749
484345453f403b4144434a5052434243
4d48554e505655574e524e4c4a54503f
454649494e4c494c4842414443404040
46474644424241484d4947443b424842
3f3f4140454747484a4c4d4b433f4247
3b30343332373b414344404642414342
7272736c69716b656463635f62615d49
857d77897b8383827e787e7a76747674
92908e8c858c8b888882838487888682
908d95a0909495968e8e8e89838eab9a
9897888e848892959287828891919494
948c8a888e97969594938e8d8d8e949a
9ba39d9493999c9b98a3a5969997939f
99999a9a9999969198989a978d8d9292
99959493908f948e9496979a98939595
8d8c8c8f9d9190949292918c8e979697
9a99a2a0a69c9899a1ad898b8b938f87
58596876898b8f91897c7a91a9b6afae
4e4c4a484e5455525452515555535759
4d4b4641464541494a4b4e4d504e4e4e
4f4d4e4e4e4e54514d4a4b464b4d4a4c
4e4e4f5152514d4d5050555250565350
474b4a4b4c484645474b4c4f4e4f4b4c
504f48484f4c4c49474446423f454947
4c4e5353555153535358565454535351
484b494a4744484643434545434c4e54
5e5b4d645d5b62615256534e4e504b4e
696d70706f6f72817f7d827d7a685659
55606a7c7d747e8384726b6969737271
6c747b7b6f70555354555451474a545a
43434b4d4e464546474848474e4c5163
43574f4d4744403e3e45464444444145
47413c41443f3f3c44474d4f4f4a4544
45505251505a5854524f4b4945514742
43444850464f524e4a46454642424246
464a4b49474645494a49454343434143
3f403e4245484a454b4d464241414245
35343537383941434441403b44434341
7575736f68666566686b646463595559
817882807e7b797c7a7b747475767574
959293948f9089838e918f8c9c848998
979a9697938f8b8d909d998f98a8b294
8a737fa3959fb0bab0a6b7a68e8d938f
99958d8c7f747f7f79868a8d978f8d8b
929d98969f968d8f9188807f7b7a8699
8e92909191958e8a8586908e8f929290
929191908d8d878a8f9298978d898c95
8e928e93988e938b908c8b8889989394
909fabada19c9fa4a1a1808e8ba68e8a
565b6d7b8b9b888d8e80808d9ca58b87
524e4d4e4e4751505353525155545658
4c4a46444647474b4c4c514e50504f51
504e4d4b4d5854524f4b4a48414c4b4a
4e4d4d4e4e4f4f4f52585957524f524f
474c4c4c4c4647494e4d4f4d4b4d4e4d
4f4e4b4e504d494d4941434140484844
504f50545d52524f5b4a585852595352
4a4646424b4a48484c4a494a3f4d4d51
604a51504e444f5857534f4a4f4d4949
7a7978787b7d878887767f7e7c70605f
676b7c7e7e7d838e97847c7e74727673
686d69605c585554574e494749536469
44474244464649454846423f50585561
4f554e3e4745413d3e44464444434644
484242443c484542494a4e4844424947
4e4a5252505452504d504b47414f4946
4244474d5050594f4f45474744424542
434547444748464b4a48464546444241
423b3c3a3e3c3b3b3c4a494746463e42
333436393a4047474441423e3c454544
7c75767271706e70736b66655354533a
8f8b817a7c7c7f7e7f7b747675737978
8d8d8b9088959a9a948c8d888e919aa6
848b9399a79a93948d868a8986afae8e
86aba9a9b2b9c8cfc9b3bf9b9a9e9e96
9a93817e858075758a8a86888b8a8a88
999c9c9997938a8d8e837b70767a8995
8c8d8b879292908c868d92938e909494
8e8d8d8d8c898a8d8e8d847686888588
90918f908c8f92918c8a827a82878e8e
849ba1a29d96a2a19c7f828e9e9c8d8f
585b746d79797c7f8d83838c89988677
3d3c4243434651575654535354546058
4b4947464949494b4c4c505050514241
514e4c4b4f56515252504a4a4d4d4a4c
4e504f4e505053555557544e50515050
494b4c4d4f4f4d4d4d54515150524a4f
4f525151514a484b4a47413f424a4846
4d53585e6c6555575855545655585352
4f504c4d4c4b4c4c4b4848494b4c4e4f
5b54626964575d5f5d53544151504e4e
7e878a87888b8a8a87878484867d7271
6f7f8b8b80759699978e8181797d7a7b
565a6a65565a5b675a575252546c847a
4f4f47464344454445454245515a5855
4a47493f3e3b3b36383c474544444647
494645484b4b47444542474d46464b4b
525548414e504e4d4f494b494747484a
44484c51585a534b5049474546444244
414748494b4b4a48484a484644434244
3a3d3e3b3b3a3b3d4049484848464842
332b2d3331303d492e3a414040414342
95958f8580797c7c78736765785c6444
a8a8a89aa19c938f918b828489949492
939b9a86837b8ca69992949b8c9abca6
97948a84998b8ba79d9b949f9e9d898d
947b8d80a5a3b8b09097a498a7aaa09e
a49491928f7f7d818483848280809e82
979699968f8a8489a3848183818c9ea4
8a8a89858c8d8c8a8388839095959698
99a2b3b88586898b8a8b8d7d7b777a81
8e8b888e8e8b8e878788807a828c9083
7c9997979c9c9b84747d8b8a89898d8d
5c646665617698937b73908a808f8774
3e3d433e464f52555655545356535353
4b4949454b4a494c4a494b4a4544413f
4f4f50505253515252504f4e413f4d4c
514f4d4e4a4e51525155555351515250
4c4d4e4f525250505154525655545352
504e5251524c4f4e4c4a474243444a4b
4e5254637369565455585c55524f5551
4f4e504e4e4c4d4d4946484c4d4d5349
61646b51434a666961485352504f4646
86858582868d978d8a888c8f857f797c
77797f86807da19f797778898780828a
546c6a5c606261605652545862778059
4b4843404a464b484648414b524a4e4f
404a45423e3b3938393d424646464748
4c4b454a4549473f4a494d494b4a4d4b
54504f4b4c514e504a4c4d4744454c4c
434650535a5a4e514d4a484544464c51
48494b494c4b47484a4c4a463e404546
3f3b413d3b36343b3c4848494e494945
3e3a2f23322d302a30474543393b4443
887a8b847f81828b857e736d704b5f4d
cac7c3c1acbcbab3a5a4a3a3a8ada99e
9ba0a6a5aaababb0acaca89b9faea8be
9f98a4a3979498c3b1aaacada8a3a4a7
868a8eb1ccaebab3b3bebcb8b2aca29d
bbb1a9a7a19c9c9c9b96918f9297959d
a09b9c8d8d8d8a8385817b878893a2a5
868e93999f9d9d948d9d8e99999a889a
9a998f8988878b8887817a79787c8187
8a87858482828a8a898c8f8c8c898c8d
7e999b9392a5a2776a7e908c88887e84
585a6062607488919d717c8a81847c71
4142494d4f505153564d4f5155525151
4b4c4b4b4d4d4c4a4a494c4f504a413a
5152504c534f51514b4e4e4a4a4e4d4c
52504f4e4d5052515454545352515452
4e515253555355545b5a565c5c58564e
4648494d4b474e514945484a4c4e4b4c
4e5152626e6a585552504b4b52534f4d
4f4e4e504e4a50504b47464a4c4f4f4d
686a564b384665695f4c4c4e4d454547
968f838c888895968c90908a89878080
73888987818e9f92888f909089868c8f
57605c5757565653515e58594c5d6268
443f46474c4d4a474746464755534f56
4a4845433e3b3a3d4242444442454745
474d4b424048484b5258514c4b4c4746
51514e4d504844484b4c4b444849484b
4447505359504d595549484444474c4e
4d4e484c4b4a49494b4c4c4b4c4d4947
414342403b3c4041434743414a494948
4d42322e312d2b2c334744433e404443
7f9e959f9b9c8d93867d766f615b7a6c
b6bdbfc0bdb4a9a29b9d9e9198988c88
a7a3b8c2b9b9b5b6b5aeb9beb1b6b9b7
a3a4cfc8a8b2b8c1cdc5bbbea2a4b2b2
93a2a8b6bbc09caeaeb6cdc9c6b9afac
9ecfcabfb9b3a8a2a0a0a09fa2a4a4a0
b7a38e98929e919395818798a6a38b94
a2aeb7bbb2b1b4b1a1abb1ada59fa291
90919296a2b0aa8c857d73716d758d92
848d817e7f838b96a29d9b918f8b8b94
849fa79aa9b0936f7797918888838682
5e5e61625f727d7d7f8280849c8f7974
41434052515251535554535654535455
4c4b49454549484a4b4d4f5154534e45
523f50535352514f4e4b4d4c4e4f504d
55514f514e5052535253515252535353
4d46444948565e5c5e5e60635351584f
49464e514d4a4e504b484d504f4d4a4a
52525568756b53524c4e574c4d4d4a4d
4e4d474b47444c4c433d3d44474a5450
665255494c5d5663584b4b4e49444a4e
8c8c84888690969d948c8f8f8f8b8488
757485888e8e9c929197948f878e898b
504c4d4c535658585158505755666b6b
454346464e4e4c4d484647484e565757
40434a48484144434241404645444646
474a48494a484b4a50524c4046454648
51545355503e3c444b4b4a4749494649
424b5052575a5654544b4746474d4c50
46454c4b4747484a4a454b4c43454641
46433d403f4243443f3a3d3740414144
4334352e38362f3e453e3a3a4241403c
89a28da38897977f8b7c6d6962524741
d8d6d5d5cfc7beb6adb4b7b09c9c9891
bbb7a8afb3ccdfe4d2b2c5cbc0c5c9ce
c4cacfcfc4bebfc8c5c2bdb0b2aac6c5
c4c3b8b0d7cb9293c7d4d3bdd4c7c4c2
cdd9d2c6a5b1c6aeacacacadaba8b3c4
a8a3a19f9d9eaab6a4b3a5a7a8aaa6ad
b1b9a3999da2a8b6b2b4bcb7aba9b1b9
a6aab4bdd7d0c19a9fa1958a858f9aa2
83827c7c838c916f7c818c8f808d9fa3
8ca1aa9c9d9f85697f808f81887a7f7e
5b5d605e826f748d918c969e9a7f7d93
45435453525254575a5854554e4d5053
4d4a46494a4a4848494f51525354504d
45435054565151515150504f4f4f4c4e
4d4e4947474343434345444649485353
4f4a47505659585f5d5d63574e5f5b57
454e4d505152515046424d4451504e4f
514f52595c584a4c5352524e4a4b4851
4d4b484845484c494641414c494c4550
6463575141624e58554b4a4b47474b4d
8d91939193999ca69d99949491938f8f
75747e7e8d8f9d989393908d989a8887
53474c4b5355575554575a5e5c666c75
4746484c4e48484a4b4a4350514f5454
4b4a494249474746423c454747464846
47474f4c55554c4e554942424341454b
5358565048464b4b4a434a4847494748
4a4b515257585e5e5254474c4c535252
4d4a4d4a4b4a494a4949545344464646
463735393a383a393739373943434a4b
42343236393731293b3a3f4346464847
a0a39facaba69f8d8f7c64596e6a6d6a
9ee9eddccdcac2a69cc195bbaeaba59b
ccc6c1c0c0cddedfcabbbfc0c1bac9b6
c9caced0cdb8b8c0c2c2c7c2c4cad1d0
ded1c1c3e8b9cfd5d9d4cfc4ccd1cece
a9aed5c6bbc4b7aec2abafcdcdc0d5d4
acb7c1adaacbd2bbb8b9c0babbb4b2d1
bbbdada4afbbc0c6d1d2cbc8b5afa8ab
b8c2dde2e7dbafaac2c1bcada4adb4b7
7389998b93907c7581868f9a96a1aab8
9497a1a8a6aaa6a6a09391837d758580
645f5666797b669097979ca18d768997
464454525250565b5d5654575252515c
4a4a4b4b4a4a49484b4f515252534e50
48485353545952525150504f4f4f4a4b
504d4a4747454546434645474546524e
4d4f5052555b5e5f605d5a605c5f5952
534d4d4f4f4b4948484b525553535348
4c4846484948484a555a524e4b4b4b4d
49474346484849464945424b4a4a4949
595b5956485a5153544e4b4847454543
8d8c929a9eaaa6a09ea49d9b9a96969b
7570717b8c8d9f8f9392838599a29e85
564d4d5352544e5151575b5d6b6a6278
4948494c4d4c4b4c4b4a434f4c495353
4a45443e4949474439374246474a4d48
45464551596453605745414145463e4a
52545551504e474546473d4a46454342
4c4d4c535865635c57524d4a4e534c53
4b4a5147454a49434046555247454745
44403d4041414141413f414645454a4b
503f3538393231293233424345444947
a5a395a6aba49d9391825f7089847c67
a6cdc7bebeb6a9b3b4b5b59cb6b3ac9e
b3ccc6c0c4c5cececebab9b1b6b9bda8
c9c9c7c1bdbdb9c0c7c9c8c8ced1c9b7
dfd4cbd0d2d5dbddd4cecfd6c9c7ccce
d1b6b1c8d0cfc5bdbbbcc2d5b8c7c8d2
bac9c0aeadb0dbbcb8b4bebdcec3d2cd
c0bbb1aebcd8e1d8c8c8c6c6bbafb0b4
e0e7e6e5d9e0b8b8bbbcbab3b3bcbfc0
7c96a69d9b978b91929ba7abb0c2c1cf
99969aa1b0a98d9b8a928b9382819a92
5457566871757e909c9ea6a4948d9f9c
484648535050585c5455545352565a5f
4f4a4b494849484b4d4f514a4a4c5151
4f5353534f53534c4f4d44424e4e4e4d
504f4e4a484547494a494a4a45475150
484a5556585f6965626468665f5d5754
464d5150484a5050515252535355564f
4949494b4a4947494f5b53504d4d494c
49474a4d4f4d4a4a4747494850514949
5454565855525151514a504749464743
918d9fa6a6a6a4a1a5a59e9fa29d9b9f
7d737b8a84989e9a9791939ca39b9e96
4d464b535653525354515b66758a8982
49494e4f4f4e4f524e4c4d534e504248
49454848414a484741433b3f484b4f4a
474644535c675b614f3f3f42423f4b4f
505555524c4a494445463b484c4a4a46
4e4e4d565a5666545a4f4c50524b4b53
4f554a42444b4744404e594b49494847
46444443444345454647484a4e4e4946
5d343536322728302f3c3f4345464747
9a989c9b9aa0a69e99918a898e8d8f79
acaeaca8b1a9a8a6a4afa9a6a5a4a7a3
b3bec4bfb3b0b2b4b8b8b7b9b2afaa9b
bfc3c3bab8b7b9c4cbc0c0beafb4b9a9
dad6cac1d2d6dcd4c8c9cfc6c2bfbca6
c5bfc4c7cbbcc5c4bcddd1b9a4c4afcb
cbcac1b3c3d1c9bdaaacb1d3d5c8c2b5
c2b9b1b3bdd0dfd7d3e0dbc8c5c0bbc8
dfdbd6cdc9c2bcbacfc3bec7cfc3bfc3
9ba0a1a3a8aeaab4b3c3c2b9b8c9ccd0
89869ca1b4a9978e9d9b777f8e8ba099
656967656e74808b989ba1a4a4968485
464e5253504f585c5c4d5352575a5d5a
4e4c4d4c4b494a4c4c4c4a504f424949
52525251504d544f4d45454d4c4d5152
50534f4c4648484d4c46464b4c505151
575659535a5c5f5e5e67665e685d5654
494f504f4b4b4f535250525253575854
4a494a4a4c4649494c514f4f50514e4c
4d4d4f5152524e4e4d4b484a4c4f4949
4f5053535251504f4f4a434b4646494c
9b9fa2a19ba4a2a4a3a3a2a3a59ca0a6
767a7a879a9da19c9d9c9fa4a5a19c9c
3a444c54565555554f4a626b8d92837e
4d4d4951514c50525153524e44423e39
3f494a434747423f403b454745475b4f
41444347585f5f5c46594c444240414d
51515050504a48484545493e47494b47
4b4d4c595c6e5f5c564c4c5451504f52
545044444a494646454546484c4d4a4a
43434545454447464646423d4a504e4b
54373435332c2c373b323a4245464646
9b9f9b9ea1a5a8a0a29a8f847c81787d
a9ada1a9a7a6a7a8a89ea8a5a3a2a29f
bac0b8cdadacacb3adb0b1afaf9f93a6
b6b3bfc8bcb7b7b8c2c4bbbda4a6aeac
b7b9c3c4c9c7cfe1c3c3c0b4afaaa3b0
b1b4c0bcc9caccc9c2d2c8c6beb3aeb3
bdc6bcb8b8bab2abaaacb0c9c2bcc0b2
cec7b0b1b6c2cac4e1d2b7a7b1b3b7bf
cecdd3cdc4c9c4c3c5c5c6cbcfc2c1c7
b8a8a6a9b3b9b0b6c7cdbaacb0c5c7cb
8c83a1a6a7a39d9a9f989ca6abc0a3aa
686b6e6573787c9a90979ca09ca68285
4a514f444a515657585d505b5f62626a
4c51524e4e50504c4d46495151494947
52525150514e52514f4d4b484d505253
464e4c4c4a4852535149474d54535352
595955585a5b515960636962615b5753
49474e4a50515153534e505561595558
484c4b4943474745434b4c4b52504e4e
454d473f514941414448494f514f4e51
5c6b685b525251514f48494848494545
9ea9a7a0999fa6aaa8a7a5a5a69d9ea0
8381899199a1a4a0979c908b8e948e8f
4a4a4e5455555549484b62738e9f939a
504e4b4d4e4f53555556554e3f3e4241
404b4b4c4941453f3f44483e46494e4f
41434147595b5c5b55555b4b48454240
5251504f54504d4a46464c4c4b4a5348
4a515d5b5b5f585b564e4d54504f5150
61534f405049494b4c524a49484b4547
44444545464546474746464249504251
4c42272e2d2c3a3c38393a4147404945
a2a09f9fa2a09f9fa29f9885727b7e63
a5a5a5a8a4a1a2a8aaa6a3a3a1a1a3a3
b3bdbcadacadadaaa6abadaca7a09ea5
ada9b1b8aba9b5b5b7b7b4a8a6a9aaaf
b3b5b7b7bdbcbcb8bab7b4b1afb1b4af
a89fa4bfc3cdcdcabfbcc4cbb9bcb7b1
b8b8b6b4aaa6aaafadb8bfababb6aeab
c5c7b0b0b0b2b7b4b1ab9e98aaa7aeb6
c7d7d2c8d2cfc0b8b8c1c0ccc8c1c5c3
b1b1b1b1b2b3b7babfc5b8acb0b6c7ca
9297a19ea1aaada8a9abb2a08fa1b1a4
656a6c777e8e8e9193868f91959da18f
53525047525253535a5d505365656e6f
52525b635a544f4e4d4b4e514d4a4d4a
4e5451515251535253514c4a4d505351
544f5251525556565451504553525148
5b5a56585a5a59576166655f595f5755
4848454e525254554e5150575859585b
504e4b4a4a484746474c4b494c4e4f4a
4d4c4e4a404a4848494a4b4d5251504f
476b6960565653514f47414846434b4c
9ca8aaa6a8aaacacabaaa8a1a59ca19e
8e8c929399a0a198a1a09a9a949699a0
4e4e4c53555454514d545e7a8e9aa3a1
504f4f4e4f5054565257554b494b484e
4d4c494c4b474544474a4645474a4e4e
3c35484953595575775b5c494d474541
4f50565955514746494d4f503d3a463e
53585b595e5752595550525351505553
5e5554494e4d4c4a4c4b48484944474a
4443404438454046414143424f4a5361
4b44382d2e2d353d383d41454c464144
a2a2a2a4a19e9b8e929e978381888276
9999a1a4a4a6a1a1ad9e9d9ea2a6a5a0
aeaca7a8a8a4a2a2acaba4a6a7a1a8a2
b3acadacaba9b6b3b6b6b5aca9ababad
b2b2b2b5adb6b3adb9b2b3b1b1b5b1b0
a59e9faeabb9bebab8babcbdb3acb0ad
b1b4b1ada8a5a4aab0b1afa9afb0a7a6
c1bbafafafb0b6b1aea2a3a9afaeacab
b9b7bfbfd0c8b5acb2bfcdcbc7c1bfc6
b2b3b5b4b4b6b8bbb1b2ada3aab7b3c3
999d989fb3bdc1aeb0b3ab9e859fa8b3
6e6d6a78828786898683888e88a09f9b
53545050505150505655545d7774756d
54535c6a645b534f4e4f504f4d4c4a4b
43434e51524d3e51524d484f50525555
54514f555657565555505053514f4e4d
595956565857535763665e5658555b56
484a504e525152494c54525457575858
4c574c4b4a474a49494c4c4b4c4c4c49
4d454c4a494241424e4f4e5454544f46
44485b52585553514f4a4b4a494d4e4e
a4a7a9a6aaaaadaeaeaea899a59ba5a0
958c9292969f9f9c979996a1a0a3a8ae
52504d4a49525154555b6c87707e979a
4e51504d504f51515357554d53534c56
4b4c3d4243454848484947494c4c4e4a
41494c4950524e53624e49474b48444b
525758575955534d4a4b4e4943444846
4d474651605f57575453535153595054
52504d4e4c4d4b494a4a484747484c4f
4c44423e444443403e3f3f4d3e4f5c5e
5d43362f2a2c2c323740434547444b3e
a69f9fa3a09d9897948f8b8284877c69
a0989ba79ca39ea8a399a7a1a2a2a1a0
aaa8a6a5a9a9abacaba9a9aba9a5a5a6
9fa0a1a7acadada9acaeaeb0adadacab
ada8acb1b1b0a9a5a7a9a9b0b0afaaae
a49d9da9a5adadadb0ababb1a8a6a6a6
ada39fa6a4a4a5a5a5a6a2a9a9a6a0a3
b1adacb7aea7a0a2aeacacadaaa8a7a9
beb7b3a8c7bcb4a5a7a7a8baa9a8b1af
a9b1adadacacb1b3a9a5a4a6b1a8babd
939b9e9ba9c8baacafada38f9097a6a8
70705e637f839591838485887faca49a
5353514e4e5152525d5556697b72746a
51495c534c474a4b4d4e4f504e4c4440
3d45525053534e4e514b4f5152545453
504f4f54565656545446475351524f47
545552504d515759645d594b54585c56
464a47525351504f524f4f5456565555
504c4d4d4b4448494a4b494d52514c46
4846524f45484a5055595c585a595452
49455055545653514f4e4c464f55534e
9fa9acabaab3b2b0b0b3a7a3a99e9c9d
9797979d96a0a2a09b99a2a9aaaaabaa
54514f4b42525052585d5976898e999a
51524b4f524b5353585d585158555955
4542484b483f444849494a4a4d494c51
454a45494e4c494e504b49494a484447
505b595857535b544a48494b4d534848
4f49484f5e5053494b45474741415654
5052574f4d434c4c4c434341484b4e51
3a48414046443d40424449484143494e
4942383431312c30383c404343404941
9da5a0a19d9a9896938e8a848e7c7658
a5a2a3a2a8a6a6a3a0a5a4a09fa0a0a0
a9a3a2a3aaacacacaba9a9aaa9a5a0a1
a49fa5a6acafacb0afacaaaeafb4acab
b0aea5acafada6a6a9aaaeafaeaba6a5
a09d9da4a5a7aaa9a9a7a6a8a4a4a7a7
a2a8a4a1a4a6a3a4a4a2a0a7a5a09d9e
a9a9aaaba8a8a2a4a4a9aaa9a8a6a5a4
b4aaa5a9b3abafa6abb0b3afb0afaaa9
a0aeb3b0b1b1a9a7a9a7a7a8a7a2babc
93958b82b1c7b1a2b0b69e918f9da8a9
7073726b808784827183857d838d968a
5253514e4f51565a815a5d6b77736063
525556514c4b45474c4e4e504c49474c
414748484e4f50534e52535253545a58
4f4d4d4d4f54535250494953504f4545
5255545452535357635a565456555653
484d4852535152535352515555575456
524e4e52504b4949494b4e5151504f4a
4a4f5643494e535d6f6f655861605b56
444547524e525247464b45444e504f4d
9ca9aaacaeafa7b0aea0a2a5aea0999a
8eb0a4a2a29da0a7a5a6a5aa9aa3ada9
53514e4d504c4e505667767c888f9688
515252525456585b5c5e5e5f5f5e5d53
4344494a484747464444434b4d4d5656
484746474950514a494d4e4e4c49474c
59594c4d5d4f4f4f4f4c473d3b484847
3c4d4d53584a4e4c4a45464349514d4d
594c5e5857544d4b4744423d40403c3e
4246464346454848464646444441524e
504133333332303437363a444044454a
929098969b998d91929387858c76664d
9aa0aaa9a9a6a6a2a1a1a09e9ca0a09c
a79f9fa3a3a3a2aba2acabaaa2a1a19e
a9a8a9abacaeadababadabadaeb1a7ab
aca8a2a19ea0a1a2a4aaacaeaaacabaa
9e9d9ea39fa3a3a3a6a5a7a7a6a6aaac
9da3a39fa09f9fa0a3a3a1a0a0a09e9e
a5aab4aba4a2a19f9fa6a5a7a7a59c99
b1a8a4a7a6a7a3adaeaeadadaca7a4a4
99a4b4b1aeaaa8a5a2a2a4a4a2a1b8bb
93928f9399a5b4a99e979d78919d8891
777075797f817e8278706b6e75717280
55494a4b4c514f53606059835b796972
525452524f4c46434b4e4c4e4c4f3f4f
4c4d4d4a5254524e4d565552514e5656
5052504e5351524f4c4c464a474d4a4c
53545352555253555a5855555555504d
4c4b4c4e515454545254535554555355
535c57554f4d4d4a494a504f4d4d4b4b
4d4e4d4d4c4d50626c66676667645e5a
4645445552524b4a4a484b464f4d404d
9d9dacacabaaa6a5a6a0aba8b0a29897
8e9b9ea0a2a4a4a49fa5abaaa79f9ea0
534d4c4f4e4f4e4a55677272737e8a8c
5351515254565a525b585461625d5a57
444b4e4947434240423b3d424d4e5853
494b4746494a494a4d4e4e4e4b504c46
53524e50564f51524f47434141494846
5250504e504f4e48474c4e5053555554
6664645b524e4a4a46403b3b38404448
4c494a4a4a4a4a484747464746456167
3f42373130312f2c36353d43443b474c
9a9997979293938e8f8c867c7c726e59
9aa8ababaaa9a8a5a59d9694a2a39b9c
a7a6a4a7a3a5a9a2aaaaa0a2a2a29f9a
a7aca9a7a79f9f9da4aaa7a2aaaea5aa
a9a6a5a4a09ea0a1a19e9e9faba7a6a8
a1a2a3a2a0a3a2a3a4a3a5a7a8a7abac
9b959797999a9a9d9da2a2a1a1a09d9f
a3a29f99999b9e9da3a5a5a2a4a39aa1
ada7a5a5a5a4a7acaea6a5aca8a7a6a5
9ca2a9abadaaa6a1979ca0a1a2a8afb2
93938b999baba9a0a0b3ad9c9e958a8d
71767e7f7f7e7d7e685d636f6f5c5c7e
4846485251535b647563846d746b7274
55545453514c464242484a4f4f514f50
4f4d4e4d4d5053524b454b4f4e4e5557
59565354535251494a4b494947455251
52545553555555534853565456524a4a
51505055545554555554535455545354
56554b51494e494d4f4c4e4c4a4e474f
4d494b463d4d506d706769675a5a6a6a
495354524e494c504c54514c514d4e4d
a4a8abaaaaaaa9a7a5a9afb4b1a59696
a3a2a0a1a1a5a8a6a5a39c9da0a0a7a7
555050544550504b4a4c716b727e9097
5759585858555c62625c5f69645f524b
4e4e4e4b4440403c3c3a464856555758
4d48464648494a4b4d4d4f504f4f4d4d
4c5352505453585967594a464c4b4a4a
53514f4951514e48434f535451534c50
5049484949494941413e3c414142494b
44444c4b4a4944444548484847465c54
38382d323131262e35353a4245404645
99979697949492918f8b877d847b6453
9faaabaa9facad9a958c868d9e9b9b9a
a19ea0a2a6a6a6a7a7a09a9ba3a1a19e
aaa9a1a4a2a1a0a2aaa9a7a5adadaca7
a8a6a6a09fa3a09f9b9da2a5a0a1a0a7
9d9da2a2a09e9d9da3a9a6a8a9a8a6ab
9e9b9a98999b9d9fa1a09c9ca59f979f
a9a7a4a09d9d9c9ca3a4a7a2a2a39ea2
aba7a6a6a6a7a8a9a7a4a5a7a6a6aaab
9c9d9c96b7b0a29d99a09da3a4a6a8a8
999599838a9cac9fa4b0af9fa0918198
747a7c7b837d797770707d6c68666f7f
484c53535354565f6c83866374657b77
5550534c4c4d464349474845464f4947
4f4b464343524f525353545351525556
5555505355534f4c4c504e4e4b465553
5356585a5455505155534e4b484e4856
54535657555555545250545351555253
5c55535052504e4c414a504d4a464f53
4e4b4a4842524f58626a615c5a676d6f
5c626b626455545a57505046464f4e4d
a19da8aca8a6a6a5a8aba8b5b1a69697
9da0a09cb0b2b4b2a1989a9c94a2a4a2
505254544e4e52505454515466838895
5f6061605d60625e5a5c616763645f55
5353504c4541484a4c4a47555a5a5c5e
4e4b49484749494a474c4f4f52535051
4f5651514f51585f726b564b4d4c4d47
504c4f4f4f534f4d4544555550484a4b
534a4a49494948443e3b304244434d43
4547494c4a49444447473c3d4845514f
51452c30282b2533353e444546433f3e
968f90928f8d8f8f8d8c827e7e77664f
a2a8a8a8a7a6a2a0948b8a9695a39b97
9e9b95a5a8a8a9aaa99e9ca6a59ea2a1
a2a7aaa7a0a1a4a4a3a3a8adacaca6a0
a5a4a59c9fa2a19a99a5a4a2a29fa4a6
a1a0a39fa3a09d9ea0a7a5a8a8a6a6a6
9e9a9b9b9d9d9da0a2a39e9b9d9d9fa0
a8a6a59f98979ba2a1a5a4a29ca2a7a5
a8a6a6a6a7a6a49d9a9c9c9f9da2a6a8
9495969593949d9b9d9fa1a2a3a29593
91837067798a9793aaa1a1a896918f8e
7978757a7c7e76767479686d6e6e7982
485354534d46464c4b4c515c6374817d
4f504d504f4c45464c4c49464b4a444b
4b4945414455534c4c4c555454555655
56534c545453504e4d5451504f494a52
4f555253504b4c4b4f545253514d4953
514d4b52545454555152504f53535352
5654555354525048474c54504a4c5053
4e4a4c4c53494553646b64605d657152
5c605a5b5b636d767b5a53544f545251
a1aba8a9a4a6a7acabaca6b0aba49898
9095989e9e96a1a29ca1a59f9aa5a39f
524848484a56585d6a6a686f737d8585
6768696860666b646368696564675a55
564d48484f53434b53514c5f5f5d5460
4e4b4c4b48474746454c4d4f51505454
585754524f655e69695c474e4a4c504d
474d50535253504c43464a4c4a4a4c52
3c48424746454647443e36414844453e
46484b4c4b4a48474745444748485243
514634322f2a2e353338444542434445
938f83928e8e8f8e908c867f73656356
9694929494a29a8f90868a8d95939594
9a979ba0a6a6a6a1a49ea5a59a939493
a4a6a8a09b9ea2a29f9ea6aab1b0a6a3
a19aa0a1a1a1a0a0a1a0a1a1a29fa2a3
a0a19ea2989599979a9b9b9ca5a199a3
9f989a9a9f9fa0a1a09a9d9a959a9ca0
a9a7a39c9593a1a29ca4a3a19aa1a8a5
999a9c9ba6a49f999e9e9da09f9da4aa
9999999596939998999b9d9d9d959893
74685f848a938f8792968c87908b8f97
68696d71747776757b7b887978778674
4955544e48454b4c4d4f586174717f7a
524e504c524d474f474c3f464d484a4e
4b4844454e534f4e4c4954545048524e
5152545453535453555551514f47514c
53514d5452504e5054535254544e4748
4f4e4b4d5255545552534f4d4d4d5352
525a565556534e484954534d4a4a4f51
4d4e4e50504752626b64665f5b527768
5f5e616a6d7078807a5c585a5a584e54
aaada9a5a1a2a8aeaeb7b0ada5a29a9b
949f9fa1a4a7a8a2a1a2a5a4a2a9a7a4
5359594c496764697375757f817e7d73
67675f60595a68615f676a696a605f52
5453555e5b595b58524f4862605c6062
50505151494a464047454a5052545656
56575757675b606b6255504f494c4d51
474c515052524e49484b4c414d4b4d4f
3e3c4a47464447474044434344424748
453e494a4b4a4949473c454847414043
423a3633322c31343438434244454645
908e8c8c8a8c89848586857e7066584a
91918f92939f958d8f908a8f90919291
959b9c9fa4a0a89b9ba7a4a0958e9191
99a8a9a69fa0a19f9c9ca6a6aeaba999
9f9897999b9da1a1a69c9ea0a19ba497
a19f9c9f9b9c978f9195a1a6a49d8f91
9a9d9d9ca0a09f9fa29f9b99939da0a0
9d9c9e98959fa2a19ca59a9f9d9a9c9d
9d9b989aa39b9f9e9f9e9e9e9d9fa19d
939493929193939597989a9b94949799
6b5c6175847e937a8c8c827e88829195
6161616d736c7679827a7e6e5f63686f
4955524e4e4a4c4c515f5f6b7672877c
4d53545355534a4a4b444a4d4e4d4e4f
4b49494f4c4b46474b4d5152534f5053
4c5155545353545556534d4d4b4d474f
54545655535352495352535452514e49
494b4e4f5255535455534f4d4c525252
53554d4b4947514f4f4e4a4b494d4d4c
49484d4e4f51545f5e6463615c4d7a63
696c6c6c81696a7466605b5a585c514a
a6aca9a8aaa7a8acadacaba8a5a39a9a
96a3a1a4a4a6a4a3a2a1a3a2a2a5a5a2
62605c59656b637882858085847f6b71
54545d5b5b5d626e6d6e73716b675863
57595d636168675f59555d525f5d6062
4c494b4a52493b3e4c4e4f5053565757
55534b4b5c5b50575c565250504f4b4c
484b544e524a4746464e45444d4c4d52
3e4041494746453e3b3d474646454739
43454a494648453c3c3a373a3b393d3b
3a37352f312b27353438424141434647
7b777f8287918e878585886e6e645956
969793969b99999195968f8a8d90797c
959c969d99a09e98a6a994978d8b8e92
9ba6a4a19999938788929aa2aba8a096
9d9da2a39c9fa39c9b9a9b9c9fa2a4a2
a1a1a19fa29f9a989b9da0a2a19e9e9f
9e95a0a1a09a98a2a09c99959b9d9f9e
9ca59f9c9d9e9ea59e9da49fa09b979c
92979297989e9e9d9e9e9d979b9d999a
929292918f8f90929495989994949895
6b656569686573ad8885796d6a838592
71605a5a60747e8e8f7e77616061625f
585c54595b54535462656e766d728e72
5756575552544f4c464645474f524f4f
4d4d4f52494a4b4c464e4f534f4e5758
53535353555555555454524f5354524f
53555753545352545251525454514d49
43424250535553535053515251515252
50564f4b4e54504f49454c453a44413f
514d545150505657595a6b68566d6d58
716f717d8d8a64725747546259555651
a6aea7aaaeb2acaea8adaba7a89f9a99
92989da2a4a2a2a3a2a2a2a0a1a5a4a6
6a6f6a657e7b829a8a8f929c93908e82
626360616a6d706f747471687667636c
5a5a45636b6e505d575367665c6f6d67
504f4a51504d474a5153535558595950
554f494a4f5158585c59555455534f4b
4e4c4c50504c4f52514b4b514d4c5254
3b3a394642433e3c444446454a4a493e
47484b474746443d393a3c3e3d3b3b3c
554d4235313233342e302e363b3b3d40
7b8488898b97908c878486806c635955
94959796979797949696928b8d949087
919b9b9a98939c9fa19c95938b8a8e92
9e9e9c97969393858094989ea6a29c93
9a9b9d9c97959698969796979d999f9e
a1a1a2a19e9c979696979999999a9d91
9694989e95959ea19f9b97989c9d9e9f
9ea49d9d9a9e9ea2a09e9b9f9d959096
9491919192959593949c979a9897999e
8d8c908e8c898d919299949395939693
73686b70717173827d68776b7f8a8585
65575b576c688f9493827f8075716d79
525d625e534f5556595b6372637d8061
585656545254514d4c47464f53534f4a
4d48534c474b494b4f535352524c5b5b
4f505155565555575554555454545551
5253535053505353544f5255554f434b
42454d51515453515656535353535352
585855515556504d4b4f554d3f42413e
57565c595b5457585a5e62515c6b5f5a
776b7883868476715e5757645f5a5459
a5a3a9b0b3b2b5b1adadaca4a4a19c97
9c9c9da0a39c9a9f9e9fa19b9fa3a1a6
5d5c6686888395928388aaac9e949296
6562666f7072716d867c7167826f6764
5e5560656a606360646a706c68828273
51524c58534f4f525455575748545c5b
5754504d4c4a4c464646554c4851504f
4e4d4d504f535b555453525350545454
384143423a3b424545464a4e4e4f4e43
464b4e4d444542413e3b39393e414141
534d4c3c37333535343238383d383439
858b8c8c8f918b9387837c79755f5657
96978c8c8e8d9193838b928e999ca185
ab9b929c989798999896908b87898c8f
9a9a9897928d908b898c8f969498a2a0
97999994939292949393969798989599
9c9b97999b9c979699979999999a979a
949b9c9898969a9b9a9b9b989a9a959e
94a09c9c919e9da09f9f999996949292
8f898d8c929186869082869495909191
7d7e80858287829292928e908c8a9592
8a807c78707a706d635f6e6e7c877c7e
5c5e5a5f7081909687838e9082777f8f
50605e5a514f5555555a5f68616d5f5f
5a5755515151504f474949455353534f
504c4f4d4b4e4e50524956504e5c585c
4d51514e4b5455575555595956544f4d
5352515254514e4f51515555544c494a
49454d53535453515655545350525150
57535856554e514e4f52574b3f40434a
5d63645e5c5c65655c595650594c5a57
8e8c88889180807b6757576964616168
a6abb6c1bfb8b0afadaeaba4a4a29f9b
a09fa2a3a39d9ea2989e9f9e9ea2a1a6
747b758081727a837c7e7ea39f979091
5c586e76757d7d7d808072717a797679
6260636769686a706c6f6a6662726c5d
52535157515351525455574c595c5d61
5758534c4b4b4c4847454b494d535659
4b4a45485053585a5b57565457575555
4348443d363b494a49484c4f5152504d
454c4d4b43454341403f3b4342434345
595350483e333537363937363c3c3f47
8f8a9f93a193928a89938b7e6f6a5a5a
8c878589898b93848c8f948dadb3868c
b79c919a9797979896938d8888898c8b
9b9b96908f8d8d8b8f8c8f8f94aab2b0
949597918e8e919293939592938c8c92
9d9d9d9fa3a098959ca0a2a2a19f9d99
9b9d9b99969697979797959698999c9c
999b9d989a9c9d9fa0a2939697969184
8b918d93928e878483869698948f8c93
7f82868584898b91908e8f9188899287
918d7578777d786b696467707d77797e
5f6457656f78969082827f988978858e
505e6053515255535357595d6a59575c
565353524e5250514a4b4c5355555350
4f4f4e4d4b48484a5054575750575f59
4d4c4c4b4e4f4a5356575e5f56534f4f
53524f50514e51515251535451464a4c
4c484354545355535453524e4e525253
4f534f55514c53525453574d40454c4e
6e6f6860525a645e4f585654575b5651
6c928b8d9f9c84907d696268636b6d74
afa6bdc9bebcaeafaeb0aca4a6a7a4a5
a5a5a5a4a59ea09c97a4a89e959ea8ab
888784878982847e7f7c9e9f9e9c9d9f
5b6b737e777d777f74667f8082959380
686562666b7175776974726864625550
55504b5455524e4f5958545750646a6b
4f58534b4849474846494d4b52565958
4b4e4c464e575d4c5c6160595a595546
4c4a444343424c4b454f4b4c4f534d4e
464b4c4443444a4b4947454244444544
5d47463335343536312b353c3e3d4b40
9693a5aa998f8b869396a091806b6362
958b978a878c879e938f8e8ab3a89797
9d9495948e8f958998a09b96a19a929c
949b9c8f91928b9289838f9eb1b8a9a3
9392908e998c8f90908f93958e8a8683
9ea4a8a6bab3a6a0a1a3a9adb0afa29c
9d9d9f9c989594929292919294939898
918f95999a9798989b968f9397988f94
878f8e95918f8d858696969693908f91
807f878582828f908f8c8785868d8885
7b7c6f7874807a697271707476727778
6162696b747b8491827e939b72798c7c
4b51575352525454535558525a5c515f
5552524a4a52535451524f545457534e
4f4f4f4e49484a51555459595b605f5a
4d4d4d52514b525251515156544f4f4f
4f50474e484a4f5153554f454c464c4e
504f53545455515355534f5252514a51
5756585650574f505156574e4546444f
8279695f545252505258575657525050
77868d8b978f8a988f7a6d61666e7380
bab2bec3bebcb7b5aeb4aca6a6a9a8a8
9a9d9f9ea09fa2a19fa2ab9f9da9aeb2
8f8f8c8d8c85878da29fa09d978a9097
70747a7e7a767683828396868d807e85
6c6660616a70706d686f696570675657
515657575755515152535956534c7475
57564a4a4f4c453d4548535550504d5a
51534b5055565955605b67635e4c484a
474044464846494c4e5741486f747d53
464f4a4747484c4c494a46423b44464a
51554f4b3534313533373d3e3e3d4043
9ca0afb09f97918c8e91908c7e708670
939a9583837e828b8b959da8b1a9a5a1
a79f9f97979f9ea7b0b3acadb1afad8c
929e9e9c9998949f90a1a1becab8bdae
8f8e8f90938e9290908d8e9896978688
97acbdbdbdb9ac92a5a6acb0b3b5a79a
9d979e9c8f8f8d9291908f918b798e8e
8d888a8d958a8c8ca293909496a0a09c
928f9493919093939598989895939391
817f85888b888f8f938c838287858384
8b706e787480796871736a746e666779
605f5f656478938f838083877a8a9a90
4d4854524e5455565658585451565864
5552534e46505255534d4f5356525151
444c47494844465353545758605d5b58
4d4d4f504f4d4c525251504f56504645
434145404045474c4a4851504e464d4e
4e4f504f4e5354555653534f52514a44
54565755525655555657554f4f454e4d
77786855515253535556545455535250
8c928b95938d84756d786a616a757676
bec5c7bdb0acb7a0a5abaea9a7a8aaae
a3a19e9d9fa0a19e9ea0a8a6a7aeb4b7
90908f8f908985859c9a9d968f929aa6
70767c807f7881898a7ca0959494928f
7b74655d6c6d6d6b69666062686a6267
564a55545355534f4d51515764548082
585350414c4d49494e4e5959555c5a57
54504e5f5e5f4c5c5c564f504c4f4d57
3e3636474a4d504f525e626a648c7f71
45484c4a4b47463f4f4a464544454346
42544f4b3f35333434393f3e3a3e4242
9e9eb2b5a09da0b89691979a988e8d71
959c9a8f78797a97939fa1a4afb0b2ad
acaaabaaadacb0b5bcbcb7b9bec0ae8f
b0a4a0a69f9f9fa7aaadaacac8bab2ac
95979796929395929b968f909695a8aa
9795ccc6ba958d87acadb0b19393af9f
96a09f979b918d9594949698908f8f95
8f88878c8e8a95979a9493969ea4a29f
8f92928a919090969c9897958c918e93
7d838680878e969796908d8d8e88888f
7d717683737a74707f656b7070797179
65686263656d89888a85827c8e94929e
514e4f50524f56575b5d5a5755616572
55505149464d4c4c4c4c4c4b564c5752
4945464e4a434656525861615f5a5856
48494c4f515353535352525149464747
42414749484a52524d4e53534f4f4f4c
505051504f4d5550525554514c524c44
4f4f5552555957545253555053545552
75776657555352515556525357595752
948c89908c8483846f5f5e69737a776c
bec5c3b2abaca0999b9398aca9aeaaad
a2a5a8a8a5a6a3a3a5a8a8abaeb2b6b8
9192938f918f92928d95959a9da0a3a4
74797a7f7970959a9a9f9e8f98998f90
8b80797d7d706e6d6a6a717a7a6b7072
4f525455564a545f51506a6b6975878a
5a554d454a5154575759565b59645a58
655e5f64685f5e635d545c5d5153505b
3837394244494f5245606b6a646e6e76
484a4b494a4b494b4a4e4d4c45454645
3d48473334343334383e403e39404546
b4c2c3afaaa9b2b89da0cfd3ca8f725b
92c59eb89ca5a0b3beb0a3bca2b5b9b6
abafa8adb3b7bdbebcb9a59b95c1ad8e
b6aea99db8b7a9a9b1b2b0b1c3bbc8b5
9e9f95959c9b938c8785af929999c4c5
999a8f95a2b4b4a8b0b1b0aca68faf9d
959492a39f93888f8f9a8f9097899d9b
98938d8c8f949a9b9fa09b96969d9996
9191928f7f848e9682918292918e8788
84858b889092999c9c999b9a9f9e9291
9793888185756f7772606c767f797681
5c666875696e79827f78777c828a9499
4e4c5452525557585c605f5f5e686960
49484343455051525352525456555552
45454f524c494c55555661605f5a5951
5253514c53555355555351524f494741
433d4949474f52525353545552524a4c
4c505354575351535255565554484543
5556575558595757535051515056554a
68796a5f5b5d584e50555a5c5b635c55
9c948e8d87836b6d6664666e6b6d7167
bec1b9a9a4a4a7aeadabb0b3a9b4abaf
a7a7a8a5a4a5a2a8abaea6b0b1a1b8b9
93969a9a9a97958e909d9d979da1a5a7
7d7f81837e85a89d9ea1a48492988d90
8c8182857d787370617a7a7c777f7c80
535354545550595b53467c80763b7b8e
55524a5357565e56525a58575e5d5857
66685e5b515c6f7671696e726b625e5a
3f48464a5949535352715f626f81766e
4c4d4d4e46474d4e4e4a4c4c493b4a4b
aa723c37353435373534393643414b4b
b0aecdc6bfc3c1c1c3ded7d7c9bda4b5
b4a9abb2b6b7c8d2dbcfb8b4b8b3b6c2
b5b1a0a0b8bec1c0bcbec8c6b9c4bdb5
c3c1bfc5b9aab2b5b4b9b8bac5bcc7c4
a7a5a19da7a2a19fa0999c9c9f95cbc3
a7a3aba7b9c4c8a9b59889b9bdb6b4a8
9293908f8c8b8886999f9898a29ca9a4
97989a9f9ca5b6b9b7b7b1aba59c978e
91918c828a8f9b97929091948e888e9d
82828f8e8e8e868e9b919d9699a49990
89908f88869074808263718b83877b8d
657470827883917684757073799c9791
5047504d4d4f50595a61635c606a7067
494a444e505253535553525454554e51
45505153514c5358564a4f605b4f554d
524a4a52544d5357554d494f504f4e49
4e504f4f565956535353535555534e4f
545454504e50525254585956554d4746
5a58585b5e5f5a585c57646053505757
6e5e7166615c504f5155595f5f66655c
9a9794948d816b736d6a736f706e7864
a0a9b3a89fa1a6a6a5a7b1aeb2b3aaad
aaaaa9a6a6a5a8b1afacaea0a3a9b8b5
97959fa1a0a49da09f9f94909ca2aead
8182898c90a6b1b19fa4a6a892968b90
968e8487828275756b807b7d808d8a85
5554525558626b626573847f7c7c8298
5856585a5a5c5c5a5c73695c5d48594e
6967666a69656d6e6c72797d5152615e
4d4d4d5b615c4f547692697e9d8a7c6f
4c494b4b4a4b4d4c4e484d4b47424d4e
ae7838373433353537383839464d4a4e
c4b6dfd6d9d5c3c2bcd2ced2d8b6adc6
abbdb9bbbebfcadaddd7c6bbb5c8c5bb
c1afa0b3b0b1b9bfcbd1d3d3c5c5beb9
bacacecebca8b4bcb5bdc1c2c8b8d3c0
b1b4afa1b6ab999ca6adabafb5beb1c6
a8afb1b5c4d7c5b5c3b1aac2c4bdb9b4
8e9d9a97aa989da7acbaad97a3a1a1a4
93878d8fb0abb2b2cbc5bb81848a9697
908d85838c9a9e8f959b9b948d8b888f
9c83879298999c989c9da7aba69b9896
919b989a9caf9f93916475907f857e9a
818c7f8f92958e75777d786a909d9a92
565a61555351535b5b5e6169737e7873
4e4b4b5252524a4b4b45495455544e54
5150515253555354544d515d51535651
53515455504b5657504d5152504f5252
575a5c5d57585b5c5c5b5c5757555156
5b575a595755545a6a65666561514a4a
615d595f60605e5e646773645652565a
71676366625a5754595f506467646560
a0a3a49f9085807679747071736d7a77
afb2aea7aeb0ada9a7a8b1afadadaeae
adadaaa4a7a8a9acada7ab9c9fa3b6b2
9ea0a2a5a19ea0a4a1a293a19ea3a8a8
86878d8f96a2a8a1a39e9a8c988d9697
a1939783807a7c7c7e7580808c8d9283
56575358645f645b767a82848d8d939c
5a50575a625f4e595f6a616057544f56
6e6b6b776c6c73746e8088776d554c4f
494a4b415b64555e646c788289867d76
4b49494c4c4c4d484c4f4e4e4b454547
73443936333232353a3a3d3e424b4d4c
cad8e5dfded6c3bdcacacfd3cda5bcc8
adbfc1c0c0c0c6c1c7bdb8b1bdc5cbca
c7babec6c3b9afa9aaacb9cad2c0aaa7
c8cbd3ceb8b9c0a3aab1b9c4cfc5c7d3
bcbbb6aaa7b48f9cacb1babfc0b9acb8
adb6b2babfb1aca9aaacb4c9c9c6c0be
92cdcbc0ac9e9ebcc3c0a89daaa6a6a9
a3948e92b9adb0d1d7cdb6a297a9a792
97938b908e8e8a9ea99e9b8f88948b93
a98582b5a7adaba2a7b1bab2ac9f9496
9496939c9aa9a391918a7ea07f7b81a3
83939d907f8284887d7e7a7a86999396
65696c5a5b5b5d5b56575e6a6f786271
525051534e49494a4848505458616062
51505152525254565454555a51505b54
5958585453504c4a53544d4b3b445254
5353525046484c535c5d59545858585d
5d5b5a5a5966747f85767777735a4a4a
5c58605e5e606263607879685954565f
756d67716358545f625b585d76755b5b
a5a29f8d948c8b8f8c887f7f7b75837c
b3aea8acb1b0aaa7a7aaafacadaab6ab
a7a8a59fa1adb0a9a1a1aa9e9297b6b6
909faaa5a5a4a0b0a8989698acaeadad
8e93999a9b9ea2a3a6a099979d929597
a69ba595918b877e818381867074a281
575760666465685a6773848f939899a2
5d57596169686567665f5d5b59505558
6b76707e696c777d708690846e685264
4a48444b6073726c6a747d8081857d79
51514d53504f544c4c4f4f51504b4949
3f403b3033322e343c3c3c4156535050
c5c0ddd6cdc8bac2b7c0c0c7928d71ca
b5cad9c4c4c8c4c0beb7c7c7c5bfc4c4
bbbec1c8bebdbabbbab9c7cbc7bbb2ae
c6cbd1cdc5c2bcbebabdb6c2d5d5c9c6
c1c0bbb3b7b88b9eb2b6bec0bdb6a3ae
b5bcbcb8b3aea5a2a6a3b5bfcbc7bcc4
afd9d9b9bdb4bac7cfbca6a1acacaab3
969697989da3a4a49e9a9798a3aabb93
8b909386958fa7a79f99979693959698
7f96b6bdbfc0c5cdbebdbfbcb8a38399
9f9f959d9ba1979b95908590907a849f
778c7d8e7d8b8981807b7d8488919195
4e4f5a5b5d5f605d5d5e666566676374
4a4d5552494d48494a4b5554536e6e72
5051524a4a4e53535353535251505253
5e5a575957504c4c46494c4640425554
53565858554f555b60605c54585d6861
635858635f6f8e909082817e6c494a4b
6d6a666b5e6262576e79766c5d565e63
7f7c7f5f645a5d64666769626e756a69
aca4989c98909080748b8a8685808889
b3a4a4afada7a6a4a7a1a1a8a6a5aca7
a399a19fa298afa6a8a0a49d9790a2ba
91a4afa69697979fa099999eaaa5adad
8f95a0a1a2aaa4a4a7a1a1a292969898
9e989695968c9882878f8b7e83968183
53616263606779797a868a949b9c9da2
65585c5f65636675767067625a576161
70747a7e766f86678e808e8b7d6c6263
545c51726c6e76717e81868e869c8d7d
4e504d524e4e525254544d504f4d5354
403a3633353738363b40444b55576561
c6c1bac6bfc0adc8bbb6aea1787880b0
b8bdc7c5c5bfb4afada9c7c0beb4bec5
b7bfc5bec3c8c9c6d6c9c6bdb8c2c4b0
bacdc6bfb7a3b1ccc4c2bbbec8c0c6c7
b2b7b6bbaba1a1aab6b8bdbcb9a7afc6
ada7a1afc6bdafa5b1a7b4c2c5bcc7c2
c6bfc5c1c1cacfd4b8b6a7adabad9daf
9ea899b2b2a5aaa0a29ba1a1adcfd1cb
929493979baaaba8a09894999999a2a3
a19db5c8c7c7cbd6d1c4c4c0afaca095
aaa1aea9adb1b29b979999989c8e8e99
987c8280898d837f7d7b86888b938fa2
4f5460605d51606361606f6c6b66697a
4f5549504e4f4d52555654575e486151
5553544f5455595a56565b5a5553554f
5e64625b565550554c484547504f5b56
58555e5d5d60656666646c6868646561
5a5c616361849d6c7f898b836e5c5b5d
73717476786b736d7f7e756d6762615d
897f64655f555460736f758687807a79
af9c94a19d9c969aa9a49c898287948e
a3b1a6a19b9ca4a6ab9c9eab99a4ada9
a4a79ba19fa19f9da59d99999b999a98
a1a69d97999ba0a4a8a4a0a8a5a3aeac
9297a3a5a6a7a7a6a8a39e94868a9a94
9e9a96928b82928e8c928e8e8d88808b
61646875777783899eb0b0b0ada6a19d
88695a5d54546989887d7468635f6468
78716c72787f827169807d6e7e8e9f95
4b6465746f7f7592999b9d9589a29885
565155534c4d565e595550524c505b57
553835313b3a35393e464c5069656566
b6b7bcb6a9a99b9a9bc99a8f74767e61
aeb3aeaaaab3b1acafb7b7b5bdc9b1b4
bcb6c1c5c0c3c2c4cbc8b7b4bec1bcb3
aabebab4ab9cc0c2c4c2b8bcc3d1cfbb
a8a8a7afb0a5abafb5aeb2a99f96abae
b5b8a8adc8c0afb4b1aca6a7a6bdd2b7
caabb5b5c6ddb7b7babea6aaa8a8abb3
acaeabb4abb8ab9fa3afa8a2cacfd2d6
98989a9baaaf9f9da5aa8fa3a3a2a6af
b2aeb1a8a0a2aaccc8c2c0aeaca0a19a
a5a1aeb2b4b8b0a69e92969fb5b3a8ba
807a86858a8886888a917c8b929c8d8e
585c6462605e60636d6264706d717581
5d5a565756565455575856536d726256
51585c5e616369685a5e61616360545b
5f6f665d56625f5b49464a5757545957
6e596360706a6d6c73737a757875696b
63616e7b8285798789866c5b7c755e6b
7a7d7e80787f8582838587756e696463
8b7f766c605e5e5f8584899387837e73
9a949da69f969fa59b96958b79969396
b2b4ab9c9e9b9e9ea6a6a4a6919eaaa7
a4a49599999c9895a59a9d9c9899919b
9ea3909999a4a3a3a39e9a9797a7b0aa
979da7aba5adada8a8a09c938c718f98
9b9891908f8e8e91948c929992868a96
6e755e787b7f86898da0b1a698899a99
63615f5f5f3f6aa3928b7d776c625b6d
64615f7784908377728680808b9a799a
4f5c5e656c8679a3a499979692888180
6864615a55535a615e5e5a53545c7178
3c3936343b3638384d475454617a7468
abb0aeaba0b3b0a8a5a08f8278aca05a
acaeaca7b5b4adacb59fabb2b2b3a8a4
b0aca6acb0b3baacaeaba4aaa1aca6a7
b1b9b8b8b09db5b7c6cdcacbbcaeb5b5
a7aba8a3a8adacb5afb1ada998aaaaad
c7bba9abb2b7aab0aba6a4acada6c1b4
c2a6a0b1d6cfb6b5b1b79f9ea5a5acba
b3b7b9a0aaaaa3a4b1b5c5c5c8c3c9ca
929c96bdafafaca2a2a2a3abaeaab1b3
b3a6abb3a1a6aab1c6bbacb2aaa3a19d
999ba6a6a3b09d8a85878c80cbbbbba9
7e7f7d8c948e828a8e8c88808a8f9987
63656869676764646d64736e6e757c80
625c5859585957545751667058885e60
58595857596b66605e5f60646b625b65
7d79726e706663615e5b55544e5c565a
5b6369627971756e8587908080816e79
6d707d848f908e91908c7c669483807e
83805a60636d918f8179746e6566676f
8a8487797065708188918f8d8b888685
a09e8c8e91969fb09fa2a0978e94a396
b9b2a4a3999493998f8c8f928e928f8d
9f9f9b9a9999979395918b8e96969798
a59c95929194959ca2a2948ea1a6aeaa
8c898ca8aeafa9758fa1a09d8e899491
979b8a8f9295969b95909d96948d909a
7f815e7c8284898c8b9b9c8b90939596
635f636464648b8e867a827f725c5771
5b6c757c8c9a8c7a897b817a8f826161
7278848a928c8f98989a8ea19e928883
6760616a64594e526061615d5d6a7d77
3e393e383739383d524f536478888479
a3a9a8a09accc09f969a948f818e5d4b
a2a1aaa89b9fa7a7a79ba5a49ba3a7a5
aa90a3b2aab4aab0aaa7b0aca09698a0
b7c5cdc1afa5a4a8c8ceb6bc9f98afa9
b7b2aaaba3a2acafa9b4aca8afb2b0b0
b2a7afa39fa0a0a4aa9fa7b1a1a4b3a6
b2a5a5bbd3bdaca8a8a89d8ea2a8adb8
a7ae9b97989a9899b2cbceb9b1c0c3c4
999ca6b3a8aaa3a2a4a6acad9fa7b5b5
b6a4a7aac0a29da6b0bbb3aaa7a5a69b
9aa9b0b5a89b92948c81a5a594c5bda9
857e878ca18b828d958a7f838e91908a
6c7556554e7a7b716b5e5e6d6c757d80
64686c6d605a61625d5e5a5d66616568
625c666973715d5f5e7075706b625d61
74726c8f948f7b6b606166625a635b60
77737581848b8289858b998e8a89837c
7c7e7f889f9e96ad919296a1968b877e
8c755d5e636c93918781726b696f7a7b
9798877d796f6264848e8e8a828d9291
9a989094959ca6afa99fa5a68e92a298
859c9e978f8a8882989d928396887c7b
9e74798097928c8e958f8787858b8278
848d928f938a8f9384958f9da098978e
877d889eb2afa7a2a6a7a1948485a18f
a09a8e8f959ba1a599959ca99d989492
847b78678b8b8b9f928589888b908598
565365686a7e8e808780847b78687b84
6e7d817775788b868a8a858a84756a68
707da49f9d989a999196a0a39b9e968d
706b7b73736c6d866c6267795e6b6165
3b363337373d3b415442627e7e857e77
a8aaa19db4be9d9da9ad9e7e79736153
9fa3a6a0abab919da2a09e9da2a4a6a9
8ea2a3a5aba5a1a3a5a8abaaa19a8e9b
b19f999ca09ca5a6adaeaaa8a8a9aba4
aca1a2a09ba0b0a39998b2b3acadacaf
a49f94a4a3a1a0a2a1a898a1a0a7aaa5
aeb0a9c4a09c9f9fa3a39f9f9da0a4a4
989da097aba2979ba4b1b4b4bcc9c8c0
a596929cbdb39cc092a6a3b2aab4ae98
aca5aeb9b5a39195aeb5a4a1a6b9a2a4
a2b1acbda995a3a5a47d91a5acb2a9a2
878f92a17f998c878d827e8271807876
73665b59807c736d6963696c686e7583
6b6b746762666c6b6a645d5d65696e71
677d83837e74717174736e6769666a67
877e719894977c7d6f7b7e5a56636262
7f797a8385818587868c968f91979494
807d7777a2aeb39d959296a2968c7786
767065616b7e8a8e8d8c8278766d8180
b3a695888678807c81868b8e90a88570
909aa2a4a5abafb8a9969995949ca0a8
717274837b79909eafa3999a92756a6b
775e5d727877728f9088898c88827b69
6daaa4977f898f87888889898b918589
807c84acb5aeaaa799ad9f7f748f9ba1
a29b8d90959894959e9c9e9c9c97918c
878671678c8c8c8c8a7e798f8e8a8483
5b5a5e6a6d7a74848c97817c7c7d8887
7973777a807c6c8e908965836c676e5f
6d7085909a9b9b8878919f9c8da08b7f
827b7d7f7d8a8d846866696c73756d6d
3e62733f42333b403c39558886878686
a59f998f868f88878c9890847b7f5f57
998fa79b99908e8c9f979ea29f9fa3a2
8e979ea4a49d9fa9afaca7a39d9f9697
a4a69d9596a2b1b39890a4b3a6a7a7a0
999ca4a3ae9e9d99ae9cb2afa696a0ac
7b736e7c999b999d8ea1989c9aa99c97
b2b1b986888d9598979a9fa0a0a3828d
85888d8c8fa6a794a3a4bdbdb8a7aea6
88868287969aa1909598949f988f8380
939c9fb59b928c9295909297afb08880
6cb0b5a99e9bb8abb8bea5aca7a4abaa
8a909a998c7f7c8a8983828282807769
726a6a717176666e6c6765717d726279
6d6a748d8f62666661585a5d5e686970
70868f8f8d888687848c897d7c7c6f74
a3988b8e888a827580888b637c6c6a69
7970707b86878888808a9893969fa196
8d816e74aaa9a39da5a194968d7c898a
7f84777a7e8f98a09a8d96887f7c7e80
b4b4aa998c898a7f7a9a9fa28da69783
87929fa7a7a5afb0a99f93969da5a2ab
6160606f6c8394a9ae9d8c8b7b5c5256
7378757887828a5f887c777183746b68
7a93a8989b9d887d8282848396887b7c
8095a0b4b2b1ad897b98a092a99ca171
928f8790969893979a9b9292909a9a93
88877167717575756e62878d97837a8e
5f5e5e6f70758488937d7d8e8d7b7c7c
867d7b796c728b90978d7364626a7671
696d64828d8f978e7c71999ea29a857e
868180747a8a847a7f745f6877777473
486678653a33393e3e37617e7e7b8483
958a848e6f64626c7f87888577726743
968ca0a39c8d8a7f92989c96969da094
83859391938b8e9faf85948e98a59f8d
9b869a98a07a808b9791929d9f9f9d9b
8aad8a919196908d9ca2aba59b7d93a6
8981798ea9a48c827e89848e91888e8b
8fa07c7c849187888d9292919cb29e90
a1a47d90a7959c9495a1a4abaa78839e
837f7876768a83828e9388806b6b6d8c
9791978c8e928b8d817c8c8c9d9d8178
7090ae9c9ea5a9a8838cb9ada8b68f98
6b66a08b827c7d8b90898482817d6d5f
6e65666c67666d6e6b686e736e66576e
6d68707c7d6462555c5659636c625b6a
696464646366697f886e9a958c776c74
a49b98978b88897a78748769a1797865
786f707a828587858a8b96919ca39dac
96939799a1b09b9e9c91919287888889
807d81899b8670aa8e869186867b7a8f
b3897b837f7a948986afb0a1968aac78
aca59a9f9d9696989e9492949da6a1a8
5c5f606368613f9c83897c59343e3c45
62535c68667c7a738385796972675c5a
b8b8baafb4a27c73837f5d578184645a
9586a0adaea69c938a97858ba695a6a9
6654525e8f7e77939299918c7e7fa0a7
60697760676767675d849da38d837f82
6e675d6f626a828a8a756c988d758383
696467656265856c7e70697076767671
696b888d916b907387838e969e96847e
7e897a717a897c766f685b6b6c6b8b6e
5e6c5a4a2f31383640656b6b74767e86
88878b8f91979d6b7a74717066685e48
738797928e868ca98c99989a9d98948f
80939a92a39c9790959986959084889e
97909162817c7a76748086a39995947f
8aa57b82777a797d7d689084865e8ba9
8a8c8c817076897e7f7f7d7c847f7883
8c909a757655544b61807f848e948f89
939f92877d83979da398aea8a6a27f90
777965656e73768ba096867161638488
8a8787847e708b858d8c768985867b76
77849e92939aa1a6849c908f9da18686
3a3c7f7f5c7e818a7f6b7876747c6d68
6a62706464626b5a6b7073747567554d
747375797565645765586a60625f5a64
67686462605e66686a83728e8f7d6f73
83839d928a947a7c78797b7b7d736764
6c817982797c80838ba49a8984888d83
908e9a959f9e89939297919886767b78
797e7e9c927c6f91989f8d7f7d797786
80756669727797908b9ca0868f828f78
9ea6979a90a6aca59e9b7b5c8b939395
4e4f4e525250483c6971653b2826333d
3f465254425b6f696a584b6158585b59
b0a5a8a6a363706470694f4d3c7b5b4d
796f5d6c9f9691938d8d768a8c7b89a5
4c4131418e6b428c8c858c989c78adaa
4e59688474675b697f8e56535e5f6b5f
655176786a6e8296867e9aa486665c60
44434b5f597e7e73735e56777c727187
4f627f89524e3f3a394b464b5e574e3b
729485878166877874747b4d5a70544f
726f533e33292a3849474e6976768e90
87888487919a9966697667654f514e42
4d72978e7683847b7d928e8e87848186
7b879ea59b9488838a666a79888d8266
826c648a9089889097867d7e8d918571
918b9674657072716a6b606b4c4c8ba6
87877c716383737471726e747783878b
8589937f43444b40746f6f747e878783
74756f625d58738784929e9e9497888c
3f4349687579949c9992697371797d81
8981837f827e69525851817f807b5047
6b698b81949d9073809fae9daaa1999f
7c7e74817e7d6985876a6a6e807f7a73
64685050626d6877696f766e7952484b
7f817e83756f6d6f515c7165555e5b5a
6d696567687d6977808173767a797f81
999a8f7783856e73616b767b7277746a
7d77787777767889918b8793908d6f8c
9597895f959c908f8f91929477757674
7875755b4d4381998b86827a7a768380
939b9d9ba0a4ad918a878a857a7e6d75
948f8784828174788885594a616e5d91
473c3c3d42423f3e36393b352b322f34
4a4945444543545b5951565049505352
598e7f5457646156545251452c5b4144
72654a3daa918d8b8081888a826f918e
3f37486a867e7a7e59595a918c5da793
64594c606f644b3d58716b5b54595b4d
396a5f4e526461459aa0a2a3876c5562
31365a676e4a6c8347687e797e765b54
465861442e3130332d312a2126202c2d
74637e6e76636c5b6464474a4a393b39
724935302f302b394d4e525758597d75
86847b74877e6b7d5575635a4949494b
365c62545d6a8437637a7c7774779a8a
6559656762615448554d55716e6f664c
726766676e6f7b797a6b64747b818273
807065544b5e495947623c2c20577274
7c6d50786c767c655c5b5d6168778387
8070685852757b838956575d5e726671
5d6a594d545c6869707880836f6e7b89
70716b696c73488483786d695e636964
837a777d6e835a5f3e3d758d75564164
577b7e7b767a746e78868c898fa2a394
797673777c7f66727464816d6e736161
5d6f785450625a5a5c616868554e5060
7a7c6f6c65696973675a66615e566559
5e5f646270736c8168717a7c797b7972
798c9775748c6e62696751766676766b
776d6d6d6870647d9192867c756c8988
7381735d8f87775b5d728372726e706d
786f64636e80928f806e7479756e656f
919493929daeacaf8a7971767a7e4e42
84767d979bbb52627e585b5947424a87
46433d43433b3a383838363438372d2e
383144464c504d4e4c4b4a414245494b
40615250464d4f404a4e47373d42293a
6b7375886063475252687059544b4246
4a4e5862674d5f3a3045606a5c828d70
42454f57456047252f4e5958504a403a
514c524d444e393d5d6d98718b62604b
2a29797379807d895068757868545449
3f2b3046484e524e514c3e4a39362e2f
6667646160514f5b53463f413c4a424a
43393b352d2b3739424a4259736e6b66
877773767861635960594b5d48625443
41505b61667770677d7477655e757b8a
59594c47445e4360585a58555b525248
5a5d5950534d3c383a3b3d404e555a58
6d584f3b2e312b282447494a3330435d
7e72686865776e555a603d485d70807f
57384c444a5263737343494840486064
5a70794e495a6054505b60545c78756a
556b68644738435864554b5754535155
6c645f6060574f4739495e617b783f3f
68766f6a4a515c677a7e79737378827c
606972847d746a706163656d776d6a7b
5d4c3d3c47483d324b4f60585a4a4c67
6a69665e3f4857606e4c564e58636c5c
51555861726a5c5f5d6d82867573686a
7065666b655d605c5d596b626778735e
6b645b5f6d746b625a5e574d5e65686d
716f4b458475645b515e54636670706d
4e393e4a6b757f745e7975725d434158
787e7c746349698a806953423c505c66
6b6865717e6f6366533e383541486072
3d343b343d3936343638373439372a2a
373d41403e3d3b3534373b313737383c
34624242433f3b3a39323f3636382a33
7c715f363a3e4b5149201d1e3b3c3730
37362f253640443f495d646366817b69
393b413e3d342c293834363f46412e35
312f43364e2d393d3b4b67683636242d
55447745343c5b523c385c583b454b34
4a4c524d51504c3a4240435b53424246
61686147586b424544413f41724a4043
60343b373532383d4340384b5250525a
7d4b54756d4d525045363b3d5a6b3e3d
3e36424b54716e766052695797757d81
4d5049323f3f264e656d6758475c4447
59605b5951493a3332343459696a3c55
50443f312c2d3126445b5b4535302e31
52464b4a505750484c40383c415a6760
453d615c594141413b312e2e2b414f50
657387746969646a767b524a51654f48
3452554539313636484b473f40454e59
44524b42575a445f3f3f4c62776a6054
5e5b4852383c3d4b62515555636e7670
525d646b6b68686152535f575e5f5956
68443a4346412b30434a57493b444154
7c726152494e6d706c725e5d57485151
5c5d605c6e635c535860576c5b676270
5d5b6b62735b524e565c535f5d706b5a
5f51525e60525c415e635e645a5e5a57
68665d52392d2d596e825a607e87847d
713347626d78787564836e714f403d5e
8a81595c6a569178766c746265646767
5e5b5a5a69685f5d553c473a45536c7a
2e343b3b3b3832363533321d38352a2a
3b3935343231302f3443433430333739
3b3b3d3a373f40292b2b2e3234343637
8f2c5a3334382e3f343736313a343332
384049495b5c524c4c515e647f78742f
333336393532322e2e2d333b3e3a3839
3836383d3b3a3b373c3a3837342d3533
45383a2e4431313b4a4a4542352b2f32
484848363635383b3f3130313536474d
5c433e475a633336393e41564e4d4a46
5334363733333638353a465850593d4b
657277625d686f5f644933353b453e41
3d3a40383f604f5a594b66768f9f9b78
454142433f483c3a4354516b3629272b
6b6e7474726a392f2f2b32464d4c5146
38493d34342527245153473437372f34
442f49514549524f455b55444c6a5247
4d4853663b333a445a573c3e414c4345
6c6d6158565860544e40373a46504349
433f3f38353539494b534c4a4760425b
3c45464545473f38343d4643514d4d49
4c483d3833343b4a65624a5055505746
4349586160485c433d3c48544b3d3c47
4b403a3d403f39343c4349404d3e3653
746166655b476e566265636054584864
545954565a6563644e4b4546524c4b70
57585c576b7b5f5153575e6463616a56
4a453f54556145504f5d62655c575855
847a6f6c5442679a9d8559636967675a
6f484b56756e5c674f4750534b3d445f
846564706f4a6f6a71665c636964676a
7c86795e6b6b6c6d5b5f4f685a6a6e61
3435373a383737363637373737342727
3c373534373735343027263635353434
2330463f3b322b2d2f3a353438323238
3333333634312c302b2c2c3434212b2d
393e424354493f332f2a535e6d5d2e34
3536363637374047443f393837373636
3a3733353d3a373c3d3c383738303836
2a4b5457493f3b3a2f2e2f2b30313534
4c35393632323f2a272a2c363f3c4035
444e4b424f3b36384b4d40565a534141
4e463932333336383338425054473c39
555462405061624b45584f5d42613c46
383838364354443e3136556f757c765f
5f4e49443e3f4354594943343c363438
71767e837f6d585242343a48545c5c54
294a3e374141503537393c4749412f64
51404f443f433f3d393a3c435a5a3428
45636c43443d4350675f3c76444a4649
67644b3f4551585c59424d50484a4a4d
453a383b4f565958503a4c44555c5064
4a3d3c3c3b3a3736323b4047535b5358
524b43383d5c66585f594b3d4e435252
4e37444a5458544861474d463939394c
3a2f3b48473e3d464d544f534f3a3338
4a506c6b5e5d54645b75756652404a4a
6165596d676f5a63585f5b51505a5a4c
676c655eb3a98a7e79777a847d6c644f
4f4c4b53565856494e545a5c5e5c6468
5d65676a6161745249534c4e5b516f68
716b617d6b6350515c575252494e5756
61816162615466766e515259595b5754
a0957e62747475767473858b585f6369
34343637373736363735353637322828
3f413f3d3a363431322f2c3435343435
383e453c3b36333f4a3936353931323b
312d313632302f2f2c2b2d3a3327312e
383e3b393d3b39332f2f303035333431
3c3c3c3c3938323c3f3b384044363634
2f3435373c3b3f42413e3c393737393c
4e5c615b423e373430333735373c3e3d
413c3f34373836322a2e313334373c3f
4255424d50383a444445475b415a5b47
3c3a303230333534332d415355473e4f
4b523f2f3d3e3f4b6d722d3c435a3b42
353e413a39313b3628314e60604d3f41
66625f5446494f545c46423b3b38352d
598493958e2e2d44344539554c676f6c
5c4c565b5956524b5d36454644353745
313d4e51535d3a535e59594d65575345
4549785248615c57645e3b3d3a434e44
615e544644494f513c393a39443d4537
3b3d4056595d5f5b52484e3c54595b60
49393033373a3e40424b4b45464e654f
4b4f56613b706e514944373643374e4f
4759756c546856625c494048493a4147
3a3a3c403d3d4857625d5352423c334a
50544c8073705f646b74796f66524941
8c7d837a79745a686462664d555a575d
797c8aacbdb79c8f979ba0a980776460
5353565b6061574667625f686a6a7175
4a7b847d6f654f4f4f4e56676a59554b
7a6b767b695e677776746369716e5350
5c62615648716f82345c556071767669
818e7f7a66534a737272726b6e726365
32343534333741373737383532312626
3f2c30393a3836303333323736323737
3b3f42383b363a3b392f38363a30323d
3430313332333532322f313535343634
4445403d363431302f2e302e2f313233
40403f3c383c3f413e40433735343649
33373b4142444142403e3b3937383a3f
2e3335402725212129333630302f2f2e
504a414f433d3c3c3b38332f42383031
423f3d44383840464446485a505a332e
3d363130313228292e3753534d3e3342
2d3c6683484b4e865742393d494f3738
4748373535363432343b3f3f5744312e
6768635b5154585a3b3d58483d4f4741
5b8b9e956d32314b494944635e717c7f
37343d3e5b554f54506d5c564f4a535d
5248585b68696a6b64676c6679746947
48495b5555574d595c763c3643667163
5f53495052494b485e634e464d4c343e
3a3e3c4a52645e605e5059424442575b
3d312e36635b465e4f3460554d4e5450
3c4d392b3c6e6e64574a464e5255474c
6e6c6b65626a6f534b484f565d563e35
3d3c383d444345625f545d5c4d444c45
6366828d8b6f7d817f6f64636347413f
aa9b9c86746e7178766f5b565b595c5b
9095887b5a544b4aa2a6ab4ea081786a
6a6f76777673636b716a737d75787f85
3d859182797472655f576c6d67555754
6e6b717d7165799a8a77677374764f46
596d858d81a39d8d7f827c8486878f8d
9eaa898a6f4a556b7a7383878181806e
353433302f393d403536383735302727
392e2e3b3738373734333737363c463d
3040403c3230323c363538373a33333f
342c332a31404037312d3039372f3731
413d3836343332373430312f33363433
373439413838373c3e3c3d433e393d44
38434646464543403f40404042373b39
36372d33362a2f2f313336372b2d2e2c
334546483542402e2d2d303033393836
39373a3838393a3e444343413446312c
3233323333302a35383c4038373a3a3b
4e4b474146463d383538353132333a37
575646413a363736333d3d302e324154
836e6565574e52544f4e57344e5c5957
5d3a476a706a6644475676816e807f86
3b375f72775b606f5d937b6e635b6172
6c67747f977e7c75727a7f848568604f
63615e745c585b6b7e787481825b5669
515048505d625f697866637474573a68
4a35353e4a61726667545f3c3e5b5c53
44586066676768645a4e3d3e6c615653
444236365165695c344150536e6c5a4f
605e5654635d7a60583d3b4c483b5249
4344454345495e695670636e5e6e6153
6a7d9b978679847f796a6e6b6156554a
8188827d788383837f786c646957596c
70888b85766c686874757f7eac978672
7a7a7b7e858074718684897d82888ca1
908882819c958c8c8c81796f6d737878
807d828b7b88a7a080878a9499958384
7e98a49e949fa7a29e769b979e999e9d
afad918b9890898ca390988f96999279
352b2c35393835333235363939362928
342e2f3b393938352c28383738364f3d
39472e3e3b333c3d363437373a3a3d3e
3835373839423433332f2c2d32313030
3937383939363c3c3a35333130313130
3d3a3b4a3f3838393d3d3e4e4841513b
3e3e403f3e4a4444413c39393c383e3d
383a39393d414e56575953443f3d3038
3b3a3e414545423b36383431403b3937
393a403d4e3e444340444245313c373d
323333333433333a3d3d393533363a3a
5345474c6141403a3638373534313532
5556544c4d4d55685d5d53463c2d5b56
79696f615a52575b5c4a5c636b69665a
5d47505b57695c6063638786848b8b88
5265826f61616f6c989e8f8473695f61
415a6792a19f925e7a82909681796d5f
776e616675726280988a837a565a6075
484c555f4e4c59744d6a755a79738881
383e454e5a6064595c6264463f604d4f
55575a6870736c665d5a436d706a594a
5d6d737f7d796f6e454e606a7e80695c
6e67524c517a7a685e4342434c3e6063
484b4948426f49495a66797d7d79555f
788a9d8a88867c79827b7875665a594c
8d9d8e858287857f817c6f5d74554a74
8f989a958f9191979a9ca9aba487837e
6c70838282816d83898aa3908f788183
8e908f8c88877c7a89857d7b8c80807c
919699949aa1a5a49195918c7ca7a39c
9f9dacb2a7a5ac968da1a4ada79f9d8f
bbc3be9c9ba0a68aa3957f8358a8b188
3a322f2e3f3736373439393c4d3b2727
313d43463e47495153493e3840335939
372e3e3935363f32353132393c3f282a
353e46413f3f3839373b3b3f3c3c413e
4d394a4a3b3e443e3d3b3839403c3637
494d59554b423b3d47575e59524a5555
4748424141404642443e40393d3f4246
3e413e3f463e36333a3d403d373d4d46
38333d36374544413934393436393a39
3f3f4041484c5051484747463b3f3a37
2633343434353832313334323f3c3c3c
4c48493433444d3d3835292d362f3331
5f5f5d57555b6c73716e664a5c5c594a
7d63515b515657465e5c5b6e646d5f59
696864685c7775747986919393988d7f
696a8595938e7662999a938c877c7171
566574748ba8a08b8889938d8782796d
7a747888848893937e7976796f757362
565a5e6a62545e6d638b8d8d8e899169
3f5263676b6e687175725e37625e5555
6c686d727a776a635b4d4c72716b453b
556576747875746461656d708885616b
849277755b564d47454f4645476e7175
524748533e414e50586f757a7362626c
8193a3a0958e869a7e8e8a82665c6d50
97908c85847f827c79707464645e5f74
9eabb6b8b4aba9aeadacaeb595979086
8991948e7c817c928b909c9d9e9d8b90
9e9d98949192918d88878a8e8f888d74
8a969f93b2b0b2aa9caaaba2a18f9da2
a6a0b7b2a9af9e9ba0a8b0ac9f9d989e
bdc4beb4a9a7a8988e8082919e998489
39382829403b3c3e3b393a315c44262a
393f4951595551615c575d5e616a583f
404c4a48403f373d3a36373a4245382d
2e3438484c4c4b4e4d3a393b40405047
3b4853424044463f413e3e434d573834
4a4967676155444b51676763533f3c5a
4d4a4643463e4f5e5151413a49474d4a
554a3f4145423f40474948493f545243
3f4140393e373344373442403f404f55
433e3e41483e3f4b504e504c3e3c3c40
26343535363531353030353944463c3d
5246413d3c3c40413732323434302b2c
68635d54595b676d6867604e514f5868
704a4a57555b5d585959626a6c655c6f
6c646c625f638b8c858e92969672928f
7a7e858d8b69766f72718b8e8e8f8f84
8a8d9098a19d9a989ca19590908a7f7e
87797d83808c908d827f8b898c7a8690
58676f6f6a69616d68687c8f8c88908e
50656c6474744e3c7b698a8962585d63
77777776777a726d6a6e757671665a4d
88817e7b7a706b715886786e7980556d
84949a9980796c656774696b647f8887
535d56473e484f5669737d8470687069
8599aca69d907c9793958f78706f6049
9888918e9192928b7a757a666a6b6c7b
adb6beb5afa3aaaba8aaa79e9f98958f
849d9c9687898b8f9597a1a3a39e9da8
a7a49e96a095a89a93949393959a8783
9c95979da1a3b0ab9891908f8ea3a6a7
b7bdb4b1adaaa5a19da1adafa39ba4a3
bcb6a9a2a2adac9f996c528f9a95a998
403a393936363f4241414246504a2c2c
414f53525248484a514b4b4956606962
586c624a48443d42463838413f394643
4449474e51494b453a4d3c3e4950554b
474345494242514a47494a4b49573739
6472706d685452565e60605d5454584d
4151464643494f533b4640403c555959
65414b4b5e38263954455d593d4b4f54
3d3f3d3b393d403e44474a46464a4051
45473c4442423c4a4b494c4d3c393c3b
2f2830333436363734383c4140454848
544d483d37363737393429282425242e
6c6663595561676361605b534e4e5b58
5c565e67585b58646a747159595f6c75
807a7064625e528e9d95937b7e747367
87888a8d8e887e7f7b7b94969b9e9e8d
939394969a959a9e9b989b9b97888985
666f77798289908d8583808c8c7f939a
72647a76737270767756849090857a6c
63727c6b646c7f89867d796d6666656a
797a7b7b7b79737572737e66606a6c6a
7c81898d7970727b9a8d8270777c7574
83959c9c958a7b84858384828287968c
514a61574f484f52866e8f93717b7a5e
8daabcada19d9b8e848e9174775c5f59
9583929193989c8a8186807d757d8678
afbec8c4b4adabafaea9a6a6adaea398
9292a7a298938a8894999aa5a49da6aa
a5aca69c97a0a2949e9f9e9e8a928b8b
9e9298a0a4adaaa697908d92a4aba8a9
b9b6b2b0a8a5a4a8a8a8adada8a2a6a7
afa99d9caaa7a6a3a0775b9f9da9acac
484546484b444f55565655585250302c
5054575a58475d62685a6d786f6e7044
5e624d4549474143443c3f3a4749484a
514c45495b4b4d4b3c4c45444c4f5854
564d474a3f44504e484a4852644f2d36
747b77746f685f6264655e5c5c5b5451
4e65665649343a4a494c4f50585e6466
5351585850515e414551564a4545434b
393b39383a423e3b454b504e4c454956
4f4b4b4541393b443a3a3f43393c3738
25272b3335373734302a303253554f50
524d46393a36303939342e2825252925
69686256555f555c4b4b3a4f514e4b52
72648e5956565a58585a6e674e50697c
9891826f655f5e658f8d8a796a6b695c
8f84858f8e8c838a828694989da0a39d
8e8f8b959291959d9991989b92909189
78787a855683898a8991909d99867c89
79667f7072756f72787d838c8a857f7f
746c5e577f8e83958a847c7c79696c70
7c7e7f817e78686976706e7176817075
8a8886867c73758b918b8880807e7c8c
80a4aaac9683767c83858482897f9561
4e4d58535b6c5c7d73979d767a847e77
a1a8a09b9fa19eafaa838a7e78605c52
95959a958687898d938d8381817e8994
b4c4cfcabbb4adaeada6abafb7b3a9a0
9ea3a7a5998c85858f999ea4adaabcaa
9ea4a09e9798a1a3a4a5a39f9b8c669c
a69da0aba9b3aea294a49ca7ababa7a9
b5b1a8aaa4a59ea5a9a8aba5aba9a8a9
aeaba2a29f9fa9a9adaea7a3b1b3adab
4e52515159534d4b4c616c69634f3430
4456564d485c63635f5d7a756a6a5645
6e464144554b423b4c4c4e4d443d4847
56504c524c454342463d3c4651505161
47483d4641464b484e5b584d513d3e4f
7e7d486473706a66625b524559595858
6d744b4547325145403b396369695558
75696260656e665d5f68484b3f386265
393938393737383a484e4f5343505455
5d584f44403b3f43343a474341363737
343b353336383a3a2d3d434f5a5c395d
4d4943382b36353638332c2826272b24
8458614950514f4d3d4645484a473a3d
7585996b4f4e4e4d5565755b49485f64
738583706a707d8c8d80757d736b6a84
8f84818a8f94979190888a988a8b8c73
8d8e8c7796999d9491918a8893918f8d
807e82838a8d7d7c7f919296927d7a8a
83817b7a797c7c817b7a868c8a808183
8172739094966f797f75745458697883
88898e89897e7c797a7370797f799186
8c83867b82797b84848b897d87848285
94a59d9b9b98918e8e8d848193a29d8a
5d66604c6b7461718697946f6d7f817b
abafaaa7a7a5a1a497969290725b6051
9aaba9a5a0a0a19f9b948b847d818a98
c1c6c5c2b5b2abaaaaa7a5a4aeaba497
a7aaa3a4a3a393818a9aa1aa91b5b7bb
9eaba29a9596a3a4aaa9a59599989ba5
a5a1a4b0a9a7a296a7a1a3a9a7a5a3a1
b4b3a9a7a3a19a94a7a4a3aaa8abb1a5
b5b1b0aca2a7b3b4b4b3adaebebbb1b3
5d5f5f5e686c6a5e50536743684a3938
45464c454565725e6161516162624e58
5b464a4c5e534c4d53535450433f4846
515c4e524e544d464b46424e524c446d
514d505250484c484a47515a5e565662
61606379745c585744514d445d5c6057
716146523e40454c4741565f7353575f
6e65676c7f89847d828f8548384b5254
575e373839393c4256595a574a5b5e75
615b4d564f42404a383e3a3b3939382d
5040362b24323c474a48414f57403966
4c47412a30373736352928263334353e
5347494b4f53473e403f3e414a374a38
7d6c5b5d525c61484d55574e48484a57
876a69877b5e697985796666787c7164
8085818d989396888b8a8b8574787877
8f919395989395908b877e7e7e948e84
7c8885868c838b887d7e88837d7d7d87
857b7c707a82817f7c848d8b928f8785
7b858291909373727a77725762738888
8687888a89857e79787a7a7a80858d8a
8c848180776f86ac9783878c8988858b
a17f919ca3919389818d9aaeb6b08381
6a706e6d786864878c8c89926e78848e
acb0acadaba09ea598929585595d655e
a2a48e8888828197a0978b92878f8793
c1c8c9c1beb3b3b2aea8a5a5b1b6a591
9ea1a09f9d9da28f94a1a3988c92a0ae
a2ad9b92899ba5a3949496939292a0a0
a492a6b0aab2af9ca4a5a5a7a9a4a2a2
b3b0aaa6a09b918ea9a9acaba4a1a1a5
b7a2a4acaeaeb4b8b8b5b1b6b4b8b3b3
35436e707071706a577e7e696b513d3f
4d4d525758627468696b5d5c55505857
423f426d676163645661645b42433a47
6f5c545d544a445e5d555f5d57504846
4b514e4950484a5d4c506454796b606d
6b66677a6d665640393d5063756e4b48
2a6c6e5e505454585b64647a7e6c7e7b
757c787c7b807e8c96944842555a4b2b
473a4431393748506268635b63716e6c
5d5c50574e4743383a423b3e363b4348
6c39363338454a525551434a4947436f
4b35393a3936372c3c39383a44484553
464b475248495348453d3446443e5353
665c5b5a5d58494745565a5d553e4f65
84747a7c6660607f7d66565f6374625c
767784767a7a74697089858a7c706c71
909795918292918e877a777c867e7e82
8a8c8b84857e8c88887c7e807d7f868c
7b767474817c7b7d7c807f7c7773847b
7b89737b787577807f81756a79787c7f
888a8b87837f82787a7a848f95938a7c
85857f7c838a8c8b8688958e7f7e828b
8d908f968f9a8483839a9faeac9e9384
60716b5c806d6b686575796d6c747f84
9db0aba8a1a1a2a3a09b9b816b686b60
a29b8a8a827d858c8c8685929682858b
cabac4c2bdb0a8afa9a2a09d9b9fa6a0
a4a4a29e9c9da09ca7a4a3a2a0a7afb1
aca39b929c9fa29e9e9c8c8292a39e9b
a9aaaaadaea3b1a69fa2989ea4a3a2aa
a4a79d9e9791869c8da9abacb9a5acaf
aeabababaeb3b4aca5a1afadb0aeaab1
38476c7368665d64548386786a594649
5b61635e62606c5f6268776f675a4e36
504d5464736c6f646674685d4a443a49
605c5d595f60666b6f6c66685d535753
4e575a625b555153514d4f4d85766b6f
7e6c9d7f6a69564b575b646f7d735e52
63707150545c676b6d7a899887718180
858b8383898c89816577437f745a455a
4d413c3e3e3c406b7c817b767f7b7370
64676c574b413e3e393b363c3630434b
2e563e47545b615d5a586465584d6b6d
5149443940413f40343d4741594a4a50
534d4a50525a4b3d48393b45373b615d
40505f5c57514647494b565a585b595c
5958676f69677279736c746c64554b4e
7668626968696c737d8285816e705762
8e90958d8f8a887d736e73777c7a8175
878a8b877e73928c8076787a7a7d858c
797b7a7b827e72757a7781807a757b85
807e847c86817b858082808074737472
8a89898786797e767a8287928c907d7a
7f877f6f667882868a85805a677b838a
838c8b818e928c89929fa0a9988b8b93
626a6e7f806b6666656d6d6a6b717b84
95a1a09a969f9d9f9c929187787a6563
948c82817a7d7e8482877c8d8a8f8485
c5c8cac3c2beb8aeaa9fa29b8698a19f
a8a49fa0a1a2a19d9fafa9a5a8abb2b5
a9a4a09b908b8da1a29f928a9b9d9ea6
afafacacaeaeaeaaa6a09f9ea8a59cae
aba19995939d9a9aa4a5abb7bfada7af
b7b1adafb2b4b5b7b6b1b2afaeaeb0ad
6c4045486a6d645453524c5950535758
62726168594e6e6f726163777473716e
606d767d768378977a6e65605b4b495f
546061604f4d54677d7b756a585b5561
6c6d67676a645e5a58585e858a70756b
94935a6d6263595e4b4a4e838a887c73
7971666d867c848792979a8c837983a5
84827d85949a9474897e839691762b77
42454b374134324c67737682817e7b76
6d6b645b4b433a383639383e312a5a42
3e4056565d6b6a69696877796572756f
6660625d57544d4645474e5553413551
4e43404037393c45473f4c3a465e686b
405d544c5635464a52534e504f4d534f
32354a556469797f796a675f56514847
7072785d5e626b777f7c7e726048373e
88918a8b878c8a86797b7e7f7e78756e
868772847c7d8c856b69738c7b78868a
797b7e80848174757c7b757374748379
7c7d8083837e82847478746d6b6d7472
87868482827f7471787b7472707b857d
867c877f8e8578808a8d8985807f8385
777e817f8e8989838a989fa880827a81
5b64717d5d64676a678382777c7e8184
8f979894909c9b999996968b786f6a6f
7f7a88777c8a8274777b77868ba58484
c6c7c9c8c4c7cab3b1a59e94aba6809e
aca9a5a5a6a7a6a3afbfbfb6b1b1b7bc
959690828d80888b9185859f9da7a7ac
9da1a5abadb1a6a1a49e989aa7a4abad
9b9f8fa2a4a4a7a8aaabada4a6ada6a4
b2b1b1b2b2b2bcb2bbb2b0aeadacaba4
7266636d706a7472706e644e5d686565
616a696d5a7173777a7d7b847e80847c
567b7d7981859792706a7d686a6b5251
6f7270625655687b84807870626e6a64
7c737a787c7f7c74717186837e6d7e74
a8856b68646165574d595e8d91948e7f
707a74696e959da2a5aaa6a2a3b0bca4
827a8c969f9994946896999e95888780
6e53595e4d43445866606672737e8d8d
704a4745463e445e764f463a38556b7b
626b735674787378716f7877787b7974
5f5855706d6c6557545c635e5443665c
676342403e4666616050603c465d7569
4d504f474f5344425252544b44464d4d
373c884162586c6e776e6d6555655747
716d63615b6e6b7474737c6549393064
50726762838e8e837d787474757f7973
828077837d7d7a715a71798c84758260
736b6c76785485777d7b76746f777c82
8082827e7a7a82836b6d6c696a6a7276
808b7b7f7679766e727e817e67887b7e
79857c877f7f73828b677c837f838189
878c817e877f6f757d8b7972757a646c
63686c6f767574837f8374757681877f
97959893929195929696949882847a75
808182818b918380767a7f91a7a7a197
c4c6c4c9bdbbaeafa39b9c8aa3908d8d
acaea5a19da4a1a8b5b7bcada8b3bec7
a19492868c908d9a9a9b83a2a5aeaba9
a2a4a3aaa5a7a2a19f9a9697a0a7a7a4
9b9e8da9a8a7a8aaa8a0a4a7a8a9a1a1
b2bbb1b2b0aeaeaabdb4afaeada7afa6
847d7f867e767d7a7f7e71647272726c
635d727371757c8284828384838c8476
7c8886889294938a7586825f636e4b52
7b8483796f6c7e858b8b86847d7f7b80
7d7875979a9a98938f8f908b877e6570
b9a37e8a7bae61535d7591a0a0998c7b
6963647e7575818aafb1b5bbbebdbcbf
818794989896908d94986ba29b906258
626f6f696a6d6e6f74707a82887f9596
716a585a5654516464605a6271778457
6c5f546198988c83887c7d7774707476
716c73716460606868696a6456657972
7b72363c454b767d6d5f694659757372
454b45403e3a4e575f5248413e407b7a
8a418b6c76726d6b73726964586a5d48
60775f59604a54646c747f848240557f
5c60727b7d91848e7d75695e69778357
817d78788d836a5d5e6871778360705e
7b7b7372687777797d7979777875747e
80768086837b776b6763606a66607379
8f7d908a86836d726a6f7a6e83867a7f
7c828a8e84857c86898386837e858c8d
7e797b7d777268647a7c716f6e6b5967
6b5b6b7368717771706e6e7783817c7e
7590988d8f9ba3b08d909d788586897b
817f80828273737e7d7a7e9ca9a48d82
cfc8c7c4b5b0a5a19f95918d7c8f8589
aaa8a5a5a5a4b7c7bdb0bab6b4bbc3c8
a0979285828a929e99989aa8aaa3a8a8
a3a39fa0a3a3a2a29f979a9fa5a7aaa5
8d97959aa8a7a6a79e95989daca2a39d
c4c4b7b1abaeabadb7b5a7a8aa9ea69e
5c969390857b7c7c7f787c7070797d86
4f4a62604d5a77838387887b7272726a
8c8e7e83899667707287875f69828269
8d8d8f8f8f8d909394938e8c87838686
87777271a09c68696b9f9994947f768a
bdb8b8957e566a8e7e6f75858a909e93
72727c8fa0928cb3b6b4bac0c3c3c3c2
8e859595949b9375907ca0a29e716b86
7277797471798283847677787b84878b
648990675a63697278736b70715b4b61
5c616a78a1a0938f9081807e77746e61
7b56726a6571818b7a797684696e4356
6f5d3d414f5e785955534e6e737a7a79
54534b4f34364f686764433b3d518972
7f7d7c6d7576706e6d696865636f6451
62544d534e51606a7060726d57956264
5960686b73786c716b645e5446577069
77726c6369595d56636d736b687f675a
7f85837a71697c685553546c695b7172
7c818083807a6d67686c717563747d7f
8f8e90857c877d776d74798284857b81
7a71827c736b72767d7e8686968f8f8f
7e7c7a715d6d6d55677f917c6669676f
6f57564e526063626764707a8a807f7f
6666938692a8a68a89909074726a8d81
888278625d5f6b6c656c828c88838175
c6cec2c0b3a99c9396918d9f928f797f
a9a6a2a4a3a6adc7bfb9bfb0b1bcc7d2
a29a9c9292878488899fa6a8a5a2a6aa
a2a5a3a0a09fa7ad9d95a2a4abacadaa
a5a8aca79fa0a8a6a09c9a9da3a2a49d
c1aca7acacacb5b6b1aea5a2a098a0a6
918d90918c8a8d8a838c88817b7f7a7c
4d4e6e605c7f858b8e9589524d607487
89807c837e71636772716264779a998b
9a949495999f9e9e9e9895918e9d9591
92756b716e7072726f61979286738d96
c3c89a9b7c87858c9a9390999da3ab96
7d7f94a69d9a9a9bbbbac0c4c3c3c0c1
8b9497917474798d769699a1998a857d
7d7c7678747979777c88707b878c8c8a
99aaaa75847b88957d7b7574756d6e77
7d80786678707581868779877e7a7b81
8184857a73787a717169737474636e85
795f4e4684866874768086938677606f
68644b473f5662686d777e69855d8d8b
776d73686464664758686a6c6e6e7364
6c6459634b4b4c6b7375616553565e62
5b5b52545b554e544f5255543d416c66
736f686660574d4e717a7e767d8b5f5b
798282796467735947545e61685a7374
79726d7173757a696b67605b6c777671
716c73726b816d737478828281858681
6b7a897a7e7c848d83878c8b7d798179
7e7d7c70596e605053677a74686b645d
6f6c595a59515758676d7689778b7b7c
796b84858991878b88838c7c8470686a
6b716f536f6b66686b6b7e7c716b787e
c7c3cacad8dcd7b59aa5a89d917f766f
a4a4ada5a3a4abb7b6b1c3aaaab4c3c8
9c979e939188887e9ea19e979ba0a8a4
a7a8a8a39c9eadada7a4a4a4abadafab
b0b7b0acaaa8a7a6a3a0a4a8aaa1a5a0
96b1959498a1a5adb1a7a3a0999f9ba8
919293939392918087909497918a7f7a
7777846e758e8e918f8d85757b7e9091
88817d7d776962737e835f647f7e8790
9fa09fa2a9aeacaca7a49a9db3b1a495
937a7975767473746d757b78777c959c
b4c0c0b9a59f9daaab9b95858d9f9388
8991999597979b9c9ebbbdbdbdbdbca2
95979589817b808b8991a0a097908c84
8b797b777d7e8c8e99969f988e8d8a87
a2a79da19297a3a9908d87828082827c
768c8692878283858a84807d81797999
8a8e9088827852484e54818379687f5e
897f97775d60788b8e8d999e958b8588
706358565f6a746d7c736b6195898b86
596373727675713b416a686d717a7b6e
726b6867565767626b67635d4b475856
6459525067555161536552586466696e
6655565b5b5b606f734e3e8e955e5255
767f7f726d7577726f6b66636565666a
81766c7480796c6c7c72745d65896c68
63636a7f7d664e5c686a70717b817f87
6c7c938d99827f847d858a8b837d6b65
81635b60646361676574756b6d654d52
8c836f59614e585970686b7375847b7c
6c657278847f8e8d868f847d75726e6f
72746b70717067696972746d68797b76
bcc9cec9dfdfdd9d9a99826f74726e68
a3a5a3a69ea1a4aeaeb9afaba8adb8b9
97969d969091959a9ba4a09fa3a5a2a2
a2a7a9a59c9f9eaba8a59fa5a59a9a9c
aeb2afabaea8a7a7a7a9acaba7a3a1a4
959da299939a9da7b4afa5a3a29fa6a6
95999ca09c898c8b9097a4a5a3908382
778086898d93989a908b8e91824c9494
9094898b766f6c7d827b6d696e6c6a74
a2a3a5a5a7a8a8a8a69899909db2af99
8d8080817e7f7c7c8990938b8e989d9e
9995aaafae999a9aa7a7a3ada59c929b
8f939197979d9fa5b1a0bebfbbbcac9c
84807d769280868a8b8b737d8a8f989d
9a877f858b8484888d91999a9c9b9994
9294825dafafadaca8a29d97916c9098
7e7b6c998184888583808177817b798d
3c29202734312e383c3e3e36726d636e
9d95929989939da09d9c9e9e9a918750
68676a6b737871415c79715b93504d9c
47585f6a78827c82508f5f6d79817f64
686b787374786f6d6a6d655d5165645d
56595c5f5d45424e645a55525a606867
5944464e4f44737478665258674d4a53
6c757e8675796b636569777d7766615c
70786c727278757c898786898d666367
56768b9c6054474847465f7184897186
737c898e8883818181848a8189586d61
7e5e53626e68697172727f836a645260
766661696a6566726b746c7078707d85
5c636c77778089908d8f918b7c837568
7d7e7c7b7b76746c6e7471606d80736a
adbfbdb9bdad9c99918c87837a7a706d
b0a3a19e9fa0a3a0a0aba9aaa7cfe2af
a7958c8f8fa59c959aa6a8a1a2a2a3a2
a6a6a3a39c9e9e9ca8aa9d9b9f9397ac
abaeb0aa9da7a6a6a7acaea9adaba6aa
959e9f9d9da19fa9aeaea6a4a0a0a5a6
9a999ba0959a8c95a09d99a29b8f8885
76859391969095998f9194919693989a
879b9c9183868a84777c7a75747d997c
8f8389999ba5a5a49a9c969d9faba58d
9482697c84838498868b949897988b96
9896938d8680a5a7aeafa3b7a9a29f9c
9596999b9da3a9abb3a8bcb7c1baa499
8986857f988a8d96938b7f828394958e
87837984858a8f7e848e93968e99979a
826c6d89768da3a4a4a29d98928e9289
858e9796939189898782827992847f80
463c38395c626874878d8c807a727685
9b8c7168728274655d526064666d6b5b
76746c757777544b3c3d4f57463f929f
5d6670747f828d9ea3a2a5a38b7c777c
84877e838a7b656983716c675a656e70
562b4d47525662636a6d4e4f575c615c
675740455158647c7a6f788353484b55
6c797a749b9c9fa0958d8a7f695d515b
81796d70737c8e8b8f9689889d6e6262
4f80574a644d4d4b44505985888e9287
7a8594978381879d9f9f928d8c858075
7c727576726f69716e75797c695f586d
706865787a786c5d68676c6f8681958c
5a5f686d737576757577919091917571
858376756d706f6c6f7577767c857e63
b7a7acadaca49a9593897f7f807e7f82
a2ae9c9d9fa5a2a398a0a2a4a8b5c3c8
9a948393848a9794939ca6a6a2a2a3a6
a9a8a4a29f9d9d9da4a79ba9a6948e9f
a9acada8a2a8aba8a6adaca5ada8aba6
9689929e9d9fa5aca5a6a3a1a0a1a0a6
9c9a97989b98a6a3a0a09e9f99908c87
8790929194979c918f99989394969a9c
94949d99938f8d8489888f8185848e89
99999c9a9d9e979c9997969c9e9e9893
9d9487858b94959c9b988e9898958588
928faea59f9e9c9ea399b3aea49fa3a4
a1929ca1a0a6aeb1a9a2a9c7cdbfa69b
8a87889695929499968b808595938c92
948e8d8d8f92927f828a929588899094
808a8c749a9fa09a9b929b909a9a9293
90969a98938e8985888284898d908f84
7f847c7c7c78756e7e8b8b8b8381778c
8f76788b9d9d83756a646c7a818b7f7e
7365707f7e746e69996c73615b3d9ba4
777f82666b6c60718081959092898986
71898586957b6f8a8b877f7265687378
5a3c383d4c5d5a636f67677374775859
635e4e5976746c7b7a73777d565a5959
996d787f8485a17d7b766b65515d5559
8987869191929fa196878a8c74a39f99
8492757775798c676e7a7d89978b8b8c
5b80948e7b777f74a2a3a099988b8986
8a82838f7e797b72767a797d6d737276
7a74718283817880777070737f847c81
5c675c5d6161606a69868a9499938281
857c7c7e7e7f7a757375777f84605a51
a18b8f95a8a59e989995817d7f81818b
a19f9b9c9e9ea1a09f9d9c9a9ca4afb4
9b979591888f90929b9c898da2a3a3a7
aeaca4a29f9c9b9ea09fa99f93909699
9b99999295a0a8a7a8aaa6b5a8a8aca9
9a85909b9d9fa3a69e9fa0a1a0a19e9b
9b9c8f999fa0a09d979fa0a39e95908a
999c9a9a989d9a909282858787979a8a
9695918f8b9096918e8d949599989893
999b9b9a9a9b9a9d999a8d9d9e9d9895
a39d99959198a1a09f9b9c97999a979a
90a0858ba8a8a293a19c9b9aa7adaba1
998e9ea3a1a7b1b2b3b9aac5c6c3aa93
8d8a8c8f98868586898580909392979a
928d8883999a9984848a94968c8c9493
91a47c89a2a2a0a19e9e9b9a9c989494
999a9692908d898c8b84888d92959697
989d8a8282808488838a895f857b826d
4d79898e9da199857d89899492878492
666272868c8a8b8a87888e8179899032
80878c5c61698b8b919b9b908d828a81
789b94969289898e9f9584796e748a78
595758545c5645597b787878797b7b81
6f7d797d828079707a7d766c5f6b6b62
6d68716d8186827e7f7c7c638a6d7b74
979ba19e9c9a9694949292a6acb3b3a9
838a888587878b88859293979a9a9e9e
75907b8684868f9b9c9c9a8186a28987
90889189918081818178797b857e717d
848283878e8f94908e8f958984898b92
67746f656f8075787b8775719b918b88
73768d8e8f8f7b8387878c7e7971675d
9c8d9ea2a5a29c868f98908882849075
9c9e9b9b9f9b9799a29999818e999da1
939694969695959a9f95919da3a2a1a0
a7a3a4a49e9ca49b9d9ea69d9599a2a1
94949491a3a3a6a6a7a8a4a3a6a7aaa8
978e8a999b999d9d9d96969e9c9a9b98
9e8d9da09fa09f9ea0a3a4a6a199938c
9497989b859d94908c8b8b8b8c8d9b9d
a1a2998c878e929190919396969a9792
969d99999a999a9898969a999d9e9a9d
a6a09ea19b9ca5aa9ba09c9299989694
92979385a3af9c8ea59a9691929c9aa0
9ea2a29fa1a1a6aab1b2b9bdb9a49c88
8f8c8d97928882828a867d7886919b9e
98918b8f9597919095919896908b8c97
9aa5aba7a69a9d8695989a959c9a989a
8f92998f8e817d8a8776889d85969698
9493788a89898a888166666a87858b88
8ca29f9b9a9385947c818c8a777d8f91
808187898f9293949998999492a0a46f
959366596d74848d7b959a9387819a86
899c9a9994918f92958b8383a08e8e93
6567645b716c5d74919f8b7d7f818b8b
7f858d92927a82888c75777f7a768196
7c777468ada9a6a5ac93848477828587
8a9b9a95a3a29e939597a0adaeb08c84
8a8c9191918f807b8086948e8f8d8b8d
99927a868688909697a39a9a9a948f8e
918a878b8f8f837b87757e788f84889e
8e8a898e9597988284909e908e8f9895
6f6e737a7d8d866b757e8c8887868c8d
8e8d8e918c888381817d7976736e7774
a19c9d9f9f8e98969a99938e88878c8c
a09f9b999a988da09a9697978e859d9a
91919a989789979b9e96929fa1a2a09c
a19f99a4a4a49b9a9895a0a4a4a1a29f
9597a2a9a6a4a2a3a7a29ca0a7a7a7a1
9c8f888c94979d9c988e989a9fa09d98
a0a0a2a3a69fa0a1a1a5aca39d9b978d
959592989f92908e9090909091989c9d
99a1978d8d8f918f8f91969992909995
989e9a98989796938f919c9ca09a9e99
938e958c828d939da3a2979598949394
8c9a998696abaca99d98958e9a989291
93939c9e9c88a1a5ababa9acb0aea59d
8a8786878f887a7e83828c8d8f939a9c
93879a9796969593938d919590838a89
a1a2a2ab9b92938d9095989a9b9a9496
928d8b8c898376708190938e8d8d819d
828a7c8e7e798d835d658994908b9190
97a19997999086857f838f8f7e74817e
7f848a907f9e9a8f495d9898999ea482
aaaba25b6b7b7e9b81888d8592849c98
9d979c9b979594928e8eaaa58d7b8899
867b627d77868b8f9a8f978b8b8d8b97
8c959e9d9583848c8281828b8a8985a5
6f859fa4a6a897979d94878a85748f93
8786a7a4a8a7a59996999da5a8a68682
8e8e9393807f8194969487898d898888
999b7982878a9096998a9d9da2989897
96939c938b90888a87808592948b9592
8f8f9192969998a2999d858d9f9e9f9e
736c727e88908b8f689088887e848d8c
8f8c8a8ea0aaad9b9f98979796989585
9e95889c9b9c9a8f979a938e888e8f8f
a09f9a9a99999898989a97969799a0a2
a0a1a19a9a9b9a9c9d909aa2a2a1a1a0
a69c9a999ba79b9a9897a2a7a7a5a2a0
979eaaa9a6a2a3a5a5a2a3a7a7a5a3a6
9a9992979a9b9c9d9d9fa19d9ea0a197
a3a4a1a5a9a9a2a4a0aaa7a09b9b9a92
9696969797939093939999978a9b9c9c
8e978f8f9091908f8e8e969694939795
9a919398949192918c928d8d939c9491
928b8a8d888b918f8b8a8988868c8d8d
a99a959496a1a2a59793909895949794
949297959291979b9d9d9fabaeaca7a3
80776e708e8c837f82858f908f919294
989c8c97889796908d958d978c868784
9f9e9baba8a29c9d9c9c9d9a9a978d8f
8d8f908c85878986827d7f767580848b
848f909295999894869494928f919090
9e9b9a9c9e9e9c9890898c8c8f8b8687
878a909282759b8778736358999aa09f
a09d87877b72666e757a89838f8ca177
98989ea1a1a09f9c999fa99b8b838d96
8d8f888b86938a919897919994919599
988e90888a888b9290897e817e9c988f
9ca1a0a5a8a89b9da3968d8a6d879397
878684a39ea59f93979a98a1a1a2a282
929499958b8d8e919294938f8f8d8a88
9ca6928b8c8f969b9a9aa19b97999895
9ba6a49a9295908c86838082868a9494
817f979996999c9ea9a5a3a1a59a9b9b
7a788b9298958a809a958d8187819086
89858aa4a8a49c989d9a9ea3a5a6a296
9a828e9c9a9a99999a9c94918e909da7
a19f9b9a9898989898979292969b9f9e
989d9e9f9c9c9c9d9b9b9ea49da0a1a1
a3979a9c9ea5a09c9ba0a29c9da8a3a3
9697aaa5a4a4a4a4a4a3a5a19f9fa3a3
9898939598999a9b9ea4a69d9b9d9c90
a69fa3a8aba49d9fa19ea5a0a19fa29d
9798979494938d95959a979689999ca4
8f898b8d8e888187868f909295958f93
90878a95918f91948f8e869491928896
8c86838686888382827f7c7977958c8d
9ba4968b99928f858d8d8a8b8b878582
92908f8d89888e9193969fa2a4a29e97
7e706568928b797a837c829092919093
89868c84858283948d8e8096857f7b7d
a0a4a8adafa79a9c9e9d94929a979492
8d928e8b8e8b8c8e8e858394968a7c78
9f9994989d9f9c97979998998d8e8d8b
a1a0a2a2a5a5a3a19b938d8b8e888289
8a8f9493939e9c988d8f8e8e87969d9f
978d8a8778735f5c797f89888f90a097
989ba4a9a2a3a1a1a087a2ac8a8a878d
9b9b9d958e8f9196999c95949a9f9b96
8d8a93888b8e979e9e9999a2a39d9a9e
949a8ea3aaa09d9d9e9b9592878b938e
9a989ba19692a19e979a96908b879f9d
9a929d9b9284879096968c8c91949699
9997959aa0a19b9b9da09d969494a199
9dab909094978f8a878786858e979896
909393a1a09b9b9ca3a4a19e9d9a989c
8388949a9994908c71787d71668a8b8a
a1a4a2a09f95848a8b94919190908f87
999290869b9b9b9a989a929b9597a29b
9d9b9a9d9c9897989f9ea09e9fa09d9d
a6a6a5a29f9f9f9e9996999fa1a1a1a1
a09a9f9fa3a5a2a1a1a0a1a29ca5a7a7
9495aaa89e9fa3a19ea2a4a7a9a79e9f
96948e9694989b9aa0a8a09b9d9e9c92
9ca0a3a4aaa6a1a6aaa7a1a3a5a4a39d
9896959896929394969a9293939ba3a5
7a82757d8b817c827a818b8596979795
8a878d8c878c8e918f8b898d8f8f7d7b
687570737f827d7d8c8789838c888d8a
87928989958d89819c9686897b726260
999590949391908b878e969a9c9b978a
7b72726f857c73757e7e818b96938a8f
8e87778284919993837e7e8c887f7677
889e97827b797a77797b767999969591
8c8d909190828e8e8d8f9194948d7a76
a19e918ba19e929592908e8b8f919294
9691a1a2a2a3a39f96938988908c8c8c
a49e9696959d9c9d9b8f8f959a9b9795
9492969d857d6f6e7c82809991999ea3
9d9e9f9e9b9da1998f9ea29ea29d9d91
af9c9395969795959d9091979d9f9f9d
9496968e8b8e93988c888a91a59da2a7
979f9f969d9da1a0a09e9b9a99979696
a19e9b9a99999fa3a29a96938c899e9d
969b8f8a8991959492898a939392939b
969c9f9ca19a9fa1a7a5a69f9d939491
91909781939b938e8d8f8f8d899c9992
909094939094969896948a8c98959791
a2a49a9f9997807e83828f8e888a9191
97979a98918c88898a898b8b898a8e9e
9696938e929b9b989591939499969696
9e9b9e9e9e98999a9b9a98989d9da19e
ababa7a4a3a3a2a09f9c9c97a0a2a0a0
9fa0a1a1a4a49e9aa19fa19f9c9fa4aa
97a0a7a4a0a1a39d9a9b9ca4a3a1959d
9395939496908f8fa298a2a29a9b8e95
a4a29ea5a7a7aaababa5a4a3a9a6a39e
989693909a95969694949596989ca2a1
7777787b83807a7f88848a949b989a9b
82817e808a8d7c79807e7985887c7774
646667696d6f759088827e7b79848685
847d6f6684887b75828891866f69658c
7b7c756c696f7c7f818c979190918b85
7874776c7d7c6f6d767378877c74747c
636c6969899598918784838782797576
887f797a698688726a8f96a0938f7572
879083938c8e8f8d8d90929494897f7f
909e9e99989794929494928e8f928b8b
80829b9c9fa1a498908f92918f8c8985
9897979799a29c9e9793928e9b948d83
968e908f8e8a8c8989868d90919d9c9e
9d9c9d9e9e9a9f9c93a2a19a9a979495
9d9e9998979998979b9c9b98909c9b9c
9998958b8a888d948f8788a3a2a1a69f
9696a794a2a1a7a7a09b9699999e999a
9e99969b9a84859aa297988c809d9e97
949791898b979d998e878b8c93908f9b
9b9da29e9d999a9ca2a8a9a49492908f
9a969e99979693908f919293989b9b99
939494979a95938a8583828d90959ba1
9d97889791949087877c557e8b8b9192
90a49798958e888787878888898c9197
9e9d9997959599969290919698918c8d
9d9b989e9f99999a9e97979993929d9d
a1a5a4a4a3a29e949f939d9ca3a3a29f
a1a09fa1a19c9f9ca1a1a19ea2a6a7ab
9ea0a3a0a09f9e9c9b9b9c9797969596
9598939492908f9399929d8d9a9b8e90
a79a9daeaeadaeadada8a5a3aea7a6a4
949593989a9599989998979a9b9da4a9
79777981787b7d8388888896999a9f99
797a7c7e776e6866646a737884866f78
8e6b6c6a6d6d6e6d78747670727a7b7a
877b7470747677767175756d686b7d81
6a6d666461707e808294999783858581
6e666260636f737882817d7f6e675c64
5a5e708696956d6f6c6b84837c716869
858a867c767e7674929499908d7e6c5b
87849290896b6d91909093938f867b87
879297959597908889857f8384848783
8e919394979899989a978b8d8e898686
89879096a1a1928584808d8a85878684
9d9592919193938c8b99958f8f9c9897
9b9c9d9d9b99949ea4a2a29d9c9a9d9e
9b98919496969796999a99929295999b
9794908d8d838793908e9b9ca49da19e
8d989590959ea4a5a19c9fa19a999c95
9d9999a19b8b87a1a6a49a9486a19a9f
999e9394979d9c8c8688898b938e8c96
7f90979e959998989fa5a99d9593908e
a2969b959796939191929494978d8d75
9495969598918e8a87888a938f8b97a4
928b8985928f90928e91918e8f8e9293
a8a3899a9290998e8e8d8d8e8c969392
9f9e9d9a969790908c8d9194928a88a3
9d9e979d9e989d9a999694949a969e9d
a9aaa8a6a3a2a19f9b9b9b999fa1a2a0
9798a1a2a3a19f9f9f9c9ca0a4a3a3a7
959da0a1a1989a9d9c9b999796969897
99999394948f8d9298928f8e9a938e92
a0a6acb0b0b0afabacacada9b3a8a7a8
9793979696999a999a969b9b999d9ca4
72848f888486838685868a999f9c9e9a
6a786f6d6d646282848473817b847877
6f6f766a767a7373786d787f74876d6d
7a76706e6f7476786f6f6c6d6f687781
6e797877736e686f736d828582817f81
656360666a666c72807e6c6c6f686466
727b7e7f85575e6159575c615e626c67
8c8a867f858579706f70728c7983716c
818b8f8558627e7a847891918c7f708e
8d93949495938884838181807d74777a
9290919293948d8d989092928f888481
9096948f8f9189959185828381808690
9a888a8f96938f8d898597919a9c958c
959591959e9694969b969a9e9e9d9d9c
989593939595969799978b8e92929799
908e929591838a919290969a9c9c9b99
a8ab979192939b9f9d9aa0a89b949492
8a909a9b828c98958e9aa99b9da2a9ad
8d97999ca09c9a9288888a8e918f8c91
9392919c9b999695949e9b9c9794948f
94948785849693918a88919586878572
94949392918f8a8889909896918f9092
908e8d86799291969590898e8b878f89
a8a7878b949493929291999198989a93
a89f9f9d9a9690908d909597a29f909b
9d9d9ca1949e9e989c989a999c989e9d
a8a9a5a4a2a1a1a09f9c9a97a1a1a19e
989b9e9ba4a3a0a3a29f9ea1a7a5a1a0
949b9fa1a097999c9c9a979698979798
98999996969b989a9b9c9d9a9a978d92
a3abb0b2b1b1aeafabb2b5bbb5b0a9a8
8d91939a9d9d9d9b979c9d9d989d9fa4
7c8083838589838885898e8f9b97828e
666b6f737a7f76868e88878872797173
7a6a7675746e7c85817f737b7069605f
7b78706b6c7878776866605e68747079
62676a6d7168646265646b6c747b797b
615d5e6060606063666e6f6368656362
7157474c4c4a465e59505f635d5a594b
898889888a837a6c6c6b5c5d57646271
66746f45474c6b676c847a6d847c848a
9090939394948a84858b8081807b7574
9093909193919594918d908f8d8c8a8c
949392918d8c8b939283818180938d8e
929194959694909a9792939597949292
9a99a29a959c9b9d9f9e9e9e9a919397
97929091909192949694919194989b9a
939097989998979694909a9b9b989697
9da592938c8c8f96929293949b948e8c
91938a8d8593959fa09f9b999b9ea19c
8c90989fa59b979584858a96989fa093
969094a09c9992909091919a9895918e
93938f898c9291908b8b949491918f94
9894919194938f8a879b9b95908e8e95
8f918885918f8a9f988e8d8b87848d92
9d9e9d9a969998979795908e8d94938f
a2a09c969c9894919395999c9c9a9d9d
9e9d9c999ca19a979a9b9f9992909da0
a1a5a39f9d9f9f9f9f9d9893a09da0a1
9a9d9f9f9ea2a1a4a3a3a4a5a59da1a1
9c9a9b9b9f9a999b9d9e9d999999989b
9998989897989d9c9c9b9b9a9a9b9795
a2b0afb0b3b2b2b0b1afafb3b7b0aaaa
909092909e9e9e9b939b9f9e95a2a1a4
7b77777b868d85838689888a88767e92
736f7072756d77797778796e6e6e7074
71676f6e70797f817a746d8883827d77
676c6e6e7074706d64605c5a6261695f
66656765615763626b66676673737274
5861675c57605f62666c686464666962
64636a665e5c62646162636162585952
85868c857a657074635d5d5e5f5d536f
665948425070676c6c694e4a525a6086
8f8f928a8e938c898587868784827a73
8e8684888a838a8c8d8d8c8c8d8e8b91
8f8e8e8e888a8a89888783858b8a8f8f
908c90a09e958d8e8c8f8f929391908f
9b979b9594999a99999d999297939c9a
978f8f90919991929494939394979b9d
8a939c9d9d9d9c9a9695a09d98959597
a4a4a29e98989294939293979e9a948b
908e8b898396a29e9c9c9c9ea2a4999b
8c949993999a999283888d9a9aa4a7a6
918e9d9b9b989ea09798959a9792898d
91908f8f93929294929295969697999a
9591908c898989888f9996858c8b8c8c
928f89878e88909d798b827f84898893
9b9b9c969a9c9b999a948c9189868d89
a1a09d939a97908c98969a9c9899989a
9d9e9d9ca29c96999a9b9a9a9496a0a4
a3a4a29c9a9e9d9fa09d9ba0a2a0989d
8d989ba1a1a1a1a4a2a79f9ba19ba5a4
9c9c9895989c989f9e9e9d9b9798928e
9a9a9a9b9d9e9e9d9c9b9a9a9996979b
aaa6aeafb2aeadb3afb3b2b6b7b3aca9
919297999b9b9b9b9c9ea29da2a4a3a5
80787c8280918d8789868a8384737a92
807c767474747a767e83706d6e6f7282
766e6366696c606e777e898d89706b83
67646e6e7776746f616062595a636f78
676a64675c6665626b6e70706c706e6a
5e5961675e5860666769666767676c65
4660696c717068605e5d5a625a5b5a5a
7b7c817c6b686e72615f5b5756494e4f
6c684e474e6e72746c5e564c556b4d4f
90908a81808d817c7f7f81757f7f7b72
8c8c80837b8b81888e8c8c8c8e8d9196
8a8a8a8c888888878889867f84868a8e
9692909a9d958e8b9091908f8e8d8c8b
9c98949394979b999a9a989794939d9a
918e8e8e92929c8e909191908f8f989c
919e9f969997968d9d9f9b9491929494
9e9e9e9d9792919593909297a295998f
9e8c867f779e9a9d9c98999ca3a59fa0
8b9a9895999a98979391939b9aa2a5a5
8c9496989895998e8c92969593938b84
8d8e8f9192959795929397989a989893
7a7a7c7c798f89858f8d8c898080898e
8f8f8d8f909190717c797d7c79797877
969a999c9c9c9b918d868b8d88847f89
a09b9c9c9396918f9194958f8a8d989a
9fa09d9e9f9c999697979695929fa1a0
a2a39e9b9a9aa59d9da0a29fa1a09f9f
939da0a2a1a0a2a2a2a59c979c9ea4a4
99979494969791919192929495929193
9c9c9d9d9d9c9b9b9b9b9b9b9a999b9b
a9a4aaafadb2b6b5aeacb1bab9b3a8a8
91959898999999999c9fa1a1a5a2a3aa
7e7072717e798e898d8b7877768c7e7f
929085797473797c8395938a6e70717e
77736b706b645c688286918b7a6a6a8b
6b758290787c7872696b6d6762667a7c
5b666b6b656564616e71797277706f6d
69646b6b6c6e6f71656764686970706d
4f465354716b5f6773716f6b64635b68
5a575455656164615e5c5755544e5555
6e6a64616062696e776b5e616a666551
92938f8c8d8283837f807d807e7e847e
888385838984888b918d8c8e8e8d9296
89898a8b8d8d8a81858b89878185878c
929098978a928d8f91928d8c8a898888
848b8f8c8e8f8e8d8d8b868182849093
8e8e8d938d928d8c8e8e8e8f8f8d958f
9d9d9c9fa09f9fa19b929b8c94959790
9a999a989395979a989696999493959a
90888d8e8896908f9e9595978f989995
919ca09293948e959591929c9a9f9fa0
929098939891918d9494939594948e81
8c8b87868c8590929395999a9b989591
727272747f7b8a85818f8c8983858585
93908d8d909291817e7d7b78706f7470
939a9f9e9d9c9a9693888b8c86878086
9d9a9c909b9a8f919393938e8f8e9892
9d9d9c9c9d9e999592908d908b949e96
9a9895969a9d9a9d9da2a39ca2a3a19e
979a9da19da09fa09b9798989d9ba19b
9292929693938f8f9191909495929090
9c9d9d9e9d9e9a9c9c9a9b9a988d8c8f
a2a8aeafb0a8adb1b0b1aeaeb7afa9a6
808f9191979798999c9aa09090a1a29f
7979777781838686918976788b957273
8d8c877d75747a7b7d737e8682707579
7874726470757a88898e968f7666678d
75848f8c847e79746f7372695e778378
77866f726a62666372707b7679727370
585654748071727273756e7173736e68
4e4f59677a7d91737473787269695e61
665f5b5c5d5c5a5a676360595b5b534a
7373545066575f646b6f747075706a69
9291918f8b8881867e7f86827a7f8784
878283838f8b898a8c898e8f92969796
88898b8d88887a7d8c8b8e9898888589
8e89968b87848c8c94918d92928e8788
8c8d8d8b8d8d908e888988837f828f8f
8e8b8d96948c8d8c928e8e8f8c8d8d8c
9c9b969b9f9ea2a29e99949391919593
989994918f8b92979695969996929498
8a8b8c8f9393908d93938b92928d9696
98aca397978d9ea29091939c999b9d95
93939293948f9a9b98949a97948d9499
898588898d8e91938d84979491919092
86877b85877a8e876e918e8c928e8b8a
8a8e81898a8885808183858487888b8b
93989e979a9a9896958d8385847e8586
95959a929a988d939491929392939296
9c9b9b9e9a9895948b8d8a938f959292
8f9a9b9d979a9c9b9c9ea5a1a39aa09f
9493959fa0a1a19d999a989d9b99918b
8d9296999a9a9b9d9c9b999a96918f92
9c9c9e9d969e9e9b999596918c888484
a5aaadafb1b2b4b4afb3b1b1b4aca8a7
818f91928c9899989ea4a093a2a4a5a4
7e7b707f8181828284848d898e888175
818d8b827a797d827c7e7c8a87827c7f
80726263696d86948c8f749486828c8e
7b83706f6e81828774787e7e83878988
949b7c7d7a6e696e75736f798188866d
7d767a7d7b7d807f7b817d7c78827f83
5a4f5e69707d6a747a847f7666627579
68645f5a5b545b54566765635e5f5a57
7474776e66645e61656a6f737673716e
8c8b87908c8b8a878181878165828374
867980828685888789898e9191978a8b
89898b80827f7b7e8f8e8e9a9b928a8a
7d7d8687878989918a8f9295928e8888
888c8a8b8c8f9191908f898681828182
898c91948a969393918e8f8e8b8c8385
9c9c98a0a19aa3a19e9b9195958f8d8f
97938e8c97989b9c9c998d8f92969b99
9b9d8b9099948594968a8994938b9396
9d9b9a9b989a9c9c929a949796989998
9694929792949a999796909392919790
8687888c8c8e929088808e8889878b91
8d8991877d6b768c888a89888c8d8684
8b87808b898a88828a8c888b91918e7d
9498999a9e90969c8b75758d748a808b
8f969594978b9493928b8786908b8492
9d9d938d96948f8f8d8d918f8c8e918f
98949b9a999694979a9aa0999d9d969c
95979b9e9d9c979896969b979a95948b
7e96989799999c9e9c96a09b978f9092
8e909a979d9ca19d949290948c898480
a4a6acafb6bab7b1b1aeadaeaca9a7a6
918d9091919a959ba2a49b97a3a2a3a1
8d8d898788888886788082878e898181
8d6b8d857f6c71858378878989888684
7b767274797d8f9c9b8b8280938f7f8d
83807c7a8d9394817e848b8e83829392
81838584807676787a77787685857b7a
7a7a7c62656f86817c7f8086888a8885
60605a5f746c6b7c778b7d7262636e7f
6d6d6c67645c524f5d6c75716a6d645f
6f7e7b7572696657595d63676a656070
959195918c8a898886878c8688867d77
827e878889898d8e9295968f8f909294
83898988837b7d818e90939a9b948e8a
83908f8a898b93928f8e8c888f8f8b87
868e8d8c9190939393938e8780828381
8e99938f9097948f8d8d8f8c8a8a8c8a
929e9d9aa096a1a19c96949094908c8d
948695969b9d9e9d9c998f8996979a99
8a8d8f9a9185898894937f9797919b99
9b9e9c99999a9aa2a29a9a9795948d8b
98949394969e9a999a9b949a96969a9b
8787858588888c888380818685808b97
9794938a677181928783848988848885
8a8f8d8e8c878c868c88818e8e97999a
96999b978b909596918e868a8584718e
91959494949392979b988a8f8a8c818d
938f898993908f918e8e908d8c928e8c
908e8b8d8d8891939e9c9a979b9a9893
8587817e7b7f807b716c989895908d8e
837d7b878b8c938d8b888c8988878483
8a8e969095969d9384898b8e908e8b86
88a4acafbcc1c3b8b4b8b3b1adaba8a5
96968d8e8f95979fa5a5a3a5a297a09d
95989a9595938b818488898b898d898e
8a8e8c898682879186888c90928b89a0
8279787a83828b978e8c8c9d9f999390
8471706a97999a9a848c959290859c97
8c8e8d8b887e7e7e7f7f807b9a7f7880
6c777675737887848e91998d91959792
5e667979807a7f8082857a7976776d67
72757474726a625461767f857f787068
827d7d7a7768685d51615c6569616f72
99848d8e948f8c8b887f858a8f898683
8e8e8988868b8d8e948e8c8b8e8e949c
908a8c8a86838384909194969e9b908d
8a8b948e8a8e969991908e8e8a898787
90939293928a92909093908983838480
919d97929596938d8c8988858c8e8e8d
a09d9d9fa19c9c9b9e96948e8d928f8f
99979d9b98989995998c8b8f9498999c
8f8d90998c8a93989a99999098989d9a
9293969d9fa19aa5aaa599999a979390
9597918f909695979a9da398979d9d9a
79846e86878a8c8a898a8e92938e929b
a29095867e7f898c8f8e918e89838479
8e948b8d918e898986858d908e96a6a6
979a9e9b999593918e918a8684808c8f
94959a968e90969a9c8f90908f8c8f97
8f8883868d8d8c8c928f8f858d8d8d8f
8d8f908d8a9293989d9c9b9799999996
73757b7d7372716c578e9395928f8c89
8b8a82808284888d8e8181918d89796a
8c82929297928d8b88888d879592908c
98a79faeb6bebfc2b6b5b5b1b0ada9a6
9a97979193979a9b9ea4a1a49d8e9e9e
889e9f9a9a927e7f848384838584948f
926d6c8f898e8c8e9191919495969aa0
85828284898694938b8f9da1a9aba296
8d7e8287966d6b939b9a9c989e94918b
9d9790938f8987878782838884898488
8483888f858c9b8f9599989796939498
5b73919b9b8680807e847f7f7a677e7d
747b919a7e7a757b7f84848585817b79
88838883776b605b675d5c686c6c7679
8c86938d94918c898a83898588918b88
8d89888889898b89898a8b8a8c8f969c
8d8d8d8d8e8d8f9397979898938c8a8a
8e919492938f8e9a9292908e85858f8e
919291898688888c8d928a8985868682
8f9894909895928c867a7d8786818f92
9a999b9c9c9c9ba09f93918f8f908e8d
9d9a9697979a989c978e919793959899
8e8f9092918b939a9a989796969f9c9e
9d9b999ba3aca89e989b9b9a99928f8d
9c949495969d97979794a19d9e9fa09c
7c84868688898a8b879d96939a969495
9f8c9693928e8c8f929290938f807a7a
8e9a8c909195888d9090989495a2a9a2
959a9f9d9a9892908c8f90908d8b8d8e
90949793938e8f88888792948d8a9092
8587867e8b8b8b8b8e9b8d9090928890
907c918b8690a8a09f98979296918c8a
8f9196958f8c8a8e9082817279848c8f
919388737c81898985827f8a93918c8c
858a7f7e99938a7f84898c828988858d
9e9b97a8b2b5b8bbbab4b0b3b4aea8a4
9b908f9299999b9b9c9b9c9b9a9d9f9e
929f9f98978a8f8b7f80827e878e949a
717779979593918e9395978e989ea4a7
88888989909597908b9da1a4aa99756a
8a8a8e99999896958e9c9e9a9da19f91
9b99a19f938e8d8e939389888b838b90
8c8b8c8c8797a19494999693908e8e92
7d889ca1998b8d929287867b676a8486
7b83929989878f989294918c9096807f
928e8f8c7871687b7e776d7474777c7f
9197949997928f8f918e8e968d9d9494
8d8a8a8a89898a8b8a8b8d8d8f939896
8e8e8e8e909193939a9a999999988b8b
929597968d969f928d928e8f8a8c888d
8b8d8c898a88888d90908e8c8690918e
8c959292999c918e8879848d88818a91
989ca09c999c9fa09594938f8e90898e
9fa09d9a9c97999e999092979598999b
909094969494979b9d9d9e9d9b969ea1
a0a2a1a3a3a29b9e98999b9b9a999692
9b93959897999a97998c909fa1a09a9c
8788878789898a8b89a0999a9b99999d
a896797f8e8a8d8e8b9394928f7e8789
818f8f949398908e909396979c9faca2
979b9f97968f998c868e92908f8e8d8b
949996978d908a897f818e898f888d8e
84837d827f7a848c91888f9090879190
808b8c8a908d9b898c94958c8d8a8985
94939292929290908e7f7a8277808d8a
8d92727a7c858a877d7f868a90919193
88837280a38b81656d797c7f837e7374
9da097aaaeb0b4b4b6b6b0afb0afa8a2
93939394959b9c9c9ca19e9d9d9fa09d
9992827a8d9290918782767490919593
7279969b9a978c8592949485a4ada1a3
99989391939595919ea4a7a8a99d876d
8a8ea09b9f9f9c9c9b9b9fa39f9e9b99
9795a7a5968e908a908e94918f8e948a
929293928b949a9a9797979692919194
8d8f969c93929da69593948b777c878a
888c939693989c989e9a969198a28e8d
97968e8d757d7e7e918b8a8e7b7e8486
9aa3a19d8c8b8b8e9091949697959596
91908f9294959394969295989a9ca0a1
90908f9091939696908f8e948c8e9394
989e9d9c939b9c9494929292918e8891
8a8f8d898c8a8f908f8f8c9394939396
90908f8f93968e8f8a828c898a8c8f8f
969ca4a1a1a4a39e9997888e9490898f
9f9f9f9e95989395958f96969696938f
94979697969597939396a2a09d9b9fa3
9699a3b4a19d9b99999da29f999a9c99
959290959a9e999a9a93999c93a49f99
8a8d8f888c93918f82888c8c9d9b979c
9e968b8688868a898a899590908c918d
7a839aa59f9a9a97989f9e9a9d99a0a2
989d9c968c8f8e919594899594928f7a
97979693918a8c8a878e8d8c8f87908f
88847e77818892909191908c898a937e
8382858c90898e8d8a8c8b8787908f8e
888b898a88627f7f798182828084878a
8c7874837f7770867f8f8c8172738686
7d677e889484807d67696f71706b6e81
9997a5acacadb3b5b1b3aaacacaba9a2
918c92969497929797a9a0a2a8ab9aa4
a0979091989691897e8e898a95949895
8d989d9e9b9c9a959696978f9eb3ab9f
9e989c9895979894a3a6a8a9a8a9a58a
90969c9ba1a2a1a09b9e9e9e9f9e9c9d
9da2a6a6969390909494969a9f9b9e99
8f8c8d9096959a999e9b99999793929c
9b8b9e999a9d9a9a8f938c819d959090
8e91969297988d8a91a5a29f9ba0a29d
a19c959d888d8f9194927d7c7e818484
a19baba39490919394999ea79ba2a3ac
99949298989999a8a19a9c989799a8a7
92919092949698979391999690929695
9b9e9c9b97a49d969996919494939394
929191908f90938e9391939995969a9c
938a8e8d908f908f848b969694958c8f
a1a8aba9a9a9a69f98979492968f8c8e
9f9f9e9d9490979596969b99938f969e
9d999c9b979494959797a5a5a3a8a8a3
a197a0aa9d9e9b999898a3a7a49e9e9c
9a98999a9f9f9a929b9194989a94a5a4
8a8d8d8f9495938f919597a39e9b9c9c
9d9b9c9292908c8c8d9499929494958d
93929ca09d95959e9b97959e9d9c9ea2
989a9b9b9995959498979696958fa09f
939794918f888e8c87908e8b8e8e9394
8e88817b8493a19f9493898e9090928d
8483838d8f8a8585898c8d857f859591
827c90918187858271768f9087858d88
8f8b7981837d767f7b656d716c6e8086
837481848382817e7a7a7a746f5c6f7b
9b9998aaaaa7abafafb0afaaaaa8a5a2
969895969694979b9aa5a2a3aea9a39e
a6a1a19a999786979799989c9997969a
9974a1a09f9c9b9b9a9a9e969ea6a2aa
9da099999a9c979e928f8fa6a38c818f
a3a6a8a9acada39697979e9d9c999d9f
9da4a39e95968f9596969c9b9e9ca3a3
9d95999c969997a1a9a3a29a9996a3a5
a3aaa9aaa8a2999897999ca19d9b9ea1
a1a9ab9b8a918c8f9faca8a6a5a6a39c
9e9ea3a29e9792928f8f877f807d9298
a894959c939895909d9ca4aaa6a8a1a0
97979897999a9b9aa09e9298969daba9
8c8d91959592979787969a9a9c9c999a
9e989796a3aa9b9a9797959595949694
969796948d969692938f989d979b9b9b
8f8f9496958689898d8d8e9696949395
b2afacacacaba7a2a29da0a09a969690
a49c95989193949ca2a39b97949494a7
9d9c9b9c979496969899989cababa7a4
9ca0989f9d959a939899a2a5a0a19f9d
929d9d9c9d9a99959d94999a9990a2a2
8b9192798f958d91989899a29f9c9d9c
94998b949a99928d8c9595909399948a
98999b9d9a9a9c9d999c9da3a29d9f9c
9899999997999c9b9c9097979598a29b
979c92938f8f8d8d8d8f888c9a929395
8e84837c8494a3938f878c8b9394968e
8e8b86888b8b8a88878683847995868a
82889e9e928c87738e93919282888784
947d7f7c76797f818b8c878877717a7c
857e84807d8a8a898e8283856a7b6582
9ba5aaaba9aaaaabadb2a9a1a19d9b9f
a3a19994949a9b9fa1aaa3a4adaaa097
a3a5a3a199948f8d9d9f9fa09e9a9792
908da2a1a19490959a9fa1a2a7aaa4a4
9d9e999c9fa7a2a29f9d98a39d969aa6
a2a3a29d9797939999959f9d9d9d98a3
a5a6a1999b9b949292979b9d9d9fa6a6
a8a79f9d9d9998a4aea29b929d99a4a6
9ea1a7a9a6a4a09b9b9b9b9c9fa2a4a4
a4a5adb1a09fa1a3aca9aaa89fa29d99
a8aaa5a6a4a2a5a29b918d8e958e9fa1
a5959797a09d9ba7aaababaeada8a59f
9e9e9e9e9e9e9e9da09d9aa0a0a0aeac
95959497979897958d969c9c9b9d9d9d
9ea0a69fa7a9a39e9999949897979795
9d9c9a958e949b9998918f989d9d9f9d
93999f9d9a918f93959897989a9a9a9d
b2b0adacaaa3a9a79fa6a7a592989193
a3a09ca09a9ba09f9fa09c9e9b9ea6ad
9d9e998c8e929093989a9d9899a8a7a4
9c9f979d9c9a979a9b9da9a69f97a19e
979d9d9e9d9998999d9d9d999a9a959c
8e959193918f919ca8a99d9aa2a09c9b
9592969f9f9c939293959499939d9893
a19b96979a9d9d9d9da2a3a0a09b9a99
9b999b9f9e9d9c9a9395979792989e9e
979b9b9990908d8b85908c9490908d9a
85848c788a9293938b8e969893939193
94928e918a8f9090908e8f8f8b908f97
8c9ba1a399929293989493928a8b8e91
91847e7979718e8485847a7e716f7885
8c8a8981868f8d88978081838f6b7694
9ca4a6a4a4a5a6a7a7a69d9b9990959c
9e9b9b958da19f9ea1a4a9a4a4a3a09b
a5a6a7a19f9b989a9fa0a2a3a4a19b9c
a2a59aa1a09b9a959ca1a7a9a9a7a3a1
a1a1a8a19f9ba1a2a2a1a4a5a7a8aca5
a0a1a2a8a29ba19e9fa0a19f9a9aa2a3
a1a59e989e9c9c9b99999a9aa0a5a6a9
a2a09fa2a29d9ea1af9c98989d9da39b
9ca19daba7a19d9ca2a1a0a0a1a8aca5
a4a2a1a9adb2afa8aba8aaa8a4a2a1a0
a0a59f9ea6a09e9d9b9a999fa4a9a4a4
9da09897a39b9d9cada6b3baaaa99f9f
a7a7a8a79ba6a19ea8a2a09fa2a9afad
989a9799999c9e9d9fa4a2a3a39f9f9f
a0a5a6a8a79ca6a0999695989798949a
a3a09f9b9b999d9e9d9a9da1a4a3a09f
a3a09ca39f9a9d9a9e9e9fa0a3a3a4a4
b2b1aeaea7a4a5a7a3aeafa79ea4aba4
a59fa0a5a09fa1a29ea2a9aca7a5acb1
a19f9e9d989593949c9a9c999ea4a5a4
a6a39a9d989497989c9a9f9e979da4a1
9e989599969395979a97999c9c9b9098
99989194949d9ca5b9b2a29fa4a09d9c
9999949b9e929397989b97999194908e
9c9c9a999aa0a09e9ea5a7a6a09e9e9b
9d9ca19c91929e95989a999896999d9c
9693949295959294959896949694909b
8e93879292969192978a8b97989a958e
968b8a989b9b99988d91929392919497
9391979d9e999a9c9c9c99968f8f9194
8f857f7d7d7f808288867f867373828b
8b8b8e858e908e949b9a898a91968e87
9f9aa5a2969da0a1aaa294969696979c
a3a3979896a0a1a1a09fa6a4a29d99a1
a6a9a9a6a5a1a09f9fa1a2a3a6aaa1a2
aaa69fa0939497959fa5a8a9a8a8b8b4
a19b999da2a19c98a4a4a7a6a9a5a3a9
9ea1a4a6a4a7a7a4a4a3a19e9792a3a1
a6a6959f9d9b9c9c9f9fa3a4a4a6a598
a4a6a7a5a7a2a3a1a3a09e9b9ba9a7aa
9d9e99a89d9d9ca3b2b3a19da4adadaf
a3a9a7a5aeb7b5afaea9a8a7a8a59fa0
a3a19d9aa5a4a2a2a4999d9ca69ca2a0
ada69e9ea2a3a1a8a3a7b3b0acaeaba6
aaa0abaaa9aaa9a9a8a6a5a3a9aaaead
949e9d9da0a2a6a9a8aca8a6a6a1a69d
a4a6a693919aa5a29b99989a97949d99
a68ea3a29f9fa0a0939fa2a49ca3a4a2
a6a8ada7a3a19ca0a2a1a2a1a6a7a8a7
99b1afaea5a6a7a49facb3aca3a2a8a9
a7a6a2a7a6a5a9aaaaacb3b5a8a8a09e
9495989f97949d9f9fa2a49c9fa1a0a8
9a989b9a8e9291979ca3a49f9f99a3a3
a29e9895959495959999949b9a999898
9993919595959eafb3a89d97969d9e9f
9c9b9c9c96979798989a9a9a9a95918f
99989797999ca19ea1a49b9f9c9c8d9a
9da1a79c979a9798999d989b9aa4a19e
96979691999b9b9694939b92918d8f9c
8e8e8e9897959695919194989f998f94
8c908f959d9e98969796999a95909192
a2a09e9e949e9c9f9e9d9a9890919190
8b8b8a848073757f91918e908988959b
8f8e918c8190949b9f999291918c8185
a1a5a2a0a2a1a0a09d99999b9898989e
a6a5a4a19aa2a2a2a29fa2a4a69fa79c
b1afadaea4a3a5a3a5a5a2a2a1a1aaa6
a2a0a29e9e9d9d9ca2a6aaaaabb2baae
94919ea1a29f9a9ba6a7a8a6aaa29fa3
9d9f9aa9a7a8a9a4a4a29e9a99949495
a59fa2a2a09d97a39d9299ac989d9a9a
a0a6a8a7aca0a5a38f88a19f9da1a4a4
94979c9da49b9a9aa3a19f9ea59ab5a4
a7a2a2aaaeb1afa7a6a8a4a49f9b9795
a6a19f9ba9a2a1a2a5a2a1a3b4a59d9f
aca6a6a5aea7a8abacacb2b2adaba7a6
9ba5a59eabadadaea6a1a9a8aaabadae
9e9f9f9e9b9a9a999bb5a9a7a7a4a6a5
aca99b909ba39e9c999c9c9c9b9d9d9c
a5a0a3a3a4a1a19d9aa2a5a39aa0adae
abadafa0a8a7a5a4a8a0aeacb1b7acad
aaabacaca9a6abadb2acaba3a3a7b8ac
abaca99b9ba4afb2a7b0a6a8a9aaabae
a19f9ba19da1c0c0c0b7afa39fa2a9a9
a19f9ea191999b9c9fa0a29da2a1afa8
a4a19b948d8e9a9295989a9d9c9ea1a2
9493938a919295979b9f9e9ba19f9fa6
a49fa29e9b9a999b9c9aa6a59d979492
969694929f9fa0a1a1a29e9e9e9c9fa0
a498929d99969797979c9c9c9a9a9d9c
989a9994a3a4a0999695a39b9193959b
95949c969598959899999899a09197a0
9994979d9b9897919091929a989c9c97
9f9f96999b9ca0b0a39e9c9390919193
8a8b8c87847b7f898f8990a698a2a5a2
927a6c678593979ba49a9e9696928a89
a2a3a0a1a3a0a2a19b98999c9a9e999b
a6a6a5a3a19e9f9f999ba19ba7a79f9e
b4b1aca69fa1a3a3a2a0a29da4a4a5a7
a19da0a0a0a0a09aa6a7aaaaafb9adb8
9493a3a7a1989ca4a7a8a9a8ada49da0
9ca0a2a5a7aaaba5a1a09f9d9f999698
9ea1a29f9c9b9798928f969c9e98999c
a2a7a7a1b3a59c919587a0989a999e9f
9b999a9b9da0979ba09f9d9d9f9fa1a2
a6a19fa9ada9aea79b9c96a79f9c9499
a4a3a19b9999a2a2a3a29fa0a6a5a29b
a7afb1b6b2aaafaeafafb4b4afaca7a9
9a9fa5a19eafadaaacaca2a4aaabaead
9fa09f9c999c9aa0abbaaba8a7a7a99a
b3aaa7adaca2a1a5a4a19e9ea1a0a09f
a8a5a4a7a4a1a4a2a3a6a8a8a3aab1b0
a7adadafb1adaea7abb0b6b2bebbb9ad
afafafaeaca2b0b8b2afaaa4a6a5b3ad
a6a3a6a3a8afafa7a9a7a9a4a1abadac
a7a0a2999ca5b7b7b7aea8a4a0a5a7a8
a3a9a5a5a8a39da3a2a3a3a6a29faab2
a0a49e9b969493939398999b9c9ea4a5
898a8f95969193999da19ea1a7a49997
a3a09e9d919ca19b9f9fa5aea79c9a8f
9695949394939e9fa0a096969f9f9c95
95a1a4a29b9e9e9c989d9d9f9c9a9e9a
9a9fa1aaafafa29b9ba6a2968aa09ea2
979a9b9d97978e91999f9c989b96a1a0
9798989a9b9d96978e97999a9a969797
9a9a9c99a1979ba89b969b9892909193
8b8c8b888a898c8f938c87909b9eaaa1
8079747a91979a999c9c9ba0978f8d8b
a7a5a6a7a5a0a2a49d989c9ea3a19b95
9b9ea7a6a29f9e9e9692a29ea8a6a3a1
bab6aca7a6a5a0a2a5a3a2a1a5a6a5a8
9c9b9da3a5a2a39da39daba8adb6b5a6
97a0a0a59e9d96a5a3a69c9b9aa4999b
9f9e9a99a6a2a2a2999f999ca89a8d92
9f9ea092989b9695939496a694999697
a1a6a4a4b19c928b9aa1a7a49f9e9c9e
8f91979d9b99959a9c9e9ea0a2a0a1a2
a39e9da4aca9a8a69f9e9b969a99949a
b6ad979f9ba1a3a3a4a3a0a4a19fa2a2
adb0b7b7afadabb4a4b8b4b2adacabad
9ba1a2a2a1a1a9a5a5aaa7aba8ababac
a1a09e9e9d9da0acb0bcb0a9a4a6a3a5
afada8a6a4a19eaaa9a6a59c9e9da2a1
adada9aaa8a8a7a8abaaabacabafaca8
adadadaeafaea7afb1b0b7bbbbafafb2
a3b1adabafa9a5a1a7a5a5a5a8a9b8ae
acaeabaaa999a1a1a8aaacaaa9a9aab1
a5a49d9ca5a4a9acadaaa8a8a4a8acab
aeaca49fa6a1a7a6a1a4a8a9a29c9ca1
a8b0aea39e9d9d999b9ea4a7a8a6b1b4
8d93989b98949494a2a1a8adaba09b9f
9e9a9b9e949ea09ca6a5a6a4a19f9b93
9a9a97989c9e9e90989ea1a4a5a4a19e
9f97a89aa5a3a29e9b9b9e938d959ca1
a9a8adb4b7b29c9ba0a19b9a90a6a298
9b9a939598988e969b9a9b9a9fa7a6a7
949599989b9d98979799979999939999
959798929e9c9d97989d9a8f92919194
9b918487848790918d8d8d8596a9b09b
918c87898a919a9b9c97999698969298
aaacaeaa9697a6a59b98aaa4a4a49c92
a3a2a1a2a29f9b9a9b9b9a95a9aaaca9
afb0ada9a9a8a7a3a4a3a39e9ea6a5a5
96989ea2a4a2a9a4a3a8a7afaaa9a7ab
93a29fa19b9f99a1a79e999b9c9b9c97
a19a9e93a0a09e9e9f98969a9a9a9996
999e99949897959998969995a4a3989b
a1a4a39ca0999392a1a7a899949fa09f
92999d9f9b9d9b9d9f9e9e9e9fa0a098
a09fa2aca2a2a1a49e989d9993929490
b3a0a4a2a2a1a1a3a5a4a4a7a39ea09d
b0b6c4b7b1afadaca8aeb4b2a9a4acad
9fa2a5a3a4a7a9a5a4aeaea9a8a8a8aa
a2a1a2a7a3a3a0a1a2aba8aaa99fa6a4
b4b1a8a3a7a3a7aba8aaa19aa0a2a3a2
b3adaaabaaaaaeabaaabadafb1b4b5b9
adadadafaeacabaaaeb1b5b4b1aeb3b1
a7aeb4acaaacaba9a5a9aaa8aaaaacad
b0b0acaa9ea39fa4a7b5bcb5adb1b0af
a5a7a3a3ada5a6abadaaababa9abaeb0
bdb9b3b2aca3a7a4a7a9ac9c99a49da6
a8a6a9a7a09e9da1a3a9b5b3aeb7c0c1
9b9d9ea09fa79a93a49ea3b2a59e9caa
a4a19c988ea2a29babaaaaa8a39d9b92
9b9c999a9ea19f9ca5a19da4a5a59ca3
959b96a0a7a7a4a19f9e9ea0a0a0a8a3
afb4babdb7aca39b9893989da2918e93
9c9c9c9d9b998f94989baf9ea4a9a6ac
929396989b9c999a999597999899909a
949a9c9797989b9c9d949a9892929294
9c928684969b9b9a9495998694ac968f
89948f9193a1a59d9c9b999497949398
b0b0aea89e98a2a69f9b9e9ea0a09a8f
a5a6a6a6a4a4a19d979b9e94a8abadad
aca8a3a6a5a5a5a4a2a2a2a0a2a4a6a6
998e95919a9ea8a4a6a7a7a9a8a69d9d
9aa4a89c95989493a2a29f9f9a9d968f
a29fa59a9e9b98989e9b94999c9c9e99
949696979d9b9c999b9c95a29f9e999b
a1a39d9a9b9a939d9ea8a7a19aa1a29e
969d9ba19c9c9b9c9f9e9e9ea4a09f9f
a2a09ea5a3a2a1a19e9c9f9d99928f96
aaa4aba8a6a6a2a4a6a6a79a9a9e9ea0
b2b3c3c4bcb5aeafababada6a7a9aaaa
a3a29fa0a7afaaa8a7a99ea7a9b1b1ac
a2a2a6a79ca0a3a5a8a3a7aaa8a7a9a6
b4ada8a8a39e8e8e9b9ca8a0a2a3a4a4
afadafacacb0b5b6aaadafafb3bbc2ca
adadacadaeafb5aba2a0a1a1a9a6aab3
a7a9aaa6a2a4acaca8b0afaea4aca8a7
b1b0ada9a5a1a59daab5adadaca8a9a8
9f9e9c9ea6a8aaadafacabaaabadaeab
b2afb5b4acaaa6a09eaba9acada996a2
aca9a7a69e9c9ba6a9abaeaeacbdb8b5
a0a1a2a3a5a7a3a29ea5aaa5a5a3a5a2
a8a6a2a29b9d9ca9abadaca5a2a6a19f
a3a19fa0a2a0a19a9ba29d98a4a2a4a6
959da2a4a4a4a5a4a6989ba3aea8ada8
a2a0aaada8a5a8a7a4a1a09a96978480
9d9d9f9e9d9f9d999da2afa3a2a4abac
909396989a9b9b9a99939b9798969896
a1a19390999a9b9c9c9c9896928b9089
91919298a0a2a7ab9799868294a9a8a3
958f93979a9fa19d979a9999988d9491
a8a394a09f96979c9fa59e9fa09b9890
a6a3a9aaaca29e979c9ca0a2a5a3abab
a9abacaaa5a7a5a7aba8a5a2a6aaaca9
a1a099919a96a3a29ea3a6a5a8a69e9d
a5a4a19ca09e9aa09aa4a6a79e969ca0
ae95828696a09f9d9aa0a3a5a5a2a0a3
979594979e9e9d9c999889827c8298a1
a2a3a5aaab9b9b93a3a5a6a09a96a099
96989c9d9a96939a9c9da2a8a6a29ea1
a19d8e959e9ca1a19d9a9c949b979496
ababb1aeaba8a5a7a8a6a4a19b999ba2
b0b3b2b2b3aea7a8acaba3a1a4a6aaab
a79e9a9fa7aeb1b0aeaaacacafafafad
a5a4a6a69fa4a8a7acacb3aaada9a7a8
abadafaeaba29397a6a9a5a5a6a5a6a6
adaaa9a9aaaaaaa6a8aeaeafb3becbc9
a6aba69dabb3adada7a8a4adadacb1b0
a7aba4a3a3a1a8aca6b1afaca7a4a8a9
b0b0aeaaaba9a3a7a8aca8a9a4a3a6a6
a29e9c9ea0a1a3a8afaeabacaaa9abb2
aca4a7a2adababa8aeaeaeaeaca09aa2
aba8a497999d9da4abacaeaca7b0b2ae
a2a2a3a4a6a6a5a1a9adb1a9a3a1a7a9
a7a49f9c9b9f9e9ea4a9a5a5a6a4a3a0
a8a29f9c9ba2a5a2a3a19c9997a4a5a7
a09d98a1a3a3a6a79e9fa2a3a5ada3a1
a3a6a1a4b3b4b1acaaa6a29d988f8d9c
999e9f9d9c9da2a4a5a0aeaba6a9aaa1
94968d969a989a9291969b9a9b9593a0
a397989296979a9c999e979893909290
9699a3a6a8a7a19c9d9d9d9d9ca6a8a6
8e8d90a5979f9f9b989a9a9a99919a95
a39e9696a1a0a1a6abaaa39e9f9a9893
aaa6a8a7a3a1a19e9a9ba0a1a1a2a6a7
a9b4b2a9a9acb1b0aaa8a7a5a9aca1a4
999f9b9b9a9c9fa09ca5a5a5a5a7a8a6
acadaaa29f9a9e9fa3a4a7a4a1959fa6
bcad9f9aa0a0a2a19fa3a6aaaaa8a99d
9795969f9b969ea0a19d908183889dad
a3a2a2a19e9a9ea4a1a1a4989aa2939d
939ba0a1978e8ba1999ca4aaa8a49aa4
a19f9ea9a09d9fa09d979b999a919995
a7aca8a5a39caba7a794959e9aa0a19e
a8ada9aca8a1a4adaaa9a3a4a7acafaa
a7a198a0a5abacacaba8a8aaaba9a9ad
a7a59e94a2a9a5aab1adaaa8a29e9e9e
a4afaeaba8a09fa1a2a6a2a8a6a6a7a7
b4acaaa9a2a8a5a8a7a7aeafafb1c0b9
9d979fa2a4aca8a4a6acaaadadadb0b1
a7a7a5a5a3a3a6a8adafabaca8a7a6a1
bbb5afafb0a9a8adacacaeaba79ca4a1
a2a1a3a39ea0a0abaeada9a7a9a9acae
9997a5a7a9ada599aeafaeab9e9d9e9d
aaa1a0a0a3a0a6a8a8afaea9aca9b09f
aba3a2a6a4a2979c9f9eaaa3a4a1a8aa
9da2a49e9ea0a3a6a3a8a3a6a4989899
a7a19a9d9ba4a4a295979e9ba4a6a9a7
a5acaca3a2a4a3a5a1a5a2a4a8a8a6a4
a2a6b0b6b8b7b3ada9a59f9e92908f9a
959b9f9e999aa1a8a69ba5a5a5a8aaa4
9e9b999a91969a93919a9a9e9b969e93
a09c9b9ba0979794a19e9b9497989797
8ea1a5a7acacada1a1a09d939ca5a0a7
90959694959fa0999b9c9a9a9c999797
a29f9a97a3a9b0b0adaca29c9a959499
b3a4acaba6a4a2909298978e9fa2a3a4
a99f9f9ba9a9a89ea6a3a5a7aeada2ac
959d9b9a98989fa3a4a6a7a5a7a2a09e
b3b4b0a49f9b9b9d9692a39f959796a1
a4a3a1a49a969d959799a6a7adacaa9a
97989c9b96a0a29e99999593969399a1
a2a09f9e9f8aa2a29e9ea5a2a9a79f99
9ba49f9a999d9f9da49fa8aca3a499a5
9a98a9989b9d9ea09e9c9f9f95949d93
abadb1aea3a1afa7a59aa5a5aba3a6aa
a8a7a7a1999ba2a8a8acaea4a9adabaa
9f9d99a0a2aba9a6aaa7a8a7a9a6a6a9
aba7a0979faba1a8b0abb0b49a979a9e
a1b3acaaa7a3a3a5a2a39f9ea1a59a9d
aba5989ba0a0a7a9a9a9acacacb5b0a9
9ca4a3a2a6a8a6a1abb2a9a9abaaaaac
aba9a8a9aca6a8a6acaeaaa7a7a79e9e
b3b5b1acaca6aca1a5a6ada496999eab
a3a0a3a19ea3aaa5acaaa8a8a9acacaf
96a5a7ababa79e9185adaea5a09c9ba1
a7a6a5a0a6a6a3a9acb1aeaba8afaca3
a8a7a5a5a6a4a1a09692a6a4a5a3a8a9
9ea0a2a39e9ea0a6a7aba8a6a3a3a1ac
a69e9d9e9e9ea29a9f9d9e9ea5a1a79d
a4a7a7a4a4a3a19ea19ca1a3a3aaaba9
acb4b6b7b8b6b0a29b94949b928f919b
9fa4a09ea09ba2a4a6a8a8aaaaaaadad
b2a59d9b949a9b9296999d9d9b9b9c9d
a3a39fa19b9e9f9f959d9c9b9b9b9294
819ca5aab1b39ca29b9086929fa7a6a2
92979493969e9b9c9f9c99999d9b9c89
a19e9090a3aeb0a59e9d9d9b99989a9f
aba8a7a79ea59b92929b9596a1a8a0a1
a9a7a7a3a0a7a4a6a7a0a6a2afacabb1
9b9c94999a9ea1a3a3a7a4a7a6a4a6a7
b8b8ada6a19c9a9a98958f95989d9e9b
9f9da3a39a95959799a1a3a3acacabae
969a9a989ba9a09d999c9a98999aa5a3
9f9fa39d9999a3a4a29ea2a3a3a69e98
9a9b9a999c9c9b9b9d9eabaca6a39ea4
9a99949694939aa4a09a9ba393939397
aaa7a8aaaab1a4a09fa3a3a7b5a9a7a5
a7a5a19d9b9aa0a6a6a4a8a4a9aca7a8
9d9c99a5b8aea0a3a5a5a6a4a8a2a4a7
ada69da1a3aba1a79faba79c98959a9f
a4b4b1a8a5a4a6a7a7a6a6a7aaa6a599
a7a39f999fa2a397a9a4a8adaba5afa3
a6a79fa8aaa5a6a4a8a7a8a8a7aba5a6
a9a7aaaba4a6a3a3a4a2a9a8a6a2a5a3
adacaca7a0a7aeaca4a1a1a49da2a1a6
a4a0a39e9e9b9daaa1a2a4a7a8acadad
a2a8aaab9e9ba2a7a7a89f9c9b9ca2a0
a7a7a7a4a3a6a5a3a3a5a9a6a5a5ab9c
a4a4a2a4a59ea09d9190a7a0a6a3a4a5
9da1a8a7a29e9ba8acaaa6a4a3a5a0a3
9ea0a4a3a0a2a0a0a09f9fa1a3a3a4a2
9ba7a9a7a8a59c9d9b9a9da2a3a8a9a1
abb6a89f9c9c9c9b98959c99908e96a2
a7a4a4a7a4a1a4a7a7a6aaab9dafaea7
a5a4a49d999da29d999e9c9ea0a2a4a0
9798a8a49ea4a499a69e9b979392899d
8e969eaeb0ae8f96ae8ea1a4a2a6a1b8
97969b96999c9fa2a29f9b9a9e9fa18e
9b9a8e878a9ea3acaaa6a49b9a959092
a2a2a2a2a0a396938d9f9f9ca19e9f9f
adada8a6a29ea6a7a79fa4a0b1a2a2a9
998d969697a0a3a5a4a7a8a9a8a8aaad
b5afa6a3a09c97929494979da1a19f9d
a4b0b3ab9d9c9e9da1a2a5a8a6abb09c
928c93969e99a19f99989a9e97a0a7a8
96999ea0a097a5a4a6a3a19e9b9b979b
898d949b9b9a9ca4a4adb0a7a4a29c97
999a93929395979b979b9ea79a9b9c95
aca7aaa7abada7a39b9ea5a9ada8a7a3
a3a3a09e9e9e9fa39f9d959ba9adabae
9c9b9a9b9cafa39ea0a29da1a4a3a5a0
aea8a09d9ca89c9394979e9b98959b9d
aea1ada5a2989c989ba5a7a7b2a2a6b3
9d9a9b9fa3a4a3a4a5a7a2a4aaad9e9d
a4a39fa5a5a9a9a8a9a9a8a7a6a2a4a5
a5a7a9a8a8a5a2a1a0a9a8a7a3a19f9e
aba4a6aeaba59f9ea9a1a4a7a5a5aaa6
a3a19f9d9e9fa3a7a6a8a6a5a6a4abac
aab0aca1a0a09ea9a6a49ba2a0a0a0a6
a8a6a4a5a4a5a6a4a5a9a7a0a3a7b1ab
9c9c959696949d9e9c99949ea6a5a7a7
a2a0a2a1a5a1a0a6a9a8a7a3a5a39c9f
9ea1a4a5a39ea3a6a1a4a5a29ea0a3a2
a3a2aaa8a6a09b99949395a5a6a6a7a2
b3b4aa9da0999c9a9fa4a29e9794999d
afaaabb1a4a5a7a6a6a6a3a19e9fa3a3
a29c999c9c9fa4ada9a09ba0a1a0a3ac
98a8a8a6a9a4a2aaaca0a0a79899a7a6
a5a6a5a1a2ae9499aca5a69ea6a1b496
989596999d9ba5a7a4a39da0a1a09892
999899999fa4a9b09f9fab9e98928e92
9ca2aea1ac9da0a2a19e9da4a79a9b9a
b0aea79f9aa6a5a99ea0a4b4a99c999b
8d89949190a0a29da6a9aaa08bafafb0
9f9c9b9a9d9a8fa2a29d99a5a5a19596
a5a0a6a49c9da29ba1a1a1a39c9e9f9f
939d98989fa5a0a0a09c9b9d9ea8aba5
999ba1a4a2a5a6a8a9a7a4a29ba3a598
99938b9b9b9da1a9a69da3ada1a09a9b
989ca09798999b9c9c9e9ba29a9d9c97
a4acaba6abada5a3a09da6a8acaba6a5
a4a3a1a0a1a1a0a3a6a6a5a1b0afb1a7
9a989c9ab3afa29da5a4a4a4a5a3a1a8
b0a8a59c9b9796939e9d989a9aa09b99
a5a9a3a29f999d9aa5a7a9a89b9faea7
9f969ba4a7a6a4a4a5a7a7adaca79b9d
aea59ea5a7a6acabababa9a7a8a7a3a1
a5a6a8a6a4a2a1a0a3a7a8a3a2a19e94
a7a9a7a8a9a2989aa2a3aaabaaa8a9a2
a0a19ba0a2a3a2a0a7a9aa9ba69eaeac
b4b6b0a9a7a7a8a9a7a39c9da5a69da0
a9a8a9a2a2a4a1a2a3a9a8a19faeb2b2
9597939598949da19c93a4a7a6a6a6a6
a1a1a3a5a1a3a8abb2afa8a2a09a9c99
a4a5a4a2a29c999fa09e9da59f9ba2a0
9fa9a2a398a0a19f9b9d9fa2a2a2a49f
aea9a9a7a9a0a0a39da7a4a39d9e94a0
adabafa8a8afaca6a4a59ea5a4a8a2ac
a2a09d9d95a1a3a8a7a09ea1a1a1a1a4
a8aca4a19da0a1a29b9f9f8d95978f93
a8a1a8acb0aea4a8afacaaaaa5a59d9b
9b95949e9fa49fa6a9a4a0a4a09e9a9f
99999b9ca29fa8ae9ab09c9c9c97908d
999a99a09b9a989395989e9b9a9e9a99
b1aca5a19fa0a4a7a6a8adb5a3a18e9a
8c898891979a9a9cb3ada1a1a4b2b191
91909299a49d9d9c969ba3a9a1959490
9ea2a69598989a9ca0a09fa09c978d8a
949a9c9da2a6a8a0a19fa1a4a2a5a5a4
9fa0a7a5a4a3a6a4a9a8a9a7ada39a96
9d9a8d9c9b9ca7aca89ca3a4a6a29c99
abaaa6a09fa2a39e9aa19ba19c9f9e9d
a3a9a8acaca3a0a4a29fa8abacadadad
a4a3a2a1a2a4a3a3a4a4a6a7b3afaea3
999798adb4aea39da5a4a7a9a7a1a0a5
b7ada59e9f949399a9a49b999e9d9a97
a3999fa29e9c9f9da4a3a49fa5a3b3a7
9b969fa4a8a5a3a8abaeaeb1adaaa7a9
b0a4a5a6a6a5a6a8a8a1a7a9a6a5a29f
a1a09f9da5a2a19fa2a1a3a0a2a09a94
ababaca8a69f959ca3a9aaaaa9aca799
a49ea0a0a0a4a5aaaa9faaaba5a1aeac
b6b7b2aeaaa9a7a8a7a39ca5a1a196a0
a7b5aca6a09f9ea49aa9a59ba3b1b5b5
9b9b98918c8b999e9aa4a8a7a5a8a8ac
a2a3a39f9fa3abaeafa99e999f999c9a
a19e8f9396999e9f9f9fa7a5a5a2a2a1
a4a498a1a29c9c9e979a9a9ba0a09f96
a5a2a0a1aba8a49da1a6a3a5a598a3a4
aaadafada3a4ababa6a2a1a5a09fabaa
9d9da09c9a9aa1a4a5a4a1a19da2a2a5
a4a9a19fa4a29f9e9f9f9d99a6a39f98
a8ada2b4b0a4a6a0a5a69e9ea49e9ca3
9897949fa1a8aaa9aba7a2a19f9b9ba7
93989aa1a3a7a7a1a1a49b9b99989393
9c9f9e8e90969293999ea099959b9599
b0ada89c9693969495959ea09d9196a0
8b9698989d9f9ba0adaa9aa3adaea48c
9fa2a2a5a6a08c92999c9fa79a9c9991
aeaa9394919ca2a3a3a0a1a09f9fa294
989b9fa3a3a4a49b9c999ca3a6a7969d
a0a0b3b1aca6a69ea29fa5a19da29f98
9ea191999aa29e9b9ba0a1a2a39fa3a1
afa5a09d999ea7a5a6a5a4a3a3a19f9e
a8adacaaa6aba7a5a1a1a1aaabacafb0
a3a09f9aa5a6a3a7a6a3a4a5a5acada9
99969697a5aba29da3a3a9a9aaa39da4
ae9d9ea19a8c919aadaca4a49e9a989d
9c90a19b90a09d9d9c9f9aa1a793bcb6
999ca4a6a7a4a0a69b9a9290a5aeb5b0
a6adaaa8a9a7a7a8a9a6a4a4a4a2a39d
a1a6a4a1a3a4a1a2a2a3a39fa1a09ca4
a4aaaca6a5a2a29aa59eab9aa5aba19d
a09fa09e9aa3a9a8a3a7b0aba19d9ca9
a8b4b1a19fa5a6a4a49e9fa1a4978b9e
a4a3b3a4a4a09c9ea2a5a5a3a9a5adad
9ea09c928b90959ca0a4a6a5a2a59ea2
a3a1a4a19ca6aba6a8a39f9a98929a9c
9d9490959d9d9d9e9fa1a4a4a4a3a2a0
97a395a0a0a29b989b9a9c9c98a2a59d
a0a1a0acaeaaa29ba0a3a5a3a1989ca5
a9afb0a9a49e9a9d9ea0a2949da5ada6
9e98929a9aa1a4afb0a2998f9695a3a3
a8a6a7a4a39b9b9ea4a4a3a4a7a6a39c
aea9b5b2b0a7aaaeb4afa8a3a1a4a5a7
99a09e9ca1a4b2a9ada8a3a19e9d9eaa
95969ba7a59ea3a19d999f9b9a999695
9f9f998a8f8997999d9d95939399948f
9eaaa69f9a98a0a5a0a4ada09090a5a1
92949b9f9f9c939e9a9ca0a8a9a8a29e
a19ea0a6a39d8d9b999da5a59b969696
a59992929091a09ea2a0a49d9fa09d98
979a9f9fa1a29e96999aa0a3a4a5979d
a29fb3b3afaaa79ea1a2a19ca09e9e98
99a2a29c989b9b9b989a9d9d9a9da4a3
a89d9d999e9fa2a4a7a7a7a7a2a09f9b
abababa5a8a8a89fa29fa6a8a9a6a6ac
a09f9c9a9dacb1a7a6a6a7a6a2aaacab
8d8d91a7a6a3a09ca5a29fa6a7a0a0a4
a79d979b9e99989ea1a7a49f9b9c999a
a29a9c989f9e9e9b9a9d9ea3a48dadb9
97a0a1a7a4a09f938f96939ba6b3b5ac
aca7a9a9a9a7aaaba99ca2a3a19fa299
a3a4a3a5a5a0a3a6a3a4a4a1a1a4a9a5
aaa9a3a4a5a3979d9da09ea4a8a5999d
a1a2a09faaaba9a1a1a6aca69f9fa79c
aea8a6a4a9a8a5a3a2a4a4a19a95959f
a0aba6a2a795a2a09fa7a8a99da6a5b0
9b9b9a909c9c9d97a09fa2a3a7a9a5a2
aca8a6a09d9fa9a7a2a1a29b9a9ea19f
9d989a9ea49a9b9ea3a5a9a2a1a0a0a0
a7a5a6a5a5a09e999a999aa2a5a8a8a5
a39c969898a2a7a3a3a5999da39b92a4
a7a5aba7a8aba3a99e9fa19da5aeaaa5
9a9c9c99a0a4a6aaa3a095989a98a09f
9fa19f94989b9d9fa5a5a5a6a8a7a29a
9fa5acaaa79fa4adacafa69ea1a1ac9f
919c999fa8abb0b0aea9a4a7a2a1a99c
979ba1a5a39fa29f93909499989a958f
a095969399a1929ea09b9a9c9e9a9792
a7a7a3a39aa5a4aba29a938c8c919e9d
959d9ca19e999b989ea1a4a7a7a7a39d
9da1b0a49d9392929a9e9ca297929295
97888f90999c9ea0a3a1a1a5a4a2a199
99949f9799979b9c98979c949c9c9698
a4a5afa7abaeaaa8a5a6a4a19d9c9b99
a1a7a69d9c9b9893969a9b97a29ba2a3
a39f9d9d9d989899abb5b4a8a1a49d97
a7a7a5a8a6a5a79ea09c9ca6a7989c9d
a19d9b9795b5bfbca5a3a2a3a9a7a7a7
8d90949ba0a09b95a29d9b9a9d9ba0a5
a3999ca6a0989fa2a4a9a29f9b8d8b95
a49f9ca29b9b99989a9a9a9ca296b9b6
a0a3a3a1a3a2a29f9b999ba5aeafafab
a2a2a8aaa9a8a5afaaa6a8a3a29ea09a
a39e9a979b9ca7a6a2a3a2a0a3a3a7aa
a8a59fa3a19d9aa0a0a5a0a9aba79e9e
a2a39fa7a4a9a79d989fa8a9a6a4a6a8
a8a9aca7a8a6a3a2a39fa29d95989f9c
a7a8a9a7a1a6a3a2a5a7a1a2a0a1b1a4
99938e9294949ea0a1a39fa5b0a9a2a5
adaaa39fa1a5a3a19fa3a4a1a5a79f9e
a095969ea29b98969ea1a1a0a1a1a6a7
b2ada9aaa7a09a9b9b9aa1a5a7a8a7a6
908f91989e919b9ea5a8a6a4a4a1aab2
a1a6aba6a5a8a49e9d9da2a4a59f9e92
9ca3a3a19e9f9f9f9e9b93969899a2a3
9e9b94899ba0a1a3a6a6a7a7a8a89fa1
a0a1b8b0a89da0aba4a39c9a95a8a99f
95979c9f95a1aeafadaba5a5a8a3a3a1
96979aa3a0a1a49b99959b8c969c918e
9b999890979b9d9c9a8f949b9b949694
9da5a29f9f9f97979a99909295909f99
9b9e9a9c9a9d9b9fa1a2a5a79ba09ca1
a2a2b29f99988f8a888da3a19a989798
948f8e8e9b9c9e9ea0a1a3a3a3a1a095
9b9a9b989199a1a8a09b98939092958d
a9a5a6a4a7a9abababaaa6a19e9b9a9b
98a99e9c9c9a9894989b9fa39a98a1a1
aba8a7a695989796abb9b5a7a89d9898
a1a3a3a7a5a19f9c9f9999a7a2999f9d
a59b989192a0a0a1a19e9ea1a1a2a2a2
9393999e9e9d978e96ab969593979a9d
a19f91a49d9da2a4a39ea39c99949093
a6a09a9a9a9997999897a0a1a0a3a69c
a3a3a49e9a9c99a0909098a4afb0ada6
a6a6a5a7a4a6aba6aa9aa9a3a1a293a0
a09c98a4a5a69fa4a3a0a09d9b9ca6a7
a7a5a2a19d9a9a9eabaaabb1ada9a5a2
a2a0a3a4a1a39d9b99a2a5acaaa99f9c
aeadacacaaa7a5a3a29e9c9d9b999da0
aaa7a6a6a6aba8a4a7a6a098a1a9abad
999492949697a39ea0a3a3a9b6aeaaa8
a3a79ea3a6a5a4a1a3a3a2a5a4a19e9c
9c949c9fa19a959da09fa0a0a4a7a5a5
b5afa6b2aaa19e9a98a2a4a5a7a8a4a1
9291939d9995989fa9a6a4a4a5a7b0b5
aaadaba6a7a5a19e9d9e97a5a39f9497
989da39f9e9f9d9d9b9e9a9d9b9a9ea4
9f9ba0a19ca6a6a2a1a3a2a7a9a69c94
a5a2a4a5a2a1a4a7a2a2a5a8a3a6a59f
99999393a2a6aab09da7a6a2a8a5a6a5
98999d9ca39ea09695999294979c8d8e
9b9c97969a9694989398909896949395
9fa5a4a59d9c99918f8e888b90919b97
9a9a9d9d9c9a99999ea1a4a79ca3aba1
a4a1a29999998e8d8f99a09f9a9a9492
919292959a8f8d969ca3a6a7a2a2969d
9d9999978e94a8aaa49e97949492888a
9c9c9a9b9ba6a2a3a5a5a2a19b9ab7a3
9a9d9a9b9a9a999a989b989896949a9e
9d95a5a09faaaeaba9a8a7a69d9e9296
9a969fa29e9c989a9b94a3a1a59d9e9f
9d9c9a98909fa1a2a2a09c9b9a9a9894
91949f9c9d9c9692aea29b9b9b9c9b9b
9a979597999ca0a6a6a4999998999798
a1a39a9999999a9b8f9499a4a3a19e9a
a3a5a39f99a2a2a29a9a9ca1adaca7a5
a493a3a49fa5afaaaaaaaaa7a79f9ba5
9a9a9897a7a6a6a5a39d9e9fa09fa3a5
a8a7a1a1999d9ea5a6a5a4a8a6aaaaa3
a2a4a7a8a49c9b99a59e9caba9a9a29d
aeada7adaaa6a5a4a29d9a9d9f97989b
aeaaa3a1a1aba9a8a6a3a298a5aba9b1
989a9c9896969d9c99a2a8abafaaa4ad
a4a9a29f99a3a2a4a6a7a5a5a4a19794
989ba19f9a9a96999f9fa19da4a2a1a0
b0a3a39d9ea59fa09a9ca3a3a29e999c
9a9da5a09e9c979fa5a6a4a4a59cb0b4
a6a6a5a09fa4a19f9b9299a0a19e9c9b
9ba39ea09ea19f9ca3a8a29e9d9c9da4
999c9f9e909f9f9fa1a5a8a9aaa49895
a7a6a9aaaaa7a6a3a095a6ada29f9e9c
9e9b9e9ea3a5a1a6a4a89ca6a6a6a7a7
9c9d9f9fa4a09d918f9d969597988c8e
a19d9d989b9d9693918898969b969697
9c9aa59c9a9996908b848c8d9291959b
9392969d8d9b988d9b8ea3a4a3a9aea3
9fa3a2969b8e949a989a999298999595
909594959896959b9ea3a7a7a8a59e9d
999998979da3a7a7a39e9a9193928f8c
969b9ba49fa4a2a19da09b9f9b9baf9e
949099999b98949a979894959695989d
a7aea8a4a19b988b9cb4baaca09c9c99
96989b9d9ca19b989c99a2a79f9a9f9f
9598999a9c9e9fa1a1a0999696969697
918898a09b9a999894929a92a09d9898
9a989a9b9c9da3a8a9a39191939b9b91
a8ad9d9a999a9b9a9293a2a6a39e9d97
a1a19fa2a3a59b9a9c9ea8abaaa9a4a2
a2a19e9c90a1b7a3a6afaaa59196a0a3
989aa09797a4a4a4a1919ca1a09fa1a2
ada6a09f9ba5a3a5a5a29b9997969699
a3a1a9aaa4999a999ca1a0a2a9a7a5a9
afaba7aaa8adafa3a4aaaba5a1a1949e
a9a9a09f9daaa59da4a09fa5a5a7a9b4
9a9fa4a99e98928e98a2abb0aba0a0a0
a5a2a2a09a96a2a4a7a7a49ea4a6a5a6
9aa2a6a39c99979c9aa09fa0a2a0a0a1
aba8a4a7a8a7a1a09f9da4a3a4a39d9c
909fa7a7a6a09d989da0a3a29c96a1b1
a19da09a9697a1a09c9d9c9d9fa1a097
a3a39f9e9799999b9c9796928f9d9da4
9ea49c828f999da1a3a4a7aaa9a19d9a
aaabaeaeada9a7a4a49fa5af9e9c9a98
a09ca29fa2a3a7a4a49ba7a3a4a3a8a8
929497a1a6a19a9f9ca1a1a397948b8e
a09ea29f9a9c9b959396979896959493
9e93a69b9a9d9692909594969698989e
979a9895989491978e98a6a099aaaea3
9ba39c9592949a9a9c978d9799999799
95979596999a989a9da3a7a59f9c9ba0
989097999ea0a6aca09c949295928d91
999eaba996a3a19d9ca39c9999999f97
958a9e9c8d8c8e95979a9a9a96979899
afaea5a0a49d9b8ca1b3ada6a39e9998
9d9b99979194a19b9a969ca8a4a5a4a5
999899999c9d9f93a19d949599999f9e
918e9298949798999599999aa69f9a9a
8e9c9b989ea7a4a9aa9b959899a19d99
96aa9c9e999a9d8f999da2a5a19c9f96
a29fa29f9ca29b9ea0a4a5a5a29f9a97
a2a0968b8b99aca3a1aba69a96a0a1a2
a1a3a19a9ba59f9f9f9a9ba09e9e9ea0
a9a79ea09fa4a3a3a3a09c9b949197a3
9d9fa3a7a5a69fa3a7a7a39da49ba3a7
adacadacabafaaa7abaeb29ca4a399a0
ada6a3a19ea5a398979fa0a2a5a6abba
9da7a7ae9f9b929a9b98abaea39893a1
ada3a3a3a19e9d9fa4a3a0a4a1a9aa9c
99a2a09f9c9b98999e9d9ea09f9e9f9c
a9a7a7a9a8a89e9c9a95a5a5a6a5a39f
9492a0a89c9592908d9493939c9da7ab
9c9ea19b989ca3a09fa09b9c9ea0a3a1
a1a2a29f979d939a979f9c9996919797
9b9f9688979ca0a6a6a6a9a9a89e9fa3
aaacacaaa79da3a3a1a0a2a79f9a9999
9e9e9ea0a2a5a7a29e9da0a6a5a3a3a8
9390969ca79f97969e9da4afa6958a8c
a1a4a09e9c9ca39a9a9795989b978c94
9d98a4a79998969495958b979998a1a2
9898969e9b878897969c9e9ba1a6a79b
9d9d95939698929b9c92949492959898
949994949b9d9a999993969e9e989096
8f908c8e95938db19e9a9a9592949293
9da3aaa3a09da19a989c9b968e959892
968e938d898d8aae979ba1a29f9a979e
a6a4a3a3a494939599b0afa29fa09b99
a39e9796969e9f9e9b9e99aba09ea5a2
9398899a9b9a9e999c9995909493a2a3
928d94958d94999c989f9e9d9e9b9993
8d979c98a49fa4a79a959c9fa3a4a09b
99a4a1979b97968f9096a4a3a19d9d96
98949f9fa0999c9f97a3a09f9c999894
a39f93909ca19fa9aaa7a3a2a2a1a09f
a2a0a19f9f9e9c9c9f9b9ba09e9e9ea0
a0a1a09f9f9d9fa3a29fa29a9f9d9fa5
a0a19ea3a7a49e9ba6a89c9a9a9e9997
9fafa5a5abb0aea19ea6a191a2a39c97
afa6a4a5a5a29f9f9b9f9d99a7a3adb9
999d989c999d90959ba199a89f9395a9
ada2a09e9b9ea0a2a1a0a1a3a3a7a9a5
999d9c979b9a9a989e9d9ea19d9da0a3
a8a9a5a09ea1a29da29499aca4ac9d9b
969794a5a19c978e919095949ca0a7a9
9c9797a5a59d9da09e9c9a9d9c95a4a1
a5a495989a9da19b96979e938e9e9c9b
8f999a9b9ea0a2a6a8a5a19e9c99a2a4
a4aba3a8a19da0a2a09f9e9c98989b9a
9e9f9fa0a3a9a9a9a6a1a4a5a3a3a1a0
94929897a1a19e9d9fa2a1a09e999393
9da19d9a9ea59b96a69991a39a928c95
9b9e9d9b989296929698959b9d9faa9f
969ca5a99f95919c9f9f9e9e9da1a19f
938e918f929697999699989493979795
9093928e91908e91909099949a989896
96998f9395979d9d96989c9896979795
9e97a59f9d95959d9997939295979796
9195858c88939293959aa1a79d9f9d9a
a0a1a4aca78e98959ea79fa0a19f939a
a59f9a9995959697989ca8aca19fad9b
989598989a979b999396939b9a95a4a6
94999b979999969f98ada08e9a9a919a
86929b9ca19fa29da0a9a29d99a4a19d
9fa4a09c96969192999b9d9c9d9e9c90
9e9d9c9e9ba09fa1a0a29e9c9a90818d
a295908e9d9ea0afb1a69ca5a09d959a
a4a7ada9a5a69c9d9f9e989a999e9c9e
9e9e9e9f9da2a1a0a09e9999a9a6a2a0
97a2a19b97a3a8a2a3979d989999999a
afaea7a0a8a9aaa29fa69aa4a0a99b98
a5a9b4beaea0a09a918c9aa5aca8a3b7
9d9e9fa19ba19c9995939398a3ada7a8
a8a1a39f9da7a3a2a19996a0a7a6aca1
9b929e9c9d97959b9a979f9f9c9ca2a4
9ba5a1a19f959fa29f9ca0a8a6a99c94
9a9298a8a39f9a989a9e98a09d9f9daa
a09ea6b5a8a3a8a39b9a9a989c919da1
a5a59e97939598908e919a979b959fa1
838e9e9aa6a5a4a5aaa5a1a0a0a0a6a4
a8a9a9aba5a3a3a3a29f99999a9fa09c
9a9c9fa2a5a6a9a8aaa9a3a4a4a2a1a3
9090989ba89f9f9fa0a0a2a2a39d9999
a09f95969da2999d9e9c9ea19b969494
a2a19f9e9d93979499979ca09b9a9ba3
9ea9aeb1a7999aa2a3a19d9f9f9fa2ab
94908e93969998999798989695979997
9695928f939595948f9f999999919295
9d9e95989b999897969193999d969b95
a097a29c9c9d8c949394949494909297
989290888891969b9e9b9ea79e9d9d9c
9ca1a6aba59c949a9e9f9f9e9d9f9c9c
99a09b989892929a9ea3a4ad9fa5ac9b
9c96929e9c9c9a9a9da0a4a0a0a5a7a6
97979798969a99a3aeaca19e9b9c9e97
8a959b979f9fa2a1a6aba3a0a296a29e
9a9f9e99979298989f9d9099949b9c94
9e9d9a9aa0a1a1a7a3a29e9d9893908d
9b989998959ea6a89e9b9b9aa09d9a99
a8adb09d9d9c9da5a5a09a9a9b9c9c9d
9c9e9798959493929f999aaaada7a2a7
9f9f9e9a9a9eacaea29c959a969a9a9b
b0aea9a6a6a6a7a39ca6ad919c969091
9e9eb8aeac9e9b9493999c9fa0a9b7bb
a09d9da8b0ab9c9a948b8f92a0a6aaa5
a6a5a8a4a8a8a29e969b9fa2a2a0a69f
9b9b9c9c9c97979b9c9e9f9e9b9ca4a0
9ea2a3a5a6a7a1a7a3a19da1a59f9e94
9098989ca5a19c9ba1a49c9b9d9fa39f
a1a2a7a6a1a7a89e9ba19b9d98979498
aca7a0979392909085969c9aa0a3a49e
a0a4a39d97969595a79da5aaa3a4a7ab
a6a9a4a5a5a4a3a39f9e9a9b9fa3a5a1
9ea29ea0a6a6a9a2a6a6a3a09ca0a4a5
8d96a4b0ada69fa1a3a3a4a5aba29d9e
a19a91969f98939f9fa49a8f878998a1
a2a0a0a09e9d9f9f9e9ea0a0a1a493a2
a4abb1b0a8a29da3a6a29c95a9a1a5a3
958e88899e9b9b9d989a97979a98999c
9c99949498978f8d9d9da0a79c95979a
9797999996898c8b91969c90a09c9d8a
999ea19d9d8c8c9492a09c938f929693
9b9b94918f8d8a979c9c9ba29f9e9d9c
9fa4a8a89fa0a2a2a19ea4a6a59f9c9b
9aa49e9e989290999ea4acb1aaa8a89c
9c9898989b9b96909196aa98a495a6a1
9e9d9b959d9b9a9eb0afa49f9e9f919d
959a9e9e9f9f9a9a92a3a4a4a2a2a3a0
9c9c9a919392959e9c9a999c9ca19c97
a5a5a3a3a5a4b0b0a1a09e9c8f8f949d
9a999797929aa1a99c89919e969e9c9c
abb0adaea6a0a1a29f949a99979c9b9d
a19c999a97959190939f9fa7a6a3a4a7
9da19c989b9aaca99d9997a3a39b999a
a9a79fa5a0a5a1a4a3a2a1a9a1a69182
a4a4a29ea2a39a9193979da0a7b4a7bf
a2a19c9b9d9e9a93928d8e95a2a4a8a4
a1a3ada59c9a9e9b979ca4a9a5a1a5a0
9c9e9c9c9e9c9c94949c909c989da1a3
9ea2a3a39aa69a91a1a4a3a4a2a79f99
9c9b999b9aa09e9da19f9b9c9f989c9c
a9adaeb2a0a6a79e9b9a939c99948a92
aaa09f999d9a969599959e9b9ea1a3a3
a4a7a59994969595939aa0acaaa9a5a8
979c9c9f9e99a0a5979a9aa5aaaaa7a4
9f9a9ea0a6a5a9a89f99a0a49da4a3a3
9b9faeb6b5a9a6a19fa1a4a8aaa1a0a2
a88f9194a09fa3a0aba489878a868a97
a6a2a5a5a2a19f9da1a3929ba099969c
afb0b2bcaf9fa3a6a7aaa5a3a8a09fa1
928f92948f989a96949193929295a5af
9c9894959c9c9793999ba3a395929b9e
97968b93918f8b929b949d9f9b9c9983
aba9a09c98939196979f939490909299
9f9b9a94918c9790929d9ba0a09da1a9
a6a7a8a39c9191a29f9da09d9e999d9c
9daaa1978f9390999fa3aeb1a8a5a29b
9f9c93979598939099a4a6a4a4a9aaa4
a3a09c909e9c99a7b2b1a6a09f999da1
909b9c9f9f9e989797a2aca1a4a4a4a4
9d9e9a94909095999c9c9c9a9c9d9d9b
a6aeb0a9a6a7b0b4aeab9d9d9791999a
a09d9899989ea1a49b939295a1a0a0a5
9d9e9aabac9fa09d999b9a9a989c9a99
9e9398a0a0a09f9e95a1a3a3a2a1a1a4
a29f9d9f9e9b96929b9e9b9a959d989b
9f9a999996929a989b9ba8ada8a39884
aaa89f99a09c9798999398a1a4ada5a3
a19a9d9da1a19d969b909597a4a6a9aa
a3a49aa0999d96969c9ea0a3a2a2a1a0
9c8e9e9ea0a19e9b949b8d85969b9ba6
9da2a5a5a2a29da0a2a3a2a2a6a59c9b
9da0a2a4a2a09e9e9fa1999a9d959a9d
a8abaeafa6a5a69f9b9ea09c99948f8e
a09da2a29f9b9a98958f999ca9a59e95
9c9c979495959494a09aa6a9aaa6a6a2
9b9a9a9b9b9a9ea2999da3a8a295a09b
9b979fa1a5a6aba4a3a5a3a19fa4a099
9ca0a3b09baea89e9ea5aca8acb0a6a4
9c989da1a19ca6a29d9a988f939a8f8c
a6a3a6b0a8a8a5a3979b9b9da29e9d9d
afabb5b3a6a0a2a7a3a5a2a3a4a5a1a1
938e9595948c989e95948f929297aabb
9e9797949a97959c9f99969a98959797
938b93948b8c8d918d9b9ea09c9f9b9f
9a949c9897998a959b989a9f99959895
a19c988e9593928f95a1a39f9f9d9a9e
9ea29bab938f96a3a4a3a2a8a99b9aa4
a3a9a39d9a968e989192afb2a9a6a8a1
a09a9791919497939a9ea6a8a6adaaa7
a3a09da1a39f9da3ab96a8a39d99a4a5
8f9da1a2a09f9b9c9499a69aa5a5a4a4
999d9c90919596938c91999b99919d9c
a3a7a49ba79fafaea6a29b9b9a939a97
98959697969a9fa3a4a39fa0a3a4a4a2
9d9ba2a4a99b9fa49ba2a0a19c9b9996
95999d9ca2a4a59b98a4a3a8a5a2a09f
a091979b9b9a949b9aa4a19f9d959f93
a29e9b9a918a969697a38ea7a6a5a6a4
a9aaa099b29c9a9a999a9494a2a2a6a2
9ea19fa0a0a29d9b8c889fa7a5a6a8a9
a19b9f9a949396999e9fa0a3a592979d
a59da19d9fa5a29690999993959b9aa2
99a2a5a4a5a8a6a09f9e9897a8a39ba3
a2a4a09da2a19fa1a09b96959d959290
a4a6abafacaaa3a0a0a3a49f99969391
9da5a3a3a19898958e8f9ba1a19e9690
9b9c9493959593969c9b9aa8a6a2a19f
9c9f9e9e9d9d9d9d9e9d8d9098949b9d
88909b9ca1a2a3a2a2a5a09ca5a39e9e
95a2a5aaa89ca5a19fa6abb2b4b5a8a2
9f9c9c9e949da4a2a2a2a09796989592
a4a1a9b5acaca7a6999d989b9c9ea1a0
919ba1ab9f8e8ba7adadaba6a3a6a0a1
9496949b95909f9c9d989694908d9e96
9b97918d91958f9e95979a9b9b949694
918a8e8a898b9295989a9e9f9f9e9ca2
a1a08e92989aa19d9ca1a19e97958b95
a19f9b949a958e949a9ea7a09d9d989f
a49296a49c96a3aba5a4a2a4a3a4a599
a2a1a09d9797939092a1aeb9afa9aba9
a199999492979b9d9e9fa5a2a5ab92a3
a39fa09d9fa1989ca499aca59fac9f9d
9b9fa2a4a3a2a09d8d959f9aa1a19e9f
9c9d9b959596979491939b9c91929e9d
9ea0a19ea2a5a9a0a59b96979291979a
999a999c9e9e9c9d9da0a7a1a4a2a39f
9c9b9ea0a19a9fa3a3a7a29e9c9c9a99
959f9e9d9f9e9d9ba2aaadada8a4a19f
9293999a9a99989598a9a7a299989d95
a9a6a19f968e9c9c9ea09e9e939ea39f
aba8a19a9a9999978f9d989a9c9fa0a4
9f9fa0a0a2a2a09b9996a3a8a097a2ac
9da09f9c9b979b9ca3a5a6a99f8e999f
a5a4a0a1a8a79d9b9b9c98979c9d9fa0
9fa8a7a7aaa098a4a2918c9aa9aaa8a2
8e8c9393a2a1a3a5a49e9ca09b97968f
a4a1a7a5a08ba1a2a5a4a2a19f9b928e
a2a9a39f9d99939597979aa09991909e
90979793919295a09f999aa6a8a09ca1
9c9fa09fa5a0a09b9c9b95919a849baa
92919b9c9a9d9b9d9e9f9c9da6a2929a
a3a6a0a4a2a59f9c9da1abb1b4aea8a4
9e9f9f9c9b9fa3a0989a979294999d98
9f9baabdb2afa7a392918e999a979f9e
9e9e9ea09f8f889a9fa4aaa2a7a0a1a2
939693969fa19d96979391948c8a969c
9d9892999c9fa8a08c929ea19da19a94
9698958c8c9495928f9c9d9d9e9ea0a5
a79390989e9ea0a3aab3b0aeac8e8a8e
9e9b9d9c9f939da49ca59ca19d9f9a9e
9e9f9faba3a0a6ada8a7aba8a8a3a397
97a2a0a09f9c9999999badb4b6afaba2
a59a978e96989ea09e9ea0a5a6a491a8
a1999ca9a49f999e9c9ba8949faaa3a0
9fa2a6a7a7a59c97979ca4a19ca4a2a4
9098958f9a9a97969a9e91999b9e9f9f
a2a1a0a1a4a4a4a5a59f959193959c97
999a99999c9f9e9ea2aaaea59b9ea0a1
aaada69e9d9a93a3a8a9a49b9a989896
a3a19aa09fa3a0a4a9aaa5ababa7a0a4
98979c9fa09b989ea0a5a8a39d9b9fa0
b0aeaba4a0a09c9ea0a2a29ea3a0a09f
a8aaaa9b9c999b9b929f9c9a9d9a9fa0
a1a1969e9b9d9b99989fa5a19f9da592
9f9a999b9ba29ea1a2a3a5a4a09a959e
a39b9a9facaaa1a49d9a9a9b9da6a59f
a8aaa7a19f9c9486a187979a9196a4a6
8f9294a4a1999a97999f9d9d99959796
9ea0a99c9394919a9ea4a7a7a69a9191
a4a0a09d9c95968e909b9a98979092a3
98989a9896999394979ba29fa49f9ea3
9c9faaa6a09b9c95939c9c9f9e9c9aa0
93939b9c9b9e9a9d9f9fa0a18e889a98
9cadb59d959491908f8fa8aeb0afb0a5
a39f9ea19e9ea1a1a39b91978893a09e
a397aabc9db2a8a29f9fa29d9e9c9da1
989d9c999c97959aa4a5a7a19da1a2a2
97979ea09e9699979e9a958f9092929c
9e9d9aa0a49799a59f969c9b93939895
9fa2a09d878c8e9397a29d9d9e9e9ca0
9e8a97a09d989ca3b5a8a4a2a09a9493
a4a4a0a5b39f9fa1979da7a296a0a4a7
a7a9a1ada5a3a7b2beadb7b39ea1a7a8
9ba6a19a9c9fa39fada5abb2b5b5b9b0
a3a49994908d928e919895938ca09599
9ea2a1a1a2a09fa0a4a8a49aa4a3a5a2
9f91a493969b9a9a909f9c999e95a1a6
9c9b8f8b97949495969b989aa2a3a09f
a3a4a4a5a3a4a5a6a6a49b9b9a9c9c97
9b9d9a96909b9b9fa5aca79c96999ea1
abb3a49d95898faaaeaba59d9d9a9298
97a3a2a4a6a3a5abadaeafaca6a3a3a6
96a0a0a1a4a5a198a8a8a3989ea9a2a2
9ea0a1a994a49c98a0a2a5a9a59ea29d
aba2a7a89d989e9ba2a099969c9a9ba3
9f9a999fa09e8e9095a3a69a929e989f
a69e9b9fa1a1a0a1a3a5a6a4a2a09e9e
a69b9ea0a0a1acaca19c9ca09dada79d
99ababa59f9c9a97968c9a9b939da3a9
9b9c9fa6a0a0a2a3a29f9e9c9b95a09f
98a5a9a5a09a9e9ea4a6a29da2928997
9f9fa2a19e95959896989a9b99999b94
9a988d9e979a959696999d9fa49d9b9f
9da0a5a09f9d9d9a989c99a2a4a79d9d
9496989c9898959a969b989595948f95
9bbfa99796968a8c8f93a8a9acaab6a0
a19f9ea49c9e969a9c9d9b99a09c9ca0
a2a3a9a9a89d9ca5a3a5a7a29c959bac
939aa0958e86989da5a5a19f9daca499
949893a09ba0a29d9998979296949495
9e9a9ca39b9b97a49f9f9c9a9a98919a
a29794938d8b939aabaa979fa1a39fa1
9b9e989a92a0a1a3a4a5a3a3a09b939d
b2a79f999ba0a3a7a6a8a5a3a2a29bad
a396a8a9a4a0a6b3bfa7aaa39da0a399
a8ac9f8b9dabafa19ea0acb2b3b2b9b1
9fa79f9b9e9590949c9b9b9da297919e
a09fa3a49aa2a1a0a4ababa0a6a3a7a5
998c958f9c9d909da29e9c9d9ca0a7a3
9f9c98898d93919398989a9491989c9c
a5a6a6a5a7a7adaeada2a5a4a3a09d96
9b99969a979c9da6adb0afa7979a9da4
a3b0a29b928aa3b6ae9da49ba2a29d9c
a4a1a2a7a8a9acafaaafafa2a3a39ba1
a2a2a3a4a5a3a2a6b2aaa6a6a7a9a7a5
a0a8a09fa4989c9c9fa2a5a8a49ea4a0
aea8a79ea0a19e9e9e9e99919a999da6
989799a09f969695a09e9d9a9da1a9ab
9b9ea1a7aaa7a29fa3a2a1a3a1a19e97
9ba0a3a29ba3a6a5a99fa6a4a2b19c9a
9ba094a59c9c9c9993a798949297999b
9c9aa0a7a1a2a2a19b9d9aa09d9f9796
a49a999b969ba1a1a3a1a6a89c9993a1
8f9aa29f9e999b9b96989c9c9c9e9c94
a09797999b9996949ca2a0a8a2979a9d
9da6a3a3a19e99a09d9fa0a29ba2a1a0
959798989595979b9d9b959397909090
a2a0a6a1a097949a9a9da0b3a7a6a3a0
a2a0a1a1aa8c9199a59788a8a99ca0ac
9a9e9d979ba29f9c9a969b9f9496949c
9c9fa09b9a9594a1a19f9f9f9ea0a29d
959b9b9e9f9d9c9c979e95939496999a
9299a59c9ca49fa2a6a6a19e9e999495
969ea3999098a4a4b1a29e9ea7a6a4a2
958d9394a0a6a4a0a2a0adb19d9b8d8f
c3bfa194a1a9a7a4a6aba29ea6a9adac
a3a098a29c9ea0a1a8a3a3a8a2a2a8a4
aca59b93a0a9ac9f9f9d9dafb3afa8ae
a29f9a9da49f969c9d9da3a49f9c99a1
a7a9a7a9b4ac9d9fa4a2a2a5a8a5a7a3
9593939196999b9ca2a3a6a4a19ca4a8
9294928f919294969b9c9fa19298a299
a8a6a6a2a8a7a7a5ad9ea8a4a39c969a
9e9a93979c9da2a9adb5aeae9da3a4a7
a4a19c9a938fadb0aca69e9c9ea1a3a2
9d9da1a7a6acb3abacaca3a2a5a4a3a2
a6a6a59e9fa0a2a7a8aaa8a9a9aca8a4
9ea2a5aba79a9d9e9a9f9fa4a59ba39d
b4a49b9e9ba5a4a0a19b9b999b99a5a7
a0a099a79b969c9e9fa0a2a2989ea7ad
a4a2a9a6acb1ad9e9ea1a6a6a59f9c9a
9a9fa2a09d989ca09f9ea1a7a3a59ca5
9f9fa09ea29f9c979a9993979798979c
9f9b9da4a0a1a2a19c9d9aa29f9a969b
a19ea8a6a4a4a3a2a3a5a4a49c919d97
9f94999c9a92a98f97909e98a39e9f97
9f9da2a4a19b969698a69fa69e999c9c
a1a8a6a2a6a9a5a4a2a19e9e9f9f9ea5
9493949694958f9aa49a9b9894979494
