7E4EB96D4BCB5898BAF6C4403755C9F3
70515F737DD0C28DA1B7EF40D873CFAF
E88DB2F8707CEA4693475CDC3C699BCE
7644B825D2225BFE51432E6C39D035FE
019BFC501DA9CCFE6AC70FB44CBF8DD6
374B434E027363C2AFEB9C6CDFF26F67
B3F7DA5CC2A0D9BEC32AE8E50811CBA1
ECBE3D2E657B14C07DCA83CCED783838
04FD48F3593CCA854D42DED2E584AEB7
463A9D1A229633E4180C11AF2D781049
A26AB5D2139495422611E597BBA0F8A3
607BFA3F9BAB1F3626E3E53FFE3CDD69
834145F68B4CB462D56C03761107F53F
D76D20B033979C9F72D6C43A1C4AD46F
8FAED8A5142BD489F216BC5473E2116B
C3A58173B28CC733250EE1A63EA7612E
B6332E3402D423372A5AA28FA83D2B3E
3283F0BA6FBEE376278925968B574C49
BEA16E8B2EF5B77C70C47655A95F8ADA
35003515077F1A11B952EEB273945F20
A8F77EDCFE07160BEF3A56EB5E95C6B8
3755C52DE77D73B0AECC97D5D81A093B
3BF517D17A6919F4A40A0E34628A17B5
A92F42AB5939D811AC45C91A1289AE59
92A85DF865F8D7480921909E7FA9685D
5712D8D1CF688474E4E855AD2F10E126
78A7D16F92FA591BD2CC33F98CC237C5
C152646A98DA676CCD89CF6B1F670572
BA958B2E1A71BA9C0299DA04986311D5
470BA92742F97033136E1313FB87380E
9F1011838879C84FA67B57EBE12C4CCC
FE8B6C99D428CBAB1F7D2354C9E653BD
38F376F034925025976911D0BBC9741A
D5EE20B190A12F9F9FDAE7F948669704
9FCF93312FA0BBF67BC2E822240ACF6F
14E0CC0DCC0A19E803932164F246B07D
4102B782CA4D4B474FADC9A8D517F202
62E3C3192353A4301C76937D8075A3BB
83C4227CFC42C3940BCEB2371CFBA2F2
3EC8D9CECEDFC3A0638BEAB9F44D2088
94F50956FEA2E5C509E59A0F321D5429
372ED8FED44727F634BCE811B72C6A0D
99727DA1243D933FDD1983524837F426
DBB20621B90B2301139BEAF881BE6486
1F218DEB197826912EB60C1AA21B9861
3FAAFE1F83DA1EEEDA647504216A863F
712A9EDAD2C603A875B63DE5850DDF22
E9A57D91B66860070222C67CB1CD1095
99EE077A4F70187309C40FB04832E7C4
AFB10F907EB36BE11C6F47CA58E68479
AAE6EAEAC4A6A21F2B7DE7E1E286E1DF
C51914DF3DA0EA096DD0BDB68E4447A0
7B732E70A729362A1D4DE935BFDE16CB
8378BA1B3700757297B4F0A88B3EFF83
A480C44672233C0DD13D0F77C0AD2E06
C54A77DCD7632ED7D5DE09877DA7D152
6371686E08BEE1E68D8A1C3B7AA60FD3
4D68862AF23FC783C6834A207509214A
F232957DBB2B5C73557AA0BC904A4932
42934273831B53355DA680F08DB0E872
F61BC000B1DBCACDCED122B46A439E30
B19E3DA669F6D746C35FF01D6C15E792
3DC7A753DDB03C417AF7349BB26CC159
2F3C1CFE34B9BC592367FB1FC5EB5D11
808C258A6F297CCDF51A11590C5448AB
CFAFFC5D552E74B0A3896273C1903ADF
AD06CCB026F3FA82E9F5DE444D4463C7
823A6CB2DD35D9A12EA585EDA077AC6F
770F04CA9D8429C63313516C0C7345B7
F54B5C99AF55998774EA646DDAEE99F6
B5197198F03566908B319FC49866971B
A1BA0203CB81E3122B7BD45852B9E15A
F1024572A2E414FA5162038DA132B7E0
1FD1F832CDD88D432419094039BE64B2
7D41707BC794214BA362BDAC9C980FFF
D024A3EDB9D331B4DD64713E40976331
9C19F34EAD493C963A86E9DC8882618A
42F220FB59D0497E6B8C08AD8012FE08
AB2DD3A22568DBDBA18C1D65B5312127
904676D20C4CB270B4DE1BDE470C5DF2
20BFDCF2392169B128A0F80D409EBDE0
E1DA31890CF26F9BF43A007A63457387
CFC6F5F0E6973D7EC1293DF7874A8676
AEA42BB1F243352E896B1BBB0F99CCB0
5A9BCEA23A6BF302953957D2D22FBA71
1E41ABED8F9263A5E6A3BD1262D7ED33
06640FACC1C14AF93213BCB137FE4476
04BB0FE2DBB12D30DC9B1AE78D7862CC
B0E9420144D8AA4C1734C657FBEC3FF8
689A29370AD619BDCB050D748A1E92B5
CA55EB5A33C8F39582B2371C61328F11
0EC5496BF8214C3DEC8BCF425CC07E0B
E2211EE8A0E065DE5FD3CBE77F7DED6D
CE7B3D4F5F0475405E45D16852C6BDBC
BB23E4082604A6E104AEA42B63B67B53
CC662233B9DD6F5E41D1373178068B02
AFC4ADDA2BB662756C22BBC34950B3AD
3D8B40B02C1932647C99E73B330C545A
7B62309D85DF5A588FA463B71137F42B
3868D1771F92144C0D73FCD82D8D71C7
5948D9D097D058AB8619A0307FA5297E
AFDEFF968E9C871DA42BAA93DB2C7E67
C63E4EA1BE100D029BDF197502F653AC
1637EE06D8D1DE2689749F042AEE6DC0
7488A12A7508D3E86DEDD8216141701D
42DDF014321FA355F3E95B207C992C57
64C885FDE9F6E205019C48B7DA871CA5
7ACC115C70D8266F4F4AA614CD8D4E85
245EB275C6638C0A73AB8C26B7D7ABCC
0F3115BC398C077C3A30293BB3177836
0F293F759BF988174C27B045697EE080
3C6983BBDA18D042C01A5D8211DF3FAC
ECFB9108E23C708B82192D321B84E491
1B47158166BDF173883EE5C01579CDFC
0B188001CF75A5D51C26B7A5FEF82F52
DAA8D0B185913604A14B685A756FEA0E
B848B2E1790EFBB9BE3744FD86BCB535
D7E1EE0405953CA36DA192662F441303
EB451A035078D93AF18F839EF431585A
E387757985CE8043322737EB865A5796
02DFA0F3D8FDA758A9ED07DC57AA003F
A2F93D15BA8073EAFA009BE9026A09D6
B018A0DAAC81B2132D09D9222027CC87
6302D99BFD004382C54D8D626081D82B
2CFCC70F130F1479A8AB575EF103A633
DFA4AF35090153A88BD934C008905B25
0C5E9D9AA9358DB9808E68DFB9D51404
9843774DA378F51A36DA011D237A7E95
E9746D0C879E2096BA9447279EFD2645
24BF002355E3DA66619FADD712C05788
A280B39EEE401A62F59476246CB5B993
090BF375907DC53AA9CFE6F7A3F9C6D0
C2CF0F485D7EBE7F0582C8D7F39F720E
F3FFEA8B168F0D5672FA8AE0E1B653A6
22718E2E9036C86B304DEF99B9527331
A9F0C9615A260391C36BE5E9635FA221
1AB22632A431AF6FB6C190DD028868CA
BD626554D3D7E489F39AEBA08E9512B0
2FAC4CDD498DBE280C45021638270739
FFE4E96E872318BC0D7361D620F61E93
F2A87F2EB8864D4810D578B6CF0C4C30
E265067295F3065AD94197A18601CDA0
0D19AADD55A21093ECE1B3F1BD7D70C4
96DC3C54E772198F506BF18686F03F0A
9C5E37B63752F5A5DB47E8798FBC5399
7465FDE118304F84FAD7C643A6550B0F
BA15FD6076EB119031A7AA09C4EA30F8
65292A2ABAD12CCA1ADA47BF2539DAF6
DB305E612036A830B8062435F449AA04
9D171C4FC71E595C3FB9EED3C1CF5B9C
6BF22FDA65812B80D3D83E970A14FEF0
B1C8EB034A524C1E28F352B7633BAB31
36BEAE2E05899050BC281A76020CE66A
EC1D7E9DEBBC653632A97A435C28F5C5
D99B79BBA1545DDE279F765EF937448A
4FC1578E427C4E9701F29DE00671A090
EC42BD9E059AB0F476A5B3B4C19FA7DD
CB058507CF21243913264B2ADAFCE896
CAF3C9A17841CF95748EF6F59C9CECB1
EFA05AE6540955F618419BE4E9F995E2
5A4656513592C03D730A741A8F86757A
251D42EDC515DA4A697BE59254CD6822
EAE59DC77C21D9F2D6A77E39449F332A
7C8589E5AB9840208123CE364131EE0A
E8A30113390E0103D10C50FFA6BE4F61
4F38C99116D4DD9DF5B2ED1EF3031B93
A9B64D08A6A6217D410F184F3256F9EB
2BA9940EB3BCC90024934E23468D456C
3C0CF98D690FB8B820257C9CF4B562FF
CB66B872F91D6604B11BB0FF6CA97B19
13CF77D557F4FFC38C7863C3AAB1B94B
BCFAE1FA2809E1C13A35894DF0A534FE
262FDA160E9ADD286D837D415647F09C
8BFD3E62876092EFFFD0774B9063111B
E0C22DC4846EE7FF54EDE6DD97D080C8
27A2276F34D2048C40ABF420B7EFCBF5
933043C714DB2FD7C73F64BA38316ABC
16F06EBB7EECB2CA5C9FCFFE28E0602C
45B2C9168A00F2BD806A722E02C0FBC2
B3281ADA602518A59C726CC0774B1E77
25C9DEF0679F65DCCC832579E71FAC54
3EC394C230DAC3CC9BE2041583A06E17
0E116529A19BD3D03BCF2889226098C2
367D643B55B57936B6132B147A688822
FDDFA43AB949ED0AF1623F9CB4DCE44D
2F276372E3ED7FD1474474EF1F9B1580
79EFFD2713F1F25AAE66F0A689BAC0ED
9EA889B916968E8FB5D9AEDD4ED51F38
21116163F94E974BF9B6918801AC8323
D085D0D5C4C074AE5EDEA3C5898EAA13
757DEA053DC033E54C3A46749FD7FE42
0AAAFF7633B156CD62C9D921F7ABFBE9
A1EBE841073E14FAB3B8255538D706E7
23719A2F5A599398489CAE7F5FC52DE5
E167FB64063E9ECCC8EA684D37E4B3DD
7E9B8CDF436AF49BA50F58C390FB3D9D
816CD882DC539A3F60D97534D3EE87CA
4265F225620D899461D33EE730FE4FA3
F11259EBD4637B4D3D5C3820F9E84081
4134CF48B3698C6766FDEA250344AFDE
B825F5445A36E2BFD238C03376DDB630
36F1E856231E3DDCE839D9733EDF60D8
20E87B4262F348458DC71535A6233473
D8373A189C74FE4D99E049DCC6AC1CF8
F905253E92466731FB0A70ABF61A2A2F
B5E4A2E04DEDF4E8B679D38C91124F11
0432E32183804F0386A04D2885787B7C
8553C335F052DFBE37E6E0A0216061D8
C0B73C2B41C8665526F4A0C7622EAEB3
3B6D4A427A09E121D167B5B2F64CC644
9202959A73B9A30E0E0CCD5889AE5057
55E6E0486CD7562FC2A97C2FF351B45C
CD86EF96A015F8A2E4BB468261A1EE18
BB4B8E6BC845776E3FA1D7B53E4E7C4E
D6A40B797D0D75749B00842D1F436A42
1A48435E67475E675D3023F06ED1FFEE
0F447B88F96EC016E9A7504933BE8CD2
C1269E70FF2127A8DA1824CB0865BA24
983F5FBEE11CAF7C4DDE94AECEC350EF
0CEB606A26F81C51389FB8EF30D5CFC6
2C87B13BCCEBEF6A98D24BF83371D16D
4CCC29ABA9B39B0CB5654E24BB613E25
8516DFCB7C27EAEE50CFAD4D096C0C75
A9D3006700AB99188F37E56F20E9035D
50E6B84475B46F4D11823A5599B8A7BD
25E5A4020BC6C113515EAE4CC708D975
9977E7099B8D37A7BAAF0BAF2436DE79
14AF2B2A47894EB222E7A3B7329957F1
F1B82C0485324AD8D1BE240400BE0C0C
749EFD41241B81B1CBDE4B6AB5CEDAF1
8A0E7B35E5802FE14A4455386A5B90DA
AAD950A44B56E09A09AAEE27751EF452
541CCAF8B496F9860A47F1CBD7D20A49
F822EAE9209046CCDE69727EFEB0727E
7740ECFAF044D3E2C6D7208D25108A9E
5F50C61B2CFE3FADFF56CF99223A8CC7
F0EA498229E2C3469D81C870EA9CF460
A8945E083BC3804DBA156D2DA98EAAC9
224CFFABDC88EF10DD7D6E0877CE21C9
C8A15F6D9F4F457282DAE716D8D0D4FE
BE7E7DA6301C5DE8089121FA8D3D6CD8
37D67B179C5F826D18970054A970120C
BF6289124695860DDD3FCD616A6F5FB6
C0735CD0E5096C78061E0FCF091ECA91
4D47C480F605DD06049C8B30E2906B0B
EE35585A4157D1F38BAFC677D8849E17
27665D7ACEFC6A6CC4D8A79213AC0208
1151178E57EEA605654264D628CFBD79
1290ECF979BA6882A63DF9943251D287
3C64BC1B4F7040CFA1840C543E192C48
9680648C37624A4BD1E66B8E656BB782
6BC0DAA6C90B64237AD84921DC138F91
F7C973867B01E66C1917F24842D62190
6D9CB948B2470721578AA9B1C0B28460
2105E2E890D835A1B5B6BD64785C0D2B
E5FB08FA799AB876508DEEEB3AF17240
5A60B049644D141EA659170DE93BB1C6
5A28342D606A9127B9BB71C875A16C59
159857E090AA629E9AF8F62FF7B3F499
88905F58B8B63D1905E5A109C6D4F854
52DD33AF94CEA26B66BA8F2B79F511BD
CA4D188DBBA4184E7F9FFF2EB392A5E0
81DDBD26CFC3E3CEB6A0BA07FE91D1DE
EA37BC51D03F88151765961F85D46696
B4512D95659EFE37C022BCA26D3DDA39
9524B6318D23B876FC59287E8781D681
26A7B2B81A0904CD33FF3C6897DD24BA
2FA7EE5909347D47622B304181A2B971
84C0CED8387C23B5F5458000309AAB79
0E03412B4736C5DBD24425584A755F16
8659C2EEA08ED83943484BE0D3BC48AD
85447E8F1C0BBB5693C59D76F2AAEB0A
12FD69228F2234BD839BBC648C2A2B47
00205F1EE42404E7C9DF235981831A0E
FBE1B3EE77F8172EF6260A7BADCF6EC9
25AD95320E52B8E9E2C0665A8E90B405
CCCFBB2460BA6F15F1FF98E3040A68D9
912C2238E0049547556E626778758C6C
92D33F164CD75AC39C8D361ABDD1BD39
D396CE7B71E423D385C5DA7710C09A5F
AEF2E6AF7D935F6FA747C177D462C549
3763915E622BCD99A68B5E3F3AB4634A
F443E181E249DBEFD4D68D645AB6B5C8
D39393CEB8DB328C8DA5F886652032D9
105DB8E1C91143ADD545C3B093CFDBBC
E15EE6433EF30F190D34CAD6227A7B64
F7DC492CFD2E0A7BF747D91F89160E38
7BFC9D9748F90B9A40979F7632B7590F
B864A1C86E50A2BB9D4BC98D902B3415
B10DE32A9AC9DA3EDFE1AF28D2404C2C
2AFFBCD7E946016944EFE529BC07FBA0
49F36F488C9DC6C379DBBF09478E8682
7E54F9D1736B2D934E0109AAEA92B857
EB84A79AAEC87A0C702BF543DCBDE21C
A344363C0C1F1931DC7F5F474D66B1B2
21B75CD736744167C209FC434624D91B
6B987E286D43E39E8B13DCD810CA7D13
00B0D371CE2EE607FEB36319BAA25487
14FFB780B7831E468B6AD99D66E5CBEC
5B9DFB8A5A6EE46027F0BABD4C877EC1
3FCEE991B76B944F4391D0EF40A80C7F
1409DD5527711271DA3F92CC55A78BCC
9EAB71DC9E2EF4EEAEE0648BD4D41A99
DA11DA8C77F288EF344E1D36AA35FCED
23453AF5C86DC99EB5DF369E83518001
ED3C5BFB4946F240ED5CA87F3C539798
E13B12A98BC317A8971F02EDABEDE6F7
990DF5E2244857C67E3E82905365E7AB
EF9B6A644B17C313AFABF99205C9115B
4045DDB79B3C7BBF9F767194477B46E7
FCDA68C557719014E602BD7C576C8F5D
D07D3AF775279D16F0F402AEEF47555F
3DF016E9520B47C17B1451D5E0E030BE
9BA857907624C47279F1C4C9FBA7AA0A
15C7AB836D61747814C4F0C7E3336701
05EBE7161F1924478A1C2C004350A6F6
070A0183B81B431A98D927EE3CCEAF2F
61DBF47D6531F3010F2F10D41C1BCA2C
73E5C969F5C54C19B667118A366A2C9B
2EFD9BF21E11B5FED964E2849C598F4F
4CFFE06974B06AAD58AD28D8CB516B05
02C805A58DA27B06AFCEA8B7240FF110
38E2B4D288E12EFB00CFAA6761CA5F55
57965795A8686779A38601992FE02C65
A21DC648C77F5BE1EB7F88687F0C8802
236CD563E2B99AD358B8A76503D1AAF0
8F1E1B6756AA725B65BBB5E7B3DADD58
B528692CFD305F1F29478A239DDD1AEC
FACBCCBE30CEFF631F8DF5704113E7DA
CDD9C3CFD424D39AF6E71E97E8048F1C
465E73E39AFC0E533F9A687A54E08465
A43BF5BE4B445C0D33B8BBAB8D8BE615
DF6D6E0AABEA30AF81951628024D5CCA
DA6385D0106B0D079765AD53EAB1B355
984AA984D39497620CB63E7CEB51BCBB
94833546854325FA546320F1128C903D
E35A277171326D939BED8B8C14879402
087FE61CCA7D6EB5E1A7B656D7800039
2296CC9CFB5A18461F294282933709A4
543006A06DC1CF7A1BDD6767A7F4E3AD
56CB7A4E6A58D41377D461AADDA59C64
E8773866B0AFFD096220573DE02564BE
2B57A1AE478BBE11EB42E8A643770C50
18414216F1F63B6F2F10E6A8767CA50D
A4DDB459D43F6B348DF02A54305858BE
6B7CC3782FB49E0F3B5DF0B7995F5B78
EBA5F8C0935091D9C90ED5C58428CFE7
6F84E920492DAFCD659CA70F3B488B80
9D7F3DA6DAEA87535008437528F63616
1B6485F85B37F07953B173EB17F680B2
A6F14F46BF923E4105256F96E306143A
1667F8D30B227C90AF0273969DCF42A2
3C1832E976172113D83011EA1D373D8D
52284D1812AFBC3BC1A7B0A54B89AE3E
24A33873D3C89CB8910FB6EC95401F9E
5DA2EE8B024EBCEE1FAD3C1A0650679E
C49B364DF8A44FA2EC81BF42C7F9F5A1
06C7986057F679EAF2AF2E3A7E378631
97DC6832DBFE5E5DB72B5712B5CAD65A
22909D50342FF837BC2AC4C727A4CD41
F857DE2A49C40E064D79CF9DD1413B01
79BDA372DAB10704A950B391A59DC907
3CE042BD4E1BFE2DD16B6E33A726ACA1
AAD68EDB653AFAD9082A2E0795DDD5F8
08B83A2CC30AB1A90EED4FBCD82AA328
5B3975E95C8E35E4E7DE8A79D347ABD5
5449BE9924A0D88395FADFFE2FB1FB41
0DA38ADEF9857F4A46C47674BAF2D80B
B7E59C98C2F698A7E07C59D36C02F345
F577AEBED54625915A6C9AA77CE38946
6DB87747A0C4722396ED649B27709B5F
62AD169EE3C2C5E42F2FAAB09FFE301E
5D5C935C3DD0343D1C92BF8ADEC2516E
DCBF3E6A6E2F6096F41E1162465BFD61
E9CB73033FEDC6214F5C0B8EBFD3FE0E
B6FF277E2B9BEF97F74FCAC5002F0235
235B11704FC78F7833D244A69F3961BC
75FAEBFA9B38399DC0C9C703A21ADA8B
327A6283CB8869321668FEC7B2462EEA
5F7024680D4ADD38D7CD6C607E03AB4C
A948114114CDF9748FAA5F9924D81214
AA77B623FF0EAE38BD5C5C18E6B9279D
91D10DB1BEFD92E4867E5A406A6E7852
D950251E8FD3AC14F4E77429C92B0AC4
623CF450C6BC657C9406159831DF69B9
078A60D99175BFE28F9BCC6481DDAB6A
16C085272C39BAEC34C4E0A21F6A9A29
C8CDA5DA9C64FCE479B67E66E9E41A83
127B0AAE5DF52CBB10D72878E8F0F51D
3DFA66A3ABE40118758018411280E91F
CF6B1298B6247B9DD81F14233815975A
570E22B7362C6E73CA1FAFC90B3B83F0
6E0F373CD55273EEB14D01E61B0255E8
71A93B2E5186CDD96854A1D4DE50867E
EA1F560B8BF2242A0BD0EB0EDBC9B4EF
7F8AE2F037CD0E2817D24F3DAECC652B
9C1B84230F8B15129BBE83D2527F4429
F193AB0598C84A3FAC0CBEF2CC94254B
4B375FAB761E7C191962A1E7A9DB441D
664DC116615AE102845368FAD950264F
6EE2C3C2FDE9119D87A5D778E921B7EF
8DE945E4F0BA456BC75DE6BF3A3505A2
1A38B60F57A03B97F2BCD1641B289AF8
D999ADB48E711CD85872876EFED35238
FA14378070EBAF950CCE698A5A71B170
DF4284BA42BAC61F191EFAE7F34081B4
6A173A3D633DF2784CE547CDC1BD2553
013D144C23FBCEE63F08585E74ABC8B7
FEC74E57A2946FD57EA1B4A687B777B4
793D33447C308F7DFD1D2F403403400F
E48855DBF72F4C040239205CA3531515
805FE3D93EE7C720E3A1C7AAF84361DB
39BACBA088014982F9E4B08B06EFA1C7
BC412F56F5E6228100B18D3017BF47DE
68B2DDB476F559E66399AFE2D3509F04
09F3E47D5B1CEDF5E02014305A6A7533
97BCFA75C96DA56AB87B19C7DFF69632
3434D399843E51BF8D772DB9342631EE
A42B021A3DF2DDC08432207247418A02
1C364AB9EDF955DCD775D7B2F580DF6A
5155D7CE4A41E3B76241DCAF7AE15C60
E6B0574E280627BF19E3D245355E47AD
CFD6EB9460D4C2DAE0447F78CB5BC99A
BDD52AE45489F53865F7629A4C9AB84A
3C420150475E42DCF25ED6A032CF14D7
FFF85268B7143531B098EBB7DDE9DB5B
06324596EBF8D1E85FFD7BB2DE9EDA82
9770075BECE2D83797F1618DB14CF070
645F2E37D6E4C802305952B1BB386174
26582B3C928C1FEA7EB14392B42381F8
8C9BF14C12288EC4667A86A2826EBECE
584BA1487423AE1574E421549CC9FDD7
FC378C073EF831FD9C954040472D1193
27C3039B5E06E497A13966AD4B6FF95E
58C2B7F5A3FEEE633B2B1DAB1004C2A5
9096DC819676134FE49FC0EBFAF979E0
6566B8015170F0E85CD49CD3E03A6907
96C4C6390FBD02766DA3BC2FB752AF29
D94FD05BC5C847C4A9073744BD16E12B
1BB8654E17F0B72C58F1DCF397603F79
150E25F02FBE2E17CA6B5DCEF5CA421B
44C1B1539024A2DCA1F320F44B55D708
1D468DBA9487BFFEC26EFDBCE0F9145B
5CB34F506989560855E994037A714066
2168036C3AF18AFD6DA82089A7CCAB57
4D1B1CE9B3D7BD31360D3C4A0CAE0247
0AF57D5B04B27E8C20C9724FA6940744
26BED5284005C2D92FFC0350D707BA9A
3EAF0F93538294FF7A09959E93C2E962
84B40C3B74BB03ECF7533E317BF2B7AD
7A9DDC73ED280A38A9D1A61EC7F52A10
B7B4E2EC46BF2EB77339D5AC9F51ED47
D3E5709837B82652AD303039F07B5990
B2CBE6B69FF94D7CF282F4DF1DC7D41F
E9329AD749B684DAC56F784CB6C5616A
B21307F597DAE766B162FD32B8A2A077
A9E6B48542C576CC95684584CE646FFB
C5FB91CEBF812E71CE7AD9EFD7D5F4CC
13026BC2DA61E6BDBE9B93584FF45A85
43E16D17919DB7ABDCAD371DBB02E259
FC54A0F66BA5C46016548653A9376E8B
618D4201B938EF589BECC11CB2D792D1
F5EC583744A3FBB80C48CE46FA511921
215F7D9E0181814894A900BE14057ABA
418E81E6A887232A552A9B707161BEF8
E579CDDB56313E706D8BFBE3FB9A8E8C
778463AE813BAF357A903C316D1EA177
F3DF93B6FB1B380279DE4F1EB22D17D0
E6FC4B727B8894A695BDE1DE12AA4D29
B202455E813281BFE2D2B642120B6A6A
1007290948E32CCE6C4CFB7B39968402
E63FDA611169FCBDC351A50F0E6B6754
5B9ECC74FE713CB44119CDB38578F98A
558B59451724D9DF6FD648A2A7A62736
E7C4970638CA5E6E64535C59F00D5D67
2D1611E7EB64E8AFB19E3B664A0AB99B
B208B693E32B0C1C79910B4695D291EB
E57239F5E46C9DCBEADC2B6E34980CF2
8D195BCD808CFE7DE514825A492B065D
0E14B349B989CB3B6735481A6A9EC03B
6A0CD6E59117123AB8E976BF631262F1
3FC5F287E26DE14ECFA859D601ED1760
7B1E29EFE2C561777EF568F12250CC48
C69FA68204FF7E967DB325DA282D6FB6
1D98A25B99332984EDA62087136BBD22
676688C7E5302F3933A286DA0F7C5026
C4D9E5517875C5C4645EDA61F24EE32A
687E8FDF9B0036F2123A49E7610878D5
34EC4096CDCB7C8044D64F0B88A0616A
A5BE381D1831E9EBF8CD34F7ACEA7DD3
7188604074A6E0400A8DE1B6C7FC15F4
EBDD08B11E4237E6E6AF55E2CE2D3717
BEDE3012C6D88F018B1A793BE181BF9E
59537A5D2AB17935331C4EE6A9F04B45
64DAA670E9B442F0BAAC187A192753AA
5481BB47B8F17DABCECF7AC919CDCFBE
793017F7B8E5522EB1CFF8A158CB025B
294D4088B9E9B334C411B4EDE4D3E9B3
AF0EAA26DA03EAD7FEB0E709E0389174
F57D61F1AFA0D7C9612F10D49D4A108A
FA3FBE3535B6C2261650CA236513D4A9
F03E861C668D3786AEEC48C2763CC15C
79CBF3F3147616AF4146BA5307D4F736
243965C9FA27284F5C77D7FE2FB2E3EC
E0C8C6C7E1AF75D0B46F2A3E8122ABD5
25007FE5C02519E1C90BB94E11078857
02312880C6A89341DFD368A40C21770B
4370772FD65C596682B8EFB9D91056CC
47A09F082144552E654B9D8193C752A9
6B8B302259971A4D2079DBEA6BE525A3
462ABB9DBFD1DCD42477273AACC423D9
523B4D3E9CAE76C8E7B1196C80007DE6
02E0FD044711148985F89BEB4942198B
638AEC4F860B27D6996E86A4BB93C332
E4B1EF493426DA1B3003C409934947CF
D22BDEB202C88D0338C3698B388A4333
EAC996443327ACF955BF60112343F647
4FE4B729AFBD0FC2015AFB42E9FFA41B
92792FE54AC62F51C8709856C34C9709
5AF86B140CF1F88E5EE3C92382C6DAA3
2A6126BA96D699B4F76B51CEAF0B5CDC
A5536828AAC4B62ED5293CE2CA1484F8
902D3DE9A51748C5613113A544637990
95875B58408AC73631269E2E165C90E9
49A1581D191D09F6C18E662AFBC92E7D
396CFC7B8F1015719A9B94822BA48546
2356044B1CDC70BD9106AC3BF2238FA7
76EF7F9AE34EBF8114B50051E7B8A0B2
B18A1F0D5EE99691C30C7089D1C3D47C
C78BAB401F5228A576E1C65EBF8DDD64
B6DFC04C707F5D894B0B8BF029F1B40E
1BC21250F2110753213403A0CA9E1CA8
E3E1016861D732CD0B0D1EB1A3A10F40
356731705474D54E85E16EC7B1D1AE8E
9B240CF14A57D53B6E86E6997958D228
0FB09C61CC9C3F76C8DB9BDD7C844C37
5518CCAADB712A10491BEDB5B52E7E65
D8F5D54B827FDA6F965C07D542060063
5A366F96D6060D5570FABACF7F681DC9
86238752D2618FDCB4291E75E610AE40
5C25DB76C84913D128DD4B37EF1C1D7D
AD0F6A839B0E0AEA36CE826441A19CC7
86C8D2F6D0D435E97FEB7CB7939E9CDC
48CDA83DB028BE90CD58D8313EDA094C
932889DEB2CD326BED1E125F31553313
1D9FE8E15AAE3AA83E130DC66691F803
2584A0754A5C168DD236F5609D43B586
F23459853B8A347A3303691CB8F68746
2BF1AD7779AA62FA210F37E8D42E82D8
D129B13DE403E4070D95BD0EDD3A6113
E1F0BB9A63FFE3B065BD5C1D3C2D901E
E11F74515A7E4699A4A151D1ADFF288A
32C00A6ECCAAF0D69D1716E35732B621
0A6388A3D7D65AF70415BF1D5ACDD4D9
DDC4B2C68C924385D49C286FDFF27943
200E658188334EEBCD19C6BB7CEDCFA0
5F5A366C8CFA0F2DD037469F2BE1FD6F
C0597B15E5A62F1C38688CB3E151911E
BE81DBEC2122EA5B8902269A0A7F928A
E19B7A902E515F7CA44DF40329046133
09A18E473920074D530C475B81A6D996
55DC5EFF04162B8C44663BBAF2626DED
D1E9EFF7B220333841731466B05C3061
F8D014993D6858DEAC7EBBB1DDE5F3AE
7D0DAE5C89FA84FEBE0A3CCB6B14949C
99E6D78390645CBCEFFFC7B1200BF05B
AE1FDC4A6166CDECC2F9D5B10B86A0B5
EB4D7F4238CC3443F3342FE1984A725D
AF86782B5BB08972B1C4A8D3E982B450
8FB23A9B3E1EB6D1ACC388C81910EA16
7D53D094CEC8159AF33DAC7604833B5D
492F8B34A8E02F1D1F49349076821AFC
172429A4FEBBDEDBD34A1EBBB9C5532F
D996C421F0D4DA89420371A16320068D
E4FCEF604AE8B2ABE2C958C16E86BD8A
6492765A38C54E901BCF718BE5A35BD5
94D59E9FFA99334845B87B8FAAA63BED
0F02191B1E5324473F2AC8947837B547
F8128F737485DD6407FDE9D74B0B409E
91B82422D3743EFE962FB0866731F616
E2882334D62C5C9247ED8FAA3C7910EB
78408E6D71A5D01E18A838E13DDE7EB6
D6781529ADA9FFC7D79B3358C8F9D235
D84AE413DE10FED0474C761ED2F222BE
DE4C3DE785DF458FB76298971BEAA515
1E925A002BD6004FF6B5D162909C12BB
F88674611E366C9AA6BA87317573C424
6504A3621389B37D994C0E429EFD4CB2
78858D0B8B39AF6B06A8C0D5A6E03DEE
40450DF0144D543FF3212A7B6C7C6D95
53E6FBE18310C8065106925C0873691A
4786DF7ADFE44893C498D9613D427F8E
D99DEC3E71385226F8296D01B6756D4C
39E1B564E672F1B46883C26021A480B0
B1FA2B7D4475D426F8FED214204CC593
04E804430555F4D719EA53C6C4D16362
CA3C76D21348BE91C99D3296F48BECF7
9A51D000683D3E81DF56403C4209208F
4A5FEC186C6E076E761D3C488D8D76AE
6C2575A10C999415C6D55B952A2BD53B
5F8B7112AF3ED9DAF1685CA032717783
D96E0D85FFD189BE00B7A7170238E132
1D3626F61611F9383155778610E7534C
F84E4068C89F21F9DCCD3B0C84A3ED52
24FE4B4DEFEFD2EF2F2981D4D0B70436
97EBA711B97B0F971E0DC4F20A9030F4
A4DB57AA5FFD93ABB2D3B58A871F4119
2A23DA3A8A08A6A451B1E1E65FC43BFB
8BB7E47EC7EDE79D7B95363D1D2E0F48
5ED16773EC1ED9DBA2A3ABDC78B17675
0D5C3F07A13EF6F920C021A9BCFA8524
5385F2CBA153441BD3F311159B42DEE4
A42F524005FDCBCA2D5CE9CE16C0F5A2
6FB5CA1BF733E02E211EE0DC4E33FD2F
2BFF2DAFCE95DAEE88BFF50837F26CAA
4AE93F622B0A19B96F6A946620118145
C86E0DD637FB5839A20E4626C23EDDFC
99F87CD8D9A2DABF91C1087E513CB8AD
EFBF01CDF3A4C18EADC9D0B36F7D02D6
EB4D07544B61F6B891C8B356C98514D8
1131CAA0A996094A88F991FF3E9A01DC
60B56425AD37B41996DD6BC90257E3DC
B1CE674A716FE346FA07FD598C92CB60
0C7AE6199FD5A291F8CD8CAD149EB0DC
642D184F769DA559B0BC97347EFEE28B
4F208369546807BFEBEDA95C37E526E9
5457AC8F10AC1E912307C625604A0697
51AE9F14141297FA5127D7D20546DA8C
0F66B961D8A11397DE4F2E6BEC456EA0
AA37DD7AE82299B69BC97945096C7459
633D8F286E3BA3715DBB19B5D9AB84AD
DC18DF7D628DEB2D8EB8224D2501D7BA
F2408D77BAA8289CA132124FC34785B8
24E8D8F29F5B412109B369EA6465FA1D
BDC33562FF634CCFFFFDB3CAA4DFD626
8D3FDCCF539619BD27FA9A1E1D121247
8EDBD30EC2529A22A7BD507A5F602FD7
F7F31B535B15AE689905F6F2C4B94228
F6DA2223AB47E9388433E5517B5C1FF3
014E63E42C115C28906C0722B2B59AC8
5EF714A74324285FEA3B043E0C6C10A1
5C2D020BA785FBD303CD873851CA3DED
8982CE93769793F22AF2B9AA55F810C3
E6F52391E12148E8D1FA5BF0172DF5A0
11B2F6470A41D725F41D84A838F804B0
11D2403B879EE6F41AE5F0664A62B2CC
41C70970594CE86A5BB4413575D54A45
CE402878CDDE8185A0631028F1DB3C0F
8F813FED3A42869931C72180D335797D
00C77AD94721889C8D5C90B38A30AD9E
97B95DC8FA678BA6A1080C2D22F1DFD4
F32CDCE9D8C9DFC212E7F8C0F04F2805
2EACE6B4B281B48DABF791FD5AC99DE7
EAECD7C283E4D50977DF389314959F60
A09412043057E3331CDBF8535F82D052
08A6B767D9159A5466945380E9FA4F77
B9A6FA96B97979622BA88ABC78AA5E11
A8157551AD6A3463546B595D40123D02
A41BDF3A9A19ABD81616D696BCF6DD86
4C2A0AB7F6CE6EE28A6CB18D3E2959A1
A04C0ECAD93D2A0E252125C2736BFA37
685F67CF3E4F7FF3B8C72BD19798FE37
5C28B2D9206FCABF4B6F7AA798721EC5
6C244D660B80C60C22EDA6D706E09ACD
5D9AD44816E1AA7A0F7201CC9547D33B
9B7EA7BBA9C04983123389B7D7AC89C9
D591C80DF0333C00E159BE53D4DCDDD9
110DAD5A41E7ECF14491BFA331BF40FF
28C67948526D342691556EB51E087A61
6E9A21CBDA733EC14A754E029DB95D01
1E392410FF5BE91BDCD4C5DEADB507B2
6C6768D3A2C323B5ACFFC8EC57B5E89E
6C6A205B064512FB7B3DD1ACF56055DB
10C68FBEE888638712AB3F72891C7468
26E06938D0054293A2E477D7E19B51CD
A5DDF1C1023EB9B1300DB574126E14D7
233AB583A53F8A59602F5762E7EA1DD4
4253B2D09492C33F79BB76CE965F7A82
C1461A6316D18DCDEC8BA1FF22F84E3D
D284DD94A483F145E797E87255FA731C
26F02FD6B1A551149FE2BC4D3E1D7334
1992486A89348750AB308428335867DF
C726E3ABE3EB5EDDA26E617BD01F2A54
DA89C93026A029626678C1440150110E
FADA9384D0250A48CA1E082CAEF9D880
8AFA97053B7151B5DC01AC0E26EB5178
B337A8CD06865C6BE1F85E8B653D13A8
B57EDD38EA6C8F2C9CC382AD089D8503
D2F37C28FE49FA68614F87C839EF4868
12B69C164FF6C107DFFE6520D3BDE4F3
6FC088EA5EEB0A2788B9CE8E7BD192A7
71546941B68FEC7E113B45313B520ED4
990CFBF409B0E81A4A8A75D5DC36D29D
6B594C19B94BA7986974A4DA85448C2C
4CD2FDBBA326562BE4A1A8EF59635C9A
61D84487D8801B11F15C731CC1E5C512
8060297C723BA4C6D0C2767459850091
51F34D3E194F00E08339260C999B0AFD
81691A1A85EFC99061D2BFA89FB160C1
39C4303970872C558340160357A27FC4
21E1BBE5F8D9E2D90DE61DFCB464C752
481E4EB8B5B64905EDCCD807A7DC01F9
22C7A2B557A89566086B16CD9967E930
A800255000C56BB45A3FD1FADF0F72BC
D8BAB0B9486F4FBFFAA5961375912708
F219195E37F77BC2BFA828A0B277E699
A53CF7D4DA6674026DAADB1004DE4CEA
285716B58D7E2DBBA81E63F20BF153E6
4548B6FB6139CE836B863AA69B0AFEA1
6F9BAB3C85F4F0F631B0E3409E4492D4
8D37DD3B1BD431DE4F1DDE274A04BC08
BEC831F99E714BFC0D2296941B425E0B
3C60CB0608F7CB2E3821459979F41CD8
D698F5EA445FD5E0BAA89AA58C0B3F09
26B54766246CBD699980B9D9F5899281
E7B29BB160ACA7A5D4192A2CE606401A
A4DF9A200A81F4CA4B4D2440FF593445
93F1EC964717A791BC0BF30ECDF00267
574A0FE9B4B0FC72546106A0372553FD
7C54F70CAE6B925F4EFA9BD85F891E49
13E43AFF42402EF941EDA7D7EEE73978
15CAFD7AE3ADFFB8C6E0AB687D7EF2E8
1138F747ACE800F89071B53CDC2E2977
BA47FC502F94C54DFC533E20B8CAE8A1
7B61D4DB96B10099D860E0DFDB23F29E
D967EC4880C82230111AF89926A0EEB4
B979542FD7264D0D5A80D0A0A3E7B07A
2A081CDE5759873799329B539DAFC9E8
4BEB441BE0EE648795A476DF6F57003B
8A38DA3D131857A5262A44BE9E2BE570
DAFFE30A2CD5DE5555C0389DE5838E41
ECBC72C11EE1D84E61C813B9B50840D9
848C55617C7AA7B4C709778BAD746A53
284FE92882CA511B3265BFEF024779D7
332EC925A2387AF88966C069F377A869
66E1AD60029B3BB253A664083DB2EB3E
2BD5CBAF90B7A553769B950F20C0F786
1844BDDDC5E5626D951083C2F9437F09
9139E4D5C254B649D8F17037299FDF15
13F3C8D86FAB80C84D4B91968D66DD56
021D18BEEFA0DC4072E3B20E4E30E031
F6ECD5C59438CFEE7EAFDD7E8E882BE7
BBD7259D90BC71FD8AAD2D896D0C078B
7D3F52898DCFD2A2F40FFEC60BD78101
93B1793AED5C4A25A06CC7775A6D7B30
FA571A8A1AFB989AECE9CA1F4AB30AAE
349D8C9B94F38E0BCF34A5D68B5FC30F
41C371117142398E504B6EBA7D96B626
2D7D6BAA06BCADD7A89E0187A6F074CF
D9F748897DD35A4D3C3B896C1FE649E7
4DC93052057C34D17B1D1950A6761C86
91356C8CF1B2AC1F1ECCE31059F9C067
CF0F493C22549643FAC1AB298EBEF0DC
F76CEAE65545C27FE2CBE674B546D9E8
95AD14972D07AC844D78F3DECA5EF572
DC4A50387851BB00DD48ADA9CCA229E4
60EA3AE66A327EF5062AB8FDE890000A
0422FFFCD4363BB62EC6C9B2215189CC
3D5FEFCAFA693E3834B9BA1881102A19
811F0CBCA5B955DEB785844BCFCD59B2
F4DD0A738F34C46DDB85ECEEB753FF67
CF82A9426410936F49ED5A32B018CC0D
727647C5844C4BCC3BB37AB0142E835E
87B45436087ECD145B031FC814A58A5F
B55C7558AE58D0BF9B660FC746EAF823
1CDFE3FFC6CEEAF0ED247CA3D6728961
8C12FC97BB3B943C15A496394FF6AC5D
22C1F9ABBA8D2B40312969CF7FDBCDEB
6BA832975D15C46B4A9896DCFD070AD8
8BB88E879E60A3B4DEAC68C91BEFE8AE
88BB392DCC7CE1B2D677750FF781DEF5
35FF7E9DDD684E34E6A22DEE323D6CA1
47957487622EF470FD37AEA93732F9BD
F5CB35E4C1D752F85B18564E5FEEB6EF
8BC3E3D854739DAECEA6828EDBF54751
3095CB7A8A87E79929AFE44C9433E16F
8B6CA1FE7EC729DE2AEE1E60D011E08B
D41B68DA023B55C542EB6130C1DC3D64
E6A521E810346090CA2ABA5E2BF8D08B
AB0ADFCBBDECCF31A2B44D942242657F
3ED71A6B63501BB741853F36CF730BA5
D726DCD7CCF9B92D803BD06034408E8D
98D38619A00D9F16DDE814A50E1A212B
A22EF5D9FA517C9A3865D76B90C7473C
5826E32F9CB2956546645C67213C90E5
A63F23D63D25FF9353BDA145693FABE2
3D4D6B8F00EF6ABB0A554500AE862071
241BC669A29DB5EFCB4DAABDAEFC5E63
8CE007FD4B4A8F4681F8F113FA8B08A8
841116C3AFF847589FB5E4B5EA3BA884
65B132D0E360526A55B6B88F253B842B
B2C6206D59334C629AEAF329B003FFC0
BECD280638086E8650FA82B8D4D06916
0F7BDE5CE55AB7D25EA1968939456261
0B6BE0934486E06754492AFBB23B882F
AB2CB19914FC6CF6A5454D1BEEDB0061
0E3AA13CB4D3F1545646B778E1E009E4
39CE9CE1C903E0F96F1E19F6A7D2C12E
0A6D0BEF0D6C54D5A18C306829A401FE
6B4F68A999A6A9175293046FE224B4A5
576EE8131291CDFEC465B21BCBD5B16E
29DA20A516914B95E5E89A0887DCF57D
282E57AFD2B9293845E4094853886F62
34226E934118314773C8D23C04830723
7E1994B5C018FE21C246A4426C06AB11
D9311EAF46232140B694CD3E09290918
B303431973E702D77A15ECE3D3794C02
F7358E77E92761F8A081401F4B570277
0EC72CA07F0C444DECC14E15319D7544
80D40E9C27C8ACB814AA9D040E3888EC
D323A9E9EB3CD8A2A39541D8B192A119
9DACE433771F271CCFBB66632C39E7DC
9FC59F950A441204FB67A81A84F1EE6C
5B693796F26031A7F28EEE4F1D43FC8D
73DB40378B922A0ECBC27A2DAEB631AE
597E436195725116AA8A77E8F8755069
ED160517AB8AD47C453DD39F39671136
3C8FE7044DCB3B936D14899CE8561AEA
D6FE565951DA88FD21A64A50ABC5CB86
A0619192A6B2B54AB412C9E4FBE68493
9DC14D319C887AEED8CB8B11F0A9E563
97C001B3BFDDBB03745B5E4F76899EE1
578F280BC63553B1FB5E64928BB18744
A9324B29A9A245377ED5AE4AD030A496
2198B908902E90EC2301457499360BF1
E4C58182DE763B96542CA202FADD1142
EE3D5AE307468CBE06CBAAF11A09ED1C
55FF41D00C60D17ED611D6A2CF430322
DB6A15354CC7D87A98955B37A356A3E2
394686196A3D7BEA4BC64ED182D458BD
B4D490F63A9B16709E2E0F86E3310E73
44981B9BB3FDF94506144D6132DF1CEB
072ECAC705BBE9D7B5FD7C4C603229DF
384FF5C8C073A652D1F580969B99AE6D
FF421B5D2C7E4F5A6BF2628290BE58C2
8BAD28D4F3C83D691BDEB718583433D2
C64A896655A53E9C9639063A4AC27713
56992DD21852E004B768CC3EC30671E4
CD699893E945A2FEB1C53CB153396D19
5059164DDAD10DD0DCB27595CE0D9DF8
953CF44D64A5DE625059F978F81F27A9
7955E6024A0824F01797B51174900994
CBE1B3BA3A0CC6DA918C8ADC8BEB6C23
F3CFCEE6201B2D296603B1525526101B
8160FB5C20529378E2FD3B8A982C3568
363AB8242CEABA2B3275C4F4CE6D0B10
D6856D8DB80AC181E6229EA056E308B0
4B0302818A91A3DB10B2DB30DC7992CA
5DDAB5E32480F3AE7603FA5C73FD525E
32812038AC87437A74E01C902E0BC387
36A12B7CB5C18675342B847F92B83CAC
A3BA7108E6B1E9DD85D8AAE87932A389
4B54648D141FC3E793DC54533F2A8EEB
E19CCF22C9196CD5010786F1F33DF88E
6279FA56687005AE1E2E3987B8620AC7
07EB1D7AC18D363332A2DE1C5ADFD45C
C778A7C2282D31B6FF91472DD6C32B79
1E5299A34C09181C1ADAE5D8EF214139
F8554FA3E012C6D594CBDF0C95AFCCFB
04D756492DB7D0282EE8E2AEADC178F2
B1867873CCB2163C691329DE93C412E2
B2F154408CB69BBBD52E6DB3B6D2EA42
8D4A62CAF66EABBC837BE0D21FB59BCB
5D38531D59050A81477CE4CABA327019
8D8671A0860E5CE4D4A294BFAA0CB616
8CA72A06904932A7F5399B8C30BD92D5
A4C59CE1AE2732D2167AD3811B2E0015
6D7D2AD62A827D2DE7167598E60EBA19
8226411C7A766F036F15741E0A0263CC
2C5AAAB3EBB0F3AE0D21392FD5D50D38
4ADCA5F0FFD67C55CFA5AD26B2D7288C
62B7B7D03920E3AEC6970708FD1365C5
62CB7B9034E4E44C8142B7AF3EDF183D
9F4C707F6A9CD840CDA403DD751CE5D8
CAFCCA94F96322EBEEE62E7720107F01
7BA2E0EB1D6DE1B8A76438F09B383944
30C9EE6073D8BBFF6917749EFAFD6889
2B8E4ED71F9E11A22AAD1547C832230E
7D9F080F58E3FEF6744439CDF6D42B35
A35C4FE6EFAB2A6BD6FD18D70B6D404D
75530666EB774B30F07079D0F623239D
EDE4D80D3712A0AB38956E0A53CCE7A1
A49BE07043E0FC7A33460DB86D54CF5C
EF842A2D3434724F18758F0BE6A5A9A5
1D1084C7142537DF532F10BAC139427A
623A061FA9B7AC52059C4E144280D361
AF5CBA2CDB33CC576BF81C6203051357
7EABBBB86BE1FA4C303353E884A85C02
C3CAEC02978605FDF9854A47C40F3BCA
A5B746BCF9ED682A81F96D1A6535190C
D8932C60B38E1906C93290B9E2652423
CD84D1AC8926E8A8382B478C479949A8
9DE796368AA449F29776B9798A868A13
AE35DC91D3EC75A06CDD09017A7F9AA1
60F6EA645F51CB2DF36DACA51A5064B5
C608AB678323641303EDC80C9DF1C7DE
B04000DCD44197173896FBDC568B7889
DF2C1D1FA93592F06BB390D7A69B30E2
2395FAC65B3C332C57A5A8BBC81498A9
0162FB1F1F9D51C675E8ACC2801A3E1B
00204AA313702DA28976B602130E82A7
BB4E92B4E696556E3E8452DF3EA89D4D
C8D20B5D60FED502E5FBE57DEF04492C
5ED0355050EC84E763569039EA32DDB9
3BD162DA701F7435347E1315F8479CDD
85EC97331D11F2E23FED3BA920F63450
3D60D81692F204FD8640328CB80BE9A1
FD1E42B2C89E759AF97334E99C8A018F
C18A1216BF5503C5815B5F856323C893
15142EFFD4C745B7E05389AA45ED6A75
84803999A5E8EE886E13C7B539BBD89E
5C4B14279B1B6A5294EA784B38C46180
E1778258762325669B87FB84D040C7DF
21B642F202E6D4DFED4FDE3AE912034C
8ED49A0CA6F797CDF1459F9E68E36F4D
1A2365DA15AB2B287FE07371745B5B7D
6A3FA910F52F75DCBBB23B30104921C1
CFEF572EC79D0024F4C065D5BC785DA9
831FF393E65438C51BE79EC0DD62C08E
A5D1476DAEEC040E6B2C5EE070EFCDFA
C7BAEE453C4A93CF1E94DBF8B5088958
41436C339569B5FF331CB988F2C7131A
A766E34915EFF214DC02C04C92C79FDB
E429641C58C13FAD8A09E1E824D72CA8
BDC5591E5EB60F5AF079EB84CD3E21AF
6EA7626783C02F111CF0E8FDC48EFC80
F790804A8DDD6F93E508455F35FEB3D1
8EB1EA1CE3C34EC637392B59F23DB9E3
521AC3CF722D59C7317E5E4D7F024DD6
60C73178E3462F71F629B1B0917966AC
8E765B20038A2A933FECF08CBD91FBCA
B061D8151644BE9C4894A00A66DAD2AB
94D2C4024B25C41832DF48A38660FB55
2A769EACF06305A47592B541318ABAFC
D10E4DF496C6DDE55DB93625D62F5B0D
C0D507962B2DD22EFEF2629EA38D87AA
F599F2B4D0CAAC6C605370E49460EA1B
CD60D81C5FA0E89C66E25CD5A7948D9E
09B606A2BE3435AFB2BEEA430D93F22D
E561CD81F1ED1A4D8506B80D0102B110
8B2FC1693A662C460742C2BF38B7090D
6B7DA8F647992309B46C0669FA3E5DE2
E25E64EF6CB182D3CDFDF5494D146FF5
7025FAA441B21FE05DC8A604113DD764
B0F2EF70C26D42E2D3442AE69BE668EB
9A1B9935F7A32B3BE78ED3650C6BC290
EE736B8F2F589CD9AFACB12A9DF8446B
A8A354F774D0E157315B486D88047BB4
5A3A04248F58DAC8A19C268DD0871764
FFEA61D4D50FDF04850DF913A489C81F
CADA98BCE8280C72C25658EDE4DBECB4
443C8C632599375F221DB0DA9F00C052
AD33D3C365562B20D0F086D794D971BC
BEB9A3A86F735AD977545ACEB61A206E
80B210DFE015CB6B9BEAD4003E2FA975
B9236011E871B8CB0097EAB0250C2CB4
00A0CC8921C0289A523427C8DC25D2F9
FA4EF1B4912B6F480936A06B777151F3
570A11A74DF2E8C97CBD98AFF0FF9450
5195AF583D374329D4FD5D8BF8CB619F
6F0ABD6EC2A2BB15618BC66D712E1F47
E1FA5834BABC1B79BA293B95E56853DD
98504166C044B0BC31217F795396C004
FA0ECC7F4239A7D4FE402B000A4F8850
77CA05D1BE7474E9967B2E64A712F0A3
F1937C940AC23FD06546E22D3772E2D1
EAE12EA1D937BB270BE7EF408C964B45
918AF87BB66A008F771686D3687F2DA8
AA7671FC438AD6E5218B9CB5DC0E649A
BC9B3BEF4555BFBF05D3878C96DE7DED
54CECA7C81E9D4C51DD5EFE61611D1C3
2BAC6FBEB82925E5550954DEA2452032
DA10CBA196F9980C4AA16625AAED4613
88FFDDF3689374681268C03DD1347CBD
F57B8F3D517938F8ABBA55A88A08A272
3099410343EAAAA2ECD64D96F9F1397C
9AABE69814AC3B1BCC834373C22C17B8
72985C90DC02CA4AAAB94109C9353BFC
151C07A99936BCDAAE66072238A7724D
95F37B3F3FE959D1B7F998FE3FBAA8D4
167FDDC5178459C0871F4BE97AA61619
A5CD749FC1E9968C5AC0FDCB88C81B25
10AB1E7D6DA08B100107E59ED2F8AB57
ADFE5301F509F632F90BD75CB079E810
B572434EB87A7AD0D6DD03AD79B217BB
7B84CA8CD71BB6ABCCAD6ADCD4074103
C0ECACF298E7015165FCB73432A5B5D5
E227BFBD808285CA2E30A7A0F2C5DCB4
A371E3DDBADA2B7464908F7C772E6BBD
00F944DF3B2B46D10E6ADAA560FA4BD6
CC501ABDE2E96AC429D520AB86B4A837
868321B19787F489B4D944264808E737
B8FD7DA79CF0A4AC0B47C7C7314C78E2
17E89DE3654D82F26CC0212F4BE673FB
69E300CC89DE4C97EA4900717530E041
4AFE46B878CEAF11A25FF6075953FDA4
6A5CEEA6DE8FEB7BC5485148C951042F
677DC99EC97DCD5F1F2622AF2583FA3C
084B288B4C72E45DC3B9526D197AA2FA
CCEC4428541C95356BFAAD1FAD220D97
75BACFF997AEEFC4693001761BA35B44
91902B6AAAA00EF82EA44518FFC328FA
93D9E0095ADDD95B7EEBEB217F3FEEDD
A5C8DFD73FF532C7F9F2C145A9D54F73
1029E20D7054E389ECDB9B92D348234E
92001C755944B6B74EDD6A44F8D4580B
D55E3A3E88100F098843A9DCB0AF4D81
5AB20CA774E4E240FBC309B9DA72ABE2
0CF8509DDB1551CCDC81072030D2A53B
D359EBD8524333B47C3B53BB3F788724
B50FA74118854B4342AAE7BFCF5FBF83
80C79AE2B86A65E04DDF7731BAA94D43
D21CA506B325F9D7BFDFA8F707FA9206
D120E8AFA6E95289591423E9003FCE34
D07755337909043E1E2BF2E94BA44050
EC7D5B7B016B27C8618A7F3546FEA7B5
128A19D55C8A829631E21694A3176875
90465C4C9ECAD5299C26D57FC2B2FEDF
F5A716CB52F3303AD2726399C6B210FC
37D11974D41791D736F43370B9B24297
621A321C3375C70137F5FDD4EAD43B2E
DC873B8A164AF0E60CE20B1F80281D58
75DA851246E5FFA13407C80C6996AFD6
DCE761280EE81A6EE3C7CF1D67E3E72F
9F600C6E3F2CA65877B46DB7D97D9B2D
5F29E1CC6E458C2B31B72B02E24008B4
11B5A863288C34890916E57F47D59CE3
59D2F592002A75BBFE3AC44222377208
A1A3E806C8867B2CB8E3F96444FA93D4
05A2C6136397A716EAEEFFBA09D196EA
F7E6D24CD874484D57CCF9260BE2BD38
BB455A031340E97270080E5C48100D96
44F57E0F96165840413E99D36534190A
B5670FA89CF1C814A86DFB0022EE8E1E
6C74E3B266DF8A351E2FEA6F96AE6962
053C0C3F2FB656DBDE436587F012DE0B
0EABF37A1C94987F047463C9F2E8DA5C
384A7D413F2F2E622EFE78E9BB8B0852
A7837F0F74E824B403CC258D39FB9DF1
0CF8732AA3CF9E0B3F7F25CFBB524A00
F4EA054DD73E4CB090F196EEA19FAA48
5A675B99E95E8A0496C34AE82E5D66F4
747407BC7AF10BA50CCBAC9B7C6C60A2
F5F79D15735D5697F512C776D44E4DAA
B63B3ED1A4DB293301CCB0974FAB0C55
AC210F74298BF7824D2889E0097F6BB5
43BCF19B9DAC2AE1514D1FFA3A769B98
519599896A8B532DD277CE9A1623EA15
E4015767FE8196D6219B98634566CA52
CCCE4B6157DAF8E0594AC1AF56FB817A
21882DBEA73FFCBA14F36CA1B38C160A
CAD40710AF7BB01107B3D9A1F5E8FE22
CD080DD2AC728D34CE9F72469C80DF0C
9A9AA9AC55F5C126EB8DE26CB467A4DE
DFE8B9101548D18BD5838051EE054187
A90456AC918ED7D0AA2B8BD2D0596249
5EBE1AB0301183CB69EBD377F7B4F5E3
CC780422807140319F801E2333BAB1A2
881C1886FFF4814EC3EFCA3CA32C7DF2
D167B139FE80D32DB8BE9CAD3A4C5237
EC37DEAE727355AE27B35906B607DD3D
C409FC2D3C607772E80A83845EF6ECF9
674B626E5D5EC0CC04AD81AD8667C1AD
489886FCB1F995E40AEA4129F15D3F81
BF777AD53CFA190F71407121C890EE44
91B6AEA63B0C243DAA9FD46D8375A582
2F03FC0C79A81431FAFB06E39C94A9C8
DB4FA854A9B74CB550A7DA01DFC64755
636602EC505887CE1780EBED7CBFEC9B
D6CB3C733FA76BAE413063A8A9D82782
7C49D65E7D4CD3282734B1C63F686F18
1021A162ABB2AEEB8A896A3679E1DD1F
DBC9979067A7E58281947335FF79F22E
1CCEC72BDA5759818A247F1CD2B91B70
F9C272C92E74CF6AA873596678F4D95E
2A5A30E097DE4850ABAA54F6093B8AD7
3C5DD1994C49F5CE04BDFED3A4914C87
B8A9964DFDEE46590157DFD270951222
6BCFAD87672D8161FE5C4894915A06D7
645303FACE0695A7C4A20EBE8C735F24
65774F778244F47705CBDC542CB7738C
CDFBA0C40BD8E42751EEE258CCDE64CD
D2EA221ADCB2F67D8E17FE041D343B6C
8D637556F3EB182CA92777318EEF520A
12221B9B37E820B18725A7DE9FCE24FF
ACCFA9339ECDD6705C953DF83B06C649
26BF63E8DD26C12C25CC9FF8ABE838C9
113367F8A0F71CCE16FA926145605813
5CB3BCED234694513FC61D7B96654584
031210A2C27239F67A0747D37044E8DF
E452D2390B808443132582CB5F76F3EA
E1DF08701FE1F90FC7C582088484AAD4
1BC95BA092BEBAB6193C02D6C5533E72
B4755600CD28E7387EE4771018843F03
DDDEA850A07848EA5AE0E7C981BFDC06
80898F66FAB85324E9CC482FD47BD88F
92963B35DA300A80C68E56BDD73707AA
C6F94E851B64CFFAA39BD12EBC89D4C9
F80D15A6E6DE468B9BDED2D249DF46FD
1F635CE80677E12AEA9B49792CDD74EC
BA5EB16D7EA05A2F926FEBA7B47020BC
AF8E16C3FC676A1607EE9E57BCC8CB15
22DC29619BDC8E42CF56E47238631CDB
E16EE26D6D8D85F19831B83E0A2C87FF
52908738D1E74D09075871561FCBC200
54560B90D92F7EBBC2E55D2CC7BC8C8B
28D7F2DCF7411007E6C2D39A39F7F1BC
6AEC53269222C3AB7DE5795002CA8041
7F3799156C0906698A4D9D26D41479B4
4732A3BDEBA816B07B4A7938D7713370
CBEE07C60C2F88B89186500DF3B4A19F
A1D825989DF73AFB15A2D05361C08802
F0D0AEA494D9E282821EFBC15EBF0B5C
A0A9ADD8FDE5E97C31C9B3F52691983A
29FAB9D111F3DD7B991776F2AC59645C
205A14344FE999A58563F5908929949E
1FC8C3CD05EC2B04D1C905285C906B61
BEA5A6DDA58D392C66CFEAA3236D6237
CD8A06F792EA53E520DCEC027409A415
5F3701682056E29E5B264E7F7BB9B020
05151EAADE3052CE84DCE81791B64BCA
ED33476AF185205888197287645C54D8
BBD1A34BF5D219F3C2EA513856FA51E8
137519F57560A0D8A19D84BF9F00C2DF
380EC51A186918246404E853DEAF2628
C22E33D5648B99334F37BAA958FD074E
AC20C75BAFD0E91B9C9961B71584860C
CF2ABBB02605526E27A4CCEC160AAD0E
DBC5E379800292B83307EFD664E0EAAA
F73EBB20D4A2CFE539EA817EE66ED411
0E93D20EB08B0DCB010705CF10B5E2D2
F9E61CF0D085B74A5D2F9A90797F8BFD
4ABA6ADC31FBDA91AF118032A7B80E52
06CA7DCE174CF6C6AE253639C605E727
616B25C690C171E91B2DE22BDF82F2FA
E5966D059463D8C47F990499231F300D
6D1BCFE56092FA67D5CE9505A0697E52
CBA072A6B22D781EA4ED1326765A1C84
BCE625D6CA7119CD3624BF64B3B07DE0
734EE900C1CA076D239FA54774FAA4F9
EA1D830AD80C5384363732BC66920E18
BBECB2844D568A794B4B5226F3939E81
9BA3E59901B3DC481AA1E99603869890
2F2264387601F95D50201D5102681C4E
19B837871F3E34F25362524AA99EE294
8048F4913E68CB226A1D06CA6283DE3C
F9C818D60F184F3440C478AD170D2937
BF8947465F188DEA7CF3292B245F7F9D
73E7B6978B8DDF28338DD7DC1B0CC778
5C3F31EB3C9CEF70C2122B0D4994FB7A
E20798593DAC016567F217B788A2CF30
278F438FBD68BBBED96893F667DEF687
B043B2D9FC83C63C1A71B17A3CA39CB0
38A58E906808DDF252BC9723AED40798
8CA3710D0E7AEDA91FF5C53E0C374B44
45AFA966753769A18FBC104AB63C0F53
82CE335F63632F639C4B8B7206D2E63F
FCA36706284A06A629FC49D03F9C3E8A
BB471A58C3A8273CD6952B1559D8A21E
80BDCB95D0B6B2A0FB684472239619D7
916B0A7E498CCFDF923F759AE2C55FD1
C99C821FB2286B653E141F069448B5AB
2E21E776BDFC9B47B134137B10C0080A
DCCF57CE4354C5F9D48ACE4068BB1BE0
FB69DFDFA07FD5DA3937EFE319ADF842
E879EF98B2E00467813E32FFCD70F2BA
4BD8663021C0AAC9A72F2EE9DE259BE0
4BA1B7664F4BEF465463129FCE2F310D
4946C57F3DDE0A193018BE8F477A922C
C17F84DD6B842A8B907CE7BB283277D5
E959FBD018DCAF9BF3F1AF8E36A3E517
6799F6232042C7C479BA3020E788FA77
E4271EB504C86E6B2BAE72276FB62E1A
66B037E8A8F33224EBCAB8498C2F76EA
D2B9724D3A8C7A86C005938D6D77A28F
16283A00D05AABC311A24097FC85D532
C873C2DB76C43AD9BC7C8033C8FCBADD
2B535102862B65B90F3F947E2FE13A42
74D4B3C8CC751A09DDC1D84598242007
41D87F50902E26FC230E80E7C388D396
0D11D69C8B2592F36C2F63CB4A1B92F3
8D78B124CFE302620D17BA266099D64A
74BBF7083D080ED2AFB79C2937409BA9
B9A7FF10F208D8A2877195AB030F4AB4
615D040AC00A41CF73C502D828FFA4DD
FE9228871E6F1827B990CAACE1D8D9A1
C5CBBCC4F45A81637886CFC4C61BDDA8
782B6F02025D5FD47CFEF5CEF64E24B2
49D1AA9373CAC56247A22868482FBE1E
FC7F0AD42B322ACFD5B15C179D4B00E9
44FD51ABEDAB328105F35B28C1B1A22E
CE2241B17364AEB40F5AE05DF0C1541B
998F1A3A1AD04BF5C9D001CCAA8635B4
F1F9602297FABC3443AD2A3CDFFB2EEA
BCB4794BD198C69FDABDCA34A9D98A1D
9A5BA2CF8E10C1281B02CAED71153FA0
AB61265CA67B28FF1B9270846FB35BA5
7493CCDD63B447E07B5717BB9BC0FA6D
F0179468C5F4A812413A67AE61A4C709
ABC52173CD6FED57F607548541415BBE
E65CE85825754F8B36FD482093D74CDE
0801EF5E0AA5BC7E6879AFD327AC2AAC
8814693696ABDC93C7C4930C2391D93D
1B99A860EE11A2D666396532598B7774
7CE825E39ECAC1E5FFA8F9B496102F98
3DE7361B9356A6128D97EDA518223EC0
61FD1582C759A595EC3199E8F2D4D6B2
0B324DE394D30337C2D2A29DFA80ED8D
0A5B042DDA3547A90A6E1822979F78FB
79125BA3E57375D91E1D20769073AB34
2B56DC73A594036003276C5CE856DA08
22029A926785B9BBEF69E0F46F445DBE
C53B0C2A0F2FD889EFE30C7A63757BF7
A0918ADC276899E1A85A84FB9A7E1397
28426C635A1886E11DF65850D8D09938
088F130612C37FC0CE6C8602ED858959
2F054003DD7666F6C8515C805FCE28E7
E05980FCC30491B217EEFCF2DFE15BAE
811BD817B8019BEF54CCA89811842068
2B5EA8602BA64DB335C1D44C3E2A80FC
E26271DEDF7368EC0DB5F119F7B3593F
26A64330D0EF55D2AE8EFE99EDB21527
2867B72266EE9392866238AAD4435B87
636A5BCF62B4A2E8C920C2D4225135EB
863E0CCE561A451B0C73C264C3806121
E5EE44430D8900ECC95B61920A3E25BD
E43249C05160157C64D3A6EA489CAD46
19A58A4D02294B39B76B32FCB39A3EDE
F29DEB3F0082B29D867B28BF006453FF
5F35595DD463A3E147748C0E701CDA08
07FBAD690EE707E1D80384EAA2B09A63
44BD012D565353CC4990195271D850BD
F0E51218E7D21DF0E773606772FBDABF
177BF02D535C01E3A6E97AC30E0402AE
9083903291862C4462EFB85D1959CAA6
E7FEBBD2F499F265E49F4AA0026795E7
5498C22EC9242BB30C4D5217C6181EB1
A219D0BACA304209244A0B490B3029DD
F31C8B6F26B5B887E181C85B5619D72C
44F6CE850B4497394008B6797E2D8FBA
34FEE7995568AF6A65314E40F901B9B5
6470DD125A0D1E9784AB2D8F743F5641
3676609F7B0E8D035FCA9F7591A95E6E
F771B1B31F6883FF1D5AE8D3E6A92329
2244EF635D6736B82BF3EEB621EDCB4F
FF1D47A7C09199706C319EA9B8E83ADA
856B7EEB1E6AFBCE7CBA74BCDD439DAA
61A3BE5029C3F3273504E6117A821401
7419834BEC98B336B98DF74297E8C07D
888EFD43942D14D5A03013F4699815CA
BA7A3C7D937A8B9811EB90CAC8F10C13
61C04E2F65441CDCC2A69415D6D9304A
A93A1A7B27AEE67AD7941D060098BA04
AFCF7DAB5AC41C21F734E5B42EDDF133
84B415604A29CAA87D4432C23D19557A
06D4F1C2DC387EFBA58598DC9382BF2F
C5D2028CA5ABC4DC124EB99CD887F5BB
4FEA7C55A58E7B75F987B3F0EC0E8D03
C9A2FC0B781296314944F59CC49473B2
E8AAC545FC5414BD323B1E7EB22D98A6
E97AE2B9FD536855647460F7BDBD4B93
324B9BFAD06800C138F3701364E52CED
07EA620DFC16E2530F914208B4049E54
EA2B16F625BC651CCE3769D65CCB2E82
7F1EE88D54A27822488DC2556FF31B4F
3D50470CD5E183F25530B38CC2236144
3C4D6EFE24703B25EF3D2B1A82472456
26620807A95E56CFB3033CCF848D9EA2
FFFF24D31A7EF9C51BEC287BA8021844
6208DAAF91A4723D76F40CBD9E4C8E12
74C6891E65327EEAF6EDF58AA32423BF
90C6996B2BA56A0BDB0C830200CF857A
E5C45F5AC4066FFB39FD88B92B53A629
4A92C7B9A6EF2E8ABD7E125A6A151CD0
FE03FD6E7C31F86CADB4C4710CA5A57A
269D2D8BFF29458975F8DD14FBB0829C
FAE62D4DEE289A4374E63842539DE14B
7485D188B7B7067124AFF4470D815914
9A318A1DDF09F6449C78803DB513A83F
78EEEB4510D77F9A49D373D407B2FAB2
96E280818AC360693ECF37698E56FF20
5452DF990FEC7A955A7C770377DC8474
9D0AED65649826F7BFAF819B4723E504
F9A6311873D6E1CDD58E153938B76778
32069C6B064707712323E36EEB9264C0
7C1B37B6D1CBB95DD6DF3E65292D05E8
FDD72FEB87233A443D86512C0D99A8BB
23AEEFB7093F6A95F64255F431C5F9FF
2E27DA12CAA9D7582FE86A5C2F4FA89E
963902ACB31721DAC351081A86579AF6
5D24775C33E6D78D5C9F29F654E8597A
65D4E266BBD0A8D695AF73E9757C4DC6
7366A2AE93AB4456AAAF7140630AF3B7
61F95AE92819ECA9170FB3337FBB23ED
4DAFDCE2F781D96BE6897D866F5959BB
804E03B5C3F87C36FD8DF00608DC4CDC
BCEE95F5F26CABEC4833F4E7F58D68C0
3F4234E60AE84EAA4268AF3C9E31EDFA
A53DBD68EF9AB75935F837318F1B4035
C22787FA804106EA8313542A19C4FE1A
E9B6EA5EC88DFEF806F5240FE60FD1CF
2551B6CE48AF4A1155577AE8D7EE6ED7
938C15DC8BC860C0887B91B369EB5BD8
D55813EA938CE600CD5A5E5DDE16E2DC
4C45E7D9CFBB5961B7C0AFCB1DAD6C64
A9E0C2113520EC3EDD2C2FF950B955C2
1DA012FF5586FB24372FEFDBF184E535
878B5C9BCAB94932C3DFECC35046BB77
767E4DA2336385A399254F036BC71C3E
B54C43B3A16CD472473134EC324CD1FF
88AD8930438813A1EC81BE22DB01CA51
D7A4486AEFD8F2FD4A8C9CBE01BB7D6F
1FC770D4A902AAC1B8FA659FFA02410D
AD550A2851C757578CA6308C485E1246
F29B3A286676397F84B0D818C4FB1FF7
5AC09C64A2BA7F9084C0EB03104523C1
4802E7A93D946E18FD951713723E16FC
F8C301798D90BFBF4D3E3E79AC165A6E
01379736E11464D2AC2D9C85F0B1C551
8B3FCC2B81A73BE9C3121B4D2CB9BABA
F3022500BDB692D3C518F29706FA17FB
EE0384383F6B73D34FBD7F4A673939A9
8C3E524288D5618E7292227BA76F440A
C9E4B0811A5B0175A6CD15899F722043
663A942F1CAFF1EAB5E7DF9FF207758A
B35DA980D290D549EBF4C512E6D31FE6
B0F503C1E0ED7B55CA4E8C580BF7538D
04F1C34E1E8EE067340BAD07B66C3644
02F45EF0E0FFAEF23758FB910F70BB7B
46EF6ACEED088E0204F1D7CAB1433242
28897DB86FBE7543DE3FF6A5DFFA6F74
6D0B0E8AC9658FF2BB93D32E6890CA87
AB112B35EAE2227E4CD4F78B16EDDB47
41D24887A83F34D9C166CA0086FD835C
A2EA817B0FE8856D2B82F0F6D9F78482
529DC7CA938EF6618CF3FE01F3C30388
18B6F1E72DFDB5A4DF2198FAFB66D319
3740E32F77A5382480C69EA59CBEBB84
9C6B4B2D896BC10DDBC3FE1FC0A92E1D
928D774EC5E2BAEA45AC54AA2E624213
D5B49B2B2C886A74326A980407E953BD
EC441E6C53003232925015E3047C7D94
BAB334E807BE574D84C61A2DC70D0BA3
D965309D385AE60C10D815929567122C
F091953DC605136EFDCB8A29AA213E2C
A8E748FB8A6FEC6C6D771B27317EA584
DC5532C96562BB30C3BF348C8C37A3E9
04A03B7BDB2E96CB5E6DAC999A75FC00
BB780C212A8D5BDC25250CC29A7305C2
3A27DA7F458514384A1B9B1663891EEB
E4F2B3E322F2789801C183E3CB90ABD0
D8123DC2D9360FA8411779D1F9A3351A
6C7225B1EE526A39EC558F2D24DCE562
EC46139E2D3B053C74BDC49ECE530848
AF4F411E04FAD77E2BF6A6D3BEC206AF
A17299ABAE3A8FA1089E609E08F718B9
2C1F566137CF56EEC99E8276968F630B
2F32EC4C2556AF00E70FEAFAE95F410A
3DF3BBD55115E2863B5CC6318C2FD5C1
2D860B7F451BD6BAAB31259E77483D21
C30677AAED0A14D29C04A3092FF31058
DF2FF7ADE67C0966F146D334B9897B39
47721D17B6391E594AF4092A87B20465
D281A5012EFA507E433F4D4B43F693B9
51549D0EFBD519589EB2ADA28746FCF9
4CCA9B10A406020FD4611B61E1079EB3
66EAFFDCB526017A3BBDC684B6826EC3
24C6586C9948C0C0F62EFA65FD461E44
F52ACD0AE82D55732A22ABEBD78540BD
1C1D11D0E40476112BCAEEAE285C0F80
BC15D4D0F9B010E88825C5959D41A76A
41256D132FDA39E34889D37873152E34
DA999F7EE52066FDC26ED2F905508C64
D653A3F2C0E3F42D47FD89B2215FE9AC
3ADC38B86FE8ECDBE0D127D88C1A1825
D59C225A21CA16DB0E13283E10FA122E
74F12C9C53DD8F304D80EB7812F5CB0E
92EFB6575978FBDB9BE6A6BA66ABFC66
BE8F74447B59C67AE739FDDA3F42236C
14827A1F1D0E32C4FFBC10362590BFBC
58D400276861FE00B2E30655B3D7793A
24A7088B7D5BE06B178DC62CE9EB107E
53B6408178724764B2B6519B83DDA03E
4F375861009B3581F8184138A6385156
9F8008C9E12CA0BC4142A38AB83BB792
F3526A616B40C7D53FD59B4D38ACE245
796C70740CDDABC9CE68C5BF47B7F3A7
D34D27300B97FDFE319400ACE1276431
892940A871FC63AE1C927CC4BAD43362
EFC89620AEEF593ACCD6B920F2A40DEB
18B6F6A405778727E2670B1D31C01FDA
3F904AC745A4D0FE8EC6324730340E18
11E89872CDE9CB93886A80E5D15BD5A0
C86DB22CAF1AF85B02DC876E54D08FEB
841C0E218E412BF2C89787FD15F5BA7D
6AEFCD8A3309B660E0D9E995C22C42D0
FCBA4C076EA6C1DEF278E614402DBF4C
6B240F091C621F90BF1E1AD21B0BC807
9BAC44431FA55495E980F03B7E766B69
9C3369AAA1EF18819C3B1AFE75F810E0
786538CDBD0B26FF4FD6E6163E4629D9
65968C0AA792F184FFFD49F3F9DA00BF
1C4B5FAFDBECB7A186E58464BECC7E80
D1470886A128F28AEEFBC5F41594F5E7
DA8C7B2B369FC99252D321F5748922F0
A1354DDA3F1ACFC028796347470B75B5
4FC97538976D35D53FD30C8E02726F54
481299AED95FA2678AEEC45082980922
9126C1177A8DF57698E0F91C4628A1E6
BE57611E0F96572DBB998B4A0CE1E77C
F75FDDA6569AC30661CA27D8E479B2A6
7CEF55BBAF4004E67B4664628331197C
AD2836E2602FCC0057282ABEC6D5B902
4C684CCC73193FB732D57B233D44E881
A19FF8B21401BD7158E0D9374D23379E
D12C4E8FBF4D9D0DFA9A60F8C06298CF
7CBCEB6142E065151D3A0B7252F68AD3
BC2183F09B142753BCCDDB47B221EB1E
BAFE2EA7D0B84D3ADE17E91E2738EA14
CA74E8098E77712136A1348634298F70
F769EC5D1DF6BDF9C6EEC937FE0497BE
135AE4CE41E2A90F1A7DDAF7DAA50A8E
B651243E1C4AB3CFAD2A3518B8DA9D65
EBCE13C46CA16D0804B0E21A5F7AA33B
76A17C74ECBAAEE53789C05D0F75263A
EB1EB2222F9866B9F9EA6F2818C73A9B
E7960B3BB28F59A386E3E1B2280DF34E
2233F1438598D09ED59D465B94ABC816
45D8FF65BD8F49EC063720651F263470
1AE6D5E230E27F6701C3B01DDED57F5C
0C73AF4EDC0CACDB08C36D95948F5AA9
2DA25BE7E59B947FC53E4B8F2DC2B960
35B5A7AD03526313E5D6277840BC55E8
AB49A42A733E1632F7B156E552F39E5B
72F3CD663A6E9B36EA2A830529A2B17A
3024D9CBD8929FB54AC13E0B39701298
2C7352D2A24F6970BD4C7AB119BA5413
336C38F066666B8D0CC4821EE7F046DF
AD096A617FC1528142AE7177346BD0A4
7CFD94BC43F33F68AA2F416F58BD6FB4
E658BA52F473D30C8C08ADD54642F2FD
30F8B5B73A3B99FFC7A5D300B844B9EB
651C604A8944D92B9A62175BBA95A47B
0031FC921C0E4F8289AC0A7832D2D7A3
3392610BA48A96CCB61889AD5E01421A
17CA0290AE7D926C0FA89F7481D6233B
E3D5D21AA4C044E15DA355534AA8C6DE
B61E2768B8AD12A2B06834B817C768FD
235457E2AA43D801794397D00AF43337
2E7D09364BFEFF3590B42653ECEEABF5
88E1A28D37B7FF179D820678E18114AB
1B9296AEA9C27D050F00C88FCA7219B6
ECD5B980CFDC5D68F74AB10BC3180AD0
7E723C605CD434076AC4E2CE82801930
8D61C610C05C134D87F7A7A38B2EEE70
6BD32705E7DC296F9AF9DA3F13779838
F2227E56C593EE52F6602A86F635FE24
79CFE8EB780C56D3F61541ECD8C2394D
93FCBE69FE9A0ADF9AB5061D2ADE3964
E0091CC77DD279971F7AFF35701D3AD6
0B6B31B72165FEEAF69186AA64678A8E
3D6187CC36C1D9059872CF1268330F94
98B247D79F800D7C8572A7382E5A97C7
05056F2BB8828A169C16EFC51A8BE6C2
F435BAD7B3A0A21C028FF9A749B1C5EB
D6E8FEBFE535062A1B866E29917821EA
DD2E6233D777CA1B7A95EE4529B12DC1
6A1C88F8086049213D8308CC81B37D88
3B6EB2045E858FF36B4175E6D6812283
5D9377900B97F2B3D582DC3120D277D2
E235FBB398430E4843D21B7471258F0C
F7ABACC4797F6BA93089D24CA1717BC3
4AAA19F8DCBD7F7FEB1D10AEFE883D0E
785E587FCCD0FDD766F1E3F56FF59993
35EE862268D1D4F85176EB09681D817D
2BCDB2EBBFE2E19226D19D6039A3503E
3756D950CC4F95676B7B7B3D7C391388
39ACD0E47AFE7CE4745EEC9E939CB630
2A112A919B5B5A618F6BA2F9C94431DF
57BB654EDEB7437B0718BB63A70AA50D
544F6214D3C6C61F276694D90F822025
88373F56967AF329E2EB84C7B728C642
1C54A67768CCAD61492052691D0719B6
9E589F3913051EEF20D6AA9E68C8FE33
5249ACA212D53655C3F1CE6B4A502B4B
1B5597B07CB7E48D6F2B77E51A0AF191
A497363E1B59DF894E9E7EAE1A2C1EF3
4524A46EFDD1BC8B11FC09B2F7C0DC30
381D5738840EAD34E58E7CD0BF190AD9
C652AA85CEA2A9D1C9B2EB40FE54BDBD
E2C5401FDDBEBD370E109ABB8518E78D
0ADECDDADF03A3A5CCFE3A1AB06BC302
FEB0FE0DA42822E4092A6076B2A04E43
C6FBEC46E38C0B926DBC992ACB27C828
17A0BC530C0179B94636E7F2FBFE4267
1308E5BACA7E830A4479A86F8B4831AE
DD06EAA9ECD3235DE1E272C7B0CF2818
A35FEF54E467D52337181966B37DC773
03B36CC858B5E6CF449B50CFFC498575
4D64BE55409FDB485D979C9230375C1C
E7706C6B524758C36965DA6F80BDA651
26CB26C7B201C08EBF6A6A8FA6F8C461
528D28D913D5F479F1FB19F01D30F46A
57A46983A0DBEB3086F71C6C8AFFFD85
82BF67285258C78F2F3937711692DF03
509650388B1D7F429C02F63469D0333C
CA09123916C357B66C8112B14C87411F
22ACB5A29D1BD390D110564593AED439
BA192937E100BE1CD1C5D7DB5D99DF7C
99A9BBFCD715A2F72C182B691795FCED
3371B96CBA6EA941EC86B67A20D4AFDD
2207CA79018A3558202785CD0D04B803
1B8AD8EC3D9810EDA12B2555CF156645
248218F1B7ACA9BC008DB97F4BDC557C
2981E0439429D4CF97D68684096FF688
3CC0187AC7FAAEE7C90D4C8D5EF4316D
797886ED81DD8A8E36E11893D1588EB9
9242638CB90DE49D28E02DFED60E5536
48974B9F963ABBBF5FB00F72D967975C
B892E8D045F2F0174FC8B1C7C44E78B5
9279C9A9A84EA15D91DE8F9EA9337342
0A6E8B1743BADBA532F70307423697BC
688748465FF36303F77038629F3293F1
5A6CA4D1A3C020664797B9EA93D41B2B
5D5D92368031DA5375FF68B3F4F5C7A9
C58157526A0D38F7640E3790C18EED32
9B8B309F5D110A532E74CD890102AA96
12F75DBACD6ECF01513B005C5EE2A815
E26443412AF93B7CD647F7B4AAD14822
8622D6B7C7FD3D577A6191822F470997
8C736227FD6943F5D50CE8708035F9FB
448FE46C81AA18A43E96C67D2E890DAB
92727EB5798556A9BA477CD8E2B0013D
3E157345F4B819DD9FE0B60E3F781EDC
F00F85A8768FE256EBCE48B7D3FF227C
7A87BC00DE9F45ED6C353CB97B040907
24F4BEFA5402BF609F2C705898C210A3
8659CF730B7348C3FB5B8BAF46F13C9B
CC352596FD7D113244D5B73E7BF804D1
424A5D5D9C6C4AAFD66851DBF7E4DA8E
FDEABC5BFF82F89B01439E8CA5A3A6AE
2D211DFE87CA6A917AC1F6DBDE072F4A
CFB64CE0D0376EF60719C6D0C23E0EF2
42CDAA589CC63C52A3746ACF35E9A31E
210B657CFB4FD74C7711F593BA1F66BA
C3C4D38CD0309A133456ED6B6BCDEA43
A4881EEA4499F2332A629A1517302422
AE0B49E131D2EBC21831A95FA28EC4E7
54872F65D208B5EBABE55AA875998DB5
7BF77B9C4DF33F065030336CDADF966E
F23B98B21221522A7FE6B03987FCD81F
8925975687731FBFCED7BCDDFE9DBC80
484E35532C4A6EF767C2F89E5798341B
DFE3DB2E6D33690D9ACFC7D76F6FFBE7
5C5D1B76D83E3D91D1A82CEE1DB64220
0503873CCE41D167C8B666323B30ADDD
F8F2B766726B17FCD222E330313370C3
5CDABEB0C7DD827EE2ABD581641DB67E
A22556277851907F9D0C0A29E0822F92
07CD35A0FAC189610E4BAE7E4274DAB6
D945B64419C03CDE16AEDCBE5D06C070
26D4B250BD509FD89F249553A194017F
32F82B422012CFFC2E7D0AD400B8D96E
B39B9D0258D21BDAD557740207B1B681
E547C720DCCAAD147ED59E80B8536A87
B920ABD574C0BD0492FC6DCECF87BED4
DA7A61AEE5AA6884C047313A8C90A157
2A297853253BECF75489C8E38FDB9F34
62BB4AC682A18484DBE21C4E102B1E3D
41272560BC467E3D5C9F301D4524C21D
6A91AFDC3FD8E30DFE9A5B89F20956D0
6E646BFEC534D70CCDDA2E5C0AD34E23
9092CDC952E76854E524008FFF809F79
9A499603F77E4F1001B51A9697250291
8C175FBD612E8E12D4D9532B38AA1728
B23B1CF7C33DF47643AC0A84D63C2D4F
4C32FDD10DE0B9C6FB0D76A30FAB29D0
E8AF907328F7464F01D77F0993D27929
4C99316009A3B2F830855D0D953BE414
899803C21D28F93FB5BBEA810D5D3AF2
4BFB8BF6FC869DCCE85528A60493D77D
24A3599F0AC60FAB63BAA1DE1941DAFC
4F77D7DCD820A99CCAD2EA40DC102C5B
2FDDE1C692D64AA6C04EFCB1FCAF0DA1
5A89C80047E2CE7F195048899E070E2E
4CEACE3983FB464B174D787E831F0394
F4E76C8ED3F5016BD2ED01FF81BB51E6
65A66C439D5B4FEAA71AE7A53331DC9F
4002F5220A4712BE8A65AF3D21793A89
78D8C374375779C9212A8DF5799599E8
3AE3F2107EA8FF077591EF48ACA97292
94CBF3C3BDCA59F15BD72CC186C8C96B
38E7BAB2A8CA80BD48D74D07CDF346B9
16947E94631A9DD4503B572D6F3F650B
824F17F81E02F47DA7026C6EC03E15D1
7764F258D401A69A09AC0B85F56957A3
53DDAC4C5F7F6AF2A9E3B4C477BCFE4C
981ACE228994BDC0F4B498E7E4894ECA
802FC374E2AC73DBA01E4259AB8F5FE0
81129524C3E99438A61D82354F99E439
3CA2C27B8760214D7C5022000B97EF6B
92ACA3216CB1F86A083F6BA9A69AAA3E
3140DA38E57536977566D1EE75DCA59D
0D8C9762DCF3C90A3B7AA686CFBB52FB
0B3FEBFBE379CDAFC6F0FE4B3F9DD13D
C0EAC30F790E785AFEA26DED6FFA7710
DC0F93F6411D6D75AA7B1650B57D5EB3
2AC94457B01AD09FE8453A490005BBA6
EBEE63CE84DD8D7B7DEA139679FCC33B
53B94B0692CA6F0C81FBCDCBEB584F0E
1C86955EC2F4AB8683C6C2D4794EFCD1
A63A230B8A12EC5D69E43DAB85CEC7F7
5F52C4EC49605582A1E0BDDDFC54F04C
AC091C1B9E9971B0464B0A9CBC227EC4
09A092F2A9E43E7DA39B28DACC5AB72C
AB1DB9AE8008DD8EAADF5A24846B68C5
A234C439B5E1F9DDCFB0A6EDA1FFCCDD
9398A2DDFE7D8B896E2A13773664E18B
594527218F71F404ECA7BBEBBDAB128B
05301C2259B74B6DB4B6B54EA8F47F16
D6DA1EFF894AF192981D5193D6341C11
E07E6FBC53873B1B8E035FD536B488FC
21EA5DFBAF2BD8EB972FDED590217840
3A54844F599EE0E17B0BD3B997A01B5C
0B3E8BC2745124623880E679C87E15C5
6810A4FBF64837C9129F4D20028D2AFD
E95B69424040892622E9D9BAA65BBE25
9E319604B2AD18C4B2820720063A465F
688CB7449C60D31F4DEB905A7946AE0F
30DA6F1A5EBA103EEBDD39ABEAE11B53
433B662E879F75D3618A698289B1123D
BB5391D742DFB403F02DD5E74BAC8B9C
592860DB04968F178C20FCC2F876190A
53092958AB287FD9745BA24583258564
62EA5B0E0D25C9127CADE0C27292CB89
FE3D4688D3735383DD8ADD50D69DE5D0
B105EFDC0E7EF878A40A978014AACC45
77B286B2223E6BEA1DF9164137002944
625C5188A77EA410335BDBACEFBD5FC6
FDE044DD4E1082126A76D4D7AAE67E91
9371C773DFDF0DDE1A8CC9C078E92813
B990C8426A1275D4913B6E19720ECD89
0A5373FC7B7F28915AA73C3A8F800889
3B77FC884193A7C9FAC74251F1305EAE
76E4B333C8E7864C59AB150DB6218DF2
B049D83AEC0A22A127A868B96498645D
982ACC3EEE4EA64F2AB1FAD54055B4F5
5CE8D656ACB81C39A30FEE559DE26DCF
126D41274D83ED0117A50F1D40DF161D
77F9AC3F598BE55C82873A9F4BAFE8F2
4200B4A95995A80091BBC529DB5AE643
F9DEFE5B7CF704EA2E2730B70A9F32B8
AD9E815B3465F46C806DD2BC6DAA3A1B
B7496B800F35CD3E60B29F9C1AC86F17
9C870B237CC79D4E1A198C9B3B4953AC
01A229089FB6D314FB08E9C5088D250F
ECBCF58EFE4038A264140F6EAD45B831
1073B797E2C7CA51BC840D7A4B607826
D15D2FA04033C0727F5225D49B3BBC2F
FFB6EF22B15F09C3297E70DF92BB22B1
7B7F84A12F227DCA16FBF6444E1EFD09
1F6CCFAA4F6628EABC5BE0ACBE44C5FC
45F9FB323A8261080A21195B415B57D2
8028AE69A06BB22B33CA6B62246CF1DC
3393B86D45E990078BBF8858BEEFB6B6
59224864946DD7658C3B085B1420F55A
A33112266015F1352321741BD846E9C9
7FF3E6F1BB9EB4ADABF5E7DB6F4E4E14
155D7C42459BA02D9E23731DD9A6F2F4
55DE7F5BB5B7A2FD215CED2FBC1EE645
A01C8B55A7A3C320709CE3933C1439F3
6E8416C9561F0B718230CA0D8676AF46
4545C8E996EFF64B83E01448C0F7A2FB
67664409321F53F464281D40BFB1D88E
51F0B187143D436974DECA79158D2451
3421606D371EB7844E68CC37957ED9C7
E804E90C19FC5503767354BB5DDB82A1
C8071547CAE1E97ED275F2389E0F6E03
C623D2E6776B0FC3911C794B14C6163B
CF4A00652223C1E54723166B7D1F119E
D61708B7E9CA0A5889E91C13B15D2ACA
11D34EC1B1AA1AFE0252B5D8A8F604A4
A1A9A94F92DFF97FBD9FCE777807E4C5
0D37D057BC7464032509FAD908B05DA5
4DBBE6DAA4B2040107A9DDE45A08F550
00B4B0BDEEEF55CA00338F1646B51180
677A5F82D72F9ABA3E75BF9A31350D48
7D4D0BE56B0A320CD3B94D3D514F755F
E91D80184C777C03373F3D1FE3864869
D5ADCE0E4408E9F3E8A6BAA2ED85D1D0
4AF66ABA6E5B67504E6F317B7EB25D94
6C87019604299BAE36BA6E50891DF63D
361EEEF23199AA0BC447CE37B168A961
E630EC96233A2561339FA2866C1B0378
352A6718C1CC24A0B304349BA3E3CA02
41E4F232798A205A2DF808221E6FD281
F697426077A54F9C76AA460858DFF75A
568EE6D72D039B7D4B67A0C85F11C11B
8457C44EA1C890927368177E62C2F4EC
3BB8E552A8779EC077598BA032D6D6E6
5ECB63906FB2C7EFC5EB37D896289881
A6EEE8FE3723AFBCEE88FD18B9EA95EB
B93638C6A9AA60EFCCF46B1D4F8FEEFF
FD6AA9442570BFD04A6A911D81DF7367
D7A322A78EBFBBA8961BFF2C73F95600
44C43A91881EAD4B7FB46B31D9B57729
7FF2B27301496E8DAE648E3FE771D14B
167E783E9470EB337569D18749726CAF
6A3713AB10E652FC64F4BC1140A0D768
1205EB8B2B3FB6512EE3AEE49624ABD5
3672B063BFEA029156D5BB0999558CA7
607055FE57ABE7D6B52596C45418459D
78752681873D18821F482F188F022652
B74AF53C179D2B4C8F396831ADA3A356
C7FC3382CC0A165EFE0AE7DEADD79252
7103C8CEC5EF8465A3C8A26DA27B6821
8B0D49094429248FCB5BF6DCD486466B
79BD1DEB08169CC9FA9331E07BAA4594
592D2670A12D8EC4C874C39B553D2A90
D426BE0E50328AFB0287C5374F47DD69
BD9B1DB10EBA9BFC99EDF8D93D9DC52D
A48371C25C06A4065D331E6292500392
A4EECD4B2A14E67833C67AB15EC0D4B0
228CFDBF31119B825D1440E91AE81180
0201F8B7513E5C7635E74C25F1641CED
EAD38716E7C16778C1BE35FB9EA0AC20
2A8A9FDF47BAFD7EFC05DA2CBD4F04B5
66B2C37BD2679638AA86564020B3B18D
ED616E32FEC1CA276AD7A37506D18656
F8B9500438F2DEC5833E0ED126C379F4
E6A124FA6EC3D43CF2A3C9FE434182D4
66FAA9F2B3E6F83733B7A4971A5BE52F
288DE45A2E30D18E01261F9C5563A38C
6D66E6F4E36AFFB20559E893950F8EDA
BC43E9886C02BCE5EC33C9CB3E2628BA
986522E5C0417FE568D84A552218EFBD
576901589E1D98B44EE192E38AFA75CD
6EA94D5CC2B3A8055B6764FE2F05F079
24379F45B7C8A507ECAD2775062B30F5
42C74766C6FEBC8BEBE521B177ED6773
C0C4E3C367310D07E85E5F0A379ECC52
155F08F7B0B30290416D5625B3340755
0E5E0B32B3A5AC2B6A608BA222D39945
7D0927AC2D793F177DB2FC0AB01AC3F0
EB45C8DF23B4264AFAF8B7A7CA0731C9
9FF70D907C039B7EA5DE2C2E94671AD6
E9C01864AEC9D3CA724D9D740F577348
A7C2C361E29062D2D2D9A6B8FD0B8DB8
C2543BCCC4AB24515E8FD98034078DE6
426EBAC387529379E4F8995AA60DCABD
CF69781C55C7231E8FAE2AFABD601F27
88E9CE31728A4170600774D60AA16785
772CEA1BA5441B87C7290D6D01093409
0981DBB71DBED0F1FDF3BED2423FBC01
E25B7AE5DAEB9CF85CD42BF9B4206AFF
1ADE4BA3E076DFF682647A989A309471
0A664F175E0FEE56177561437476D0E1
7EC1159DDF52B5FAE9934644ED1FE0B6
6A40E70FCDE95442567495C500ECAD1A
9557ADA8805789974C24AB1785EF3977
AA70BADCBCD5D5F830E03C4C94459CAD
312A8DF89F732449502B4E08895435D4
E1A791A4BD4ECBC9AA59828A90ED2A49
19B7473CB3AD3F56ED4DFAC97ADDFA74
462098243D91E656853528443DB0298E
714BC3CF29C1D4A215FBCEAD9F9E3951
403BE8BEE82C74B707AC4961E0A9C524
3F8399DE0C536FA0CAEAB9B48553E881
0425883492F2998B8C77864C7B4B7384
26F51A577FF20DE55A24814F88A6C6E4
931D6CCF1C59667CAEF9DB5E5D79D1BF
EF4CA1BDC2D55675A00D12994A06A31D
C5CA30B1EC16B4D175999E2358B7633B
A84A62953B22DF965AE529FE9C7E2F62
E10F45C9DC84255432A20D88EF8F110F
5F62A8AECD69811F05FB9C381AD583C2
B76C0430374E3679EC17BC129B33E8D9
FACD72D840CB94BDD287478ECF636610
CA2FC3D13E59E8BDCFA4C47753CC709B
5E2B67DDC80D72D7358D6E14F4ADD116
0FFA76AC80A8F0F0FC7669E01772121C
97DEFC2FDED1587548D3BEA960CC6925
16E659F7067485FC308653B2CA654AC4
F6621CDF6415E1F5262293A6D8F6A6D0
6E56810B7287E905D63ECCEDC24C10AB
DC903E41220AF037DBB771FBDDA38F4F
4AE0B1C7A51311576AA06D4BAFCC9054
D9B5A39FBE6558C3403120DA2BB6724D
AAF807FCC052BF504BDC58E99FE590E6
637864D87B770AE9B37F6DDDB26A4D6F
F69A1A27AAB69BDABA963820668A829A
50A6EE65FF1E241C26766817E79767F2
B3DC9D8F22F2A8CE31A567AF670F3661
BE4C9B367EC8C656841C038FB1404854
2D57CD77845FE3E7FACFB13D15A1153B
9481ECFCE3F4DA275A0A667550647FE2
7E69F62A8AB11825081CEF2EDEC9338B
16E643D5C27599FC1F31A5E6FD0CCAB5
E6BC74E6CF710B8163526986884720AF
2A6E29D09248E05D2EE519ED3D3ECD4C
080D4336B5BEB70D9ABFF59CC729FF96
775DC868C2CEE5E018CCB9CCA3FF30C6
10595C1036C28A8EDE245D50D93D2223
3733E1EAD412FBEF6857496F9890B441
4A7E4B3458D1337B91FBB978C1341A39
E7A26295A33F7E7FD593940062948350
886D7AE292C121F5ABAB7E356453ED5A
647FC58309A0F5F1035BEE92CDED3F3C
7156558C6B167B997000156141FF5972
B7C472409E43B2A014171923797BD868
9C6FBA7AB597B77A3B2025A9F0C85DD2
0F25F5CDFF9FE46D57A4D9976BAEF92D
BF363F875605E2CC518D69D8C6A18D15
0197DBED130805003AE4361CB1F4B847
F6F3E31BFA08E494E0BE4FBE8DB0424C
AD2365839B42A2E87CFB8FCC64F6516C
32DB2C35350F55014D1E8144729521C6
1B58D3959577382C5F274914E29456C5
16886673D1ED51EF2C98576716C253D2
6A8E86EF6CC1CD0CC252E01F4B10ED10
63D452BE9BF6BDA86A64B4DAC8CAFE7A
70A4CC3A00B57ADE4945CA95E6BFD04C
1460567CF0A146409F6A94D9FF8A8BD1
2B15A41E6BFEAAC00296C6F5B02DCB92
6529957461B582D035F91CE6854E0557
7F4608AE6759ACFDBABF3050C07A6EBA
D18CA12F539F022428A1DD554E659685
25A4401675CADE876BA1C9799C6477B0
3317DAE2447FDEE4B426DE31EBC93630
F9F4EA19F440B3720DD75FD8CCCDA2D3
4029B5E39B69B5292C6D60F632E4DC90
206AC70FC81C807FC3F94F6AE78D1E55
B696277067D67B0CD3152777239E8DBB
CD5FFAD376AEF66397EA577AA8A39264
8E7A01932A2DEED76CE232FB1185CD81
12B1BBD6FFF04FF4D5E34FA51AD53A3A
48A716E525797E5999BFA3675DFC0635
5A4CABE712A4D9E1F85F05CE74699508
9690E734D9A4932AD4A31144AFA033FD
AF216B05A481D863FB19DAA8095EE0C9
59904A4386AD427F98D7A1134B12B224
DEB7BB01898711FE39E1A5ED4E5EBCB1
13659BB15C27FD0BEB2B6987DBFC882A
AE4A9E3F713318E8426D0D6F5A9D5C24
5FA68CA72A4C778E378988B7B6856456
DCAF7BC2720DB53319DF3C42EF4F3148
BA78431B7657A919A3266657D5F8DD0C
4857625F2CA1797B3FB15AC9B8B1A19F
A3524380069B2259187422F9ECA6ECB0
B57D84A6F1B0A319F51B176AA8D8AE80
42FD7BA8CF9873A32BDD18F3AE47C4FD
1CAAE52749C595B60A830605AFA92583
7C1CE59137EEFFCC79B4BD8402B5350B
8ADAB46EE49BF42C251203DA74130D65
235586CB7229DC8B6F14039DF92925FB
5E50EBD2D16761CEE5501B6E7A0C6C23
7052CBC0354449C2727B969008E0BBBD
451867B8F0DB6CE16E8A4DFA54285CAD
C0D91C9B3D2ED1716B3F3ED73EAC9444
4594CEB6039EC3276F63E6A0E7478642
14FFDEE989A4E16113BE27C725989FC9
4E7B79E0BCB9DE1C09EAE4DAD09B7307
1714D232F498715CF3E4C8E66DF88149
158D3A847DE83113200D96D8890885B3
7F5DD1BD0930C68A24F511CFB19F0CFC
CF18C940FFB9147B615E82C4AA4B7114
D9B07B01CE3A6F008BFB0CF208FD310E
244459D7A9AA3C3303FF6EFE20266AA7
6E08BBE904B79B2ED912002864ED24E9
217BFC7E80CFB0C7BE36921C86F17171
B5EF348D7874F9EBD480734C21C19CB2
F8651F6DB72CEDE2D88DA673F11D0B59
0D009B554BCF995DC17F6FE52039AF30
45F2607A47AB04E2EA971C81E34BA93A
1A704EEBC10D8494DBA0F91EC054778B
F433E2345860518AD8A4D44FB4812363
83346BCF62A6084E9AE57D65A279EA8D
D77828F4FC77E1A764936F7B98A19035
3D25292EDFF05C9E2E37CF096DA93DC7
45A2CBABBB13422E28E71F7B2B562E49
3A0C0F43757A625ED4E78D5AC86FD4AC
00B967B04705FEE7FEE0FF085A04B59A
5D21D38DB921DB808902C523000B5062
B554C68D919D1CC9CBB3287647CF35F7
84A6518040D37E374868BBADC2C79A89
05D38DDF6D86A79A790570CF02E13446
BACA964E5D75CC594D35CEA0447BE298
09A9CBB61C6A3E9CDC53FF00CECF45AA
2A08CB1BA70A2DABB6E9270AC152C023
A0F33A6039B6332E414C9C5762A2AEB8
C57A32AAC4F23FF4B626CCF3E722A3EB
F36C572DCA75AFEE773A032812C63D83
A178A8C83D7D1AE4DC80F47149E7DCC9
2C36B3290D01443EEE355DD739C51BAA
F3EB6CE242F776ED464795E33BD97BC9
B10CE3477499F4D4C8749CC45E5BEE5E
EDBEEA43B00779B5887149FA27BBBA4E
8B2CCC1C891A45F84643C81A4CABFFFA
643EADA1193387F2B39A3AD145226B89
53168FE2FF92057B9B836686E30B43BC
1F5D80076F0683A24015DF7B35B8E51F
CECE516F3D59ED2799A884C85DF2E4C5
C43EE9C98CD5AE9FA15761D9B32F5A84
F97B685EF60F210EA2D779CB61B44B3D
81DD4BF168F4CED2DDB7660A8414BBF1
253DA806D7C31F887224BA2940B6A8B2
EE81DA53573DBD1C4F8A2E60925A6E72
90E255FD367C65041D3B1D6223BE6C09
7C79DD7FFAA70605DA1A9DAA08EB4445
02766EC76B148C31216B216B609C1299
E7346642F533366DDE0C3F28B6D4DD04
0327BCDE4AA5FF3D8E551DE856BBD5FF
2866D76DD01F5A4FA26801EE308FB9D6
52FBB680A7B687267793C4A9A1B7C13A
2DD81D9FCC6F7EEAC7A44BEB2103DF7D
BCEDF43FC7F5C46E6B48A5E07AD5B66B
3C85074730135EBE8AE70D5F5F893AE9
02A3DC30442933CCDE27E54254EE4EDB
BD598289B1B416FCFAD2994B04E93694
BB3777845EDCC1E1D96BBEBEF5064D13
EAA738E904861310A4C16A09478D6BFC
5CF326F4F56F59BF3E09C5E493D68D2E
75CB9FE96683337E8C8802E9A1EAB62C
38548F90C194BB97EF23295558653C12
E42F67FF8769D8C221BBF8257270D475
8EC25D04D50A645C2ED2BCFBF5CEE435
06C07DF5457094311124A9C13B4A7333
2093C031D9227B094836769B9BF0D95D
8F0668C88AFF86A33BB0FC2FB2EFD940
453F2CD14AD6AF23AFAB9D6BA0C14CA0
304BF4F75897B966586BE221D14E5AE7
EABFF6A646265BC53388505720BE58FA
7E68076D0EE790B4D2AAD324F7C5AC95
4FC05A90498F12DD3F9509CCB5F073BE
48D0EFC7849B90218E3366635193A93D
CA5F6DEB7E6A615FC84C19527923C3FE
A9CB64875A1C77244A9CF7E932F6FA88
80AEDF17B4F2E1596B28826A7A0175ED
DA6EE2840019583F5B0F83957CCA61C2
4672FCCD96C980148D2516F9A0675EA4
E1ED6790BD3F79113FC871C76CC9F0D0
3B4C2E3E05FD0C2422DEC2E7526E5B27
5D0AF09415DEA5A3F2D938846C2516B6
7940D606D7D3EE38D884D74143C7B5BE
D04D7C972B978518C1E81F5EB8EAC6A1
8BD6403092EFDAA133A35AD27619227E
C02620E161165999718FD1124FA695EF
99B3E00F040DBB987A049C2D99FD9740
A3C1000BE431830F357F09DC8F83F965
85D65D0E8BC8243FC785E4E17E2938D6
229D14A583FAA60294A2BF2E4A1E07D3
62234F1C53ACD51DE5491AEFABB78B24
82E7412BCFA1B17D5174B5E27150AC59
4C7D531012C33AE3DD981B6B0881B053
76CAF3FB877899ED002A1B93EDA95B80
E237649443D1C53F31D92B26437A4F8A
8F46BEB55E82941495389F2959A7061F
7B657E562A39FF08E585BF6B693CD70E
C9C9E10643B9DFB1E9420377CB136403
3BB680CE3AC3FCAC169922F0C53F58B7
31C65376EFBE09FAEF36C4275FC1C98D
0FF1858D4C8B285A0258866895DFFDA2
10682C5438351F7866B2C0366C04020E
DA5D42FEF5A6C29DBEF9B8E10994D9C5
083C7FA257F71494B562206D0A296456
2CD0497A11ADA592BDB54410AA45D367
9A55030E886C2FF830287231DFE9733B
517BD2587F97BA68AF36ADA9963E83D2
048E2702567CB12D6911A87FF1722575
9977B79A8F277379DD7CFC3FB73911A8
27691BC67C515BB937521EDD6878BCDB
67C5575ECD2C474EAEF5FD19710592BA
864EF6E155F78BB1BB37B2B672A01F12
69C0A7681D411557FEA14AA3165C4516
C06E0D5FADD3924415F2F0705169D8F1
DBD130823B2229783A7E075972B4069E
EA9739C2B900B7A555072EB406BC3BE3
DA703CD73D069481F83D58CEE4F7722F
55E83CA0404D842063BA0C774D4CE074
7BD4F2B58D98B719CB896DE3527F427C
7F71042EB638B2DDD8DEA89296EBDBEB
DE4EBC12E55911DD8FB568A09B9C915A
9FDFAF4B8A2D4799612DD2F4BF38DB36
1FF99BF7A9550F6FFB9F527984E02138
BF916AEFD26EEB14C4CBC74EAC997A2C
799B3AA24452FC662FBDF042E8E86FEF
A3626D7E942B922011B9F98848AE481C
59D4510E7B4631B73CBDE5503C2FF4B3
5FA89EE1D1CC3D199BEE94C257E9795F
9738E7FCD0DB7C4A163A9367C1F7CEB3
9792073AD3644DFFC8ACD5BBAC066909
9502759AD9719DDBCEEC6FF1F47DD0DE
19A430D5CC220A5B049FA5A1E23B914B
2CC6491634CA407D96EBAFF4D11518A7
60A83215F77552E0C7CF0ABEC2F82328
6DE1D0FC84CF440A9EA622B8B3FA521F
7305E9307FF9F57C4E2DA78E8C3049E6
FD9F3AF1992596F4C111BA158C3FCDB0
398673160FDCB4AE098B2FF1105DC3E8
8A65ABA49F3906C70561DF97C14F12D2
CAA35BBE47EF10C3D76D609095E2A6BB
1F9350A50D3F20B6AC8F1C062F0F41F4
5C27CF5F69D90F31A35D2D8B25DF5D82
8B32BC7FD8425B149D953E1924C1D2DA
D9B283322F8DAD2AB4A55B8D3107A59F
4EB19A46DA7996D9F3DEB40EBDEE62A7
55D0BF54727065E54C9AD1C039F58636
ED0BBC91CDFEAA7274C6DCA7C34A21C6
795ECB63D6623AC7C5B6A440EF9B11EF
FBAC98494C1E0DF97581ECB9510A9532
A5188DB5CAB8B02E47603A82998BC70A
AC0169D69A99A74CE0A9BA5B9159F71B
6857B239229B4A5530982A2D9E0FC454
F3B630D252385A5CC28DDBF57DE19A33
507ED9D15722EA519FCF64A11C9E1721
C4BA1A41F9CA0366D7613E2E784D8588
FD9BFF82F191FF654E21C01073CE6231
CCCB5E75D024C3B1C996B469F343986A
9E8C3114EB2E8A815606C10DF3C7E5C0
C9B77D4092521FA06C4CF05B176DD2A5
50786BC8AC89A0FE43E069A6186AF4F5
D32738E762F339D2AF932F4E470B557E
7F8496BE7E0B023A325BA2A8E2C3C5CB
F8A1A755171E39BF69BAFDA841C22C42
53A461AF59986DDCFF3E7783463695DF
2981CCE7A014297D1B8E572B741B60FC
7ABB666415E8B08FC2586E5DEC25CA5F
4E74037914C90FDD0D70DAEC1438CA2F
2C95B86BA47A0EFBB38F21F8453BD1FE
441317CA30F97706D7A261A0C5FD3716
C27B4BD4932055626E8AC60E3A3E61FF
A7E4F603365E46067387E298EED9A609
F94E2F189086921F979013E7F4B4394C
8F0AF2C6F76978A82E6A84EB48147256
5652D1FD39247BB8F5A4CB98543865C4
170278F1067480AF9B2E3C0DB6963654
EB0A2497677D5036DEBFDC508B974C5C
010107CDECDF23C3D15EC05E33AADE17
7DC9ADC1F8CF4690E05E4F31434B85A7
BC25F6154CE44F201990D6A1100A6770
6A94EC50D51A995B7E61782A74EC68BE
F614F013FFB2B4720DF44B06B1224CF3
E14DFD281AFE964CCCD372C49EABBEF8
5E63A9DB4BB9C6A64D720C7C7C2703E5
EE140828A9CC49845BC4D6AA1A6090F6
B39CB7F8ECCBFB5EEFCD5CF8A96BDF61
DBAB24FBDB308804008FAA7239D5B4A1
7A9FED7766DCA65B76BF03B9A8CAFB51
AC2289A901E33569DD3C8F9C241F95EC
25BCF2D2FD838987F3FFFB9365D11A5F
63C852C9EC38006C2CB23402D2B3B512
20281272F082E5D4AE7FCCDB60FB605F
EBEB92786D8FF17185FE56D5936238F3
D78B23344C5351072E066A15E159D55F
2B90F86DAFCE88FB5AF6DE16629E6164
C8B558D4F0F66519166D7F04DE93A384
BA104D92E8D704E0E0406DE8E68B881B
98C633A8396163205F6FDB9B7976E78E
6819335B314706F356984D4337182A6C
F8DC95A7DA9590BAFDEA7072A2740DB7
B20C099BCF20AC714EFED84570180140
D7F7B11A138BC41110E22BCD6830C2B1
D75C63269DAD02B8DF3E82686DE1EDC0
4CF29CD7958733AAB43864FABA13BD3D
48A210FE9F1779662D16271E0BF70AB4
2FE32BD9BFB3D975C26A9CF6D0028CBC
14E5E570D1DA299AD115C76B71723459
789B4AD1EC74642505E5103369C2461D
F8335CB0168574CD1F9BF461829AEB6D
605ACECA6050B9EE5E1DC798B5FA9693
9C3C03AFD0E5FE7B4AB9A6C4C59232FA
3DD362AAEA335BC0F71BA91F9705758A
198CF818AE24481C98B04BAC4E762351
9A46707C784414B9FB6388732BE220C5
5C90E2BCF620D3E02A4F316A6BAD4791
6FE45448F895F476F5AA26C289B7DEDA
3647FF53B564F354AD1AE0631F20215C
C8112C13D9B1A15E0397004BBF007F64
693C87B8D691294EC745B050DABF7220
A2E068BE7C38429A669F3D66D46F172B
102ABD7B46111A83BE94AB515210EEEE
DE042CCBB5FD9F2A04C01785DFA655C2
9CC7E1F753750871F99504EBAE0E4C8F
4704AD947955A7D504F3E229D731A985
8F77752578754B3DB78C254BD6F885AF
896AEB20F5F5757C1351CD3378DAC82D
65DC4B2D4BADF1177840C249F273BE09
1285DDE56486A42FD33FA40A0CEE28C4
CBB9FC2791BFEA2EC39CD3B08F8C1A94
4063DAA775B47096582BD8A270DD5429
8F6ED04A1C3CF432634A31AA028A74E4
E04075BB5EEA216D13A25F3B1D0F411B
C494936ADC50F01FC20AC9A14C192AE7
E6F63D71EC7DC29D4C30D0DE3C3980A1
3352FAF66ED353F6BCDDB79F973C4EED
E9BB012443C975E05FF2D40CA7677D6E
90E3CE2A73A132C1CCA6D19F71E40BAF
0CC07DDD8D8C09E9D025BF3023B01E76
CFB109D9C2C32E04F0C8D2C69C4B34B9
F88C5242569AA176710BC51ED3A15DA8
115A71C41AF1E8F4D96AADE5508D5591
CB51856C80D9E6F06B4582AB95C142B6
C9563DDEB5A0534A487252D7ADA4D69A
D607DDA9730D006A7CEFAD37D50B220C
BA0674C4EF1140A95FBE55C2D57F7C81
2F535755539861F335B9FF10CDCE2120
F3E83DE0CA2792FCF7E3F56104DA5F90
C36A31FDCCEB62825034E75D0BA43410
6BC1366B1AB7C89C815F3DA9D41F1A15
687AAAAB4B9C3BA20BA7965BA52169A4
68B4194490D3A0CF2C06EC82262AF4DB
F98D3FF8CF054B044FE9DF9E4889C868
6C3FBC56B7BD50A491BD84D89B8A388E
520657F125440E89EB154A1A56EA83C7
B621C2DEAA885EC8E0DAC721A882467A
F92C1C56F7387B425F043424B991B0AA
2468ED76F8630E829C48680E6FBB5393
BD619AA2A9C0F010F774B691848F9426
0921F120498093205A1BF6C6437D3767
84B5E1B3F872EA9905F926573B370505
D60D69F8D9401B64C4E4DF06A181DF07
5F59C803290CED7BA5C5FB6E86C3C515
8447BA33F23A1FEB57E7BD510630BE3D
5B7EFB2F0436D68ED290BACECD279A55
A0DAB10789D3989A8C1E02E6C08601FF
395022D265D637A3EC2D1B76191FC870
DAC93BD8DE7CB804B3D6F350722CA550
E1BED0303CA5851E15E50130CCCA450A
6CF7DEB82D9784CBF1C47612617E7E7B
930CE06B914AC0A572D5D7E3223F6A03
94A1598B0EF21AF3D50BAF72A0BC704B
317D298713AABA80AD926F9D271C9214
8B85E57C0BE96071E781334853191A9D
32C74C4639B21C025175F7B056347D88
92E706CE7C0CB43028EB7BD1E5E637DB
A62B159B14ECFEEC27B7B7B1D78B7BA3
A7DBC50288B1461A4C5275E9CC7351CF
7FA9EEF45D8FAB927ED78037C4456103
02E9B2FFECE31C65C9B776310D962806
B02D58477996E3AE050416B9CDB59A2C
6226027BD3139F9D25B99EE919B4D60F
4C42C5D0DB9C16347BAA61F331DE6500
05E21231AE3AA9A7D400EE143CC641A5
FE29AB67E572347B04CDACFCF17128FA
C62313519B2BDBCB7122FD73867CC406
B64E44895259B7C6F7454AAE5701A5A3
8EA6F14F66C022A9745505FD6FEE17D2
65060FF2B29C169299CF414D49660584
F2E9ABAA0830ACB09D2D79F530AB7173
7F30FC28D13E9ED3D66970BF539C3963
197B4A4C1CF53B2EC057C60024D3F349
A71570874E3EB42606309712EE8D108A
42BB28AEF32DA1395DE072E24F4AFE29
EB5C473BA546F141A13ED378E3102B1A
C9D36596A2C41527FC563A731399889F
CB0F9FEB012346EADCD80C0FEC232B5B
95C5EC189C9D6F04BD7E825A36F50E84
A40C2CB61A847D9AAECA08469E239BAC
7919A38903229B92C86C0FBE7C798583
BE5799B4E196A13E341204A4572851F6
8CB8EC571F3BE0C932CBD33FD503C057
32D93F49230CEEF3D054AE9B6DDF0166
696DDC3E1A9107357631FD2CE5AA46AE
36F38E01B9A1B85B23FC5005FE45F243
16363627A0EFDBCF239AFE786CC11EFF
1854EE4DF5D8BF75A547D59FDA8387F2
C3AF555CECBAC52202479DDD9A59F309
A25B56F74A46505ADA50DF53ECF1F48E
1802AA09D20DE80ED0BCF153626A3272
596489A7143B898893CF4A513E13DA51
F7E2D8AF7B659F8718DCEF2A77B94D51
EA037EE6B0A7AF0869EA359A5C82C505
DFCE815371FF325941470254238F7383
255DE9C31F51F192C4E2C3373C2A0210
1E2143466742AAB198B7B4E820611D5B
DA4488A7DA790B20BB2EFF114B0FD727
3B36A3BD617147E0162161E3405E5E11
EFDB886706CA0717E56F0811FA4AAF31
391FA36F4BECFC41E2BF3D4BA60F2103
25D8F6C352283E5682ACD4BB3F64705B
9E65D43AC1F5B6AE049487FBCC035D05
DA785582B04357A2B1D5CA2757EEB9B7
C91A844D44E7B15AB5B8D14B917B3B86
96444AB8B0C21028587B05323CFF050B
DB98EBB61195641D74A608E5A9FCCC7B
7729C1B76998B84D1DFD794D458D6124
779FC69CD2EB1D37CB2553226313D444
2CC17FDA428AAA35256B719D7F6E4697
DEC0E84BB10271FDD10CDCB61295AED4
83D7955C78B9F031A49660DEB195C87C
7E9C95F4D64E2F10C21C4451E8B3BEF9
E561194C26E8791570CD6E50FD8F726B
1C3B11E39C3121779E6820F951A0D742
9955C1BDD67A1BEC48F61238685D26AE
F7477B8BB396DD2BBB1A26A61FB63F35
706D1B911753CB56B500D5184F6E2EA5
88D1CECB027A12E8DBA4B86C0250C835
AFF20FEBBF6336611E1D8C9190927E17
9F66DE3BD2807C1D65B0B84FE1679BB8
DBBFA5B703B6290C96DE5DBA873BBD4A
BB2D5D0FF102F83BFC768B48A743D0F2
75639018FC9A35B01E68D6E42C8C395D
91633800679808FD2DDBC74233B49AFA
BE343BAC2AFA80F90C22CBAEF35A7BFC
35139948AD9F64C4CEF9F7435B88EC3C
358F58F1B7B75F2AE238548172FC2DFE
2DB3A028360532F17AF724599664E3E2
CD79EBEBBBFEA6984B333F254E4E926D
6F53B5A227AD71215E9094CD7E2FDA40
083AA8B8891471E713C81CC95BD1F3ED
FC787177758C198B32961078DB97A147
E2EABC7516202E1FFE2C678FEC1F86EE
FE9814B6AC5AF235B5E7E1F113DC6932
464003A847954349203BAA915C734C39
A9943FA4701FF85C7E4A1C31702ADF85
BCF8E16893FE7DB11A82BE7C90037E21
D99B7726CF5DD37A0A9F4D299634E019
C423FC455615D406182A1DB4DF15A2F2
CB2FC893BAD4FF3BD8BE1636840AA89F
58B3BAD325DED0274EBA899AC30A8998
1A5F7206B6C04FAF8847C6FA72A166BF
453640141F5F8C2D36AA01525604AC29
9CAC308B56063DBDC91912FA31B440B4
79F931A0371FDFCB7D9682F5C06AA03A
1E1C29D929703D2A7115BF387D444E95
91B840BDB7A2DF8FC779C12E1748D828
18EC1B2874D56DD2343B7429B1FB8069
F900C503E573CA2DBFE54F01BCDD1806
5476836A37A30A73CC88C489C8904B04
8A3D08E174C34CEFF478EB254BA10631
10FA37AF5C8E3C3288E46E02B0631FAB
243D2FE859ED392D056663D150D8E327
E568A34796A7527E7977B8ECD800EB08
95E4175D5E691021ABCDF2567B840614
AD236B991995738635F8BD2EDD5253D7
7889D15C92A17D4A52DFB1C702588752
4787B378C873ED51147BCB81BA6C70B8
7A70C056A0BA53E10C3E69B6FE466A1C
B0D1CD884DDAA289E25D313A526C4E0E
89B754116AA7C7C8ECC0F2DA99644EB6
D27D9D560F5BFB8393772F1C92871BD9
00A6612D31DBE91BD5FA040F0655A96A
4683951FB10418D8D4D4CEA91364F5CE
58FF2E08FA798D0EF1DCDFB47B3BA607
EBAC3115F99068E314FF68C88F578A30
A009E7B8EE2E0CEF9031C6C5BD9308C5
BEA01C51416B4D32341D228FA3BD29A8
123E587EB8CECA754541D03118A4DE9F
8568B92EBDCDBAC9A9A059822A2A6CB8
610E8CA223F92D7568DA55452CA3CC6B
E5677353F69B7C96A8C1B0E3AB151BDD
1EE944AFD9CF684540B1C2A2E8672F81
FC6B0D3FF7EACBF9649168F2240178CA
87C06F9FDE82FD695FC63042928803FB
873AB3C68735B58067227762CBE926DF
768E9837772AEA5891CED7EF9D1DEA83
D9C20D31E9FEF76E0AFCCC7ADEAC4FB9
6297DDABF199F87EAB2F3C5352BA7046
F0F0700C3422C74DC587D92F593E22DD
1E9544A91F4532D4F7AB7FACB592EC1F
E6BBFE997DBC172C6D7155ED0DE316C1
59E5F4A2F500074CC0C9F51201582014
859AE02143A8D43CA98E6097CF57BFD6
F218BB38FCDFFD20A5D4D2D967D90EBA
5D099EB6F6FF778722034BBF5CF41CE2
FF62D029A9740478647004347608AD7B
1D3EB801ACE72D32362655DF681B313C
51CE6AE5B4D2A750AAAA5629DC59D4F9
651C02FC0ADEF4DD78BCFBDD6DB79EF2
A47B85DFEA0F6C2B14CCABFC84184021
32B931C614B0607641816079452E7CD6
7959DD09E388CC24723D2FDB26E142A9
C7559ACA156275712633EC0F30B9D67C
D0975ECE6077FF20D287A13C08065929
A42B5573F58B519B5EFDC69C2397F37B
1934E82DB5A7C7B7AAEB457F2352D319
D1CE603F6AFB24BC74719FD6DF30226E
908D5B5ACEE4FD8258724B9F5EC83F96
8617299BB3F7F8B538443850EC541EF0
2A4B2294F90AF65377CD1ECE54ACBF6B
A324B3D622B5D2E289BAC1DC8A39F7AE
6387187FF558F18223FBC82A3F89D4A8
609D5665C09E8AC1FDD2CE1EEE09EDE0
FF6CE7B17DD44389AAF8B282A2D1E3F7
A9B91641807DAD97446B4C3C73DAB4B6
3B7BFA7CA76720B31344B9B89B9D6167
E73CC61CB380655673F6E50CE1C4FA1B
350A49BEAC70FE616D26A2A4979157E3
AB11E28E83EAA0937DFE54E5A49CE6FB
F51ADF2BDB61C43787BF468F1D4BDC1C
6D15E8A6094A9C8D4A192C64B6D7C06C
4C02E42471A0E6F1E5B464A5D91B9971
63853F02827CF1D28AA4C4D01BD458F2
1E573F69432E0F5D0CADCB17335DB840
548CEB566B3D2C6725569474B270F10B
C8CE2A6DFCD675AFAC5C6184E4749205
5638B6C4E25A7F13259875EBCA55717C
700E63FFEEDCC91EF7F1C100542C4506
2BA5582DF9C726919DE17E08F05AF0A4
FE8E64AFA29E7F2ECAF9BC3DB5F951C5
9E38BBD32842B70B0E462EC1CE3E1958
E161E4E4D9554DA69A0F20E5CD1898CE
D13CBEEF90046E01DBC7AD101DB68499
36771FC7DBC702915032793E28B00EF2
FDD72E85A3F12ECCE4C1A7280AB84110
C2FAE2CA226E4D54CCCDD6C7629DA09F
3149C09E6C652D714B4A58D98554B06C
3D1430E0F6205EEA6D0C41E780130151
D26BEC76CCA13974DC0FDB4CD125B08A
917AF97BC079908425FF97744CE972B7
8BBB5F6BDBC1ABEEDD00538B24B3A0E5
72733C84B180F5B53FD3C521CFCFF9CC
268973EBE9D1F65D2D26700ACB5D23C0
AA898644B8E95AE15FFA8BB2BB248CF6
A1B733E190C7BB51227100E0E53A7844
9D61AC21766BA2FAED1FC96F6C349F93
170D6C7BE2E7604990AE5624DA55DA55
D2265A296025CE48370E7A983C97F81A
74A4D60A647A21B74A6CEC1F8B4EEAEA
C64F20B185F1B9EC2393FEA2DF89B8A2
155182A27F643C7B9D2D61A64143607A
72EED6041615EC5D9E630C615DFC4EEE
15B27046B5403DBABD0DAA295EF09532
17411E02350EE0346FA3F90F6E5D66E2
5A2B2CBF15750D8FA65899BDBCC16C0D
BAB1EA14D86ECA969310356D1326ABA3
8551D9D2F96F95F1134F121D0F1A698E
BF2B54225969908151CC0DB0EE59F136
F4F5702B9D2E974447BC7BBA05079A57
A26689D008FE7C6A2624464A4BA3AFAC
95069064AC79075B276ECF16C55D7CE8
C1AECD2557663B3B8A5F687893313CCB
3A42CE6A5E96263449A7EF2048242270
5F7D9BBB3238100397A0C4B148998D80
7313B3291B3732690ACB421DAE0358B8
EB2606CBADEC11FFCED4C793262641C0
F265AE9F22BE44F1EC23F1F9D54D95C8
E315CD2A5D9A2DBE3BEDD0A4E8B3EB7E
A6F177C4B065820B44DB3513660C8E05
43817CE8BA22EA57C07190F658F9F28B
7ACAEA581701324B2102F880D48D03B0
2B968B254A02FDD1035621C1C6CBDF0D
73E8A3367D527A8B20B1D4C090AE7177
1EED9CC46434642BF395F89174B0497E
9CE5EBE0243C7ECEA8D9499C39200BD6
F3973081FCEDB0ACE3D16A5278DCF8D9
411DCE530222930CF4ACC245DB4B8B10
C6BBB78C3F37BC6DFFD845F73537B25E
E6DCF5ACD9B6537F48738231D6D0130D
2D3897B5DD2F9B5C3A87D455FB46F9EA
E008A6AA15BF5F7742B3D314E63D38CA
724EDB9B8ECA3E824FC137D095770519
15DA4746D8F9C5DF9BB1AD84EF1AE21E
798812965B1C8246DF45B0C8F46614D6
E2541B65B1E882BE793410B355C60495
8FAAEB4068D6D55D74299C13A192B91B
183D28673CA6498E396CD2666177F9B4
EB202AC2D9233CB543F08D2CD698F880
7F5C227FF55E7BC7B352EE230F5DEEAB
473B5DFF75A160D1E415D2AFDA15E0B7
82DE0BE9AB57F389176D0BE316CC42F6
21C3EFB57E6B156A7BD3B0674F969A3A
48AEBE6D4F17905AA1F57B43CB9AA629
55D48605C2E21D6E57F68B2F62E6494F
D3E926F55B5AE3C86094F7A217EBB3E3
2A651D0C89A9825D53DC8AB3BB223713
9FA9DDDE99DB316E9C1068A39F8C778F
3012A1994B90E98F15291D16489A8EA6
7E701F101AA6A270FED8377B8A35FB55
E0E0BA006832B01070AD851D64F6B6F1
38B9CA740563F71E2E9D6CD8FEA03FBC
7EB449B0B2B4458A30EBEE7DBFAF4EF9
EC3DA5DD4B3C6916F34BAFED8BB31683
F48A1EDA89B7DC3368BDE2DEAC443941
36B218F15E9045614F0ECCC529529C0A
FF96286E76ADC87E982B260B56017E57
D75B7128AA4350F3D5DCB928CFFFFA45
348FB3D771D91225A58266F61CC67BA0
16F2126B351F71614E0E360CDF4D743D
EBDE1E60F3AE7EE77A76E671B3508376
71BC9866239FC4D3ED64455C4D838830
28BB83C69683393C24DA945E11E87029
E860A788FA0645398DE2AB0FB6C6E94B
499C791ECABBC7496D7A350C9891BC96
3DFB0A440EED0EA8B15C6D819CD80DE0
43E9ADEE0E3F176724259160F8E413B1
431542B2FE201600CA2F3D165D8F8734
B394CF2FD6790A08B4C8C35CFD75E8D4
9556D15FDBB276A539C0CEB941F750C3
8457597B532E116AE85111D10A521ACF
053E40958358189A9F82D95C21E77041
87CDBB22CBBFF274FF05DF142A9F11F9
224016C4D661DC9699E95751143E13A6
97BADCB62F80134AEC8FCE13DF1D1163
BDC59540467079ADE02DD2A56BE80933
48A3E06874B7E56B3D9C3785F26ED182
92E8DB9689B5CAC1C4BFE9D3A5605C12
E614CA71430095A8AE4D97EEBB6BBAE2
432E5CFA591A58198EA4D2F46AACF638
D590EC84BDDFF429EA72E28B95900DE0
5D49C95C144CE6131E8550044F153C8A
B8CCECF76EAF5C2F70AA2959A1D9AAF8
5556E94C1FE34E20B6C2549302E5A5DB
FAF6BE377A2327ED67233CA6FC245897
06F6612C1928D1528585349C34FFE302
02C81B05C9DBAC5D5DB57533E947244C
F2BAD3279E591EE8D0F674B227A10AB5
5A882BCA8B7178BEB987D6E21F3DD9F9
7DDD740A16EA72E03DD74984277B35DC
07838B7D22E6813741BD43E3E32139F0
314B8A547BB55B1D2828B0A466368141
EE05473E5219C5F59E26434D4F5601E5
371D3313AA4E5A908610396DAF4CDCE8
5B64307F19878B0E955E85FC40D8B60E
16E721F1164E3F819A91783BCA579FAB
05D7C4924007CD2F05EDBC29165E77C3
BABFBC02BC143826012D4913479B5154
0250BAC306EF1A01E54B294169A66B88
FFE0A4D8E7781A316D65930B65BBAF87
A3F329257860494834954A71F083AE81
FDEBCD5F804F0A99BE0BAB484DA594AD
9B7E335059C62FC6AF6C35DEE6AE90B8
BA6E03897B86D21ACF0A30306A876807
8C8438AED336017B9C116C2EFE289BE5
CAE7677BC96D0B923690403370ACDF47
51491D592BCFCC5F1796F721F7F57397
B44939876529888FD136F87CB3FEFCCC
02124D76A9787A6B0A796A727086B7F4
80BDA49DDCFE0424358D7410CB2A628C
50489E0DFD1BD96897AAC0EDAA8D3612
C6609B60B6198C024F5392FFE0A34088
B37EF0105285BB85438482CB2DC832D6
F998EACEE57FC0BB9E126DD0EB43CB34
B75ACFBC2E1B8C8432C8E8458A17C0DB
0DAED0EC0AD4E887180D273D2EB06F5A
84742C2F981CA4539C341B6347F5D8AC
50AAE7169F332B14BD9FB18C2EF03B40
7C9498C72815FE8AFAAB74BD6014B36A
B453A9C63C30E40CE41F4168015C6843
B2D6F22758A4FF0C255CB4D8C8B1FB45
0CA13F77131BD8689308A2A8AC94E264
78E19F4CFA86E94A2694D883775BAFBD
B299F17BECBE785B369050176F48A303
863CE4E82CAA936A83351EBB77A0C28A
67A1E571C0F9F2188A3C656D85465B3B
A2A7925E04E5680C1DCC72C48F870898
A69DEBC4D38DEDBCDD4C685DDE2FBBBF
1BA1C63C9B8E55AB4D018749067AA1C6
784A0279C56F60BBE2A0E1D554E46FD9
337A0171104B6E71C501B205F21771F9
62FC1AFAEDDB8054BEB9511934010BA9
97E3E41CC26593071162B8EDE675F2BA
A1E0813DC4DFC25289BC6DE29DF4F5D0
2E1F002F0B48BF00DE547B6493D7EA3E
A82674074670AF4309CEE622CBA37E2D
DCF7CA5B7765E827A8E50FE2A89A1CFA
578B0F6914B3A7A22F973FBF5BD78C4A
6C00703DC569F9430A90009D1E43CA86
B35F6B1380488F86CC2084C535C3ADB3
6482E7A8EC368FF05D1709E41D92D117
3200E7E82BA97E9885404264816DCE39
DDD90DB755A9D4888871536A94EEBF3C
FFAA0C14BAF03724917EEC09804D92C1
AEEF272C2A8466F357194589645B5DCB
04A119E553A929BD99B1396900633F7C
FF656F0C2C54B2F37F8A9C75804D5C6E
3CA98A70917A8408FF613D59EE454AB8
19ADF910E961FD1B74F5B42EE85E7093
40344EA06943EB8B1E44CDFF3E772638
8195E658F30AEDE5DFD93C11B5466A9E
14871A99380CC4636D46018E9C691E8F
95E94407DEFE7F429AD19B1632A6A322
59AA15CEA5773466D54DAD4CEBE44A25
D530D9B8190E8BBEEDB9226452F9C7C2
9BC2D2F04E60A49EBE702032E2E9A3A2
A36DDFA615908B1C1A01186E2A5D6866
5565FA15C50E8EE1ACA205293632F0EE
8C8FEAF7134B9E686C43B176919C6911
473175D9AC7F4C850A1E0BC559829250
414578E0E62F38B997EEE27B3A0AE5C3
244A10026C0EB0D629655A4F144D3EEC
187DB818282444DE78C958FDCE303E8F
AB4FE2F932350D0C4435BFBD16C04D93
AC75DD8A8D76F23C3E4E9CB291B2B47C
37CF075E5E37B9741589F9D979A876EC
FF54C87BE53E9D19E499D51EF472E607
AA68FFF94DED7FFF42A384AD601B5A6E
F151F4C5EDD36BE2A5C7724D9387197D
F85C69A0F39BBCD40462F2B410F518F3
A6823E624A05191B96DF061C9C71BCED
6421699A02C7B924C4A6D03018C39E19
9B88EE7748680A556A8E199A088185C4
E655B54010B014D46E037F32DD2C2754
1CD45350C171605727482C66D191A529
C9A2702F61FA2CA0AA490D940057F150
3D9359847716FA5A2EFC9710837FB045
912E1795587B8A792C4439310DCA23D4
C191FDA1DE6DEE6DC1BCEF2997B92347
894CA42B5F996D3D8D4D46DE3EC709E1
E2DA55D27E0FA7681860E736D26F9612
AD611BC51750329FDF8CC403EE39DCAD
F9676E08EA768C7FDAC0769DEBBDFDDE
AC4A1C6F6A819F1409F296C2EA7EBC56
DEA95DA7412019BA0B11BF029135B34A
89AB57D7973E729FCC89366338817B7F
148F6CF44C07889E270FABE83164055E
95AC77A9956C4FA0739D0AC13F4BD402
FF76EC1607FCF5775F38EE747DCE2E9D
C62CA601A50D10F6629ECFC04807E649
908D9B1AC61BA3B9FC5986739022CC49
0A08AE71BA0948D2AA382477BFB959E0
D02E7F2AAF39391519A18703A871BFC8
3B7F6E3AAF7C8CC4EACFE5DE0BEBB136
FADA581EE15B2A58DE1AD87FDDE6EC82
0FBD44B5860BE922AA6AE5CB317BA795
F9FDBAEE434CDD4FEE39B3CFD1601EC0
E7FE13FB902A9AAD502A195905AF94D6
ECEAFA9A6CEF87B8A1B5302E376FBD66
0EDBE41FC1FA9855C0E775D484416130
B412969550FBE73106E9AE00C8CC54C5
9B8394E0964A81C2D64BB386B19F9F62
D19A792D0A290184239F1D22687C5B38
9B9A398F13197140EDAA9849E86602D4
0442D37860B85BB344D0B41781656EBF
1300DECA67A4C7D472B69DC241BAAC5B
881360C1DFFFF107AD6A5FC678EA8006
BE6AE20604BD31BF8DD5CDB8C44521C0
8839FB3B454FD5EC1F1D90F437DAD7CA
5E5DAF2A7DA985FEA6C9DDAA12891D5F
652A41D02ECCB0A2CACC106E5F92BA8A
5009BA78196B40093C77BAC2045AE356
84F31ED916E9BABFDA2B3E26CE62493F
60EFDF51D32D5C49FFE4E139D3078C89
C653A495DFB53ADB9A23FF8A5D847B2B
D1E75A51558C57D52988F20235A5F408
0BFAA55EC1AC96BC0331475018319F71
DEF502AB0134DFF15FC0289155C019FB
4997419BCC8596C573F01C6745AA57C8
0DDEAA8D33CC4D753E8110AB9D58CD2B
E43E5CBDB88FAFF535B9AFDC2346A5C8
5277DF967BDBF33544C1F751DF85F1AB
2BDFF94EE91CAB603D07C6850AA90A65
5226282C3B04B8DD2214D8174AB6E952
A39198A7E9753B1237314E4A58B4EC9F
B39DDD8D4F9574B8671D8C7C5AA8E8FB
47143A28BFACDDEB6FACD14995691254
18DC9378B666BB7F1BA20054D7914411
143E81FFADC182CA67CC44EBB8392A3D
D5044A4557A7C7564B23BF800D3AD022
F7DA205661A16958D30200ED65F8CB54
6E592D56A29F58D391D0B96EDA15CFE6
88080DF47F4BB4B5B7CD21C7A6F52A4A
7F442C229ED447C3BCC715F841245D98
102EA5623BBEEC8216DB836514C20127
A93C195D7680DA3D6A27D190085405F4
14BE41C18E86B1296E89D9568704D8CE
398C0987C805B1E2E1866443F61B3E3A
233090852E0E6B7CF9391E8E7D925FB4
049E04E860FDC76B65BEAA2856F4D488
BA72B68CD5E962C2B6034DC619A259E1
672A13923CF18470FE8019DE77F67785
B736056DE9A00FCE1FBE6223300EADED
5E3DFB8D39DF856D77644779E51A6FA3
B3B183836075D9225D86C82B5B13292A
989B1EF2D800F87C51C25A9CA6F8BA75
7CA28A0FEDF5B9B0EB3AF37518FECCD7
3101AA1FA05680E6687283927616D037
D3BBB6674CE2D91DD1F6131D1A15DE57
4E342A14199FE72CF7DE37ED381C4E11
C12A70AE9DBC7D5908441A7DD23F663E
4356427DDFB60628F0B237ABEDB2AB53
4ED660BD48183B26A96490A71EFA42C6
D0CCC13E362B490D06817A242D26A6ED
523A67074D3684EB0C3489BEB05B8D8C
2C888A126230DCBC84AD20D6CD61FBB2
69981B3BCE19D5CAEB493818A5B09A2B
AA36A9C1C44E5AD021B99BED38A3863E
6E411F2D0C422F5E904ED158AF7956C1
AC9CAD547463025A44ABBDD0C4798CEB
410A6612D424B32EBFE0F86C6F6F80A4
711A1FC69AD12EBD65249670067012FD
60F9C2DBF369D7DC22CA1CD904631D5C
701ED9356E850327556A4A00D1570A91
CE96D03A52858344900C11C9665DAF65
AD7E65F3E5ACDBCED5E48C8B71954B2F
A66110A618990B1D9EDD47B46962284A
4312521F789BFA89F14EE3C9DA95BC2D
0B42F985146DD4C6249D04AF99D5D23F
00F95CD985A08990A842C5AEF42AD0C5
342EBBF3C4254A9F66C0F233CE4A57A0
02EEBC7BA55D945552A960053C600B05
4874AE1E279B2DD7D4AF23B7DC4E1D8D
86B901521A1A95B8508B0099FCAB7A4A
891355ECA570F2721B6F22E0B75A927C
832A5643596AB34D11384163163480E1
4D2EAAB23AE439C3A5BD753B05640155
B3D00B4BA231E6D1B3C96AF3715DE550
BA0B6E6528BD89D7AA48F46466F2DECE
F68B2425221B95D8E0D6D5A8BBA6507D
DFCDE8F456C6E72E1A6439EC1F5E80B7
3CFD189226C896B4F3EF006EE1D8F5C8
464638CC8E9EC73F5F7F7C11EE190C6F
7B97FE7573A53BBCED0D502C6059BCB3
38F6DA37A596BC098B39DD8C448D2892
F339C155CC56545970D6657F2CB347CA
ECD0620AA85A1A0524DF83307B0DD620
71DBBC0F99BD0BADACAECF0AFFB66C12
868197089F2188FAADF8EF4512E6CAB9
D11D8E339754FA883E8524346EB7A456
C63757F15DF9C95906B99EF8CFDB3307
7133E08A697940F998C98EF05798D55D
692023D827B49DCCBF776F3F62AEC0D6
9EC58706910E38616799AEE0F98E723A
5D244271F78B62D8140093E6DF4D93E4
BC466C9405364BE6B9A2A914AC20016E
DD6E8763785D449CC463A972A508C85C
D7EDE609EFD75B189461D419E629F01F
777C51D808EC8543C0FAF64AE67A2F92
B01518878389B974AE71A3BF5BFE0298
AEA9D2F609AD6DE2845C5DEDBB3E38C1
194EC3AFD15DD357EAFE10EB36453C19
C3D42AC94483419790EE1A7D9ACA6C55
EA0526388F9A20EC0B3210E3EA3DA77D
AB852FA1CCB1160E388E35B1D2E9C834
60D1FF4C4C0D62D57300AF8195AF7EBC
772496F2E0441A9F2C643E48F551EB7D
F7B46F9EFCDF9C0F6717EB8A73081C01
3F2D47DDEAA7A5FF6B7612266E17731A
93F0E8AFA825E49AD3E22ACCEA2ABCF2
330924D4BF5B91A13BBC849FEE88596A
B5EC9DE02FFCD73F6AF042500BE83357
B5C46D4EDD1B30885E415DD551D6A37F
F4A51B4D2211AF7F964CF48EB48218AA
871C12C0C4F6239B77AA42BD047B5E2E
AEDE93A26D4B5DEC2699F2A5451C6564
842E7A4B94081B6924B8DA75FCDC900D
403A652EA0A916F26C3B48CAD4909A72
32DEC96BDFC01FFA3E2BE061BCA6C7FE
5D22658474A42B591F5B2C50DCCED800
D1E2974985E6CF89C196381339F570F7
55DD9E3950D27BBD528F9D33A801381E
80F7AB1B2E9D575C56DEB0B98309B665
EAE94BFCDD351C02DAD3798443AA4EE2
604386F468ACB8F81A9F6FC3C0320F08
D5144932F88676262F4C16971F2D1A95
AC067E2E53D7E63A53D45D40755AFEB4
F8A6558FF0C5C34929C1E86C00A82A2C
CE1AE19EB0AA24A9E3A56D45FBE5F2C3
85CD08BCB551427DCE60F69C95DD787B
94D8137EC5D202FA7DEA0481ED125025
11576DF40B94B0E71278F05F4E9D30D6
0B703B032FD43B450C349015850D23F9
6BA968F9C9D332AB77BD082F10009C0D
588A9331409455710BDF889855F3B817
628662789E1EED153F90F0F86C48E32B
EABDF3D7E6754FA8F049B0B0B9002F83
5DB58042FEC7A8F12A3E93752C3DE0C3
AB399B4A8DC2A8B59223D87FD98E03A0
F12DE7E4E5FE76DCF554A35E9C532B05
D71716524AC066662E4354BC5BDED2FB
3ECDF35FD59616F1159DEFA3B9FAF695
A5B1AD2E631ED13E6505234BD13E6199
A7A81B6251F181EAB19A35C8DA503E00
645D3D33CE2F7F9EC24B47146F7CEFA3
F70CC6586B505270CB17992459C91573
495EA821746514B1CF3BDD050D0D586D
2FBD74BE6EE2E23414E97C35B71C7CE4
C6C2412BE9AE8B7DA581EE6A41F6D583
68AB674E1BB943054876B1715B241594
6132395E3A08B5614AFD535314954CD6
3039C26D62AEBABEF10CAF29520C44C4
17526354BB237E0C6B0086EC0184737D
8B8CEB217012B83E551CCC16C1A8DA69
5CDD7C625518CE64DD6A9936CAE17F58
28F510A1331E2E1D4E743D79E0AFD0A0
70D767B0E90DC200C21D315679C4F846
E73A4115EDC81B2E28BBF6C605436EE9
ED527C954B418149B3000BC7C698C050
4E73C5D4248364E85FF94943B05CFE49
7B8391349B039E041EF36038D32A1CB4
397517948AE89F366C4C7C6F15BBD2C2
24C8967A6C694C40B97E80F5BA10828B
A85A4ACBE601643C07B14A637F9DCC90
A1EB44120287D308B232B562F772BD83
19975A635D0C8E4B076476C5CDB910D0
908AF283678BDD7CBBEA0CE8483EDD5C
B122297623F43E1FBF2206563FD5DFE3
81608E3F123E72A6272CBE809356D16F
B58DEB0557D43BB67EE78CB6812EE027
2E8BD062213484E95313AD6D5638BDDB
E33BFD13A075A40ED7C2FEC48ECBCD9C
165EAC2803B383295CD017213AB3E628
4C3262C2EC8E6A21B79D115284DD40D5
8EBA564EB48359364F6553BA6830980C
88442AA76D7823B6F547541843391060
4E479EBEBE46D64DABA97CB8A1442B47
4DA9419A27ACFAD64FD95B2725DECA71
FB125D158631CA1739B295FF248F1551
65B616BC0FD04A89BF3A2D3B7C0F238D
BE485BFEC3C67C1F11DEDE5F1BB55CD7
D24726818BFD1C2E43FCA18B195DE92E
7CA719717F22FA407A602F9FD8D066A1
607F49899C11494C45359171B5279FEB
86C1DD3C53BAD47934EC9F573D3987DE
5EC6FE61641C60D41DACEB77DC013141
707AF30EE30DA295FB9DA55614EF2620
CE151986E3CCA5DB010096F4C56420AF
B13E8914622C1B513B55C5EDDF99483D
88B49DEB6D29B2E5DB74FE9F95F53B41
406E33893D9980C8FA3AA36E4E8B0482
14A1E0566350C0CE9CC944E80D6A08F9
8F271B9D5EA7A3CE355A7BC9F846C83E
22CF225E75DD7BB4FD37D0496ACF65C9
97D11DEDC217DBCE2B35B032BE05C352
48AFA4F7579FF744D383058F3B9A0F3B
61B3F55CFDB2ACCB3A2E86F47A842109
2FBB2F3B5293F356EC9BDB56D44E6480
2D026CA47BECDE4763A89D64C2744CF6
C322DE2B2A4AAD188E176B71700AF611
6FDF23E75C038BFFC1A628A01A3CF54D
36A386947FA792A70487E2438A9E9E1E
96C874C5D733384D2B3C470422C35E05
7658945CEC34B2DDE0807931634E0E16
8CADC35E15E0BB2DB5AF4DFCB105CBB7
378FABA6E269C5C4ED16DF7FCBA0F46F
DB2ECFAEBA089FDD3BAFBED2D55F830D
4C72E8AE5031344AA67ADBDFBDD0FFD2
AD8467AFC35D5279953F0E83D87E10C3
3451535A53156983A2C7DBF6436B5034
488C567F8B29928C59C74551F9D77BF4
AE993E076CBD7CE2343CB83561196B94
DCEDC5CE4BBBA8D5C72BF136B0A0B329
062760368965497A39D09316E281B070
85A35324EBA818667B2239330074F690
80839748CEF7DECC0EBA4F168383ED1A
2C02528E3C6AF67AF37FEE8DB4047D76
8C096B8C0B213995B8EEE7F2CD5F7F0F
EA9FED83961AC87D98272F86A2F97D37
4DE727F72F3BBA9F4D50E9CDBD15FAC2
31E0770261C44CA37242D39E4550E5F7
DF53DCAAD868816DBD4884E904016DDE
F466170E34E88023B31E5F92874AC60F
4FD0FC0EFAF7DDB192171B8C0A14FE93
F1073B95EBBBE273694844571E5EC8CD
D6401E2CDE6F2E4F04F01F69355D750A
5F1598DE45916537D9A1C060F0D59A3B
138C0F4B11F16495CFF8215BF1363673
7C7E0D2BE7E457ACC3B3D7EED5BF855C
8B35A133FCA8EEA2AF53AC0E65799FD6
8D0BBAF4DF8C40B01E4D728660FE9A57
2F1DDF26429F5E4324C34A6DC867ECE5
8B1E69DBA1C2F533BCD985AA431917EC
44C438470455076C757936ECB445F803
35FB0B469C5DCC54F779A6563D25C02A
349FFF508B2B5951434CB52EF246948C
A389ACCE14A451F246F1F107BE889AE4
19792A933C886C9125C94B9F22864983
5A624856BC6C89ACBEA1927C213FA815
55D8A205F07F3B461F72D1F7BDA5D219
A4833E43846BCF40227B75608B4CD887
974A0A6B2F9C982F6F976C9DEF5DC59E
81C97756CEF9BB71EAED7FA1A3A7F57F
08AD74DDDF2B34A619A17A5F4AFD0617
A19B01C96AD216AA7FA5CC919098FC4F
462346C5A70099E87A3ED2F2E0AFF6D0
A2135339FB3A2F36BE2995BFC9D0B554
A19A72BBBB3CC2BEDE561CA80F9BAFAE
9D07C302590F8BF58F254CCADC92CC0F
DE1CB726739F2C61AA7D4D20AAF7C621
91C9115BFA4972E34051408315F14DC2
946B11C802DC8D65F9E92DEDDA4192D1
96106EEF002B37837ECB50946D50FE8E
08658CC5F309448BE67FD6471E3E1730
F452728C2CD9FD69125E2990BCC46432
695CFAC310E70C55097F6BA8197DBA49
AB2621CF18DE94337B319B8BA7C0B6B0
5E00978AD9F511936102E276205E10F4
6B8BFE2E44469A331F1B2F139C3BCACF
68EE06700A7B04BCF33E704B55E3AD2D
6BBAD07A0E9258CE24245AC8023138D4
342808D9A76EB35B2E1CADF0D080A81E
72B3BA57ED63B4405E3ADA174A38985C
FFB38B8C852F189EC054C99F645AB481
22CF7153BD24A039F71A52E2DA2FDC77
099096A71585CE0FAB8E7E8DEB491304
6995DB3B9E053D0DE7D07300CFA84CDC
89859FFFE2A9F5323A4235FF8A03B19F
2B863AEC34361573035E4034EC88CF33
81224B00A1B650AA2FFF3EF9EE28F6B8
472D20DED267F82CAEEF604B7DCAD87B
468BC745B6E4F3F60EE0AFEBD50C8FF9
03B487F8C0992FA706A1CB2CDD1DB3DB
6F44E36B728737BFFA086C8E175CDA2E
58EF8DA2ADE37418F88311F8FDB68CD8
801ABF0D7D3815456B44F012C2E6183C
90155C29D9AA3F3CC7D11E94DBC3009B
D7CC9BBEE06DD74671173F132B936522
889A3FB6E9CB5D1F78CFCEB016516861
3B19791B1FDC118AFF2156B63FE99737
0010C13808FDCEFE9FED815E915C23A5
FB384FE28DC2275FC333ED9282E5211E
C1555791CA158F27DFC213CA5D256086
8DBAC3CD09A5D1219EC5F05EF8EBE975
FA4A6127233D6E6B64D1A815A0942C1F
E47AF2669DF3F06FEDD15FBCBA253F40
5E3BAD57AACE7720B5B884A13948D8B5
260AAFEA7F127AE2512E3A99F9FEF403
CD2259244EC28E7E9A495C2E06F54F6C
56D1BB9ADA113518345190B144A8941F
BDB0651AF6E2E7CE5F0A661113F206F0
D6A6CD95BF99D5BBD3949E6FAA115ECB
4F95224500609F9A771CF00640AD8E4E
3BA105EB17B5F6DF6AF8008C2E38DB48
861FF6DCCE6373DE17E272E9D1984079
2C6C40247F38305EFE69F63CA9EE2D23
0D6B8DBBC1B65315417A18EC28C83A8F
92B050C7D67130C06F825439AEB69231
3727245C49FAEF668B1A5CFBECC00484
43E1B627B5B29645825C0713C4D31179
CA640B30991D1EEAECB3BB0A4465B76D
ABE5D55CCBDCF71CF2C6E8B49233AF0D
9B8934DA326B1B6C4497989065E6E7E8
D3A587DEC3CB80A78857FB62A2819A9B
218A52EE6590AA7DA406D87B79EE9643
725CDD7BA456FFAD7DAB78E92320BA34
DF29B3DE0041D4B8234EE82DB72A9383
6696C16A10BFEEF7FC34D27F16B7440F
16EEB5A0476A36482F73CA25F2D5BD7D
BAFB35B87D9C406D75CE74672E635C56
F9DE54B83C9B945954689D0B5869B7F4
68F2F8F19F88157DDF35313609C0D44C
D9DF52AB6F8407F77003D88D955D9808
9DC0EFA124D2FFD645A8530929E6494A
F4FF7918EA861C42E7CE46D82E4C56AF
402674AA7D9DD5C636AD406DA0D8A2FD
51FA7BB96EB8B50FD069DF5A84EEBF7D
45F3FA851C2211385D6AA6BF8E80CB96
B20CE7639A663CEE849991C2C1EE3C90
801EF87FC9B464F13C4C43D5C306CC16
F911FDAEEFD421A1A0FCB07E6196D498
F7B00753464812B80C1755B8E222FC6B
2FA04C1C034DF7009912FFAC502080A6
396C8B19D4C1BB718A871BDC06B63A16
F0AEB10C60D91E128BA9296FB333E98F
840B8D5A6839D0B0F111D692CEDCDB13
7654240BFBEDC853E3372F58C46B45C1
41DE7F8F1B2D8070AAB4D19860B97B44
AA1B666BA663E6600FBC4D02F29DB5BE
276C9722F8D3250F470E66433FD78322
73C4D3DA3026630AB01BB89356F2DF41
9F969E2262257F8267FAB7A399351838
5042D7316E5DFE82290BDCEE24C45C5B
CF8D1BD5447229010CCECBF2390B910A
F5A5EF5B8CF1E8D9B7BCA6F62697F6B3
5BF2FAE57A7885EF78BBF5F4B9F7E2C4
804379575DB396CE9B43FA13307C0075
C02FC9EF8620B8F54F2D542231A17A3E
24F95A698BE7C4F9A144EBF3C0529409
F3690BDDC28F9A2CAA90E56B797DF77B
F8135C17EA46D03DA4A59FEAE4056B91
088EE6A71D388D5ACDDAE8B2C9A7250F
B0878FBDB1F1D48C1C8DDDD29E8617B8
0ED3F7ACB5632240E80261071DBA1DB2
1B08CA0DA0FE7D7348E7D73BADBAAC20
C56D77FEBB236AC77E82CA307B8910FF
B4AD6236DF1AECA1B08E81E8F2D697E0
1ADB202E8695C4EC073CB3346002ACBE
D014495DAF2D8F942FACC70CAC536A58
8DF3C45ADF518A421369EDB00BA38CE2
35F02CCD12C862B447546782D6BA3A6A
AD9E5BEB8E42CFECEC7C82C8656D5A74
0B848B1CDF9C1309712833C92881BA79
705976360E130A4FB2A415E1A583CDEA
4D2B7D37DC0FDCD3FD8277625798AC31
921AD8E36FFB8893F707F39C40B6F76A
663B38AF6E802577FBE3832787BACF07
2B70F20ECB0556BF75B267AF1D002E57
A37719278CC489EFAB78FCFC36B57AC4
25D1E07DB068DF0E7E673887BC4C3727
9867CCA2BC498416669316D29B7D4A23
E5F49165C7635C7FF6DB25808A79AD79
398BF1F8E960FE4620B026B292576203
BA354941B8496E16AC187E0D70DBB5A8
4A890A9D3937C16569706853851028D0
D9A7566E06950F19222C1573D9F17FE6
B41E94C982A00C80386198B1422A4D47
B2A2D554DCBA9F716CF462E4A612B788
7F0B52F56D0EC8FDB2A3EFEAC9BA3CA2
895ACE2A3239954DBFE33BF6D581E7DC
C34BF793CC8853D5B0A03FC5C9DD3F29
DB087CBBD51EF2D497C45CA3623D6DF8
EBD7169F30CC25D78412CF15BE794AB8
5453C2EF9195CE650B374482778CC207
F83D99E7030549AA4F66FA9DDE0D9628
87697AD51A0E76A415D866A0BA2FE763
21F9476CFAB887EB20324079659E73A6
2A853DA5764F7646B79D11C8941EA45B
37CA379E29CBD54F5695E10A1882C93E
A06F208D8699B8662C1099183F8B29CE
900DBD6740C5B6D09D1C954145BFF319
1440EA7A0D2E23FB5BCE3C742A59EE30
47A0B8E5CCFF3C2A642A881406F9106C
790D5CB9CAA066E25ABA9D7B7875DCD3
43317A9190FB9A95104F558B779D55D3
29970ACF6D433E8B07A0139DB3C1D570
13D1C93E143E3AAD1EC686AAA3258083
D9F1C31C2B5A37CD5DCAE6038DF76306
650D376995192946A3B984CD0B16899F
99FB2647C267BA83F46B67738656DB29
7E9444B4386B7C79D2A95C9F6DFFAB33
06DAC62C0098C3A61905E1E08A88734C
12E760C28F1704CABC568AC97C00DD0E
A1D29A8F8ED4FDD46983E6DBEE098A3E
9629F666496A201029CC18DCE162D45B
7EE49EB7BA695AB48F44323D6B1D9AB0
6C1653B8736F0DE4C44C783135DDD48E
BCBBB3035D182EC9BB0F28C265F24803
BDC8BD3FD0ECE764740F42B02267E019
4BD45C5D0B23F2E637ED2DBD0F124AEE
68A4B393986ADA5CD6C5392669E4F4C2
13DED433BD0FEC233E560ACD6A5F84EB
89269A71844C42614195F5DF68A13FE2
B2A18D435448B768D4AAA43598A52675
1C304047BB271FF95EC551A33CEC6A81
6BABC8766E122ECCB18CE4B63A78E92F
EFAAD64E7E070A7353E4E65E59AB87C2
A0896D6079319114816FA17D635A77C3
B37B99185CDC3ACEF3F70B05F2C26B74
213C7CCDFA369057321AA40C4D0E6A65
4149720EC641CD355F1AD0E27FC784B3
6C7CE3F8A48012178FF7551BCBCA93CB
5977EC0599DD4B58CCA23D0E9C798F69
8A1878788C5342B0200BDCA26E02038D
B36C6791A3ABC6175FC47E9E110F2AE3
C3CD75A23045D647A7A6DDEF9044F571
4BCDE8D9918B8D21316C5F3307455F6F
323BF2803A17B21751FB07730877B6D9
4DBD46F2496175FDC374DEF6C7C7DE02
9E4B467286F21C1627CFD10EC14FD7C1
2F5C366167676FACB46AA3EF1499FBF6
F9E5D0B1D009769C3211AAD262665921
184922D91310D1EC5AA4B453F274EC56
F0E52934C98330E197FA8B1A2F0C2C54
774FEC4FD767202A37F16155CA34A6AC
CCCCE24B3197F1BF81B90B3A660AD48A
BE0553023B4ECA2C4F9D613E6CAD0394
E2317FFCEAD70F47A606C2D81E31A3C1
CCC965A8C7708826BAE7F3E3D19F8977
36DAC6C8B9A4879758DF3A95AC0FED14
37D5B95CDBA2689FEEFE260F01C0A5D3
02166A98DCCABF9F3FCB635CAE96A740
51BCB8CDA8E71169E18BCC270532AD2A
6A09706467B3E5D1113EEAAD3B748283
4B7D00E71D7E5A93A72388EBA4BD28C8
9C597E438D73F79EBE38C6CDA7C5E128
9D3BD9625552305C18F569DD50788959
22BA062F9680CD5295FDA8497AE5C2D9
936DAF6E41CB3DFA107692FC137CE58C
AC7BE74D8DA5F2F5B6159B342D86FD01
90AFB4BB719F3C07AC88307354EA2E3F
0FA35D929FBA740FBEE61E5BF387EF1D
D06DE46FAE9B37698EDA6C6411A0C673
D4BBC67DC174B6A3556E51EA66AFBB59
B1E05DB1136408C6D87FE12AF25688F3
A4B106DF9406D5BC35B330EB989A0D97
5121FAAAE4E3D4F376E1E719F9120804
A4ED8EA774EFE27D3588B76F2239157E
99C268D466B7FBAE1D6D3ED3BE063BC9
631F63FDAE65AAA33BB19CFA5C6CB35E
33866207A6AED174DBAB8C618AFE81CC
08CB4212D9CF78890BC0437299246CFC
9F11C7F335D3534A2E2E12199290C8D8
C23AC662CE91ACA51DC514A9E7ACD62C
51975D83A310B02A175306D7E20D2CDC
829272FDA1E2A9D32287EE2ADA101BF5
ABE0948AC7C42BCD2611B9F5035DE902
0032E57885453E793B4B1DE8E80F7DD6
4C02165EDB1E631F8CC7162AD60D6C08
77FC55BF711EC56D731C92DF91C685F9
C0FEE4B2A2C7851CB12B66B57055A937
E55FB182591F48FABB80588C4EE0A6AB
CB87BE51C0122592FB32C9D032EE8991
B220F379EDAD7E21F7D6E96B231F0510
DA1ABB25F10205CFB278D48F11DDECA4
C06BE04B5BCD6F3669DF8DC2E5877F13
C28518B40A2052AD888C3C86F78F2068
0884DD3E9E36F0BED2E8D49068EC42A2
6D4EFE7D94365A84A99ACF93726F897B
D83B4D9D4C8199509F7C090148A9D0B4
0B2179CD31AEDD462AF060A906B95712
4ED89C75DC8746FA23E8DE5EAEF195B0
E3EDCA971CC32442A484792EE8A06B8E
216AA22B9DAA74FCDD16991EC3CFB760
180C5712873FC231136C5DFB3B3929F8
868C68462E93FB4CD70189623DAE23EA
AB58AEB733142119ED171EC591145591
A5B8DE48B074D47D0B9CE8CE74D435DE
745E4988FC875A5A1C643FE7D21A8624
74EA7D850108E3E11ADDF1B6B8786D1A
4BCE0EC92C41314E137959041B92B9CB
A9549CB98B73C425653CC463C83E9E4D
6DA1EAE22406747F52693A14858FC4BD
8241241117D3E7C2209C034560E07A3B
84B34F9745183C49BFFF54B8D67435BB
1FE9B9D3D2793138B750A03ACA576146
4F4D140AD6CD24D1997DD8E0D65FD63F
EE331015744271D36C6F43607723B75F
8F82C56B8C9740E846C10ED716507E25
AE57C889C6A2D1D828DEDD6079769E38
EDD0D08F07AF8E94DAD0763BAFDEE4D9
22B9DEC256B5809023E3B1857FB83FA0
18F535D14D244236AFE58223684B0DF0
C5799A70DBA74D373C7D1BE9575B8182
83F97C3F9A83F44AE45CF7ACF21FB8E0
E037966C1280755605D02D3213FA7171
9DF8CE48B429A1D99D927FE7370F70D3
0ACF384AA5FE3FE440B3A50F4979C0A4
41C2EA05D3EA0B072AD34C640221151B
DF9B8733A427D238C2A4EFEA891821D7
0F8515C9E9F36BC1830508D0AA721965
A9D1F46678F010AEE1A362F9BD2523FD
A859BEC08BE8CFC70060E4D6E0A9D6C1
E71E00D891F87DD06916A023E1338750
C1AA36EEC76629A05D93DA84509A04D1
4C82C1878F55022B5ED79BB4F0A3A995
18016D24AF54D93E97C743019D5EBBAA
36C77E21977F8736A138BBAF4FDAA056
370EE6338A91AE7398E7967D32A1CF62
01B833CBEA2767AEF0A7637B6EE99BC5
CD28F03F3628711844100FED4849F002
E7C8AEFE0F310D586F5433CD337FDDB2
A682B13E23807720BD52711D7BB17348
3DC25E18D58916B07213A90765AD51F2
5C2C4F9A337D0DD6BEEF8535D2189164
B5C0D2CF8C5F67C4938898F937AE3BB6
982A0D1BA6119859941168ACD305B5AB
102637D1AD22AFC9FA856C1F5F81DC84
98C3C71CD75C264F9445C96AF5AF79C8
96A849B78C2BB815A0B049F1E2E950AA
B5DCD0A0D3334AE23C1B30910827CE50
56BEF9321197CD4C23779B0CDA50BC79
5CBA91EAABBFD7D9AE08991A4E789276
96824B5F3D5B26BD208A39E88FC855FB
65359DBA40C6047572E31A9DF7416CDB
150014F1AB54A4C5CAFF045E5B3DADF4
78755A931736EDBEA8B08DE73E0571E9
E303A896BCAB4D533AF5F899814C226F
796D590FE8F13B4ADE4DFEF37A4F9B7F
54890AA44C8F833BF6AC3E9047490673
0BACB92913F3D0302762863B5E169C7C
334CD03B81646846AF6E0CBFE9ED2730
F3BE5895732EB62732F4D1B79E97827D
74F5C290511B4AA5F88CF3557D8A8D35
845E09A36CDEE827BAA9815DA887339F
C9529DEBDA09169F06D9D82DCF414720
96FF414368503A5018F5FBE7D93299CE
61364866E39C0BE84BFDC1B0B4756444
65FC2C46E6B7BA87A704F8BB30C4DC12
B3AE32BBA1D4914B5A06515A7824F564
CE017A2FF1D6B89A516421FA9E17E02B
A4386B31F81F2D20AEC215DB0CAD995F
1C60784D90D4D930A2945A52CAC79B12
E7D957057D126F6487299FAC1334FE8A
306BF2BCAF684A9F035B3F5C70C9BA98
E1B7A46754EB5FEDFE429DD04CE14C62
3F6444C9611BB2925C5F76965A8D58AE
D0C974FB1B71EA6A9B747D2B3D42F44F
D8CD4146EF066350837892ED9B5DB844
949F32FB7147BF49FCF3EC7A6B6D94D5
727BB04B1BF3E86DD04D9321106DC533
300AC931327D8410F67989AA8FCF9CBE
2E3B23E12D1C59719BEAB25307AC41BC
FE57EC6645161F2598512289FD1211CE
CDED9FB4C91270DB67ED130FE4DDBA44
20B470218D9D030F4F8ADD8898F33406
C2FAD179929FAC2F69E98EE82FA95722
C69A0A3EDFEB78B04AC4FABCDC359CF9
66FE627AD8736D5BA31D9E2597BA346B
4129F10B02491C71083777C4B757311D
CD2DC96DAAD99585E3E7B5CFFBB7F64B
9571C57C896D3DD813E7562473D57576
7BEB058456DCD8C2F53D3F81D4EB1CE1
4C1AFA44B61DB482C77D85D1180E3CA9
946A468A4BABCA195A37FED87A776A80
6FE006A6106F20636454F62FDB30F24D
5618CB4A5A9E54651014AE30EB9B4F26
54ABF8F52D4DAD958F3F2F06520A8898
CE23736A0ACD7C939003208A7459EED4
7598EAAFABE1A2995B00B0D215404C00
499D527C8B2E06867C5403B0842D0CB6
59F477B654CE9B4AE720C06AF2CDEDBE
54A77F215B541CFF6760F96A5BB90E08
8CB44370275B090927CC42E78D7D8631
ECC4E8DB50C5C8674D34B8176AC2C292
6FA3B890E746100D864891161E3D1ACA
09B882EB97E6EFF6FC1D2262350236A7
83A507E8A6B3C65680CD0F9BA77ED0E3
A093FFC72765B2A86D2FF0F624EE225E
1175C54D56D978B41FDE7BC11EF90E1D
8C6981DC57A8E6DB079B2B7D2140878E
0293EF49D1F0517E79C380592DA718AF
0EB34BEBFAE744C016B1214A2B05910C
79B253917579A66885A12F628C158522
033A96A0120B1B1983D2B7B9CA787E97
5776CD248CF75C56457439540447A3E9
AD412AD2B9F436A67A919C47DFFA8354
D208B333D1289FC63D1D969DDEF3F2C1
5C42E16783C082C9219189D3F195052A
D2B57FC987D9C97F5A506F263AA99C51
2073E18E3BD8810E1C98D36A3F7AAFB0
609986FC9BEA02ED74AF34DA56DFBE21
AC7A72ACE7E3B51837BFAA3F4616D2A7
18AF4B1BAE9F9D12E256502820647ED8
73BFAFFC4E87CB10535C0455F4D96800
D55D77B1C0B802B7BAFFF512A3022EA2
F3CEBAEAD6FA12EF589B2728235C36E4
E98E3093E991153FD0BBC1716BEF4F29
10DB9525BBA44CA50D2E5A82EAD682FE
C5695DE73A4629E4BC3BACF4250880E4
39B524163286DFBF5D6891FC0EB33B10
36E859C069CAFAA4AFFE3FA458F623FD
76A7A15C4E6D40601248E8601828515A
A8C1CB0B450FEC9DFF9F3B108EA03E6F
E652C465F51CA6958B5DCAE9026F72E0
5DE6B40E6A0B49A3F2C73D749ACD580B
665F25ECCFBF2AC05F580828377BD654
EC2F3A310811D388D66595BC61C5FF02
68B6A910D970FBFDAE430180D790E999
FCDE7B1BB23093DC2966F7AFF9345708
E8C3D3BBFC77319D4CC568A6A720CC14
A94299C06BB77E07C0B4AFEEFE76C6EC
B21B86E42622323DFD701F2A2429F651
E8D6A88D765ED3EA653F5653BB17AA03
33C92DB30F566F62E657FD7A30731A5C
CC8268B0D31A7B23A999807D212A28ED
A0B3DEC30B585DD87CA19C5DE4CA210D
60D5AEEAF70516CDB97EE63B6B3EB5CF
43143F7C202C0273A7068C4057C379A3
40BECA2CF772C0539E5218C4DE137A85
1168CFFE2A42388A0EE812F1AFF012F3
AB8AF52F3EFBB046567620CC35CAB6F4
88D37FF844BDBD3BBFE9DF998CAE1F4A
84AD0FC12735DD4E5CF687EF4E871448
2FDFE9B370621F99F67331973D6F2C28
29A6102EF75751779F3C559EA45DDA3B
497EE1E44F0B38C97F08433CFFE85CEB
D863730F05B356560591C904FFA9611D
250D43E590AC709F54FC833699B40341
3AA475DC6D3BCD778DFBB0560E1D80D8
90283F614D21EA94789647CC8C600C9C
4D0596A73D267458B89BE74D3FE65272
08023552663FC0874DF3594E73E48BF4
6A3447296115AAD38FEE8DC464F9590F
605C86B991E0F9BF52ABE064B717F6DB
3FCB30067B8C21D60BB9808E4D616325
F922227EE55CFADA94BEC082929357B6
35324CACD8D2F6847D12D600FCA1E76C
17358FC1A19C8A86CEB3E0D8241BF4A1
4EF96943F52C224583647372942A8994
68307E65C98211497DAED31A84023620
17E83ED6EC638F6B9F46D319CCB64E5E
81339124E26BE286E24E4280109DDEB1
6EEDAF5E5A6913DD96271BF33BFFC9A8
D69775981819F232F7DA76DC5DB9AD8E
48B5AEC15B4B8162F025F208DE1BA85A
47E7B03090034659EFF1690ADCD6BA49
4C0A4BE5EA1621210820FF670541A1AB
8D81EA218CD25D18B9A28A493E945370
EE0563FA76A5D80C2BDF4E7864F40916
7A4AE5EA4469E20A1089B62B472E12EB
B884078241164C269B356E4E04F7161C
1AA4ED6770D667C8B9751B2489530031
5A9B8D7DB70F2AE63876F388AEA57DBF
DA76CB5E745F82D4A4CB44D75F7675EA
A90A3311E993665D5719E6525216522D
001E93E1C6ABDE03C79D264537A73E5B
56671AA5A823EBFA331F29595690EF43
7A8106372891A1B57C863160FE87681D
BA0826FEAAFFEF050A6DC17EDCBF4A27
89B3D789A4323F3CC7BD2904BADCB4B0
5DED3AFDC0CAAD5096CB531F8A13F9B3
7E0EF5D9106A8EB6576EF2062880849D
2B4AA98D4490F0973E1F0AD531C4023F
FB991F6491262C8B2C81DC4E7728A184
2FB342E8D24BD73D98A02CDA10510064
503E60259AF8AB21E6429C096DD324FF
288D2C80949113606CD0B7FEE4695281
ED56B14B2EDCD1E8595D3D5D6E004E6E
5CDC6CC9FFFD3060820D2B163EB1B5DB
D7AED88C3A616161D9F818C70F046D53
E2C08022537E0781AA1225D3E5ED8759
0EA6726D2909201AB517EF0E01BB64A1
14190097A28366EA09411F5EF911ECA7
AFA9F7B1B992F4647A97586588A5F5F9
81A6BF04944719E640C6B2061463C537
CCDB560F6C07EA297CA781788527115B
BFE6AC8B89374FAED1238A86CC486AB8
C24217B5A1D15092AD44F2FB24F9946A
926FEB373DF2AD46FEFA5F9FA0C3657F
BD8FBD4DEF7ACA8F62400278771E2747
54DA9467537BB20273E65C70AE3B71FC
97DC9FB145FD88FFE8221E533A2C7FFF
EE1FDE86B41203143C4D7C2D55D46ED0
26AF3A5E375F6B233711528C828D5473
A60F66297A32BA69744F85AB736132C5
BB5B2A7E8F2875DE7B4B138D35808179
7CA63107281B92507043314AE43FFF1D
FD4B01FDE60E92D8912A332DC69BD6C8
4345B1BF4363811CFFD78405B1558815
869B7CC09C3B96B902515AC39B62D795
1C2A4036A83AAEBF4B6EAF1BE3916427
1D3871F92611B90E613AF3100C12DE40
E1A3A0FDA3EEE151025C6E14D9214B82
EB2ACB9BBFD818CA8D696AFFD0E4C940
077FF25F3EFB4BD30A11B17A4944B608
F0E42E6AF5157FE6F999AF96B829FAF9
C71FD0A553FEA9002CCB1D0140822EED
0F6495ACC640951F74BD63D7C971E22F
CEC30F32E5A123B90472EB1098264FE0
939F652A138CB39C6BDC5E5281E7340F
2456108F5B394D3F2F934F7B22CCD7F0
140F4579B119F1223E51784E9F2DCC03
4AA979D88E2CE72FBA6B425122BBDF6A
D841AC4241698E4763B4FE0891E8ACCC
B665406F87E4C31FF44203F917B5CCA6
8BED5A7492BFBFFEE4CA0F9F42021E5F
A4FBFEBDAE340BE55A1C20100D07B31B
EB282F6A2B428E8482CD584BEBDFE529
E7B7D282E0C4B38FE24889160CE76407
7A5C2C747B2E42B7947B06B4FF28AF6C
49E8CAB6EFA02E6476990A51E563FE41
A9AAB1228439CC37B74695ACA1B93533
A9E4991C59EDFC51438C086F114B93FF
9401199195A346F61546CD898B5E31F1
23AFB83092A2699662DF25971A25C26C
3F4461D7FC7216BA7C7ABCB40F794B20
00881B3837ACD55704EED80AEC644A95
FF7584B5DCDFCA8EFB146D14C8B3212F
0472901C556E0E696F5F3CB9522EFD98
1EA8D9E4D9D3C0E39204E0C281ABE452
3BA31531742E67A675024EF7B7DDC184
3CAFAF648CBC344D0A73259B1C95758D
EA05D87B602B1A46CF075CBD80E0C6CC
0FB626ABBBE345E39BE5A7ADCFBEE8A9
B9179AE5328AAD181E81F4C63AB9722D
524BF3C6D6C11FCA426CE92BF8043286
D7423E0131B35467F127FD85032A3A22
C9F308CDEB96E23AAD9E35AC45EE42F5
CD8A85106466B8FA49DE78C982EE827A
6FA833D81E3B136AC2968544B62AE4E0
C59E6032FDD46E92D7195B6171AA23E8
3B270F455373CAB3A0C0854914D350F1
103BE41F5A865511DF984DB36B64AE15
CAEF63FE8777119ED22C2DD936BCDEB6
60ABB24313535230A1E7A69EEE74D1AC
E0A32F8256023ACF549D778C1F462334
3E2D1C1624CAE0E3914D724AB08C04D6
C9C06C9E8E483720D711C72D50502A27
CC7D9BB7FD2D2BFA822E2910D427439E
403A89A2A46B9EACF1660C0D4615585D
D74C691B12824769EE714F54B22692CC
33541F32D4D79ADE6FAEA7A3D34F75DA
3FAE249EA45B22261DA765BB1E93B296
42832273946A4DCFF4C7D83B90C68470
C19E08D9109D13733BF051A3FDFBAD09
A645BDDE5625F1E7CA064DF0A8AAEAFC
F76A48086C81BDAB8913A438303F4BA9
75873E4C4166C275AACE853B5FBAD88F
7D8750F9DD667E3F2CD36DA48DAEF12B
4FA5F5214D17E3D078A4E2D2EA827CE2
FE2B7D4318ED6F99C0A01A18638DF5D0
72321616EA24AE45E51A1AC34B9D781E
9884A1405A953D8E2383A92E98B6EDFB
6EA6E6893D86424A5E358A547D79A080
45C8C9C537E72092EAF6F0C86BE30C34
CE244D1FD747A0AE0C1735DB6E979B7A
90C484DA3F20ADF177A4EF7DA6F753F5
998147C2B315232C7EEC643E8B66F9F6
63484AEB6D03C76734595B1D5A73FEFD
3B3FC06C8A166B4F8AFCDF72B4B2B878
825DB1D0874797F8F873B49809E9E074
9384A547EA0B20C007E8064B8D06BA9E
F8E8DD1E5F36A35FCF29F414D0C1FBCF
274E93EF44822734359E039F52BBB331
02EDB522AB49C12DA9EB70CF9E268943
5C22521F2F0454AB24D2F0837C55569A
05194D3282692FB172821F60F0F4D5FF
1F7C3C28AF90EBD0FD89AF3D26F3C6B9
ED65E29D5B55E8C10E266187CAD9BD0C
832A2A7F0610520146B1C01D94E91348
820010F353E661A06B02D2A50DFC3A6A
2EDB8181B62F7FE7775D3EEE0E2D5718
BADC089BF1F4499D54643D70287ED487
1230D14FA6B3BC63962B3143EEE5F008
851260594FC8E55B99B5E4D305B31915
080A2F30435A584DA714FA3395737A57
F318F6C59D6912FB9CA7A70B0CABA981
C17E99433BFE1F89A4C055DEA896B963
2D8300EDEF8B3458987EDBFCEDDC6099
89369CD4C4CCE6A24225860CDE732B6C
A949031911B61DC8E43D198CFDE8660F
B4304679DBEB620E7FD54B0AE96ADAC3
25F168029CBF0730A3CCE594A509F98B
D00A06AA01A7876B865FAB8F0B69A852
577A1494E2AE42E03230C646E2547283
1A2BA1E5AFC4E8F6E2F910B366B0D2EF
BA693BDE88EC6433F826732526312018
64A3C0B5E153262841EE3851703EDB31
3B87C76BAE166DDB003BF7E3065F0378
D30962A59DD974F9292576DA4D9B779D
DBE921C20E22657E56AE57325BD0D696
00BA0CA0256A75E12973A9770329B5BB
B7C5675EAA0DB090AAE749AEED30B90C
C6927C58CE0B3150610CB8A208A1E08B
B2A619AEBE8BD1722F02843CDC4471A4
56801E0191FA53EB88E39A14E6576A76
382F788535C5C04B84A6706668456021
A35DFFB57675C1E1A10083876B0FA28B
635D48953DBC0AF303B25C6419ECECC7
C1542AFA3EF77CDFF46AC13046901E63
6A3F934633C2D9551953C9595CF73577
55D9CC54787A734D718F5B12126DCF3F
5DDDBEB2712468FC9395A459FE75479B
3D98E0D28C80C212A27BB80325ED201E
8FB1B83C9DC394A09D255EF71347DD97
996183CA641C77236BF93B59D7307F51
75B5582C97124A543556EB310BDB8FC5
8D9AE714963A632057391CD22E0EC74F
7EC8C8BFDF2671376AA5B1FE41BE0860
2C456AD2436DB99B0C70B716C45D7F6B
B5531B88D5FDB0365FC9D885E123EC12
FA1B0FA380891DAF06BF461940DFEC5A
058E68BCD498812ED50DE90C93F23024
263CF96D0274FCB4AEF1CD440D75D6A9
ADF17A97301DA1D210AE859FB85C3869
065C1498C308C149399ED55876720A6B
B3315195852DCDE2D1996B9D60B782BF
88AFAD53163B202D717E13691DCE7E10
95A9707B37DCA83EE41F1F5CB52BFCD2
3800E2EE81CBE65E8F57A3A6A0105DED
C22541467B9BB4116AE141F260B02F2D
761FA50530228B040672E96CCFD1AA84
900A4BFE950CFBC56745CC99287F4004
3ED4204B245D05EC24FF8BB26566CF9C
C735ADBE3EE2A17975011F7B36378811
7875FFFEF259EA217653083CA8FC532D
8AD0B806C18B97576BFDC01C786FBDC1
7EF5BA9F9C658BC1B9FB0F4253F6D834
7BBF8AD6D0FB7881C52301C805B6ED53
E3353AABF366C018C410FCAD1E1869C6
8AE4A649BB58CDE32E771DE9EBB552FF
3BA2C0FFC8FBADFFC17B7663EB580300
65F0287DD48AD060DFAC440819563B44
AEA3BAC0ECA08BF9A67D4C8441D0414A
8EE94514035DF2544274893F97354173
6A2F628B31ADC771BA9A2DF49BFB3B20
95E319B75BEF9C8AA8E41BC695F146B4
7BB38AE7B2CC495BADCD4B5F696FC97C
5DFC9C97C6001D7C74FB8F8B33397967
1651C81B8703840490BD8A4A38C9E9B8
7EAA37F026EFF4462A37C6BD87799ED3
055B2D9C8F6788C7772F498ACDDDDF9B
30858F82152469F80AB1CD49A816C025
4323C09F0E2F8058DA1551E0E0F5D22B
EC4F301AC9F7B79E6E7BBC00A60C7518
CDBE3C7CB98EC59398CEF576B2CB96FD
5CF53DB46E8123599F403A471697829F
8DD35860990807E13CED4441A85B9DE9
DCFB62CBDF7B2713BFC88A5572278823
FE3FBB404A638196F67B245A1D6889DF
0C04B30DF8ADEA17DCF7AE99ADCEFAA4
AE22A30493802C0E8779769F9545CB1C
0691AF6D44FFB2AFDDCA43D88A523D61
7A391F3BA4A029DC613B53BA3FDEDDC4
784DB65DB55991BCA71CB9DAAF8AF423
C103F5AFC02391EC6A98EC0C19F2A4AF
F4639AB6CC1E94AC04C256A3E45E62B2
9526A146BEEC1ACFAAEA9DE477171DA5
8B49E6467944FB0340F2E374BA48CF46
935D99D72C937B48B93865FC6556F3DB
96363B2D285AFB90DC339ECD98F8B197
15578365D33C1298FE2A35B29A76987C
BB64ECCC4153CB8EF1065A5199921948
3A37E917CC8EC1FB6289F5511F89B4B3
92E4882C0DA24B6DF99085DC4E04235F
D548FCE27A191D7305B9A1E7C9686058
9BE8094E2A2DE367791B09898B5940E7
5564BEEBF7B3C3DD29CF15E62D427010
DB03B7421FD81621E50DF95B72427660
CF761D1B28372C934B33A7C2FEB766C7
5F104D0C25273506C56D73246114282D
BE6161A97A0879EADB40331FC7438931
1CA1A1B2DEC1BEFB99D196A165D017DA
083F6B253DA9F78796DC7B82412F3218
A642161486A17319C84A56A88C8F336B
070F6B9AFC19C1F9797790560EE2A24B
DC45440DE7E8D9F14EF834CDD72BD1A2
9BACF1E164145C64D285CD671701ACC9
09C4A1007DCEBF454BB605C7EEF1ECBB
8FD79EF8F618115918ACDCA9AB0DBF68
E4C16E66C55839B1BC53CAFB1FC6254F
BBDB72903432E29CC5C4160D16AEC201
6A79F1033C7ABF557842446298D67732
EF9E6347658F12C983002B139A47369E
DCC6327318D4E4AEF3014D603864E2B3
5F3706CC7DB246857BC8347651E02648
E1F27E8540E09AFDCE6A6B219C70816F
5CF3458CDD5987296095F8AE34BEE4EE
4AB3F7381584CA773E8B08F2FDB87139
0453DC3BA906C2A2C0E17D9BE26BC619
21A8B2AF1A4C7A8FBDA00DCB784DA5BB
EB05FB6C71D74CC70C8F97C7604A3825
9C10A25C471CA549965ECE2570389010
8E894E0E17FFFA8E5CB7BB85027CD054
FF1D9A82AA0897945D76F4AD27A3FC80
236181300F7AADE03CE0959FE75A7300
CC5E4CDEDA423032A7F2FD9CF4AD192A
687060E9B0FE811F6B4E681B62DD4FEA
31CD8633BC136B346ACC7835448715C0
C6F52F5001280E404EAE5E30A2B58004
4003CC393A1BEF0E2D6456209535CD0E
F5AA983F2114F8AB70947271BDF6CB1B
C4E8A9F040EF514156862DD451E21903
7334D212F2303B9AF01CB1A19F2AD8D0
DBBE91E4D0B68CF5DD606BC87420C13A
16C8116E41BE53B7B06DC1DCBE5B3DC5
B5A180CACE92064FC0E0AA2E25B2DCF9
B3D9D2D027EB983BED31415F94D3EC12
28266ADAF3C75AC45190E1DF99F60512
019E683277E750E929F6E7B87149271D
460C1BED8982424EB216174D6278DE59
0D1B0CB197309749E4073294CB75D966
FA99B41D35B6557EE81033F5A2D8571F
A71B309F6C54B1A35421B85E47873AF0
0CBCFD51218689325D8EE5C4718620FA
544CDA53AC93D56855ADA45CB09FF0C9
1D235C87AB022EA3B388AFDA3E0D753A
8A49264C523AF634AA0A93EC077432CD
8D0A8A617F85740ADFE4BA2ECA647B87
8548F5E6796C9C50AB9FEF37F0776171
C555E48CEFDA97A9AB7D703867C35419
3BC78DDBF0A702BED9E5DC00D426BFAA
431C217D3644AA52F5E00491BED72B95
D0EF316FF03953812DD88F80723D23E6
56E52DB96742FAC9562E11B0F6051293
F8C9CBDBB7AE713A7AE967EF60417C90
657687BCB2B5F3DBE5405122E519D13A
3E6D297F25156E1FA0A1A45140DFAF94
E6B49E9BC599B008F7DA186E18FFFACD
8968B0753FE99341F2512EF80B642828
1E6B0DDEC7A4C844BFCA7142E0D47F96
6AEAB3957716AD11B7FA5FC24E1AB60E
AC89D769EDE114E0A212D1A2F0C47AAB
601B3031815D42C5BD4D4F2AB664D854
B0E99C0C4359D613A12F8677E860E5EF
C2612180EA4617A556234F7FF9A5E341
0C7880E557BE99CE30FFB03B35D24777
0D3A3CC00BD61D59F408A29FE35BBFCF
E9EF4B71B6E149A8C82FBD1DC6D6DCF3
E93A0ACA275B06565D4924186EC380CE
B656D45E457CCC930512070B525A4AA0
39C7CD8B4ABD68D36A5FF84F26F11813
529A9CCA409D0FCD414BBFF60AD792EE
41EFB44449AB2854AECE3348375F49F9
DC89D7C824FADFCBD087B2F1871163F9
FF646CA203E1A2D61086F67958F87EAE
E372F0C5E63CF67550652748AF0A436D
5AFA67A9B306B1C314074B8056E18E4E
7E386A01E79454DFE6A780D2B2316C23
87FC0A6797F6FB5B8272F4B2B7D88E74
D3E7E5E9469CD201CB3406D433A99ABC
D96ECD95DDE80AE6E2D72E6005AC378D
7A1F23EB0908C424B4E6291AFEED2932
0BBBD8A44C170AB42E4FFE0FBCA62A23
203B8F856E190C9B60820787AC3D5783
A699D5E3D00CBAD43C2F7F435E030393
129FB57F32F753BD92CFDC621C331918
CC9F6AC249956A4DDD7741F5D0B863E6
099837A63D472FA616BBC25A97D473B6
38724C25B52BAF5A7EDB62D53EA12F9A
A31801B3C9F2454B1845ACEF11E15881
F2D751F6395A1F14443C428C7E6A4F50
39368CBE2B851994E199287697E07744
F5DFD996A990F97F7AF1F4C971E492A8
F4CFA4626994EE85BA0A74F5FA1CE4FF
5C24D2EBB5E378C3205BEA83325776E2
7F23CB309E82E19BA321D73C17E2A70F
4F30C61B2F0725340B72683D6C333BD6
9B67CE8A90B49FBC305CE496D3EAE088
BD73C7BB90583B158339FBC0EA64FC14
DACD895A360C31A6FAC2C2E5D17C619A
10123123BBCBBBCBA95A930030AEFED3
2CBFE0AE7DDA1ADA9980F3712B889DA1
00F26AA98845372B5CF7C94F3DF0C65F
3F54247FCC0E2C5C91431107264EC259
D4A0C6CD9349C206444645A5C1B34142
FF0DE29286231C1B69F1858530B534D8
FB40E0F7E28811BA166AAB43035DC701
E9629113956DEC8FFA624ECC3AE88B2E
E12C75A543969E69EF0406BF5B893A44
88257512B90BD9EF2ACA221DEC9BC744
FCAAFEC7E7187CBE74ACCDE0CCBFD5C0
55708B0484606061C3490790D145B8B5
616C092EDFFBE647C506D9127CAF7F8E
BA7E20043D991A97DB9FFA22E217D9F5
5A7759ACD86F099E2EB0E4E2CD57ED10
4890E9A58506CD160C68837B00705103
84B82B27105D4C988A5B449B1CFAD7D0
CDE6C5B56602C86F2BA3981D3B5C1DDA
CB0C8D9896784961CFB5505DD9601933
75F5ECACFE0E8D63A3346697C6B2A0CD
82753C5167FBC081946E979AD4A6CE3C
2684C3F10E739D23679018E11AABCC2B
D1F741F04CC6AF467EF8D96B509FC47C
21FA767DF041EB23BCE91BE8746793D7
6FDBEB07569CC3AA3F661D62844A4076
9B2062C16836FF6D45BBBD50267B0585
12D7BD430C9E8940FD2872891D9A4E00
F0D25CE412CD4E587286898C3E838683
DDB08C86117184923A46845265DFA968
B41056977ACD8A01FC074A47B42683BD
B35FCB5ADA80B5039EB3F8A1B149B260
A47512C4DC3CF1705C18E05DFE4186C3
45B5BD078C041392D6D0A25F654DD33F
BB8E284E32AD5F4FEB8DEB8E5D359796
647D52FF1BE6A0D1CFD303808EB6B27D
C6B7B4D44BD7606BFB9D075F360DA936
6B2A7E961465B14F5527EB18E480D6D9
E0EE6B6B30B3E58F560B9DD6D7D231F4
FC66D0FA3126FCBF3DF22129ABDCF62E
D897DA49A0FE37D22E762190C56B7CC1
1E977724EB630664820E4B25E411A03F
28388C2A33714ACECEC3A672F02DF603
FD916D46666A1ECC661BD4750EC82005
4223C7455D3689E22CD4807DA021A24D
2F42FD3F381CA5473E978E64294984FF
D8502DDDA3D34D9DDDC7AC225BD73A7F
24B7DA3802803384DBAEB27E9F41517B
80870A3CEC4012191FA25A8E232B6C41
F80C48747076DCEA31D9872609146D25
24672FA932AABB41FEC2E9E93827D5A0
F9F7D95253F2503C2EB523F7A7D6A386
A6D1E6E300786A6F81F6F830E13F00FD
BE2BD361C350083C3AF51BDE15613026
6BFCEFF1ECF69BE2B0118A936DC8959F
9EE6E10046B80A57A0C5F0263A247D0F
B757BC2018D9F3B50518B1A22FCA4C03
BAA227CE3E6CEE637E104815849C5B1C
3454EAF63B891941924ED086DF2096FD
F73F6CC86FE5D9241B823333EC76391F
FF6C2D6182F7E1A34929A2682336C862
3F9E94FD6D5DB19148CA3A9B4695167E
D30FB8F2EC08E1206FDDADE6516E2F96
924C6906C6A3C7FCB1B69E4726F01B26
5D2610C88E96D07A7D15BE8F9379C912
9C9F375E6FADDA2F84913E16B6761008
BD9B0D18018666EDE851A92BF8637D18
A3158769DE13D72C889CC642C2B283F4
4ABF378CF1894D016CD536A88353C1A6
4548FA6B6015820D075DADFB833093EE
2A7C2BBECC50A509775A6CABEA31D746
131BB57A0CEA3028156DB15717DF2839
422AB07C89AD872F711C77E01D73C88F
7F69DDDFB44553C83ADF071F347A7DFA
97BBC96275FB55F4967F9A527992AFC1
30C343C695BB81BC0EC46BA6FCA143CC
AC4287AAF4441B21504143E1CB0548E0
16426843626E40DC51012279807D487E
395A693B235102B466B36E5D1F187957
F6F64F52C9E327FE1FB5CFE31651FAC5
24B24240F3D73FD348326039A5CFE25E
8B93248920CF1F8DE913B7E863D268B5
BD10FDB1384E9146BD4DD28F5AB0A36E
6079CB4838276A3A08EBF9CA20B4AD77
4A4C92ED101368D2420B34FDD32769C9
3B277A371E8BF1442A8492860EB821C7
D3B324A2AB175373DD6BF2193D65022F
5BF927F8D0EFBD0B1099042A28C58814
F1B56B7A63E656D8EAB4907A336FF2AC
72B46111A82FB634436990AE5045CC19
18CC3B013C05456735C1558F97D16D1E
7CFAA1647BDF27340441D25185E85734
1F9F0E4185FFD4CECD4FD74E3EC4774E
9EA2A026502067E2CA3D0DF8944B8563
A5B21442F8CD7EC62403230C92B3ECE0
BA2E55B8B0AE7E11A9D6215EF663926E
1D8FF3E52CB42D306E36D2EC134B4763
8F4FCD7CDB62D5C6F5677AB6944D1ADD
FD78049E0F026F9525763D2871BFFA38
D172D82F51236A807793F664792BDDEA
77AD40591027E1DD23CAEE844705ACA1
41EEFA838237C0E02753AC1411E0EF22
5BFEB2B4F5B7E2EC1DDA438E847FAD42
DD2C20EF1009A8243F9DE21A94B66E00
B28BBF9FCFC8DCB664AF12735A13813A
8447B0C5922E49CCC286786D1D7E1998
3A614DE9D82D2B99EDFB4D2F3A143166
95A2F042F5FB47922889F20B2D81C10C
FB33E18ADA92709F9307B669746771F7
BEB21C9289B4EFD9AC88621D994F81E5
C5C02DDD0F53633F9B5D0BF329A1E49F
200047F11A1F847487086E7C54F5AF09
216FD8BBA4D7B8BC5F026B4B973BD560
66B274272D5830D1FC072DAF9D766DC5
1AB4AEA0209D1F5AB5C955BDE8491B4F
95FB9924A791AED0603BCD3008F0B356
453C366D6781DCC59BB304EE6F56F817
EC933B32CC7DC9BB96765CA061DE4902
06D2C496F9B06B930B0C8E801EA7CF5A
6D973BC4A8D51FDFF1C2739B337F36B2
E40EA712ACCA6675C389E1DDD4118879
D7C2D8ED378D13A783328889236CCCE3
787AFAD24F78CBD384C88EA60445C121
C52AA53103FD5CC69B41F3C35EC55B49
4AD563F881ADA28B35E08E91F2FB8F99
ABC2BB49980CEF2BBB096D28C9A60398
62BFE13B6DB9DC72853F71E8369A4624
4A40C3B38E539FC80286E3CB16F1B1AD
BC9A9E2B48622BDB97DEE19022CCD724
98680FE9F82861231B28E6586B9D61FD
B2575831AEFAF407C032EDA6F397176C
DD40A36A0245B960D5F570290E80D141
31B5137EF943E4A389E39DD757EA9005
DA1CF7716FFAEA0FF1B2C114A4670CA1
EEAC747B842F37DFD665C28A45AC872F
81E801802D0DC8AB82FEB945DCECF614
4AFF2E2840261B27317BC4C2CCA41022
A21306888759B394498BBFC38E6B1ACC
202BFFCD6F800F723C326201A0B88F53
7B8924FE1EA8FDB3527C9E1BD4EF5729
866D071B43A440BA52A94B1E33DE645D
7BB963C4C82B7D16DACDDD878C84AF7A
428E9378FA6B33C1A562303E75756D52
2C6792DD65D829C3685802FDAB707CCB
A0734AF215928BCB7536CC8FCFDE7848
86834B942C00514BBDDFA45E888C9BCC
F1046C4E0427154F621BD2E2708BA1E0
DD35455D3BF220E622F7CFB376AF2C55
C83819D9F9ADDD88BB973695728143E9
CAE436BDCA7704421EC42A044F87EACF
F7C8A00CE0E4D2161B7DE20C4AFF3D33
87C817F6DA77C48B6B5F697692242FC6
4C312119F4AC452D949CED895B419F01
CBD3AECAD64AFE3FD10F4D2D783DFA5E
2E035A983E85F4AE15A12AB7B35B1F39
D63358C7B012FA770CE3D565EA0E77B8
61413505DB1E5D00843E6895F5CA48D1
D2C331C22DEAF0D2F8767D150488EE7F
0372559903BC8ADE1D638CE365206709
06CC8AB24430854DBD4EE3863D57B814
031B666F936B9B62D9D1E03DC3E9326C
699450D17CC2ACBF12692DB49521294A
86F7883581E72B45D64657961C70DC6C
94E8C89C383DDEE4BBF8B6A966402CED
80D0F309EF7E1ED9BDD5113A2BB20AA6
466F85D5E2CEB882AEC20BCDBD5D2B89
8B272689B07B05247AA86188710E48EB
88DBB239D20C119803CB1EA5ED536ED5
E0DD718BD69621783123D24728735BCA
DDC9D152ACCC8E294421F154AF6F17B9
BEDE05C1FE63519E8BB8CFD125CC39B6
E98DC6466D9EADFBE009F1FDEC7DB0BE
3AE2BC8D60364C9E37FDC9203E37A2C3
48692BA94572133AF8D45E97D11F8403
3ADA7C795CE15D4816A5CE3A1D22AA4F
8609FE560422EF4764F3677C7B659A0B
C6ED940C9CEE7E7B3EDD8E640191A96B
D33CC0BED498C118C94F3B22BAA973DC
4C71DA88A42960767673C1472A741653
17BA6AB850A7DE2A01736EE3DD363BBA
6AD01568628A4651D9B1ED0C47496A28
B0D26A41D33B74F2805D3DF8922077B5
FF1BDC3E0DCD45C79FA7C471A9AC6757
2A4A12D2339C8141630DA32CAA46D95E
4ADE30EFE085ED6A5A471778E1E32D8D
A9192B06E618ADFE8D83EB44823FB149
3E55E785118181D3841298F4D6F23E0D
3E49A0532FF6189671F2CAD4B9C07D1C
EC7742D4EE5466038CA9116DB20AB3F2
D0B9C53B6E9A1F49E225FEF3715C6584
C1FC4F9A937AEF3EE312CC8E44C2A8F7
18E7180C1A2F41E2A9E3B2F1DD9E9007
E065E5E7F090766B900B7B25460678A7
8B95CCFA6AFF0106E5EE28B74B461125
EA48E7C3C36FB636CA45C98B15BEACAD
C2A4B0B668C2C2C68A41A6B04FC389DE
67A0D11F7EEE1FD8E57C95F02643621B
1D3FBB598696BF25C23506C9FF453C36
A2EBD1E72F8C3CDB2D503688577C448A
7253BEE16C1E394D0B048CF8872E57DD
9F79A27766E73ADB641FBA6C43181D89
9602FFE31894D335D1296A0C13FD459D
DCC4EC2F808917B29E69B725D55DD25E
A8CAA9496C6D1297296E4E8F5E499AFC
7A8EFB13D6E9F7E48B5FAD40AE624EEC
08918BD71BECFE9E66DC52A6DE55BE4D
FF7DBCE391639F0420E23DD2E80148D9
7E45A40725DA0EDF15B5FD2235F6BC4A
DC23ACAFC558407027DA27D19E90DC2A
02DABAD16F611A31EBA1B3D3B4B617F2
7BB7A008ECCB494218635D53D7429A35
FDC8D8B80B73E9911F6878203F3B3C93
AEC24FCE9C8A0A9ABEB9969522E96ADC
B9B229A2294CAF7C362C6AB09F0A01D0
7C4CB59AC126CB43064E392ABAFC32FD
EA1DE45133B345A390CC8F65E446FC83
DECFE208B906809D5929F24D93BA38AA
D83576A9C5AD8B86DD01B9527516D718
8A74D42086A58145E72B3A9D7AB3C8CA
63607F0A7BEED4F9F603D896067D320D
58264DC98FD38DD29FABDB2E0BBDEF94
DB6306CFFC9C8D2F0D3E62E2E64C118C
75F344781F6F1F2A943362326D9F9F45
3299205725B6B3FB2A652EBED150D54D
818B60A5FAC381A7661F29A45E8EDA7A
FA3D848812C081991F210B58AFA62AF0
B34F2E3831E79289DBD1FDA0DE099220
99121ECCB45967F7F845D85723B8EB9E
32A3A094A0D26CA34E6926A48E63433D
D5579483037F72A8AF22D477B1B7D12F
265923E3493FFCBA13FA5714D260DA9C
82ED313921CB758FBC7F56CFA51F2656
BB32DEFA626168D85D9B33784C704FAD
0484B2167A3AD9109F85B60B23DEEB31
BEE56DD62E10B5035A327F8218A2E8E1
54E54051596C2A312229AAB5D245D884
30207F92C1EFF6D22412DE5DC1789FF2
73B7B0F8DE1F5764D2108C281FA3735E
1B9A4DF764472B5E8F348C5213634790
CBD8FAF0DFCDBD69F68D308794C39219
DD30DE84AF9EBB51B87A2053FF4AFE8B
E4C273CDEF374B231396C6140B7666E7
55A1F68B0B019A271974437E8DDE7932
5A0F525DD577D107CB583FFD0B573A23
991A5532C94186932610C0F6E8707956
1A4136FF7E0A35957BBCA0A64DAF295F
B9F868572499AA2A105C690266B26E69
D18BB2BDA9671E11CA77355C8B124F6E
9E97A2FBE3DBCB90DFD3134C07E94E3D
643B3A95647A33EE0777DFAE1542B80C
B1CFFA838F184F8773336F0641F340FF
8A4D806C8B91AEEC4BE4B189D3E377FE
B3897C47FB3DB05ACE1A087787F0B92C
ECE82B7F79D42815023DE1AADFA9B43B
35F600B1BC2E2BB4D298A94C071310FA
7A193B6975237BA545B7A9317F13B7D8
6996360769EB7A567D1F6FAEE28B0D69
72EA7BFFD29F2D3B0BCA3DAF93262542
E88591FE6D0DA3C5BA428149C0607022
FA02C0F83BF462787F7922949C27C941
6C3660DAAEA5D945ACBA040008204239
0DAA18CA55304D16AD35AE7027B7931C
DE656C3FF9A56A628184324D52ADD0D2
66B9F227C454903C47AAFB896E84FA1F
7DEA5AAF82B0F05023C0D5CDF631F1DE
1BAE03C628BFC597E18D429F87D9468E
6317673A6419A477C5AF4D7E1A045028
45F826BD78160E11BA08814BF9882F76
056BB73972FF2B050107B6C1008C9415
1A33C5708BF6E5CF634D69682ED4C710
3173C562FDD34DFCAF88AD7AB8BBE4B2
E62DFD786057783176CB6822C7AEAE4D
8AD86B0821C38DB748C505E595DD1FA0
C804D5ACAA437AA0FBAC912C430A7052
0A00A5D9C33B8F329600E852D6FDCD4C
0A4A92FE671F776A76B75F34A530552E
A2A87E8413D1086E3CD7471D183DB30F
5BC507BFA7FFB4B8A281CDED5B818F46
E544F24674D76E44619C326098D2A01A
56D444FFA00DD2B3E10877A6B9F7E70A
C9F9BB1F75FAF86986E7B716A50AC198
D30170980D79924C396848902C643706
CD4D68B925E52AB4112127EF5E47BA92
8089E959320F0E3966614C46A862C879
FE6473781071D01B378A0B22FE4B8227
4F41EE5F1DF1E3796ECC18F07526A9F7
5D38887AD5DD07F3A49C78CCEFF1C216
5BB0D38B2502B0E1AA1B44CBE88A4B2B
72FFBED23A61F453C6B4BDE9104DEBD4
0C21BAEC47EE29FFDB9FB756ED6BE8B1
92B5C3335FFCF7201D0FABFE9DDB29D5
22D840AFDD65194BAE09D9B8880CAE39
718A7AE57B75D03EA4238C3C94849319
9655AA94933D141AA0BCE26E87C2BD70
0E5F201FC77337EA03349BAE308AE348
6E516521D6CE33E5F535564E5A8E0837
327EBF2BC3D64BB3D9CC75493EF6C043
FF8DC21E2429C39E81838711BF2B991D
18235286B9497182D04B63D878EC89F9
DB4F663AD39EBFAF4B574A61233A5958
E1E2AB4C19D7CA5CB7EA527EE09CF824
4038845BF95320738503886637D2BC1B
178F42100E15EF64B3D09D4069958D57
C850805A8A76D9BCA7A69968DB492C89
674E364ABE673C24F0E9A14367AD5B5B
A511B797907B770B389AA6A678966107
21B22C884D1FD6EA21FCAB11A502C4D3
1545D6FF90BD3D94914161D383BB77FD
D455BEE49ED7EC49D70B5100C4E9DF9D
9B72B073C48FA2192083AA232FD1007B
85D27A17CE75CF5419F5AC5A8415D746
C5993E22AE25E020405C96181D4C44D7
94E8121F8731328000C8D7B5A246D080
76B4134602A427BB7F03BF711B2BC2EE
E97BD1845DDA2BD155776599E1BD8E2F
BDA665EAA34E73853BB219433C72D3EF
396D1DA2723F59E324400300DCB9D100
46B9BAE79CDB54BB41922FC69DCDD54A
969086239DD45D58204498D54BD7870B
729DEDBC53C5854DEBEB9E443998B0E8
E4E24285C5FCDE2872BD3BCCF084ADEC
0361B0BDFCA37413E06B84BEA534D90E
A08A414293B5B3E08E4C3436191CDEE3
915CE82872838A98DBD4288065020AF7
85F933F93C26245D0BF80DC4307A6D10
438C002D5D288F70266AFD64F02A6FA4
EE8F7CAFD79BFEA1BD1C5EF6DCF65DD9
43C1DD385B9E088BEB1EE348CF4CD93D
BCFBDCCB25E1B9D111B84AC30BF7558B
A4607ECBC78AA845A72461F42BC705F4
E413371EBE0F35C0C925DB41A837F18A
498BDB47A60B143111C1FD6BE3EB5A08
46A982D83CEED50585F233713E0A0C7B
3F577CDD608DDD3C24E0723D5C797287
D4397DD2346548D4B1639DE805661EB9
94A2F86B65D96503CC6685A9B9D2BEEC
6180612D371CFB2AE22924CA0A7D2D82
F53ABF86191D915CCBF27AF5A9AA6BF2
432240A5719F008A18B21964E2A03EE7
C8A1D2BAC5E276B288782E80A97B5887
F812EF9B4BFD0BE106BA4C389F7D7FFC
3BF9F3D8C0E8AC7B6E5999AD9C671982
E49F65329E5D2A10E17552419F53046F
A6B69E55651E01D3BEF66C4C8DED31C4
5A9D91499A390F4D5CD83095D6892645
A8C9F4FA5A11FC6A54C5F44DEBD2490D
96BC20BC1AE4D9EFC94EC2EE7DE6F46D
EB431EB0F2CEAC3E54F4FB5FCB7C5266
589ADCE4D33A3AE13D6E35AE55C72118
7BCFA612EF2F8F832FA40496BE65F34B
83880B1F72C85C1244942E8F68E86976
355DE6C6D3EFA7F512428614EAABBE90
94AAE7AEEA49E8D5B46913BD8AC01624
BF90C4D94C91AE52560701877FD7D6ED
64AEB062F2C09DEA1FE39AF049830BB6
A8E50CC8F5B785990D8E5D1694F719AB
BEADC2D00F640CED29B29D5C673F3D47
B35C0EFCF309FA07E0A1DA893CB21B42
FEDA37B38F2D9F91BDBC1BC935EDB48B
5672B534B816548B618FC40D3ACAA86C
190E2156A00451DE16E0DF7F86C6133B
4DAAC164E4DF5BDE0F25804F991E2FBF
C004E8C91615C281AC6DF0A04D13D9B1
E6B872FAC8587BF0C4C56A41B84D409A
75C22E31F000BEF4E6D7845425E8A763
63FB1DC3B85C145CFCD8F93702A5CC36
C682FE4408BD87FB8CE9C07178E7B416
F6F603C3487E4A19D1F8991898B01A3F
6107F7D92DBAFEDC9EDE96C2F7760B8F
5E17CD00CB5FA2DCEBE612E2DF0D6A50
A452991D47904A0B2352C78A318ABCCF
C2BB2636163234BDF8C8D7F2E9764AB2
B99D9827D8820FF76C52222CB7D03CD1
B86D2E916CC154D27D7D4B4C3731111C
E79D5150630910DC330F437164450791
4B282639D144D0BFA6D9361A61B83FA1
246A7C51F42C91F04FCF5CDCA1BD43B3
961B1F541586C317B7929BB75C9349D1
1A98CACE1E035A67FFB2E4EF5FA74552
5D44E3031477330C99B1C9AA4427BD7F
BBAAFE619B685B06CC82CA1A1D9C7C8A
5DE12BCEF09CD2630276011D1356A9A7
3F1E489BEC546727B1D2927F64BD5D7B
AC5BADA338BC7567948D53543ED049EF
DB491ACCA8A8E9B5239DE449CFF0E825
CBCC4BF4B58D7BFDA1931C36D2699D61
9A2E1EC45EC43D519B1D8013D1392D06
52E554530415E75E1E5DFE6A9B23D261
9C2C24918EE79F07AFBC6B35F6C15324
AE25FC7D510966229EA12E908CFF540E
1CF41EDE6E64F06612594A434FB5C8A6
0FEA78FDACCC4412CF99709E519D8C41
F1DE51F81B495395EB2178E0195C7A42
371C68B256EC9FBC59E34824D73A5CD8
D17181C7CD79F05E79E7218589B0AD23
FF7A59EB61B52D8325B021053D680AC9
E88D89D4C633D5FAB96FD903B449C2A3
6894ED9592CCCD1206184C2606ED3115
E6986EAF377159CB26BC951485A3E902
2A1ABC557BE2004B088D3C400E1CD287
02465625DEA6E4EB79691926EE1F9506
FE3A26D546EC37A228EB1332243441CA
968590E07135C9D1E37442B5CA735563
33FB9A6467BCCA53A248A8A9BF4AD986
EBC105378EED90F4DB4DD324B6A17D96
F2FB9DA497633A17982ED4154AAC2EEE
1B5740D33AA46130FBA98CC2CF4A2081
9ED20EAF7A7C2C94CDBD60822ADDEDEC
5D10B6782EA0412B80E1A475FA7E28EA
9B9B2AE13ACFF555BD3C2B7136C97F8E
063A1C1FB24F6501846393F145113337
5052E2A7E8C3584E0BE009948200A1EF
5A44721C6473E4153644D93AB5B9D32F
A741C46AA15987CFD59CD39DA4570182
94D3AEA9CECE44FE5DD42C731F0EE6CE
90415BDFAFFA958E0AEC89E3F24AC611
71042ABABA09334815DA6AC7258E5E53
50FB16F3E86978DF68558E2E9AD886E6
AC8329C3AC64E80DF0D20151CFEEB06B
26B440C4A3DD90F24A07ED51DA52A0DE
FB87AA0D9A67CF2E3892C7F58D95AE82
4B97FD6EE213B55AC3D939DE17363852
A626CE2C8B18108D2F6E936844804C6B
999B5DEEBA817F2C35338592197837F8
720745C1E6B3E42399F58926307C8F70
87DFBC2A7F0CB9EC7322132AE99BAA47
20869EDF66516A0E6E1E12C853A18EF6
25FFF13B9C1869B6C2BD071BA6933832
606EC83F0F278947548D6278F59F2A4D
8C19DF6FF386B03771A854EC1D58ED04
5918FB3E64CEEB1C7DCBF26E59335036
80869D6EC786DD29A3AA4BAB4EE8F904
B92EE0C4C925242D644D8A793B28BD72
7D84DE4ACD5E4A7221B7CEBC11311DCC
D5242BC0BC41C0C088612196090F80D3
D264D802213D694B46039D3FA61DAC76
AC66BE72BA1DB36CC66710C36094E03D
7E10D1FECD3655EA112720D50F5EE908
F22C31AFFAB20226FCD0C49FF48FE4B0
6C7ACEDF0534DE6C593832E83F8F6E87
D5294C0589539AD136EDBD30EF67AB87
AF4CD31446B282B5AE793B43EFABA625
E66BAD5F7EE0B16C165AEB4ADDAD730C
E5566BDFF700CBB54B50F9EDD8931696
C53B3BA6BF238754CB7F39210FBB7878
C3F8C85E2B2FACA33193ADD8B1FFE03D
364A490DB3A5B81B903DE689F5363A22
D5F3FA467309D024DE904FD298219D40
63B0DFF0F9DE77F3CB2CA25B3125D0AB
411A832C7059031041FAC813A5553E1D
F64098955E838311DF07E614F40B562F
A143E2F53D6E08DA014C00B17F3FF572
BD190E5C0BD85019A285716C9195B458
97C32E3F88CBE73255203174278D840A
884C727B5DFBBE408BD9C5F613D59230
D7AD71636B1828B2CB8BA6186F2FD363
EEA8415592D943B68E3C2621944490F9
B79AE238D2F0C82B8D438388AA946583
C3163B9E5E01F1E2B96B333A5F1E3B15
F52F930E9F530F7BE6332C89EF2719A1
0CAFF14DE9F2FF6A64B5DB46DC95D0AB
896CF95E9A901783A455569058928793
82C429E28E047CA01175B004822E0FEB
55F20CB4E5B4FF3CFD03458DBDEEAA1B
C9FDE00D98FE969C720F633FDA4732D4
593C7ADBAFF71D1FAC0BE49CA2C78874
FC9E5D96CA27BEB64EEF0679D52218EC
2112042AF1622222B8D01F7BF234ECA3
A8953F76243F8D6E84529BCCC542C576
11A9E7DDC0EB9E4B0E6DA99B51411CE3
5EE1840CDDA58EF70457B91FAC8E44BB
816F204FB06D574E71B6130B31E47568
234C8ABF5E4468ABAA746F5B0FC289A0
D1E62356F46AAE05734A2CD70CE11BD8
8B79DF8967F20B32D117B79FF76ED082
1C1988EAD1367FAAA3934E2ECAFAF004
72F00CF32A7A33695FDB78D1E896FBCD
D9B34EA1AA065F1F50F034D639ABE5A0
40E4096954D74347B76FDF8A9941B8A3
9003B1E81F786ECD71F5E92A62046701
95173334E5911F267C82DB4F0689C261
2FDC42EDF12F89A536DE45EC9F0DCF67
DBD33554C6014EDBAF22198440906B5E
36223F6C87F3F4AFBA8A9E4704D5F034
2E782F3FB580A4D7797F55B270C5D0DA
910FB75B34BD776B21BE52BB12187A83
3A22C50B0241AA3DE05B092192970DEE
6E49AC904C7673B770BAE951A7DA89EE
16B795D00BBE2A999C06AB56B6CA66B5
C5AF8A52328AEEE07791598667A9030B
D472DBC09BB776A851CA4BB8939256ED
A0A38A5EA09F28CF7535A4AEE1CE4CA5
2F7A624314A7A454B8A22D1A848AE6F4
4DC01E01B7F41CBBEA70DD735D8BE735
8D1982B0389F0462D4CD11EB8D638D29
0CEC33C762A7140DE1A3578742041DAC
ECB230FF31A6F4A7578503CF3F8A680F
3379994567AED7B7CA8A210ED6B568FB
E5A12CD90B8C716EEBFF6EE515DCA5A4
C9BEC2EEFD3B593E1ED880288A0264AD
B771E6BFCED60E01B3E9CBE733CB6993
E1BBC4A6B7CA2D37D0685071FBB74DE4
F42BD330136D4F7B8E2ABFC9F73E3C24
E25221A86FFC0019B4D425883835A33A
88C6F173367497465A4FF4A28080586C
8AA7880E1CD504194AE9911A75A1F787
02B2A51C88662C8499153113DAC29988
B66AF86D90F830B33D0AC6BD16B7B43A
C9C002C157004A6E402BCF6854138375
7ABB6A2C9EFE1E7BF06038858A47F0DF
6BCEE2B4462E3EA0BC503B70AC7B81A6
389FA182E78533F835B745291199F11C
07DCA7A8FB9DF01298AD5EC5B9F6BD1F
6EE3212F2B5E49FD214C9D71F47CC1A1
03A64AD4A5F316A9289FE954767B5BDC
A6BC3202E3BF4BE049E1E8DDECC004AE
6BA4859BAEA2266ED0B9A0E7B2184520
C9138E803B8B9403F1B28507A8E99D5B
05329928E26CBFFA20AB9B8F8735FF55
8DBB000B7210B034ADD4FC6E1D0142A1
A2DD1A349D8B574AFF3650AF2EEAF7C7
3FD886AD8F951E496B1D52C8CE430F6C
542C026655FE671968234E49CD1F7DBC
A6D4237BD02A5404AAC38B0C13781E2F
722DD7ED7A1F812571ECC111060A1537
52054D24BB9A02FE156869FE14E85A66
725B87F0DC30ACFF35CF027C713B8461
1A151E461697EC1446B709A2F1A655CA
4D6C23631881CD141354E3E2B91171BE
026662707D0A3DEB69D16F76578EDEEC
F0D3934A16C87E4F7F36D8148C2BD856
7B0B1C96FA81C54E5D114E7D9ED797F0
B3F78A666FE4DE70C2F9E4AD5F206A1C
508C5A742A03B326BD4C681F3A79DB19
8522A1497252CF24326B5B7E5CCB3A99
7566D32651ADB6DB4770F8E69AFC528D
FFC4F60BCC06CE6C5A7CE12B53D504F6
B04E739D4A0F6260717389755801B2AF
50B478BA4CCE2C87455B8621CA5AD041
DB3BFE63B5EC358811DAC3C04AB67353
BFBF6B3987C1809B72F2EDE0260F66B1
EC114CEC9D428BFB17BCD7DE297ACF1A
1696DEFA5DC3A98F23728AA143BA7919
FD0AD859C93861382CB0B3259A6AB613
DD39AB91AEBC2CA9FA4D78AF119730BE
BF19A842543FC6C1712A950C89C7B3F3
87A0433BE7B7D6E574EFD746E78ACFAA
19F8BCAB84DB46E0DF4CED0FCD1A9130
E85F598367BFCC9E4172CBD797B5351A
7120DA787D6EEC75973D353858CCAF2F
8D241E7876AB5B9F49E757F6CBA3E2B0
E73E8F7AFC2980A6C2AB0CD1800F28AF
7285CA9BCDE787BE514BF74D213F1D45
B00958A8C963FB1A80D2E46A71AB4494
A3E2A0AB8BAA29FCB85B6F81320588F9
9910622026685382B5935D7029E3F993
173580469F38D115ED906435A3FEA496
51EC5C04E6B28AA2F1B4369513162F5C
10B9BEA6335E8FB651C24E3224C8486D
703814A66A0A1B75BA21B4BF487AE280
65CD4E5D30D1DB2B18F3B5BDD4B047E3
2CD89CB032C89EB45726513508AD9C95
EBC812A7784AC37FD02691E0B8157CB1
361D8A6A8D9A23D26D002C1855F2F29C
F8F5C91B71C7D418B84DCA5660432289
5204BE7F83D6B78706330F1818F0D6C1
389548A37497F6660DA02FAC8D4633B1
DA6F0C81E7A4637E8905749C83AB6838
A53A2BA7771B542C418151F4C452CE8C
FFC507C092ADCDE047374CB4CEB0D1F6
16843E620205BA9868B813E2F5EDF45A
CF9B6BE079FDBA6563A86407D4CFC7EC
D5C7CDB608521E04C2C1BDDA3CB28E11
AE8AB90BF6EFE7A6FA38562372E76EAD
CB6362AC45BA341B301B672486DF2A67
9B1F295CA96AEECA1126AB23A5263104
A2095AB9167600C7C7F42456E0940ADF
56417709905B74D9925DE7D06AD8B940
6FDA245E475AA21FF1DEFD77786C168D
F33F1E49F04BF6BBD1005AA9286DAFB5
0AE023141BD225D37F37058DABD0FD6C
C7C0736A5A45465977772DE1F3879EFA
2818AA2B260CF39071DEED2289B43BAE
A9A180DE201F7E43551A85ED173B2952
B6C313E3970C895BC4DF3C4124220B23
26C37D029D4AD11E3B95B63AA8E3C8CC
0F8F75292643948C458C631DBF8BE96E
84C071E0136B84C3B08911BBA2FC7BCF
608289345AD8A72C971A4C1AEFC026B5
55F5F0FB41CA6BF59957634799B60556
74C9AE2157AB81F03DB2E06B580DB108
0917DB32F74ECF5FD9D51447BF3266FE
C5A541C55FA5EBE3897EC393EC10C35A
3E07D66E622D7F85616CDFA576C58802
20040364D3CCF1A6EDAC754D3749ADEE
1B776FC5A486AA5FFA7606F98B295B27
938601BD45EC14B1BACEEB427C73D566
E072B3E2BC4A06673FB35602907C9D24
49901203693263CF9BB23D64F68178B6
72505456B6DDFF2D0EF92E72106B4AF2
0792C39E43254AA6083EA0375C678226
E71207789D583A907F83D3D2618E36C8
732FB26E0F567697E826CA7700EA9CF6
5DC263F789AFEBA517783525F6670316
C5802F7A9F1DBB9C7400EA5D9759460B
5E42725A27327B6D6ED000C695B37ED8
C13CCD40F239C97CC0A3051E112BA917
B06714A28E1EF2A4F52BEDB604317C72
F56463AED0FE568758234C5A42450405
4DD744E0D58F377E51ADD76576D6E1B4
0010482840A081FF997176011191A6F3
C7D9E0E97483C27EBE2320A4FAD55C96
BE7018AF14ACB4B9BF835331BC63E112
E86F336B20379FE92F1F86976CA5A014
51DBDC1D5BB12FFE9FCA7F4D9283F8E8
F0EE8BABAC9D77CDF6142373BAD54A7C
CE3C445B2196E07E0291F311288C9CA8
57AF11AC3FCF8156EF5748D070E2513B
25D594386D7329FA01C8D5A4CBA8987A
21405CD2D11CB5BF2B2B55861683D926
4E3E3D7DA1008F5DF0BAB94239A8EBEC
8DDA8C59984CC27FE3C453694A8774AB
E425487EE7FFAE19E3324461C8B4C6D8
976CCBD35C409B6852E0EC46A2916D07
A9945D64D9E627430294750BF12DD6B3
F5518CC243B3AE1EFE47484A9C9DB3B3
7B865A41B2A8B0414520414CDAFEB743
888881D5BD2944CA06ABA610443F93B9
C967D25D7C8BCA5B7D89C8658BFB0D70
5669B02B4DED89EB459A213923FDBCD7
B06E6A16B6CEE1380AEFE04196F02D35
8572F4ACF97CD0DDFD45B35E5EAD2A25
5A83A13FBD3E19335DB092C7A99F8E17
ED364B0272FC16EBD107BB1DE8F40763
674C4E850A3D38BE4B7320E3CE4E3DBC
857135D3A4DC71225F3F2106E8497479
AC5521DF4CBF539802CB49BA8E37C3DA
5B0600AEFC587EB76B0B4FDB9701FA24
A0F6A93ECC99986C490B89E7A36F10C1
B00BFE2B5D2F425D8919463CBA129EE3
B4253160082A67E5310FA65554167918
8072268D1CE0B4E7A7D6FC06DEA722B5
4F55541CA09FACDDD6691FC0336D415F
E4CDFB49FA5C06159A98A36F72A3BCE0
BDA17254FFB94F092EEC57503075426F
3168E36CABE30A305165C462B68AFECF
FB07962157DC675629073DED73CFD3CD
AF2DA1DB607567B561CBE1558DF59D02
2AA7EA55E615917C273783F665487679
9B5D8D55E0C4E72CC9815200F18022D2
B550E2BE3041ADCD34F1DE50CF3E525D
F55D2E0CE24F1688B024460E8119551E
11E9E062285FE76FBB96E07C15F5BF8E
6141308B17E97BE2911B86EB92A554C7
5E9E8DAE6486544795BD749C72073EAB
AD06AF59A4D75152053BD7F5358B30A5
E1ABA1D83C150FFF019E746EBE20948A
62F96E2077C511EF68FE843BE542919D
708F3BB439661E319A5323CBB56C9F88
DEA3F148B481C21BEC44EF69776BE4BA
D14D6E704CC68BDE5BD3869771FBF1DD
447C5137A08F3FE39DE9A6FEB56473D4
A3BD18B91918881DE4AE49844B1FD79E
DE1B68C91C43186D41FB3BC34E66CAD9
770824B82034F1E741FD870B145BB792
50E2C42CBA4E3FEC85A5FB7AD9A9BE7F
A8292EA00244CFAE5B426B98AD132E31
A5598F0D1E430467B0741C8625AE395D
218D40FF144AB2E239CDFE5E7116969E
67D7C42004E6AE819B442B1FE2DA933F
76036ECE7C3B1E2097697894722BC9EA
CABA0B348F397A7A6C302F102229A427
CEC806C951C5659186370A040748C500
76769BD23D2697FFD94EDE31DEB2E06C
6F104BE4A20AACBE33C9B9A78983D1F7
FBCE7442B9068EB70D6D4BA5B34EF648
E2A9AB1B03D918BC004131FC5CFDF20B
9D692FA4133BCF181FF95735927F2434
4C2EF6C6774A15424BFD036937CA2943
F1397EF740AB80F3D03B926F1BCEC780
9546B5076C9E9C55D79D1ECEC16CFE90
E2F349FF5E3A5054B63AFBF1EB9C8552
B6480536339F2942E872409EEDEC7FAE
F2D96D7D567118D46FE2EAC2E5A8C4A9
57D73E3C0CA5618BFAC928E1A6649078
ADC8E2BD64730565DBAEFA865DAEEF24
0E2AE2619EE7083736BEF781909523D6
941A53624166C27EEFC5730D526136BE
FE6DE5A1E8D2ED000401184F9E5D6551
AA7BC9D52E8AAED651EC9754979007A0
70FBF1C19588E0247D5110D8B693700A
12F3E2166A87C241C36022F884B52B0F
FD7E049FBD4AF6E9337C533CCF0C13D0
DC66591FFB06AF056A48FA944BCAF92E
9846863DC7B4C140C817D437B15BCF34
E95CA460B3679585DA098D71F723A836
548D9FD558A686A2ADBFD60CAB42B64D
E61290EAD9923CB00C493868156A3F5D
8547F19872DE0249F0C64D516FD2B279
2E8C2546B6ABA8673856FED4CA0B649C
D746D3E22A89C63E4A4B6813DB34C853
50FFAC76AAA3001F07F83C37C705AD40
13AF876EF0C4F6AE9B1D64C2DA22EB84
9D420C9434F4EDF7A1549C9FA7399345
B2015A25A2AF76711099383FF7A8E9C8
8DE5C1E78603AE6408CC4F9435C412F1
9A8AEA6633D1D5AE738398EEE3146EEB
B146930C9F4ABE2234461A1AD57244CD
61C7337DDE63C35EB9E21E89B16CD213
C38B9EB03812AD80A114711CCA955EDA
29B15C3AD5D1B80F4964F903475C8338
0751972E0C07A23AB5A44903D3E1D801
769A226192D422A8E8172DCFCAF5BFEE
5A6BEB38B88D7B27E0AD20D664725469
8A9CCDBB76B7967713DA31188BCD8156
DA42E7575CA11CEBB28661F2C034D589
24F20640308BFD9C8D8C4217B422B5B9
90DC2BA9E77049BCFF5C3AF2C2726AC8
176ECB729A18928DCC9EE6588372ABEC
F6E97DF640BABACEF7F74BB5372A32C9
7DA90D9935873574559503255EF4FF62
56B2ADC94B55435060AC23B1555B2068
A128BDD6B35EAB4974E78927D646C8E0
C596CFD6DED0AA938B7E102213FDC799
C532DE3A6E6CA4F4092CDDC9CC061319
0299F2B63AEE2336AA7E190AE1D81AA7
B406C18724604CA588D274C0552B6D62
A35A7CEC7A821524663E1B659A1989B7
4D39BEDFF282E8999E9E741B3332A6E5
0FF4F09C8E0D57EC538A78054987D1B7
D48BFBD323C5EECD07F123F9C606F1BB
2FE721D62DEE4D1FE63BFBFAE62F56A2
0BC4CBBE89112861F2661F0BF460E2BA
D4A1C101EC22C8FCAC925F80620EB90C
0BAD9D0DBAA984C9AF893CD93A31AB8E
3B2AC07550DF9470DFF5D2791FD8EC1D
0CC4ED7EDF780CB1F39BD46C1FBDE9E7
6FBB2D3365C28CEB9F9438F388344973
FAC6C92AC551EC0897523BC7A970F1C9
CAF633E27BCFCE8CF209B305553F2F58
E2904D3FC6F11ED744E96E3EB34A06D3
FF7DD09FDE528A843D2ED28608DB0883
D2689398D078A37D47F5860A693DF29D
6005908C546EE898C2EEFB792A43FF7B
C0CDDAE184FE5AD1C756DFBF00EF0929
EB717E94A9D6630CF1CC974495E90F75
6643F96EAE6B7598C2B35B55F6DEA8DB
DC5581D14E9F6F2332AE91ABB6686AC6
69B5692E029FA212E0B8CB02F5562E93
B1D4CFFEB13977F03605263D7D8F5EFF
2C63D885267F1B6B7FCD99DDF2522748
45EC7D38FA6B6E3ABD1AC3D465AFFA6B
649D60AE861AF81F3FE9C4C3C265609B
D877EB11F2FC5B7F8B830ED81A8D2EB7
C1DAD3C6B21C6953B8668D85772A4B74
16C5F4F09F923685BFFCFCCCAF1E6808
488E266134B95E76CA7A23A4F6ED9066
F57C0BF1BA70FAF1B3C14A461EEB42EB
EAFA7935CF7C80CDB44FB8CC211E5031
633F93A319206B07DFD0680CAB5AB927
DEDE234F8153D5547404072610E66B54
99E69A176CC82FF2FD8E50A99CBF4A0F
2DCC6B2B9018D9DF25C4D5A5C650AB28
716DC280495F4E0EB9A1222AFE0CBBBA
FA324BCDD18BB98469999ECA3B1E752C
5C18AFF24C0603CE4AA69768274D9925
F57E3661EB076CCCA40F97AC64A9DD1D
8D2228346938C157ADF8C9638E61D31D
179038692635E82EC39A78DD954C3E58
0916645DB823C977C5C150D6A9A97A41
7C00CBC844FBE520828C78E73FB7368F
0432AF0D9D7FF78BEB9327CBB2AF2BBE
13060F78A4EE635F938C7FED9DD3DEBD
7AB035B0FE6B564C6FE7245515A6BCDF
8BF0660F479274D59938E6FD81F53A33
BB28D7C391A6E001361D50391F0FF953
A767728347087A77C19879016603747E
32145E813D20F6A58707A7AB61CE8AB6
E5762E3D6972B20B177BE628A319F103
286D0001A5ACCBF34550CCF6B1472CF9
2FCA11E9D4C3450AFA7032EFDCC283D3
663A06A117C757CC986B7A8C7C6CFAFD
DE76762702652D90C7679FA85EF70D2A
4F809FDF0207E03C15D695088EC41F51
C67B9CEA34CF7D42C7F479CCD60C6863
82DDE765B696CBE528F5E2054511BA5E
102B3B779542D47742B002464031B116
F1449D40A8B6F2247FAE7B5F96B73526
F155A8D83F63BBF8F7FC7DA57BABD68B
AE6D718AD10121A1A8683015CFD55780
7CC0F08EB6CD72F8612A5AE652FED4C4
35B9F627B4E3EC10D457437514B69932
B93E56B5DAE598AA357D2083BC022E00
C24DC36097092C336BF39C4A8B0DD1CC
CA1F5DA88A3834129F73E22B360D434E
E4BB1077CBF4D17B5C1B25510482B18E
FC9CDAA81DF6B0569E2B9CC258FE9C7A
5DD90F481A92A17ED353C2D9124998E6
55CC3D851E70CE312E5E9D3386547DF5
BA2760DB10ED8BCDDBBB480575B1983F
5A9CDA0AF65583CF2DCB5742CAEACFCD
8BF9A2EEF30EEC0AD0B7EFA7A98000D7
5DC4B5AB80688822A79F84C7A761A570
D611F8C44F64E7669DEC7BE42722222B
1AE036A7F7149336560C747264C36DED
8963E2C434DE1E7CAD4D5661D2606F84
41C2E500EFA1125FF08B377B7FDB51B5
2D1329FD6C9935D674196976BF94BD08
9B66D76C7AB351AA89FAD86299D87CA1
694EABD2525BEDB2C3F8526B2EE51896
62935470F68A8DEAC4F3FC86AC29F30B
A1FBA3F9D1F591C11A2B13E4FF2F7BCA
C4C7D9CA97CE74EB27737109592C0A75
B986F3D0E29F922A9C1CF7D06AAE4593
7919E28034D6ED90C4D420258135B194
EA75177DB1B461DF6952321BB2CE1A19
19674732F34CE7277688255AEEC994BB
BB0B00470667E83C1633DE2598E19DDD
CFD995EACB750318AC3A6C2381207E15
F8B042577E0AA1BDDA31ECE22B960EAF
92F5BE1C14384EA17C0F472F1AED490A
27CEB3B66869D7187471E5853B2D43AE
7FBBCE4263EBDF9216D4CA6C8195CB00
D7B3418D36AEE178B25C73E80ACE75D8
CEAB3D2558CB9C000389FC033F373C86
6E0CF9185CEC911CB34723E7D9DCDC62
0C3F303285C6AF4EE7F7179526269708
AD477AAD63A3B46D62482D56B991692E
A69D1EC71202CCFCC0B520092BBD170D
3DB20AD170CC656DECAA10957BD1294B
CF8C402099282D46A8CB0CFA8036B04B
A0DBBC75A0A145C3F453E097BA76A298
954B15707A70620D48084ACFD3048889
0A105B10DD3B00A2A35AD308AD8B0FE9
811AE5FAB69A5C04BDAC2387C5845A40
0EAB74A79ADE9CCB92A350D38549FC9D
AB9459D5C5BCB397BC07D2A0C78C1195
ED383CCB7873CC66ACADD935021F8F42
33EEED048EB2D49837A98445892FB655
3DF4372DA4F545EB5557EEF821FD475A
ED382B4905C148EBF1A2904D32E6232D
F03F482C6EC483E2A6F73EF9B3883BA5
89DFCEB7E010D7E36E89DEEC12C64D57
C2F8B0D68CBF3E60B0109DF092EA7A67
3462C55B0F0C434FC4FD1AE597FDBC2C
B07F8F3D878034084A83A93A6F7373D1
A871B2BF20CFF91DE5BC1FAD08642B99
00F37DA3AE791FF58B04A9FA6A0D8C76
D7FFE158112347A81A98E793F39B3DB7
8DC7AC061FD6498CE6687B22F0BFB539
CCDE1FCC6E506438BCC257D7560C6CAC
11A4FFC95059CCAB222497BBF9AEAFEC
F10F5F8C50AAC588716FB7583C2EBB2D
CD2BBAB8D7E9080B2E808CE1EC414165
F48CCFCC3F753A8ED4957549F4377EF9
D164EBC52836F9803AAC54A01F7A2C13
41F5F6431C68169181A66CD1A32CEB20
4CBDC35719C6F3F1807CD3974E1D0113
D628B1EE31AF0CF9183BB64830AF82AA
4E8E5AD1884131618A5ACA4B356DCA9E
2284C6F503287F98D1DD5B255BB6F03E
33B37567865FC547CB8622E062111666
5349F3508BADB515C5409A36D56D8BEE
6618E44F56491F45370DC1C59C704700
29DDDB5F6073EE235569F04950D3B135
BD9DB9B6C5DAD623A4BC83A2E47E9BEF
D5CF074E61CB17587E5A8986803C63B7
1ABC258E2A67B1B0E2E2E1E40C71E413
7C0D8D8E15CA159F4E829052AA4711D3
F8DE2CD4ACA780CABA99943C309D3085
32B95BFCBB6014AEE2122364F2088F22
85C6828A147615B19D73C79167515AAD
026F97B8048B767C7AAB130EDC8172D5
E8F68840CAE1C4D5FE731111F83F6D25
736F3DC7652E58DABC8469087606041E
57B370094523D33B3ABA521BEBCE03B3
771250239E08CE40685E1D627BFB5FB0
483788D9781FE1D4FC344869732F3DAA
5F8591FEBAD86E741113EF096478FB41
A6414AF7AD395C32436F25A96D5905F8
B160CF72BA4AA58148740DF01688559C
D74CBE9B15DBF6F16E17C631078474C3
0414245CBCC49A6981761CAD6D83022C
EEB201B226D1C95D0D3CE9B27287DE75
9E247B498C42352D33D13364733DB89C
4C26482B404726817DDA81B4521CFE59
4EAB5C38A6F60271538446E8B74BB62F
8F9B7DFBFD3B2513B8D1CA43416BCAA8
58CABB7D36C559DC233AC977E294906F
DCF381B69CA41016D073993E287794CB
7E325998B59DC280011DDA5A6B55D31F
2B32F54E20C7725BC10CB0026B5F85F9
8C56BE15F735D96E7DAE1429A5AC89D5
E3B89FA1CBECCFE5280E53BFA91548A6
A96F068E9218C94732EC656FC8453E8F
995D897BA848BE827FB03D274771CB39
3524AAC765C05F2D4F40453A1A3003A3
C758E678B0BC9B88D74E66C0BC3969C4
0CA83DB01DF4B516F888950094DF7101
625B8642D241C81FB2FDFD598FA3268E
F9C5C62C484F86DB47BC9D9E1441DB51
D42A9BF8F65D92B94CFEDE06F8FBF8F6
04D28B53529B7A7B5167AE30B5FBAA11
7F5FF141814A52930F2B6DA6E2DEC5BC
1766140FBDFE4EC834B3E55D4461AAB5
DBBE125E49DA229DADD8A8C978AD07C0
9F63EF7714F4F38DC15CCA54F37861B8
A153C41BD2F5CBEE45C5EE8DAF8901CC
C3F8C09BB04FFE7ECB5D17AF2169CBFD
2CA6A2CA3E87C3E85AFC84FD46B7F5FB
4D412083534A80F899559907182EB584
850389235CC66D3EA2BBB8442E0F4EB6
00D51536F0E3E905497E1C7E90CAEF6D
B8DAD8507532C9A5C87970E34023C26B
B31962B6F4A7591D7F8B2222CA018B6E
2402557AF08BF1B9497C55AAF36A0A29
D3ECF9F1ED55445B1CC77B897003D00E
BDB19499BB9CA704B574786F88F80A09
52C811129BDEAE19D6D22E817BFC80DD
1892D644F0A920055A13CE5FAE45C31F
0A285270531676A5C35F8573E847C808
3AD0B6D696C695E31899E9BE89BAD5DD
63827713B4EDF3F51847BE4B93EF8DA8
89127D470546BE9B67711F3AA583EB3E
134C6A0D11C0AD9E962526B195E9F4FB
F51B109C221AAD0706A94A71D6036F21
70559C36F741A01EBFB8AECB195354A5
9B22C9157D123F56AE5ACC8AF308C075
A88D5E8D437C2FF10A922E3A5B714F5F
278EC66EEBAF280F70CE7F4F9E7409A6
B30FEE140FED5A76AB335730B0B36E38
B828DC3592D9196E7745267442ED95CD
F802F2256DD687BDF70F5263E735380B
F52774C37D097AA79E1C3EBAA135F48D
BA6B6491FD932349E1CE7302054CFA4C
B967A70F5EFD102D1E95C7627C66274C
5DF74C301DE5989AF6132B2C999EFCA5
AC10D6ADE4AEBC56732413842D394A21
9444CF64889BE533D364E4D36385FB64
73AB88CEE3AB766C315A4410D5287CC4
C144D046BA209F2CF93A7ADF105F33FB
59686889A60EE22A46B164B12A95CD29
EAF829C6A0AC91F722072F427F6565A7
25140FC74D35681765077EC9DD69AF40
007327AC4FAF53B9C4BD2C2BB1E429EA
4FECD1D0336DFD95A265AE445DC22F47
E0F99A3B6443608C141F38145FD867CB
91D6FBDB54C4DEC1B2C3BE8A9039886A
66D4F405F243C3EFE95C66BD4012A6E2
C7B73061E6BBD4DEBD00C6124C82F6B9
6D42B350FB7C47C7E3523ECDE5F50AB3
CF2A48047FA4D3D08EABDE28A0AB385C
CE33E599C942AE7B9E438055AA905082
F3014C3ACB8714F025C2BD092D4087FC
BAE419AFD15E1F4BC997A85487F010BD
75A6CE3D71F24406C542EC09E930E392
27711A4F749139AFF8050923A18E5B9D
13CEF926928ACDBE7D50F3B88C25223D
6B1F05D0BC9CE438EC4FCC21090484A1
FB9DB98BA87FC39151EBD8710CE692DF
0D46D0722B72D9855411F935C7193312
361D56C4445AC58E5B490E008E4B39FA
F0B3317C2374DF9DFDF203C57D0B6D11
38121C81544640A2B18E71AB2B4456EA
46423260EDEA37E624E0C5214F8F9411
01812876E44804BE72D17B4B4803D63B
4EA6F72F52402E1940629475F6DCF0E1
F949ADB13E7FB84F53A53F1DFF895387
AA94572F32BE4C718F2AE00060BD21EF
78BD50E08417C3D7E0B8EC5CCC254083
1D9E8D5CC11509C0CA5F4A256580C25C
44AB45541E8E726A0C132D69E56EF435
DD707FE0C279B4910BBD0AC7A20E4F0A
906F16422F5D859650FDD6A389D32E11
A2FFA438B9EF96C9039895EEE87FF0B2
910D2755B8DE296AAC2CD13A592E2C80
49D23F9FD1E22108E4599C67C9189AC2
7B53659533EBE52BC450F575E17975F6
3040E6361C1BEBFBF01CE2A868E5C60D
2657F7E7264C315991F34D5256B12AC0
8BB7766F42331C41FACD48E0DF380251
ED0DFBABA81E31542AC7C98CFB41F7F3
FCCB9EE62506050C0B9918F1E6D0FD5B
DCAC3DED1C5B52CB258496E42AADE06C
336B560FEB6C16B6523B98EB4F0975CC
D58E42FB43F12BCCDC4D6112FCBF9EE7
03ACF0F4A5388FE2BBAFADC0631BD8DE
D2DA2AADFF9A07D043587227A2C8FB4F
AA18B9C592D29353F2D73B6521EDDBB1
FDFDBE6FD825B3E60E6DA8ECAEF2993A
7FBB5BD6ACB8B833F233DC71DDF91135
5CE522D73A204B0C215B5445C5CC29B6
588D8F0A53B1E822DCA0988FD29B97B8
EF43B5301D421E9F14B7BA3A3A38E4A9
ADE7D367F9A53BB6994295B7A2247F9A
5873F811DAB0D4F176198C31805C448B
1B559E133FF96750933D8A44C238079A
278A46545C0CB08CAFAB37EE6B5F51AD
6CA75B79B592409E4BC222238A84E49B
7CD11F07AC3BB50B4F2055737285CBD1
F449788E4C58943CF20D93D698907588
8F5DBA691B336D24CBC0D51F9D2A8303
B3D38AF35A9E101DF364A9C9F95C4E22
7BFF933A1C775E17602FC362F4EB2974
A235CA291767ECAD086AC5537B3D4466
5CC7A7FF265F8B158AB113E64D4C42E5
E8E300F5E63632BCD7275B26F69AF147
31554FB0499AAFB6434F88D52EB9DBE7
A528065FD15CAFBE0BAE1BCAB271B116
8061A50753787AB2C7986F755BAC5787
6EEE6E5C4B160288E169F02291992929
50FEF4D419CEEEE2AFDC386D418B8796
2F2A0137E7B6C16FE439FC388037F708
78670D645913F1EB43FA2EB5843B0FE8
9634C486F0F39ADBE53EA1D371A43926
E2E1CEF7CC19816186A81F4D7DF58961
A963977D8E7F039064224EE6DD531876
A8F2E24EC0F2CA53B9D13B4588DD330F
42B182B825F1C17E4746A67F8A8A3643
7B95F01E593AE0F3013747A6CE983DD5
FE24D503B45B4A4EAB92A9887356D754
90AE7885C780CD382FAA019C1322499E
9D85787077FB81B6A06FDAA221CFF5CD
DC68965E50775C02845E7B0399A49BAA
E689B6B3574E4E36C1A443C6B6A7EE6D
F1A6AB7AE384819368B8028808383809
BF2429091BB5B70BCAE0D0D1E80B9B80
A3131A10452643068B973A362BE84627
2CC98DAEB664DAB6AB1EB12104F5C082
FDA0AF4BFFB6132F66285FF378278027
E91ABC4BAFC2196EBC7EC5D62628150B
719502C0EF9F5CD2B90D9E41A1ED4B20
2B809FDD3BE0A79454901618239E8C2C
52281DCD7156C9D431A46779AF5AEC15
E6AD96012C7B43D9F4E7C409B87A6E99
4CA809D90121221D3F9A05A5DEF8FA61
A1A26FE6AF0839ECF000F0CADCE208A0
1D9CC6AB5B3357EA8E904223EB41CF59
EA81FF6CF7844EACB8C7EE87D65D019B
ACD8F251F9C2526257E934CA7087BB41
23402E31DD9423C3C9E741FAAFCD9AF7
0B9D33911B35EC40C2F3A3999F9B012B
24F7CD951735B11C0FA689769918AC4A
06D0B6AC56E66FE8953A3B8CE7A27538
0396FC8DB2D3C08128F9A17E3159423B
9C8DD4898BB14A6A0C4A17E3A10CB182
DFB597B1907183065C2FE99EDDC45448
F7D08DA781E87B037D0929EA631A5D12
81692AF52C6430770EE2BCAD0BD9DE8D
A7F2B55D70B7722AD930F18DED00D539
988785007B5B131C89C3C85683790B6A
9482FFA29C6241906B9D717037F2BFBE
A9D35BCCC42F3808E75DCDE408D18076
5A722F34CBB0A87D1CE67D84DF56D417
A39435ECBFA85B91468ED7D94012C458
4D10CE1DAC82445306E993C76DFDBADF
FF6DBF137F8B03F68484454066C02573
3E2E11B5CD8A1D07CE152AB8094B7292
DB468DA868582A128C563F9AC85EE5C5
7AD09E6C2E2CAA0E701CE6D45AF5F8D2
869E7A72DDB1C7C2C3E2C1A0EBD029E5
9BA3006D144EF9AF4AF52E35035C1EC8
138281DFC5A56C30F329E9101CE2BEFA
70C3B123863609EE55BD407E3855374D
82D75A94568017375F1C7A61EA72B96F
2F7252B7FF2EC9A653B5596001279580
4F8C043F3C32927313AAFD5A7F54CA6F
9F9E7535EF9DA2F1D029EDC91173E998
C251E329A7CC235982124FCB656EF0D8
D168BFCB4B29AFCDD0BFBE99A5AF852A
326AFB25C06A4D16FAD56600CD85E3CA
2B90AE3624740FE216F7D41E042A3265
B8E7ED89AC6DFB5195E069186DFA628C
E7496F7BBA2BC65CD164DD2E275BED68
3E7C1BF0A5A68BCBBE597D47DBB8964C
761FCEB89248C6B65FFE782A9806BC4B
5B57EA4D497A3D112729D6474B09E6FB
94BC1D597626B3B25043EAA84FD00354
2CF3022DFE0EDD5D7A22E9FEF267FE42
19DFC67DEEC62BE1AC1D4D635DA65F23
628BAB3FBE3E596D4453A1352B489D5A
24B2535AE8F25740F8C37755D41162CF
E2473FC19AF4597F88E8F166A9CACE4F
B12A8C966AB5EB8AAFF08E934EEF1215
AC0E042847AB65A0DFDB33AE94210E14
36E3379CE20A4DD1E69DABB34F7B31CF
06AC575869FA7EF6C973F318551E90C0
5199531792FC23243A0703BAEBF704A6
B90674EADE3F66786879D6066A287558
FC0C35C6B4F97C4665555B8B3A816C42
6841A6B4B740741B8F045116155AE2F7
1EFD978184F11FBD6271B712B2FC242C
89A811CCB7473E8DE7998C822FB477B3
F79278EFA5278D1A8D7DDBC62081B20C
1EAA76E12D0657BE554407F4DBC5EABA
9E11621295F523A3C1BAC5E0EBB9CFFB
E411DF8F031F8C6B6254901C6FC81CCA
E776BFAFD8823B68119EE81CA92D534F
E1C27AF17D72AEDFFC74FC7E26105980
A2A3F7381D923544BA6EA62EEF12B7D6
BEF085432A55425568E5D4C12DF80F77
83EDAC64E4088CBF31839C3B4951BA73
6A6C63D932C00F583BA06AE96C9BF59E
695DE839DC0A44407C8A7489A835C44C
020CEA74422B6F4824B905616C5AEE02
7D83197EEC9405051218401999836C15
DFE989F508F9CA9FE6172F0E3F05EF4C
817673C55FF9F8B811AF43FD63546CB2
A2FD10E25DA9D6EB12A6D1BDBAA212D4
2ABE818DE9A81A66D0EF5F39E200AACF
9CCDEA0040DAA2DC9A90ECBBFA93A541
A3481844A0F2099F4D8F57A5F21E3558
C5D7C02C005BC50F0FA2FE1E97A36484
2846D4E884158A6734EEF5E816B8FBF0
A7F4CF5C2976FE2866AB37806B5961BB
9FDBA8BA0EA12267BD335F461CDE0834
F67FBBBA9993A7ED5231A8E5C73A1145
118242DF21DA8EC2E81084E6DBA7AA11
B091427232E32DDC945B37437EAA313E
5AD945DE5D2A9A7766E5F7B0824CABAD
65008127775EDD3CCEE3EDDC3B7CCCCB
D636936FB3C71212F0009C0869964CB5
959B7FAEBB77F13C582CFD62EC350DF6
551F1463A7F77A59C49903B14E4702DB
9783C06FA5B625FA80B0799C46E30C57
9FCF7E654FE3A3ABDC942D2F6E3A0278
16C9EA2E5C59F55A2B17BF0917E9CADC
FF957F0E8DEA637A6B9D0D4F3A47F852
081711CC2F987323D231D1B46CB493D3
42FF18172644674D5F66E5BA2D9B8348
9C5A5F58B4F5BC17D09DF961B188CF91
6791F6ECD3B7E489015CD41BF0693F93
7508F2E63014910F7EA27E7DDFE6F6D4
3D95FCDFBFEBCBCB611197A3CB21B735
C7ABE0CE47EF551E0023904495816806
89573510FD2ED5E3D6CD2EC15C001D61
0B15CC55657B86DC29EB58459237CD00
C2B7C998A69A970604EF0EB0F19D0098
0458D4C13E42F00C77EA47E0BE58CE38
F63A8EA71662362BD1FB615B16BE0D38
E671672D3328143C748F163BCF5669C8
2B4ACCCF16FAA010D95D938570FD9327
83F0448CD3CF86515710CF88212DE643
C34197EE4788B995256FA901C47C082A
F7882AF31272AFC541CBC093ACD0D1E7
832DE1CC484B1978CC6CF9DBE3AF89C1
FF9FC5645445B1C8FB0F963C99D18994
7654810966424643B4E6E27962F835E9
6BCB3A7F158931882F62FABECDFD57AB
BA480EBECF0C2A5C970D6BB8053D0E60
87CEEAF6AC9697A1A7985A9A5F8A3A01
64A0B2B740A7626DE9ECF7A31A0D913D
71B9E26B677F74E32CFD457F29F1FD3E
B81B389FD03398DC53588A7DCE9DE165
6066FFA54EB921F4E2AD7F9ECA04071A
F8EC27B6CBFEDCA7AED47474DE90DB5A
9E4294B4A9A232367441F16C275F2388
F4FA9063229ED64E4166956D40C321B6
71B8BC38C2FD4EE3A1246760838A6B78
A806B41D3D10E1A49B21C925F01DCDF2
FF998FA9C9D9CD033306D63917177D8A
95C3C47C2EB608BD16DC9BB4C2A9F4C0
4FEEFE5B4B5998EEFF11683C80E71F58
E6A936C1C6E5A24D1FAAE5A3535BCFDE
AB656F13FEF51EEF5C5DEDE532EA2FFC
C497540D91B8BB7CB00EC3B4C88319F4
DC5CCF4190AF1973F825F22AAA65B9A7
BF337998DAF5467290ABE6C86F0ABC90
444DFE8C90E5D9D8D9E34B1A49E6F9A4
F0A47459C3793579830B5FCC0012075E
BF194FEC25A3129D803A949615E694E4
49B5C27F55ED393D739CDD28080BFFD2
0DCF322D8C4ECEC4974FB5DB9C54D021
40429ED86FF0E560079E11D0BCC57580
12B811C374F7978872507EA1E76AB56F
CB759C63329A5C0493E37382FA30D7EC
F3A5589FEC813D8D9C0498D99C8DD19C
3E211F4EEEBCA41F54909FA3EC6E288D
AC3AC69D6CFA76145490F5E3C23CB0D2
460A4563B319A2E52A1481E25894D546
8FAC02C70365A23532E32BAE0C3A418E
5A786A60703303838885FBC627977586
DE22CB8027FAB641CDFFF7163AC45DCF
32FF822A296A9CE59A9C094588ADDA07
2FDB90D6E8E49C9C7AB14CFBC4C912E9
D13A67298828845BC0B96E0A04BE2E22
853A07D04B54AD72F8586C05D6CBA2F5
7B664FF50E24289C46288B33817B3599
8C0C04462BF31763F86CE3C98E11BB56
7B7A6FE973478616C5B853ADA2F9EDAA
46A26FE133994009B2257D1BF5DC0208
E4589DF2060614553FFD3A391034A1A0
62189EC6C2F8B0F5A9E3C047268F4434
F8254CB9514D1E6CBE33591D42D23388
A1B34272E469868051C6377E0941C000
86E665E507C8141F0D75CE48188D55E8
9332FCF75B2D7B9B934EE1FAF46F4476
44CD0F6482FABB34CD360AF4A54F8299
9D52DB346FB117A54C6C789DB3DE1CE3
2A4C7899432BBE7F06A56F2A0077E5B0
7AC32D8AA9A73E2AEDD99D1242393574
A141C4A66D19484B1AC93828B1D53FE5
7A6633DAAAD22E9D4180594E927BC11D
D5E51F9A1003926AC62011E4A424E7EB
2F53247CB68B3DA981333BA870B73CEE
D52917F6F9B858F3B1118E6DEBEAF83C
AC049A0AE32C747EE2CC0200981F94EF
FC9AAC704E4D9557BF07800140B64613
3792FBC7CBED4DB8C062A61D93263FC8
3329A126CEAD6C336D36EA3039397010
91E2A9338AC35AED243C766BEEEBDAAC
AA92C8FBBEC8D2E22D36726EB8E49D72
B3528EEB0942EBB90D23B353C101B0B8
1F2829253A056A734AFC2493745C10B5
930474E554784CF6302C1EA984AEAB98
71E9804783CCF4C9AEE2446625E3FAB1
7F719815FF690C25641EF37925FB1F76
959D1825AAE108F5E4EE4059E3D18901
ADC3DCBD07601AC2B562F4A4FA9BEB81
B0393F76F2E6B6194E98B56F9C546B6C
4CF1AADE55DF5A05FFC0A88FD8478B0B
C5651CD02A81CE56695CAC3A2A23C2B5
E9C8FBE7A3FBE6712156A438D05DCB78
E767AA8A26E0394E3B916FFE47F4B4B6
198B0BDF53913367B6FEA5ECA169ACDF
2280EF6F0DFFED681C0A45A0A363BD61
8EBD070C6ADBB1900BD778D4A856F401
318764814212C30EC56BE159440ED0C3
D0341CE6A04275DAF53C3CE5F67EC260
F3D6CBDC97CC62F0149C291BE10D7479
DE1C33DEC5258C765864441D38197650
7C0FF57667CD5D888B75053329180AD9
7F55C93AC5CF90C85A6BF5169EF30B09
711E2F358323904C1E647AE9543CACC2
8BAA435B25592C11EBE934EC5B74BA61
2828E2AD98BAFE71BC8A8B6917874F14
C94A8BF7C8CAFA5DD1716CC7D4854E16
F8D71D083CB5CBF3978BECB0DB9E194A
FD4A857B6E48658DF5BCB8C8DD5B0756
9625D86229BD4640D556CEF02D7EE441
FFE0A96B4922E388DF6F0BC19262481F
99F80A70E921357A95BA18EB0ADA9CEB
8C79CAFDDB10521AE3758CC832263646
D50163EEA96D06749CD90AD54485A96F
ABAEEE811C80A6D088C6FC1FF222443D
2A5B215BD2B6D283A20C14E910A34D15
68CC25C5FCD66C19D295D247874F6FBB
68264142A7264756BACBFD5DD5D107E8
007B4CD6A06229E61BB71ADEEA188CF2
9AC50E21128E15EF2908B9A9B4433F23
7C2F97D8782FF19776AEF162AF278803
A2F2E1A2F249448EA0EE214E2645E490
A27D793979BEA9B653D4EE4EBD5DA646
A05EAADFC3FA6235A179C6E38C6FACCF
FD2E989F1A0BEC9CE81C6CC5986406D1
8193E78D298D7DCBADF0362597DC076B
077D0CBF717B26EB74BCF2B3554E75E5
CD1EFB8BBA72DE29E2A63B74827BAF5E
5243367370259CDE9B490C2BA186D1F2
C62315A9322E14363007610969A0FB1A
21F1B0C568238D19D4F46C369E2FB000
FC710CDCD65F9CB0B654FFC70D423F3B
68F4AB269C312E3EACDEA1BA14F22C90
A1F7A8341C1BFBC16BA3F07EF16115E9
17C0B35F4464FE68028926E6C3E9B0B0
036C3F7EBCB001577038724B46C772B5
949C405725BEFB932D1035293219BD34
0CA449D48E33930CCAC5C7B47385252F
A6B516B368D574869B495D4E4D286912
D96C2A46FCEFEE38D3B5857C8182F8D2
028C3818AD5DABE1E91319CC4FFC6F0F
199EE52BE64AFF102241905FF56D977C
93B6C0991B6F70B43A8D5A1D83C0A95A
C133B3F3F24595C7691147E1C54CBCDC
C8D2EF0C641553A5FB8E0055F456F81D
7A40E3AAD520E6788B4A121675A5C698
1FB770D60FCA65796F063C9D645A49ED
8A556D154EA514F3C8D6FAF68EE8E4C1
3721FFCB470AA12F8BA851AC3060B781
0C6E7167A6C621B645A11F35D97706BB
6F8BEE1C817700091C43E1245CEF36F9
09EC39D15A1C07382094C34F656149C7
D83AD6F26F7CBB971A75DDE5858F1D6E
AF0393FF3F0793D750294A65F6BE7113
1ECFE092CB24838DAA72017DD5475BCE
DB9D57E44A6E436D9AD0AC59DB6F7680
DD9A5BFDF928E4C44349028DF836705B
E44230592B796C4A3547415CEA64C6F2
026EB3906F88EF45223297BB169947E2
9B30B57BF54CABA814967AC6EB37923B
3A669F55A072BAFC47FACF0151DCB021
0990285E74908677D24C4C807CC9C01D
03BB2D2F6BAC3104714ABE05E9B21AF8
F9FB088452B63CD2041DBE38B4ECB2A5
FC7CDBDD7E39D6D1A58C223AAAA0CA77
35C53F6813705A68F10AC20D3FC84987
1F32E8C7F623637B69566781B000C360
3BE9B2EAEBE0EA252B8EC07416959FD6
52908AF82683DEDFCF1ECD241A96924F
07BBD009AA2B883FBBA323CDDBB1931D
E915D2E5364EE1BC2875D29798332E96
05C632F563C68891C06F4CDE4A654C9E
B9FBD634E3D93BF3840FD448B2DB0C2A
E60A8C74286E8BEA32092487A054F957
8DD57B5668FD053BC0052922F31C1B52
D0FBBD75BAC9AE254E1C8E3F4F779413
E8E3EAE48516D85E9A56489B0FD9D4A3
2A5A99FF0AA74F3C0BE5454741C13B1C
A9CCAFCAC305279DAE69A818388AB077
9509F49BA9DCF4DD0631543D3832B322
776B76ED28E8962C27EAD69CDDB5C243
AF337CF6607BF24CBE4AA6A0C5441833
1BDE9F02CC8C3111CB0C898D97E7D39E
E750F7597720E60F55398D865F3D2280
789D420E75AF900C1C1B5D9D413E5C46
B1E040ED3970B3F8ADAFE4CCCE556293
E20B55BC0209180DCD7A7C50220A34F6
C3343E1FB836F27B18F4D4A43577EEDE
5DED9353DD93CF3D21DD684C186FD6FC
E44A85C933FA4290945E98DF4A3C0C2F
D41755A5C82D60272EBAE609AB5CD4F1
9F0F15910B134EFF154134610ECECAA5
A1789EC5EB356CC32DF63AE39A488606
64E9005A9798FEBCA022A61A531A2613
22ED25CE53D5EC07725B0AA683EE33CF
1563052D786ECC74539F640E1C8057F2
6C7FED075BB8B2666B06CE3172AB063E
2EE5424D332AD8F8D1E8336FFA8C2C0C
CF9C1B55D72BCEE054BAF087C3D9B574
F17EFACA019A463F0A0FFBEB0200A4AC
C0E30CC99DE102788CB942625C3456F2
73B631839EA0D506C52FAE73A33C340D
719820D696CF7732B44174363456163D
59547109A44132810C8246732A9ABC30
D9D541D40F09AB0214027C4F66CFB0D3
E755DD3A9E9CE7941BF459C1F4D97203
DBEE91C823B92304E16DD82AD88A3B3D
ECC9CADB2C472859F112075E4AC594FF
A47D354D42D08053652E1AEB4ACB03AC
4F294F1281C20286009B33B86749ADDB
788B067B8B441F7EBAEB3DF78BA33525
C8FBC806F20C5E98B19B2F0367A24152
AEFD6B83FE6ABD1FC7877604E0B0BF08
7032188EBE27F7CD902D8E4F4ACC94B9
594726D63BC2B0121A6FAB0049A89147
5E190846D31ED297DCE81F3E4296AE33
63C7A7316EE3876BDA6CCA9E1277627E
F5E6D4140C53F9AA205B3055F97D0BC3
CBC19BB372BC65B5CA94D91330CD79B6
44EFAEC48A1A4F566ACA4CCBE2E725E6
CE962A5F0962516470435A6B502FDB73
D8EB60F00F050564686355B83B8E5339
FFEAA0B62EB27968F467544C5805E29A
2E6859AAD994B6CC691BBCB94EF4EBBC
5AA3EC9D34F2D71C942A43B3494459CC
3346921471796ECEA206F0AD3EA99381
A5E5CC2BBF89FE514FB7DEF067F10BA2
431F2988526DE2890F54F27591F89270
6A8365CD72B09C00E13F827BEC63FF83
49E7439A916B51A1A230F83CA016D478
5820617EA586B60A8864DE644F23CF3F
2F7FB82C82E3118C5D1C3E4D2D2A3E74
F957CF9F521670C2F7F74339F314B0E4
6AC05C1CB843E2E729210131354FC4BD
CCD6F28657E40008B18C7BDEB96503A5
5D25CA2504432B5FC775ED4D54C04605
B7B7F1A65F95251092A5A624DCA3D162
424F10C44B50E84510BAB2908DBBA859
B32461B62F6F203E9648E374CFB0935A
753BB4D13EB64DA66E7D421D8EEC5FAA
1AC83656FFCBD06DD9A14C12E4C85562
37B702A6EEC1518E8EAA1D19C712FC79
CF705F5B59CF3C0BDD3E9B9D72C06EE1
C4448488F2104AD24660A97159D73D4A
61DC07A5D8DB470B0BC0978BC25526BB
5FF1935168F54BA95CE5577955993679
2AEA3DC25DF7DA9E77C3A8A750C39F87
FB14A4ED1B87B0C5ABB772734C2D9CDA
C9CAB083E161FAC90C35A9B168CE913D
BB300A52AB3F213DFA304D798F6AE649
8B4C623224140EB2C23038D75D3C3CFD
881C18DFD6FC3AED675AE6A60629CB22
01B3DF514F558931B0E86246E46909EA
B0641C89B61E57EFA7E6517DCD5B2F67
9A9EDCF1EB0AAACAE77E66C12191B26D
33C4D43F1ED73CD3BF8D9788EF6C1025
9DD563052CFB2E8E4C77E61B5BBB12CD
E1EABFA2A84BDE99A44B92EF6B7291E7
55DCD6B06EDA1126AC1C90FD13930B1A
30A014A9ACDB52BFB758535CD9650DC7
1F2CC3D8323D174B84B4D9DFEC39FCD6
64DC8659FE0DE0F81DBBF641B320E22B
32718A5CA873DB61088D4AAE6732EE7D
067FCA989F107C2989310B0029C18F61
F58B1E73B2417D642BB3E622FA850EA8
738B9F6870AA7304434D0FE377162AF7
2AEEB2518A02E498F94CC10CB0EA8529
53CD95A76A341553A4050AFEB302B546
FF0EA009FF9569ECA67699201D14FB6A
42F572E43B8319424910FA5F2C8182F4
757E57ACFD1D41707AEC3F4E55B5D9BE
88AB2388AEC1DF914868D66FB2B452CA
F5AAE7C7B09784D7737B4F510C7D35A3
4C5460B3A81EC8A2C8184913864FB8E8
FC38EF5215E6AF3971979BA4AB56B04F
7F3376BFF20AF0C0D37A1462E958D0D5
D1B8B89F5CA9AD351B8AF9FC6C90FE30
EB8112BB3D1837B33A59E4A4E034D2C5
08329134FEB4A834055E085E9ADF188A
02FED8DA615DF67FAC20B520FAC4ADFA
0E9F7C745BFDB76CF2F999D16EEA73ED
4BE3930875FA5CFF3483D19DC453F808
73C96C0508F242490063E292F55FF7B5
D37A6F90CCE1830CC6B2404CC441A8A3
ACCFC391D6495025B13A0FF780D658A9
1BC9718A7D950F11009754DE3A399777
A3CF07B8531995397B5911AC51975DD9
B377B17C00289E9C8CC5D440E4AD6DB6
A2827C1923798760172A29AE48F07F30
3544C15375141CEB2357567849E9BC75
C9003A7752FED5CD80C83274AA6CA3C0
0F0731E467438EF1CDE20D749A9B7779
D61A3EABE47F8ACBA88E915B95E6DF9F
47A666BB864D10AFBC8330DC1CEE1E74
4CBFF34046CD1EA2E74C78DB9DAE9C52
03ABABCA3212BFFCB0F88F9A069E5BC9
F89A7BEC178469AAAB4585011DDB7A79
9E37132C60B6086F5A26BAD7C6CA966F
772D689D6FD97B87A1B7C0A4A91E4662
BDDBF384DE24D7115282BFF33212928D
6C0E69DCC69BA6A3C230CB8A635092E6
00DFC2DC368A206DC07764B8CAD48EAC
78D38AFE147983A70E77B4C50DE30596
3C139959A57D0CAE10E11EF6CB7AF328
418C3A9E847BB7BEAB83DDF2DA320631
06ED244975F76EFB984E140820FA10EC
4466426D53A7624102965B34C63B6928
C97D47B11A5FE66A7D7F5DF7539FF4C0
98911D8A1D1BA5A989F5B842C15E7E9B
780FB0BDDCC519D3AAAEAE8D86BFF924
00EA2EDE12ABAFEAF0A54FE3917D116B
F33FF0D3B687D2FF37D0C887E01D3B2F
D574A2C2EF6804D0A2005F21C57C35DB
3E273490E9F1DFA1E16A8BA02DC8AC7B
F6DFDBB2D825889455DE926FD2A5AD0F
1E71AEE02A09CD5E22A780CD3832078E
4EA1876EC30A11A5347A05E788722E29
63D33614AD35238A61033AED994B1320
E0843096283C8688042F470E35E398BC
7BC4FE4F4F7832E340FFC8BD27FCF32D
2B6424AAAF01A2269C63ED9AB6E9751A
62B3D567F775A3809249A275C3DD92DE
31DE549DC0F0A4F33ED2066A3DD68EE6
D806083B283C68ED5C78796192CB6E2F
40C862A50C350D3EF80772E9BFCFBEF4
F6661480560A3B7B740D97109C347862
0C53944D3C7DB11697D0B8C8B0FFDDA8
6264D3B05C2425382FC9F0BCCE68BD4D
CDB8E8BA10A4E92EAD3C3FACC018AB5F
42E4DF484CE53BA6F1BB5D6D656CFF96
A43C01F2B06B0E24E86B163D8C48BC56
4099644F90209578B25896142787ACFC
BA7B073C56CFA1AE4D67C756D78A23D9
7BC69E53BF2D92CEC1D2BCA8EA1D0BC6
D4BAC94DE3FCCB71B49FCB7C8F3D68BC
EC6F1B4729A225FCC38F35E6647AF68F
3E0A2BE46813CF736246BD3290268C12
CE41387FAED2B37AAE366BB7DA3A9BF8
840FD5CFEE83ABEA54F85926CEF9366D
F75CA220947A33EFEAA683B636E51357
7A3A5A583C3ED2155ECD18F4F0D63111
942C6A81AB08F16A197D8173F9A1668B
4C633EECAA84738F966D6D2180F112C0
09DC7210D8232AAA6F623CD59DA89055
7FD455A9B736AF31FE4F6969966F4E37
D23CEC1392693A8E3657BC9C8600F649
49F4BA2D2A788B858713807CE7468D26
DBAA127FC54BB4CC87B96A41F474DB83
6ACEEC7F2A60B279C0880D84F7EC7EB8
160B8D1EDB6CE946EB52656441E63DC1
651D6BDE5E585E77C3761451EFBD7642
EC7CC93B5E934AB1341B52E08C33C230
76FC6027C1BFB10AFE492BE7F4681D8F
817E25C36D58522F9AE52C6BF7ACF4F1
233F3FFC638F149B8B4E52CD1DE391B2
F07DDF296090DE318C0F815769958351
2EB4BF7E9A04784B964BC2C3E7C77304
2175F1D0CC89DB837A150C1E7F9EB234
BCE48255A125D8FAD6C264363B0CBF75
C8BF7F69C8F31511277F46EE8C651761
79CE315D1356B45171E3DDE9282B5DA3
A86051851EE013BBA2C62781056694D5
C1A76F21D0EE2E90D051AAE7AFD4D596
7FA0E789BF8509684F9371A1284EDDC6
ABC29E78450DFE0489E1467F44CFEF02
F8CF3C1EB12B8D881D0F89570CD2B00D
A44A1CFBCAD42467340C74F64A426E50
F26C3521E829E5F24D7678997A6E40EA
4CED817358CBA279F5A4577C3FAA302B
12BA5E38070261D7D45F2276D2A25262
EF39D8A3E3F24F2F8B5575B0419B3191
1C6E7061A0E131DD6016C1B0A4A9BB30
DEF1C447339FDF32D4BE285A3D250D26
06831A19AD6E6722657B3DAF0B1A7397
C7D88A144DD64CBD95AA80E96C0E21F5
8AC2B697273C83478C9FED48BCCE7E4A
00C802FF6379881DD6C3A55A751A5A39
238B54465EF1A22A3BAA0D1E256FD940
2A19021C25E5DA14981A6570706A8E5E
455E3B445861BEA3BE32F357D99AF107
E2E14F6A2AF8E4DEF3FF3B0D19D15717
081E148E17E0294D2EA598D2C220CC3F
1BF578A4B97F7426A992A084207101C1
5112A957CC07493FE4A8ADE3297A87B2
43B4C8CA67A6143688F2AC12E966C444
B7B5EDD2EE24C525D772EBAF84B7A4DF
3318C49D58A9BFE073D4031F0C31F438
183FCD4228D872BBF5081FAF5338B9A5
4E794D9B8EFADFB256757247259FE8CE
6D0714B7183A25FAD3317B6A31E92189
03580F7F52E66D4B41642EADFD21D50A
5FDB1BC27D8481FD0B9980C63DBCF635
F10C3C032C56F5AC5145BFFF9ADCE3B4
5F28122EC2F0A13190AD88540D590563
7D16D5972A945A351DCE530F7953049D
81971CA338CABEB85B8752272D335E5C
4D57E0A6F8098087D340902E2AB7C746
44C544BA883391BF030965473EE9C62D
6F52043E2EE773B01469578E673CFC0A
D25CD47678DAF80707D97673755F11D9
AB6960706DD3C533DDCBFE0E51FE050F
8FAE7C396DB24F6F366142AE63B22B7F
C7C1C3E6C85A787FC64891B77D4B0130
B3F0CE654FCB2BFF2A12598D57273DBE
BA129E878F5C8F331D70B2831CBCB4DE
150E51A252BC00E5010941DA9BAD7FF7
28AB8AD3700A79E7B80BBF8444147E58
FA3B7BCA722D477E09681892516D136F
3DCC58F71E0A77788FB55FC326706C44
ED5E0F0927F2482C37B57CF58986FE1F
F3BD1713A451916A197D0722CA8D527E
7A07F82DDF09885FDC27FF4257FA8115
581FA0E6C91CBA005C592FDBFF5AF3C8
0EA8540673DD9FC8696E6B5DA0E14FD7
40568CA54A550E7204C51D911D4D34B5
A9E25CA50D0977670FF20FCB6B9381EE
807EDD4E68DAC4F0E9DEE1B8636B1712
9C6B850E30CB352B553E36B6BA48AB1D
49004AEBF948B6AF6D748AA0DF2C48B4
2183B2B8DEEC39F90DC2B824CA55BC89
90888D0A136EDC3BDC88C4511A81A302
53CE42CA5B48D6567F145BDC9C41808F
A418788554F5A6AC2396CE2BFC516E26
2D8702C70E16768F44B97593D2638152
D2FDBA9474392BD13F7C8E2A2A5FE104
CCB97204AF9B3CC20B65808ACF4A090A
8C8A0426F6F35E9325C3FBBC349B82B4
AEAA0FEEE503E735FCB29AAFE144304E
FD6358039EBFE18A2C74FA0116CDE148
E1F0F5A945B2B2C46E01B0470BBD4750
47F05E8BE7A25F7F333F05962430BE5D
F0BB5ADD898751FA11B6F84D77A28535
440A131987873AB7C71F4380013A2167
CB0885CEF35E9EF7164D412304916857
F77896FF8036793551AFAE713008BE7B
91B737AE1F5A8F77DC791B67F4BFEC04
1D47F7BC5A7002EF264CE068763F6A23
9ADAD2B9AF8CE0C9182A5DA3D5B604C8
211F81839F1841BD5B14270AB75C6F69
8E296261DA9B34D8BBBD74C550F40B64
B6EB96522528BDC1E3C1689C0791C8B1
8DD36F5895DBCFA49261BC7D82451802
3C52572EEB1FC8D4F8ED5DA89090216A
5B53CC39CE217D430FE2C0F9D29AACB4
A587EB468ECACEE365AC1EF04581E9F6
233EC018D0A10CACB89E6E351665C455
5F9100898CD00519A026E28DF583BF2C
9D134FA433DD6645D1FFEE5DF9161EB7
53EF79D6944D45F16C26297F04E757EC
EA380D67230367A9EDEAC514B5BB743E
5B58EDE1D7012C9A6F17BCC9FF8C2651
3582527EEFFEB9F450394122E9AB56C4
D6C82BBE2CA5B0C3264ABFFDD2AC06CC
F2E5EA7CDFE4561A479AB7C2032B32D2
B88FA4A2880698A179D321BF2CDF5FDF
D191717396E63DE37166E5551ED67448
D33D8ABAA6A6E5E785B1B8D6E725A706
EAB2B3C88D494504BAEA629392DE9B90
E6333A95F8179B321A1548D37F610A0B
E19B050FAAE2F389835F714FFED4F63E
39A05039FE86004F4F6EC886872FCDCB
3B5BD2199E1879FC8E4E5734CB8BBAF0
0AAD616CE237CD9F49504003DE63CAC1
10FEC0243E744C13512749DB52140C57
9E627B8C4E00A2936969891864723642
02A2DE059A1C8BDC48851863DF03007D
DE839EE9D607FAE4F39A2DDF971048F0
3675BA34250214FB707ADB066EF104B8
5286EB7BCA670F73D4FFD5A7A517929E
BDE0EDC42A9A458B706EE6BBC9302FFC
F0A66B8E7A669B77BC5FA36FCDB290AF
00A265317F490ADC08C35D7065A20DB3
E59525DDAA7472EA32CAC4ADDB6922D1
4A282CE788BAA5461CBC990382FE6366
A00BCBDD82D15E72CC0998D17A3F6A7D
F894E12068AF1F5FE1E9CD59635E90A2
E7576523DEF873D6B63F9EBE2CA6A0F5
DFF94121F39CF6A30B7CF518E77AC557
218BF95E2A549D108EE66DD3341DED38
7C75039439429907BF1C40EEB17A3526
1D0EBAA76909FA268852FCC77718E70F
527F46052CC7209F3705E56B0104607D
DAE8EB83B72CD30DD20009A9B2A2AD65
AF761A2EA40DD69A2D62886616545B7E
CCFD60AB67792570D132FD7A754CAA61
74BA4633E40F65E073A24B4254FEE12B
A3D9FD20DE5E2635F8D5D44B3D70CE01
632C72820E231BC2CD96514A5DDEB6A6
6FB3076C3EEB4051FC55B3C0F5E40A9E
FD498F587E397544702AB89E93F6F09D
3BAB8F1BF6BFCC52FAE984DDA2797E8A
7752BC326F55E0936B503126E966B6C8
8652884ACE732BEC6B21D05BB80DCD22
64392BCB100C28D93D55B388618BDD04
9BC207F0E2CBD292D7252646B2405535
DA14664EF2FEA7402716ADCF87B8296E
8CAC8B86014E831A49E5EF43D01F4D07
45008DAD5B97EA4892A695F621C107C3
09A6E431B4C25FAF4B5D485BB0A6E958
DE99A62BFBFD673696F4717FF6C52CE4
2999C9542FAEE128B3B0CB10A8297EF6
DC9C64198F9EA88E54F97265043FBE50
95F4F1FE11E28C8774E901F3381C2780
6DA86AF92EE10BDF0FA0828A791EED9D
B335D58DBCF50DBBA3E7067B8AC88FC3
DDC954FD8C75AF7E0AEC48D710BEA0C8
C02094249682AF45B11D3F9EC4E8FC12
E12D94A65CC8495E8DC7F1E19AF957C1
A69BEE858F4DF3481C07E9B1B700CF96
460AD87F32CA75708A9814F91BD1D43B
04AD0110B439D9DBDB3A18583677437F
F182F7A7915BC78510F42D9E7E79E47F
96B36C03D7873E5F9086239E9AEF585F
089A5D133C940CD6336FE9CC68DF0E00
51C852D487E3A72A9287B66E27620CB2
89790841822001FB27FF561E11BB54A9
2305CF0724BF6A5168D0BA47F7AD1DB2
669C030D91A702B6A7AE3CC4AA8BBA67
CF46256BDE8DC181718D478C2920AD56
824A3E51A45F0EA0E1D55E630087075D
99AF3CE98A8F9CFC6E99DE4B5996D834
D71FD953F29CC8E51ED2C38F5DD69374
D8369D08C9B87B3EF20AAE30482BACBB
7E199A6BFE542BC80A1D5E1E1B1D8655
F73150BBB6B49669589FE17994AFF279
DB18E64D983CD11EA9B4D705C548223A
DC82596E05CA9E711100F10D9CCD0F61
4BF66B9860D2FDE7833D7093105C7CBC
56F7981766110CE9CD139AE08A030E3A
E0065B232EE503D40DD29436BC44BC7F
8CD4033B7009D2572B64071C6CA19705
5C891461B593AD6846550A1713AD71CF
F8FD592E8D46393B2BCC026F83502502
3D717EBEB131F7E819DDFD54AFC03172
9EEF093D1E8BD1B00D4F59E17DAC9497
95DAEC7F256D1CE74E225C90E7BED861
63C844E97D69CCBA6904E2266D1F8B17
FB1B8F5409A1B488EFD6C08B8FE39D1F
B41B4674A01C24B807616E43BC5EBACD
51D7C5999F97C0957067870939546958
F05CE015DEC7439156A66C56FBF0F355
28D348BA39DD4575D9685CA2CFF27C7A
7096F30DB55026A4BE09D704DDA5C2FF
A78130A5906D652B560139241370E694
4E76EE433B843FA305ED6637D0C89170
4683F528E5C7DF8ABADCD8EF36A64F2F
7546B6219CCFD8ADDF33C836AC3878A9
C360BE0807C90B19996ABDE97B056DB6
E8B4775644D4A0F366E091E216364761
97807DA2EB603DBD7695D91A2000296C
944DB23ED47C56333EFDFA6445B84FC4
C7AE521709F28C9F737E8E3A09985743
BE3CF784F5F41DC62D6E9BEF8FE3E80D
F54E1142A621BE69BF9339B4A650272C
F3658B2624C437E0BDF19ADC4EBF2EBA
D921A6EC4F0F48E286030C474E1F66C0
A51420B0A5D0E065B8607C7BD2AED9D7
655831B884A8B971B12819010DD70E92
9358A4AA09967899DDAE743F6BE404F0
024CF6F1ED8F4FA5100BE4F2ACF7AB79
0A9E9311C0C6EC2A57CBAFAE9ACA7DB6
01BBE667B602E6F09DEB1F593CD03033
65CCCF881618BA3510C9E3E398AF104D
BAED1928C3A46767393CA159430CEB37
96AB610A8EEAC595ACBEA4F7A9D19A3A
7AA26949FC6E22DEA610ADF7FFC12DCC
28D5C32B48EB3339B68D95DE3833C5AD
41238826CDB83C4ADF258CDB28C3F043
47795044CA053A763BAE98DBFEF39B39
8100D404C851EC24DC1490E47777B628
CAD66F93D4B8DD0A91D5B0350FA095E6
70236E626A13A74561F9D8B77A3672D0
B75FDBC01177F1E391198E9F2ECB6874
745ACFAC8F02E5457CDB51CDF0EBD1F5
9B2543D9F8F9D548270C7622C186E5B9
89004A240F19FC10EBB9DB6D46C342F5
8664AC8E5CBBC0304DFDB5F14162A67E
BF359A9C30C411EFF122C355B988388A
C2C22464E16BBCCF4F7DAF5CF94F7DC6
72E42D22FC0E795570632F4DDB631B74
0B2B29BDBC829051932DBE398039B464
AADB9A97A43DAC6D83F059AA82512223
C5A7EDBD33DC8EFE0C8C2C65A8DC1F39
F3F17FA3CD565E39E8EC77425399F3AA
29A8C9CF568BABAA84BBDBE683AD9870
B0F745F21D18B94645C7E88135CFF5BD
71601C12D02ED81B57C92B143DDB68D8
403FC8B6B67DA228983E1557859A8FFA
F05EF1B801CFF3B4A000A56E4A845489
4867B8AE7450608313DE92C437CE8B37
0F84DD0141688921F82B507B407BE7F9
0897E43469DCEDD014A49F2B4FF2367B
7A6DDF593177F12B160126C5EA5A5DB3
C62083B0274C0E0F254222EC3D3447F7
D7AD0E94D50F3133EBFE56ABF0358E54
45B3E78B1A7795DA469C81A77772029B
32BC598F96A784F81043B9E5B609D2ED
AAF3361D70266F1DBB734E5C169DA96A
4D917B32F02C5E18E92979C866FD5307
B8FF15BCC1AC2B7564A570359D50DE12
A3FB1C5A1C3403D2C831A49D90BB4F87
01CE92D369A94356CCE7BF39887661D8
FFD095E33EC5CC86F8BEE282AA4C9889
5E540F81F86D191BE5D88A78713E0624
09EA6D77798B9A2D1C8F8539ACBCB427
ABB06BD9EA80346FE7D747C7D2E6DA54
FD86FE1C29D4972596312F8D2DBF5D56
DD0897DDC0CC1858F1733EB525F81F33
81F2768578C173CA2EF2202A37A2FDFA
EE9FA76BA2C8DFD293E9B939020ACA24
0DF68F9F81141C1D3AB0EC1DE190E111
5C5169BD577FB02272793AE2EEF9B398
5FA5198F74806FFEFB38C701B28DA139
E09C3EA08179E15019B6BC9EDF00BEBE
E1D40279CB422ABBEFC1C9B99CEA7593
8B4D81DEC50F57CBC5D69E18EAADB533
007E4EDB879ACCECE7372B7C628C35F4
09D062D64FE07DE9690320AFB58A71E4
6DDB15F927940FCF3EE57AC071063889
83FA9925695F8A617D4BE0A65CB43AB5
BDF549ADB0433089F647831FCB7FD1A1
F7C1811F2DFEFC80A692EDE63E29C0BA
BC482A317559CE53E9CEB94404DE34D1
3119AA51A170A79F921B92D1159B4FDE
6D5DDD0A8DA6B06AB3E610E16DD6742B
E166928D88842FE5EFC37DD163840EC8
249581861CA2917F9FBBC2A999955BB8
46D2D72C4F9CCD44A4CADF58FA2E556B
A997E94691D7F4438FF95A8D42E444F6
F68F83DC5058C4773C82E12A22FB3138
D0094DE9018A76F7E79EA4C8D10E2ED8
230F7B68D54C5E81632B2C06B990C3D4
AA45E2B35ADB3860D7EA2551278588F3
C7742FA3807AD6EFC5D94703478D4807
597C0576D24D345C3C70CD097D8BDFCA
DA6AA35B3BD294240137BAB32DF9E829
58AEBF5F8AF834D75CB3B84869945299
62810BB174F8BB843B8D988C47E557DE
FE843D1A591671F17BE8D57BC6EA3E38
6ECC3EAF4B675F7D305BE0DA9547D341
DCF825E662A2973DCA0E3D710B15B3EE
C45ADC366172933794E9F8CAE2155451
4C2FA5445B5EE07315C7DB20BCD23E7B
649620C3D3FC31D12762AC249554D62D
7058FD47E4544FEC15FA75FCE81BDA74
5E78EA196D0DDB20FCB9490CBA1701E8
364EB87C2F3E3DC0AB92F2CD87468658
904B4D0C96FCD22C14B93076D262E6D9
6266C48F17F617CA516373C75CF5B9FF
5D272A619C506EF4EC07E49A4DACFB00
24D39F2D09D635841F9BFD2A78B9FD95
197030D274DF1EED41B70422709D22F6
47872597647167A4A4688BB9C918105B
CDFD5403F2A8EBF54C689014077A440D
648AAE70B89455A88D2DB999316935D5
7AF6A5CC53DCF52774E0838FB933772F
3553CC929A47B00B2E3EA07962EFAA10
9084E7AE3DE85FC1364934B90301513C
CE90599A22FB25D62D9F0BE47EB10D88
FDF3DAA6E770EFC233EC763F110EC0DF
7522C9F34F6B72276B668D1A8246F117
14A0C55126E843F95F54B82214EABB16
4186832784893B0180D5A781C17593C3
2C0579E7668CC2A14DABB80C0156C71C
9F8CFA1F803ADE89ABA93B45B7F6F44C
3D4C8F4DB6FF97B1EED9CF64527CC4AF
6DBE67AA140AE05ABAC936F8E78B96EA
0BB2D9F1A273451483FA6CC61CA0B988
573F3F8E4F6C552C894B6FF08AD74AD6
C9EE3479AE6F672753A63B0ECF6A5D5E
98CECD399C192B52085C34F0CE3C51DB
AFF0D54183A07F629491847F028C055A
AF48DFA78D19C761A18DA2D4A1CAEBE6
CA777814A04A43035DA47CCC2CA6AF86
9DC0DD06EC8F7C5C3BD6937504291A9B
2AD97446A51C386964C11448BFCD3948
B02CAD351FDF13ED2BEF7022E31E7C85
F925F7289EF59227D875402578C2EE63
26930DC2F361B4F58AAB70B435D479A7
6438EC9F7E458104966EC9F05569E928
8AEDC918BBC6439D8C39802F4CA90B52
3DAC99EBC1819EB8C4036882A899E5C3
8EC16AF8E5636062410CE78F2AFD9231
63D1C9C91B721EC4E4885C15C4306965
1A3897BF74ECA0BF2B1AF2DABDD864CE
1690D3742244B2A36329A0C30D67B442
23C9E1FBD2334E3D35730F57811399EC
16459F4A2E8256635EEAA0299C598231
0D807AFAF27598FE4E2D6DECCD65F392
C244518B849D2974E74093D40BF9524D
5E0213263C6F72EF59C30F08AD0709A4
90D21B4B4FA4D14DA0C6CF2057606108
6FA695A6575F5F927F6E14FBE5D6C678
731E648DA560E92CE4A71979C8AFBD70
F64160D471C53310C90E4A2F464B74F0
9EADFF2FEEE6A8F4E361F0D4F37D7ED6
A3980AC796906E3953033E3D42604822
5B1D3011DD78A5415C1E7D934E03C047
CAC59793793419B0E87B1DC4C6AE3198
F5C7196134FC4692CAEBFDCFE1FC597C
883617F5C8FDD5FF697E5750FD12AD57
0E724CE2200EEE5F78F45230B037E6EA
7716AB7E9075D022263286E975EEE824
E94F252DA27F3B51E4B0929602E1D988
ABFCCD8B5957253613C7DA01F9A75B9C
E912D5FA0C6336E69C574FD0EA74B29D
B4E35818653886B0A4E0CD077BBABA11
CEF3B5D71F3E086106E569F957326A7B
6499C52E93045E8AF8D6F43B569D64B2
0ABABCB7DB29E5BD4B61FFD0772D2040
D93811EBAC951F2F20E4D44EFE880E7C
5D44B0C5629C9BEEE9918439455899EE
CEEF5E232EC43C339C85137020988760
DB769D2C391B373E966DCBEC69650E83
8BF434B27C9254DC7A844E64250344C1
F9F096627659C1502F4A78101D811ED2
59E26CF4B3FE39377C6A5680CEAE8141
DB7C0A4094C8F7849343A9DC44DEE76C
C0F49359008D62AEEA35B69E1DB3DA7A
7C48C4B5CD03AA46BDA5AA440AB3425A
61849087196F2BA428188BD3666A8110
5368BC33426DAED756AEB48E0A42B88F
CE9B881ECA5113852C5A4159F0A02984
95C79D9AFF5B43EDE94244D3C7AA65E0
51EBF4A39D6238086581381A1F810CC0
0BDB26F505864002A87A8FF154415302
A4A04812CC5E5206A397CC023EFB2F30
A308ED58710F56FCA40D7EBE9D2734C3
6B647E6AFFB21F9A75D6D5A03284B99F
DE7E589544A9A082CA09B4A7C51E004D
89C1E103B8F1923D7B49DDF8D287EDFD
B90ABF23F4C43F3C4C44DE05E05A1597
9A7584E2650B91B078B4A10C0866FDA6
8F4FE243701DE698905D9E2BEBD15AE3
C8496C5F90F1D237945A82CFB7818559
9A150842491A9F6454B3ABAA860F9F77
B37B6D74C6722C7643B2AD8143AE0D79
3E214E23C5302ABF00B0F771A896E02F
B4001728D3F079164A5FDD0B1E99CD4E
A03F7DA2D874AB3A205B3E9A20E37041
4C6B400C9314DD6A020212D56257B0C6
EA6B57D673B868F849D525B805E8ACD7
5B41DD36CDFF2043EC7A266D3529C6F9
AB03A4F338D7D2696B42EA7ADBE0795F
991B94EFDBB98322A52309E1DA164B68
238A2F2B2174A95CB122F320D63E2C31
5888B28D8D8C150962C0F5D78CDB024A
0ACC2CB1BF72297B894FB8FDEF64BA69
BE2AD85A52ACBBB5F5E85CE53140DEEA
4A16A5FB8792FAB7E8C4069AFBEF984C
FCBEF167399F9652C0636E5495CF2609
5A1AD2F81449BAE5870FB6C16B602AB4
64B253F9F4EB872E389EECCB08C74987
10C48BE33343A8E1931613D21612BF39
2B7D27CF5415473102B55232F47D4383
FB8C773D3E5077B704329BB79BA925F7
7A072979EA83ADE2608344223AFF0EC2
85E2635B4F414778B6A9FEBD1BA78DE6
C6ABF100907ACEE21A096C8539A7F03B
0F02003D083BBDBFADD4D983172847E1
C74F3A10B9A6B298EFD40E952E1B65B1
12B0DEB934B672CA4AE3E235EAFA57D7
745F838E51EB3373E0AF177D5255D910
1017073B432A3065EE935DE6ED6E9319
D65308526B217ED669A70AF340FCDD7D
FCCA13430A4521FF1EC78B03D8606237
989FDA6AFC042AA0E032341E9A25B699
2D4821A72B2A9A7B5B38783370429B10
D9E075484242FCFE632E42240EC94581
4E37F30AE9C8556977965E29B8078EA0
654BF71F349FBAD0FAF7E67926AD2EB8
CC9849FFB46B8B93AA2A277F5143BF2A
1180B949DDFB5C4B71F923F40B75F407
D67A34E8476A7387259FDAAEE69F21C3
CCDF9CED2B7AB0C6C54AE871EE35707D
736E255BE7CF92BADB584489DB80ED40
F0DFDA6CF59661AAD584266B37C2A353
AFD4F2999E2F68DA45DACFFFA3A1DB9C
78C382C0FD14FDFDDCE801B451B49913
529E228224F5910733AB3ADA9D3556A0
D4C4C80CEB4C5456E0E7B80A6D377FC2
832B583F995873ACE51B51F490E88E10
674674AFF144018A3DB5E5AC2FD1F831
321C04EA144D2365575DC61E089D503C
74958011FEB4A62F80865A4CF8287C87
C4E0DCF611D48239D9BE4669C9F25865
6341DB546E9745D3CED1BC16DE3596FF
10FCADB7B2B61ECB58A63E08E5F28479
418B3A2F6A5A676622C97D1D9ACE3E7B
EA0B47886280A860CF3D094C5E552ECE
41103C96D1E9943EE9C584004848EC64
3FE2A872F763AC7C3A1954ACC71676E3
A71DBE866E7AE9AA5376AA8B63D6FD88
D28E4CA1D8B04F07775A7FE16E928177
A719C96F95076977BA81BEC0CA5EE04A
738E0186C1F488923A7F59EE3E6ED228
957A0E67C17F589E643553E9BFA2621D
2458DDDC07F46C7BE7C028634FEF461F
E320038EF2126E66419E3623B10F15AF
3D19AC5819F9A8EBEED7B6D79A561418
A48EBA38B303A61B625636BCBD5FC73C
C78AEE910B748F770AC0BAC405279271
AB4252CCE0F3C98B84AD6FA4B441B62C
FFD38CEC38725BBC0731DDE6CB90112F
06F49FF23B084B4B67543BA9A09C91CF
ECE7209343A4E4E4993900E918A219F3
C5306C5749CB4A401A424F32238AF82F
7C6ECE70BB7FDA50EF0C569BD4FE05DD
4D19FB903E144C4006C8F85067E40223
A6CD4E099AC657938C455223535C2375
1526AFA4446591E27EAD12558BDEEC09
1E8900639A27FF28C8FF64E33F821FE4
AEC52B7B99E4FEC4B7AFBA05E5F28BBC
20FE03229214337A5F9471733B6A73C4
0F326F99446ABEEFEEBEA1B333865F77
A1C263188B9E642098287730AD43987C
BECD1792324769F162AC9FED8D301FD2
2415D0236AA4985F9F077B9824313657
7E56C1F45D9AD55075A8C75C6B9444B2
8003A8DA19A3CD4B6C48C4531D06716D
56696989B6DE3D77347B867BC82E955E
FB902806E20F9583ADBD93F60C87DD52
496FF51BF439EB1435F408BF9FE937ED
C97CECE769E9EEF9AB003CEC27592FD8
C848B72A00458F846976611E90E051DD
8A0CA608104091E8FC458D68C689F037
5DC76EDEA9AAFFE8545C3C6FCE4EA7A5
752BB2FAA8A4B67A1325FC7B6D54B2B5
C7E79CB45B192B655411BD17D23C24A8
693A1EEB2101106DDAC7D9050B8F94B2
4B200BEC1BED6736757774366471315C
75D7F4743602F46BDFB5CCE20F240056
8F47C19B891516DAC07BC093D919ED35
6827E794B6675732D6B8D72C89355312
FA76515AF6547F4A4B336582D35A46D0
0DF837E6A4CB8B4A0639093CACA2861A
AEF724C9AFBAA0DA5A85E12DE718636F
3A529C30A5956A515D9A9A8F250C4531
15C3E2C16C5997470937B7AA1F0BB0DF
9EC0E93E3583E5C0EC7B0EC98B23421B
8667DC5921ABF196B8B7E2D066F86630
71E9C2B7C94E254675F0D56779289863
A868303BC1B99C2D89E4C06412D7D576
618F808AE52D236228BBFF30F1F7799F
F1D9556E3A5AFF5398FCFEA8E9FB94AC
5B77A7B4306A87132042C509084223BD
77DCEDE9696499C9368FABD01952EC6B
A4C9A59B45398AAA4FAD2EB4920A8D3B
2E775D8D45CAC01FA8D8FAB9712C0BF1
57F8B05535D763D84E6849DDA6A113D6
75E84EE342BD970FECD778A7BAD1BCFC
33A704CEEC4416FA18C572E1CB0247A6
367AF84850CDE54F561C18AF3DCE0575
95FB890A971E7D5C38BE0A21469D4B09
AAB94303C4CDAAA1034333E8B201DA7E
DABCBCA27CD8673119573821F1D35583
1108C5D3B5213DE38E8F0ED683343FA1
DD3DAB18CF60DAFC73B9F01BE1B8C448
12073F2522CD805D0D23593D766A9B1C
16F6C9CC262AA3A91D350E9DCEA3447A
018CFD8BB387640AE1018C916ACBC0A9
72B24CC8DEB2B3BCDECC95457DCC982D
9D7370C3249935554967D42BC22C49F3
7A2A26EB3DB9A98037AF3B8EDD22DACA
9F8737772087E20725BFF005D2943D7A
A1F2A7F886F2B226957A27A94B425DB6
55FB6695B67810B602CCEB1468CFEDB3
BE32FCE250998801618C7C354A5AF506
5D3C1B627EC71FF5A2358A6DF93613B0
B2C66266E3F8318C9B78EB968461A944
4A30A143BF551E2F44F35F3F29E755CD
225B0F06ADAD16B11C9AA279CDFBE003
ADB3581F2D0789267AD12297A86CEE25
61805979581C35A9EC661AA21FA60729
1CBF11CA0DD107A9A4D31BC4E86B848A
D47EFABFB329D6B8E267A2E5B7D4895C
AF6F21082E92FE8DB6F32DA08041EAFB
BB794632BBD71ED242CBCE54080A65FC
29E430EBA0438F2E793347844BCC6BC4
3504339686460264F9CDAFFD5EA72DEA
C20B37A7CA8ADD7F5EDEB89CB884F430
520D64D11375332407D9035B221DADBA
8CBA8B14A108D0D4DBEBF7CAEA57635F
DE738963D7989F4D2C45A3456667D67F
187B4E3CA77A6DBE57B884067359954E
61E4E2CF0302DA88FCCA670C0FBB94E6
7FF6613D01BE99B35CDC2413F88CADCB
F4C80CB24782ED7DF19E7DEC756A57BB
A6BC671768981FD89B5127C60FD5CF2A
B4645113BD6C49D980DB396F157A25CD
80CAB04EBE9F99153577AC33438E2084
3F83C89BD9800A4D09AC9BECFEB9B623
983ECC6A61A5E4A4919F252307532E90
A24AB9941697E2C448DB1D72D16F1870
3763EFF0D2CF664A4C98DB2EF7A5E787
166150EBE36D3CFC8A875CEAD0A33B89
4807721960BFEFE3AFC5230F9F70FB28
FE75C5E4D1C92E14822AE6FD00E3D32A
88549DC5DD9DA09065A31FAAC4845E0A
47D0E6E9381FFFFF106D5376A18D9AAB
3713C249B682645DC77F5559A18A4568
C33D099513B42E5117D0C4F106403BFA
CFFCF5182A7AE060F0E4B4854CD60416
D9E6DA1D28F0EDA38AA37EE28B6CB536
B989320AE3CF6EFB7F9F434536BB90B7
EC15090F29995A493BEDC6FF15D8C36C
20F74E0A888A25E429A7859EE4CADD53
4511793003182CE06DD61EEE0AB8CA3D
16DF8AE6B4DEC073CD9EC686FA9CD748
9D1332ED2AD91940D5D03A50C8DD941D
245FCE6EBC4351EC2A01F6017D99B7E7
7239C807BA101646A83870042D03ACAC
2F14B0EEEB9C825FA379CBF8C05B75AA
5302D6069539ED0EC7A1A3175D21633F
52214E92413791866B4D6EC021FE7049
8661CC91EC2B5C10A1C1E64F8C843DAF
41A351CE1FB31EBCDEE01AEAE140A679
A4F509E15DFBA2DCB3B0D77DE576A1C3
267134450F1398ACC9D745A1F4CB88A6
572ECE68B5B5B6ED9CED02DFEAFE5F6C
FBE534F188672052937435BC291745A4
8774A2B30CE3EC9FA973DD04109DC2DD
9ED906FF381E4EE509D8D37C5832C33B
4F727B95C0784BCFF36145E853F0002C
7ABDEB424C4978AD7743EE40217F8DF7
44F4BB61F3FEC15118F2807C8BC005BF
B1A0FAE1B85773ED0C7A8C578217E5E6
9C053B9190D56B9F547722AA94DEE5C7
EF3FBF8A82A911EE564025D9728B93F1
849AF81EC2D4CBB48F3FA5C6808EA5A4
64A1A2689CAE1016170F7F61D7B6C54E
27F7F2C5B72D92A7B71359B4CE3A0D91
E3A456B8ACFD2372B88E3EBFAAE5F9C0
B728844291BE1B0A9D0B0183C48C5E3B
A16FB0DA721153593FCEA7C161CEFC52
E4CDB0F7B1A5F1E0E1575FF6AC6AE5CA
AC9AACA2CEDECBF76DD30E8318427B47
FD73E78AFCBE4C797B42A770A3BD1F1D
06C200FE40790B73CEB14E78A3861A25
9942C9B0D8A7A36542F4B3D9F2CA916F
23B945733881E60C5E98914C7D85B343
C5CD2A42B0DFB63B4D2ED04462BEB0C4
8F595AB520457265D00189BA466F33BD
8F288006A205B7CCD924AF26FA1D31F3
6F36EA36D696A0433D9E644BE1145F90
70295E2291FC418B3557B582DE3A7E54
17D45F81039A5E05B9265CA09C90084C
ABFFAC8C76E3BE8165B70E0D44B6C09F
D74B9676FFA2963A989FBB5974F0CE10
9042A15C133C076275BFB5F724FF14A0
1C44FF663CDE6625325C952499BBF91A
585AB74460378DD7377E1A91FC2320F8
C7263ECF5CD5EED35560B55F72B6FE94
6BD72C11C36B0A2725B97CA8C2D6A10B
BD918D005631769F1EBFD9716564DD0C
845F8A637FB53432DC6672E4A822B2FB
01B5E8FB49F41D6481C7D56D404BAD62
EA478065ED38E7BA2AFDB85ED13811F2
DC7E61195E0317D4A387620FA86298D3
EC388817372E83E906EBA9941D91BC04
FC9B2C5BFB7079165644908A139381D9
818C8F5F949F0953E2ABE0AD2B62CCE9
494DD6C33AC376F788AAD29CBFB97EF2
2AA36E1FF0206A4A377324D4D1A80C78
B842B4AEA6DA8029352351CC276FDD78
6C6232847FDD4FFB6AF252A05A77C22C
E4D198B73A948273BE30358E51F9E025
9D62E9D4153311956B5515F094DB47D9
F339027DE9235E2425FD50A333A931DE
5F98FA93B06B22B61CF3E9BBB9490EF6
F06901F30714C069148BC7D88DCE2CCB
966B00DBA85A0DB80F09B0AA5605058F
13067185B98AA272EC0763E27FFEC3E3
4CF39149594D27AFC92382AA08E5B507
66D19E36E9EB989F21CBD14BA28466E2
D5CBA302F8AEF31FB0283A33AC4E966E
31B29074CDCBA751A76A8A3A05F44D22
0934697C64CAF582ED5D7AD560330428
6E4089697AE4EB3EA58B29481EF18285
D5269762D5FE82232A2565A39959F54A
222E28A962E5AB25E25DC1CC9F8FC6FB
0795B47869F3AD14AF75769E5F5D013B
683826D453E44BB23D742DFB41DADE8A
4406256BB0A34179207B2F0F8FAE7C7B
0667A4EB34D2630B78AC52D93109CB3C
A3BC29480F038C97163A919CFD334096
E6498D3E3E964646038CCF0DECD9A403
DBD899900877F8D41DE2C13903BEE60A
E4ADF2749A33E958EBCA1A1130205437
DB6FB409C4B731BBEA348755E70DADD7
A4E60248FEE0F0130E76DD1E8B4BEE34
A743175D28A7ACE40D4754F9EFAC3B00
2A059826CF3160B2BF482F88988B0E0E
791242317522FA9E2D091F98C503EF4A
E4EBAF573191BE63E93B6E39CE180915
C342160327769B1D913AE373E4F65E8B
7EBE0D90926490D0ACFD3F8D6DAF9678
EE92FEA70756B26EEFB3BD0A9C993448
0174F80A7C74F43557716931C3F1A7BD
31A935BE9A835EBE11C9DB523BA90C5F
7003F70ADBD265B4F1265FEF0305F025
64E3DD74323D5D80C68E54C8F58681C8
558CF7DEBF2DC525C25270A8137386BB
36C36E16C1B2A40C9A1DCC9679A787EF
9B70A006C3C7CCC37FAFAD241E1DAC29
5C2006FA6F6877223EFA187A487F46CB
88E39E7F6715244CB9E5534DF43850DF
F0072772874C7477ED961C42EB1A2D1D
1293624A71AAB25352FBF193C7E5BD6A
A604AB895A74D2A1AE332FAE8FF6807D
68723772AC27353279C4588CA5035C53
BE243485D3FCF2DD5F81BC79849B7DC2
D17B2BF4ECCFB4CF344DA659BDBE8168
ECD47C4A21541B28017F32D4C193FB0B
91488CB91FFF49D90B92F6AE33EB2E61
D48592C5A13CF17840EC6DBED72B8FCC
AB876CBA4FFCA612DB80D13EA6674F9F
45F562B95953341B128505633E7FE67F
BCEA6867C45FA56D47859F6C3173FEAB
791AA23277CAFD12CBD9750F6A739D11
6915B0D50E0A1FB704077E9928C95246
57985A97B7BF44DAC477B5CFCBE4A78F
CC58D0850BF81F1E5EE3112013C770FE
E378C4C64639803A55AB7E6F9FAB1A43
EFB6D7F7F2E7DD634D4643E357C826EE
A1821F57F0AD3033679925B3467B7EE6
C696AAE30DC1E62209BDE8BEC1DF8C78
FED9956E41F0CA5DE6B4126C45AC21B7
D3020DF5C8E9074B4FBF19FB95A4F599
CDD1AA4BEA5DDE56D76A14D4884FF3A4
49F1D362D9052606EE1F481C1DF612E7
B23C6C4782F37DA79F9EB1F2CB573BD2
188BD14BCA9A357FA8D0209DC24B76EC
970DBDF5C2BAF48909F1278C6353B88E
77703504AF27AC783791AA023F6E92BD
D135AE199E326A9722FD64CB3D34A620
DA23BD076A2D873B2EB34B17462794BF
AF0334009874AA96F7EC9C925A07B285
F2BDB96935B93527F630D32F5EAB3338
EC8B113741CEEE161EFDD028F979DDD2
D7747927C9E1AA839119A66E4E28D126
45FA8A19164D25739176E20F46167CE8
0BDEA0F2B07AF7903043BAA979CA0FBB
9F03328AB415E169AB5FCD73D9B39987
4CE68AC68BA886D0BDD97F895C99C027
FF845F4F35C5F8AB5FEDCBEEEBAE37AD
788382093C300DA9F8B31C2A3CF9EE98
9986E028FC5C5E52DA33CE71007C06D6
1371476CFBFF4C00E5F9A5DC2E098D88
1D35F8B9355643B8C94D3F9460A6CED1
6F7C3B95D38C44CBFE66B83AA3E88D6D
CADED33285976171D5762C893FB2D47E
77B5E8BE3DDD9DA80937CF227130B7C7
45995D5D383D080561CB388809929D64
7DB8B402F03907AC50D531B57B05FE8F
AF218A318FB9C5773E68B507354EA348
D46FC04AF424771293E2F011299F4684
A235F7750C44F57FCB3F59D19EE745DD
4653540C64D372824B50DE6D857CF823
804C1359FFC4B27E2A97030DE74E1203
2F1A12AC5A92367F8E52C9B96738750E
3ABA100AA7323693BEDD871B24625ED5
8EA5FBB8899EBD4E6B43D1022C7153AA
4990FDC185EBE14E1545F202537DFAAF
8174A212BD4952807F986DE0E8C93FA5
14A7A7E02DB2AF160CBB596C0B18A979
FA8C340F9A8F3B572C6D98100AB62DC6
171B96FC507ED375265D3B4DC7158FF4
3FFCF34A04D42F6C3F24B9B7D8DBF0F5
D9BBCC9ACAA4A8A903F6AE6808D87DC3
22D204E8AF0D1078FD07BC193B9DA2A5
89262A5204C5EA57143EBC24E182D3BC
6B9CC067282AB1F479F4CAAB1CD23898
AA8F7C893BC0EDC54FD9144A91D92F69
0F6F424C32EBB5D2CCEF5189C7C3FED8
AAD587C14B30A5C9E89F039D28C26F4F
105456D595EA1C0AAB297BCF7F7328D5
AF8F6C87AA594D78B3A88ECC8B9D279A
360347E7EFE4946C98C782BC1B747F43
EF8CAC9E15FC37C15CF26374C84DC413
E37169A77C3740A39A6A4F31528EE26E
420F30C35EE3BB8C0A442155A708FF19
103CE4787A4242A369BF11C2E189E69A
9117A7F05CAA26240856FD5B32FCE53C
6622CA7B3C6083EB24A51AAA1A840504
AA448BB79B6EEA3BF936C3B534073118
30342358623CD959B6006AD6D60F815C
340991F971BC6CEDDF277471230ADD61
E38CD858D1E077D8F10901762FFB65EC
5E1CED8DFD0DDCEE24DE681CF0F5B5B4
CA4229D7033054FAEB1AD90608F87F57
2A453DDE11924C17EA70C6E0C655B82B
DC1280028B7E4F00B9E70F4204666F1F
66EA409547C296DD67AFE870C01F9125
434937EEAF3CB061F8CC9307719B76E5
F746D585370152BFF34B9F3D5AFC25E7
3A8DA0FAE7FF252D392AD870D67E4CB4
467F31283B1B76AD842575F43FF058DA
105C1A2D1B8B8CBDC478B1C4472865C5
CA04FBC0C1C467DB0E4366F8B5AAAEA4
5B6291B4CA4C03E458103C52769C53DC
BD7BB8E565EA2991B073C7DCE7BDA0BB
07F1314ABA797E0A4165077BC7C6CCD0
25AAFA7CF2885F727EF5A0C4E3E0C94E
DB997BE31AB27837F45B7C3AC50C8FC8
2B53BBDF1C66824686401BF946B87D40
A6477FFE2BEF61BD87EF1F1F742510D7
A0DA7BB10922F36265D40279238F002E
B68EA37733117E0BA121386667BF71F8
740DD56903EF57DA9CCF35D2C515E200
4A4D772D9970A25517FE03F52553F341
24CD25900D30209A06132F4038CC8144
80A9C65E61BC685DA2CA78AE2CA9DB70
B789D36A9944E633CBB72B8CFB0BFE52
14018C85B7440DE3EDC858365117E3AC
75A54C2EE1EC95664531E022D4CE241D
B62D0E136D0309BDFF14E12F33C12315
48ABA869FE64E92468C564992AEC2D55
F17CA9298B10FA28C70F76364CDA3B08
298DD3CBD301534A6FD6BF7D0C781C48
ECF10DFAE9F9604D3A41DFAB887F5A0E
E0885D7027652F1138290F97C8766115
AFBD797AF418DA87AEA7FC386E769917
8D599BB4DA29AF29CDBAB0B6554BBDC2
08467D80C976E7B7F376508171132239
D71EF4A7E317CF8A22CD5DF5E8867ADC
52DE317207A53DA955B053F33CE8A91B
9DCAA7A0DF77D96152D1555819A30484
D85A4AECF33C5F76A73155EB5058CCC5
98D93AC8555833ACE4B9672E3322EDA6
9EC41E2EF9B7CB06F123C20641054268
9BE08521C7B972084294571EEB70AA7B
7076794F4C3D213E3B255B1DDFB227A6
F5D996D76CC8102A0696B7C4AEE7BAFD
4A7A12C7A93CED5ED6EDBC1F20A5229A
BF366D4128F7ECC68D29573848109CD5
F719797DB353A338489B9C5670253565
A3FD71131CBEC9DA87F928AD1D0D65C0
44F8840EE46D33B6E6CC1FAB9F8F3CF4
110553FD76F7FF7F519D8ABC0516FD20
40FBD8F6DD57EF903093F2BCBA66CB2E
CDC378FA029D9A4710163A9DED5C665D
9641FB7D167957EE1440608851BBF7E1
A955FE29ECBB1A48F59D1195B4593920
DF5896CEBB3022585722F7A050BD8A6F
160486B283E735AB1AD13596F1052B99
E7465C0D026E4620F42FF1B3F53F33E5
780CDFE29348A193C7EAA7EA99190652
CA82666A2A06FD5D4D57AF1992071919
C6E25C5A7B14BAB9EDB58590CE88793D
BA051A598F2688902FECA15C7568AE73
08D593245A9BE37AF717DF0BBD6B59F9
737BB5C2F25B255428033F1B64491C24
6438F5C807BB78BF3007D087AEB5D22D
0CD9FB237C35A3186A1B5F797FAEEC20
4FB68418FFBFC83F748AFBBB2FA62CA3
EF42F6F6F06095157C22E44BA7AEC199
70F57D9A5A3DB78C5D843A187500A82A
CDCE631159A0FDCD7F37E3D1AA583901
95BD688EA671C179D6003724904DE279
7A963F44274E8D28599D872ED1EB43A4
2705D2CE7162F06D85BF80C183971B2B
FA4C6C60024E8B32AA51A406B0A5E5DA
4633DBC8349AAA30DF681F4EE462A8E6
49DC4BA054E519007F4995A46100989A
51CFCC3661A4D7B92489C1BA74F08783
E8BD5748F6FFBAE21622F1744687E837
ECE8C28EC8CBCE430B69380B38AF4CE4
368B418FD4152BBA2E5F47F62B57A134
118D8437DA868EAACB0B360E940A39D2
4DFEED5CFF6F8DE6D6605B695D8664A5
74BB6BCAF3C5CACF53BD3586F18D20A5
E2EB4EE6403D03EC9E8C5C4171233E00
9E17319923F6E3875073A606F5B9C6AC
E6F5464CBB53C2797A30CBC5209B65C1
91038A2CB2C12FB5A47DB983634075D0
AC7F917C43113824959B61B600737F58
8B5CEA18BC3342324CA990C313AE2339
619E99304467940BB33CA9BED0E492E8
BF3D0E98943F0D96198E9171FBF13DAF
F4B0E8ED9FEB38DC959E38A938F5893C
AF0541B24CC5CFB28AB9A00143A5D7DF
729442A3A0212002BD14AB6AD89A5701
A6EAAA675733042CDCE89B632857DC63
DF3D9F4E1BD4F7FD4B171A814F16076A
1D2D8868F65235786B9D4E37C9DACA1F
2AEA6899A5CB45CA4C1C5957B94A8D5F
3B17F594B36DD069A69FC3C843CE55BE
036001765692F0C05F58039C14D64F9A
8BBBA499850850C2831E8C6C9FE99CD6
DD0C3006F2C862368AD7A6355198DD3D
4EE612735058192C14E38064018C22FD
548FEF4DDC7324DE6DFF5F5C9B8CFE0C
503B150D5B2AAD913A23C7E1835D8653
183A8DDF9B6D191D4678730F4D2CB0C0
9D9C461D3F2A2AB0F8BEA7B9A4707446
AEE681F89D46BF591849346D1C3150C3
868EF144E76A102817417565CD4B6F2A
F13785BE53952F2D90FC67D1BD241384
94A26F973608094AA9DF5278386EF151
B13E3065A0E1ED7BE603467BC8937E20
57389B45146C689D1596879C406CEC70
85BEE9A86EF77EDA4FD60EB56A49B933
CD7DD0CE0DB2E09D9F49208BA536D182
164FBA3E81982C5FC0D5C482C8DB97BE
8DAEABB6A217FEB5AF1EE22D03926B8B
0B77B8BD998B9E6C88C2B658CBD15251
0726B7269A64F68ADA7038CF977F23DB
B9BDF190BCF4E50C70A7E0130C6F7EA2
C74629F687F1023D680D80449F1ABE20
C26065D74058252F00DD8C37B1550213
C90C7EF1EA4D4E3A32F547A43B28133B
D1D3A17D0225199492E3D2A55E7C567B
9A89A27695567B8F0CAC1DD81AFDD8BA
47D6B6C3A0788F75AF2487D82C3A4C6B
A4F3E936473FDDC1C309DC601DCE17BB
82F4F88C166DC9069CDCCB7FE51DB2FC
F857514930780BAD5C00E994B57F9409
DB2D1400F0712F5B521FDF66354FE8DD
0EF480014F08AAEAF8998DD4019F019C
A05C659B9AF09C1F67C7A1C7B8FD3E28
9279D154970FBD3003D842721E51E50A
6F3B11007DB2EB7F1054383F42CF716E
B085480686D4C9CF0CA76A08C77068CD
1A04CFDA2B01806EE728339E969E59C9
353902765FD99BA18DF2A58A252B1721
4BC061DA1A6395E28AF19EE31B2497A9
EDC8842B8ABBFC405B7608D333855645
73070B8F857F1AFBD707E380320A7200
34E2596E6574CC9475F812471A5D93AB
913706D596C203EE4C297CC4EDE014BB
E369AE1E47B0E5A78A6521BFB78908F6
513741BEC209878E09B241D13F7F83C8
D9EC9DAFC629715BA354CA4280263C4A
C765B9414F9E47DB21CE77C776D49813
D6275CFC40F272DC82E49174204A720E
6025E0A565C9EC584FC7FD3F6C49F015
BF673B93D237616CE93DFE73F58D404F
3FB65ACB8EE1D17948B5193E315A9726
12349A690F9AD17AE3B569E01ECCADBB
1C8BA9C1BB2F982FC4457A48BDDA4A2E
B0101BC24FE977213476772C540A1FBA
0E1F829B6320F501509EDCE9CEC0114B
D9E5C0BD523F71582AEAAB8AFDB46DA8
4DAEDD40C085B7EDA9B59F0F0D83EFDC
870009510B83AB82C40D6CF1E5F77562
ED7A8E13EBDE15AA12C552AA6A8C62A1
CB6426C43E7FE2BD67C75F8C7DD8F8C8
52635466CA06294864187713B0C45530
8EFDE5F33FAE659B8C2B1A1E74F4E513
28C1315E700516D57BE781F5386ADCE9
5E12CBC2A126C2B27EAAF213208B37CD
5D07F7D4C1E4B26F7CBC55F5F5D7C37E
CD09A1B4FCA3DDBB9601397D146E805A
22B7D14E5BE6C5836258C18B38210A50
5C66F3AE2C17A616C31F485ACADA4EA5
6FFD1B1878259B492673682FBC0782EC
71B2239E30D84248EB6B2A65F127131B
25F4BF875ABD2DFF1B75E6117EF38B1D
E4654B1AAD96DFA90908F784BD0D44B6
6BE4B08613B220BF768210957A6A251C
06FF99BF7C1618ED355E3601ED703FD6
BB2A0E00924C3EB95133265F14C5BFE0
7C6F88D4D57C327564EA91210D23DBA6
2F5B3BC404F6C5B8C09548910FA18C2C
7A8B8A472456FF165A831F410BFFBABC
6DD3DA001C0DC07B5E7156194FA55F62
3608ECDE5C6CDCC50E228793526F3EF9
DDEA679FDB6D945387CF61C31E92B4FA
56EE680A821D6ACAFF608B3DDBAA3407
CA03E1BB9F1DF3D8ED2FAC4166C6B2A9
A70DF7B938D2A5281726442538C50317
101AE5CAF94EDEDC6E1B43B6F5C98625
C9D592BC275B3C0645D56EBF8B038C95
4C3CACAA431BBDE83DFB5DBB10320422
35B14196A8E98C254E0E06C8ED6C82FE
C4C99DE87AF537E2842DCCB342DD2718
6DB29837604433B4CD722A9BCEFE4E07
1F634304C29A6966071BAAB5F51FD04B
7966E536D4520E625973B3173582D1EF
AA606BC8C8102DAB9AA7DCA6728B56AD
E7675CE20833F3E796F4F03DA5800D5E
B2DBD0E9C168A989A49EFE19E45F996E
44F73330C9F935BD96C0B9DD98B04385
986A71AF6F9473081911A53695A5ACB4
D048F533C98343986CA70F708ADE8EBF
2686B2B812EF09E2D3D0B601250D3D94
D3900955815CD22A67E8329E09170296
6932DAB002112520962DB1D1C0453994
328D5C3042D9D8D5C063C69871D6E9F1
774D1E14A545B6E9DD04A51116AE9FA7
45CC7390E6C86425B1AE42A3B306F5CC
69B740EBAED7EC5D8D572A0A1390BB58
189D9340B467D50A5B964CBC0BFAC910
A372F4DED7A8F2712522D0BF3CC00949
C4BD7175EB8E7C52A4521A3405AA049D
2A2601D452548B5C3BA22156F372B69D
570EAF7C3017B2EA64735A88D5F04569
7A366EA46723D8387656193FC1721CA1
E35F607BAA1789EE75BC3995FC2E5D3C
33A2CAF1F5FA0A7F9C9061B912CBCCB6
CA9AD16C1947306AC625BD25A60298BA
AE0DC68B860E4EFC26DF5A01F99CA9C9
896D3F29FC6CB2E6D84A2BAF5D03DB1A
6D68979DDF5AEC67F16E0ADED6CFBCE8
7178D5A4386FD5DD37A9591DBB5A57B4
82B894853D54B23C5F8B5C7E939E4160
DE7512201D9F90C1C45A61653A3A842C
088760EADB087B0A0B66C10AFDE0F9C5
4B61BEBC2C50AC62F1B77693A274AD84
8B3265B1FEDDA142CE8E2A7A8CF9C0FC
356CCCB87EE1D0E17D2A96911589AB73
27E7A6214C34D8A9528B593E0AEC7747
3CF1B92C1261282500D4E07DEDAF3024
0432BB516612C38E498CB5C637D0330C
221DAD1D7D8F82605E9EC1C598D33BE3
CC52E4F5EA8E0010CE624CA0B361B4B3
67E370024F0D35FB183BAC4EF21B5DAD
0D298CE4583A6EFE1DBB0D1699BF2BB9
DC684E50FB1F3F6660EC141AC92FE45B
B39EE3BCA6FEC75BD0874C1E402140A8
C47B1016B188145BDA2AE1E796DF9D4F
5D0BEB6E7A9E453163945808EC80A0F6
214EAF815C3712EAC351E09D9CE3EF95
4B299BFC7DC6717BDF96ABED2B18C5E4
6C5F8451180183CFB9DCF03A036426C6
427B04658464DE306117A656C16EAF86
C1DCBC758C68A71A921DD34EDE7E9D28
EA570CA32F7AAEC367AC63C6BE0A2B1F
C022A4271F9468278D4BEAE0655149A0
4888648CCC9170556061D2DEF9728E3B
0ECE54B47C81BBFA6E625674ADD094FF
006985950BE37EBA5E5B1DF9F2F06AD6
DF1FD81EDE3CEEF266A41EA09B7152D0
76BB05CB8E1740FCCF044B24054FF325
D8C8497DDB3F4231AFBC376A2C30AF76
E224DC9DED26FA86AC64D67CEA4FE0BF
4F9BBBC22DA4C3C03828FF24CABA0036
C116B3CEB2E9B24BE2FE989830986738
AFD24DCAB2B4111528D6B65FE04B5809
89753ABD0FF420B994B4CF23C157EC53
EDC2A7BE328EF447209188F6DD64DF0A
2A636DA9C9F5EA8D3F573138EC28CB32
108728650FAB311BE98030A955745B5F
B592B077F55169B2D8A4EFE6EF93DF6C
6574FCB4DC8DDC6D92228CA5B4FF32B9
748A66A88D85D4595409066A449805E6
0F047A327CC66C937F27CA6C9247F426
DD2F7AB5C6E762A46609BD748291C4BD
1724DF2219E569F7A5B4C7E8AAECBF10
82A65CFD17995460E73DFAF61A09BC9A
64CBE6E29BE096C72BF983586BAAEA56
DD490F2F7DE3EF0B368F07163D2B9895
66DEB3CDE6B04342F8881CDB94A06AC5
FCBF3CF723C4E73EAAE779B2906C3FF8
F7632DA48A07AF7EDD8811BFD1ED785F
0F08587A069D8AD75207258B5ED4053B
81B9DD8DB0E378ED7B30ABC70ED71814
164B2AD278095D224DFDEE375B4CC4DF
16FE7B214B309F0520434AD7506FB041
61CDDD5FEDC1B0943EBEA80E19EA3915
3E1C1ABE8CAF2B8B5DED2BD2CF2B193A
35373F81646115D286DEF2BFD0FFE7B5
41B36852D1EAC2E6B50ADCE2977288E0
09B6F1A355635793F95435E25D6060FF
EE9D381D41608209824779B0F31B03F6
56D47186C110C747F568ECF063FB9400
039EF70429D247D06B54E37D8E6D2EC7
3D2E61BC6E3570AA5AEC302C7DF648E8
F9A4BA9D08298FF1E5E63C79762C96E7
B1872AFDDC604A5AB7252A015970845C
678458622D2484D8ACE1C3FC214A7126
9B31378C5FDE277CE3A646E4D7C285B6
567DE7F353E621B6AE498B71AD650E2B
639CC90C981DCE58C96CEC00A739EB77
020C7B586A4EB9E36F03A2EDEB3C4087
104C807C01F2EBB97B2D4AFBC9E8EFC0
BD9AA779CBEA77C44B20F9DC834A58AF
D4A1337F2D1D9EA8692AA9F30B42C328
3EE035EBA4979B93F8820D0B9B4DBAEE
775F6500972A92751FE4EEC9435D05FD
E3D60E5A092495AA35CA45DA51B2F69F
9C8F3CAC5E782C84D443F0ABD24CD478
0A99B7D07836F453CBF21B225F6FA74F
FD9E692D969673805AF3B32798A1DFC8
F6C32A65C26CEC4F5D4F5DA315D1C1CC
4EB37441E89ACE0CBDA7934D89342D98
58079F08F12DB08706BEDD72EC85ECBD
BC3947854DA9B254B4AC13774F0E32B1
03425F8F72176CA9E0C3F05AAA3B8123
5FF5DD85812CFA97E96EC43870739C86
0BE0E788A927FBD638C6643856E0B1B2
5105ECB225D1A36DBC3C3CAD670316EB
6BB939CE9DC88C8A2D85381ECECF21C8
E4D4072F2591C2530253F4543A2C1EEC
25A5DA97541FE0FEC83635FB1BBABA46
39ECFB210EC27F7642251A0ADF658F16
C5F701DA599BB1AC87EB715AFE9611BA
1DCBCF684A680BDAD99B3D6F031DD5F2
DB32A3901598A835C1170F9EEE11CCB8
A0389A0027BA6A7FED676E071C3A8FF6
E774CF9397A37DBA6DE516E752CC1F05
41311AD3A678E79122625471DB041121
1EB85E90C525658D3A4847BB6B6F97CD
75908CEABBD0CAF898F8DD71102CC3E4
D49A007DAAFF402E3531A220B10C8476
4638B8E8B70F331FBBD0F110EFEC5BF8
E034C23D48CBC48C384BE3608C690FF6
08A4A71601D50AAF92E805475CC18F7B
03B4D92CDD072E8ECD6636A35D3F5B8D
C058E475A1C8E3705B208C525514EB3B
C6F22767B1C6857B1B395B48BA4811DE
BA1E2A69336B505C5B3D09904CDA1CBB
4FB11F14042739C854AEA4E41CC066EC
596AF9A5151F9F59C52C797F228B7CCF
7A3613DD6B39AC4F12DCD9B8D3AF1789
EA2A2720CCECF0133EA271C17A9D37BA
8547C289321005A813ED21A216DEEA3D
DEA531D4CAEED22E12CB0987433F44E6
69B101B2595E6BF544088394DEC2513C
B6F263B3F64D0C6DF89F7EF05F677723
2F2447356E7A3B624CA00A2211280604
1A0E07CC4A5679DCB15201B923D9651C
60C9194178E55FA4ECFE091ACF1A51E8
C98A7DC1CD4D20CBCE7C8F7F95B8A597
3AE9945AAEEF37D47030E34D5FC2A71C
335151C755D6C1956F5D8CAAB799A3E3
124E00C545E83112BAA64365E888B155
91FC7653B297B989F5CD162C74E580AC
E6B515484144147CEECFE5D0C8B9560F
3B8CD9C8B0FF1D88A41F5616129AC92E
DEA44ABFB522665E911C3AD7F82C4F7C
ADAE71441EA14BD7DAFCA1E9C6131275
FCE9258877FE79B49FFB90A97677148E
69CF6145E98E2512C305291F6B5B58BB
70CB04C8336EDBB274F3C8E8746B0CC6
1CD00D813F5394660A6B23722A32E560
B12922C5A8208C8232E31B32679EFA17
7524873646C339B902D68F7FD7785B69
502DE078E66D92526E7326EEF98F59E7
0664AE7D4C8E1586F2582EB7A71E8D20
143A4E1DF59263FEAB6C6D4BDAA3F816
52538FE8CC3E1D16CC1AC877C23DF30C
288C183DA6C2C98C2811BA50FB58CE40
8C6C19AB9B8427DFF08B9E7503C40281
9E581574260BCD805B38BE488A1DC79B
DA53BBC8AD1271713D3C09F68765B49B
E53FAF9B96FC133F013FB198F213C583
64A2DF3D79D077C704C44B5AFB2D70E4
49B33F6B88A5BCE0499BB5FF8C7929D0
C61C7EDBB9F263DDD748B927AE54FC98
C5262DC89EDEAD00D3EAD0D512657480
3D90AAE1DB2195D8523FFED2E91847EF
5A80338171336CC03D95605D46B1DFE5
98583AB15AF3E306B819C07D3E3875FB
64C70B0F01589853830445BD8FA6D354
64DF85D2ABD82DAF53F5C26E8C6A3ACF
E2CCC41B5C22712A31CDD83F1D6EBD53
55EC157F75DF88F4A36B3AF78B6FEB1E
8769C9E8BDC9F7D4F341E961EAE025CF
2E53A84A234F064E9B16539935C18B12
D732EEFA89F57EC765BBB4480F594F22
A32B251864298BCDBFF8B6D2FE5B5034
1D1390FF3BB8AD5FB48E44E51539CE53
3FCFB174208753B40B658283FCB3323E
690BD7E1FE375580DD07E6E9A3DC91F5
D6EE388DC137623B2E6EC06E6B1892D9
4B136A761D213E530A098F2567EC4605
11DEFF9DC808527C75D7B8AD12DB9AFE
FF81A80982DD2E18F674FA05A5F8834C
830D8F85491F76D19F43A7DD4969B907
A8FA28E08EAFAF504F222797759326E1
80CF0432DE18DC2FFC074D50DB73984F
A2F6345C13A20476E566656D4F827DE0
3014B724B388616D9FAB2EBE69297366
0465328CD4C35F6882C108B50C30F520
EB096F0DC9983AD5A03DCE96778C1EAA
DE3F0DAA95D86EB4E297390750B49345
7B3B9E32658577C2F5DA55C137532DE8
557B8D286B753CFBDBAC86915FD2E27D
4E57A5A39CAD7A0A0FDC75EFBA0887EA
D0FA9E7C0746D051B80CAEBC612E2F84
1669D30428A7D33DFF60E12A4C4D179B
E220B4F1C5D52AE77F555C7C02433C49
D8683EF5C63F760B2BE81D5CD67B4C04
A4F12CEECE83D7129D37F500BE3159C3
AA30F8017707F6BAA59F25FBFD23E081
769B8A2D5D2A8A22A77C2BCC1712F06A
FE257237074E2A8B7701F8779C755033
8FBA1B0F99200A8248904FA533212D13
BC2723D90C2FACCBBEE6534702D54799
C6FFC475DB77D6C53E6B425DBE67EC0C
EE4C3C7ADAE459492D2CED05FC753872
391A48F04C2911E4900406EEE9062ABE
2A99F0DC656A16D0BC525AA69A6D48C2
5BD79EF2D18745C820A752FC4357D9AA
315D3D10A632BCC66E0925A043C58C4D
F58387C244C1147A974A660542DB2337
2CDDEF35AD87BFAA31F957D5B16CEDFD
BF86D87A6004D116DB4F9DF21A673D85
47DF288D17BB3DB9C00B43CD51874C5B
8AFE288AF251F9D9FC264F593721D2C9
A7048C510CF76C9ADEF544231E3C7EBD
12E8FEB8813018602E9900C2673EBCE4
768C84D0644F54B85102EE0E1AF18DD9
B5C42BFA1CF561D4F2DE560AA49AC006
A89B7D3CE6E8EADE199784A672B6E3A1
B735C3FB39601FA5EB7F02A11970F2B3
37E4DBAF850249F662CB56FCA4959059
60E583415D19FB7EE81A9DE13D5FE836
52DDC1D026F40C39D58263CB4A26B4F4
E6B5E1D786F37D6CDCA08CE487F0C9A9
EBABE6AFC765623B12A7D05DC0CF8D4A
8E6E24DC79C6F1ECD183595AFB82077F
492BC86B1E6B3C9214368ABFB2015668
EA5196DDFBEBF17892DA72D8152C728C
05EA2E606D298DA79EA596B45196DA44
D7E6F048AFD63BBEF5A29FA53EC2ECF8
8D45576D2187AE78CD200C5EBCFB7ED5
FD6F531C67B270E89751E95DF16A60EF
D22F3F48C5967BF0366ECAC6684B3BCF
66698E2E046A87895C0B31FFD053A5D7
91217FF90B25D1B39E488397D0F3E5C1
523DF0B230F92239DCEAFFD718590C7E
FA79692969E49D395078F15650855A44
21FF3E048E8E727A8CCD0C398C3B111F
785BD4F18F68C7340BBF62616B41FBE5
7604BAEE15B7CA2A5714A792E6AFA98D
861A94654B6AC8A4133745FA61723245
DF02B4DC535F05A9C13AB08095F44AD4
733A8D8F7D68338E8EC3E2C1B029FE9A
261D28BF68F31D794F94869B0099BCA4
4839C570143A4D6CE5A17792EA43B48D
689181B0F533094C7127AEAC440D1259
1155127E04A558AEBD17F7B06F860FDF
B2A3CE7D4B826EBC96846A909EDCEB1C
1205C050F8230FD51D2D37727C6897F8
62C7928289CA539A257F474F3B04A1C4
EC6FC2D911C9B77ED234BC00596EEDB0
6B19A2EFB3407D75FDDC538586F14B68
0997B5A3C43F86D32588C5EB47771130
3A13FF2871331F408399E941257E52C8
55F39132E411D660A13EBE68B5D0FD62
1759BC4167816FA91482193D53C0B60B
8F7C1D2E9862D05FD493355344BACC5A
C8CCF7256DDCD9EFA2DCB2F9C9922B66
8A52E274697EDB8212B17008845AEE2F
2F3C270F237CFFFE7C611DD7D5988995
87C6936312BCC495693EDE52E992C3BB
45D6E5307798C39F088191652324DFB1
092A1A47923E79B4AB86A05407ADE964
2FAE0F332899B16A2BF9A3C8DB2BE84A
3359A2A51FC274933B9AA5E52F4001CD
08E7632BA4D05CA907B0E28A3B5CB0A5
3D51786C3F9855C99CFF7ED51915A056
8EE460D96CE9E0964635A72F9A03634F
E409DC2A66F3B6A01B65BA46BBBEAFA8
D7045479088B84B6FF236A7F6F115E0D
5B6CECE2C29E6F54DD9961A531A54A0D
07719EC0669008629BD307789944CC52
8840D02F21EE0E77AB76B4BE7811CC4E
1824FFE8818A0235298EF6C0972E847A
8E2EA6B8492CCCBA5CC5CBB6ACA2822E
97FDF8BC7828ED41174810692644216B
80E80FA7218D0C43886357417FB9BF67
BE3D7F1822BB37116EF57B65288C3A10
A709C1198EA9EA236A87D39811D4CA5F
433EBE1C46D70E36C7FD207E797D87B7
3D82F7F71DD431B130320A565E61563B
47D17E5490454228E94B30D94C31CEDF
FA168D5C500C397B8E39D1D5DB95A78C
05758754602145C833FFECF702AC5517
1FA40BC469B6D071073A32911901575A
774AA987B5C58787A8BD241DE74F6E22
8A3361218E3E8D09ADAB9B6235C7912F
8E3DF3C741EA9C29CD55165483E6A66D
EF960A9F5C4AA8DB3CE18343A6E3509A
4B42982F489A029B75167AAE88E37C29
6EAFF2C13F283C50FE5C29A9E20951C9
49894436DB19910E3BF5ED40F3A6A8BE
FEF510AEAD9D75023063CFD307517A00
50CCC060D688422C9BDFC3099B4ACC7A
F47AE450A786009AB9E52DD0035E9923
BCDA349AD2263C8C0603381377473AB9
67B17CEC067C53AF2C5547C466329EFD
7E3B76E399F4C9E57DD9EE5E14254686
C7E5735B0A33578CD85A273AEDB3606A
573C64F55EA828A9EAB9A3381073EE25
1931BD5123012D2FFFECA341231056D8
FC21A424C9A49187AD0D61C498A1C6B9
7E06F65134A166A7ED627CA06DDA50FC
A946E80C5F596449F3B2769F3FEB48E5
92B474FE39ECE4B4CD6A3B16B2018B45
CBCFA76DA26DBF84CFF4A4ACA7ACF297
349FF147D32ACE060CA613CC7351B0E8
C4BF1048AF82C192C5FD07D712C34E04
2AE9C08874AF5EB904AE5A9C52E0591A
E338C258B24CDA1CBA189297411A9B07
9639A853A9954B771EB237EC503ADC51
31B166E687F8A93F8052672731135749
BD81459AA7CE74750E0638D796A50816
4BDF449D06281E8A599702A3A65C5C23
46B843D4DB4A606A68DAD8F46E6E8EC9
39453C759DCFCCB06B38E05361E3E1F7
9F42BFA1315FB39462EA9782CFD6F986
9227F9370ECC46623773C78B347F5E8E
8693556761584BF41CD3B7DDEC22F377
FB02439DC384F3A51B961345CB92E386
543AC877096F1501EF25150DD3495D8A
314FB25BCE96324FD66D0AF722D18D62
905BF71B03A8666B326DEF5BC9DA1AED
B3993083A7600F361498E7022D683D0E
6CA3C76B320898D000118C44800CAC61
D035C46630FA6A0B12329001F525AFB9
411DF111D46C80E8A93BF3927D0FEAA2
E353DC2F93AE264BB1A663002CBA2E3C
5A058AF8B78D169032989F6EE2CD7691
EF769074AAB92DC308ED53A3CEDFE78E
56193C4EB44F269B2BDFF0030459F823
81441FEBF7633FF6AEF4E8D4606181FC
92359805C4D932F6F64BF31A720108DF
597F47A36F284F0FC315A0A3BCF70FF9
21D24168A785326D19FD8D7BC35D68B5
E8B27CE0C9664A5BE8670BDD205F9B74
13F31CC606847F4EB1861E5DDF8A808F
662DB1FF7F4274F3D9D98E257D041ED7
246091BA5EA32B62C7B815553353E719
E0D3BE01A396AFD3360A2F0E16E20D45
19CDB5205A8222E91DA0B27566EFA192
D55F4A79C6752B80090D38D9F7162D80
6AEEF4F3037A815BB0E53481F07836CF
A8AF08129BB36C8222C907180F4FD3D0
24916BB252C83FDDC8DF63B4115FD65A
F4582B504E1296ACD3530B35C4CD8050
88EFA4BD13D5A63D4EBD69CA50044A71
B01761AF19F53EAC2B4C769357E6477A
872F1038CFD86670234D69CB8C982ADE
3F5C473B416A7AE89DBE71CABA20A0DC
86D9326EC8BD28B30CFB087305BE6221
98030C6CCD5490675F85029A8AE01DCC
54F4CDE25885103A2C0F148DF58666A1
BAB907CCDBB5A584176E5C7B86F86040
756480416C3A1A6593914201FEA16DCE
C88FFF440960CBFFB09BBADB1AB03249
8DE4B948CD4989372C81758F396C28D6
C14DEF1DF3D95692BFEB2CF0860106F3
3FEB35B3F8841765FD293B441B069AF0
3B88B38AA9B949DBE9397084C9A482B2
986794634CD75F95FC9AD208F3551401
110B891BB243A7517C1E987657091539
418AF068B0628D7248B5373EAB39EBC6
0EA97F093710C12E17510F8CAAD55733
A5B268072940C254177BF589072C75BB
ACEDA9298DF21C9F111840B80969F88F
E08E28F2C4B1EC72BA4702BB94967C21
349923FF652EAB9B6BF07AA5B5307595
BE178DFA6398B2510BF223D681AE8F7F
EB8BEA0694F6B2D473CFD293E5812E1E
0F9E79A99DD6929EFEA8DEB90E80CB29
AD3FBB7B86B60E56E94EACB4E80AF13B
9EB60407AE7529C0DA1A3350EBDD7984
88089A5CFF5F716A178AC45CC43A8628
0B547C54B1B61EDEE9169A6FA670326A
8060A58DBBE975EB6852C941F8AB0F7C
EC46D9B9931AF279CCEAE9A52428AA0D
F9E000991B6E4A1E074A39DD6FE13F0F
3392B05CB34801A978D57C1DBD5433AC
822E616AC6E8C74367E03058EE26F4AF
BFBD2FCBDBE7F5FE3DBAF8F1ECD9DB21
2C071C855045BA31B5748B81AA9989B2
52E88B78670A2CF9434DAB6268F7A5E9
16DB6FF49E90F5DFE0C4DFCA15183B64
668BA36DDD6080AEBE33FF1A685E3DF9
91C5D5347AF57915FAB63D3B1DC8D49C
A95BF079595EDFA90E5126FCBDADF1B1
8B7EABDC14F27E5E809A8B65746D01EB
4A774BAA682E25D96988ED0FDD66E2DE
51845452411C0A1538BF9F2F4BEB524C
9373E18A8C46463C90C6C5C95608F6A6
521619946C7E58145A356E8B2F13FDF6
ED9CE40BDF6C4245BA239063D9FCF056
2081946C57D0AA336F7F199C48A2F711
C7E51BA743DB4431E9B71AB9AC70D7C1
465AFD6E0384677DEC9B918F17D098ED
D727F274551691410AD4F53C70CB26AC
13910CA091E193A5717F28609C7336AF
2D66FF493AE59C3E4361FCE622C8AED0
D64ED29793E4162DCF9240837D4210D7
1F1500E5B1C6B877F6E39E2E9877B24A
B5CB9B8EE5C6F32D66D1A8DBA1CDB9C2
0A38326B2CAABEB914ACB8493DD814E4
DE1FCCBC13236664DC146BAA35F13CC1
79212172F60986005449E06D97513881
614DB3325C2D1A68789D0B55356CCF4B
EF760DB0033E110B4E3034F11F38C124
996D55503967E9D51FB3A9AB5AECC246
91C617BAD1866127A341F04535CCAB45
A2F2D1801AE39AF80595C7F8B6074A55
AC9AE1B4B73602412419E1943E97E19F
3FC5DDE755871172F66D62DD19474BFA
00F0BFF9CF17FD9A87B8A2AA2890F46B
5815EFE3766075EBAFABD4C3648C3B2B
5A131D459EECA085056C8BD8C0057510
672D55763E4713B8821A1A12F0E77DD9
DCF3285431B7CCCC729B138EB79CF52A
A11308713D2DF6532F351411E874BA98
072E0F831105A45E4A92DB3843CD0AD1
55FD9DFE74761E32FA92C6216226A481
4AE42570FEEC7DA85C399A9561662740
3400D555B48A4D09B88A4CE126D2D1D0
B46E8738E3CE9834C47D0A2B5E125246
FD898391F27380B4F651A1553A920416
DF166A75FBA5AAA468F03A62AB059117
A24285DCC72E1A210DD79AC1569ED396
F0D77434F18C6892E3D0096D9573509D
8F721140B809DEC22A78135F5AF8066B
9FC6781A227ACC75FA57C6219E9013FB
011F772B0C21D15B54F2E6C37A98B8A8
CEBBD5ECD67C76D1A948C29E2FB325D1
5877F74FD65F003E025DEE083D493C2C
87AD637CAC33FC172A27DB8809E71FC0
A471627EB425622A4437C0E42DB4559E
5467685DD0A53F2C00BF3D2747AFA138
89F1D0023C54254D32C1EECA40946FC4
9D00A8372BA7E7CACF33EF5730353200
D5F4F3D45DE81DC75FC94BA98BFD50E5
731331872588134A65D228A1DF93899C
2CC4D91EC0624C9EFC38D4D5AE9DB55B
5CD2122B9E1A6292476B76E6BE137159
9AC42EF00F93D641BD4AA516D2BCBAE9
FFCB87627765040A673108A725CBD2E0
0ECEEB5276753F96DAC258EE91E3F3D0
220E83059E71EAA25E556353FC0BBBF5
88A5A6FAE311394C1DCE3DBF71F38024
98B96FA8EDBE02205F6BA58C694B5884
A303C351EDA240142C4518910FB68BC2
724C52A7A9A5017864B3CC55414B0C38
1F05064B0A968320E3D6C265C50900D6
DBC4D4D1724FBDF865C5CECBAF323552
76EA6A1245A48AA8EE534A116DCF36E7
9EA0FD3149920C1C3B399903248F11A2
63E630005CB11D67187D449EE19FAA33
1CC0AD47E703B855226055C5904C84F3
424AE052FAA4BEA47CEBF2FC456A542F
DE3B57D176E142727105E5A24FADD718
DF5D366A3BB1581399D24F4CD889E47E
03E8DD27E8468C05ED72D04E29CCE4E0
98F095231036608686ECBD6E74BBB9B5
032FF869F0960EBE9886202AE0227181
90EB3D343A1B9EF35142019D4E8FD934
3D6994A39727BDD1F13B7D4B27670D99
BA69617F56671FCEFF9692D1A2F6BC94
BAFBBD680F67994B5C43E09CC38C2BF6
86FD1784EF1D50C7EE6EC113F5739F81
149D27DBEF7E8404357565140C4CCDAE
51ED5786F820615F7BC0655C40F4B7F6
86938831656B42B1CC1CAD1EEF36F9E9
12C0EDD85150CD6D179E51718E15CE6B
CE27CB9FE215F4DECE615CB7450EBF8B
257DC40F212746D322D12AABC07017D8
E080D82C8DA5CAE54622828005C9307A
C68AE8D8B227B0BEB57A4E1E1C520D9E
1AF42CAE64AA93BE3BE1B6B15E4B1D33
AF9477410A20472E09F692C048766C18
DE53BFE6474E8BAEB09A256D5D3B49A9
8ED9EB5F0BE9EA3719C0E95F80046B2C
E43CA7AE598446F2BF667CF216BCE68C
4C69925062B105FD770797F1160046A6
301497E2903A461CA51BCBC781ECBFD3
0B89666319FB4E72695D9040726877C2
EBE2193033B1048BF6C3C52A33CD0CA9
2BC4B5B5EA354978137CAC3780894E4F
3D5BFD55E94EFAB30399115F34B3F840
6B0CF85E87F7638260A8F37ECC050779
480F5C85DC21A4804F2BF1146F0DFD0F
778344389BF866A8C49B2FB61012F53C
5625A9524E7F0C899A0BE2CB156DF9C9
C640DBD2D7B7A2841396E8DC46CC1101
E8703BBED60F1F6FD0DC97D2FEE26AD3
B277A4C35300AEAB7AC42935133DD025
075D8FD8D2C6465200F2D99A648FEF47
66C7CF0D52A687AD855B446D4A3EF3B4
5845B1573C017831A0438C4827714B1A
78CFA1D2D7CFF6EA51A6005A1FF1D326
B4969FD3135E7B919424A6A22542080C
E3A6A78799A6D56156A82DB91C9BD9D7
67840AB268017565563014E21C99F877
DDE52897DB97E6605AF86693A8B80159
ED1D1FC12C74A27ED1D5AF40B1CA7F64
79706475BEF46BD15ED8D01C965E96E1
EFDF85E90F0365D06AE3FA542C9BB598
77CCED20E358BF05E562883F0AD79EC3
2DE3907191700BF47E272FB66F60299D
F50F6CF0CA5EB49CA869CD9BADDDDC1C
5D4D4B77F355C0B3FDFF16B461AFC354
B9A65E1D2FD9B0A993164DFE9ECCD33D
5C9E52D9C1CF3E745525FC0C09A79DAB
829E02409821E5E976EF677EF8BB387A
493DB19DA872086979EBB90DD384DC52
A96AA860C464041D10E8A8BCA7A8A289
9666DB5AEC197FD7B5AC9C5D9847A809
17B4B5E9D7EEEB834A16E17DA3A7C546
1D52A56A6EA56239596FD04FE407D3BE
B5B1FDD486912F8416AF4F25938C5A14
14C2D004BCB88CC5DA60090AFEC5493A
E823501B6714538B8035873677AAF150
32F902F42BD6637E2F5D46DE20D33EF9
F47C8F0ECBD0CAD5C2EDF6566095C80C
502FE734EDEFF9A2C3F45FA872CE7C6C
733C06D9077682CB2C74D6BEA53D1475
E0751BC5691630560BA5078F6C877F3C
1213648C64606D81F0E23BC287894DC7
F2B328B7348C77682C3CD98AFB6EC82B
B3D87055C3409D7EB90FB3557D417E79
C3A597FD3E4B1F14C5E43F3C6A398F18
5ED2ED09DD1D0A4BEA3768A2CB90DA31
CD351056EE415ADC2800F0F4CDB6B350
DA829918987C5AF5A1B56BFF10BD4F31
00D3C7BED91AD03C711895E84F192813
0E8C98ACC656C94520C79E242365AC7A
10310019473F143F027023A53D54F767
55804C71278986A0104AA94D9573C499
E9CB220B098EB8D6DA8461589525A63B
EC09ADEFC89BD437D573D7BAD933CCFE
FC8D340116B60DF5AEA3B6BA860F95BC
581B02FD2B31AEA06632A48EBDBCAB80
0C94C1A7F130B2E53D3DE457A0FD33B0
505F100DA75DAFBE5D0A9F918C6A21F4
811EC55C36DDAB1DE2D86D38763FADE5
1995E9F0D6904E45AA1C31B337A8AD51
6392991983DDD3F42A0884CBEA17CE2C
37EF028985DD9EF9378AFB5BAC9CEC98
A27559D44EE05E72D9191D793DE9C655
15F93D5E913C41049A20F57E67F45534
739FBE151B9B8EC67B15D27AAF79CB1B
FBE3A14667E57A9342F07B15590ADD6D
87ED1C0A01156BE4C2D3D59009802718
4C199913E7A1BD885E6D6B5B28956262
A23895CD1272528F9125D9A718A21330
D7F48CA153712CAF6D71EFEAF01B9003
37001DCC73C10D8F3CE58F22944BDFEC
A70069C94ACAE02F803C04AE344E3967
83DB99A4463625A27902F082FB67FD55
7D76CBC1998DD2FB24C64A3E3FAF9BBF
7ABF1C68B167F827EA0A74CD8F5CE7B1
55531A22766DDF631128DD07D3CC0EB1
67D9A79F2A45718A96657FFC0C7317CE
06FFB36AF936110E33A427E6FB052CF3
CE7DB19B1B85F066250E33D1AA2B1C92
159E7CB0D7E8D64A1334D514AB25CCCF
6E5B62DE962D564E88EF089BD4FB6908
61D8672A7DBB9A0F576F7B7BF3DDF3DF
8B96AE84ED3AD756BCCBEF4E97A9A5DB
849909A6E7504DB4171CD5E051F21B37
E8D53C935515766BFA018BA76DADB167
A18BEDE6AD35B15D3BFA5F0BEE8662F5
A401B61C8A19AE1EB808C9E93915B261
8E36DDA35E276C39E8F8A35F1CD321D6
63D42ABAFD888F8F946220364AE2A4C1
3FC6D969136CD8B25A831C2D87D5DFAB
B569CF9AA3422FDC19DAE04675F74D2E
C00E5928B24991B52787C7CF34CDC84F
24FDB4BFDEA19FD65F747D1543F3B609
93275A651E0DCDC9673C18132718EC84
A81C3FEA09B92E9231EAF192A220B921
9C439D02D7009F95D0FD3B7A594158A4
203045C80F6EB1554BCF050FB64D20AA
A254ECDBB5681972888DDE247B8FC5A5
FD1A53A79F36051D291C50F1E940ED4C
BFDF7137D731267122E11F86B2D78AA3
F3F76108B1AE21C176B2863ADF5C2304
FF1A2DB549A989309CD02A9B3DF25D99
7B93CC5EA8CBA7BAAB6FB82BF7046BFD
0BFBF3BE3F2BCE670AAA6B46CF3B384C
5A673C3A6B2F56D22784D065998DF5DE
44387731758BAB88A20AC925AD615079
1F67191B48272D8D5F3CB51BFCEBF4A6
A56804362D5BF272AF67E178CCFBA0B3
AFC21A7B992090FBEFC85072C3009652
CA32767894D90CB900A2BBB1BC07400C
B73AF1358BF68E6B27AA71AA88A3FF0A
EA4CA809FEF08AC3BA6D2EDD3596DFD3
2EACE25A8440D38A8568556BCAE11759
214B65DBDA9FB4F2B075683EDDE82806
2F9D386789EB412FD8C5D7D2AFB588E9
6C14E7BEEEF13F8E118D015BA7DE285B
936E53A69379E64A0544A2998A431C98
08541A117467F0D460BF5AE941BEBC89
1DB6146ED43B1E3F6A9A0E37CBC94FA8
0FBCDBCD396BA9BA74C765766CDAC926
6F5196C6FECEC2D0C23038A0D9EFFC6F
676D4441B717EBF6E14A05854A0F37FC
2FAE061044D2A490192994E8B5920578
2BF348748688295FB5DF475415216C6D
7C652C82145C235BEE761788DACBCD2F
CC69C65626E5E72EF435A3F7A222F9AD
EF211D1CE22D3D9283A1DEEE89EC4C6B
3D78535A035D18E715CBA1E89D7CD30D
735F80A18680DC1BCBCE45E4879C8BE1
13256E24B67EDCADC1CAB0520A2BBE62
782D26437D319B762608F736868913D5
5F745E16CDA3297827C26B314E75254E
6FE2D9A7EEB00F74257440E68C6FCB5F
D13997B192DCA6912EAE42351F14068A
F7243E1309A2646C199134AAC5A8ECE9
9B89878DF2C373B374AACB9E5C91A359
15383B2C6324F0A22742F725E7BFFCBD
F00C9BE18E5CA46D995E3030651CFD34
540284569278E7A9C44988F382C7D4D7
04CB6467D0BC0F939A31EA5D68E9524B
530868A2A275792A73216385B23BAD84
4AA423EF84890E7310423D55455D25EF
DD5C0404A7DAA8B161727779DACA0C0B
29C64BF74F53A07C3A00578D0EB53EC4
4EEBC7218F4DF13F344BA44F9B1CB4B8
02AEF338995CA6B0EAF5099D9E579674
05BBA1B196BF8231FCB576825A321585
5A425EFC544D12A7FCA6DBFE5F684503
53D4790BE9BDB7C49583F80D52D2E3B7
78E19880F7148717C34706B5E39DC278
5521C837E5E09F6D5E8A78DF91AB51D3
15E88796376AE4031E56CE4FADF61D8B
8B1C47ED82C008FBFEBEB973AF8665F1
62FC3164C3F3385453285CACCA7D3932
7462ABA8BC822A1465A918CB10980921
8DE2C48AB2E6F258D158B380775A72E2
8B13B861EF9E04C3C1BA9E20BBD1344E
9212D5D75036475AA781C0F000892289
170AD5C26D57D0E7E486FA0B2C30C23F
802B3CA74200B63467F5088AD4935237
2A30EDADA9175DC6DCBC8A0F166D7DD1
C70645604900E00F941989FD12777651
1CF1E079C4FB48E5647B65FF8E30C506
5E4AD66AF935452E75D3444DCB59CA5E
3E41AEBEF72078F593E771ABD89F217D
59F99B416D1EFB6334DADE7079930F26
69CF0E45A0705F6652DDC9C0CB8F5960
7E4F5DC696D43F10050CA5570EC3A5AD
D855CD194D98D696A4639EF6037F13FC
4A5B8D0D34416351CB0B459454F8929F
16F180C9D24AE8A9F3EBD08CC82F7F3D
1EB48DE9C932C2B23F8055313CC7D61B
3D4859214C1D479CEDFAF1BE11DC5878
C51924E26E784FDD3D2324DE6731AB52
8B9C8ECF9B345843EEB82F5B00F53768
A648095DD393E7FAFFCFFABD74BE02EB
866B383563BC1A42A07E38F7923795BC
2FA606F4797C2AAD1DB9386D80700943
4514BA2C39B12B7BAF02476EAE1376C5
5419FC7CB4D5C4D7B30DFAA20D9AF70D
09ECA221474EF4497B59F1982CC2A536
DC23594C772B0B6BCB5069BEDE3B43C6
793CE675B25453EF6E4E868E2A8411B9
C677681F3F8F218484259DA02C65593D
793A8939922508AD47F125B6DBCB3C13
55AE6A8F0E99070425247A397676C800
461649AC8EC426FD0C4E4409727989A5
CB3629C878DE7F7DDB70C1DA9F1009C5
FF412066F6AFFDB652DFD66F74574C97
C4995EA58CA9F06050657A98EDC0F60C
70B39B72837A71F2B9C8A561907FC381
71C6F7635CF3852F9DECA0910F685B00
794ACE1DD8B700E7DED20CB2FE91FA9D
32111811343A4E243571642E60BAC9A4
8788D2D01E69E16E9AA08137E43CB8CB
3AB004DA954469C5DCB125592229977A
28FC146716CD850A2EE901CF30A21BCA
ED6648990399CC82B3E6960B62AC189B
CF6AD1B70CBE49ED8B8D0057874D7094
376B4AB197CA303096B64EF4658D2804
035C26CBA339FFC2948F3F48FE7685BB
06A6085FFB159A407257C4B66B06E602
59A42026F4F7EEAA35FAB97679FA6D24
B154636FD464AE1AF77449FF359454CA
B6B7D5762FE3C0D16F3C73C67079D59E
F741B7D675E15CC1248F19A954552632
111405178873D6A795A8B4093F634460
8E08884D0EE7960E67D9FD8B5CCF8E68
48D98DFF030CE71AD1B558E71D20B92E
7B1037FFE2198F9A00B62A67C6C67F9E
52074231866F10187DB9D2A35F0000E6
864782A24183306D2E33C58E43CDDA1A
F41D1F4A347F7E65A2EB6C064C67F00A
7D7EFD410D6FCA3AA000EC50886E09B5
E8A8AF8450EE266C0700A942278CABB4
29089F458F48941159BA6D256B184C3F
66764FC8086F0308EE8E045638C36823
127F2E4D8B091EDA7C3503800AE5C885
A0F0F8923434B148EC8D4A4016CA5116
706BD0F949076114C4B2DFDBF9B983BD
C0F92B338AC6DBF90FCD61C977917A0B
DC5768EBDFF8E1C69C1D5E4608AD2AED
4B86FC817E21500FF931F6B1C1958DF8
6316F054CEF4C7C19D808A2AD75EB389
B4C1C9514A217EBC1F2912A62CDD2854
B485BF36C688C30009E1B238C89E5212
B912B10116D2932932F49783C70DA258
F1F565912EEE5BC3D22541F56AD5ECD3
45AE924E6CB719405C6F017B06C31C80
537908BAD3762DE03440528EDB50BC53
BD5115A067AF9CEC42A1661D56ED28CA
7E7BBEB358FA602D7E06BC731A070F92
2CF93F9639011CB2D168EB40466995EF
5EE9A1E9B80E2ECF3BF56B3194FF4190
66F0B67EA52E311DFBEFF08A91C822B8
A6387E7ED3B323E7EC4903DD4E8C43A1
701E1D9503AE0535DEFA36FE85579F2D
AD4C660A5B1FDC33EFBCB1CC72D3B9E3
8438983A175A15E2A3979901201F7B1A
2F0F58A8204A44687B7396DFC83E3B88
AE808DA2B56CDE0AAF54FDA5AFC3F143
9840F1D671E1DD847E062FE4582E82B2
3EE03172D91E16645B83F00ED8706E59
2DDD420AE669C26D8F79F74AB99788C6
F6C2869DA88519C3911304389C1F4E5F
5EFF462A30265CF30AA4418915A296FF
1ABB8BC7C82D9CE8121E4002ECA3FFF8
90836789A976F156DBB205DA0767B114
9F65C0C135358DD6CD53BDB199E371BF
C0A2E1363D724945F2542AB36FE68058
6B2CD43C5C36502E62D1F0E0A19192AB
B08E8C4650473EAA36D68B2B365A89A2
4B016C4807835C745E2223DB91EBC0F1
89AED99C4F30AB7A29EE4D9F32C4D907
7B5C4C522CCE838AA521150D2707B3E8
FBD8C471B6B085E810038A5CD32F0529
46A14EF53027B8D8FAEF452C1830451E
C691EB798A9AE40A17149EADBC847A5D
299D9C7CC63428EF3375DBD52E7C26C4
9D47DA60C67E7A390EF379BDD00CCDFD
B15CE54E928DF608347D145082BD594F
E0385EAE75712E11F861C38DD6E864A0
820036F7CC97D38BEF4184ABA49B888F
D9840DBA33A3420CB56D6C7294895951
BAA8460A0C9625A6DC3BF52055807194
09F23F0BDFF26206E7030B1ED3F594B2
F891B89016C48B7E13AA1574B866FD3A
FE02EA90E57502204A620464C151B973
5E94A608C9986CA45AEF6B7BA08BF078
B69D968BDE02E3492A1A58DF7D91D109
D4DAFEB76917D4D2691717CE41A5A941
B4B3E4D1AF6B19A0CD455AD6E9C25C6E
CCC73AD14432C2F5D2F947377B00446F
0D5F2346B05F7740C7CF97462FAF71B4
188CEAC645EB87A00A82C7609BDC3472
D1F169A5CBC35386081115B16EBA3267
CED46E6C34A543C32E1DABEA1D3E31E7
E67CD51E3AB60AA4BE36CC55D88F1F32
30066C4E8AF1F2361500E0AA3C4642C8
04AC3FFB0FDF6CD3D9DDB5879183A405
73F2EB04CBDFD2226C4C38000EB348E5
047652204D5B89D8C30CAE7CBA65C808
F050146FABB7CBD92D15CA626DDD80FD
9DE750D5A6BD99E88772375975C57082
D54CCE17D0B5BE7ABD679875D8071D36
62DEE382F590C73EE0EBDB0712B58F94
8A244518D4FA7037288ADD82AA4B2756
1A83EA916B9954373E6FD6DDBB67AC05
9F2507928667D45BC009BD345DC2DC9F
ADE6B49EB328945DDF91B8CC67D887A3
4222247525901F1324463BDF1AD31ED6
84A7C702F0DAEFCAC7123B9ABFA0728A
DA2A13429171A154714347AEE87760E8
C8DEA19A03D7FF5F6EDC21140D8430D2
A1F21650EBA06A9A704EDABCAA922437
F2C3B53226D0776A863341665F068144
05596DB9AF068BD3BC9A530EF4E07BDD
39E58BDCE89BD507523E04366A797445
FA30803D81BA9AC1D8FDC6A05BABAD14
02F307A91FEA7873D727A43E3480A608
0C233FA963E36A41FFCE14721F7CA7EC
E7BC1EF59841A03497FD9AE7E7F61D58
A6B4051849E78643FD330CB02912713A
84E68AB5FD018F1FC53E7176AB9809C8
19ED7C7AB699F039D67DB5C829D8AEB6
0A8F6F9E220900C69AE9CFC803E6D967
70978011905D667651B7243EEF96673D
09907011E8C18CB133156B4AE8AB175A
D1F61C60CD50E9243BE2D5EFEF8B1E5B
1DD3B581DB1108619E5F031E9472F9B5
3335CC7EF90BB2EDF1FCCB532B1285B0
F62678FF0D695EA6AD27D4C0A5D82358
451CCBC0914DCF8F11632FC748AA0F98
9FFA7ADBC5DBB70B9F6E1A28E88E2475
806E0F40DDA485B4F268A62697AF9796
1E6852C101BCC42BC1B6821C7BD23C87
1D27F6CF08E03190F90D8EE43010B5DC
6227CF1F5F67ECD0DFFB78FB16A80311
E7AA914ECE69D7D8A1FAF31E9DE67CDC
960A86DC96A92F21C04F15CC8DB98980
87819D350352775147A9C599ABDD40BE
225F88905EB4011B67A0467950303B48
E4BA1C4316476A349601C20E989552C9
B73E45B94A3B00501D858DBC18014094
D46833997D1B76D0D32AC406B9829AEB
15CEF54C9D771DFDEC2537E249BF8184
BA3433B041D014A2C95E710A5018ADE4
1EF8BB2E2D3441A7B4D473140176E1B7
EF5248FD625BC6924F198F319EADCE05
5AC0820566ED26C03F46C6C9B39FAF25
1D386B29FB2C958736AE483B28BEBBA0
F28274F8F656059ED9DF0CA2E1039BEE
51CE96FD702F84C5EA3453EDD2961364
7404EAF0BA9010B3CD675B4ACD936C48
D3F4EE98A7C4E884B6AC0BA0E354C4DA
5E09C16496EB388118468FA3AD31C89F
B036CD60EAA9959E94B45C4442023557
B0B6567976E7992A62E27B7DA5B67F4B
0069EECBDF09C12B732FE5787D037F78
5582E5A31F1E36B4F4A372EF4892D05E
2D3EDABFB710B95A9B3BDCD24D5D5A3E
5AF53BD91D38BAF87916EB8A98E9F4AE
ECD901B2505FEB76B46451AC7C874E58
36A447344D2C1818B0D2DC5115D43D9F
0715F19438CBD5113AF4506B4B8C1EC9
D72A3DD0E8843832FD4B73B574092734
7D9ECAA17E5A165EAF9B27AE4C94680D
4F531523903F21FB9B1DDD79C6E03803
C77DB626B5EB92B670EEB16B53B042B1
7A1CC99F1307AE033EBCE3B24AADA16C
82989DCD3766AB6D9AEE176BDCC91B9E
853011F10B72F10209BA841F6E94BC39
06BA4B533DBB9DC0552572C234CF00EA
009EB79FC44A141D8966A8305D20DFD0
30A383EC9FF1EA2F202EF2CBF25A453C
9750DA6F484D77D762AFD865A0289979
12BA1F7525C7CD23FB4FEBDC12B220AE
8248BC53B387693B876080637C90253D
2C34C02D77A0C55C2970F53A2E373BD8
5E31652B1F404078AF3047FE3546D975
BEAB7B3924FC9F5736CDE57129AA5E17
D26EF1907726A34B07CAE5B8AE55D64E
809811DA6941234483730B4C40DA1C7C
5DC7A9FBFB4F73894E7C03ACA17ED772
35BCF348C5FEDCAE8D53B27992A5D5E3
5FB389564428414A1771412244E41AC2
97E657B94DE3F39C0F59303B74075B67
6C0F84644DEA6E902ACCE2138980E784
9FF19350B4AE1D7209156FCDAFFF5B28
00AAAFDEC9C14931C5CF93169F5F7A60
AF17AE842660A2A3BE71850A45B4585F
2977BFE70E04D2D044DF7D826A77CD44
30555DD320DE4306F45F1D1A78C13BB2
4F641630EA71BFBABDF553902EABE142
A8EB2EFFA316BE84434E84B860624225
5108549BC645678461F8E59FBCE34BAA
7DF0D0D6B8F2B4EDF4781B31F36A71D1
B36A4D59E8DA81D5D305F11139AD16F8
1548F2582FB131927A483B6E69B86988
7B37B128213888624997CFB78234146F
78DF62AF6B76B8DB08AB7EA7F918672D
987D38F9F1C803732E80E6AE3F6DE27E
1E9C89BFE2F4F6606D04BAA6C2383C7A
F5911E16C5722CDEE4A4DC8A5651B177
B24681BCE70978C9EF611C0D3FFC17A7
5260A0EB1DE5E36202E06A2B9BC92503
0363511E79C8FFF48C546A64902B5B08
580A4AD6DBB4E35CDD9D83E2C2E68D19
BE8F66BC6BC6E0FD0A355A365715041D
4A0F7E4A68CE7754C80E4EE203EFAA7D
114AD0DC9CB922F7185FF4E280A1460A
FC3C1FE056534D40D35ACBAF44EBBA96
499690D969657DBF5556AA48B7242192
31A353C9B5094B8A49A1652667180D7E
9160D42AA51A97C1575841167C2F0875
0CAD20C8D3B1DE0181FAEC2AA1F3E047
71C613040EA2A0EA6684253A52AAF91C
854D3BEC5B5FDD4476ED14DB9B3E28E8
7F849509F968E99202F85090E981D011
54D2183BEFAF0DD816345AD725D5BA8A
71981C470BE1A9FA92811BCBBDD6522E
B64B14856548D1C010AB1EBD8CBE1469
73397B8972CDAA5DE247207AB3FD431A
CE77154C926F18C9739CCD2328875272
44C942FFD44A5120D8E1F74172373901
36B9A78796D98F40E8D682B56212620E
6BDEAC083B42763AF44B09C808E30F0F
8726A19921F1092C92AB1B83875876C9
DAE83C38EE92945D2D1C33535CE86AEB
47112C08DC2D8884057CE22AB87B1367
16AA493892966E5651A3797BD8ED1330
9A6CF2E11414F6427B15437D1C1FFAA0
76ED4E07480F375645DABA9AE527018C
A467A42487721760DB9C6DAAA3703D2E
E77608F7EA659CDC8248E4300675DEEB
D2322458B2AEA01A5AE357169F1C90A8
5B15FBFCDD26906BD45E932AB2CA68AE
45987429FC08A588A95554DB33E25FB0
DBD8B845A7A40F50E1338A50FC8BAD5C
350C285D23A3A5707F33B8AAF9CDDD37
AF2E3B66C9B190B6A0E476E23198F4C2
BD3725E7380D461651EBAFD691B8CCE5
5D4B292EC97997F78201266713C6F809
B9ACC66B5C5B4BDE36D1D8E721D50DE6
8B1C8C663F4C8122E44C5B184D8EE06A
2C3017661503F033103F4E72F90B9BEF
441FBBF3D955BC21810A6CC17A39AFA7
A91B0C416346F1679E86DC6E24A056BD
FCD9925B1B399ACDC781D50D2A0C4AFB
98FB119DAF66CE57A8A96C3922AA23F4
DB02FD10BDA690FBC7584B1DEAAB81EE
1253861B3825F060DCBD991C71634EA9
77B3A02F4B5C28A21375CD3D8850E3CA
5C387D3114D4BC9F9BAE4B377778EB54
D5576A884537A4607AEA6D9CC05A2AFA
BDEFCE7DC520ED2A40CDD4DF7DBA876A
01A17B42B54285496BDDAAB806EDA920
D646A0381C613F5EF797A66D06F5EAE6
48ACF4E60A9CE1F559AE94F071FCAD6B
12855819A8CE76FD0E44F1E696835B0C
D39085607F0C1013275FE4BEBC218D74
5FC036AA91114CFA7328E125B4B19627
470D9AAF7C4EDCE81418A3D9CEB28FA6
D2D4B5229784AE7FBBA5A90E7F98EBB4
4159AEAD2B5327A46B4F45036061F2CF
174C3BE444BF4E039382522EF9403C36
5CB4D27738BB65D9CAC4BC64DCDC6331
2A6F110DB366F6CBDD5926714B8E25F0
8E8A7AE0D80EA141115C0B4E2B8BF0AD
1B28C4B2B5EF7A182FDB2E0CE85A909A
04255C75B9D967C15A8544D05BC0DE60
3B252989334C8DA99C824601E9363331
73E052E31A7A8ACACBD68C913BB221E5
0234AED5F0AA6D84034D3C415F372F4A
27742B711DC49B9FFBDE74BA3E592E30
B11FE36148607E3A0E27ABC596AEE0BE
7F13ACC4F1FE72297F7549BB47711B06
1477872D6E024CACAF779F84E2519C73
8B78152C83A1D7ACEDC0E036A71802E6
BA7B14ADA646AF5937AF83A3ACC3EACE
7C94E6AF341C63DFD5E3776C41D7345A
9C7F47F93A09869170DA386F76E374F8
E5AF2BAD76C2A1CA93F7177BBF46EEF1
0B398B4D478C762F3FB5794E41B0D6B1
42430B550EDD67E00C677371D02AD621
3ACAFC382C1B10F7A0A6C48B12047BD8
5E423E0CDFD7E6A0CEF496ECED2C3FE1
4DBC8C91506C27B2569259E0D6353253
E138CF6986264C39532AB22A594B9BE5
928D0066A004E926F15FE77CEA8BD377
6F40E95F6F1120DD7DA565FB1C20E952
B70AB241C3065F86F18AE9059FB0537F
AAF2613D0DF75FA39FEEDA9EB92CBE76
0DAA34B0F5548B6E67A8F64522BFBD19
2A047408EBD622E867D3B49652125FBA
D1BE8706353887D2840D57769B6686A3
C61C5AC819543D28E6243BDAFE149B53
674CA76769F8EB108F09728A4C95F33F
E3749726D06C800E4D95A5E2093DFEED
22D457A32E9CC929C906FE4EED5B38D6
979147D8EF6F05130B398F4D24524068
A255A949CD16C83B07D2EF1CF3AB151D
CC4A8A4E963D5A3B7B96DC7D181D1894
42B5D26FBEEA2A4FC0ADA7AAE1F5A6E7
B28C08F3B33A5B1D57D01240DADACB8B
4A3420D4AD231476A38682D6BF9CEB86
5B64C083832C189B0B4436B0E8C5EFA3
ED882A3306422F2563C04EEEA918D8A7
A49DDB267C6DFD5319E105F6E12A2F80
732E60CFAAADB0D0DB43366E019F8C07
B49E92E2C37EDBDB2E1BAFD6303F875F
2A5ED5B88A857AC60403833928808416
C1E7BA7169C227C9A5C4BAC07B959EFD
E1E06F3FF7F2BBB5F76A860354821084
C841FEB9076C775A30F5D74F1C49F9CA
23B87FFFE0B5B6419A5074F67093BDD5
625076A2130199C9D88CD06B27F1D6CC
8AE1980608E17C0E08C73EBABD05E90F
3BBD43591A084ED3250B33457725D33C
A58306EEA1FF56543686BF3348D8F59B
6DB5B468BAEDB60D969CFE218427694C
5C87B59A90954F1AA6DAF446C819D265
1BCA1AE93ED5FFA8ABBFD46EF45208B7
45C4ED45CD67BDF1758E5C27EA05240B
7B9C6C8B99427733F3979D58958036EF
3492CDB785B857A0C55F43F4D72D699C
6C0830153816EA08A3C101C945185854
DEFFEC6F9D986F0449A557B1AA73D2DC
57247A8C0858C821C4D785D15A6084BC
A6679002F5AC91E5878EDEF0EA482CCB
F0AEECBDA7FE3145800CC38493D05506
573FC25B168A14130EC35CBCBEDF6154
752F2EDD383B4D4CAFE0643A136127D3
8A40FE54733DF1EFFC4E72616B1685F7
869DBCDCCEC0495916DD13C1DEB4A5C7
9B042508EC11BC65BB2192585D9923F0
63AB96E827DA9D4C948F259640148FE5
48446DF4B34BD71D915D354EAB69DF22
FACD3C0C9391F4B5B7A67C70A44A29CA
BA9A405E7E0127CAA2B366FB65950E3A
9F3E9CD94F8CCCB315ED401F48A5C55C
F7D6F81FBB4CD6CB70D140439ABAC939
3D72C54DCC363DEE5C63C59B3EB4F6F0
E8A8451686B6BE42315F4E3EFD071309
261B672A8F5D4F7F3630C700FF3AA54E
4290442152FAC9633F5B7ACF607C568D
2B108E7BD62976E6F5D510461FA7F940
0BA88438112F40996BA8E852C175F1D5
EEFB66F7544153F08B78D108D534516C
AA9E4A061DF7C30134310F8890277E5A
1287D9562DE97ACB91F83C6C9CF7BA67
BE861CD70FBC494A4DF98529A035A3DF
4E33EA9AE39B5193E0C7EB85E3687478
60B76D0D5BC6D8F6CAF30CF05E3D567D
E7C032EA3A075E7982F0842455102BF2
AB9D7D1252FBE0BE01D9FD7541983C88
C3F7C613BB823EF338514950FF77999D
4D8001ED6F431A56D006A0401A956968
CBEA339112AA13336373918C8619C65D
61059EF7D6C641D429E1CEC4A69CD12E
8385D52DDABA1EF3C0B920D7ABA7AE8B
30C4E2188DC061D933ACADF5C9D60448
9BBB10E5B164C7636F86359C73353B4B
8431FA48FCC6F20189E23CB07C83F043
D09902660308D0DCFC126DB75B333506
DB9F0116BCB7AE4112567CE781C3D087
C44ED3DCEE420C535DD55BA2386E3FD6
3844B2CA5AE1A0CACB6F95FC5D8F6586
A7B25AE1E4975F1DC95EA043698077DE
8650F20F4213A8554EF9782AB6455407
36C1EEFC55B3F3DBC2233D0BC0EE9182
7609A728FF773A4592306B72B9BF8637
2AB5FB4E595BCEF4C70CBE8E4EEB8E1C
98E3290EA199C6CF0A703E9C5FF82D06
7D1580C66E39DC44CD555687F475F548
8D625BD11B98F95E5E943D64EDD8AF15
67B91B8827C8DB651D65EC731B9C5300
21D406A437D08EF3639015D233B98AAA
38D7A37F2DCDBEE22FAA82229A1B6FC3
51382C4B45C25F0AE12442FD45E72353
EA6B34D0640EC8D8170960BA70D2C18C
DC145540ACFAA4062BE66628B3F12448
E5F13E21FB276DAC366CAAE9FC86E36F
73318E2460376732AC7DCEF3440ECFEE
C85C9786CA6619C1E4C0AFA72BB38377
786EFA07829FA004E59AB81F2144B04F
CD9320CC6CD4A0674E8653DFD099197C
60700E940B7371BEE00AFD929EA806F1
68A54F5B586C0551298F2971B22A8A39
82530D9D2834470C30377911BB2D3DEF
CDDC56237FAC4673D33E3B8DA92A2DE9
FBFEF82ECDAE4633FB8EDB5BC845ED30
88EA1137CBA0ABFDED6AA72A4BBBD020
DCC116778CB93B024D84EA1E65D9524D
C502447322EE3CC7B8BDCAFCAC61E60F
F2527E998C0E76B338DE6CAAAED6F01F
B4B45B943BAC6105F712352A2BB77F17
BE485730525F0254C7856FFBA91C0EBC
77A5F7F44DFC54AB886795DCAFB0ED28
99F7C6B8C5095A1A002645C72B674633
7E361E9B0BB3F7899716E1124D3940E2
48C7393E06DEACE709AF3DF325A05B9A
D25775FF7208A07DE2773D7A82BBA67F
4A67EF2D4FDBF0C3A1DAA708A7DAFDAB
DA39C7C9BB60D2B55DC1BD638F713A52
BE462C2972F947AF3F335A6BF1FF9D29
8465DC32AC995A6F7FF2E0C9C7E71ED8
1F58996B24F8C107A0D99EF375D0FEBF
85943602C8025A1EC4928EB244D6CEDB
8E348340FE60DE513A3C86E6CCBFA375
90F182C1B3ABA3642F7BA346A3C0B3E6
CBA0CE8B685175447B72EDDCBA9F5149
A5FCDB1B69806DC96C734A19244E1DF7
67D1BEFAB2C30D8322F1950C7400F780
C5FB40F32FC77B5A9B710273681DCBCB
39A93ADDC58EB25465B1C45B2734C466
9B851FC6884B482F957E22D2257B965F
DEFA8A4FE5B65DC51E5DB615E5E9DBFD
5A8D5F8C80F687EBF3A4963428EDED8A
9BE429316F03FD89CDF9F80BCD15870B
434DFEE320D310CD18E901B2FC7C2F76
14630B25BDFFFEAD6C5BF8D70CA58E34
4CEA88F74FB112307D8AA37CB93B0416
9CA99928CD19EC8BF707638BC1209DCC
A9A1E6D9BC4C3AA05B0EBB90C84823B0
F23CD018711A1277D1A081213D477338
2765249705C2F41CA9887BA806202A2D
4CFCCCA30A5B227A08EE2DF88C7DA305
450CC42FB32840E4AFE57D4BE3703110
68A5D98296164203BC7063A07243FC5D
701006D28168173A18B74A3A4683EC8F
FE89CF656FFEFF26815BD90DB57A58E3
16624E859C4BC61BAFB8E6FD16E04883
33A8027706B11B9B2150B8559E6A22DC
B5B7F957401479ADC03119A9BA0B1F97
BBD5A708C2ABF970B276EA6801488BF7
2A3933960030244CDAEA7BAC77D71602
717DE932F5B5BAD4F87C0F0D3AF04DA8
D3439EB00DAD0C84057DCCDA8DECB7E9
0B6C50AAA9B07C79C45FF5DD24CE1DD0
17B7C79AB9B36026A614D151D449A583
7D3558CF88F9DE6ADB52197DBE51E7D2
FF6131A4476F514004D11C7DF5D49AE4
11C2AE30961A045190551B9A82CB82A7
9867F4499012F596E0C6118BA798524F
99D483B5B6C2FBE04590DE340C5D7019
EA86038B103D84C8B7A29925068BED77
AA7945A8DD04885D6AEC0540AB8DE39B
99AE86B7DB3D959EEC2500F7684D2D10
4690E7C9035489FC2F76E515CC724432
0BA956093866C513925AC0BDC987452F
FC16560DF1FABDF0AC6D7F295529A2AA
17818497A2172EEFCD24D34E7E0F9DBE
27C0FBDAF192EDCE12B69F3D4986E22B
3BAD29EFAEB45832615471DCBA06AA18
15D93022C698B1B0A664FBC3790FEE41
3D9440BB8F227F13C99B2313886F349D
41571C674509A5BAA4502907BCE271D2
C9888A37584534B0A5E756F3CC7F9C82
5C8705EB80D265F6FD4F095F372983AD
37009B775625EE15B0B2A0306E07FA25
70D1332B85A0280AF9A1C553C4F5E3F5
D17B7A4F6517B0194BFE948F2B817D37
82226D6F222A5C00E21753D671D01887
B62CF91CAEA1B91CA661D5CC4D5845D4
8291F41F1A0FFBAF50228DEB6CC60978
4C7017D89E6F5CBD716CC910A9956424
0179BBBC1CAA72C9AAAA30D712519419
0221AAF73EF936D936163049B40B0ED3
56BDE10ABF4D87D4CBC9363F754845FB
A4D8744295E36C6256DADACC54FD39B6
57F27BCF10BCFF23AE29505EE49EF970
6780744685DE2F5BAE3C067C9FC799E2
ECFBF6CA6A35063CC76CE97D9EFFBEB7
8B072AAF214B7EF835BC79AF410B1D03
978504CDF4BF8247255CEC1D0FAC01B6
728F1172810D994988B5F0F6E2FCFF89
A0FB227BB5CA1EDFD5D6F5D34895D21C
DB43B34D75C7ECC8AEB027304B81DB68
7881FBA3243FE1D890071FC03CDCC28B
7D91952DF77EA3EB2D7884E23649CE46
900AED2B3534A5750566CB445CC6DEBA
54ABD2AF6D6787854F279BF782C9B86E
4BFB07BF8C0B42EDE8CB26A6DDE16517
894814F2D36DADA57787A09FEF1CF776
89CF86C77FF1529D96AD3E4216CC4848
C11672DBEDA060413E889DB013277876
0592859C869D60F2BA815D587D45BDC0
3B1A95AD0174D998C93327B4115E7F24
3D505BA776D6DC832778830EFB4189FA
3425569E5D90AB84F1E3037B0DE4F08A
DD508B014015959B26BB0EBFC4BFE2C2
136789D2B775B6E85492BA23AB9C6108
A1615F203A205122AD46A336E05099CE
29E4B5CDB0E180839ACEA82BC7136C5A
C12E671B08A0A3344E70459F4BEB4D94
4A54654654838A130EDFBB431D2FED7A
D024F5A19694FDA72F2B3D8C2FACB58D
3042F8EC5EBDC42C0E97350999243528
E8CCF5660DB5AAC68760A23DD0FEB002
FD5F927E0A6C368D3601674A8B4E591A
748B4C713F16F697C7F0DBC054E7E24F
5239789F1919EC19A4CF07D579BBFE2E
E0883E434D9988ECABD1E993B5E519A1
FC9091CE8F19475D29042E2D5D1D04D7
BFE7C2FA8159B89AA3ECA1DDDC9379D1
E3CBFED5DB9BA6F9970B8D3A70C4FA70
8F684FA2F72F2D13C1140214AADB3076
00E28B359C67225377B8559AEF83EB08
7879DC8F5A42657735889882FAD65094
CAB999C0A26E9BBC18AA96B558D2FBE8
298BEC09C75EE069B1E670AF76453F10
9E8102C924E3FE9B651A60D06CCAEE83
9EB2DE6B8C7D64C75872AB8450B7AA71
E8BC3CFF5D7A6319BBF0D588AE4FBB28
ED1A6F9016C0867736AF2C78A41299D0
D079E3E405D34D1129186EEA8037823D
BE89DA601EDF1B1DBD6A289BC501A853
222AF02C0A434303B4641D66CBFDE3BA
D3260416D6C7124B7FC29C34FF225395
A5F34F0C6E6EDD5C74D324315EE25972
EAC7B4176A4709BE9A532D96E994E688
C4E3DF4B08F0636931516F1020B72265
0AFEC96DD11C7A2E1BE46F2F6D2A7452
69D135A753B622803675C762673F9AF1
052490354ECA4189F4E1193ED6D20DFB
331335289273A5D6194950CEE1A52FEC
5EA7A5E44186B8C00CE4ACEFF7ADA8EE
8E9A6980E7F0F7FE114CEEC762945597
D075A9369A3E8132A79F0D96B00E1FF0
AD9F54D7DAACA1178CF679A052AA0A65
E91B4B28130430AB448174567043B8B9
31011954AC10929B4B99144C409C4878
BE1B3A5DAC4B35EBAE9CB2EEE2AD7422
4B2D9F9FCD7ABF3EB6B755C1F891CA66
C8AC28023ECCB76C5FF8DDFA100D18C5
94119AC3D37E46F9B8E4FAC3A897FF58
47E1729D7C054063D3ADA143AA358719
91CA1FD1DDEF08BC4FB9BE6D97AB3587
046906314ABCF117E6BB772D6D10188C
22D99D88784EC893DAB616EE64799E48
20595289875DB530C7E26017106150D3
03B8CD75E421A9217DFD5B372D3B2D18
BA9CD3AF7616745F725673C4949664B6
2BC9B1138E9451646874D7240382A611
9F3CDBF43836B6EBE164A75C69B5F01B
7373BDB68434C71DEE2EB2715AB21E14
D03CE24C2AD1F34209DBD03ADC3FC399
05A95691A4B4EDBE04F2AD684DA84643
2B90FD3C8D5E4F3F8DB5E80781378E35
5B2D9B4947B3E584C14DBD8E344C63DD
42435CCA914C9BA129DD355D208B67FD
9FCDC37F1140641CB415C26EAF024034
0AEA3BF7748DAB684ED3C26F82DCE687
A9EA72A7F4D12CD2C94FBCBB320E652E
ABDCBB5597BFE578F2B0DBCA1CFAB7BC
696DA1227412975A8252DF84873ED581
8D3E03111A788AB9BDA519D74968835C
25FBB6508DE75F5668C2759467BDFDA9
6AB1167AB7120746905952930ECD376A
AA986954036A5A916A95131024D0EED3
BF6D4BB7C30FF3F5ABF452E71664C2E6
85E33355AE288595188A834309254CFC
8BE4FB076C689F233156015F39F9B9ED
07300D891A6CCDD9336EF8C51E8A0FB8
DA5150BE53F9DED5E8D0CA93A39C1CE7
267E2234CB9BEB00754CC8F3903494E8
EBD32B07FA03D31F31505CDBB13C5019
5BC8B60342DB43A61AAEA481E156AD41
722FEE78EE9F5980015E0BADADE3257F
241062E37B61CBD03DF92D7A6434EA4B
7D82D53DE805AB4AE6DFB4E2BE4F57BC
9205A37BC88B93A7E2FDF66F642EAF17
D0FCC7FD1E82D2E28737A2B58F6EFF36
AF1E3125E68C0136BD79159F692088EE
9F0C7BEAFC75651656F5420387205C04
7F8FF2E7B8B6E5EA0808B5C4D48E5523
CF18BB4E85C23817CF5D69794AF95F52
793C03C5A431BB0C883D118790EEA1FF
2F7E0496BD4ACBE9F8F834846F97124D
8281F0A365AFEDE890C1F909D2957F1A
147EB48B620F919268A5071C07023492
0D600519A7DD7FAC130DA00737D2A4DE
14B930849CF5C15656EF3D873FD41E48
70B365710618807D3ED64DCA087A2A11
EBAC9E4FDC98D4153B8547E9A1CC1CF0
0B3DBED73502A880921515C13903A9FA
E5EA02C7D68AA3B18358040F902223B1
CBFFECCAFE3ADB67F281980E623B7FB1
AFAA4FE00665C3CAA81F334301097EA8
593EEE9FF234CFCBE7637BF58B30B35E
C309F43F7FC80B1880E13C350886D13E
2D656FE7CD2124A4FAD4844A135AADD9
6B9FD9BACE8E0F9259A8EBD045094CF8
34BBDABB3DE2A12DBD2F7B57A7081BE8
FBA724601978288563ADFC2F775662B3
72226E7D6CC015A9F428BC5EF5BE3A86
3F1099CE43B493DB3B05336B1DBD78B8
B4E3FF2483EEE05A4A89F781810F5A01
97F7C4B3DAF3BE075BC9C3F05AB48CE2
176A8E65818CF50A204CB8C95554D710
D1F0E869C233A98DE7DEE1574B15391D
4ADD77FA7922632FEB69539FAD34FF6E
11410B878910793539062796B63EF748
38DFFC4032E16ADC18E48F6EC8B6001E
572D51940957C291ACBB1620785C206E
125F1CE060345D64309F454A097093E3
27AE5F23222B24C55C9FC208A8B0D421
5D31141DDF6913B20A8F26E46CB9A08E
0D5B836ABBCA6EA276D6A8E58DD8E5D5
D379A5F2B83DC5C00BAAC8AE434BB58D
993C3C0E2B9448DBD7F86193E8961C29
3B3A383CDE71F451A64F06E0047FC6CA
C6D8323E190837A23915B72EC22EEB52
F55227E12ECD4287C3EDF0856A2B2638
68D062762BD7D977B56E0315707B3CF5
1CAA39A9A7746390B50F9F0FB430CDCE
A7D100A012306078D06FE7286C2383E0
033E858A2CC9395F28B49DFCEB30C8A7
CB3D8E9D1596BD32C44240831F4743D9
B2791DE013A7B29C97B290C6E751DFF4
6F54B8B50524EB91D6479C0C5C22226E
6082B48AB458785EF21502BD7C0EF5C1
1F9DBE19FF0F6450E73E8218EC8EDEFD
8DC09270AAB4D3A16CB3C68919E03911
48BF8A2CBF8F7C00F9914DFE4EF4F7F8
B5015EA44D54921C06B88384C0CD00F4
D7C5635E78B8BB59349331E30DCAE99C
1EFB3D26A521BC463F69908779380C6B
C0711A11E160F1111520F39C699F442D
D874459CE023833415C743E6A25674C4
EBB4BC73CAD5F1C101E66A11B338E163
5E7F6E8AE47262D42B0E19845AFBBCAD
CB33FBE48AF6AE92776553C1712AE25F
07105A973FABD5A5BB22567A4A326B6C
4CB68E6FED2494C20C6EA5F9C80B1963
0D246CF31984FC4CD252923576C4E89C
B6EE34CE7A2EC25C88845BF72B4A42EC
D06B0DC7DCBA243863BCBFD9304E0DF0
B4D383D8D405C9A0C4218E645E40CD57
78624C2A9A2D2071C824455DF454435F
5D3F451ABFC1A9F7EC7DB15D303D4E8D
F23A9B75775568F79E4A8175A2AD2C2A
C6DCA23EAEFF3C92F1DE9914D6EE144A
986C0778D29D3A6F6C23B0B962EA1FD6
8A38AC14B1BC11AA9E333B3796BC2520
87FE00DBEB58639EFDB79B4E11AB3726
8AA458C89C3661FE1AF487FDAA3D5A23
402E9D6985DF9686ACD24A4D075B2B98
026F966E60564E5EF05B6CAF481B0043
AC2EEF16ABED0E355EB8F1026BCE514C
A76F8FE56BB0B2D1D29F8F7CD85769C8
DA94A2B65166B4B014CF88B15AC2C647
82A8FBC4C2A79FC14B6FA58AE374332A
3BCD1BEFB0BCFD5B8DBA0959DA686C2F
2AA1FD43523D013004E988C7DDA71FB1
664DA8A46E7D914CBE176DFC80A370CF
A178E3A6297C88C0506E3C120F8BCB26
37FA77B1A5EA67275AD84F588FD580EF
111BE6004C1698716FBCCBCDD0E0C50E
D1D76935FD5B5F74C3E8DD066F853900
C51E4C5E3151BD2B40C15E7B7D719B18
AB38D358662197041DF0FF3EB5A8F818
2C66F02913F536B6BB8802AEEB968BA9
61CF69CAA9FB8D39AE4700B286C318EC
EDA92B6E8B8611F1F826AF1B10CCC7CD
4FD6F2E3B2FBF5FC150475426946E28E
18F0C3E16CC394A02F57E545752919AC
131CDC754BFB3702FBAA1A8C8E9A2E80
2F5AC1DB292FC4D3606B0C3B5877D6EB
9220A019D12DD5E2B37416DE47DA8827
BDCCD280B7ADFDFCF37BB080ED5E3F00
B7C6657AB9A0C157182A9FB3525CF4C6
20FC09359D3146E7917E1D8E3B853A44
C62EC08E390F72C49B7273685C00E1CC
56439334BA40A67AE356E5C5BFC488C2
601F5C5823CFCED087E73E447F2F46D3
336469D23B560431D25562B7AF515BFF
889A6E21B2549145A75986E49469B96C
3DFC66BEE7A4516305DC4B4B7717B7DF
1EC5C076CC1349D368D2B698E1537B3C
090F2C842177ACE3CC1DCFD6B01DB768
E4BD7763E185459435C91BFDE218C552
F641682EA67C67540D8A0B72DC024208
D0DB632AFFC490840A32C07A5EA5AE6D
A2B6BD093D2446CD96B3AE3C51A5F005
6F6048D4FA10C75182BC1A7146E4CF63
4831C64EDB20A47EE9E183F143DAB95A
9200FDDE97396CDADE0D38B1CFCD2707
DB122270BE9E889FFAF9F64A917A0BFD
5E4FD190B815A1CEB5E1FF6747322FAB
DC725ECA605C661063828B0093E53849
9DC961958F6AE5F2F5D577248A50D28B
1591296548DDB57F614BC0073303DDFC
C161951611E1481CB4323FF86E8D213D
EE86A2046307CA49AD77F0DE6D84CE9F
DD8B26C4AE4DD729F9A28989523D5E4B
A66DEDB2BE31D531A8552A15ECBBE804
4F1A734E862A849B3676BE87A20CC5AC
03A36E2168D956006BB82FA1FB780E98
38D034AA303A1A372A8D34AEDA5D4C61
AB5B02058A9C5119DA5D5DAC90357437
4EE62A773EF6DC5B289A40EBD2FA1078
C176D76CC8179D8933E001824A749BD1
FCF90B052504841D09302236CF2AF1A0
BFC1EE1BCE75645A82E2B97D6FE512FC
65E365A119A336DC923F90F0B9FAED69
6E710CBB03D17644B982FC9EB1141DFC
A20F4225728069D858964A777FFF2B51
A95F897F91ED08C755CF8B36B4E5C9DF
58C53445C8E2D07854BE4B34D8C5AB5D
CEC170CFCD7B06133AB63A52429B10A2
AEE9A717D5BEB631DC44A748A8769868
EB2411AE2417BD9D48A52260042720E6
7408E57D0D6E5EB45CD3D7356533BADE
0A460CDDD9D5FFD1A799527AB0521AB1
C8D20EAA10AC6E5DBFFE6C27D046F8E0
C343CBC7F4EF1E042B29C6F35F4CC2A2
B987B153D676E8D2EE3AF83E9AAB8758
5A8272286B122764C721D1187091A263
9E0504DDE2E5F4EBF4B13A461655831F
C9D7B0B9BD28302FBEFA9065F8E1B1C1
9918207B977468CC0188A60171888FA0
0AB0DC89EA4CDAF51BB2B9E8244285DD
F32742650D8F5FCFD5A582382EE8BCBF
9D1CCF922FD736FE1FEA6F9CAE6CA3C9
69A1C32764BE6A588938931B5A0947E8
51EC4E22B646F96E71C890F7063B5D2E
0E7094FB32059B46AD696ACF2494835A
61DB9949EAF87B544C11C61A731D18C2
F9B3874629813E9B4ACFBF5B8AE09649
0E1B94B59AA2D1F9FAE01AB3066D9270
58E7459EEDA8DF05705F7597299C285D
08BF41E6D581157BA6624F810DB54D4E
941055A6FE8834EC2B6EC93F10E47E96
81B5B7219A20C82249B2046827CC5A55
421E1DC65443615998A3B423150D18EA
951EA23D3F67F5D49DA2FD773A9741D3
2540645397AF384C3CD53466EC1DF1FD
787B8B98AF0E42936997AC65C539BEDF
7DB46961BA9FB2F75E3C45799A2C3264
8A67ACE1828BD9A5117363391875F526
7F598E9012919E45ADA29545F8B87C1C
B7958F5F313A0FDCA93E691A38A3E793
0D2B904BD7FEF6AE25ADF1E9F567AA4E
9E29F1291A05ED5A5F6F8B26181E01DE
890BC523310B509EB0F5A3260EC94310
DA2CCA35F4D60408C8818F1E5915BE55
08BA306CD6ADC3A2856A78E219A7D536
EFCFFB5AAA3C2DCF60BBEC5E7147445D
71FD40D2ED59B9DD7F0C0FA8ED494C09
2FF385B6558FE860D93B7987BC722BC3
840354A6112AB9D5D349E5563F46C1F8
C6799A5C856B7B79AEFADB1F995A67E2
C02DA1C3433EEDA114C142D44FEE5CE3
18F366181A8F1245EB9D576B8575ED0F
08E19922AED14D6228A881A13DCA56D0
A950EDF6AF988F7B3291B65DB1778349
BFA1A2C42834E13807CE353E7275670D
1B6C6F076929F1AF45789340FC69E1B5
9C85137EDCFC14F5A9E9FA8D3B72E784
7687C4F2F5B54BF0782E42354D39397A
F789A0B390A68170FAF0E6C6E3267CFA
BC5AAB7F4003A2F40A6D95C8F406DF60
53D49E83946A129CC7FA18330583A534
E4BD7AA649986097D966A2406CC69C82
6407966B0955F5A2903F79DD353E3261
03AE630C1C491806897DEC80F44B707F
1C605988BD3F9E8065C549D321D802B9
ECCCA8056ABDF7C6159D3380E1BC0C43
2279F6F0D2221FF55566485BD9B12ED3
509DB72A433AC4102F4DDF7DD1A7F2CF
3AC53634E36EFC5F3DFB07F5B9BF9DD5
05234085EC3DC63B6706A984722DDA0A
EB0FEC7C57FA084275929E2DC677E20C
B79EBDF960E098EAD84A82B6CE78596E
D885F398886456E79BEB28696518EB83
442CDB13E010C7A1E379B5E0341D9BE3
59955781A74CD5CAB0839CA83261F516
263737FDA3898FA074926C753E4F7492
8CB3D74BC8EF21D77EB2170532E7C166
B5FCF9C75382868D79B0B3F13A9EB1F2
F2B8F47ADD22CA26714D11BCD9D61786
0221A93328A5A4B8C008B947BA05C53E
F316DC56EEB00DF0C7B76E152ED4E897
1427CE2D08C4F459900872685D6BCDEC
CDF07D52CC461EE70AD106896F98BD3A
88719577A0AB2286DB416BD88DA6A3B5
CEAE4BDB753C86FFE8A645D5FC29B62B
090E0890B153062E41B74E9C0CF3C9B0
D17BA301F679273E52B7E851F41D4BC7
F0877C51263EB2458BCFEBF12881A235
827714AB6E41D7814BC9A80E50848C7C
31C7CE7F1F61AE2A9D14FDEE7886C541
D86E8042DF84793577F7ABFB4311D4C0
3841AE24032D56F78F201D36847949B2
3FC54F9678017B5642FB135A7890C68E
1E0B76B9B63912A1350E73D036688ACD
4EFCC87C00BE816A2AEED4E4E408C19D
CEC855F646A85C21337F74E8A4BDBD73
A850BC84CEFBF9750346B427DC363889
754AD22D5C69E7D6419C49DD06CDAEE5
AF612F65DEC86DCA87BBB69194D39651
8C7B0FA95C5BF50736EC6EDEBE30657E
CFA48D9D684E2DD5692A71863F6CFE19
F3570CC6BA9F1F96A84EC7FF926C0C76
78D593C093E276567DB3BBCB3C797471
F1519879C23067F7D4BECEFA9F126BCB
66938FB6F9520B9E052361364F192F07
E15959F841BB84B62944ED3305427F3C
F68BD2D6D30585C46408769BE7F8F184
C9D54F94B0251EF49E451DE0F8B2E076
F18CB0A356A8C0D5E5F7FC3256853018
F66ED2CB98CC719C84BDD63F619A72E0
0AEF997988F93C328B7D4165DB010C07
5C8340BFA5D544FA9C0F01C5A3687C86
A774C6EE5915813921C38E4D6C1447AC
AF9137E9C5845FF237218B7DFB54AC8E
304C41860854C20D56B6857671A42CF6
07E82A350B0CAE0A0B040E7D9FA02DFD
F7A885C18A9E871BA60739169D03980B
4DB2FD70A5012A34B82544075A0D3347
ED4C6AC7D63C96447917D095763B441F
6852CD23EDFD56F2A63DA8F9E7856232
1026D33D8A6E01A55E09E768F469F876
E9D716F177F9D261E82E48884768E328
32C323E4B7D8F8C86E334E716CE2C557
79A59CA788C1FE67200E3BFC303482A0
39542EFD5E849029278DC7626D411A2B
A1B371C2A2648550C28E0C32D7EA75D9
A4E9C5F265029406C6D6A64B5C1AE099
78E6490CC2B70C407A1FAA87A48F80E2
FFF85DEEA5CBFBCAB4E7663AF816483F
234E4D8CED77ACA1A1E3B5BD49066A0A
F89BC36C93A2E93323BB08EACBB324CB
5FE140047159391259FCFEA3317294CA
819259CC6E9342BE3EE0D51874FFC671
EC958F9AA0408F9D1489E91164352EC5
CC4F68642226BF5EFBE89A64DCA2C57B
A3446E8C3AF50136D56EFF900899DA88
103F0C1B33469EAD19E7575BB34B2C25
D9C862602D431D585001679EFB70C0EC
5C79595DFA19486DAE4C2118C2294E0F
237D3F793790B96B4D1C8F23142B9DB3
D97EE06F47914AE960BF2640689E597F
2AB1E6D34F0D99A084DFA51B70426FDF
054E0082A5C9E060EA8C52B59E2AB5B4
60CCEDE936320EF17483CC0AE1712019
FAB8036D588D39A95AAC133C05B48C4E
10B7678241A5921F46908B58CE5C8548
A5012F72DA81A2C05C8A01E223273351
A744D51FA1314ECE1618575F97963EE2
FD3546F29AEAB294B7D27C5CC3710D92
9A05BE8168D39007D79175E5F94668FC
336228ADCCB98718E307E46FE84E8CC4
236BC9347100B5EE7385363F04F4614C
82788B87A448A2D0E1BE87F1EB2AFCBB
294186E5B81B383F594F5D8E3BB9B60C
8CC285F34B5D6586BED3CF0BE1F580A8
84551252E67E22FA4358FC68E20DF5C1
8212E1CD6F5B81BCDF61132E33306314
EE74173BD58BE66A0E9A1B0A83D85698
5ED738469510BF7B166454BB5F33C896
AA1CD55FFBBC51498C26E6FF9428001B
4222E7BA28B532D3886413DE1ABC129A
1403ECDA740BC7CD04045ADC49E0592D
44345875A6A111751FED274A54D5F99A
FB3484EDF8A60D2200295AE92BB662CB
627FF4115AA2A45FF21F1A55AC5B6D0B
57481F54E245D822A6A0D7D23D2AB728
F51EC0DB1805A8AE258029F86A742DCD
D3D51A9112478975E88F7CB4F69686D1
2E9641F40A8ABBBBC54BA12FBB545DFF
7A42F5FBD5A5975819B76D4E267945FF
4A97CCD96B2350957BCBBA4F982F782F
90D2CDE46E3A9116C46F87D309BD8395
497D36A86AE7F5D834005360DA14E10C
A40EE0EF9BD26EB9FF11EC8A5BB40D57
EC993591B8BC3B24722A887FC20EE435
48C873237D37088B18F4190CA1F22D67
7F318A091C6A467B2C99E1FD9344DF06
D53C378820206B5FD8C83E009427F850
EC55632A6764A83ACEFC6D12F018B626
AF09DD90ABACC99A48B165E455D4078A
6D416C2086E491046E8A5DD638180D3A
2E09D8D03A448366D290EB5934F86CB0
4FFBA01D8F173B3761C83306B8EC6917
FA058ADDF987A0B966684E7DE6F69C86
2C86F2CA9BFB44911B95A4B6460DA40A
98076ADD511787F17AC0AD8C6C5A4759
AF347DB99BB9A62902EF162909D58742
764996D99668427690F8B630C1EB3A7C
AFFCDFC3D074150118F0A91C68CACE62
1975E868E1F15EE9041C511224DE9B58
B5A789FBE9E80DCD27EBBC2DC022E01B
DFE6FCE050A3E41CFFA03DDE848B5EBC
9515B0EFC7874DBA1783050A09820919
D178E7F7C8AAE1028FE02CC7F3DFA727
883931DF649A015E43960694CE633650
DF6D012921706E8BECE7FDD279C9955A
5C3503F93BCF45DC35CBAC1517804545
E346C3CF943210AD575A3ABF028FEDF2
421187FBA0039AC6D9272744D144C679
6FD84A95E11F6A491EAA6A2F5A3C38CF
7E843F84A051D46FFBDB33867C075BBE
1BB47F5F675819486693658E3E4DEC3C
086CFB657B72DA658ED6B50F0DD97C36
F508BC582E12DA13C8AC380AA4321D21
F9794ECAF333C618E9F492B90BB5D9F6
3F273AE883C42966A502EDF640A0E4D9
248A4D5C789CEB8AC0204845E3D0A207
176CF4B2CF157BEB6490CBA879EA1512
093E56B4577D5D3CF00D1346AF0CD151
4032A46F6090B86C2E81D76CD06F9FF0
89927C262E25DDE354261BEAA09EBD95
DD0ADAAC4ECC21D7204D06B9F7954C9C
603C3A8430D545D4EA78409E756ED117
DD109ABA85BF784F19B422098836F02D
4C0F5060BA8EB8ED45FB31D3FD945774
5444F72A5D4A42D51D1BAC4A2C2EE540
B384E2849B998185597003B90D70830C
462BD981164413274C4D0ED5B06B7391
38ECE82BB37D8F79BD6386E562F59909
B53151CDA412084F9B82D4B7460CC39D
D28C61A8DAB5528C92F89E9223A3D2DA
7D0AF3F65FEB2A261EDE3BB4EBB09E8D
3FF927348407CD306FCB93BFAEC1BBCB
A802F16089FEBA6C8CCA073BE06FDB54
C152A07E849C92417479D3B87490DF36
8A41163001BEBB98FE3CE0458FEE0FAD
D6AAB7BF4F181E3264780DB87051939A
BF20C610D3BDA71C150F3BF7DD7FE0B0
6594E9D75884516D386D837C487C275E
82507320C4CAA1808D6B2FE0B7D3F88B
0B34DEF29D7AE20939C5C939C657CFD6
835696E1C39368228F18B5EC46781CCA
A8BCFB1220E77F9277F1FACC8F98E58A
E7BF7DC6F1CBEFEB468DF5FD90D10828
7ED2F8C2E5676AF400D5911CCD0DE446
5351EA73EB942F8E57AFA24945CB7A3D
FDFD29D1DD5EB58C5DF9FA21C4CC9507
68B6C884AB7E2474FC2139C8BDD65AB4
5A3DF1844AAAEF6F4207234446E5611A
F9D8379DFEBB2F388BF196582A72CF6C
EE609F1E375B4CFBF70F82C3F594287C
29EB081C0E703E975394FF378B6FE6F9
D6AA41D70F47F162138EE74E54146547
209E7B4F4EEBF9F6B97C83FD65FAABED
16AC31029220ED1118F176D14B9CB5DE
956754340D71C2AE80057C2DE9B72591
A0A2B02423F689A4001C74F8DA996979
BC81146B8B3D8E0E3C6B9EB3F20CABAB
EECB06A08B4D70391EFE10A0326CF65F
B5131A52194B92EC76C897BEFD65D173
D618EF604A5CFC1F59DB21F56BEF9A62
A369C530D7DBD14C9B2B8DFE2C7959FD
E081FAAE4B514B6E18D79547EE919AB4
785753B636E0D67A80FAA2777063FD22
433AFB1FCF4492983740094D83ED6CA4
F0CA1A13CFCB3F16428A772CE7586029
701A558F74BADB3E70C9245F4C9C3A44
3CA5FDB85AFB8A526E15C66FA0E8FFF5
12937C230FD1E1FCFF403F99C28B971B
2C0364446FFD19D79BB9606378817579
C987CF4C46A55F3A354BB6A09FE08066
FD2AB30670B4B5EE72E5CD48A4B97F92
79E82A6D894268827BE07BE4C5A7531A
6E84CE55F0529EDAF2AB4D39A78B259E
942ACB5BF1B0BB65E7B3B3F4FE8A7E49
1013F605D2B743FED3FDCB420D679394
84A85EFFD708E98934EF2375915B25C7
BA3AACAA4626A1C401BC2102374F749A
90B0958D184125EE486BB6C0E111D8B0
2889C58DF1EFB1B662F6B79C61E5AC63
B55B650DF109F236393EE62A2E237341
0055413B2D900C20569D1084D54E3EA0
2DD8BD8DA5E2BF969C0798119BF5007A
165767DFB57D447D6114639C62AE6C80
03DEAD23C7A0B4298F1234573A40C03E
AF9E9706AE28CBC1BAB07A8CC51005C2
D053ABDF0E9F59BCA5778140CD59D4BD
EFB51C32D44302105516D36B2B1F896A
5F4F1CF753EC3AE55FE5D8730672CA21
AB9B35D461E5151D7797FF764F29DFB8
1BA5CC2AFA90DD90283B649027811FA0
4A3E00D6F5686827B0AC99E9750F1CA4
6A03C4E7F0A01BA56043618DB78AC457
BFA8CF984954D69AC57F6ED4D4D7FB93
BB3D176BB657240C10D4529A55213BF4
6C44B9F458FEB1E2C4A2C09AC7172300
61AE5AAA707034C49D5250825E379A35
15F4B40E9FE92D3B2D40D8EC3EAB5CC5
F525C5882B3DE82F3E936A26FFF539CE
90FB908280BB268CA75999B2A6D3145D
4B0A001013C845E99115F9F7B224BF18
681439B8E575C845997FB2F7B1B0C8E0
B64AFABEE15692B1D60DA19F001B82FC
AB6E3451ADDAC61822E0D42E2203ECD9
66E17C4E37579DD4D502985E6865195C
A6A999F6A4FA3C66CA2B94C8943D94B1
04D3A9432E44B02BAF70F78C7C750D4E
019F80DA6B5F75AED8A78AF59B5E8788
4128082338778D9A79EA8378801A2F16
C55AAD9410887E3243544BD1DC3F74B7
506828C5D637DD8DDDDF2A7E654FF3FA
819AC656700ED0BD7F970AC761A618FA
77892E7E43A3EE1C6C1108C64867A01C
65F74172DAD434174199D7B7C02479DA
60E115A3D7FB2AE32F3E31D0162AD4F7
B41858CE9B740286D4455B6B5BA154FE
289186C5F83F2663337A4FFB06804C7B
79DFC6A53A6C4D0ACC87E0FE33669BB5
24174CE4E4FC30505432119E14239473
C49E1937B52E24DFA85701BA49CF71AF
720633B6C069EB51744A0938BCD985A9
DCEE2D28B2492F20BC7F2FED76349786
34BED3B236F4EE31A684F0F0A947E224
89109BEF73C4BFE2ABC74565E1372576
DE1433BDF3280562D604C9B23EE0670A
0A559BDF24937A4FDA6C8AC0EA01F0FB
EA88189FB3EE74A6ACD888E1867DFB78
D1889D4921487512CAE455C424E11F2D
B438A7A758B93797C954C7F14CA88B8A
3023863A76CFA9FDE556DF8B8E192662
DD6AE749BAE7F9C34FC6F584A0C72B02
B7C627DD46620E43E359960F1C0A3BEE
F228E8E8C51BD8893F6973576496079D
382AD31F3B49FF350E2FB57BC555B990
45B0BAA1F3FFAFB329DD82F63EACDBB8
41FED73E75EC74E681382BA1FE724617
AA3E3B72E8EAD2E21AF11B1FAA018FF6
DA5416E2F02BA1F0D6829A985B9115E5
4551568EDD112C9840DE4DCA2B10ED9E
F8FBD8871654AE989A177044DCF6300A
1D65AFBACDE30EE0F3ECEAD5008C2CC0
FCED23964BBEEBF3BC5D85FC8BE983F8
FEEC42BC2A072DC20895BA9E12356449
E8A621DD61AC9703165DCEAEDE559711
1C6A0D51A04F5B5AFC2EDD73E153D86C
F420BDE45EBFF3220B89F44D220AD9A5
C69476A281B80DADD605B8B25A4FCA3A
B7F793C5B2DD5B5D0BF5FAF211F38D15
380DD9EBF59C7B46E81DDF837747E0A9
CFD967D4D72C248291FDF89E1391DA03
5150F046F6AE2CA5C5687D62B55E427C
B280913E3891A4EE13D67CFFEC0EAC7B
2D01027BE4CBADED4B6B64A446214FF3
FAE5C6B71A6724748E6D41B5FED0D5AC
B36B5A1E74A80E0EB741A7D6DE12FBA8
E8B19E450F2FF419FF6FBE78110FB9C2
5E865E7F2F639CE466B59C5D28F6E03B
1DEF9A0BFDC0F927612CAC4AEE88EA8B
EDF5D5266C514FB553706F2973D9E5E2
AC823D9D1771262D76BB96DEDF351CC7
60A396F99556E677AD86037A3228322D
99CCBEDF4823D007CF0D5020073E822D
8D9CB3DC6D19C929A64125D6A437263C
015305569887B6595CFDFE15CAD8545B
1199D91F7175FFD69710771728328A5F
66C9F595DC8C7F3B58293D0AE79B062F
B8A7A9DE0F9E733E385963B2C537B0F1
C650DEA7F7D45173E4EEF4F488D35CE1
69704E4624DBCE3962BC6F44BE285D75
3090CCBA6C692C8BF47FEEE0085D3C85
B0669B5C8366E59C66CAD37A4BEF6501
A50F3AEC2C7D211DF076620B47EDB176
82FF30D07D8055178D2B348722566B89
EEAEF50E8107AC5476717D2E38ACD001
D9DE2A3971B4F202CDA0CC48D2920199
D6CBA57EFA69CCC3D59C7C2C8971F9A8
8B8099CA2512CBBCFE4CC5B26231F9DB
C338CDE3F8481E520E910D941B816856
78ECB75EB6982630D019CB0444512CE6
81FB2D0D2A61FF7A3C2EDD5EE95FE834
7F153092A8489F816662E02C3A042D4A
480A5918B85A77F3D3EBB31848BDAFD3
EEBA0E4C8DB4E455B3B021BF606A22BA
708EA7EC9B7FC0273FB971681C1A8EFB
39D3FA5BFA5535FF15AFC078BCD2D1D7
72A12D9C9F05C62151F780E8AEE747BF
29B8B664D3BA21D0BE02D4D7F6098F4A
9016EC14686891534D32FA9122EC0546
3240924FD0DF4FB71CC7C2B2F098B2D0
AD69C616E50C0DD8A98D7E2C669C576E
6D9CCCDF33F44434DE6EC64FDFC79A9B
5C961DA00CA81AB7397848603F819804
84F8E33614897360A95F3830F5751561
CEB75A4C17A014F9787863FFC8C19DC9
1F1C77E21D4DA6B4E478D6424850D716
87A83C7576541E957BA061EDBA020CE9
9EBF58E66A06BFE7F4048167945A153A
551CCE73BDF404CD67C9B989B300B97B
445AE2DCE609F5B899A2F9281106C47B
736DE3D4A32C0AD11BE9597CBFA670FD
1FEAF6EC09ADE2ED9D319DFB2207636C
E1D66301E899C6FE4742C5A592BEA0CF
C98B512288A70012424B74FBBF858F68
1566E9E8765F3B8455ED372D8EB2C8B6
DAF2D53C1E16FFB148849F209D5717F8
77D87894288381FDE6A3070B65F40FAB
8B8E721070B03BCD6D08C3DDB84FB83B
91549B8CE3FB9116355BB7544EEC5EEA
4087C69A76C772189E79AD84B6886D3E
0BB502608BD64A7A010570B841108D22
157E3B8DAB93C0FE4BFEC5D7A9BB3C3F
6CAB89CDD95981644A5C9DCA18CFFE6A
73D8F56400DC3C116068DB24FF1499D9
5D2A5F48629CBC1C8268A4CF6197C848
C6193707D54C722A620E4F21588ECC6D
50D92E791FB137BCA5219A367A37217E
C0FB6A61C8CD707DD3CA950E8821A730
9E5230FEFFC2EA1D617705A2B12B4982
8F6D45BE965AA8B42172DF47C61D1214
FCFE1F74834D5E7973BC06A839847343
67E9E896FBCFCF100F1DB35B3AEF35D6
A1877BD97564FB70A5B4A0DD232BDD17
52857A7306E95C50F665128948C1490F
561AF4CFABE15007D2E7665F2211F355
B46E9E08BA75A964C39B782D425EED3C
ACF023E134756AEC79B2853EA859FFFB
A6090D6FEDF06C34F3DA7DA7F5939AAB
4A6DEAA6FAC70B9B31E918575A33BDB5
858B0C0983A60C8D4DADFDC9DC04CBD0
6E11BD9BE027EAD500782A8E9E82CC64
243F305DB515A088A6785306FD914B93
DBE7FCCCF1E02C3F13BCF0A01D494AEC
A68BD1580D3F2C60C98F9EDF1C20C8E4
119372E1123CF7B77A2F605CE0147E9B
165033A2B768C067151DC9786B78F203
066BAA94B66CFFA061E48449A14F3DC8
BE455563E90F7294F345E64030129323
76B1E79A23F11BF5D681D291D2E3F214
356AF0666135C1A3237223CE0FD9CAD5
2DE6191A1BDE47F9FF5804FF189BB790
3AB41EC4AB6167B480AFD47388D413BA
C78C2399060166D6C0BEAEE95CE7F03A
130F3E9D7442B3018B8C4ACEE26C8809
D5421033E80740247D8404964670805C
32E5ADBF0B32064F98D1BFF2AD159094
7F5CCA3E7CDC97B89A2682BB6CD02B3E
DCA94373D67EF83BE071301D3177CADD
754C6664F88801BF644506268DFF2D83
F3420F76707CC0694DD1586F75EEA2CB
BE6E3A3C0D50ADE592EDF417BA12D3E6
B07A713EE91AA6756B25CB549AF4AC82
608F909614A8E8746B2068C896720BD0
CE51068638C7228EF6CDCB96C1EC0115
9DA61D0BA73172FCEAD80AF051A9ACD2
A6C52F3F9303C69D97FD12766EFFBCCC
17B0577081BA24FA4C33A1AE66B8D295
8D41CEB2F28B2B0D4B8C74B4F12DE194
B7F8812AD3C59979A9B4A32E93167C26
83BF934367DDB55C603E5DECEE6120E3
47990A1EA359B11A7EB912A238E3F4D3
918B74D9967306563A4CC0C06F1CFFD7
4692BA9B8E830D0EC978418FEB71747C
4115A3029ED97E666A607551F82D7A80
95F8FEEEDDC4AA9C5C062E5590C417C0
C4AC6922BBDAA55B6096E4877C44AB12
EA255AFBD56F4848DB0AB52A99C8C0EA
4E84017961EE135902E8497CA0EF634F
674519CA0B0F4309505BB5D395FD3046
0FEF008796CD9ED3BB0F5B8BF8B39D59
29B01AF6FC778E01EECE2E44E8B04EBA
630366058B34A8C2C561AA641E28BB10
E99EA2F087A2B8C48EA2423C897ADE41
17AC472C610C297592BA5481181DFDAB
EE513F68984571EEDA58C41999543B86
965FC2EAE3E9D520CA704F4FA305C6BE
EFA79644DB3B95EAF872D2F41AB20DA0
C0876E89A9227058758C2BE5A4C6E4AA
C5B8E88065DF149B449F0D9D9ED62BD0
5B84AF83C2D0DC4B121FF2684ED082EC
5E9821E794D08ABA847749BE67BE317C
EB381E98791CF1126847143AE38338DF
B13C0D110A262DBFE363AB1D4344E7BE
F7F634786C36FAC71C9AACF0350C4773
6B75D5B4E6BF21171C4E3EFB32A50306
DDA6E503FEEC5FDBE9B7D3DB2C420CEF
3F3D0952E6EB080156BF2725ADCB833F
21275BC8C648DB44ED378BE522366C67
7CBC71CDAC571E513EC2D950D7DA8C42
B281366EBC8397A40F2163E1D03B7F47
12B1D9B24D31E07CD8556D40E19BA6EB
2AB39E7479DFB91D2DF5B5AA2CC3B1E7
10229EA81907239734A1911B5775509C
435DBB79ABD9D446A8086D1C49FE485E
F417DC84C23A6787EDCCC1D9CA3D26CB
D07F9367EF7D1684F146D7B64B598659
722076C6A81CFD6EADB3130DE5C9A940
8DD757B2651EC795AB06444ABE48A365
AE4B98BA03E197878B96834E9BCB1F1F
805761C5EA2EA2FB4C4D426D6125835B
45F2A9E919EB4CDE17216124DD1B03FE
F46652D2BF32EA035CA0A4E9D1274282
9665F3872D7B06676AFCED3A524C7FC2
79ABB15717C8471131FD1798D5523B3F
11E2A83858FCB17AF978308F10770492
4FE28FB23DD532FFE9D1DBF085D578C9
37E87A8468615E66496563829F359AE6
C057AD96A22D9EEC92CEC305364FF723
EB24877811656236A50850942D1CE65F
74BA5D4C1259647E5797F25DF1D73D83
D6843746BC50E7810DCA72B243358B36
E46DD5A1D4BA852E7F6C0479E01BCCC3
7E30A034AB32137F89CF9A0E77157714
8BD62AB7D71C36345F39408DBCEAF629
81C5C118FB18419C820661C54CB5DA73
D6262EBEF8F3844C8F4AF903F733D435
400B29334653A42636DEB9EDCE5A3A84
EFC433D9D6D1282DB49D48B3E7AC042A
D9F49305E0E1D89C1D143101BCBA084C
B2E7974D5418FAA4DDF11C6C0713E5B6
B0BEBE7E8FEB87F51C3E8AE36964C985
45BCBF81251A402A23B1F14D9FFA2303
35599359803C729C7E15616D9D17DB2E
3539EC100FBBFDA7D01C653800928957
8B9C1361FA5DE25F7CF8D696CB4C4C32
8C7CEEEA2836F1D2BE8BEC2F077DC32F
7DA3AC836E7D8865F04A8DB3077A15E0
8D489B87823A1AF6D46597E739BE9BB5
C8536FCC0765BF0BC7402E5E3985BFD6
69A65319723835EE202D89DC359EB655
651FA6039EF7DE21E338EAB235EEE18D
A22583451F751C86F7F424F5FF252F9F
A75072FA30A3123319F926C89FF40E4B
20615F58F89A53D7BEA904BBB7E9410B
E51702101F304EB27D91901DC9555A82
F59F7DCEF3621D8D0FE46E5E2B7E7C2D
CEDC5A019E30B1DEE3A85664A93A5582
B2C28F71C745E5FBD02750C7B25680A5
025C17E1C574A14F1A829C47A96A9F00
FB11B8038A06B4E7BCC02F9AD1EDD5D7
7916765B40EDC0D0B30D0275CA2D079E
73EAAC86FE7D232164D7DCB8D9EA5C92
BD48BB32CEF3344CECF906E7FE5ECC62
DC67084D59149B14EAF34C18BC5915F7
F4C9FE7DFF822C2976D917CD57A651A6
12D8AD92EDDB0F3B82051D4CFBEE9F53
39921EDCC60E8CEB1469A313F93910C9
3185D10D3AE401328DF9E46A40E74686
F4C8E16DAACC6F20733B2763CC837621
8D98F2FBEFF91513C31BBEB17FDF3337
F4FADE32BC2BBD5DFA8279916706386F
AB5F42655E0F321997422EA3FBC7E6F5
4EFA47D3DF5B0EE8DBC08F62379DB8C2
908CAEC98CF58697BAF6F2E72945A0CA
43B4459DADF9AA6AAD4559124F9E9191
B4FE09EE3DAEB52698048EAA42625BDA
D534380AEA15305B77FC90020A4548E5
11D0288F5E6D474C68E354163C696E24
D5868E34EE1224F50D780CFD75ACF9D0
5662FFB7443026B21B636375CA594F67
A8EA6EEA2B8EDFC6F133C96670D95633
FE5A58C1001BBD8637DF0EE139002651
6F2DB0BDAAC90980AD84530CBDF58C21
83A05DF97FDB5C31E21937480321CDD5
8DE21E676DFB8D5109DDCDAD51892E55
46A3D224CDB3694095BCBC947E5AA7CD
A3EBD9202549C8368E4976FD112947CE
954DCCB36052E4534DF0FF2D30128B19
C2B20C738CF91F37FAEDCCEB1DE2FB7D
621FD58B40056AB9B11F0267E019792D
839E4057C806CB8BF81E6369C63811A7
8251DF1DB0E94E537BB23E4AAE7EFCC3
6B669D57D48E57BA732F2A933AB75043
260E23EFD02E409C56F3C5E0B8A6B78D
26D8FBDDA7B2A7B82A36F1EB6BC1AC5B
191C416D1F4328DA1A26E83C6C49221B
7D1FFD241E409C81B04B812CAC7C3CEC
A1F2932F1EECE1157F4BCEA5BB328B27
E1A7D1144944AC2A91803658057DD026
0E13F6161A7D1B7943BD41407F29B2AA
15B94D9A930B10310C345DFB2086C9ED
D2D790BA6A57165A71FC8A42AD588312
CC7AA5071023D8D37DAFDE4595232AA5
38192200FB8E063E4D022E57E52BDC03
6D0615975FCEAB31FD060265DB803748
9B549905AE4C983EBAA24A016DDCDB28
095349192B446027B4390D49D3B0513A
7D79111E6B59B8F203E9BB8994BD3B56
BFE718B9F1EE8AA4B9DC0CCFD4DCB291
3B11B1B3B0DBB7E59BE7C6B5E6A9E242
A8FE23C6A211C5C649B04A017BDE4A04
A7AA445CCAEDCA3CFA9B4C4624704DBA
10C85DAD0C41D7BE28386E86AD3804F1
8CA6454FB907134718DFF4874E149403
F17BD01C68729C0F65AD248539DC2028
1FEA8644F45619FD58AD134E34FDC6D1
DEB18EF73032BB3A9BAF04C383E180CF
9A79DF3716CB8891FF46108CE5EEF9E1
04348E319C6882DB0B28F85F98539D7A
71791E5F8D9FEAE155F3B48DB4340D82
8BBD3A41801E7522719C056490C9D7E4
285966726A459D942EF31AF46B7D788E
F40AD0C5ADF165A554FE64F502FA63EA
773824467E555408232D6F388BD4F5F5
647DBA8F19FB5E008218A0CA3313FCC2
6DB3C4D42190A468DE85018989020DE9
C19CAC5F4FD1543320577DE098646938
E075E63F8F5DA64BCD50C3DAEF05D17E
1FB526B6730868239EBBF45238CA3C41
5D8F4DA4AB0175ED0ADFA0166B877121
8B150FCAE402631296ECB4C0614418E1
C35072CB90A7D39E8942B263740C618D
E31B1CD4449CECF117594D98DC52BB27
8787A1279A4970EDE4B1F1E539E85025
025DC01835A497B1E40A0A5810437E5F
06FA99FAD457EBDFD4BEF4CB509761B7
1E6B3B978D9038B7C3186FD77CA3684A
A50D5B4B65DBF93B054735115AE46533
079B003F31EC537319A1053FDBC08D07
D2F869525249C2CEE41C1794AC8634E8
B0DB6CC004CDA0A378324A7D120297AD
ABB2C5FBFEB60EF69495BF9C3154955E
6BC1A1CEA6ED468E735D49FB3F367A8B
8EF8427FA20A317DE17CB42A0AC9D7F7
BF99AA5030B34101B1A2D503B9C396CA
66B392058557147D75BDA4D653FA0C0A
977A7F3A9D2C13C3BC0C1D7C5102B812
9AB37F760B3B191588E7BF742881D7D0
DDBAFD565ACE75F8AD0499F72CD1AB11
5862D5956FC9ACDF0D4D34D15B2CE40D
EF2C479FD81BA31418E651D898195B94
7F04B7070B5A7E43589FCF577E708ED3
C9C1078EABDB2703DE7780058A0A570A
50555BC518FE630821D86F26696B58EE
21AE10F72965A47D3F27C3D84CFA6094
EE87530192901CA1FC73EAD8DE56C71A
6A05A3DB9FD02C4F86D9DF5E9B74CBE3
6893B017E0687745DFAA01F3D152103E
232CFB772A04EBA1B914ADD81053DFC2
F185C276132AD751386707EE4635F0C8
DED3BD6ADC1651BEDD67AFD85A089A28
D31DC4B79B2D59A85B375776E5129D3B
BEDC95DD10E73DE74E42A169779215C1
EC58C1FCBE788D53E3B0C7B8E4A53C73
424B42D0C3453160706CA0D48008C801
F870FEBBFCD4B492B43466909FD34851
2C70974478A1DF19EC771556A15DC5B8
66CA8FF49AA404751481B61E1F059507
F5DAC2D03A29066C8F0CE96623B598D4
A6033524A2AA182BFE3CED304D6911DD
63A628781F35D12B970D86488FE451D5
A8E2F0061577B3EA900595362BD51B28
1382FF6CC836425DA0EFCA6ECFE692EC
4EA01684B534EAFC0C73EFC3F941FEB4
3238EBA00C63BE6CAC46104D84451659
7D9A5CFCFBB365385B4E36637BC4C412
BAA276DB1A0F5D886A5E8A0A63D5E73B
5CC2E1C0847C5E94F25E5A952DC41BD2
C816BBED598141C2F0F184AC180BF881
7D999CA822685F83C4F2931DA2638D61
3849EA836E636430251A6039D6B74176
EFEAA206D96ECB6E12FC77CD4EF90230
615A5366298566AFA662EF6230D40379
FE2232F2877D33E6672969B752F57F13
69DCD57F157E1CAC85AE2E003CBBB6CB
0BCC2D47F93827A4AB04D654E363A1B1
D5D8DEE46DA4591D263E37A8F89AD467
7727152698FA04A546F713AFF1BF1D0C
DB5E67E482565156044773F6668DBDA7
5E5A2DAFBE321F3F907684F2BA1A68E0
F5DB3ACCA14D20612B0CE2D8582BAF61
467C24048F998332DE736C7CF839747C
81C8CCF9CB615A445DAA7FF9A7A273E8
647921A5BE8B1FBB82D6F1EA4AE44F2B
08BD57618744882CCBA20BF748C42C53
60311B2B46E065D2B2A26CF1085FD0C8
A8C5736BFF84CA2C0A4D270813981583
2E3D5471C75E1FD6D04C3D7C7A672B31
9681689F1FFAD367FDDC23A5EEB52660
7955EC2084283F1B719ABC375589D058
25796C9C48D0DFFF38B11CFE519D418F
BF1DE5E5C3B88EE2BBE09EB30D765AB0
899E6511ADAA21F65E3D97DA598F6A03
8B0E6A2852D1077A6220F8755263CA18
24676D6C78AB4855B24809E9B3AB0AA9
2D8B6716AB684D13384FF4A1005F278A
AAC6CA8870D9845067AAE24065EC5AC7
A76A1487CB2DEA79D4688C2C901E3F62
C2C8EF020CF7CFEC13DDD3AFDA1E522C
9FBEC4F0CD76284A0AB7B0A9683D5C5F
C8A1467B0241A7AA91AEED2AF72EE167
6E68A5F3DFD1877CA249E35CC2A683AB
1EF1B09A0911E6F695EC42D703C4C3F2
489CED29ED7B56ED029D3CC090B48C6B
C4AC732B2A6F23DA6929CCD5F1BF8B8C
36A9C66CC2ED11A466EEAA28A40C824B
58C842A5684600C0D39BC281BF9E9CCB
D53F60C3CC1C29AE98C8361FE502D70E
2A9C87B2AD0E5C4A50E094A38F65A8CE
6920D9BC206078D8D65B3EA06792394F
956FF58C3D5D65DABA19D5EFBC15BCE5
46B33DC3360C42536431B3DB3CD2A914
A94CB46A8D9A12D486EE79E12130B095
F753B89BF716C36204B1871870214180
247FEA0FEC5623F5002191946D20A9A9
7E84B1381003D628CDF6B5ADA57E1901
74BC82010D58FA3D48DD0B14C96E7A75
25BD7E29D670489D3659F8741BE50942
94025598C416F84DC21D572FAE2477BE
516B8805069687DC2014C200706A84E2
C8AE70425466668DAD7ABC2C59997358
36F96F67D77C01905707C4D34591A3E4
2823DD907B5B2A2F95CECE488BBF19E1
D94E586D322C5E4590DB17DF98FC1835
0C111F3F16BEDBB518EB0A4915882C71
E79BCD14975325A2BA73DA287C6E8954
C52175DB354098F6FA91BF26C59B2152
58B1564527A9AB1053FCD59771A76454
C76BBD58048CC5AD8CD1D651D1354249
B76EF6AE1D8C169B16064C2529153AD8
EBF73EBCFA939DD82671F972601E2E5E
F741B132559B8FE199A34EC408A9C835
B9B937A82DFDA8A6B93A5B5F47693E38
CA7299F451EBA65164F9C1E03D7FA659
995E9F4FBC0EF90AFC037696062A3BF9
AA8981D9637D3B23A972CAC3AADD1209
DF3E6543AAA6D98175F3318AAD3D29DE
EC89E7A7CEE98B84BC31AE4A72B3182D
8B6A5D0817161219296A9F822568DD96
8CDB7878A9D31F80288B5D3501F14088
B86D39F4B07D55511862B1629DA1074D
4D9243CBB0631243342773F174B98B62
BDC1342031C913ED026988715468CE5C
14FDA46BF75598AF6CBBB4349D0597A1
0E9445916F49CDD2CE1DAB32DB803A93
93DC256287D327CB4628E729BE7BD25B
941A35CCB8A6452659418EF879E7ACD3
07D353E610E3923D7418476A547A6192
A22D03468E9C86C97DE88E92F1C6252D
36046E9C204E0DAFB95DF8ACD56BCE44
0D2070E4277A73DE037BA8B80EBF6189
357DB8E0B744B705BB1BBD6620A11747
E2A4C869FF3652161432BF775E9D99BF
DF2106FE4B7065C5A3C3BDCD2DB784F7
4748E08DF5861ED5CF8070B486BAA5C4
36B1A80C383F73C4BB547B2D6000FB37
F77FEAA02467B2BA53937C9BB26C8BE9
14C23964B093032C7B64446050D4894D
2F003FC9D073E37A8CB05073C3EA3C39
679A4606CB73AF4941CEFE8B4007A2F5
EC1DC5DA33DB15598FBE29950730DADC
BD8979F16884757E16FC068A92F1DC98
19A5F188BD874CCA34193A0223B92269
99C84C0BABEECAF82C4E6ADA6130598C
0D1699D5489D987CDEB7FAED28D4B75B
D9B39AAC00302C598902D00A640AC068
4CAF05A37F8579C22979EC05CACF55C4
67AD0E2880505FF1FD46F71E6C7FED9B
B97D684F25F2D779BECAD34EBEA6CD1B
F75999DD6AEAF8478187F15DB0049B62
A99C125BAC711B9BB73C62D70E9CD4B5
F1D996B174207DC44E2A892567631B50
492C77B325FB30B27505E803D0FF801C
D7541F9784FC5980AEEB751FB53C6DAB
FB4DA70472A45ACBA9CC75422E1EBFD2
05FCB5DF4CA10A5A659516FB706577E8
6EFC6146F9B255741BD67C4CD716CBBD
80D92D26AE4B6D34F3E8F9757F2FEC60
6793ED4C8BB0D6BC977D1AFB12F06009
68897D8608AEF119BB3A8CC8551BDF10
AAB808BD74A647D975E036DA051A7F82
32EF79C596CF64AADDC8E3C4E5AAF9A2
12814DD10EA29D55166A898CE8F98542
7B0866C48FBFDE78000C54C3152DDBA0
4243EC7926D09D719E4DEAED4BEEF2B1
7F3ADACCEAAB34971C02E8E99C2E14AE
B159E303B5EE6BF536F6A88D8A0CA816
64EBB806C1C926785F8B0DBAC5AAD5D1
AA2C9E8BBCCE33CE127D918BF88B6051
55DF99E5B26A80B53E88280D6D2CC069
58FFC87F9974F727FF314231CCCAEF99
3B2DA195261AE8433CBADEFA014C0C10
167B95F7C4085B424F4CDF22C9B62344
FEEAC269BE89A5432B4AF59E30AC4A72
F32875ACAA754A4DC146C90ACB79120A
A29BB21B6C5591089BC383FA86B44F34
D9E82F3897C580DCE3328331E7DFC819
26831061D3BC46E3AA6768DD7204CE0A
32705B804A07A551CE21D669F380FDD4
0490E091915A39A7927B645A0806380B
D0E5948413958CFFF9C44519A5864433
5EBED1757375C6B96D1AF0044EAD10FC
F8115352F92762B86C5D5435ADD9CFE8
9F0B1E6C2DADE2785A4AFABB47976348
196A4BADC0D7A3B0BAD98023DA976847
A835BFC68280D1A6E4DDB15409344A9E
0354D8456D2D5DF006B13B8D556C0FA0
DCFB0503F59AAAF218AEBB5A4E1C57FC
868B7997F971CE562457AFE721290B9F
32D1D7EF785D7E6B199CFED36A425F08
B2E0564008435FCE31616290DABEEC35
05F54D7D57BE586A2DAF24CC8C32D59F
18288CD2FCA7C0A58AD406EF22222FDC
3DA5A304626C400E859F6BE3B2B6D0CD
9DA07E616B7BE590F0F4AEC68666C27B
B57B7AF569B289379D86E807B3F33B3C
8060F3EF4FE55011F73FA7E0B00053FD
0EBFCE41BA93B0E6483A0873D6565FFD
C118C3B31EC34DE5990B6535432ED794
2F8D54CED9F48A0A42095CB1E4F7ED96
8964EA8679A54E075E7874274FEA3A9D
1C34854968A010BC9CE37589FCACCE33
23D2BA5B9F2C9BF278FDFF2FC03F5A02
D33FE88374424CE080C93914251909D5
B0849566B83C0538B26F456636BFE8E1
5FAB0E24C67F12A157C28439420B952E
0C993D738DF6A4371FE6E799E5C5A132
460A45ACCC69EF9196F6D3A9E181C708
3879B32326E2CAE76189FF49C4D7F467
26751982246CE397B659B106AD0B8E37
9D8AF28A40881DE422A5202FC5E610A9
9F820971AA0B1CC634423F07CECEC2C1
B08EEF63A8C95A92A7660C9138513759
8740017930133E03C2B49B7191F60E04
57244BCF8CBA6A67620FE34D5AA5A6DC
9FF449DEAAB73A10CE4DD35A6310BB1E
D8C724057590959D0E4E783833DAFE3D
1B7E3E5E5D7DBE08DDE05DAB9DE40C62
037A20A2A85129EF17C700EF8474106B
E505E01B2CD3D2D8E4ECCEC3BBECBF82
EB83F34C430F93E2AD1ADF6FC90A1FCD
016C97456E95DA56FE6F5CA2620F14D8
5B876EA046062CAE377028478BD7CE58
B744C3854F280EE0F24C98145D141A4B
6133E8229FE44D9AA3378582518CE19B
5555C9CA51AB64103DCC38C6549B3113
F3CA95EFB50B63B12E50919E84336E03
818E5F596D94FDFDCE1469B035B11874
8D922844C037E1682470C897E00EC9F4
553625BCA09951B3C611A3A33B41AF1F
9964054A2D5C79FEE586F0364532807D
066F23DC88ED152E326EDAA6FB30C307
C143B54CBB54E834CF526C7AC6DC81E8
D3F3DCE2425DB772721D79737469B7FC
1E8A71BECC76FC4DCB59B2F233222469
701A615A3BD598EFA6F4236F00D33DD7
AB355E9E0E1BB9935789424724065D25
AA27289F4F7C015FF36D4C85283C3049
9F7753A95730944C4526C0BD5BC5A765
0C88F2BE1BB380F4B0648AF1AB48C203
152C8B44AE4D333DB497F59F698318C6
F8526651297DD3CB9DF441B75CF571E8
4981BB756CBB74273E05E7AF21669780
854E102A33F5CAE2A296BE43D9CC2D04
490009006D8A0A952502105989050EF4
B7CF0CD2E481A8A6BF61D7B2FCB551C4
60E04CFB992CD5F2F9C0EA0AB2BA51EE
3233677A9762F0D77B6310EE2AA97180
B810C7943AF2F4A91710E95161060F4B
D42688591A703F237560410E8CA9C96A
3C8B34263CB9C3822662B0348A0D1080
D69F0FF0077BDE92B2C232EADD9BD2F5
DC9C83C712D98043F7E37F9F3525F337
57037C73A7EF102FF140F431DA5B2EC8
0D12612E7385180A9BB55942FF832B00
B36E076FCDCDEE206FABFB8A5D2A107F
89AD270529CD9963CE62D325D2CFBAF0
EE2FC3DDF9BB86D482425B19440FDEB3
110371C8D736ED0C6A3E436EC77DAF7A
4683617A84A2A91870CC6DA469AFEF86
D079ABB717697B4B127CEBAB69F56CEB
204B08A4FD1A95B195CF46B6B5D393D3
C69138B9BB479196F88E3E4E2045ECD0
D20271EAC156433DF7E9820460B715B0
0C785B421CF2609A72F956BBB4B758CB
2507561131FE74F1EE8F5949882188F1
15DDE4688E1681FAF8805812F028616D
3697C6EF57EFEBAB8511354820DFBDE7
5C05BB4F3E25DC7B626E7E3AACC492A7
D3353F4DA715E7315FC49684B1CA059C
BC23FBEB70412435C42B9D009F524D43
60A23EFAA016DF7EDB399379D7F46EF5
9E2B57418E5D90BB875400FCCFDCAD8C
D25944EB11072C3E4E8B4AC4FC3FD587
5CA1BB2453B2B24D90D426C5E2C16C8F
C1BACD0C2DC4D72A5E0DF3824BD80CEA
BE7FD8362DCDD557D1BE00A421A62DE5
A5401928CCB3DB17B17FD1DAB0A75B7C
2AD2D320668A5714501E1FFB3711B248
7D8228971A4B2E30B7574B8ED754560A
3F2A55906113D80A862B02E97BDAAE22
E0B8EDCEB3674C748DD0E7C88A73FC42
37A759A0383F3F3C74333931ABE92C52
34D541834E60C2456FCBBF4374D86643
A04461E91D24699C8ABBCF01DBF85C3F
E1C7212D520A9E2576A5A3121A1DE5F8
7931790A4018A568BEB66B3812475B05
2FC7E07F150864078476FE97300CB1CD
E7D92AE40AA2BDC6EE17BBF4BE899862
FAD4CEE6809E7020F3E8A5D7AD0ED333
41D8F1C59732C0BDBFBC21996FC80AAC
9416C296815539D04F04E7FDE8D7ECED
B34A6A4A6348F3F1C12433425BF295D1
86230D6F30DB734F804F98CBFD0D49FA
96C4A5160828EF11352378B2FAEFD7C3
A3793CCE43183342530E1EC988D06DF5
29C8FDC6870EEF38E4BD7A2046EA7BA6
E8D51D2AC99C13E1A9407091CCF4875D
87493BA25198EF93994606D0EBF986B6
B8CD3273FDFC4A5F32A43361240D54C0
BB65E310175B5DE71AC53143CBE8C7F5
BA178E17704BE1326A85283CF6734D20
1904A1437FBF40C33A9CD1B92AB1352B
86A1D2126A569577A837BF06301758D1
22EBE988110E1DF4BCA7612DCE1EAB86
F893FB6D98C43D64268D4AC1656E5050
BC04BC46F37045DB78B66B58E17FD2CC
EA1C2DC5872CDE6C391716C66D2B3338
1C0D3546AEBA8A4C8BAAC5093F30BBB7
7476BF606374A99CC9D0871EF725D9BC
B38FD1BB44EAE1A2C1ED321EBB3F703F
5B80A7A0C0F42007C00C3198DA08AB62
C7880EB415260FC1F11545D379F6CF01
2BD52F163CCFC8D52A091341BE583965
0A90B9E3EAF1C5F7A857FC8737F7A0E6
AE81D02FB3F156EF2A95E77DBD4A2630
2A3FF9342514991F3057955D9BD1FF7B
B188107B1344A90E3C8AB57F68DDB2D8
5B16D0F8940DFD4D1E532A148F1D0389
B92F963A58D1F7E32CD8DA33CB37FD89
8509043663B1BBB2E6A8C4A913B0002D
67BF2655C51D4B1A6B38D736A4F599C5
9D2104B2EA1B2275F9E84433F6CF9488
0554277CA29A816E8125DCFA275C2380
16BF4C616AA98BE0C027DD67819D6EA8
C5757E2688ABB9E4C1744931C0430CA6
BB31A7F3B3F0D85C7B4C315378F4A9BF
AD20C5DDBE4DAC16C1D529F24A6C7632
B511711A342FDBAD2B970DF7A289F72D
99BE698D56884F40B68496F4F642321F
503AA6742C01D307931988D135598914
CEFEACD427FCB0A44C3080AA9A4A632E
9EFC6BB6D40C94409C174088678C2815
B95A7499280BF4425802F022B38B7D42
464F66D3A7F2A243E2B3AA36B47F7A2A
49DEC6C8C487D52F47890DEC8382BA7E
8B4EB325636227786A7827F8EEAF3844
C5D238656626C17750922058BDCBFC79
049BB7985570F6DE3FD508295FAC3C46
D179D8DAC2D191AA128FA5D96B2BB5EA
6B8395C1C7970668F715B1D3BBA85851
3DCDFDB14E1EC05A261D5E515E38D399
9192B044CEFCB7E2A6E00C82B8E725D2
9CB54E494AD1C1AC76D75358925742F8
3C04FE0DBD0D4597DC5F7B9ED7890591
879F905AE84065260E06C4982ADEDB9C
65057796CF1517A3C2CF6E9285E5EA79
DF43A7A2C738767D20C95F88EB173FE9
6C8C2B77C014A6FA148D8260E6B51E75
89F65DB5AAA383464441D3398148A71B
0DAE11F3FEF95F9D6195C93B0CEE3B17
0878FA28451EA7BC2B920FDB3B849061
2A5B4DBEA38BDD809EC2DDC0EB6AD407
6F196C80475C7914EB3AFEDD8C37507C
77CD96676C4418B4F3ED585E25975A96
4CBCF6D62384D447D58A7825AF048199
8F82EA63672874255D7FD3C81C339011
89EFC6813C5E92FCB03C5474789F5984
6859A118D8A0136436EB82C681507308
19B1F19FD7BFB882BB3A251AC9B32861
6015FE9B7890C0FDDC1FC0BE02B77C18
F7615D7BB1C5302436631D790659827F
9F1ABFA8B9C841515848CB2B9459DB0D
DE2B7C9888D092E4051696C784E7FF0F
3597C3AD30807DF57FB8F4264A2C4414
72629C055F628852D91016A9690FC2A1
033BAF4EEBA45F297C4BD930C4F13195
CAAC97E49D7F1C4651666EE3C7190F68
5E0C3ACAFC7FBFFFCEB0B3C699A8B01C
2AA02C68B597DF6EFD695858E75860AE
0FBC5ED0688BC40B8010B306FAC5AB15
0BE8B774F1BF4DB0290F7016A3FECB00
10EA79B16BF0B0206FA0EC8E56408D5D
233D30526B22F5734542F5284DD9AB97
6AD70E07992FC2259097818EBB3B86D5
EFC676FBAE7580C4047899EF98290C76
AF699DF66E652E3EA679B4D0DF6261C0
BE85604F094DFC61BDA7300EB7130D1B
43992B931CFEB4E58FCD2EF9E57B77E2
5109EDA040B451FD11528FFBB510D1C7
9FD20328243CCE9195B5541DB1457785
7299E6572D42A911D7A0001F4D7B7DE3
832859C4FEB09450634FEDED043E35E6
5BBE577D78BF3144B5A95BCF4E493C48
24FF82DEF2FC4AF31D60C0665822FAC3
8CF8DD204C2E4B6D35C3F715F6710F14
90045B2FAA58103DA089969DBEA08596
AB59028580D432AC176223158A83C8E9
267401D1A36DE5779BD131D6A5E529C1
0F2F9B323DFAB2F8EAB4C415F8AB4314
95F4B479ED825FA1208EC5CBD718CFBF
0410B8887642D43710E3954385285770
C065EA1CF797B2FA08351E498A7CDC03
B934408C59900319C5EC279BEF047E41
9F1E6C42336377BA43393DB9E313CC0B
B78CFF59534D6AEA9B0D024DA1FF44D7
78781BC6989CAC642C13DA848F024267
270DD678E2BE7FA59FB94CE029878592
92C98A6BB2326F8406C105A9DCFB4836
7065342723A1F834156347CA54ED97BB
D4767F1329A8EBE744F9971DC4C01711
7C8E75E11E730E40C38B263C4795B9D9
907CCF4397007B95CCC2599A4305742C
FD5C717E99F380D0A34D07F2AEB1FF16
0D4C14E2A845AAABA971E0EC1AC1F749
B789C623DCAED89EE74BFE326362A430
4AFF9C9A00AF7628F0FC5A87417432EB
CCF69A4BA43E937CD5F7EBF8E43AF3FD
588861504BB15DE37CE0A3B0DEA2AA64
D5D9213ED2B35ED4A85CE3D657D766BC
1708EDA2FA40606364F6EB4BF104DB0C
E60EB1737E5239931E534B119488A9B7
5CBA0BEB602326C6FAD1BAD395B9C07E
992AA7FB94FDD05EC323ADFA26E4B0AA
1716F52F5451FE63A3C01C721506DCC3
A424ADCFF463DFB2E5C8816F4F6F34E5
919D8E41978F5584833D16AA1C3B3640
79F4AAFD76C556F4AB4D69F85BD6D4A7
E932D290B236ADE064027E7FB822D2D6
85C2E97C09CBE0298764FA073974A452
A4A563C3120076BC7840F49385F6E7F4
6E589407E51DD96ECB0B8B99B6889AD6
F30A928394E930E822032EBC790C0137
C3BBE2429B1DE92B02ED8E533DC24254
5B2138805B52A17593BE5FC6037E943C
77067432C3ACF86227FA5364DC678A89
322DF4AB7C69CB6BEA33A89C2B016E0E
63F95DB5978E8A7CB4F3212117C909EB
E7DD747E410D0D68762F298BD0B536AC
FBFC01C178C3E6C562A41B8A4DA9C476
08D8A023FFD90524D87B82B50414D805
8ED4AF46C367D713B83C45C55A2EB429
CC237EB3F0F617EABAA863E17C4F8D47
56808BB9105A634FD4D2D84E065D235B
023BFF54A0F4BB507DEFEB92AE174C1C
0E689273CBB54FA3E6BEE3ED52A29E4F
522C40F9AED53EB329CCBA04CC008497
59B7D384BF19CCA35DA1BCA9C6580FB8
21C2A92A4955A789661E9AD6DABB694E
F48737DB77BA3A725E02549B60B9E641
9DD69288C82DFE2C8E8DFBAB66B00557
356A20512D9B5929B4A5C2BFC3E3F112
93F5A1A484313D310B4B59832D25D626
5B48823284B31F0CA84A84122FE76F4A
DD438299D06E04081FF9C619D34A3B2E
4E95E6FDDA7272390C74123B2A81ED1D
FFFF1AEAAF085A6B7850782385BA1024
5B684836B02B8A070F0BAA8199319CBA
78C657B18C119DC4501315BBEABE1FD8
B1C5C14D2E008B7F35E394D231132D25
5E4994FD4B80E0FBA1E22F4806060455
4A154E23623108489641FB7993E3D943
82C7D66F9B6DE2BB218BD8AFE18D09E3
485953C17247EF06B9BC00266381F440
DC106364BDA761EAD1FA8687A425874E
DC78AED956AD2552994BC2836CA970D7
645CAA6854C58BAB971580083B75AB36
1731A6BA683E71813A3F59922D9E114A
683434C39D6C5E98ACA0112BD72DDC53
CD048BBB86FF8AF7B66699F404BE1489
75237DBD384A296B1B04343F971279AE
CB037FA1F6326D90E6AF14B247672258
0EB87CE8BC6D29F034C26A8FD60260D3
064178D756B1C0A817FD90A680021F70
8A82A55FF976EA00792C590030F2F988
C6EED18A360E168FCD3B54A113F76F09
E71AE87B853F4AE22B4A3CE615BB74DD
38516276D8E0D6F872E9939D3494BB5E
786639F9DC1A2094E17B3B1D8ABEB761
3C7ED108D0AF3796C78D955EEC28B605
B269A929FB1193163970A111C2C4624A
30D4860C949ABC823E78A8699584930F
A916D6BC9DE716A2EA8584A606412529
1E114471034790BB796A6D129BCF78F8
1B9D99D2FA4511065F2F7460B3494C70
2C84B30E311B04E2D69CC4A8D6475B2C
D1901691E14B3FE41F7661A9CD5AF6C9
088ED8432E8CB214A381D2B267D2E98B
8062CACEAF2B9C6F3361A9014962732E
8CE00DF26FB88EFBF3360DFB5258157A
563FE7FE63071F0A432147016F9AEF70
4F4D95022E422BEC67D4123312171A1A
EC98B0B50EE9C316C65CAB4E8AF9DAAD
18497145D1356B2EFED9BE0C28BA553D
CB77765BDFB11C41B4CF953642FCDBAB
73F2CC0883E83202A52B2190495A0EBC
3A9C9879560D6F00BDA01A5EA257D87D
E60A2B122EC24B99A5C6EE87F0AD7D9A
B9B5A9A03C3F50F1748E0FC15A868FED
B9E7CA6F887D53034FD6024B885114CE
7F0110962AA8AA5AA36C479D0EC0D64E
D9146495489E5F2B1E46677B20FFA618
370D3311E2129C16E929E59D24C99443
6A32AD7D39CCEF8012014079C20087C9
FC132A3D78B0F853ADE9D95EEC766632
7419D4F4E8EA996BE9CFCFE909B50D01
235686AC26F4AC972ED8F6AC1D705285
747A01C19278588205B7F1E4C871E136
22875FB83D0B6059D6D8109760067CC3
7EE80AB9912B99E8BEFA4B462B9BEF81
A0C52798BF7382BA1A1AB8CC95D72D71
0C49412F620138D7C71163CC10C11752
D2B8CE72C0FFB2853AB1C1BA1506467E
22C880E1342529ECAEE8350AD958973C
112A12D9AE23784E8A6CD22954A2DA43
28EF3E4CB100FF6D6F9B0851711BD4AD
4DDE79E3DF3922F7993C3E61F9541AD0
F6C9A227970AD7363DC3BAD66B61A7FE
AA850B9040377276C10482B4DE9E8876
9EBE3E36011A1CBB6AB9FA6F7E6D5CD6
CA1608A7ED3F0F1B1DD36938A3E468EB
7D920F1E5C526DC82826035904F4E4A7
22CA464800F468B23FD5857298B6F03E
7AB4AD67726F6119252881E5DA4593A1
F56F7885DF7E08AE656731715FEDDA58
F5CD4E86C2B0B95B9B00E0F50C8249C9
C3A1207F09D4B909C83E3722B0FD2FCE
39B233696A7417B0862868D0B2025B07
168EB26BF0F2F1A3BD03F544D432CF80
27611827EAE471BFF8195485BB0EB774
CEBF12EA1100AA63EAC4821F8A2BB237
883814A78AA93512CA821CF1828D6EDE
EC44FC753CE958CB986BAABF4D714A6B
3425EDC9DAAA1139CE89748A2280FA00
1504E033704516976B4F0263DED9E024
745B33CBC399E12FE6A622B7CB0017CB
9F798C53CAEFAFF3B640E979A1ED85C7
B0AFC7635ACCA847E13378B13F7828F9
23AFE862405BE42A1DEA2BF9FDD1BAB0
8AA48C6F5D30A7F2FE37E002330F09B1
87C51C24A886CF0D9B295D170BE1EBA5
C2FDA447CDACCA5BE4DE620550152796
453E517F1E86B8D151DF1A8939CB605A
7D5FB03F65B9E5EC2D9BFF49A97EBA58
2627C3374C5D298DC627A553D32D089C
48421E5FCFAC5D4C5AC220B41D0BAE8C
93906A6C80B42989E77C7FCCCEF0E632
02A81C0110F2C23CA51E4FEC9E9C3755
773CD3F8C8151C9A210D00C180114994
FEEED3445A3C0C1C176C2A0296B90D65
F2FC4EEFA6B4C34AD6C595BD6B8B600E
E4F2A800C37C0ED65DEADC2D5512BC7A
B3B41961BC345CA718AE014653BF1BE3
E66BD47704F1E242A8D488F3492FF012
2093B73EE83B3DB834E0178E66F1C812
77F36A5A5D3395F47186A9954EDA5208
D108D621BEAB1777FE046CBD321303CE
00592136C31A0256A65AA47510E1DF03
CCFC39C7C5927ABF10A2EB6BEAC01031
F05060FA5132D8F75B5010F140E7FC9E
1BBC10DD3D91095E01AF04A994C28AB2
E4C54F4EDD06B2ECE68799CB8481B58A
8BE23951E111875AEED6ED05E3D190E7
CA9E1E09EB11C2E9E57BFF71A1C0F424
4D6896D87D10C0B7FAF1232451CB42B7
97E3FBCF83F2EE7A974952EE0E8DA34B
01AD0438550024C42EE6879D48F69D14
F372848858601C50A062A1D9DAB5E341
FF856F4AA1404AC3B48E171EC10DAAD7
9DB3F7F3938B0423039F780BA99ACFE9
1F1E7B917FDD05756453D12C55C917D3
D8D4C205176363A29474990841417B12
BE00A7F5E3BC3783120099258DC12F9B
3EA38D681F4A647D4DD067B4255CFF7B
D3F542C86AD9E21A4291241733361266
CC59A7F4A3F646A1876F3FD5EB30BC99
0238D6DFFA9F9E4767443695A5A0785B
F21C6F95A38F6AB98ACF24244741D89E
CD2D085834FBD72FFAB0EA978B3FD06C
360CA4F29CD36556EDA2D1170735DC1A
FC08F9F7CF6815AC47B7315D3EB0BDC2
675E9A1900BBE35A7E8FF907732B98E5
2875A90C8FFF59D0A029F547E31089CA
6EDC27DF344367C7A02A92DD7DD0D30C
AB6C71D94BAC6E806349F940BF73FDB0
57F23A0614DCD7F935FB050C3D691878
75428B577E59939CB8F15124D96B2958
2C9BC2A8989504E885398270E9B72AAE
F00B0AA732075D486AA9F37BD20684CE
526861C2B087FE5AD86CFF1C6E90BD3C
26E3B1ABE7288B67A114C90FF8DC2CCB
E5764AF8F4EE6539681EA1CCD4C3F104
4080CA990DE00CFC35810AD1D713E3D2
420AB6A581CD599B02785A90803992E0
EC381044F47B30D29D187FE757A4CF14
FDA0C3D3E7168B536BA50FEF71778CC6
C5B974AB16F5DF311B3DCAD1675DC184
8F081932CCE954567DF57934A45D17AF
38DCC0797A85B50D93309DD7C7C03CA7
10C163BB6A4031EC3727F5551B402213
DB288367DE8C13A689F2EE08BF6BEC88
074EB61670841362204308E4531D28F5
779FDEFE380834F4D11844AB9F51742B
186BC11891DBD04A5586417E06311776
E22E97EC1B3ACB01504D7DFD41329646
4510FE7B908953E834E280208757B953
35BAEFF7EC17050D2E41DED03F8F1977
3AEB30F3680CCB5F1327A380A6D81BF1
27276D15D73C121F837BBD898956E5A3
F0AA71C4940862FE497823AD572145A5
9AA4499955D5A775F312E37365EED7C7
ADCF22E837E51C4F6D24E2A4390C80AF
A9D4C5C435998D0AE58FCB4F05EBAA55
BCF44E34DC08165ED3902B36DA7BC1C3
AA463DA9320FBC2A5608C872BBB66E11
86C66FB5FD298E2C8FD7359150168A5A
27E51466A60DCD1A130940FD81B2BC98
37E0B4DBFAD5AF54EC2751185295E753
D9134007F56B85CA671FB313FBDB67BA
F3A9065DA92C11809B70F080751AEC92
3F3764FF388610BF4FAF990EB69D7BFD
8BE8DD6E8E1FBB2686627A571C5729EC
59AABD1511B0FE249651D5966CCAEFA8
1C2542292A5082FC4EFC767CBFEBB859
8A340E03D613AB3766AC7FC2F9608A58
C45E3764CE5903C0959DC250BF0C7688
E34536B9E39F4542FC3A7033A6F7A0E7
2C13EB66811582E3955112D8BA921450
50D18E2ED44C7A497BA2366EC977251E
83A8C11C20FC98603AD5AA5B27C22AB9
34FD0E2706279D76AB5416143591FF88
0919700ABB2604A42AC26BD3C5FDEFFB
C309D3455A41A7EC32454B1234D8D06B
C4581676994A5EB286E7C13915D4512B
9F58F232AD9F138501E1F82200A2F7DE
02BC3D8CEF629F496E010D0F077B0AFB
301BFCDFF3E3CED99205C48A3BBE173F
83B0EF964FC36910F6BE3E0B0051FBD6
91A2CFEA8ED4170E1033FE1CC5BE2908
F81C6AAE0B485D796C2B64D983934144
CDE75B0B8725BF7BE30E801FA74D6A11
108EE147345D23C20692D09DCAF11F20
696740A4EB171905C28C0C36C14AC353
1344AC6055282334AFCF63ABC2D0734C
D213FD3DC1F26C50F1898C3D451AE19D
A90F06598896E62C5979BD14B8F792F7
1AAF4B91D64450F83DEC0E25D2CC0610
A04EE1A7B2DE96C5DF1B5D1C40125064
F088A17D1CEBA0DFA69BB8F2C036D2EA
C578A33A2AE11E6AD938EEBBEDB99082
C7640898765038702AA17A9FBE335D89
74D44DDA0B447CE17CB3279C577BFD92
383F3AC4842C7616BEF5F5E31B3844D3
9822D05F5A9FAB634614C35DB013FE61
4294B21FEFDB93A03F11BAD726D58B44
E3650B655145F8DD2A3189E7522EC8CF
8D78CB963A916E4D179F97AAC0C2AE8F
02D85B3504197C8AF3CFAA399431E18D
27F6A4AF4ABE0E8361CEB4B0C1175FD3
6F569F31B002E8A1AD25E8CF9124EA98
9074A9E8BB69DA4D02716F1633DC7DB3
8E4C10F0F7640AC79BFBCED91E66F03A
C05052DC33924DEE430CA8554DF8A46B
6DACFE848560D86E2B3C0FC9A60204C4
52ED8D7721B32CA04A4F10824453CC8D
0941D73F2803049DA073B99D0BAA91C1
AB51E01047EA9380F852F6DB7E00B49F
BDD5388F5F8DF48DD81FF4A5038A7651
A6B05FFF829461509546D93A799490CA
CEC8DB9ADF517DC578A21576095A066B
F17E555FE68557219F6F0BAD4FE258F3
DB026ED46FE4AB3A25316C7AD5202CA3
4D6118BF02198B81093680BEBA9DE81D
35CB2065BB8EB9F6D39A414CA539DE22
AAE4A31375218DFAF49DF4721FA029C3
192B065E5F75FC5BD7D64B12D05B7EE2
4AA352BF64FFE3501C3EB3EE510A6438
FB778AA4CA324D03B897ED9C0BA50DED
C2538FDFBEF41E9D1316A9E39DC3B83C
A04711A32C375C5E2EFAFAFEEE115358
CB0C6EBEDA7FA4D00BEE3C22A7CDD024
76C14C0ABF7032A1349B5FE7019EFD1D
950FD61AF1E3B7803D9C3F8FAB847349
DE085130140774ABDF21F0F2BDE7C520
9EA0E4B92D53159B0FB3824526F4077A
B35ACA819293BEC8816D0B02F64B75DC
EBD05266B9F9FB23A706C64FFC7B3B6E
FE9DF531EBC12AFCC8D09C5E09831DC9
17075C85EA95A712A7F12160A77C87AE
08FCD9282684FF0F8FF8C58B2011A413
B6E57D433BA607B0DF8C3E89496187C9
8605443321D25FBE614B98146DE27E64
D85B5595270BA06773B726D890AE9DD9
56A85D8A2561896CE0057D13AF2976FF
73FDDAA198FF194158CC4E84F3A129CD
5ADB23B100A38D49858EB54EF26CBDC5
F62BA3415FD988F5E1B25C51BD176D71
9A8EB42BA08DB62D275272B771BFC5AA
C404ABC3A585E01D272FF1EF1B15B84A
2919E2552262DDD11081F921F53F0744
39445BEDC590510A82E77A43AE974859
2CCEBCBE90760F0AD0C083C63CFE702B
FE61EC8BA4ED02657AF7B7666F8BB761
2B349A65F30EA225201ADB266793232F
A39F9BEC09BF8100332CF17F9DEFE960
5ED7382F9820D0E8590C6D668C03F1F8
42CAAEE1C5855B6481778D7514E4D983
A3B0D36F7C2FF69DB46BE2F3972C90DE
559C475F2DA8F50A83A9DAC662E28FB7
F62A6EB83B99959BDDBE19042FCEB14E
F255F33B5E12AF9762E89E6C25842E2B
1D72D974018C708AAE49BBD14AD05514
144BCFB92516A6412620B9636326FF3C
6C73CA9D0BC3E7E1FF37B725A970A620
3BB79EE8D50782F772B1C544CA74A336
48003ED9FD2A50A6DC6E94E39A77A00C
1A5B404E23C48B8C2B8E41DF4895B60B
0E6FD1B8E45B321C6763E6D973D2BBCB
5027D836EB174C3211147C1D7B14B1BA
E8C1781FFCEC62245A3182D0F0584E57
299AEAC2ED40FCFEEA2925CCCCED09B8
E6F4500BA464A7478F1E94811261255E
45C4FCD13E54B95A462DB39DA1A3F6FB
F513A3BD474F923D77D08AAA05E9DD15
82889D0A0667B6F6AFCE285D8BCFD00F
D9096E26EDB4A0B1D9F9F7AB53226DD5
4E18BDAC6D0F0D89DA52040DCA35D1CF
5DA29036A8B7E07CD67F21EB37F58F88
5C9576C0C935132349A6295527A5BE04
97D70045F03F13C10ADA24EFFDF6B7EE
1A928BACD7348E806A768D97ECBED81C
0A58D97206907AFF634DAA4FA6E96E68
5AD9D3EBBC84A5148935F4F250772C58
45EAEFEF84F10C226DEC54B9E62BDEA9
8C91D20AF3B771DDAD7E48D12C3C5B22
F42015637F6B8869C4D26CEC7128F993
6136DF04945E629F27518575AA02B2D1
1F77E3A052727886AC9F15D287B7102F
1D5224C019C7E203CDDB6F951CACCA0C
9178EB78B56BD837B83D055C84D98C3C
709704BA2BEC014822937FFB16C956C1
EB3CBD80EB3847EBFB7478F58A883BB2
134098015F029B54BFDD731E350BDD97
1CEEA43C9B56CB0021925D1F4EFF602E
35BF011B1C395F8ADC7ADFB6A20DF308
9442BD79E3B8DA4FD2A5A9AA933BFC58
5922B98ABCE4D9AE0A19A43EEB02FC90
52969F324378E5FF81030598A4DEF831
FD74B3111EC4D656B886CA608BA76D37
357BF51C4B30DED5AA58928E72D80A04
F14130B1BC69F7560B78A0455324A082
F533B1B279EC7FF18C3EB5F3CE5FA023
98980207563ED32AE64DADFDA3F88A15
579F6A006099A795A62B89765F40F089
EC425277C99BD649E6DC1B6FC2BC7381
78E14453CB8B8E6CA4AAA8E8B13B0D24
71C8385EBF8CD46678AA2D68DDC7B14A
B6BC73CDA1F5A22A1580126FDA7BD11E
CD70FD6B9932C1445D051CAD3F75991D
06EA78F42E33AED7DF2A3EC33A6E7DC6
A608DF137AD0A06F2EDF773F47C8DAEC
7EE6B642FD78960A5E048AC25BFBE9C6
57D1E1ADC99E68F15F3EAB629A8B326E
6E42B0FE31B2C8124FBE4444D2C3EF35
EEECE88B4811BBA0D81A6D3170B6BDE6
302129A2812A2D05B61E58503DEE6427
2019513A7DF9E29DF4CCAA07397FD766
CE411D2E415C1FF4269D54EF4BFE64D6
6DB67276F586D8D1D2699D45863F41DA
829164EF263193E3EE17D12F769ED625
2B88E1A6354B4E064C4C2616F935A45D
0539F4A53847B8160DFA35FB9244BA02
B805DB1DBE9DC871E238A16EF830C762
E6AC6332464EB6530D39C5CA831BFAB2
DD8340BC8AB1AE27AFEF0DF0C4732E77
F142F1BC8A0BAB6F3474E3862F06D8FE
83609167311B623931587B861FF29ADB
3BC071FB2DFE24584652C76317E36699
A209A049ECDE7AFE40112637F4D1A7BA
19EE555DB8CE2903B55EC7ACE8B42F53
2D0BA5DB6972B362011F9579AA1163E7
7BBFF7DFFF73BD8DCD91DCE920F24080
40C3D308F3A1FBB8485FAB10156B8E51
6C966231CAE174230C4B3842BFCBE7AD
01D4D67C25AC47B86FCFA28F32552D22
98A8BB86C59B88B147364D4CD69DE56C
64DCE10F473224B956743CA51D5A2F2F
6C3D927A8B0F07ED0D3C947419DFD90C
E857E8B6458D7A84A20A032EB180A8B4
BA281A9B7662463C991C7D4BD7C6330E
64857097F04FD17444C498DE696ABD35
564188A1E79DBE98F01DF276091FEB4E
27F7C9846BB9DEA90E3A456DEB2F629F
EFB33FDDA60700BC18821191572824F0
8D5AE3E8FA64CFA5E5E396B687A7335D
2817766EA36429596E1998E162AF7A28
23117D3073557B4AE0AF2E9F1A2544B4
028500718961117531ED85E2A8E98CF0
ED4FB67AC038077F55945CE9BE8AA7C9
ABA635D5D6ECF17274D3971FE1ACD4AE
433BF0E9ABEEF4293F3CC50C24BC64F2
CBA22EA696616E28B24DE31AC2AC5D26
5193EA04D45C922AEA9A92F38A813FC5
C7148870C1154314F1658B77257A2E0B
4D68F07240A5A0D15713BF1E78EBA648
4DD748CCFB7637EA03C06FFEA79A69D4
BA227FE51E4C4678D22993615BDAEE7C
6C5159A7ADC5C36EB7D5C6A1EA9F2864
1DCFA0A3FDCC3928B360D6D59E3B49DD
7FB9F0C6BEFB903D4BEA7BBDF3D420BE
4987FB24541EC27482935EBC2F48C02E
53957710F3CDA14A42ADF68BE223766C
17CF61C8D6C8FEF451FB00C49D4B8BBF
541720CEC5DE785A91A3002B8D95EBC2
476E217A17A959A17DBE476727AD5845
B806E1B7F1428915C3ABBDF214415BF6
0BB42FAB22D76A41174D8A4A58EF1D3E
4332D13E1676927D43B0257114567107
529E92804FE6BB66D561FC0921D5ECFD
807C51160156DF3B6059739BADE9D4D4
A80C7FD4D0B0F7ED4A4DA0C23F05FD22
6C9940358325608E3428F3E9943423F3
F446D3B1C21D140603AC855096EC25CB
9AE8CB4DD0879A6026465C45A79CA24B
110F4B4833C2F8EE292B78539743EB24
CF3A6840C2E025B7A3B7995C7A683223
55580E3A50B424E61D590A79F76F5CCA
33D188F32D011C473F66D1652681C3BE
999D7DBF88E20BE01A3814CAD4A55E15
8291C505E1A0EB763E7813CBDA8A285E
0D6E5103AE1388019015B255CB5865B8
925FD3159193D6B267DFD476D0FF3487
40BC9EC3FC49A27C4500891329EBA6D1
E3A1C52F68674DDAC06EF52AC987E82D
85FE3A9F528C1184311BA6B89BAD3A46
CD058F14E243954B3D96448CC943F98A
25BFB778E16F78030D00FC97370FEC14
D41A396EA10F4287764A121BD7EA19E4
76A182863D03BED59583CB843FF8154E
24D2D7C89F3C2E67EBDDF8BB56B303B6
C3A3A4F86B7DB34A56ABCD96781AADC2
08B39996589486C71AD9491AE0F0B5E5
93AE1E4FC8B96A02F64A1BAB3D7E4599
E6C058FA1BD53E06DF445EEBE4765F90
EAF74DA227B2A872B29D5FDBE66CDAA7
EDE56647B0D923972411E57D23DB6D20
0E99060E7F3EBF2340273B41E50FEB33
B596E415B0744EBBDF4E81D1941FA802
09BC99E17E03A6F9B30CE36703517EFF
747E1ABE232E31EB57B3C9F8CD6C93B1
7863CCCAA4A70EFE1FB7ECEFA49B1F0C
6DB9D5F7DCE60CC495876AAD9F023E11
B4FE07E9715F6AD007657A513DDA4606
C4B79C29C459F8EF98EF5A6A2C538D98
49C727DF3AD57384980379DA0256A957
E8D5CF47E4A564C93AA9233FE6FEEEF3
94543242C52969A86775F4A390D9EAA9
90344A48074A2E3A239573357101F0F8
513D51C610FE9538755896C9A8F06598
D4FC04EE6E8E50DEF700EC0E4C279ACC
0BF1BABB00B4D59453A40A8600F4A4C9
8031F7AA7362D9F472223A49C196CE6D
01EE127245D3F46D05B79C187CD1EEAE
A81F1283BE3796A84C9CC387F086247E
04533F59528B730D96B47FCB56ADDFA0
05565E3B1606C7488C3795A89865F3E1
38088E2E0B4FB6E59C04E04BF2CB231E
B2254CD7038C8EB256E8E2FD09CF848A
D5D4C2A6896AAC3AB77A73ACC4F597A8
F670206769F9038C3D8D52ED75FAF5B0
1785460E74EA14FAAA1F00B804F9B189
7E629AE94BDFF533CD9721D8F11D49B3
18F333662C8F53F9D89DBF9C9F6C1714
CCA36D454F6BFF4DE2389F7F31C1C960
5DF9FA96BACE249E20083959E4B3F1D4
C7FD53D0A1BF269FAC401D89315C1A28
1244171162A7E5BB00B7D51406916143
3FAC37D51D86DEA499E5B7176823A27A
64EC1BF50AEE9231A4D9F69F1E532DFC
32FE436D2EDEE3624D6B8FAC3FB64130
465D86ADA1BEF34CE34534E7915819D5
AA02A7181C0F2873BC0FE3F3475D032D
F5A8A0011EC3D6E216087E2139A5779D
C15A78FED06C39589E49C63195746A01
6C903091FAA2531DEFD2E5C4CAAD69C0
A9A6FC853BC2ABF0470EDE7CCAC10798
E048B815D5E50315E901C5B8033CC2D6
50C06CA38DDEB094191DECAFAFA641F7
1881E493121E64EB4BE688756510325A
B3072292BDDEDB9180766E7C370317BB
42252A881C984BF61FB56FFFAC38BE78
91FC97CDBDBC187A776A4AAD914B0109
FDB3E3937BA96412DEC4D9AE693C9FB6
E9D719382AA17BC102887277357FA5FB
C7FEBD4AB40655A3128F55974B5DABEF
B193EF071F66B6E4801F1264EDCB34FF
60CF3636B7E1AFC22CAC4B9A75CEC419
B0E05CCBE6D34A8AA1EAD63DD3961284
DF2A55CD4815D3972482FA885E0DEE1B
AAB5346CA228226DF78D466563D8BDFB
283E20F8CC0F1C3AD4EA808BD76CD5FC
8CEE31C5C6FBE79C9E7EFF11BDB5F250
6806343BB0AE56744D69B7398096E649
BE2370E22B82DA0A74A2AF1489853A8C
7E494660D20FAAD578D898EA2C322A27
5811094292FB539109BDF95A7C0E88AB
26219B78C3FCA96EF121F84E61DC44A7
B521A865DE2D1EA6A6315E1E3FA247DD
755E53CB537A355EB2687D75C65778A7
795CF0CC0355197942CA20653D7A4CE1
BB0B4F356BCA2FCCC7E2F69F6FB542D0
98E11EA9836A55C843C39206CE118976
476C4C8433AF37C62DEFBF50E23C5C3B
21A31FB02BC7FF5EB133510CB47B7F6E
1342079A4D7CE288326B10F6B62CAAAD
4BBCBB25F293140A5E84F582385FE14C
C1B7270589EC6CA257A01538835ABA15
2FFD9BD8514CA4298B2FF6D856D435BB
A22B7592AEFD3275154AC8B5B8A98AB4
3815167FC0242E3780FFBA99C498CF46
69C5B0D4C4CAF96765241DBE115E94AC
DFEBB79719A41738BCC53FF9AA4E1FDE
5DB41B951FDA6C4F9BA842123DE36A0E
25CADFA82DC0E4CACB8BC9C548CFFE94
DD78948A7B382EDDAA546F551B9B708E
F7D1C97B3743BDAFD2094E15CFBBB049
4995E95B6E18F796A55E114626BA2FE2
87E9A470F241DD4AB330DFCFDADCD3C3
F9C92BCE1E553D6A0F43B736479137A9
91BDC3435604DC9EAC30503662978615
BB42373EFD587A9CA0EED7602B1F1EF3
F1C9D817254C2E04F9D77CA7A5646B8F
2FE0A2EF5797B79C6BF59EF242C869C3
6E8F9A5FDB79AF52721C4A8FC7D4473E
044C7C440A7D3B4D6FCE67DB8926D1B7
D5FCA7D3F5558AC1DB923CBF29A8BC7E
6B11FB50C66A780D2280F96AA90131A9
05856397BBABD40184B30F6757097A3B
5030695E9548D01F1BE39E201A44A26B
1FA440E741E321D0D6509602A3A39AE3
29B3A9A243901308B45BC6B55C01771D
AC65E30412DF08D4513F2598B06C0962
9CA2A305D2FE924FC45926A5D13AA36D
57ECDDC67C6926E7B8A3C353B57C20B3
B889CECA4FAC5FA0B5F487E4F0ABAA14
F2470C9DB11E25F56613E8734CE4307A
571514776D2ACC42DB8D983F095F5101
C0DC790FA0A465B97FB4380BB99D9D0D
AFE4FA1D8EA34C66A89E1B98B88F42E5
1F8EDE54F0699BF48535A26BA029818D
35FA05C7F8BF50BDC739A0702E350A76
4E43450A863F2BCF408C0841F76501D7
E2E20237BCA9FEFA662E8BF0DB6A77AA
84297B9E042E4E2F4A40607C1154C468
965F6E640D6208369C44E69E2A03B101
EE2E286153E9E12AC7E45706768ED697
A3966A0DA956380ED38EB0A4D8DEED59
51EE3EB4BDB3CF758C8E108BBAD63C80
22B6A82B4B02324792E8CC466A8CA347
2416D1518F1CC92E5BB77413F32DDFF6
2D2306FA0F30B07BA753C80B0DF550AC
B7BE33CBAF1493ABE1FC1A3B9163D483
497BD72F021E9B7E9B32FC9F51E9647A
E171F380BAEAC49AA4EEB42C8CFC4793
1A78A4009E5205517C9701E54B3DEC52
AA4EA49BCC271748E1C586F0CEC9F277
150FC20C2D346034EA29E116218256F2
003775C9B3F4A1B03322BB6AFF840396
983A7A601DCAA13EC37D71EE6ECA3F99
3B5348BA1F8F9099CA5491279B71E55F
1BF0C260F32BEE4B7851755EA4E1AD35
982CF8DBAB8623F0C764EBEC498759C8
7A326F8F10BA3F8E725DB843302C6DA4
9E36D5C7327DD2C72F4776F88B5D7D89
6E81FC20BDD400C8BD70CEA930269DBB
5E4208418E15265947AD3E169F5D1EB6
FDAE442607666688C06C1F8532ED7B75
C4A3CD142CCF68DF2686855E46FDA7B0
5F365E6D01DD0A03278A8AB3CB572C00
E07EDB8BE79F1E2477239111B12E1759
288166541A87173EC74374ACFA058DA3
D988610D5E0EF810E9196112C403E058
D91A25CC6776B9E44979AA8452695413
B70EE560840439FCE45EEA0D17F5AAFB
766309ABE0016466AA197EF9B62DC6AA
16FD3C7196998A8ADBF8200E71F746B8
85D4991DA309278BF98467FC6916BE57
F953A2174BA590460FC35F98219351BF
C32F60D5888CB830250BB92292211EB3
E3B61C7947F4C280E2CBB4A36C6691CE
ADDE9CAD785D3F52E9F91DE83846B0E6
D3F227C326F99F8399929D9B6020CCDD
DE333FEA09D46A12B7E9FB0B06D2F48D
3354973DB309062B9446E8E4BB07988F
B0D90741202939A2DDA7500849F9F247
11A04BC82641F3F56BEC8362DAAB8B1D
C277422CBAD9A7B05C52B7369725B208
0EAFE778DF34355EC8159451F383CCDC
C12740257B09E28D5E076BBDF18E32E8
16E0E183F4050C40197A201746A57E07
D5A3643D4A5A04E42EF2D24791F82DBB
A7DFFF8CAD2428BEF2E2BF6377DA7D13
A5EBDDEE3EAC003AA48F9CAE191DE75D
4AE8E34C4FFFFFBCEE71F447935504C1
DE6933A971597929F91BD32A863908BA
FDAC05794EEC5C864F29FDDD2C6704E5
A685A5BBBB7B2A8015DF64B20C83E04E
0216443339AF3097F163127460515F4C
0CD2A002EE5C98AFD9FE53F5428B004D
CA3A039BD6854DE5A49B404AD248F9C8
CF5A67B8083BABCD8DD56BC06AAFB32A
2EB52216BBDE1674D312E95A86A8E6E6
68581B249D514AD57E1F7EA61529C88A
271A8068FB877A6BB0DE84D126624437
CE83CAAF9B40EE9BC035F9575665263E
B64AA1D595731C3B83C258893CBE2BFD
8C1BDA9A880AC2FC6D5AD723BF367BC4
D24F5805F3E56651EBAF77830EEAE145
207D41F067D92E96E2591634499883D8
74C8BC5B05CF7940F1BE124400E34F72
B90B4623CF548326BA5E3EA049786EB3
6B80E8BAB500F9E9D9C96593A30DE411
D17E60B83763CAC66AFA3C2D13BF894B
2C6C342F5A48747224C411206134C9B2
F86B8A9F611E97E3AAE3F8C5A549AD49
EFDFF8A6896C2C08FEDFBCCBFCD8B140
07D5974B1AE8B8E330DF3AE4148C1E4E
F8CFA974D875CC79A1457832083FED5B
346F1F751B0EC37776278C7526F38EDD
35828A4284E8C64F6ED0D39F754DB63F
30D5AB78BA578762441E3640A680EDAD
9E64B74B41366F1AF7B5A92898E30D88
7B8D7CDDF0584A07B92F44D7CFC54F99
1B563DEE55A8AAF1D9A9B9D0CE68587A
21ACF1D938ACC2F06968117382F80BD5
10E861290038CF8E862D4AD5327FA97C
11D702AA49A3A3A841A232FA92C623F3
3AF61E1FCB1E7C7FCC993C48D7C2AAF4
73C42ED64D2E72518304A632F3F0C7F0
8DE1590BD382FE770F8D00F24492C4A6
10D2E8C886F664CD6E75ADB31009B400
5AD2DC7414AE9627BBDFB55850DEBF1E
1F854635F0A0642512FDFCEC09769751
43CBCC6FB4CAADD3B0B9E71FF000A8E9
C776BA1BB94F4F89D6339E15133CE1A8
121799691472E6EB45A2C888D12D4E12
413F48D508BE9BFBC09EF132C9D8DBA7
AABAE0C78C74A19EB309A604FE894E4F
EA69E7B89D6B12939F03308183081CBB
63873E33DE49DF121313791EB490D7FF
9DBF01D0162CD57961E826426C9C3348
0BB68B6FE8675D56952F213DE4E72AE0
C7E1580005CB2DD91642E7217A8EAB22
778B751272EC9FFAD8FA9E6E37D3367C
3F5332990564200062E54B2ACD435199
207A3E6330C83637C9E907CF09A2A217
BC0DA518EE8F026ABD9CE5FAA51CCCDF
E920209BDF215262154825F84A9153D1
3E6BAEFF6085008EA6BC22B7002E6921
D00BB90AB8BFF8C79C32AD21957BC4CD
3431D2A5363DF949D680D6019F009E75
3838CED327B506B413E5B3D101EA7DCC
82DDCA83CE3F29ACCD1474F063C01564
23A4A7A861BBEAEBB976D7D5D03C5FCA
95548CEC578986533AAA40966DB9913C
969D2923ED2AEBF1705A8FB184E19C50
DAF97EC67142C07E603AE21CE98B497D
C60C3CDCCE0CFFE51DC505F220E1BC76
3D17A2F41CDBA0AB0D92CF319F15088E
9C1D60BBFFAA147D0AFC0960EB8B602A
953340CFEDE436BBD4FB89D6B768120A
70D965455C0FCA6938FA7BA2CE887660
32829C67BA11717748B31867C8B9AB76
F574FD248C943B6A4E5F629D01B6D798
4671325BCB536187B7765E591CD9756D
3E17C13BCDA63F72FE1BDF305E6A08A2
68CE0D38CA294FF1D492C934DE490602
E3BECE4F0B4F93C4100D1D51AA0482D2
AB0358F7986CEE3D805B8D232DA683BD
FF694D11DC573C1F635A11DCF4DC8FF7
7655119DE6C5226F531F9FA70CC649C0
E804B651E64DA3D8AD42410B360FB23C
6048F98CCAFD94B81DC1AE62C8795C63
50718C6763792C25948C1F1769B0E0B7
C5265570E51649DC94385FD5E23D8B1F
614F34250088A8DA0763C523E4FE0C97
2F57DB337A47398D452CA45BA7D63FFA
E21E868608106E3BD9ACF9F7A7199B68
04C883B64C7C67CF94DE62551636728F
52A1AE7E48C018B907680F44D0317594
DC01426185A88473487790A625DCB0D9
A44A8C0CC94BABB66F1369D50A7F385B
61EB21CDF1FA19EE96F28B37CAB284DE
DEBCC6566CE74454E833BB30472994BD
5346C351192FA989A0936D7A73613E93
0B0097458C477331C067A1D7C2718224
FE23E17656761AC037E46AD1E87A841E
E42C643A3F58F72DADDC05BF710F6746
806C1FA86DA56FB6FA4DC2E78708A83D
09B85018CDC3EEB36EB3821F3A427CBE
001E8401A018E9A6C85EA413E14DA26E
44C842099E43E01957361C4E43E71E5B
B37E443B7676B9615357DCA6F97B05D0
642DEF0506473197FACAE5AEB2A25287
D6C04983C049EB89ABCE6E179FA3F831
1FEE211DBBE60789840EBEBD3AF891EC
8C6594F1FFDC1139AAF851F7FF45321D
5951AC7C6F72B2AEA126B8D2B17BD39E
F601C55FB02CB90E62A036461053A0D6
A3C75BB042DAF10449D08504264BEB55
BA2CB1910252915D4A9ECDD1DC166B1B
4E3687C5CC2BAA7B5E9CB8166FF5B398
2FE2CA3AC186CA21BCB728C51548964D
4DC477F69711AB7891651C95FFFC51FF
BD0A0FFFDB3D889666416DB9B0AC90B6
102ACD788E482E945C86B7F3F11D6EE9
FCF2BF6DF36C5B8AC16AF2A9C2D1CAFF
DB99261997FA290CDE4353A88BE01432
3D9F19A5762943AFE5ABF2C6079AEF27
8422658AF6F5922E9EF0408F970B9C75
CA53DC2D27C5D27F54A432C7D9877089
D5C683D053D1FA49CA9DD63F844AB02E
101654E19C646CB3CEBEAAE8634103B9
CA5CBC0C87DC77246F1C25467BE402F3
D8626D1BAE5DC436E9DF617E9B7FE884
E8CA83BC95F0E733FFF80F5E85E4D075
8A8E25AE46E8114882A7E23E1286EA5B
7EEF236E572B2B21DEB95AA40FF92A05
66407AE78D97D71EEBE8924084C1B3C6
10E622DC2B69F3B8AC118FDB0C0D0AD5
1FF2441E54AB93DAFB597C075A6D9F62
B37DF98084FE5950CCF342C8D9105A37
654ED204714B9E0A2D99409549C555C1
C70803BB6AB72BF1A8E79FB460896AC4
61681CCEEA8780D191AE2D46D1E3CD8B
20BE2BFEE6B95F53184B0D159BD38CA4
D37BC28304A90D9261F1DE7993F90703
3694C7579B47ADE7DB83CB7E2213AE07
3BE8F6848BEE12A7C94AD445713F4BB0
CE8C54A885827926ED47592177854CB7
847D2EADF99C00C5B0BD7A2EE2524016
DB9955C751B4487AB8EE157DF5F070DF
A5761236768F75E13F1650D96009603E
645F1A64B69BD6E84DDCFCFCCE5F30B3
6AC23D19155416DB4A28177C4D811CCC
4ED510969431458B01A36046CA9A42C5
19D1C0F066928C1FC3FFDB941BE9FE2F
E6BA15B6022D11B503E143BFCCE664F4
95D859A3BA07C365B57D6C01926C74FB
2CF952152BC4D3FB86CB5C5F244E9C22
DD6C53428B10EE0FBD5C55A74BF78D78
B2E305A0B8BCB67FF1B38295326B4148
0A0E499DCF18C612A248FDB18A393E98
A4BD80E67CA0277FEE80317414CBA430
0B315564D026C80E92B713B127DF4168
9D9500E9867040F28E206AFEA568F64A
F08E5A65A1737289CEB52C9E071CA849
731DA668DB1D653C4FE78E62647C4F7F
11437F9DCCB0BF5D4BAC43A3BDF8BD7B
60266AF5E247550E2DF4BC291A317DD2
9AB0D6C259454E8619A6F9108C6B82F9
0F4834B718C7B6C2BEAF6BA755358362
DAEE1992F5550C7705016AD603CFABA6
4BD77C82321461FF32BC801F4CC2F66F
510182AF994A55285CEF769CF731FF12
D30997CCC716619933EAE194BEE939AB
607B76A6752C88F44B9AA23C9B0D18A9
CA6B0C1FEE8FA9ED135F899F07D8D5CF
308AF02AF6C130A83FB1601DE28C9A8B
07306A968CB4CFB8863A8C425A9CA9F5
45905E59906EDDDBEC4434017096418D
C291BD07034B82C51AC888D1DFB996F2
A8E6698438A05E94331799755B1B3827
E4EEFFE773ADDA38E12B0F06B3B0C5E2
6B31032872DCF17F6C890129588A1882
A58CB7E276CB2384429F0B1294A6D150
844FB5124D2DDBB9EC8C054012024668
F90600AF6EEF98AFB855978FBCEF2C2C
FD8E1135D817665ED10AA9B9899B043E
BC3CD5C87E271DF721604A82325D68D1
BE7CBB7FC077B0CD47C869F3F5C8D78D
64B99CD4C629FF618C2A2A0B9682375E
18B19F35697D450E342D71615EE47DF9
A230BA874B10AFAAEAE1DE78DB4D64B5
4B4C0C938086590AC3BED497A5A824D7
34F392E51A616EFEADC6D1F0A475183B
013DA5277CBD9B2C968555F8D7582623
FBE8F4BD9D9C186CC4FFFDA41B829F13
254CD65AD0E65DF936DE6A90DDC3D6CA
6F30D116ADA4442A1F464BCDF71BDD68
978B8369FF981DC6012096F056D618A5
D1EF18438558738B4D91AED41D703B17
CBBB1F915C27773E8E6738CD1CF1ECBB
75D88773CFF8E572A6802E449161E923
CF21BB3F1627FFA84104EF7AC34D92F4
33E1852FC0C99CFC9F6FA245910FF2D5
8910B25BACFDD20391F2D7CBB8834B8E
B975BD310A098D19D76203FC4A91C0B2
85090B4A45E172FABFEF7EAACD6915BC
8C3FFE11D604E5E45AF5F386106CD2DF
72119A4415A8E7335AD02997E2DC93F9
9B6076135E5A87C9D12FDEB7C57B2058
03941986A9A4A187EEF162D1EAD68A18
8D7456EC14269EF9DB7737AEC1282FC2
76EDF13FB4FCA736D7AF3B381C6F6AF5
93539C1289702C29F4B6D1C058129D37
6FB78C8DFCCBF88653014C7A6E39757F
B2AC7BF9AC6D6B431FEA09567C06FA4A
41F524E6DBAA0247F2BB3A6B5C91018C
5D45C23E3665CEFF4956D6611F9B92ED
DC6CC73273108FA248064EBA94191792
A57535C88A995370AFCE3EFF60F12DF3
E4CE980E82E5E6F83A027603EF6EC7EA
6726E6F563EFB25D5F1C420ECD6114BE
F506CE049C99347BC0AB330F47201896
94299A87A17B005E60F8927243062DDF
CBEE150A60BB180FC6874294ECA4B5ED
7D7D3FF34FB996AE6189B359D2EB8D1E
737506634019DF79790A0B60BD1005D2
C9E7D3C6AF0E230ACD11FA641CA7A532
016B4430287B7CF5ADD4C39787E9521D
4B7E0DC8C87C03B26A0B0D65B89C9ADA
26832924746B06287F4C2818669E5809
6908291EEA2A275D74C62274FE87DBB3
DFEB08B652F165E8B3F0FD758A39FCAC
988927D1E23EDF108A64AAC357A02A36
872DFB4B6551800FA8AB6597544A8BE3
2B5CE62EE22D62863F0C957F0F9C5339
F455254E0519D546CFA2978FF24B0714
FE905B479E78385FB5B9403582779861
87316CF01928D5FC7EC0040A45317EC2
51BE1CDE75F5CE4653D1DBF163DE0A6E
8176025CA13BDD8A2791F5AF8FFF970B
B4A35F55C48F233BFF775A64305B3F15
B2ED6383CCDD4C4BE6AAD72DFD58E85F
A888775CEDD569CF07FE94A1D265ED67
299FA7CED21C4844DAA519F19ADA2C95
4E2E5E42BECF3C32D0BC9C532D30A7E9
D0FDE29BE9D8AAC3382E3223F9A4A761
AFD81111946099B5A732256948FBAB07
FD67403022B851B0F52FBC29581C0E23
A14733B0AD24BEB2D2D425E2E744F65D
61122E2FFE99718CE7505275647CFD16
EF49D920F888E40A60F287E0DF5C4540
6868EA257B9DB4E26C862A4219DF6494
F0313CBC1D4330B2B4A441ED4F828341
6DC56F4A4BAFCF88BCD3A3F205265581
FEC5444382D444784E31511790B2FA95
2B8F8B56C8FDCF1CD51911538E22C9BD
398962FC44F118FF79407DD89BD3B03E
6D694C21EBF3AB39B1B55D800914F28E
B890A7B23CA88C5F2F0B84BA4FEE55A7
B88F974F02375BA52AFA01D7101A2F45
C9C52C114F00C107670F8042BAB12F36
A70EEAFB5125D43C3CA62F1D6E7BCE80
4B6AF109198818D118D2DB9745EF157A
FB4AEF044BD98C6B18970BD955E46F09
2BA232E07139DFD3158E91F7BF3E81A4
EF4C9DA9E8E3B2C825F4F65C4EFDF4F3
98F8575329FBE99A8BD1E5D071236DAB
7A75685A17CDB7D2425C226A97393FCF
7014B59938EBC84D9989E4D324772591
B9991A3E7571066ECB72CF07BF575B95
70FF1B951B3D44BBBA94E128935630E2
27F22ABE336C676F6BDDA424B8C10E6B
1ED06C79739EE19CC00318F496E0E18C
0F47097ED9AA3D41A25B261DEE7918D8
99203FC831D7A678F8B31DB2E7D1AB9E
DE82FC918A442E65C677F82275BA26DF
30AFA58A61CA5F8559723A434B141269
43504C14660EFBA14947539B253CCED2
1E932216B87A302B6CF64F63C3A3826D
EE249EA874ECD6DEBDC9409A64063BBD
A82321C5FF4F8D9D5A27F9189AAD3ECB
B1C542B580DD6E33A7A62AFB73D73B18
845BCD30CB1BFFF01525593F1E364DF6
4AF6B18D305016B731385D896BA56CF7
8FB1B7ACD897F416DD8CBB967A09F565
4C265C22B043F73C4BB3BB5DA5A703ED
C041D2A646E372B1966ED449EA77C71F
9C6515F4586CBD4FC11E92001F3C2007
9F2553EA39CAD930D16815E9463CF056
B5D87BBA41C8A60E0B36D9AB4CEA7FEB
87A185CDFEFD6E1566B9D209033A6C3F
0C3AC9E33C31AF8E4C9D5A9E7A3129A4
004720518110E764B3DF5CC68EEF4073
B8FF4B488F891E70102631F9EABE3795
B610F0C530E2DE6BE6033A882E14D5C5
834DC19DB569E0C92E6BD8C494FCC64A
AB7CB9E59979F46A70E5245363F4AA79
A7173FE48422743F49F51414D2333CE3
462BD183131E0E5738BCDF6D23C3D77D
5713CC668690B2B43DBFF789332F5BD7
B95A74CCBA9BDAF66F50EF0CDFAB83FD
BF3B4BED57A5399F932AEF2C3CF4F18A
9CAF579A33645C714A556ACA75865938
919E5252F50739B676D496C994F37790
F5C896A9D234477D1A25545CD993FB25
4C4DEAC1F8B195F13A2EEA98025FAE07
CBA7AEA8ECE9F028EFB00CA83EEC531F
D4CD8268CF1F5FE81053B67B010C35AD
15617CD3FC5A2678BDF434FB338E8417
6773E2FBE8D0F8C6D9CE078C4E262771
EC0B00C22881B95E2EFC13C3D56269FD
E9B1F681E31E681FF95CD5680645636C
9CAB3F62E526A9E07A65CFBFE4CFFA90
1750F23F9F335D1EF3B496C2CD5784EC
372215564E969452431C0C63257D6EC7
5A087889B2D7106507BE5839584F9B3A
78A9BE3F6344F050FD384D8D02853BA2
9FF9D96817EA0D07BDF8A27A02D147BB
39323F0A2B62EE6F8BD35EFFBC7EA359
1255989CE0F4F94D148EA3BA5DD6298F
31F3CA556318C8CECE2B582A9EA2A059
8D2DF96111B8D0C09A579F708C40CF20
2D4927C9236D7F96E6374272BCB40BEF
07452C4EC4D121EE9D2E7D04F0ACF8F3
6BB843C1CFC027C522F5AB6C0F9A921D
7ED36C9B5E6E149A8596E24A346E1FE1
5D1C02D622226362A7B28DAAC43AA68D
F1A9B379053ED45208DBF036578DF634
66B38F646117AB00CC7A658416D39450
A8B14F368ADC076F7D4DE53708859371
1EB7CCD323D99C5B660CCA0F10569C3A
C40DD4D26340AA1D3CB967AF78CA035D
52F552C591D35B213C9EA590B7F1C3A5
27C55BE22268EBE527E097A6995E49C0
C513D9B8AFC52C69F75E3B3EA3CEC381
BF3AED3C84CABD579D98E944787639D2
A35A1FE600DEF37800663C5528DDAF79
D5B781B5E480C71F0BBC630C2C314958
A208AEC4C99EC6EAE677E5028CD935F7
44078354D3C43297A3CB3D3DA53952C9
7F487319E786BC2608154965FED30377
C54F6D3D8F2E606992CFAF2477585657
02C4958C28FCFCFE439557764067AC45
3117CA3B906FB4DDED4CAC32C61F095C
A954EEACEFFA6227CDB5B2C56499DFA1
908A2D09B34BF03D59E5CF9AA2B37AE3
DD56C573D927DC093EBC6BAD2A461397
6FDD2885BA059584077C042091DA81ED
33F9EEC57ACD4FF2765A10A784EC1582
262EC1C1A0F982CA86A1D10096060C95
FD397D5334F7E9E0681D58D06787CE9C
9827C9E2FB03390C12A44753D4AD6C70
FE11CF887A9BAE0553F19E0E625FE8C7
F046CFD23B714E632EB5C0895DFE9D00
D0E85FB4D06EB826E32C849BD42B81BB
696E027345293A3CDE5775978708282A
E37474190653613D7465C44F2E595CCB
0921E77D7912482CE92A1B4AB4B4CAA8
3CB1456B8D8CD66B8B0D3C1BF84052B9
A1CE9654A7C5E1C68825C33F86EEB8B6
FB5E59658B9A112C3ADA5C05FF7B73F9
1368F02807D9EA608CA481982A5E84AA
38E156BB47329658740D32E57F306582
A9EF03DF5428AF624D8E485441158519
70F31097BC9A75917BC70F313B4374C1
9E807C9CBCF122C613D321ED58180D3F
D4217393206250EE5C55E41FCDA9FEEC
8FBA684AF3E105339B5225A7635A464A
2E72B64ED95CC210402EAFE0BE037EC0
39236EDD02D88B4E29CE14009583749B
209219A1355285963F861456426D41AB
4CEDE11E21235B1238E29AD924E887BC
682B480A58CBEB4E78034FAA1837E588
EB5F63B618B7F66C36ADF51924528C03
FDF83429896C57C78A54324A64090AC9
5D1FC3CE75E811E223303F1B23BF9D2C
69E219EFA4E652E7A34FC0395330C8F1
3A9B6CD0C2462B133CDEF69870704A27
96FD771F01A5918CDA8F760D7400F0C3
C8D596765185A20B6D3F111B846E5B77
CE6592A9F1CAA8BBCD25B133C79CD2F5
0A5E30E9AFEA074395A3AB2238B0EFEC
0F20A131986A3D63ECDCF95B6ABBA058
1BC6A218AEEE51D69B783BC81D8D3A9D
7FEA12001856360471BE4DAD433F30FC
AC3A4CD713DCF634AAEC58E72D23C3BE
FCAF95DC7F38367A3AB9A5144B225307
E76D4EDB41C915AA942B8944767B33DF
90529975B62D14633E8A8B60E2ED0097
6A62BDA99161AF6061920A1534E39858
CD87F119217D307006756EA42979F45E
404503E958F893667D79F2C66CE9A369
26267A808202C8C3E6DCFA727302108F
E5E5A368EE4A3275169827FB63EF90A3
CAB3C317D1515DDDBC16546779E82C12
41C492B77F23A8CEC3159AE3E3DD2A8D
215F3F50F344FFB3330787ABDA53088E
9FBA28590520861FA4F74E448A04CA2B
A2476C5513CBFEEAABA8EC95154244A1
7513AFC4D516EBA5BF1F22EEB35E7DA1
C1F62F37472D7458103F8800BCAA243C
84E716E392232223E184F1EB24B74BD8
7AD4D7E8800D2D9BB570A6A5A3482B6A
A9E45C6D38F8EEA500B3562AADC3D743
78F278C197D4C33712D3A98C17437D44
184AC6C4B83F3A88AF44004CFEC04F11
4007BB84C7C63442301016ADE4D0263B
A3E431B2406807D8070A115D0119F7A9
94FB1A430A9C945D915AC0EB08DD46AF
A9AE164142B7767CA5A60FBB7ADCB6EF
0A9DEE4CC3D5D70654B5A3FD8ED14D1D
4539E34332AAEABEE4EDF61E7F2AC199
688B25DA7DC594960A3BFDD99FD73433
21490CB07884859823B424AFCC8E0BC3
53971D2DA63EEDF137E4B222EE9E5452
96558D9CFDC225C8039AC5335C75A178
512C222A1D262E5ECA14821131BFB490
5F313BB19A656CB784B21AD56D0C54EA
17D45E83FC9E3BB524E4347FF51FB9E7
DB70CC75BF816A08E4D174AE81F9F466
049B0CD84823F2E1C9A92C8C2E43EAA4
C471CA14EFAEADB4BFE2587E7F88CCBB
0727610F71FD06B59C85A2294E9D4965
064D3D0084F5184CF0B4958B87C1038D
D8AF180208A778432171EF6C958ACB09
CFF545DDB1B21F92D4A20076D141A196
4959E78B61A493A9145B32D46F08F67E
11323099BD34AAA0AC5C2E464C2EC315
A3D5DE1A73BE8A6CAD027A674D5C2ECC
70459DFAAC63F58FD0CCA41AABCCFCDC
19E5916390F5119CE770E8928B96FB51
AA9B437AE3173A4AFEEEA41418B0BFEC
65B3E3DF47558C854167B7B36FC9CAA3
CF20BDF1A9F7E2C3CE1131CB3F0C374C
A0212CDC37B94488B57BC1CF7CE70C70
FDA5047C7448A02B87C08CA78ADE78A4
2649F57F5EF8B2120454AA91502D789E
6E65E3A47C33ED17B3B71E26B93AE93D
873425B48180ED8D4307422A3BF9E646
BF4D6B57AD68417281283EA25C31AC43
4D5F872652366A44EDDE598A152E962E
184D85ED2A33482324C49DB6D37628CE
8813D566145FBE155D2D344CD61F4BB2
F57937B3C823CD80A72900D4E35026C4
95263F4D0B2032508F43C8606C643E07
4C577904D79792E2797BB4C13D7D6AE7
796933CE591C9F6D1C774C70CD02586B
5D3E6EF8799E7560D9AA2BCDBD927D88
1F0C94D82B714C4DEA48945A291A7386
94480723999C9A15BEB83DA423EC788F
94BB1BBCC1C7B4807EDF4BB90011E3DD
DD365D7513F381293EBBC42EFA492C96
79919D895E894530093D841AEE2D1518
A9766C7149D3536AF9076F31CDE50367
7A48B1ED55900FDE1811A01BC5D16E2C
68E161CCE804FA94B0A7DBB9B7B42E61
BC8F56AE41C77E755AE72671D9BB752B
FA67BF49B83C7EDD16273EE8B061BC64
BC90ACCA070C82011BB900117B768BF1
BCA045FB51011E0E63638AFBF735AE8A
6065468CB7465AE80C51733E409CFA0B
C90290FAD6050E5CE31C8BE228BF2497
2CB8A21FB323127EEB358F437E9D7E98
C649BF07D81D32EFB98AB4066DC0E12E
43EDA7569726C087448E53D6011CA9D2
81D6AF3FB036526A22B0C3AF23CF7C38
23511F0A2A19DB4CF19ADE88ABD71D19
460AB389CAC9F42602612E4E7DEB64BC
69674B4A3D79B43E90B1822C4239ABF1
2214E7A9ECE4F2BD37BA0FE078929DA4
0D94170DEA2F17A666029C02D0013F10
F36577FD24D9173BC17C8B009AD4C005
D59E4FDFD8A3BE22147A6BA63976E229
A9D0327E3B083721D8740634A7CB9EE4
629D6AB321616D066996FA99F10E4C36
722CD72BF35B5CAD1B4FEBB0722776C3
A155B379C02101F51B352B21EA66AAD3
0A35267CABE817D8B929583D64018254
0450D8F31ABB6F2B5A194A3FD5917794
F9C00830EBE289315EE9B19DCBD1AB1B
0349DB4441DA69B231081269FC55C652
C794AF220A0FFCFD50080FA8EFC401DF
619B51F156572D3D86495F19839A561B
AFDE4A1BD4F363A86F094A852211130F
603AB93D476C0B235091EC62D9853CFD
4883749108D902D452E4E4D61197B170
F7B746673876E2808011E8CC3D5C42F1
BFF180199EF7160F1CCBAFFC4889A225
DF9194BE31620FF1B0EE311704F11741
4C1D02B1B31D5BBD35049C6E8AF0DFF9
5EA2938FAD2E6C0CDC21187A8789EDD0
124E08EE0BE78E9D14F8EE639052725D
9828FEB5EA1B834250C6A16F1478A76F
8DE9AA60E691FE6C32D7FBC6E4F2FA89
7E89DE50F10896DCD065BD049553FC10
A4BA1CC0121529DF8DBC217885947DE0
D9B8C08B969B4787A76A50D141AF267A
62EACF87A4230ACECADED0660076E2EB
186925CBEF1A9FE611C2F8B6267A7A10
D34DC84048651BC411B1468D94BB35D9
5C637FA8C758904E8568A67E497446DE
9A9D0E1C7DB9693F485ED5389BEB797B
52B4BCC2D192FBAFD121A3267D7D8741
8D5FB2EE41542DB12E253E610B33C3D7
3601F083CBAE9681EDF88899EB8698D7
D01D07C4ED7609AA02857B039E8F8C76
15093EF6C5464267EFEDB5EE03C3A651
764D36F601E544973F68AC842176D467
65BA9A4BBD0FBC7D347E585B208AEF12
FB7CD8D94CFD6CBAA8D3007092CBDB3C
3E6F2C3785FEE65D0CCCFC3A7020D219
4F95CE87D97D9D346EDC1C7F887DF0C8
AAF85B793BE7B7264A02BF4826EA4701
527BBAF67AA52DB720DE550784FA4176
7725706A39741B6E06C26BE60C9F832A
33DCC52AC8131270EA16A5D5A2D69351
B89B7B1D3EE33A329BA3908AD06556EA
BBEBF9AC7995060933723EE7530739F3
7632E31D82082EB97D96D73BED61660E
83709683EA63BB326582B7ABBD3DDA9A
0D0ECB0AB8D22E347938EF74EBD15870
2250FB1C80252273DFB7FD97F6FB8987
3242E47B6CBA33E94177AA8898758152
587A9578C12F6B47F58B208DC0E7AFAE
E30477834E7A4EB5E306B5B6AF23D762
462FA3DA7B43FAC92C945CF0621F5837
3FB1B77600FCA6918108486E24019E5C
BB5E78E5E0C3FC0A4762C1D88C6C21E0
DDA2FC5757E0F7DCE80B87B1E60A97C1
ECAF551870246708BDCFBA50C76A8FBB
1D19ED1294E49811019B664B2BACF224
89900B704C828B3025349B1688638CCF
511283D39AAF7C492E50F6C9A1B5DCB2
01CC684F2ECD3C24396F87AE7E890759
943543CB966B803B5233B81CAE18016F
556BB9BCB54A1654B61187B4DE9E2E7D
3E92234A994159C1201834A27017679F
4B4EC8062C3C016F988145F889A43EAE
FC2BAA881100D7BB043B5BC510C8B2E7
B6CD5FA81467D3F37C34F69A78B22BAC
82D3F3D38442EFC8454C7B8F44A9CD45
DDF7F34F5393D27B6545BF41BD652E78
6B6C2554DA844DE2087A7B26F5EE7449
22FC2DAE538E41A0F1A62618F270E6BA
9CB776A97CF5436136D3D8F227C90694
537E169A561C890509FC884AF42CC016
5C14E697F66AD1108667367DE1AFA7D1
A50848EC10B475F6C6E1B51AA00C40F4
78216C55C542B1A05F04DF44A2102632
31991BAE4073F4A274D5F9C2E0087C7B
C266A929876C1CDCF6030ECC62995FAD
347BCA16973A94DFE4700981451B9181
8BE7483D0DCCCCDE7E58DEB4054A4B39
0CFC48385F157E7244E1903B95959392
6C97C8D92A684EC5E778E314BEF846D9
55BE90DA06EF0E63C913C114EBDF28E5
169AED1FC87491AB4687EE75DE5592B3
297338013EEC886619A92C6794E8A65B
9EEDB835764FF18FC881A6BD3EE0D12B
27AA84F2B1CC6F5F2A25648603A93D07
F6497AFD9A0C4C4D5FFE69FADBE2998C
642B09D122E1A05006502E7D957DC636
64161D93320A7E8AD5E69CDEB03887F1
F134663B053693D50D020B177B859D7B
C8C2952C3638115CE260DEC212C70DB8
8B99627CC03070F55BE022EECBC69515
9453B0EC41F7CD87E6DC3C42E90A2A27
6C6731AD7F453172801E912FE0069C93
D21F5E4C0B663C4709DC352F182E8BA8
6B9DC55C3224C7BF8E344E87A10D5663
379C6F9842024A0C734750701A625085
1151AB465BA25A463BBCEFC96F9A461A
BD46F77F26CD3657E8576B2A28963D76
8687338A5714EB80308A953FD5CB17E5
903E421C9A5E81FAECB1D0C0174378C8
F836A30B8790AA610877039B0707DE9B
D5AE9F4A7BC253D04DE27AE65E250FB1
5DDF3EAF050C748E3B67A57F5828BD73
CA8039915AB5B18F0B36681B31D5448B
9AC0F6D27F026DA2E64924E4837EA759
EDD27CBD7DBF235DAE31007CF3904BDA
FB94658B337925C5DFC9DBEF6C92D97C
54EBEFE9EB01F276378BDC1B4249AC26
41AC489DE7858E516067A5012A3A144A
3185E0F5C07A51D24CD49C8EDFBD73F5
202EB7B035578B16D0063CAED255E972
50E6C016EAA60EDE2FE977225F996EAB
55A32757E8FB1184758E20CC992F4471
59CF2A628A002F44170E077B635F21F9
FA6ADF8532B4F066210C4E37BE9EB754
1726F3A0F57E3740B2DD335A3E44746C
04287E9346F08FB0AAEE688F5C3B4DBC
ACF99A94D45C7EC733270C19E2B77316
B4C13CE2FC1017FDC023471D6F23AEC9
D8A32C9AFE5F0E77F870DE83F5F2EF11
A303F8FB74A40BE94BAEFC04DA9D5B18
4353333BC9DEB61404592D91A6F9395E
8AE5B1C264A8763212A262E7EAF8CEA8
D1487668E90E5D40A55E72C91A15859F
4098484699FB85C7941FC180C93E4F31
8353F16E947BD94471B5A02B351E5BA7
286FAA538A8D372684581A4046A91463
4C504991B8620ADEA56F6C8596D3A63E
5123305FA4EB7CFAF06E84D2A7CEAC4D
486CECDEB265B533ADA728F30F48355D
831CC1126C195403B3753BDDC118F146
F12B260A603AB40F978BCA2DF1F4A644
D0FCF2388FF456185E8F68478ED49539
056203F5F7B26252848DC8B21344176F
1B634B83E352AD4FB467D2F2BD4F1AC9
6B84C6097930AA7D27A34182F90B9CC7
071C167E5557D31A9D7F060A68308A47
E3DF9DA698DD8B4DEA9F837DA6D87282
23655D67003D5C5E61997270690E0067
D09C879E72F5C3DE78AD7DDE8F189774
404B84A07D54743B681BB7F4E9C84F3E
D003202843A737FB40EB04CA9BCA2D21
2AE9E1C5B183C39B3EB67884FBD6A56B
02AFC3FB5D493F51648F031037044C26
3D93483D8635E71178AB031F781736D9
29477CB4C05C2DBE7A54AF2A24F83D53
BA946BB7F1CB8C4BFEE02599025AE38D
5C8B1E6D374CB32682EB2D6F9C7B8EB6
A16D2CB6423921FAF09E27979A0454D6
2E6872B0F910D8B956D3BEA7006E6233
10946EC482B9A1BA7380F2F591C013AF
4E0C1AC6E55FF4D82EA03F48B372B6DE
B79E1B21283D84E2FAE21F3B1E11B603
BF0953D3F23882C04D8E4E0195B00A5F
0656F331FFE4EB5232B4A231DC7D5674
C11D3DB3ACD485149A6EEAB8FA533FBE
924B76240922698BA037039DBB6B9E0E
3B955B3E5DBF0EFF10AD4A10F6DED3C7
845BC25E8190047D15741E6CBBAC14C7
3C76D2D4A2A434425D7D4259A8C2F6C3
E1A8E7C69EF7F2E5F653465BFC33AF09
D93955E752BC99CF94DBCFFF3C973586
6CEAFF5CAACCE69097D82E32B44F63B6
5FB4B31554397A22EF7773DBC49762BD
D1C78AFBB3A59FCC51DD528B82D1FD67
84540F8C25D2B892B7927E6121CB8D80
4207577C197855D2C866EB2465C7D73D
093B578974177FFBB2F3D9F1980CFAC8
8442F554E8156098CA21F2A699C86A04
3B9BED63DD0F8051E97D8D389A7A5CA7
10B3A30F7423110BE7D2D30D576AE37C
39E56EE0695545D0217573BC54C54D35
443326C6FF01279EAE2EFEA6A211E2CE
1ACCB4DB72FCD7F08266137788FFBA6D
4E391B2D9A6B173D3083015DC9A8B5C3
4B9C3AC19F5E7F3518C35E06A5B12AFE
0B49056CC3909C686E843D25C5642044
B70771DA89C6907899FE7CA68A4E4570
002CAC5A178320D115A1B4218E3DBF69
4CAD058A5C6294829F8D12EB371FF122
C063B2AEA6B8911D6213AE29E7BEDB41
CD518A344D900615134B93A718153D59
AF78E798EBECA695C63C97F4B17B9A4F
5E39C5000246CD2E3009FBEB81A9890B
1BE8DFDF50EC1F6B066C97E678D26C57
4E1770E97149A60401DC1F02DA445B22
B4EEE262510A23A679AC56330487D7EA
E6B9C10A30AF1D24DFF0D9ABAE2B0B89
E425B01D008123DB7EA9285C43CD2E5A
98757EAD3807359DF596CC9F13B6D5E2
1271724E093AA729E9F79B41816F4DE8
D8F7BD5AE8ED8FB67EC27473A5BC1C09
EDB380BACEAB8C3A9A6BEA973EF53433
D9AA9833DC8E9CF0ED6374380CEC048A
93670AF25E487DF78DC25205DA6EEDD9
C47F7416CC124DE2EBD300FCA12762F4
6E19163AF065BE0E567947C71F9FAAF3
E0103C87D35DB371CDD5A25EE122560B
A43149B91D9C782D0CF96453068E208E
4A87FCEC66F95C80F2D9F890E115EB8A
11DEBCE9D66298274FA893BCBC1BA7D9
C631F3BDA0B63B10B0433FC5394B277A
3A114FF8C3675FF8CC0AB316B6EEB0F0
1CCF2490B16705FE6EE27B6B9ADCF4BC
0557A5D7B6C8E987DCD7B00FF85A31BD
CC5A082F162AA30F3959AC3EEDEA1BB1
AAE583C8F0547D1E0B15327469ACCFD2
45B7439BD712A7E8CA96C96651881228
AAE6FCDF6CE8E0AF6A55ECCEF136B5E4
9B20BBC2EDA805F3B3630F6E0DBE65BC
3667D41C9398C32EF428DE842499F615
39A5CDE8637ADF1908BCC010156FE4D8
AFE47482D04DBD24F1AC0F0B3A1F6A00
EF63905C0A075E3C0E9FFD95EDAFCE5C
C61DD3D6F06450DC5B2B04182695DE24
BC7B8B8075B7A98F9CB24CECE7F3D085
29DE433F6987FD12C1CA709A71C44526
D8B9C667E81ACA5D2F612508B96462C4
40B1C5EA22011303F63778944520EB24
7CE1E329D8B0AD42C910CB5AA7A84AC2
BAEE249FCE9E0A9242CAAC6BC5A59D2D
08696F387C4F31EA1595306518CB95E9
FDEE992E55C400380FCE549AE08B69E6
E4478149DAD22F4EC2782E7320C5A190
776F8F9E21592B591A87EB7740BED41A
9B434727172FCD04DB70D76F4126BE0D
1663506389B5F18AA25BF145812B2A3E
3C2BABFCE962547B6F43945FC9502A5F
666EF90A7C97F3A2417323F444558025
9968753D17B96B03553C71693B206BAE
313B9DEB45A78DAC8B00365057CE1CEF
DDFDE54EF303C1F29F11BC69EC03FEDB
F594E4C48C867DCA44E0A05B5D418721
D3C195A8648E4FB6F46DBF014F47C80D
4A9D167BA9A5E77874A483728BFED867
ABAB8ECFE27DD579CBF2002244C028D5
896A8EAE91F73D460834A7320BB89A4E
6A59183A7B27312A2BD78E1D65D72532
FF5DE24F8C7D36110474D78BD5841652
8CC998ACFBC289B8D974593DF37955AB
648461F813DD01BC042E716BBC504E3A
B4D2C973898521335A8919159B877B97
504B1FAFE3EEC73A18B4854620D658F4
9B2276CFEB87073A51971A85399C5B2C
C5AB3E4EFAEB23EC1C37AE0792A6FB15
15C4FE8C857E6B8C00EB1928B272A98E
01E489F1E24A31A6112303E8FAB40595
34FC9BD937CCCDDDAC98C9758B2B0905
FCBFDFF918E4E04D9D2D0D57D0654F4E
3CE76AD179D1D54E3C705F0A9616736D
96DAF0BA73ADC4E64B74445C29BCE643
FA4D27D02073FF81BDEA495922D3D7D1
9097331177B9CBEEE32849FB8F7C20C4
7DBD30EE3141647BFFA78E4504979623
E1B9E3CF1D1C77586EF4D279F727852C
A1FF95D44F7DB1EA240A5CBE98A2CDB3
EA98E72C2EE03FBFEEADAF5E931B01A3
37690D0EB7B3E8220819C129ED213F18
CDF4E280F3FFCB6BC601491BFDBC45A0
BCBADF66BA4706358155D4650F768322
3AC7770523488E89DA3E3E99E0818BC8
401745E2B0912E4B7A4E9D763AF9607C
7B00ED6A325496D2095F81D62005AC6E
1D263F6157465509C49BB9F6794C9A5E
8AB40D89E906794C655BE9EBC703508F
98C7F7D1B82B2B263F7CB5ACA979D718
7F562D00486E4945EAFBF7C63214F7ED
C32C6CD5DEFDADED5B8903980B6DBE70
B0739D8CA6368B9A0366EB0A33074CA0
54B965E9230238BA2876F4C81600CEF5
4A80A59F7FB3A127AA98CDF70504C149
4C087BA2E7B14D8021939127AD66EF3D
9FF642FEEECE31E8C4ECCBDFB4CFBFA0
9ED204A050FAED23C110539679723F95
7670B786EEA537897CAB3204496A3709
9F066ABFFF1E4BD87E9EE4D4EBCDDF2C
18E91A0E801BCD83834D559453835600
1D553E4CC23927D4F3897F260B8D29B9
4BEDC632B36FF48448929A18F792DF4A
0B1A1D11288154A1E014AB44D419FF69
AF0E29CF61864140C33C61E003AEED85
1D5A7BB6450A075A299AC3C4DEA1C094
EB9291D5E7434D4AA3482B9F2A13A31C
FC62084CE7704025557DE55B4C011DBC
300752FF64F8DF4A87BF952CD6FEF614
299C4F8152439A233A6893011BC3055C
C6958CACF9FB48B356BEBD80C1114AAB
2170B7C17EBBC6627A08F407588171DE
3296F88BB6E2BD4ABB5F651E92F579E2
3B1C2B564A1B167895B039D89427F1AB
A9FA00E48A2184F40E7C8E4E9B8403CE
C137A404325D5E3FA5964765C338C769
39CBF648D809D5BB40372F0CB0D8FB02
A944C74D493918522EFF98B90EA50EFB
74CB9D91CD8EF690A5379CC63CD3EE1E
1C1BD09CEB1FF2C363FA4FC8DB170CE9
98531613AC30764B663BC2F1DEAFF2B2
B92C8E3B0D0DF98ED9C2E43268EFDC23
502D3DF9795EA7260F057EE743C599DB
1628F1AF2CA0B53D2C8F956AEA2D1839
93CBD83800F8529C90070ADDC855DF2F
DEBBA7F1BA2656D63DE754BBB1C7452D
A6847B043FD292006027A686541EFC0C
29F3F81105727DB379EB55743DF9DB74
A25DBF9D96FCFD2636D5082160619B93
410CDDCD45D185B765799114372543D5
67EFB8568C00BE9158A8589A9A9724F9
139A4280DBCF961DB6D952BCB68B8C1A
68FA627C4EECF55293F1D81E56E4F6D2
0AE95DC9941DA87B345140FA41A2C221
0359A56FE7174616E474E6EA7DE2DC9A
43821611BF000F9B6BDBC0F05DBE4533
6ECA55EF3C3F367F1089167F8AA786DD
016BC555DB2E156CF681E16F75B50245
F60B35F4286B7E23C2F01677CA224536
C9418EA4A85DC54E4158243E73715A0D
D8BFC51FEE65CD07E31F7B864C8F0B34
F065FCC97B639EF8D8A37B8A46C1FC82
1C7DBBF54804F91C5B0A8F35E00E1A4D
457A2F7AFE51770BDAC48729FA3F188D
F932E17AC0882286D932130FB2503A3A
56211EE847B82DC69F3645B39C23BF37
4DDF43F391790B0045B65C87827F4E7B
0CD68425933AED38C81F30EFD4237396
8C23A77CB123DE3D915FC34269E8E697
6774807B072700DBA35D15C900A14988
A97D4755C8872CFE58C1808B0F019429
9E83C328F2D9EACC7D224F01CA103065
2A5640AFE7766F512AE93230BEB26070
A8A60074FE27CEF70244CBE4252E93D8
9359318596335F4009B9FF2975C6855D
7D629749E56A5B9A417FDDC733158070
19C3FAE839DFAD5642C513E86A7A06E6
D6C8E91BD2ACA2521E409351500C5868
5411C5D1D9756D2CDFFB0B3520FE3656
91906395BA9B797F7A82E3B22B54586D
503CE4862FFEF8F35C0CCC52C89C7370
DCA03F5CBC8CA99F57CDEF63F62CDA5E
0FFD0697C1953B26EB977B4AB6675E8F
B0A823677F50A96BD3B76B68185CA6EE
C3AA89586C2AFCC5F3081493CA7EB4E5
5758EDDFE1958E2DCB3B3C1105D11204
224B17F5E0D2BB7776E024B0A13F50B1
764DED79FAC256EB7BE2543B40B62FA0
9758A4870BDAE9A84F9F07160FB6DA5A
EA6E1420961D84B897564DE999CFBC8E
AA1B4C9A2640A3E854E8EFFE27795DBD
09AEDCC245E552D92CC1E38344EFF9CB
EB15772086311DAEEE96D2C5509F6828
0F6833A951A88F3CF81709DC5914D6F4
D368A8A785B2A6EC9D81F4474A9BC45A
06E87D55307C4E782A64C999CE5C1B18
FFF4FD05DD200B0C00582CD983C2EAAA
7DAE75EC783B2C8820CFFF2730A97700
D91E074A630105AA080642A0BEBF371B
527032C824C5E6A517E886DD4C8F50DF
687A2BB0AB8F72402F56AEDF033ECB2D
A9DDA8079E68C3418CA9C01F5E1430BA
D910968AFAAE534ACB8840241F4F191B
65368252FB9C601A098A4285BF3560A2
6BEB4C9D6688190E983315B999FB3724
E7E7517986791201C760BB43C1C62998
39131FBD1ADFB68859B3C2EAFBD722A7
870559A4B446CD0E6228C50DA5A69FB1
55CFD1B1F58FDCFF56A48DCD87979102
AE806AB0FD979C6B18892E8E22B50814
321AAA2CA349DA23004E5BC25F939F04
4B48F30D7A931A9D12EC9C02CCD07555
FF0AD9A4C5A1B1ADDFC66BB8340596B7
05EFB5D30A7F2D49C01C7F2075AF29E6
27EA23F109D6D75BF327384C7F77ABB2
1D43CDA365E3E6C1F9FF7DFE690B7969
47022AD9763CD5DF53EDA192F8151219
0AF55EF05B5CF8CAF31B53FC09063721
4ACA496844EB9FC0239E908FAFAB75CD
22593CFF55B4A68676A837C9796A6BEB
AF6E751188861017358134257D27E4FD
7E588B02505C3530BD09B6DA7CF8E0FD
BC17DD71B96B4350974A631E32593D1C
D946EADCAA5AB23E28798074AAA97176
734F7355EAD845C43CC73680A39BA965
F52C39988FE09FFE8FF0F167FE2C31CE
C76C5FBE292EB099AEAC9A8ACDAEB65C
21895B529B2A71724963C61F0BAB1256
517330B30ABF4766FED6CB05F42B9C97
BB46F5CC88A33861D60618721D2E0452
2C1B2507C6BA9A61F8E0C52DAD6F1B2F
4381682DF883EE2BEAD32728CCA59FB1
4EC1426FD9254F811444852D5777F834
F4E2FD567D98B21BC82DBF209600361D
A3BD5334912C9AC574580927A96CC577
F99A088EB3EAD234A29729EE3BFF1EDB
D63B0E73EC2DC2C9FF295D07EC722C18
4F255C0C242951D55E18FEF2837F01FA
524B7B372E9F5C56306C94E900BAB475
57BA19491D516F3AF543E8FE653F3750
43F5B0F57D43ED7848E656E342306F39
309DF23E5D22ED1947A4230F97BC12EC
FF2EC81919DA36E124F090D45786F702
6E6226CB438CD30EDA68AABD4491975C
5AFC1C484F8CF8D2BC709C6C6284132E
B10432692EADAA449193FE93BC2CF3F3
6A985FAB7519C27014B7ED8817E0535D
7205E953BF343B22C7402776AC5F4173
2DABB15888ABEC21F635C55E11C7A985
AE664177C7C6B6E09EAFB294CE6C2239
8CCEB6749B23E8743D555945300AC592
7DBE52ADE88B8F779281C8E78FBCEB19
266049C1A926903C5F98BE811D6345C9
61267318C19FF0563155798D398D4633
E2AFC45BD4F72F635667EF99912113F7
DB044B86A62B8E921B82E7D00539D378
BFAA7220077E29CEE9ECEE2CBDBB7B73
5B2EC81A7BFB9A3A6700074D60ACE03F
2AA69C97CBAD506CDC1A4D179940A8A1
00F23BEE56F5DD5793A92110BA897F35
6D7258AE7C658095B74404C11AC59294
2D222C1FA2198DD20B0E6FD1F20AC2CC
D5404A4489B88EF27BB784D8DED8E9E4
8D7181AA449DC1836FD0BFA7A6600D76
B658325292C3D70E4ADB6726B787D031
3012FC40A0247C3B0C1B290C23F32428
156F5B2EAA19B2F5B277F7BC8342B2C0
344406493E4C57FF52593FCE40CE9DDF
462A92C6BFE572EE58EAB3816181A1F0
63154C4C152F4A8E97E4A1815F6A21B9
18E21C2C71454BEF19FB33445FE38A7E
4E3F68640CC4356AAB1F5CDF0C14BBE1
DF9B8E17FB70A66EF5C5266CB71DFF7D
1D6F54520C71B9C6CE71374BAB960FAC
D08F1862AFAB262A90939160DB1A53A2
E09C01AF8609D42E9F3E63B3283F931E
6330F71C7B2AA9B940B5C10D9647C491
32677EC462456BDE82DECDACD8F30AD2
C436DC70B92195B1789333A527780C11
641AB8A47CEA622C908E336072E7B6DC
37FE3AE24848CE996A13C6FC81313E38
91BB9AE7D0D7888ACFD1438A8DC81692
BB91018DED5B065D65AD3BA0A5458B2C
EE9BD746B747D857E8A0E046F3BCA185
1A734FD7F66DFC5459F4EAB6DF7C2939
03427237D2439E45E250B6C485ACDFD6
1EDD2CF5F33659149B7043FA34AA5D0E
920F863D54AC21A4156C337274604746
E23BC2FF46331AD6A92E8EB9CCCEDB0B
8B0C9F402A630DCF1D4A142C49ABB10C
26A9D49596760177BDA54C2AA31DB744
FD39DCB9370159365E222852809ED65F
3FF11F986981DC15B0F26F6EA816D48E
C8717E65EDAE3318F621910DA328174D
1E2DF28F0B1F50DA29326CAA364B7EE3
045B7C8C811515E4333C6B75DBD31D54
CC6C7EEB014AB536300A3B0F7EB15A7D
413CAB59584FFA234449DA555468FD28
037B8AAD6AFD0CDF6FAC140B46E20104
C9CD0E16908C55EA42BD5A723B05684D
1DF0ED5D0DD2258B1590C75805DC3F3E
29C1C2CD04CB2363C758D308E2FE83E7
72F375D5E77707E7E44C7E4FC0D4E10C
47B02FC47BC89B89A35BD0574E991F04
63DDC244ADDC80E9235474363F1FFEAB
0DAA86E62E6EB6EE9E94E6469EEB0BCC
AE4C8B96CB8714D0CE576B4575DD8310
06AEC028DDDA9882321D2BCC0E63AA8D
1885C89D881943656572127470A4E3D6
BDB47E4CF4CD7B5A3690F926814C830A
A56B22CBB5190DC2AC7DD54E7D3858AD
01CF1D7F5BC2F538F2B4D757A6713F1F
DCF471FD1E79BDFEE6258B60224C8084
94C75E3318F6D8B0D70045C2A668D723
0053EC84517B867D22421A08B987E600
DA11CED8F3869CEC803A142CD5299826
50D33A08D111BA0EFD8229456731189F
C0C4CED84A4C8509A9E3A8ADBCF7C87C
6C0756D21ED9135D793CABD561D3B114
3E3109B52C7E6219A4E7242AFAC19849
BB6932D5B8887B864C7F36A0DD06243A
8CF854D1C8D5250801823083D5956C4A
9029E59C035479D3DCDFA12A452A6535
6221F252DE37BB390C438218F0578B09
02FB75FEFEF0EBDE8EE76AE6B35B9144
21E2ADAFEB5C4981DBBAAFF0F6034334
A0C3AC86DCF195B0121404A6C65FA73B
7DE2F57260BC0536FFC24ABA427DE888
CDD37D0E1ACA54C46DDE276A8C8E3CB7
80DE4068C857AB8A329E312A625FCE39
A80051372E97A6C585C317CCFBC6B545
858CAA4E831FB9874BBE1E4F7F3DFD0E
670BE6374E6C2516675E55AB0040B180
6589D7B15A4E9F574E78F3D1BB027089
A4F629AED07ABB69DE6E40656DC978CC
55733F1B64C28BF50BD046A106B3C36D
1F323F12441CC8A179338E9580A62E82
85B93DCC2E36F0E3FE8C583F256CD922
51F02F7414D2B440DC477ECF5CEB8E53
F6F02A22C9D66BFAA7219715D0522D14
1D071956B290F01D2683DE011432FF0A
90DC5B75436AD09C048F0BC89E119CA9
55C5CE9AD72B64175ED28C002722DB1C
6BFBB4F2F7BBD6597606ADFCFF736F5B
8DAE1B6D21979E33B5B639CDAF078BD0
505F258018E2E7D4D9DF553B2F1A962A
ED7BB9EC879C2A6AA965643258A29C7D
311A65F99B7B49BC83A4CDD3F293A77E
8580B3F3D817FF0987C436DFE54CFF70
717F20EFEC190F9B10AD0F3CB85DA2E9
5E067177876DCB956578E7A4F61FC418
94CC7F3E8F2AF179DA687C7467AF8BC4
A2204D05E7A5190F1219EB4C35736D41
9F806E8806D7AD8F9B39FE203547519F
F097252EBBBD3976BF12C088C3F2D3AB
12507F6902D159A4BC077EE2542132BB
781C8B58D20979B03D2E0F5A57619849
DA7CE7EAECA5D979E925AF52137E8F70
600D174D6E8F67B063B181441C62386C
4737140B619F5941ED11E209AC7855F1
F25E994F7C84B3FAE32A41AED5E71962
7BC6A82EF613A63E7F12BD1CC2A20DC6
CD0D1701AE877A91FBF476578E1BFCEF
DC695FBCBDCD0A049B49552CA48F8BB9
F5DA4E9537891E803107E332ABFB8DCE
B117736CB9D98442DE3BC6EAF1058A3F
D55069C7C7F6CE40CFE245E0C809BF28
4E2CA5534F05E836B3537745200DB64E
843A321F2EBB7C11E51B0BACE8421AC7
89223F06949391B0C126BD0BF660C122
CA55F6E8237F9351067B294DBB3ADDCE
58B3FD07D32421E0591C37F8179223B5
0232436FD506B4D1AE392EE29BFCB029
FCE15EAA24356D1ECB073B8CC04E0862
9F4D2D6265D86BBBDC708E32491911EE
EADD0C942E3BE429444304CEC33AA8A5
562829D04EF3DF2963F865631D3CE7BE
65C1B81A465062D16DFF378860ED9548
7E51B305C146A384FAB2DF94518636E4
935A13CB2F19A556EE7CF38494816E88
465E9A67DBF2DF2CCE05DC0CFC8E6EB3
89B6A6CBE5015AA9226B837BA6DCD82C
E8A8DC913CC071DC2D1511FA994B5AD5
45ED7CE2C01B51288A57128CFC44E4D1
D81299156C25AFFD8F53CC695F2534DB
9FF2A1218B48B12FD409DA1048ACB146
42826958D941E14FE35E70261956F65B
E31C74B2756C1E033BA9BE062E8A0399
3E6DF2856106BB0A8CA7768D6B2E8E3C
C687517EA814790E569F08D4E232DAA5
592021AD69BEE8D84B83E5E3E040FE07
7C9C422D351CFBE967D30D2D5D6A4588
3C80F859705E23A7769603017375F8AE
DC525CC92E0410B426E0BCF8DF975BCF
A3A3034E952FC77BD0C538E75073D630
E4EA87E9D159D5849C213BCB5327DE40
CC2B6704F1B52EBE80505DC69DBE8F5F
B602FF1C9A6FE3C04DAF86BAAEBF09B4
C84E3FFBB61888E4BFF52779807ACB48
45CDD0BA6DBD7FA4DEF45ED61A022FAE
381FFC6A48E2A48F6E53E9FBA08548AD
0E4C6924EAB1D0F742880FC34837235F
4A1634E22C8DAC3BED86ADDF238843F5
A470CC750BA2DB7A006F18214ABC7E17
6102BE3214B66842CDCC9BD48677F147
05D68D43FBCF75DE4840FCD456F97086
BF868F85CAE1356BE107C68271846D37
453DF3214A3B2219EB0AAA2FFD53064D
8F3426B148F05C5D990E948AD0DF53AA
02BA8A7F24352D68EE590261FA9F1F81
511313882A598186356B39CFBAB00B42
27EE744F6B564CBD410490548E6FF04F
439F3135A16F0DC3A36F94CAC3943EED
D2D8E4212582325EE16D860B221AD3D8
2353DAAB89CAB598C20A62511CA68B7A
742B80B77B15ADAB24207CA7AB86987D
468686548D6A7BE5C6210B214CBD9AEA
E6B87F69FC8D29D989AD091AA0E4F61D
1A52F20A3C71C349AAD0C2408076629F
1BCA2E800BE0CA41F157797EDA6818D9
4322C1DBD0E1F7354F69A2F24488BC14
1E97299ABB623419F0CF09C8075FAE68
FF62584D8DB83B7461A342A55D35B6B0
2DDB0DF3B4742022D3CBFE7916C0B204
112F076DC29096DA0A2FE77E4A758258
44D59785B38895F7340059544852AB8B
692B8C3890DC31739E5C555C4A889CB4
72C72A743427F908F54189338968B585
D4301477FC6781C3D355946C68760625
D95A6595EC05B12629FFB74BFDF378F2
FBB8958E9234E37FC852A0E721E78A96
1F36FA6FD63943FB734A2880CD7AB54E
0B299085BC431ADB09C51FE65129A104
26A702B4CB9E82D31990029635EEB7E2
04D11A8AF67D970BD2591326D68B1A9C
658915B90A1B430F10E4ECE721BA477E
5C522474B238655D9B6FE6CEBF5CC0B9
204315F5EC96BA983C56355A50278B72
7160A3A3F26457CB11E94C9F02D50AF1
E71601BF5A6F3E501CAAE2857FA9A4AB
AE7BAFDB9A894A173FEB0ABA31FF52C3
44689365F7D5671E8283547EA55D95C2
AB31E26D26DE4A4B506FE14A8D776215
C35B40F12BCF5A9DEF76F74577F06659
2F1A1702C3A7BDE4822427B5C27D3BC3
7D69A73BFD36091B0EE256980558D584
F0BB9D0521B4EBED25D7708BC79238BF
FC2CC715C1E1ABA646C4A1B49064B877
6115777CC5FA280FE766C4446BE9AE43
A43680DF6E21A3C4885F255E6E12076B
E8BFD09A6E75CBC2039142D60E0F6979
02433CB161FF3CDD6C852B815DA891A8
FCFCEF96C26D01F9D9C20159932A9786
4E7314D9BC45B65DD724DD02B388101A
AB46868816DEFB9B0E868083464BFBB3
7761CEDB002C7FD8DE66FA5F2D0366A3
A65C40B7BA8867725426AA3445011435
0E793610B8E835499E13345B18BAB0AE
55BEF0A9EB2049C246C46877E62C850D
A38AE5ECDF5BD3EC2A1593E0E1B952D0
9AC57DD045C015800E8C3F3701B73EE6
88FB64BC2ED95B4B8DA1B8B469DE8AE1
779508304DC1EE04AD070A7DCD5290B1
58C1D85FDF01B7A5B90CD62320CEC0DC
A0456A6008702A2C80E00D976B39C7B7
6873400B1E719779BA9EFBB2329131E5
557F6E79F5A176315E1F57E9C0D617E3
75A17A3EE47FF1553238867AED7706B5
CCBE4E3B90B44AF9F748AE8AE61E78A6
E07B3F30E72EE5183A8F453D12B7803D
AC8EFD8F77E8CA6CDBCFEC1CF1F8AF62
C8D5A189A4FBC726C627026CCCDF7375
336E06FE80CD27902160B9DA64EF9B8F
63AF4A7FB7F6DD3C8E10547666C2227A
0285585600D2619302165183B1F8EC0B
A4A8A75DBEC9A139449DA87174E2C2CC
9B014EA128BA58D28B1A7CE4C31A7FBB
0E907EAD88B84443829E0574DB408749
2324E2F30C597D2BD49B52E44C15C8B0
1A24DE3D0C3CA577F634CECD2CBD042F
3AD30C2B76A124C47DE3B5BFC1E8FED7
6DEC40B2598CC7272AF415A13F8A3651
DF4EB54790614D7354E95C6900C5A9FD
7990E371DB28D53D479C6E6FF8FAF399
4B90CC0B58F89B460B001733A2AE72CF
DA108C99D09A10B2B98B19B70D26293F
9D614497761D1E1FE373E902A0AB2340
E54683895C4D90A5058E8F783D37B3EE
92228EA2B3B3A6BDC3B989D44B7A1DB2
B86F48DD0A24B6268168F53A29985616
994AF84C49AFC8B6A2C377B6024A421F
889CB7EBC1245A5D34022AFF19BC36B5
E1CE8361BAEF0B8FCE56774FB5F9198C
3A7FF059C9FCA7CEAE4F933EB2936F36
997E609B32B14CCD2EC55AFF97051BA8
D0DC26BCEF65EA6DA1742E0828E95DB8
16C4EFDB694288E1FBA6A177AB7B6CE1
C0DE05814247FBF58F5AEB891AD14B08
DEA80A2853D823BC77F5BAB8F0E2BD75
91507EF0C06F2EBC0C4B2DBC574E50B5
EF6B077077D8A51BB2E1A27D1A823D21
62BEBC1796473117F85FBAEC76CD2F60
C20580B7890877FA334CAB4A6F8D047F
67A2CE57785E136ACDDB3FC7E7ECAF51
8607BB8EEAA08F3F62CEF3A24BF835A5
045D71BEAB8322C8E8DBBC494F670E0F
45BE4E0B304F7E732AE45652D03AA5F3
489401A9994515EB293CBF898C51A898
ACFDD2DDBA6A613DFBC366E807C3B635
349435B6B3B955BA1CE8ECC59A1DC459
D43F003791E2CF7897B7732D46810A84
65B5F606D059F8F1B6A03B0CF97D4D4C
AD75223F9B851FC4A0E968B9BFF2133B
A50CDD79E24F44499FE68B017A5FDAAE
A66BB3ABAFA31D08556194E21FD1B0FF
6E0316BAF143FFBCAE3EB196CE67D7B9
FEB293593A39E56C8CC050EE528C3D3D
9071237E597CD6D84C17B6A89C0EABB2
BD56AC342D35CF6E4A06A6E4D9AE742B
75089F7C7E5542DA60720A13D1C6D132
11DE1FB16E4B61852E8D5AF791695743
486874078D4CA6F6CFBBC3C41D4C8B4E
95E3ECC897A55577061DA3FCEA6405C9
652CF4419AEAE7B90EE33D937600B466
7DF7D9C82FB7D43ADAD708E069DAE43E
3792B0F49C7BD064F8FF7AE841AE405B
C63A50B34974CA0DEDDD9EAA785CD520
0E7C3D367A35557484FD41340D2484B9
2EC17C35A334C240837B3F473832E65F
CDE1342F337AD2B2F70C79E0E9787E3A
9A9F9227EE27E005EEBC3601584B74F7
3D60BC946CBBF008C08B3ADF89C28C19
F7851DAC376D5C48CE2F5E0A8B56E00D
EA2A9B11201E3D1A299B10783F02DA59
60770E7C3AB6A1AC7B01B14E827B39D1
0BC19471511480B102CB8DC7DC54C553
92450378AD021F45E8D449ECC6BAA121
EEDCBD87574EA9D66711C91C41542722
FA725FF9D6E411EDAD50292F51865EAB
382C16A50486713989BDB2130D56F64A
985E81CC7A2FD05644B0C0E878A2DB3E
B5E3ABC0B57370D4CAC67E3E22E57B0A
F1381FF99DFFDD9EDD5F9D8CD6923A49
5565FE4136E0750DCE30B0F11729E02B
9F54A4A45507149636A97E305CE38FB8
1FD51D4E739C13626B6E0C8640285B49
F61B62E2A4DE0D433326CCFDE4DEA25F
656AE779ACC94E60E3FF65BCE6192DE5
FF7760F3DB6F71A26F2AD74F1FF20651
238C762EFD58E4EA8BFA671011999F55
01930E40905D26825CD77F9C36C5D3BE
160FDF50E8C5375C6E59DF9E05201BEE
0A6F24202718B0CACAD37EA9AEA5B2DC
3B13635336DF7EDACC9137F8A2FD2989
ADBF227C73D482FE792BFF1F2E04B3D5
75BA1C0778C9465DE376AD32055A3F2F
DF55C07D616957C1904CB966BA83C0F9
52466609B23A28BFD0EE4D3BB8BFD71A
01F505BDBAF375BE2C258803E6DE0EDA
FC137543731DA605AD1F76B6E6BD1EAB
B10F20CD57C78DF781C6627B277658FF
82F050411403D494CC539F1CED7A4364
E89A865ED83F0F945A001CC8601DA490
A61C81CCF7518A07CBB7DD0680E02DE5
934D4A05A30B64F0C8A0CBABF13BC0AC
CEAB6F4A4AB16F2F55F624E1AD88B241
FA33B9421F3318F057B3ED303267AD25
6722B89645F0A2D7D24639EC8E9FC564
AA9FFB06CF19ED8DA852103FC7360868
7AF2A86C68DBAB96591CAA3406798A35
2C18150A7F483F178D726CF3F417AC54
A8A58EE29266E87FB2489A452A08F82F
06CD4E3F76CD0633A709CBB1AB9BF0A2
4DD59E05079F9FB1229481F3AA00B0A6
1957B6BD84957988F2F4FA19F6EF0425
2672228DE375B305B8DB8209146D7B2B
F901D7469AEA7D84B704F0480271574E
C3D33157534AB5CB3C506823CC917104
0B110B4EB7FBE820334954B30B4E9B96
A2A48D24BB30B0370257CE1D792259B6
2134EF0A487A37077ECF900F68618B89
1B1AC134DE811E4D5D4CF14EDCCA364D
A93A2A1F4FE3795153836D71993E9E74
2A918F4842672ECFB250FBCD070D46EF
B32206DCFBA7B974BF475A8CDFCC5EAD
4DD55AEF440BCAEF5345128F6B2B96C9
D4CDC597AF88F44CADBB3F32E376FC0E
C437144339CEACA2EFA1B357BB42F89E
1E279C5DCB1AACA4AFE5DFB3E40EF8F5
8017FACA0741C153DB073248E004BE30
1DA7A8E7F4AAA9A7E9A02A762E8BEE64
6681C5D174424C95180349855EAB2C82
855702A72BFF08875FE9266ECAD17A8B
583DB55A2FC7FBAAEFCC02685BB39C9B
8B60C5F270229905882AFF26F2D6515F
7E99BDAE34A8B9BBB8398EFF4AD42BD9
2003161C31A8E7A6786A0051D25FA302
32595AC8251FD2639CB75C45FA8BB5C0
90515F6BD9FE899E1CB1065A815DE230
0B1837891A54B4F1FC56A10AC7F50C23
840BE76B1B5BD2AC3680D2D36F2FD628
4D3F28614C45A159AA5125E82BDFCEB4
B587E1BE30EF7B9CB4D9E63AB4F52F56
60760F2BE9EDC9D9D2EE7DE90F75BAAB
8E87E0F2E8EE1FC4C93DF2ACE9D35CB9
557807905FB268AB50C34B2611953B04
38DE7690A3D37B6AC60F37D01E66EFEE
A914384567B774D0AD5A9312CD323EFC
E75782DCC4FE5EB1C02C281E3B28B916
36ED049411CFD02AC611152E9E8CDA52
E1E8BB560399DA54360308FBA83A27C3
F558299C346F8D496F2B3BA1D04C176C
14D945668A8E5F5A8CAB2BAD26DAAE87
13F2820A311000ABFAD4D51E62A859F0
586DB9A965C7BDC37CF262083B78EFF4
431B7D0EDC54C09BA43559DB111432BD
504C28FAA3E462079DC9A3C8346E6BA0
17C5A030E792B6ABA701D1B13F01F524
29A1CB48001FAF5015DC7759F65D4C01
8D52BC757006ABC747190466AE2B90BB
CB6920D8FF320AFFEE679452E5AC8997
2E1EF4CF1824355D5AAD5EE258DD3537
DBF9A4FF8EC78B424E6FBFF4A220A0A3
768766FBF6B65C48E2F6D32451B894C8
A766237D45751EC00F85B220A859EF8E
373F5FA3D1F4FA828CC7529A54F2EF58
E337CC7450AB35E5E56286B3AB28620E
5FEA090DEE67814B6183CBA91BC889EF
4497734D9F1E7A17C9F7E0C38CA8ADBC
7CD9D86A4A280405843187E578FA6E7D
8986DC4CFC77D69FC79803EAD446D544
4B6736174474DB0EDDBBA846884AB8D4
3C429107BCF8885F00124AEB901B7AE1
F6130A77804B97D07120984907A79A49
01858BEDF5A0901FE3F6DEF3CE6A4285
09CD2B9B400458D133C18612BB6B5F1B
B4DD39F682BFD4E45EF499B979651472
C32441192EF0915FDD8D2BD8DAB2F39E
5090830CB1208FF00A643248E4E1DA05
765EBBC0ACDD30AC442A57981D6F210E
670FAD6F79953877943501E78DBCA20F
2D238F37D61567DFB1C849EC512FAFBC
1FB0C0E748836ED435AEE6039F31BCFD
A27CA067DD6F7BDAA6FB584BEE8A4C33
D34312577D5BB2C42BA15951D88CFBC8
CC07407F91F93D495649D867BBFE3D4C
8EBE3FCD4E45A3D1D696D841E9B5D0E7
8423BCD9DF6F76FAF4B84CE0064C5FB2
4FEB4BC5EC88FE5AE82F615DE1C46119
152B2849363435D55492C48D8745C553
52CAB2198F2392FF1200B9E26C680EEF
18ACB1985DF92C9830950CF28385CBA7
918FAD61B281E31D381A2AC6B035A6B3
BB4B9456A9994321F6307AF209B79880
39BC6272207F2000C32C7583127CDD15
0F89B6F5B74587B53B2237BA6CF071D4
69B28F6F0CC055E327B3FEBE2C254334
AB260444D157592917817A59BEF4FB3A
C15351EA2758E76313722501656CD4E2
1BD5D8EEA183C2A04DC0CA60919A6572
1C084FEDA48ED2D264F0F59535B080BF
440D3BDC280EAC0D01327CEE26AD37B7
06CA984A73ABADDF7A92159A1CCB6E91
56C547EA5032D124C10D96801D5FFF2E
88FC844537B74ED54F7110F294253541
2250E4BE1BE4703050AA474778072E2B
BBC0FE747476C2AEF48CDCFAB8FD44BC
88560EC96458154F36E628B843FDE29F
99594F3B99A8EE9155B660EDD3B8614D
1230FE93DE2B0147D6D017E9FC5988A4
296CC428EFEE891C08E678EFF1387BB8
052546FE753DADA966EF25FF285B1E6E
9670DC769352D76F600A62FD53382877
CC4EF8D75CAB25BBA694D79141430F7C
FB5E4D20B6DEB186D8FFA6E8792C5001
899B449B9048A9AD6EE9BEC376344764
04AA07D153D922FD727BE6DA2B4AE2D8
5DE17FD0A2582CDA260AE26A96427ACE
AA738FC42FFEA926A50C5291614868AF
25EFE6F9A88A5B6FE55A91E42B53C427
5912F7C4237E48D6372D034C21959CDF
302C2B7DEB96FF80D02349E11498D605
AA3188F91538DFB5F970888B24B32A60
D43FFAFBEF2BD8677E1012BEAD54047B
0A926249482C23374C790883C29828E3
BAF923861C3A930D881009E25DAE1A4D
7C8245481699EDF39AB0BCE5061CC839
D36DFB713027DAC20D4E838B43E56F82
2E0E7BE8CE2B636B1629F6D9EA898643
00DEB3B9309B863CBCF522DBAC873C08
DDAEFB9E9FB0A36F35AA8D68B4FB1F78
49F72A3BBCFABAFB78A0116C23B38051
2E9267F49C581003228BAE798D081145
7F9BCF312E0885124B3C4C8F1EE78098
0AA7FEDB5C9C2F052C104384967104DA
D7C334AE9BF594022FF794498697C44A
D92D977BA0225C3B62C2244C36EC8782
FE5A0F9E3C6254E8AB11175BA4AD2A46
F0BD0DAEEFDAE3924E70A4F65AA1B29B
B9F660E51E3C71080CCC4EDDC51C3398
83DAB87C14EAB03A8C09BAA8A85453E4
76331B8B5BCFB1E90C293D53408B7DF5
2E7686AF360E5D06AA8CE9E79A6F8674
1083C6DE497E8CA546EA929AF13CDA83
8876DA2C9A435D565C5C89CA7E29DC0F
E1D3C7782589AA3298B436C2943B252F
BB8B1FC428FE7C6701A86971E14B55EF
BAE07404AD8CA1287AC58539D88BBC0D
689988CA29E8F71D98C9D51BEDE46DA9
E4053F8F196EA91B0B6F0D90FBF0781B
FED0100B4D42499D7D96CCAE009717F8
A31F81435066D5B92CCF639264C99A04
4CD5CAD2182320CB738F558AF1A4E3A8
BB0298B1583D9E406DDEB6B5A75EA205
BD3B307542ECCCD6AFFCAB8261F3E6C0
1D6EF317E699CCFBCA8431F597DC23DB
CFD38EBAD4A94CF65883316333642105
B27B1C40B0D294AC709DBF555A732C31
369C37AACE718E364168BB105EAFAB64
2600370892B6D9B092D0CFE1420C61C1
E19B0C7F7593189D2CFEB1C7349842AD
CDA9BE9E200B3808C70259B0493F6CAF
3862873AD80FBD0788654307FFF4A5FE
66526B2F2FB4DE46C1592BB91AA749C7
70CEC485FE81B3EC5FBEC453448AD4BF
D579EB4D24BC0F2A075579FEF94E292A
EB250D29FAA81FFA5939F4E8269A45EC
1AB23BBFA97E2689468929FF6910FB70
FDCC92100FFF57C750FE9C505D903390
6F5C28FD08B4617F64EDE562E5B087F1
FB0CC391447D3AAF25454B9F0CE7B75F
0F68865A2D6EDC2D92E5DC2DE4FA877F
5F1A56DCB2F72A0A39EAE3DAA8EE748F
D1C98387BD3434EE43C012370416A51A
0EABF861EC13B7E9C468A2394A33B85D
85F8B64C4720A71692B700808F3A4A11
7025F5CCBA8B160AB1232BC90735D6E8
D5F9968044CC3A83C48269D651A64CA0
972CEC1156BAD3F9D6D54DC42ECB5B9A
A7E567F8BEFFE37564C44961C97C9B64
74FFE3BBBCBE2598E4755C3E413ED29B
0D5EAD91A1895D8BFA2D6E480501593B
AEDB4DE64B9ECE8DE9B5A8391548B19A
A4B89E67FA58A7D9716D646F43B89671
A1282EBA24E97E7A20D75C06E65386A0
679C58E49F497E57E34C5DFAEB0A4B95
4BB32077B7D6283CDB4FF7CF49601231
FC0BEB29B5C033FD69B722256287AB68
2D26C1B5AAA8FF954D1ECEF77D69EDD4
2AF916A35D260ABACF5FC82FFA0BC054
C6105574AFCC15780D377B520305AC5E
36A2B384FEC312C6DCC4511B22088C3A
98DCE476BDDA716F2522BF51B18F597B
2962D1C6B5C3E7A63E810A48679415E4
66B383B9EEAA1E94361751C50D04E3E5
E4C65096AAFFA510094E4F4C1F3B0F22
7253B7845CCC579660F24D4F68EA44AD
44A1C50A301195D09E778EF0212E4B5F
ABBA0B3A5DB8378F42D690F5B07EB6C0
AEF3BA1F53170AA57DB0DEB8EF2588A4
96F101C9D6BBB77065731DD02B2C715A
A578B5CD2FB3CB3A86511431D1E240AE
F66C3AFEE347F24EC5855E7E8CF05173
C89543ADA809122466AAB42C42A63490
782BBF2B086E302ACA8F3BE69CCC95F1
AFD1EFFCBC2385FA6FA338E35E268B3C
9AE45D1BDB4FED82D9EC58E2472535B6
C9188EA84D0C0619340E562EB14C8224
3DACA4871BF8CE1B0E0875D787EE1990
ED055DCF49F9B562E05FD42AF1BF4813
01D20CFDC3F5E89C230A7E54B830F054
2988E69A3E1CD658168FC3898614F95A
69EFF3D5B262DEE050932CCF073CEC46
1E38E0681FA6ED4E8F936C5F9825C132
24040416D09BAC68142A1FF94ABD5403
1E58C6E3BF18E752BF346D4DEA43A643
9D696C18696B781AF96C605600216C78
DA5524A0B9B9E09A9C846E72DEA21934
BDEE09E2746D79AF23A6F05A0B595018
BB87E743CC68865C04EDE38D86887130
2B48AB7D09CD89D36E290CAF35939E2B
A7F92BE5B1C844F28F24D53A1BB2F00C
61D6A3B86E7633927B08D9E055266A57
7A1B9D79C937171673D20104C6606A9A
A125045CAE61BFBF085F542970BFE0AD
8C3ED8F8500ADA86FF82615FC5EE7220
BB8E332FB63448F134DA2F6C0A20E6D7
D99BEBDDDA4E6826DAB6899D97A535FA
9BA7DD8D7A21248AC322CC4E228819C8
8CE6DA6992FFA29C960288567BD5445C
D9A9A15264100A37E29B087EC455941C
1E4516D291E0E60E823FBC0AE845818A
9E98DE9AEC29E3516C08B27069E67856
8EFBE7A94A0462E560B17535B01C7C52
B1E1DA3A1891A64E9BDFE5D2BE0BAE15
A68A9829FDFE904E27BA06B44EBBB95F
E7F9AE58706474074D71481F46313E60
EDAFC2C81504D1730FE0B4E285FC1313
8CB9E86E89795A940267F60AAFDF83C9
7C3B72EDCA6CF9FE379B778CB4EA8F9D
20DF27537F6FEF5813BCFAA0C389AD4A
D2929036F5FEDFB027D54AA7F4E4D2B0
B6DBFFC6549E97DCD5D47199EA84507A
3B7FC9A2CABB4FD4FDE1F261FAE5638B
238B28ADA5A6A9D47CB03F1DDDE82250
5E8D6B8648612EA58A232AD282C7DD95
8823FFFD34CB9FF34ED56E5459AA3EEA
AB4D46B473026F2998DC29868A10CF30
124870F52210E7E0B90B7CE328EE9B38
217FDD52B275C7D71E559CEFE36FF0FD
D7C90D6B68BBD2FE06BCAFFF25077E0D
9826A7BB359DFD70A72BC0C6B6D7E485
1A56E6C8487084B3CE7456D2EA6BD8AC
E48E50ABC0FC5860D1F89F65FF934C42
CC2ECC5E59E51F04FCA2DCE68AF41B37
F02C480659A12938CCF3D6BD4108B88A
4DE227AE92135DD91F51ED4595DA9AB6
6675915ADB0F47504C5DC34E2C08195F
F9665923701465234044B054E54091A3
02B4BCB051428ED8F8E6DE327243B02E
6C073956A410C278C746E46BC8C482E9
1C2A2E3E6779C66AAD3BE71227C4850B
1F7417DBA438A444F4C6B4DA35F90AD9
FAE8F2DCE7EFB47ECBEA0E8E3B071298
51969B57DF28939BB11994E8CBEAE65E
19D1F93A68D3E91725444B92767D4FA4
0F0E9EEECD4ADB6C475023320E5C3208
49390DC4223DEA1D90A5C8F244FEE88B
931E0FD86C6526DDB2F615369CE214E4
C176358ACFD41BF0069B6ED663718764
4202B6516CF54DA96EE8460C16BE42F6
F51CD511E7749AF4BAF0BDED1462B117
23D71EAA47E1CF30CBA441B847B2BF4E
85ACFF80132406961DD1A35BCEE36041
872E88BC82576145105D5A86A8642A23
BE814CA66F4C7F42EF36C3D6644A4C31
F3207B9FC1113C6FDF5782D7338FBD9F
68622C5E1413EA90B9386B559C1503DD
7CC73E38084B393A4995DE114D467E40
AA374CEDA1460966B47ABD879ED17FC2
003466D5BCE385F1012C708EB3C1F98E
E5AF736F8E57C51C1E1B2C29FB2C0486
B603DFEBD07A2F940A690D743CE02CE3
0B7C01B55DE550A9E0FFA6E6FEE1698E
EAC41D4666C311B7B7E3C37DDD59D046
8FF624BEF311FFE71C1D29C149B4C4D1
FF9C86B9D23163AF8D67E7FB4A3FFFD8
980F7012EB91207F2873D7C4095FB164
D125FDB62405EF23E5D185C846BE4A87
31F248432F880F75EE33809FEB1B79DD
DB991C46A3C1DB1794979499339365BD
7C6C09FFDF52C1F0EDB18AF0102CB0BD
02E902E9E138155D0DB46FCCAAFBD3D3
1E4F1E6F3FCB55192F64E7765E014285
1534B9DCACD90A15E9529B54A32749AF
92F6E6A27D7302194B16508CC3FD4C52
BCA484E3C393E48B022E042703C5DECE
C38DC394A580718E54F3A7FB93BE71CC
6A8CE7577547B3DA2B40C11D0DAA709A
A3E8D54A49C0C9B6876805953C969710
E9FA524D0B7540B1CEEE57EB9CC0B007
48D5148FBDD1B1BDD34631C4A8831BA6
711CD810A9898754E41DFFDFF2B964B9
65C6EBAD3DE3079A2D77EC792A3A0FE2
31F87287BA8F67FBFA029F53BB90B081
1B811068CAA431401805EEC5B9F95EF3
5F9139FAB670A28ECA6FE5F78E4681CE
9A8005797CDD926CF300FCC08869305A
2F850DF706173504296479EFA36E1D23
EB7A4E6F7FFC4D93AF1D488F24D69F52
AF84CD34DEC5BD64D03EDE6F9833F069
411A0E29FCB77E1727135A1EF6ED8ADF
304027C6E52EC261D1DAC2C87AF5CD14
A80B22B19722BCF1FC73EB44407377B4
751EDD957420A9896EFA09311A8BD3DE
74EA03C8B05C742900E062D0909C51C1
AAF11D14C37AE7C6122740BDD1986058
70D3284635C494DC39D57D8C0BC62A3A
FDE613A0F7F918DB974AABADFDC3D36A
B8D715E2893ED29DD7B29AB33E01525C
CBD991AE6CD743C1EA13B56EBE27C26A
057DB08846DB800430F05F66816ED969
86E92DBFE3E4F10EF1838BEB7F0E509A
C49432A2AF81CC84AF952579260B920A
48A2AEB3793AFAFC1BC997355BBE528A
4A749BDFA067875A1B635E35B93108E2
CFE6CE893019F6B17D431BC48850DD83
2E2D689763AE9CFA6D28AEAC810271F5
31D30050AF4DA7884175E8A66518418E
06E34620D1A971C6D38E7A7318BAB095
B599993A18BCA0A80539096E4D9D9619
286E08A38F2158EFCA05C8F7A9081ACC
6E79438FDC1724E86CB3CBE9830F1B58
767F4C1A7E81F48873DEBC4DF6F99947
A811AA018EBA0585DD345B7BAACB3A98
495CCB0295A8566A3669351E8C740608
EF077E42B65440FE5769E93F6908508A
74984D0F3EDFDAC54F175BB8F54AF536
88714748CCC90B578EF566C8A3E4DF7C
B66FE937FBF0323A6FBAE84ABEC09144
E08E47117F43F68B511E6D7EF35824D6
3214E24D90D596CA1854E390AA4D9EC2
0DFC678CB7CBB73CFECD7B7D6F9845E7
AAAA415E6CE6B5FB8EFA7A9BC4A1ACE7
3C7C9EDC831B2EA9B537E5C02A7AD59E
CB49770FE8D98DCE8EEF42E90967EA50
8F1CF18BA841B51E350C1651F56F1F87
367F47A536FCA440E96F0287CA3A6DEE
9D2BF8677B22594C79A636480C031899
291DD359D808E9571A812E11D35377C8
7009C012A8A9DB9C235B0D22106A83DC
247F5F3959ACD7E99C65882DB6AD1AAD
66CFA3069071778B78B3FF3215AB115A
C44E3C9F4E8C5AF8228C652604397D1D
A49E2F68DC7274C8DF74670396A71207
39A13A9CE3AA90466ED9F74405020A2E
60D480E93C8D5DE941D7EA1574609A11
29BA330F78003CBA6CF659F3DB705457
E1E18B7ACAFA4EF61BAD78ADCACBE5E8
250465CC85E1E8A28859CFFAA89BDBBD
7C9317124BFC8DBAA44814A8E2A32A6E
E0A132139DBF6EDB7140BCF15A9C9378
7E08026F1006929133324384EDCDE0BB
22D3EB482D4642B87AB2CF93E3E3AB42
0F2C910D3545027E6C32EB65DC962C06
1A673E9BABF16B64A5515E126C7B66BF
6CF961BDAF39597B68BB497B4AE2BA72
60FE4C967D4EB3FA540B73B10B810315
701485B8B2B97ADF18A5F766612F1A6D
5B932E536582ED8CDEB9655E8C72EBF6
A66C264E9C564CED091B9391D11F24EF
FB0534561417D82D2AABFF614ED7D533
E4765F6D110CEF90B8E6026E87CA9815
570BA5EE94C6B6C3D0A1394A222B1CD7
867C1405981FD03050DF12C0D84FE03A
B5A61D9B86E781315B3BED810A715038
CDE948A03AA5F920575D9D9CB820B6CC
ECB56D59097104C9D586AC9CAADDC2E4
FF6C1D83161DB8F616AC74973904760A
569E50EE442181325B34EC1E994B3668
D18D256BDA11864968C81E8591F85934
D5D3817CD0FD7DD692BC865FD8605009
B849A8056E00ED240F60C3252A5D829E
3F060E41796A947E4D81CBCD4021D24D
89C8DFAE29D218936B63D6014772FBF9
C2A834D5971E014B37CA6A7839ABD5FA
14F9194D8B1BE2C27B62EB644BE0254D
D73A1D9745E35D4562AE17DEEE3A29E5
FE93CC1CE58ADF0DE3539B1E25F82E78
193927BC6DE984A0AC0C19DCA2ED2AB2
2087047A16686AF731A92FF79B900E8C
5D5FDCB4829CB8A73464C5A3D8B8DC7C
47608E6FDCF14C3A66C55B3EC50401ED
39421FAB8D9507BE2FAA001897621379
0FC779AEB7611D18D49EB9F9296F68E6
ED1E23676909446E3F43FE0E3D753AD4
7030338816830FBE230829CCB70F9080
E2E6780CE984E6D3E9F266C9533F4D96
34BCB1379B5AE86F6056F7572897F4D6
E78A33713EE6F5B4D8DF9B8DD884256A
47A2797A86213ED26AB0F9704229A0BE
BE08F3CBCD3135DDAD0CB632007F8D76
5D682E5C9A5005BA84AB9ABBD9B7B18F
6BB56DCCE46EB1EDB070D2A69F44775B
B947D85BBD1A668F2A505890735A851A
3741A46A293D5EA4876AC37BCDE28A64
2FB724B3CCDF722561DB174BA7669709
B7FA332A735139D4D79DCCD374E27803
381C1F2DABF939B6864277CC5F1EFB94
50A6C136FF22D1B98BDFA5C692AE21B1
A0317BC614FE025965F67C91878B9949
D0E2C5FF3E1EC7C7AF3B76FB3F0238D7
53EE7AD59BA53DF65E2476CBBE673263
EC9E11151BAD4B943EFEA17C29D52C79
45AAE8A68B4AA1C742C69251D9E515D5
CCE5AECE2984C22D9A56E2D0EB3E144C
0688BCD0EA4527BE9D41137D5D3EFCFE
DA96AC20A39EAC0237D8C520D4F52EE0
3DD06ED046C5C740DF5EBD0FE4E185AC
D097E4CD8A0740DF457A004C47405DA2
67E48707D46108B4FC79C5D6BC650BF1
BBA7DB0E25B7358CE9CCA40D997732DC
EE8D57FA3E5B1042C7A309EFC2806715
6045750ABC1FBAC189FC504A5D2073F9
881656B6C4A615CFD7D0A3F6669A2310
C13E7A0041D50BAA33DFBA8D52E1DB06
40D77B5AAC16549A42DD6A11A635ED6F
B2D495E2B20A97B515DC575BAC57872A
65908076F23B88F6D372E3D900E26D52
9CCAEABBD765F155AC5C2162ED7FECDF
C8A2A650B66BB4CDEA417D8A4EB1B5C6
F71BEADCA56DECC2081217723EAA5190
9A81CD418CEC90EB6435175071EFA87C
1C6F68C9918E8053DB23538B04121A4B
7D33D6BC6E46BD21B3DEFFF657E4A277
9149561E3DEF86133B63CEF2358AE51B
E97D6B732E379CE19ADA73A8DA9BE557
1FE3F18D4F5E7394FB35A84D65B91487
2DEFF0A021A5A8DDE6A5C84CC56CB895
7826BE8DBB2824A1BFDE0EBB749906F7
DB3A4FFC119E9E956147E2FF0FEB2D55
685342EF37E383455CA559D6771677FF
F6BBBF42609EC03E30D93EA222B1A5F7
0460A3AEB5ED6B099022B8C8E94A804B
9B2E11C9EC687F358899958AE0CE1151
89AAE08F67A7E58E622BF96EF9BC24EC
744497EBADC7B7D3F2CFD61362454AD9
D5F98F9355882B4BCFE7FBCF44F35A26
E6921783847F5F155F56FD9C461B3265
3128D3D85F6FACDB9DE6E9CAEE2C0693
93A2F14351498AE8A3A9F4601D3CC974
0567234684591F86C8D4285E130A4C31
F38F16B8861E1CC2EFBE637DD4723ADD
4FD1DA1C9A0C58358C283CE3F12700AD
746382B177A75EA6DEE53C8E84414903
E4990C36A2D9533FBA6E2908F4B3F189
960EB9BDA626EE8A8BDAB584C4AB6FF1
6E6C1F39A7BCEEA052CBD4CC70869837
E12BE41E617446B60C054BC2E991A530
0FBF25173B0E7BABF5C477E78736F587
4808E781A37F7CC27A20B39BBFBDD57C
1C34DAFE1D288F4D266819E7E659AEF0
01CDF2CA2C51E568456B46B8367388C2
C5E132BFD5D35F86F1581A608C634C25
D48CAB83637D8080EFFA84FE3C42A27F
FC813D012F8AF9996089EE1527DCBE0F
B543C200C479822BDE4F09C889ED1D33
08FF41F54A6777A4DA79DDE5E10C558B
E5FEFF51952A61AF09EC2A671E130C6E
192597FB2E9A3858F6820663973E6FE8
0855B783A14283C2FFBD289036F57EB0
D2AF3DB78CBE3C53523BB60451969FF1
1D3FE85BB0AD4208111236CD86D04AEB
A0EAC16A96BACB2C11AC1CD20D08079A
57CE7289E3C3A0592073772BD8155165
001E370D0154A9DA7F015091D2709C2B
142411F8BEC8AFBF18542078CAA99CCD
5F7650B07C88D9BED7D0AC0173C24E5C
E117C234D557B2B968121FDEEAC53FCA
D3E99E703DA623339FA2928E435E8A9E
9BEC73D3A645CB4E34D1136252CE2AEC
6B9EEF52154E65C15AF8407042DA3382
C409907A007368EB6E19258B8BC333C0
D6F985E52BD49514E2E2F426BC87A3BD
11733EAB39B6382806459D022630BB1D
E5D471CA914D7A8D4159BAB17A13CAC9
39D34490C52B33EDC072A613515D477B
BE5C7DE91E29BEAEC8B87F2A23A37A00
B70082B2BDB6A576B7C738DE34DAE162
F820709BAA90FD8EB301F7CD53066641
2ECBCBF676C14669A59C63CB57719E4D
0B2CFFD64925171A5882C9101F46BCDB
ED8D95A003329081BF183D92C3C417E9
31C5EE533AA68A98223BFC9260D6D455
E384061CC751F54200B6105515424C2A
DC3720DC265139196FB159F2C56E0525
0DF9C3B9CA28345E1CF858712ADF7B27
15D0600EC7320F9A6526924DAEEB37DF
C435D638034EA3D85E4AB081BDAAF272
5DC582E84441DB06ECA8519B2EB0A9A3
D7481DBDCD895CBCBCBBD7AB31B5A0E2
83B69E00FD202AAD7D18FC9550A592E5
0255F02496159F4601E47219A47C54BB
0CC354EF68AD394CD1F6A1E03B509853
72B00E882DCF3748B62F842939A6FA0F
0CC80C49BFFC7D9ED35C503775A7BA71
AB2B3EF2648DF9F05DE9EC68A6F618F4
5953D8BFFCD39D45A44062A2D1B4727D
09289742FA8FCCA6C68B3670CF709CB8
381A15FC8884BAF55C167A2DEA54C0CC
5694F4C829D82430CA9818FAFBF73CFB
3FB3E08DC411DC9E9EE119A144580591
CEFC89A8A77BB0E90A6835BF1A37E42E
4080FE526141E09E39CD21E4E540BEC5
120827DBDA637E72025BE9FD71D1A7E0
96099C62400D2E18A755321AC2B522D1
6AB6F711CAA64883185498D6F509D0C0
1322DB037C0E435D8B07BF06F21F1CCD
20562816678C46EFBE201D8E7DFCADEF
02F20AD0E529470D8540B39875489AA6
31CD578C21B9A60302BD5143EC7E8814
F8E8386EC77D33FEC5A16DFB6594990F
F400DFF2D78F8A4370235A6994CEDAA7
D45AD04D69130249B35CC1F6FAB6BF6F
3C778D4B39659944F5A01A649EDD90E2
97961ADFAD47A9AD9CF5F5E7100B6C2F
0457B0DBE234FB956F80B4AB88CA84DA
B1B0A2CB9D2FC71F206CD0540B30BF96
62C719C91F97F4881EF9ECA226085DAA
678FDE6FBD1B114411125F1E6C9F22D6
C90CD571C9A8A577BDC7C26108B15167
117BD18B64768FD7E82852E7BD05DC11
E13E8388AA1301AA761E0F8C714A72AF
780240497D6BBD9106C2D2FEF387DE7B
893B76E14E5B849E53B8708AA09BC44D
AFF0DF90CE4F4E4FB42B6E7B3B41B7EA
B0FA0529DB2F54C503A7E595573C7A7B
7E590DAF143A5F6BF30922A95404B366
896D364027CF1A8D50D0F3BDFAC2C009
EE023E0714AD11DA6D6D3FBE325D02C5
9D6B1C031A8D685F8943784B09CD3CC1
0B51554A41E5C038921FF4CDA240E746
D70782518C690C150671BE400365BDE0
B581D8C216D86F3E99C27AC09FB2CB19
F3B471FD540607EA0792277ED8C9DA53
2653A269777F8B9DDF83D3DF73AC056B
94C41A40A3B5D493FB38725B52F81B3D
5B6249CDB8BE535A0D32C1DC547FC227
FE42DED18BD3DDF2C80ECB5385068BBF
D0439127E45716A29794330593334FE1
5B4F5064497EADDBA32E049AD1A3B39B
7A1B8499A916C5E15B51A11DEEDAA6A1
7CCEB64FDD1456561140611B557C0646
42E93A2F53A02C7C78AC5A26FBBE42BA
452F607F7A37F4B25C09424831FFA05A
438967F75C8924D729012044E764F1DE
B2AFEB9931F2892CD588F110046ABA0C
BD39C7BAD46643123935E69B060BCBFF
39BE7B0E5041F7FE35DE95CC3E5CA085
14F97B16F410CB2C506A026B7905EAB5
63F0F514E40F4010260D8B097C5077C2
181D1F3E7BD961C6F721B3465795101E
F14B5346C64B298FC6D05295EFB96099
2ADD0E4E41FEEB64DBBAD1F4B087B3E0
66E3F0D1631D9639EEB895325063B4CD
49CCE9F66F0954CC14B8BC5330D8A43C
7634B489FDF528AB81AD37C5DC4C11CD
0A0A3131F2AB21AD92F2AB93AC8AC2A4
A8438FFC5F97C613AC9C2EF244A34F10
678B66A1C8EA44FD51E2563097DD5573
643B605202DEE323D059E8125336422A
FC23C1A55E35A7EFED0DD3C602D9BABF
365438B90ABC6C3F7AE312BDB0E484A0
73EF12B22BE97E0DC6E810A2E468237B
57029DE9B3E3AAE1FEEF419417A13C0A
E94A17D27A0A3BBCB45AD6B594C68E77
19FAEA3C00C0ADEA1DB55BB511E98E9F
A2E1CE4809C7FABD9D57DA412B3C099C
326ACD169EA0A39009782FDC6DABFA3A
1404B418D5F3D08ACEC6E23BBDD87D4D
B975C61E9BA5F52B622EFE3C34437EF9
F6CE5A2603239679F0E87308823C1577
BD89A71C2EA12DACA82C07B1196F951B
2993D90BD3D5791912C6F7F219E05C6C
2137D7A51C8954C5219E2E0F6B74C850
0CAFF16F5E303070A02C182028570C3A
7DA5BAF64C7A82AEE7466BF1BDF94660
18030E9341755862D195D0BD170BBFE9
199014FE01BEAD430514BA67952DFFC8
322CD4562170A5BBA9705F6A11D80155
68F8BE29AF15ED74C7D4EC667A85C42F
3E900326FE111644ED0E30FFF3666561
67557D9C83C8E041F1FDD315600CE134
63765E94FDAED006FF485D3D93BAFF9B
453FE317DF788CCA67626BAEE5428689
7D4B8F971678B58EB201020B032173AE
910FF62540D6B0E2C0B45525BE920ADF
D56E58E033BC870B05FBA59C54F120D1
17E114C4530A6E63A20CB08E004E6C13
1B1FA603596ADD11A75C6C2815F2C4C0
0EEA371311DEAAD425AD68341C003C2F
3201796DFFF80ADC7736C8D56C996107
D257DA1BEBB83DA7DBD9932C44F9FD18
439A0EEF7C3BE4494363DBF2583CB301
63813DDB67F0783AB753EF249DA475D4
0ACB22424590FB6CDCCE55B59623B741
6D4F71503C428832B63234AFC20AE8A7
AD41E1E74321E2B07AF3CF396481D5CD
F9548A3E42022B72CA82B2E62E68B49A
4C472AC41FBBE72F587565D513E9E34C
76AA8BD45C5ABA176A2D2731DD1E4E58
7150BAB7D96799E5D36123631A45C19B
FBC4C26CF3FEDD3C04E5E4C46E9FF3D3
A17BADC080E9CDD922D24ACAC987DEE5
E737EC7AAC84EDB63DA64ED7C9D2BB4A
5212CCB0164A0AC6FB5EBF8D27C444C8
4F8A3C4EDCAD7302A32251AE460435B9
CDD674E83D2B05D22DE017A82C24BCFD
BB907A04FA7007F02DC69E7FEF7C6620
A2C24D4F854D4B2DC3D374595AAEBE58
67919ECDD2815709D1A8E3D755EDEDE1
812C47E5A024BD79DFA329A2780EB30D
0BE862C034DB551BB108D79616D6C26C
9D7133AFC8AB4A4BF44BF51AB0606782
9BFF7414469B9DCB748F3B164B038CE1
E2A690EB691ACEBA43B0702C1AA09B15
496A64770AFCC2B7C90AA0853CFE6E41
D9611977527C7904139960855803EE88
91C36FCCB494B44BDA2919393E2CFE0A
3B72FF0DC3972561CA2B0BDBD984EF31
77DE7D8E044BB52F5E8AA741838106EA
74E9588F7FC5CCDD5E0A849CBE61825F
BDA9A5D97C7C24A7765F59EFAE69FA4F
620AE5AC18C0B084851E1F9A1D524A36
EB2173B540CC37BB89F560476835443D
7DFFB2E22F53EAD47D2A4C9666483723
513CEE75C17536992E13DF94CDE9785B
4BC636D8A52FF69208EEC530923BD8DE
D4BB4520F7EED6D216E53AB30BF7F389
96FC22A3458975F1534125647105A77D
B34BF07062CD4B67F6088F4511A23DA2
5C7724EDC6AAC7DDB5D731348071CAC7
531F29E4B57A96212844A57E13E45E15
C8D1EB3594416179D2D2E5DF0E9EE34C
099114EEDC72E1FF98500FE6BAAF2924
DD6EB3F05861F242658E975A2EB73C49
0ECCC4381567F9EFE2266CC27A9567C5
1217DFF8D6418A499E44C20066BC32ED
5ADD91B06083064A8EA6A646BC8F38B5
71C5BF398E586B07A5B852CCFB5D2EB3
ADAF46443B0C9FFD484B3AB4759F6BB4
6DE2B4D61280295079EEE92003EFD602
4CEB547A1F71B3F351C647426AA9BF0F
C605FBA9802C4919981F59322C13BFC7
E0F8F1B030C62A190CEBB99BD62AA621
AEFCE8CD6398521FB655B7BF65F16D20
D2D428B59A777EE71BC90FD64A057F35
FA13C63EA42D8EDD1767F8C87F755BAB
65876A8D52A04014DC271AC38C4B0273
D51EF3FA975CE03FC0280A79E9384553
CDDBF6473ACB10A98995BEB664AE6E50
F3C8C6DF65249246F3064C778BD5EA75
7DCCE05E9ED28158768A13039D4CFCDC
F412FF5B1F34927BD6975FFF2BEB8FC9
20F32B1948F5D20E5D50E8275FD5E450
0144B22D59AFD37D9A5F640F218C23F8
41C4B7A4EFB3DE86581CF06587A98745
5C8E29B89ED93E38D0140B4983D4734A
C4A50A9EF2C637D0C5B2EAC22C446E78
A2EFA9BCF06D7E76EB8AC38F706C2BED
E28525A1B7F418C609A5A636B9823522
F202E7F81B29778D03D47DAF41678DC0
39CBAAEF0ECEC0599054CB9D3D36D1B6
5DCEDDCF1656C055C3E29A3762F52BB1
BBCD4DF6042576550169B10D3CB10B7F
9469B4AC646A51CCD9AF81E46476F577
6D4FBB7C47538414D1AAB0621633459E
72797E13B97F6A156027D2F08C998B5B
ECCA19C305FFFE6135792FFE43AD4098
4C33F67C0029665D42C1E5DB7A1B2ECB
1B85059626381C9FA42CFFA4E792A36A
1F55F11CC16DE4E458A5663A62B1E374
A79F97FD865C20B2EA34CBFD100243A5
5C17CD99FC6ED2EC15D62057EEC821DB
025AE4E62E192D5C17893DC670D2C8D9
1C03D27C7E1203B75D44C4F790E9A7ED
A837A1AFA480E7E83AE1E0BBBE76A444
107B83E77B6114423CA0C0F010324C90
63F1C9ADCA2AAE557E98C5D49B424942
5DFD94E89B2AB31D3B9E21B36058B100
CFF3FDD1E16666E034D2E54D7CD30ADB
A3F95C95837FDFDDEAD3039B93F36E77
5A0DE218A6C2202FD81D67804C4CEF71
35CC823FFF0C60A5D0E3268E59C57594
0E976178DD24BDADF49AE38927092804
070ADC6E935B17DB609C65369FE54688
0552FFBCD4400EA9CFE0DD1529B1675C
006A8D544786030C4D1798F1E7F7739F
A33DCC5074F7444C005AD56FAC6F48FD
5D4FEC811B007CFB9AAB5DD8C99C4A19
3743669F3D8A61A266AA4C76B0781FF1
20A178CDFE37A1B984B2F92754EB365E
CE8138159F8515FB245BDBBA67B26196
75E85EC7B8657611FDB78021D8ACF261
4B9DD9A70D9ED8FAB8532FCEB26234E8
AB40A58DCA090ADEFE47FBE062C37B66
CF92BB35F108E4D8B8E38D2274B144E6
1B45BDE4165D8077C10CBFAFB87C5854
45F9BFB1642ABF1ABDD98386D40E803D
52C88A6A20B8DF646B969780850EA47F
1F6404F8990F19F124D0B8F94B4397C0
58237A5F81AEE266EEA7D93B6BFFE115
97A79023405F7C7CBF52A6CC46EDF528
5C3D40704F4FC6A9FA8C7D1CC114F88A
0D5B30046BDB75F57F4C3072CC468E9D
BEE08407A1E1EC80F5901ACCAC8E3191
7708B4846C7B061E5B9D0B46BBE12007
814E38A8E4C31CDD2A39E70D665E6383
011A912022F2001B6A01ED883A6E27FD
FFC0AAA09811925CEF5C513FE2AB0106
5DD3B0545F5E8C35B5E5423039D41661
4FD71E81B80631A637BDFE92F73BE343
FA278D65ACE2598F4E2028F5526F611D
0D8C2689782DECC7B73527E4DD092A3E
7E83E38BAF36BEA0A04071ACBB77463B
5406104406AAF57CFCD5CBBE9E4C1850
DA4B05DD5CFAAADE088F5484869D37C8
121BC913AE9815F9598EE3E90BAF86FF
AA8F1461EBB6674A56597799D1A13B39
9C5FF06A6131DEFC71D0AD6CF0B35261
063901FE34F5ABD59C13058849C1FB21
E589093A5E4DD71F52E53CFAA096AC63
546EF5299B6ED1CC38C3B1C21E532A77
0AF00E692C3B6459AAA4A74633B6336F
5C0D42AD9CC5447AF30B3694717675AC
6F1D1F77746BD66EDFC3479564D233D1
6C273232EA7CCE475C243D763C0B84F2
6931AD7DE7C89946F12DEE427F06A277
99ED49D47569E7655E345130F7C537BF
77F4BADB3428F62EAE02201A84B7D93C
B22852B0650654295C5B0AD241913E72
664A6B4A55B4193F0EA39EC5F358E16E
BF0151CC189C4454F8B306C795E00287
A461594CCD4FED31FFEAADA42AB8F788
23F60D3EB75852AB2C8ACB67ECD734B5
5E5972478B6F5FEDB9D1BD98FAEA469A
CC51B36E75F4E921C9B448A26C2A1E57
1B925D34C1C9D89E6B5CA08E75E29DDF
FC3ED397D05BC219EA587C44735F8ACD
0FE26BB1A336CF3229B60D04485FBE6E
52C0D545C5EF531BEB9F7D0B9B18C582
DBE7ECBC86244F3FF6AB3E0F4F6F8FB8
98775DD2507C39000A62A177FCD630A0
AD4A5730501B90F3B18D2B288DCD276F
D3135AFCC208AD1B9B26D47D192AE0B8
6BC716D8C7B4E1594C378A5013167BCA
9D3681F26B05264E5F25326382AF4BFF
3BECD20CCB7ABA27C2A9D932ED854031
21C5630CEED648DE5E6C2F02CC0A4D64
1443E5446BD63E04D0738A652710767D
E2F3F9E8D7E35D51FFFC2694BE924D90
D06D129F08446529C9FB49AE8DDD326E
F6754E28A9BAE5BB1C5FE11384848101
D6625C534C65735347A42C4F8D94FCB4
23B72388B397F52544AAF5B32CACD564
D446E962437577B82D674D69E3CB5DE6
9C8ED47F2478C1798BB8162D27F676C5
7090DBBD5F138A1DA6B47988949386BD
EAA50978BCDE386E71162B20225790F0
9512E49462C70A34F179FE049D7947B0
443533144873E2781A58B5673A25D520
8380244E097A855F19793BF7C490DFE1
6479E452A59EFC0EA520B2ADAF4DBC01
AC97220E19C91CF3E65085D83EC4FD31
FB688A4C6E31C44EA9F84A2530AC3FE6
298C3E4B9B110DD4A70B89DAA2CEA1E4
14A7DF7315AFEEA65A615B54E29D74D1
B853127CCBB31AD2A068A540AA690F3F
C2A6D12B7BE8FA5A1E7748258C36D89A
7932E460846CD1071F3DF108B2BFF3D6
BEB7919CE014791313DB094CBC784E24
587991ABF5A550AAA8A93D70BF27A35C
6016D22EFF3A28DD3B7B4F45C4999D0E
F9A982FE723F04DE4CBADCC3AB9C23F8
3BC2EC4090CAF430A32ED6EAF16BC780
B83BD3C63D35C86E075B62FA14DA8FD1
B3B2429EE534E24CFEA90E444C55E2BC
3728E16FB4EF1798D5B9E65950F33ABF
3F285C1816842929B7D249ED1DC14446
2F2D4218A5072B2DDD1BB60B537C744A
497460B4076FD4F0A26D3408149DF01C
D9B30410CF75F5FD194B00D05CA494D8
1C37B39CE062987C19E87F6C187E9872
63D7D5B0935437BA69E280453EBB2694
DEFF78261AB5081B0F026BE981152D49
7A948AD1D809CA6ADBD97A401DA1B40F
17FFCA44030CB47D3E6B285481476368
591E0AC07FA7842BAC29F5D0A6BD5F42
D6777AD7E11FBCCE8169D93E9765438A
41062F6006DC2632DDBCEF68B8320692
34AA3511CD4E3D8B413168D6682B3564
8D2D6A92B716B7DAE68375391DF3AC65
43A985DF91F0B7E1A18453C5A89D7667
62CFA3167EF50F397EDA6046431D89C9
AB6FF8BA858DD8F003DDAAE712CEA5DD
75641E890A63BAED0641D797D3E6277A
FCE4FE08E0F68F23DEDDD557BAF7414E
8632267D347D27F4BD9927FEF18C74E2
FC1FFA332995F6C914E598587D84599D
D118314FD2D07726D6A3BDF7FEEA4E8F
9050B881D1E29814EC6F71B33872DC47
DA3B925B958EA32BC76D4037156E327A
CED7321310AF0602C559515F30D858F9
5F38846EEAF94CDCB2D1631902AF6A80
8691050CD311FD8CDB986C08DD4038AD
9B14CB4889D72716D9785FC17B2607A9
91E5574410026A8C1AF25CC9F6608C01
322831946FA35BA3400A5CECF30DE53A
278507983B3FEBD400B40D63998B87EB
21F0B276290EF850EFE2063FDE55A575
FB9364EFFC8AAE3B2973A6CF30F5E7AB
7D56A0D64FA7A9FB6EB565661921679D
AAF6E4D32D3604DDC75CFC87D4111885
24B9E04313B83976F5F0CD157A26B1A5
3F1CF1D91632C747E6750CFDA4A67D5B
D4EDDDBD0823909A48E99D15F2780E0D
7F184EE338C5D428036964024D49E3AE
6B4A52E3FD15F9A98B39CE807AECC767
1EA19DB5A87F2CF632DD92C312C6FB95
10579535E78659BA5735D244441ACE44
456D4C239A78FF772BC6FEDE54990401
BF0B021C1101158DBB7435BD39EEF427
26E6ACB107DACC091228957A8876C001
EC645F0C8C3D9C1AF95FB276197367E5
CE35B435B60DC99A62B38A9DF2E408B3
17ADB655D40B7A389526924B1A7FCB52
6D2EF39DE732EAD20FFB48634B7A868E
5197F262199A863A2E68785A9C5A632C
D77079C97AC797C0879225F56A8F2941
F0F3935C4B92108173DA20DEF0CFF2F0
ABC5904984A726CC8ED04941F2EAB30C
606783528A7677936815E8DE3CC5F143
46EBE15D5AF24625A777B99AE9DE5BD3
5C23BF8B6A9C3E20A465869C4EF731BF
908A761FAAFC5AF235AAB92F8D1C5480
7A6B78710E04011121D43BD6300DFFF9
499E42D9B0E07EF4C60A10F2FD4B232A
B8F0CB7C5FC0E7ECEA2250A2D14008DD
793ABDD8FEE9F34B3EF38893D03CDB8E
E1D1256439FAAC49DB2835D47364C114
6FE3DA0CA62140E323D567E86FE3321B
4EF88F08FFF177B3EA81CCD0C14A02B3
BC6ED193962823C3DC079AF56A32380C
C16B8EC4AD29F3D6F8669A912C778409
DC6BA5BF80DDCB3F11C59A02C1A0F84E
FDF8829EF4892E4872D189E0437DDDCB
8C48118704FB2F311FBB270B7FD34D54
C6636F75A4CBB03B4E6D0A10D18A003D
1AB3284921DD5C7D70981BB4A32FA404
01A2895E34F721DFCED00C2DC66B11D1
954A405747ACCAA7E132D50F8D0FA8DE
87D4EE13BE671A5F5C11B2F0F552493C
62897CB4B3B4AA5C30A1FC905B438093
736E434535E6A9DB82C02D5EC348ECC4
D9A67F0BE685F8F74ACC6F50DAFC0116
9778072A61FA736FC0B9F7A70B95A076
84D0A3532DB267B5E2A98861D95562E5
D1D320952F8E149D390B37216E6751B1
639EECC6DDA7EC904AF4CF49AA625BF8
31808CC4221B0A16656B78079E6A2B8C
5BF938DA55CE9EB3CA4946F8E5552968
EAB1B973F5AE01DC5EE5008DE0FFCC4C
4BD89B657D6C22BCCE68F879380B7444
1EF9937418AC65AB7F556FA6DA230FB5
126D50C4184C2A3EF93973960E32F4E6
52B88F44DED6F22DB21307B358AFC358
B56CFD82CB2EC618D2EC2690EA8D15C9
4DF7A9EBA0FFA98EAAFD28FCB817D321
2C0D20754E43D9ACB9BC75AF2BB214D9
0FE1F46EA6DF58E52BB618521BD466F1
8BEA39A9C7120E7CD605EEA6E9685EA4
C1F0655142194833E93D6226FCD02598
4D3324BA481112E5FB5B5FFD8B5F0F6B
FD22157CA9150DA3A9DEDA81F9F195A8
FE1C46C5AEF7CC6D56A2611EEF54475C
B94BA4B1BC2B23E9E27424658D8E74D2
8D3361C8D9473B497FEC94D4FA1A9C00
9525112430ADDD7FA357307A6C799E99
6B578788A457AD1B775B12503A5463C5
D17E3D5EACB19D0EE008379602A65B27
C32E08F31E9C75ACE61F47F7F78AF421
FFE44BCC5018E8AFA7877542C9DB2135
4E2EB480886869F9F7313C9A7A638165
BEFBFF23091D8800DEC399F4DDD260E4
F07AD7B42412111411D681BFC14F6D8D
21D78174A97CA910657771F7E2655DC5
01D758560B2E4B7FFC1C969F4EDB0535
EDCF5E77CF4484059AACE6AEE13AE54D
FD6EBCA51B6BF6DE27EB94447A39BDA9
A2B138272A51821072A7BB81BDF036DD
BFF36C2B1AAF29402BA8B9DA56163E2B
15125419710D7D9F8394A3B3C05B34A5
3BE48E5BFFB050F3CA548A6278E2D475
8094066C69F91328BA986455DA05ABD4
5D3AC7FACB6985D6BA0C0458C76A4C19
4CD1EE5BC4DE438C8BAFC025FE27161B
283100574A33E76F240AD74C7CD11395
5D86670A322CC454695C69E7AC218C87
864E515471386CDF5007FA48B2E607B7
98B9338AED11E37D64A8C059D006BFD9
B7E8BB9B8AEBF27100BC0776C4EF14A0
0C22FBFF808DC99B1A957DBE5A613105
83904EA52FAEE894E0FF619B99A49C21
9EC3E01549E153562BC87CC1D6E18591
600E32198911611EB360F4A4EA753B1A
01B71C3CA8B034AA6F0D94B8F0880D85
FDFD582E24F9E0EB41BC8099B0EBB29F
FC301374B24DFBD4510565D888F6D3DF
0F007B62794CF066F9B2EC4923188A79
CC7DB1EE3D4A0F612F41F88DEB00BD2B
3D131A2E8026936502A738EBAD0150A2
B3F8FDF103F4CE2F203603A9A3742F6F
2890CB18EF8A35B8043AE2A59105E969
1D686D495F8CB208002223341A656249
35BFF5F855ADCC220F7D634D1E868979
DCF54BF6390C3BC3D1F2B2CEC5ABCC7A
3C99AC70E319D867FC0C09E836D4BC19
D8057D1B73DFCC4D67CBB1F26CD7B9CB
B8690D1CFCBE1356235EF3DD0FE1D537
36547C0EFA415B5634A2BDCF2B638E1D
19351505AD18C04744F6EDDC6AE56E27
0921B9C98CAB6561005D28FBE718A012
AD070AF03F8AB8EC4D05A736DD9F1EFF
2C4C1B75BDCF799E9CAF9F2E3ABE0EA9
CF4BBE1BFFF34062C103EBA1AAFF3669
D02BFD5AF2B8B68738DF6C4C777BACBD
5EE36505DE04334F61880C3B7A3A3325
A8293BFB7F445F51A32D241B69151E4F
BBCE62006619017E65CFFBC67FEB76D7
C915C5B52AF8C6027F90A76DCF02B914
A8FA0A04F847497DDF17ADEB62EBBF1C
692B2826C28BC704F99A87AE060158E9
9F8112E78FD357E7FC933E0714CE2DF5
785BA2C3E52BD19549D28AFD1FC2DDCD
F440B003DE428BDD66DDFEA7373A032D
0E1B1B1C6A20A2B5BC5D332FC8F85917
E0D4EC4E5B63EBA44DEE270CF750B8C9
A0C8984EA87A961880816C72EC42E6A1
F567AFF0EC7B91238C1F43D5442434A1
42CC55ECE9F1DFDCBD9314F02BE0BEB9
D5711DB8243A3A1FD4381592C7C883E2
4642B910461DAD1720BB234315CADE2A
9BBC925ADDFE1563CA3013555DB39DA1
EDCC6199472493200A27F65C24467B64
78D78CDD2F2699E8AD4B5E827D237AFF
D7B13733F57FC97109B375A3D956E628
18CE491830322C5AFBD750541A513971
B698427C6EC47D83C0D3771020C0CC45
8698B3A52A6C29552667B1823F7DD85B
991C676CE4082D3283FBE6A3FA0810C4
77E6FC729A83D199BFF64BEB6750822F
17A2C74308B4A771A770AAE37F45FFC9
FCBAC2C6538FE554F6D7844875C136CE
205164AC93847102516F6C0D6EF865BC
25167791D034EBFC2BED1572218B186B
45DBC743F345FB9BEA340F55F5A922CC
F5C86B3991967ACB534B83DD79AA9F04
A1E3E10BCA7863D58A8CA14C112BC2E5
C13117D188B03388F2DDA9123331E793
D466DF8EA083B2F8A615BC024BACA5D9
05F38102782CB6B362C43872086760DD
DC23CF6A3E00C755B62294A323ABA199
DAECCDEBA748E15D681A12C653645E91
3BB36F8AF031D51BB0778064A952A555
81225387E2E4AFBDE9A9AE298283D357
F3AAFE03419A35410CB8659BA9A0B76E
03AC9EA3A77E26EB1A24FF3F30362DD9
CAC936C92D7A0135118CBBCFCC1871A8
792218BFED7894E623D1A5EE2BAE33E7
17E257918AEF6E71D860428E7FE2BC27
174943CA6306DD145D45C31FB8871AE4
760225EE7B15E6D83FFFEE36A5E532F5
CA3A4F852BEFE2AB9ADF0F32C5623186
4D07872DB425534E690DF5DD91742058
AE811707936A878E91DFBAB0E282429A
19E9B6A5FF7D49006326E5146CDC43B9
75AD01DBBDFCAC58096F532929A0E958
53012C53364FFDB41EB93509E1469100
920D24CE1C6D7B57B59950124BCADBAF
E31BF70C903812F553AB192E9F87A88F
9C538C6485DD4B84447A44F655D59D61
36F537BF4657FD4A5DB756A7A470E9FC
C95CE428A673A12730D4AA13CB9DB012
953D157D115671629B6C773BC29C6D1E
595688D9FA09F970840E0C329CE7D8E8
2F377E0BF41DFE4433D6F936C2A8C40B
BAF76AA2A976F9B8970A33CC69CF8AC0
4B4F1268DDAC7F7D2532C06EAB415D53
D4EA593422100E1240D11ED735D84D5D
3835BE13D2C5007E25FC6EEFC2A2A709
B5E773AE9B0C4B01B454CCAC29212CEA
EED3C2A1A21ADB69B0EB6076A5C84A3A
95DBBF6D90A6EC25ED799B05B9D47EF5
D4D90A4EA60B0A10C72164F3D8B2EA87
C6852BAF5A1F47F9C8187438E809DC07
3BFB768E30815401EE7BED7880CE04EE
9F5241BD89B8FACB0CAB2AFFFDE90369
82F41FEC8DC5BD07E91E49F8B34CEB77
FD27370EBB600C55B88E749EFA27BE1E
697AD0F18F41B8E3096DE909FE9B6C3B
FCAAF9173BEF414A6C702C716224CAEC
B21F7DAA5BAE77BA7E2A5C9ED6990A95
0BD6C7B6A127E3D5D34EA373D2C7CA4C
D403F39B274CF0CE6C7242C7398BACC6
4B98658712FD301E04E518C7F67CC8BB
379776645931581D887A7A686D29F8DD
A2FE44397D380DA7407AEDC18680E19C
881439FC34D82787E64925C85F7C097A
D31A74F3BAB35B8C446AFB5E0AB38086
9339DC11087D60F146A49ACFE35B2B15
BF0DEA430CC7C6F1DFBBD72642730EFB
0A2F9B756C9F4989F7D06684A8A19625
490B3E38DDCA99B419B536424E20EEF5
DE1544D36F160AF71109DD9AE814497B
29CBE2A6B51B632CB5AA18D4EB6E7F87
AF1339A8F57FA6D933966D40E5ED6930
79FCBA4260996CA3DA694CEB3AFEECC4
90E2F4A14BEE06AA648B774804243219
D4E28EAE5C81EF4B26DD86512C448F0B
5FBBBBDADCC036857AA952AC90FCA806
2DA7BBAEBCC8D1BB5F9B14EE60C566A4
473B96B4122442333B039F0819776A45
2E11488B499779E9E3D97378F7967A85
9A5E4663D31F870DEE126D61D0027C57
95C2F837C01F290E8AE4C0CC2178EA12
5833BA2CC297A81967548F0DA0EF81BE
F843FBCAD756CB9C17D83AE0C309C007
7162294316B80060BDA29EEE76D95D8C
A4125C7918F10D60053561602B923378
F9EC047A47B3A1B4B283FBCADFF55B83
85F93CDC38CC233750D2ED9BB2260185
7197E1613FE6EEEF6E0AF32E554C6CA1
834A95A8A146CD85E4508D47933C200C
DE72FC65C5B15BE31A973828D92FE2AE
ED72BE46E18A6E564E1AF56FBC782EB3
31076247B6B79C69865D8E4AF4AA2294
C9E8430F719516FAFDA1C51F0EA5781C
B3CE7EAD28A4B603DD5CFEF929D42C45
D5D0F849458DCD6D7F118E2A0C6A97FB
E3436B4FFB23D0F02C8677794A167281
F15FF161AF5DD3F97846B667FF5F5C52
9BB28C854390FFE110CEF3A6D7C8515F
28B094DE5589313C172D8F5274C6D83E
44B30BB59D1645912FC9F6FD33E28EFD
4A0A16395F252B0DE6375DD0E88F8517
525AFF6016D2E13FCCB405B09322B1BF
B577502F67A68895D0E71A8AD80C440B
2F8DE984387CD86FB938532BDAF3C32E
3CE1E45270798DDA278DA843D7863816
4EF5A137AF1647F359150F62C5DC7DDC
EDE42D354056BF7E80094C5FF1D6BDAA
7D8CB5AE3E1947B61E13B62EB5997EF6
92B08AB865B5D0F0B548D742DA1A4B8E
13F4975E9FC694246366649A05297D47
29B2BB17AEBDE814FF659DA794BF91F4
0A97527C39DD30ABDFC6D520F3B47629
1AAED7092CBEB2F06D73AD831FB04E1B
23FEAFA103F3723354A7C244DC7CD93F
60871688A6D57FF80403B96782697315
D347823FCCB189B49819D1C4CAE6B2C0
7051B823935D26881C980B163BF52618
F2DF193243D5DDFC55D60F17581DB484
3733CD81E8658670BA52C16F8F6EDB1F
19B55457E2778B6E8D7FABD500C40162
4073890342FE1F97B8C68B9370A69568
D4B9E39C40BF586B32C2554976EF7B11
36BD7C91E47813F42CC76969FBAAEC64
E986FDB18398EC21ADE46819B913A25E
503E6F1AAF5A9FB62D0B9F081C1D6562
7CC11F22F46ED5E186448562742971BB
4C9239B9708243B43CE282EECFDB7EE7
D696543890C36241EA3ADB6D99877C06
0C400D941132920B0CE360AEDFF055EC
621A0478983FB6764DB2A334B62E83FA
8FE3A1898808F7D1362733A458D6455A
7DE30C8ECD2B219895C01E782845C444
285E4D6879216BD8B166382C48403826
8A0EBE57A8A2D2261FCABFD720117333
69085CA1AC1470E7600044BDA0638B62
35152BB05DE9908F77561126A5359F81
683558305779E38E2E96B769D99E007B
9F8F053ABEFE971939797A0310476B99
37C37FB05668D8EDCF7B4DCC62136579
5B305E69D47B247C39D4F07C5A709BE2
D7847C17B273233EB9829BD22A479244
8259F6BBDD0B108E251D9C0C1E60EEF8
492CEBB3C8C2C1E565969EC2A67CEF2B
E74FB08BB6E5B02DC9D7586B9C85F26A
E4EDA8EF6A99C9A8B4CB52ED4C0CC6B7
E1C7266C3CE8716A2993DB56423BE8D9
0E918A94E9B3069502B4D00DFA5A62DA
783F267FFC8112F7DEAD10C1853245B9
4B1A4BEB8B011A3BB9B13C167577957B
4B699B77F63EDC8DF84B6B0ED820AB9F
4BA2EC69F36A7AD9FEB1AE91E020A006
4D49FB171CF39D6E8B7564035C6F7E3F
5B044CE8F05717B1BD3569F425389511
1F05620365737563D24536F7488856A2
2168C92F4B61EFABCB751C9FC6FA8287
A586547FFBAB60A4AC13566E13A3615B
8E89C9E8F448D6FF75AACBA74BC02117
3B215D0D7AB78EB915F41F67051F8F3D
C0411D62856850B0480EF3236FE59274
344C7243CA5D0C88E30F436FA8883B4A
9356FAC852264A660F33B5DB0D6253B9
58324B9ABEB059DAC271A7402BDD7D39
FADF9E2DB3497B14A36C0678B3A4D70C
D99948E0A1E557A06229B04FA6C469B3
E0347A84655BB56FFA03C3ABC2F700A9
6AEB1BBAA429C80B4107ABED9B287571
DD1065CC81D0B9BDA3557DF157B2A62B
A2807B53CBF245DD45F0B4AB44D408EE
92F487DDF9337570F4F50536C7927972
B78B43AD5D268BDBE0C2D98A1474ABF5
CEDB77207C436EC00905C41570579DA3
9F7C27C4506B6A382A0AA5A3E0400B74
49D692E972CCA2ABEFB9F92AD684178B
BCB5B88A352D98847DD5B9496F7B23BB
54E21F75399F024A0222A806FE61119A
E3509DBC983B0F706B1237E60D48D39C
F9826D6B7ADD24AADEB35B94CF4C94F1
A3DEFEFE303EEC243475AC2FF4AFA693
A258278666D2456B25870BBF15974DC7
FFD03B210885CDE2D080F6765B1A4248
7EB6ACAE0DFADA15E1A51A3B826AF1F7
FFCBD861164F6FF28B50D51819568DD4
808D54BD88E6506EAE78F4CE18088C1F
B0C343B849C7E812542793D3EF12C3FF
C25371C60F493C0AC18296390DFE371E
632E526EE662E42A596B0EFE1522F491
414C9BB216A65B8DDBB87774C9965C9E
44A1E2E5FECDA524DB5C98E298BCE6E5
30C2D3A79303956E22AC322A863C3BF7
57CCAA63622F1234EDEF9F38A053ACF2
7ADCF6B33386F41AE78F6ECBCA86BC77
1DF870B8B64FFC15316450063266A7C6
D1AE5A07CE929CE94D713D102ACB54B5
6E84A813ED0DE4FF678D0C1C563AAC6E
9CF4ED15F34C48F5ED094B7984E5DABE
60953EF33011EADDF506A76D39E5209B
0103EA854E97E00F7DA4443B154D8182
15DCFDC719695186098249EAA92E6091
3733E53099EF77994AB6D09A6F59841A
C329ED5494F885128CDC24203E6A7165
99DDF05343E9AE25CB0F5CD562D5ED1A
724C8A5C7492517F7B0D93235B113ED3
3139E4EF23C3AC46570C2DF2B13214AB
8AF84E0B2EC0CE035F670B17945A4290
E76302221EB303585BF68B65BD65ECDE
0C9299B89170BECD5A670E6217FA0490
9A756CF491F7F41E67E40DC4CF1A4845
0752077053C14A49FE28FDD9D74D761D
899FB4EA8160C36921AB2263421842BB
A65EA89CD0FFD0B7E8D2C32BA14F1AF5
5A0249376D4DCB728F7D8AAF3522FA79
C107D0C90106ADA301288929EFBDB484
09DAC2C8F2E1DAB110EAB1ECAF323450
7FEB73BE9F90D931528C6EEFBA2A9CCD
D52691DF972A646E09A312B2DFCB0E38
C218C735A994E09A077EBCB286C1B8BD
D3ABD0009D17CEAC769464E3F09D63BD
3DA815BA58B8E0FAE5B8F4E902D18718
5A39EB79A939B5529F0C40815093A8D7
E075B18A7B6C3AB4A203665E8E06978F
61252435DC0E919600248D4003A7CC0E
1955365411687A35B104088F4DAD273A
49D95EF7ECF26DB5DBCA4513D3C59A70
95EB3F5F21D8EB814BE1DEAF77AB3976
05C52DD87E5C1390D85BF29D3BE4CFB0
F7C131FFCCA37C63E97C357AD27F9478
0EE91AE9487E6873E1E6CE17B97D6DF3
FBD3406D14D3D1949CB02FF6FF77801B
F99241C6BDBF502A6C16DE2538AFF53B
15AAAECB2EA4327088A7A25937B1B5D4
9BB6B7FA05847BC40F0752FB7877D31B
611D7283CA07369F4D4D87AD56BACFEA
8C613636A64A45591E4551EB6357F473
70F4FC3571F3D04AC93CD2C606350018
665140DD7B00DDC73D5E3BBA8D659365
7608FC6378DA1C5CC51A11B55A372661
F8967ACAE44DF7EC8918014190DFAA1B
78CB7C91E39280BEFB2606FCDA1B6BB8
5AA7E560BC265EF704D1F1783FFBA239
466C906EC5E83BA9C254E4EC30EF3F61
A353B70AABD0D7CBFFB815233623C74D
9B2D55DD5828BF516934E9B925331C20
69C9E1B9383777B0C407BB3109D12FC7
8A42F0FB39A3EF425837A86B243E15C3
253AE0040A77222419EB9B077D00DF9C
A1D1304D636DFEF0833FF0AFCED3427A
002CEC82EC0657D5C2771C384F7ADCA9
E59CB7EB401B9BC825D38D2405AED4ED
19B2923A9909147EE77DBD9F98DBBA92
E018069FB803A98AED3517DC2C03FD52
7C7FD59ADEDC5A92202FED799BC35731
03640BF0E63FCAE1ACF4714E104B8B4C
1D076DCFBAC5A37C68C4097FDDCAE4E5
33AC45764E68942B9674C0F570C9ACA3
A211D70ADED2BCFD32E0DCCB298D55AC
58152F297B5BAA6F2A5E8A564FA69BD0
FF2E285631C8DF716D59141857D540C5
2B071BD2B9A8257C6FCF02E0F1704C44
608FBE8D4A21667EEDEC629E1F90119D
7DE9F68EC909C7590C5E05D03C9B70E5
0AF9EFACF2F2FD3CFEED43EA4F2E629C
FB43FFD80A41C0AFAF78C1F897275D02
4965715BDEF6624E3C3E6FA20E64980C
F845D612892FF94DA37285EEEBA24BC9
5887DB5A3BB28F0B3C9B2558EBBA81B5
FDD4C37E9FBA653BD5910FB6284DFBB2
04DBE265AFE45BC661F551E83D9AEF8F
33852FF817FDE664CC0B9C044D950A74
493E72C3110F31D39E0956060CC391B5
34F882379257374DDA7EAD78388FFC4A
A2046D37E2950EBC02F3640F117E9BE0
D9182279FC547974A96C92B31F78492C
87DBAFEDE24530F9FC67410934AB6F16
6B7A05597FFAFDDF6740A3B4C4B55DDA
6BA5D27301071EBE032FC5224847F4AB
5EE7975704BF59450159CF3AA4F67FF3
A4387E3C4A24E718EF91501FD5B041E3
4F2EBA1431AA22861855C0EB67F3E409
733DA58A7E56DA8B9DB1A1BFDB6C6270
56336C2BEC01B520D8FAC25D18B7D935
7059B20EC77B73311E4A731C548403D3
AE8B9CC4937E59B6693A8BFD60A24753
AD75FC0275B0D424514D11D2A24DC194
E40466868B174E180C9BE632F023E257
A10EB82B02578D07682C6101A424F598
3313E48B90606845878B7F928F6BAAD6
98E5EC1C0EEF556284FC26CF9A2710AF
ABDDE8288BB24780477203D97FED1345
CC100FF9DFFF0344E02C3794CA6B911E
59774FBCD3F15AB81677C198308CFA42
377982CDC800E9B90F939AA3059417BB
F87D10FD29F6DD0EC566B9ADCE1B1DD2
5FC19B512880B2D6EBC502FA85C26EE5
333A6707E7FDF83CCB7E5CBA96A989C3
AAAC9C539B2D3801D956403D5745966D
E943D020CA93393692445017298E7022
DA21D0FD45C1C9FE81BC10A45EDE20DE
A5007276655E44DF887BE88EFBD17B15
476C73449EBD5445B2437C28A836D3EA
DDA2F93767C0729739CD094DAB331073
CFF23ACB13216B493D9E464AF0AD6862
FF6571317ED189F9D71D3E56BBD61791
8D56C318B9206BA0FF8D8EBDBDFA6A07
69F602684222A9701FBE7D598D61C4C8
3F134D223692C6FE696AC460764F0C7E
24EF67A75C0D0EC399EE2446C65A8F11
996FAA08B4CCB9E3477E95944FC74FF7
4CA8E79B2767D3774943A6DCBFF05C61
853925D0FFEC31864A30C879765AE8F9
6A009FCD8D7A5EF8BA24EDD2E03066B8
C8A893FC8D3D7728F221EC09A78C4B2A
B4B0306FF79A6C2E014BE0F5EEA4D8A6
A02373CC33BC052FF16CA454DD12CDA3
A389DD7CCC87DC1EC93E2C4676E51B7A
20DC4EFAFE69E4B0C87C797CB6700C1F
1C059DBBDCBFFA294AC709C177C890C1
EEA18098CB72442F537E023AB9A5032C
54799C2EC30F969A7FFFF8C436C0CF0F
22C166EDCEF00679AB8432BDB6ACD81C
A9CB131028CAF7F33F3AB191E4BE49E9
4752CF928C67EA1E5BABE2F9669122C3
B15DD5D5E1E5E0CBE911FE2A218396C8
729EA4632AE32ABEB5507325DFBD3BE6
EDBB23B4BBEFB89126952A4A9FD7BC02
7B7C36677340E330A164F61553BCD265
6179476C0030E6672F4A548B57AC7832
6FC811B64370181E5CDAC806C1C15DBD
BA7279FB79E67F028172A1D4FE4464F2
6E120983BF665EA89E1C3AEA2E2EB648
A6C7D2C7A8C8263A849AB26960376D4A
93AA9BB7A307D669A6A664DEBA82E103
44A789BF93B2338B954227D967FB574F
1A71D3CF6B79063CDC59027B4C09B33B
AFD25AD0717F00297044641C72583E3D
0D9F89426F04F1965E3C02CCEEF49CE5
F623F3663C6F743D28D9AD406F84E999
FCA52C5BBC07BAAEBA8961BEEF6C4A11
A899151309F7CE2572490644ECE34550
CB2A8B101E3FFA6F96C054325530BF57
E144C47E3329D9182F26D2399F1D00E2
4B21E2F5116E7ABC1412577CD171636D
50C963CAEABD539C7837448FFDBD347E
66A6AA237BBFEB10753FA249F5A4F21D
4B6ADA115DA475EA73CE82A18DF28B9F
509B4C51426BF84EC17D312D3491D768
0F18874C337FDEA3C798588B8523CC36
11CFE78B6A2A36697773C66CD728125B
20227DD60DE4C60922E65A43A4F97EDF
D9455D34BFAEFA762E04FA14B3D52227
2A881AC8694876E33B0134E86466F62D
7752E4D07E7A1943EF951CFC5A29397B
50B36D0C3304C99B0431F8EA58E1F10F
87A7076D16CEDEA87B8F516D6A57C273
9EF109F2365E6EF376581BF621977DEB
A7F4F2A57A168CCDD241B969C25A6394
98977AC484BFC8FFB377D368C57807AD
D67AD01C6CE2E23C847B80D6BA024E7C
4833FB92C40AB7DB37A670853802F9DD
0D3E1475547472AC67E5706F748D26EA
981DB4DD1715DE926483A798655AC2A6
7EE4822A822E0CAAEB51E91F294C8F60
72B20A6369CD30DB3B248C9B4FB75D6A
5E009BE11C4821B39916EF743C092A61
756EBFD1D87F901ECF1204085A91124F
29044FFDDCEE098C0FF3C48A930C250B
3E929381E0EE1CE0CD1BEF7FAC293DF9
B928F3F69A691485B8F493CB0BB4490E
CD82BAA1DE349356FF6C45CDDBCFDA03
FA6179D5E798697A83CAA27EEFEBF436
C76D0E34DC4DCBF543FCA65C37A66C89
3DBC5663EC506C08D92C45EFEE844C0C
A8E86C442D8C7AB7DD6B418642EFA967
5BD491660E8F86A58F319737FD419C4A
B7D0F8BBEB43B8885FBCFA3FFC66DBB6
BF4E81E326A5F6EB0B23FB56472995D0
11215E74F4B4D27B231716F7B062A6AB
39C44E3724C966279F408C1B961AAD3D
406B59B254E8733C3C0F15BAA9CF28CE
43427EDE028B5F203EB329530CDB73A1
2E0D80909567EC8632C5D5C5A1587085
41DDCA07647B9FD0A8054EE1E7FF2DDC
BB3B8BC16E5841A02DD323F15F5E7200
263E1F6823CC7AE16394DAB825D7E1D2
A63A1E2C8E9792ED5991DCF64CFCFCE2
054FB9C5AB512AE2D3BA9B77C0C99B2A
FCFFED7B23D2D22AA385C47553E3D5AD
F2F35A74B0762F6998A6CB7AB5CD5A21
F60C79A8610F237C80C959158C55999D
783E7BBCCD49BD9A126D35592AA36AD5
545037E8D4A445379677D2E4F2DF79DE
A9C1F917C86F4A92C209F9FE12DDAAC5
B64011FE9283863574363BA6AA5D336D
0C2944964091E57D511E95DE3C930D58
D4DDCC7CA2AF570177BF15A409857C27
011CB238A752BF45CB966E8B4D8F35DA
F7003B8E798E6F4A75ADF122F9CE198D
2E698F1D22A59BA072310F48FC46378E
5033C50439E2024E590C48C97D1A9C8D
3A00FE925477CFC06386550560055ED2
82E8087E2E67E9E69C9E6ACD6358B42A
E0112B2F159A3CC1EAA4117F7D1BE7A3
37E62FB5A8F2075E3BBD3DEE9F52D696
8EA1DA333E8B286583DBF1E0A808DC7D
9190419E301289BA74FC85BB81A9F8BB
B528CC31E41E13728C6D7275B0E779AA
E5A8EBB78DF0865C68E0B9A97C27A9DD
AAEB97644624E5E114BAE3045CEA832B
BE4E31E67B6D5F42BF94890F093EE1E6
A6A8F80D57DBF811C36D6227308D78AB
A2B5764D05D99335A9692B90E81A8A75
E03F035121BAB867DB1AB50FE14C6ACA
771118E6DC6AEC9D34A09C353671050C
313985F791AD3604BC3BCF9FFF981674
8241357858B2CAAE6BEE76BD3BD5923D
F1A53DC85A3AD08E9DE8F311BB6B2604
4F9750377A52551D350B21F754BCBB53
DBBACA31F0171CD61EECDC2CA364C940
68825C2D986ACE44C663D166F196933D
8BC7820BC5C703F607D5882D2982B124
4DB23EEAD4DFB8DED2B36B477541CE78
02AD64BA60C320C77F6FA0E96907707B
377C7318261BC7B65F8E1D7E304D628C
0960A1739C133E48B9511F500BDE3F44
25B0F8D7F461C021D75C678C8F85DD5D
9B93FD155D235A8613988BBC62DE6E2A
DED654CAA8B09FEC86078CF1443E87B0
00C9B92FC99597985F84810260EEC548
432F1509EEFA90245D7A5B323417CF9C
25F3D494816C50A1C3ACDD0BABC6E725
80811B520B82CB707DDAC320E9BACAA7
CFB3AD11054C14D18AB0E702F2BB6BCA
D1C385445AE4417E05BF9FD167BC5EC7
D27C1F9EB76910FFF8BAEFF04A3E30C9
2896FF4455038160ECAF7A48CB2747FD
CFA13DBA1DC6E33BB7A1B9A8E893F734
AAF990DD3B37409909364796502E7005
E9687D04CE0F6B9C95BC814E6001DAB3
9A84037C7071445F30D11947285C6AEE
8521130085E41A19962D9E505CCA287E
606F488788D88F9BDB6F32AEDD64428E
75DF33E93C156893D7F5F3B5EA4A584C
1731560ACC2D4E7A13F9C2EFB37EE537
B7D324308C31E853048EB1984AC781DD
03F90AB445D7565B8236484F6D86DE70
5F52E19038BC9C73388376CB3F2FE1AA
56F7BB72E837AB0E65AA318018F7F4BD
CAC8CBA3C40565FD28258EC23E45458B
5B0B6DB2EF12921BF778522E56B270E3
73FDF0F79AAAD4D4519CD70924194621
023AD2168999D51736A89D9B8AB5780F
CDCA18AB2B0041BEF64BFDDDA11BD670
24314D06F40B6645F1ED4BA31DD540D8
45013626B4A2305573B2754B651BFDAA
B7455E6075292C9FDF3F3F4B1D150080
11EC077ED56F05956E43039A5789CF34
3991EDB5CE369170BA436D77F7B26B5E
D47B8849AA59BE40F05AFCA0B3DA2CCA
AA2385363A1E5791F5CBFEB3CF9B0CF1
54B4749A31E46F53E5D59BAA221EB6A9
EAB8E680145A008E2D0C0C7800EBC1F7
DE093C92BA6706D9AB324B1604BFFA36
19171F12C46F9767F22AEA1F920759B1
84B81CF80B76F7A0188ADD6AD1AFE51F
15FAE5A044ABDAEC7ACBFB44FB82238C
03BA763C1330683F251BA7E86B0C195A
39E49F2EC0060709101A6BFBDE84A579
14E892ADC82B9CC8A291FC5D1661EC52
A3B4918711354172C9480FF63DF9A06D
371562BF4CA3CAE83F86A08623F2216F
721A0506712FDFF44E099BB29936E998
4D66E4973281FE2785FC58E8D90DD23D
28754383A8F1CA403C09BB48860D2450
17CE5DBC6D761C5E3780B499ED82D0AE
039598A6C6A045EFEBB3281ACFFF7735
A4A34EC641720176A7A45F5C20392497
275A3E8D2CE06FF3E430252B5EBFF498
2D54863B65E84A5F0890DFC79B1D72AC
1C81CFFBDCDE1A2EFCE8125D149641A0
EAF29734DAA0250D55349FB774B7D181
5A8C7E93A1433396E19327D4D87ACF2D
D6A1F4D06DAF07C5065C2E17CCDD1F4A
50ED65220E793B7674C4CE43102C05F4
49114F0FB2315BD1FAE56AD18DDCAD9F
695503A43131E72215A2ECE8FAA5888E
D683E65E4860EA50D2CDDBD1B96F15C1
EDBE31FE906F59C80302763E528F146D
52F8E8C2EBEB2B66978B3B26124E83BE
B0134239FD37487BDADB840EFF262E2A
40EDFEA1B09703789AB512D21C8A7A6A
30E6ABE8979BAA3C1719AB58F5042490
0D65AB752AEA138974E6C9F21476EB56
93F80895BE7BFF3B29221A112F3FC4FD
56E2703FFFE750A3D1F5F93E1AF274A0
08BA131AD4338088C1429A631D70CEDF
00CA10E589C72FC1DDECE9C885D16C46
57D0A7FB4277A04B08A37268EB3091EF
F08ABF34E04D689816948EBB4EF222F5
4B0C34D8A897C347B30D930C2D0440C8
CFFCEC22E02D87C1D127EE073B12839F
5762F9A688B45F4CEF93C13AE78FD2F1
77D68DE23673962D0BFA51F3635B7964
4B4FB7DBF5197C8E5321A7E36F442ECC
289666C6EC941816B257666E930A58B9
FBB93D01C1AB535D955C9A5A63BA89D8
FA954B186B3D78049658A3C7CD6F6121
2E184FD5ADF1D7C17130D42A3E818C93
A106482CD228DB90459E257195E997CE
0EA244BFA29622A50CFE7E6C55105078
61AEF28980CC033266159EC6EFC98A6D
E6778210DE3A964FB4838DA6AE018C5E
4FCE1BD50981487D42827851DE11A5BC
D189BAE7EF825B9C33B6BCCB4D6FB9CB
0A4E2C01A864DB8997F4BA821BE6E5FA
3E682860DAAD1AB3D1D8F78C60856A68
13A27E77C878DABD138FF72446C9D671
E339D75AF871770F0601FAC1C90A63C1
9908AE91F58CEB4499D71DBD596B7D0D
D6CC77BBBCB13E9B39244E1479CC2A00
A78F62227D2D786CF8F456180A07DCCC
F2AB846B30DF402438F90803B22D486C
A574BD7DDBCA4CBBA23BF1D3EB58B452
8BBB184E194017D0DD3C88581338683C
5797E31E057F93D6966FAE5CD4A8ACE5
CA10DE38353C5B31F175D4329778C9AC
0FB942CD338D676F9F4BBAEA4F344E2F
424DADD0B3C885BFCE51F8EEEFA71256
E17AA0876748B89D9C8D5F5B77291061
795E5BC0ACD8370E79FD745B3CECF8C2
B7F768ED9C44BCCF8C57406A68D568C2
E907B806E7477AF9BDE4281F7850A585
B9C64B71829CE3FC591F186806ED8A02
BDE3519BC0BB2297B3C8CABACA7612F8
37C800CE0876D1ACE91C590F4FD20AF6
B29900E107549526FF5A8B3939AE87DD
7F6DEBDE71F3E2203871EC44F2549F4D
3C5554F7598A1AA3AFCC8979226133D8
6C188519325C959F58AFFF0ACC2E7382
1814FA695A5AB1E05FD42BC01D16BDC7
DEB59BEB581B75AC2E5CDBBFA5B47B38
E2EF1F105A63EDCB97D2DA0D9163B1F9
7A3BB0FEDFBA029D8E4B902E3E6E20DE
11AA3EC45BD2E8613FD97A1809003E68
A5E18658056F88AE4B46E6F13DBF7BF8
816D698FC329132AF6B3DC6FC6332F52
896585E5A7F839DAAB1E7FDC7295467C
AA04F8E9EFF8F91A02981274332ABF49
56B1DED3886715BB2A16395BB2B5EEC4
7CF34C30C6069E1AFD2EF2725015DB5B
F6F4344B4A5E2D7B9580AE60B129389F
651B4FD9E37104774552A95BA5F050DA
5FCB34BF76D6BD37B98901A707CD493E
D2FC9E13B20B2EF2F51FB56A701804D1
CFB713817C32BBC90B8ACEB9F51D60AC
D672C9BC6F2B30586D73404CFF78BB05
72362FE1CE70690E9F333680A865CA24
600EC36A3324233F33F37FC9F28AB899
F09DA0FDBCADF7490305FDFAECB6A198
94B28387023B45F651C8C1F241AB6FEE
2257598F5AD6DEF9DCBDB4C40EAEC8C2
F0A2965E7BA5E93EFBD7E7D0B6ADDF5B
DC765E4428D6D0EEB1336701C3ACAB98
0648ECE9435419466972B74E72BB5A3E
39E68559A72513BC9ADBB83F229DBB54
7FE115C95C219056A535F792F29BB60C
A1AF28443BA768EDB8A88B19316DE576
3204531A7CD662A79A50FC741DD97050
B888C91B4F38B525B9C822BEE6868883
CBDDE82E1206C6B6526F7285477081AA
B389E4CC058CD23397922026E13F7C61
4F5805392256D4F3C7FF8EAEA4D091E8
D1276CFD7592F20E650056581444941E
9C33974AA11A52F9C5E3BC5F2832B798
BC99929476A44CDB179EC85D3B20DD82
F439D096825F7F4BFD4E88DB6F2BEDFD
AF08815297F38B092B2C56B62F4F2E2B
E1EF304878AD22A93EC8F62187C06BA9
EA01068B1466FED94359DD7EFBA0ABCC
FE3101676EB1A12FE5EE7D63A6C425AB
186D4D8AB0732FE9835D39B8C50A829E
023D07BA6E1BD9606BFECFE377858BCB
B9EE350652D09CF9F34EBDCA6A40349B
09A9ECE5C0173D592B5A9EF3C671F355
ABBEC2484681C064E30F1E30B8DBB6FD
A9171B1F858A9E93C67C74D47EA358E6
9D903DB7EDBA3D44B80236C57C217BDC
7F9C56C42A665BF9FE0BA494794D0687
0123E0652AC68F814099394FA562F020
2CA02BEE15152096AE0047B18A1FCE77
11D4EAEDD050EA7E9E8B17801AC728DF
C0C6CE46A8BCF0AA265718349C1C4977
409A807920986281B3D00FEBEEAA5565
123DD25603FCC442CC60AA27161E91F2
30ABB5D6DF23CF4CAD4AAE5CD6BD383C
87F0D5D8977FFC6EFFB1EF4CBA9B31FE
40E4F80E1D8472292CA2E9EE191B6617
71A38D26B82F0F03347471211C7E684D
A4C4CFC9AF686BF7D59BCD370A8FDB37
2E557242E5559A0F49AAE5E187935510
82478787196F1C5EE3A55613A55A0825
4906C3EF3E5F35123BCAB8594AB7E26C
A16EABC252EAE20555526A9AD09FA418
EF5E29D9A7DD48EC8A8C4F8F49396BA0
12BA50E99AD9395F3D488F81CAC2F2C7
33520DD9F03DC381B7BECE2BDC1B9A69
74198C020E37A6851AA6CD8D2991FF6A
96157BF10AFA934D44297C57B07F160E
81815772A7583EE530399DD3B596448D
3D830988DC83B6E8311870A77353FCFD
82B6AFE4D23D541046CD603D99A2061F
9FFB7BCE91B624D0F48B544DF2AE55B2
AFC7195C2D959787016D822E0890D5B1
C67D6DF308EA94FE39EE18D7867C1DA9
A0A448D70353A59FAC5DFB0A191338AA
E1D8C42C9D5B01D3A9EA4E5A39EF97A9
CBDD9D71179DDE578E0ECAA71FF8C398
4B5479E93BE7ED3D7547B3D1D6F00C43
8AA69E0B80379EBA761C6E70733554CC
23D1FBDEFC22AF3A26D3C818CEBB16E9
CD48025E73639AC8644A177F671A5C39
3331C3EA26DEC778AABB84B8D57B24AC
3CA44E214247C000EE50433A6F6B3BD2
1C3C210540202D4C712C21CBEC8521E5
FB9BE9C4E4A2BDF10B1998B580040CDD
7D67DF26B6A71BEC8D709FA10CC0AD67
F9A49DA45F96F348DFD569226B5752B8
9A2371EBFB369A231BCE79BCC9272ADA
6E265CAF9F2A3B42314F28B67B76D887
3A30B77F8CE56F8B1A40D18DBE64AA24
82376122A08050C8E6712062381DA3DC
5D86A61377215C9B392A81920225AC81
45627DB2FB1ECC61E9B1F0EC25A988F8
6A9917430B71C721EE6C62821C677CB7
705AAA308C2E340FE85046442D4D11B8
1B1CC58B54880CCDFD006305B6E15A2A
BA4E585FD94DEB3573C8E6E3962A186F
FC6BD70755A2B3A871BE36B0C02ACABD
D83B453AD4598E9FCB3757FCFC7D488A
F31A5432BB94E9542D41F22058CF775A
B66792C8D7630532D695235EE0A7CB71
73757797F132045356F5BD0740542226
31000C3A970C55AFE788EA37CB60D8A2
40D322368176EECF937BC8DD04F1CA4F
E711B08D92DF0EAAF82E82A5E8751F69
0A575588C1AD4A18EB8049CB6460C52D
E6F49A326F073D83AEC1EC8DDB902863
695AE68A90B41854274364D74D58D1BB
B55C3DC8595F353636886237FC6B8157
6865672BA3AB430917A35B14D042FE2A
ED5F12C5BB2A5E599FD10064B26FF68C
592DE30A1073F87AF134AA42AA8A033C
87F17CFC73E7203F4DB5F54D0511B27D
489F159130759CEDF96AA6F9BE63657E
C3A859B369038F0526EE557FA6C680CB
30EC4AA23381089CF34E0586C7C992CD
14FC400CF6B47ED42011043BC45DEF72
45F63DE5ED09F7EBAD3777B850ABB23F
1B28E93BA31894A346E8AAA7DBBEC882
94725E0FC0F6F469BDD1DC666B25011B
1FFAC2920770E82A425CD99C8A59F607
88EFEFA0560F99F33A56186EB442464C
683A9710A025DE9A03D35EDFE0AEAC87
729ED2EC85C673D546D047A243DA7328
AA0B2CF46E8899E9A10F5FF4AD2B599C
95658D360A82E6B00806C57BEE173578
C76062898D96687CE7FDC9F795F53FB4
5A82BAA55E0E044CCFA853D5FAC26BB4
5C26E49D28D75B960379802D6EE38FA6
E26715EE2E9F2A41CBC1832C9157F7B3
85CE43B0F13B86A221DC827B37FCFC65
DA44C92B9CE428BADD94D56BBFFDE29F
9F858B86DA692706E43D631B45FCDD7C
251D259A1746389DB674E32D3A2C6A4F
DE875959A001C6DCACDF5F6924819F0D
901BDF27994F6EBC6C0260AC4A14A155
FB75D091A03BFBCD416A8F726A35133A
D95B94AF5F083FA79155F5C56F23BBFB
659133954A3C4AF0F5262BAB410127B8
C40DE3A926C3FDE868DFA266AEB9694B
8CC66554F12BFDFD38802F2994D08C97
0330F8EA169489D9E6618BFE0A5F805A
5BF452C6706CC17CC44AD391327B32FF
3C4E0CDC166FDD7ECADE26B5548BF2C8
6F8B2F4D2410064BFBEBBB73BE0125BA
E3E4CCB65DEBE21E194818C685A2B99F
2933BE1F78C09402950784D538A6154B
E6551C0145DA75730F2C47FE7D5D89D3
D70B9D229262322374949C52D47E1410
4C4424BE0A61C9C34AEF65014DFA6F93
03453361C77A77A5024135BCECF20381
69DF4809EA4D2B567A5F8A636AABF004
3018FC43AD83336EA8C6D9F05C937B04
648DC39026917F5054B50B22EA7EB14B
6C24115DC810B0D6FDAE952FA1439E5F
698FB2297F9DDEAC35066DBAC05DB335
3609A903A2BC52B180EEEB9642C85C9F
9767A441D1678554612374826BE22FBF
FD7D1678375178EFC4A4BA06FC4D2377
D1D3408C272E3D66E77233BA4F0D0361
9793BA7FAD0986D0ED466C79C5F77A27
6A8BAAF2E117B5AFFDEC29DFE3AF2464
BACD293522F8E17D7AC7B099B654C5BA
70BDD2FF6FC6C94A00F27E0C8B6E0D46
1181DD4B3A6D6A38BD77E0753C22DB29
92F371AC522B39DA7F05FAE47FB97AA7
E76363D5C5F7E07D1FA8DFB6C6DEBF82
B25FB02F5C27901486F8C7B81914895B
18ED79E0C55124F362C09417204C8DF7
D5085CD8590BE25D606EB9E5728917D4
2AA12036ADC5A5F19EE5F46B2041C25E
1BDE7896652B060327686DD6F1C1893C
C07355EDA9762C723F40D72C5756F526
8EE010FEDF5167131B592FD4D36DEC3E
16C8251DA6EEFFCE53BAF9BFD3DBFA5E
15D803500AB1B6C8199944BF9E0C965E
AE9CEF071B1A44912026B97BEBC750D6
3DEA555FDCD36FAA9FF76020258390F0
E3C8FE5FFBCD66CDDBB2C3311E44C58C
A7D8CF11F7EF6FD127E1BF62488C5E01
84BCBE2C98CFE5E8D443C7CE8B3FBBDD
A51D6F25FE7A45F96BFD0E9B005D5846
4FDF2E647FF4CB0C0EC855A004B92D44
A0616D0D4183FD75718CD87A89405261
ADA93F86077D674F28D2524E23E08AE8
71116435E6D6330D4EAEDB9A9C04C434
5B1C5B7A514701F853650897C66F276F
47AEF5CCD79C90DAA8EBE7650A02F62D
AC72DCD5F47043FC6A48EF6DE79D6D2C
9CCC7AD2977D401B788CEA69CBA012E6
B566B8E6C60FAF0793406DA51A7DC272
BF0772ED489DEE132016E97EFEE87020
5D44DAC31A898CCBD739B71BA09B40F4
F2DA9F17A7CBBA2E401F7D05A1588F77
452D243EA60135BC1926F6857E649594
0136BB0FF47C45121CB1579B79D2FBD3
EF7A51E8FC050C23A8C0D79BACBDB340
99B2462D905259E2B078E013915DFF99
76C407BD9CC77AA099580A05AF72BD76
842C1A44EBEC5D0E017FDBDF8756A004
F881C63D5BDDBDE2E5B1AD226CB58096
0708CB169BCCDE71A9C4F3CFF69DEA4B
70A06B690ED53B1A2AFEF44EE475EFE2
815A866EE2BFC0ADFEF41076F772C10A
13F7EF8A03F229775B8AA9360B7AAA1F
535AE68CABBD76A52F8CDB713E9A9489
8A75E4512137B9E7EA3386620F6AE4F1
A19231241F56A3D7A9A8D55A8A5D0262
A4BEE73CBCF0D5E489EDDA6458EAF681
4FD18F60731213ADC4FF9366C6163652
EC1783EF4847695CC6839A160F66CB98
A2CBFAB1197AAA51F3311E86FCE98067
2821250C7B053A1983478B3E9D09D213
882A9E87213135EA1423AF9291C3DCC3
43B65EBA5501DBA4C7DA89ADDC4893B0
EF7447069A28E686CD08161D89A99240
E73C9AB5158A32D881956DC3D7C6B46A
358A217B6D4E50D63E853E3185F4F089
70AB31726027789C2F2025F49B39AB44
62EA6ADCA334F285DD520ADA78051AF6
F6D446E3DBBE36954C88162DA885D5F1
5008CA4CBDB197812F30F128FFBE256C
FAE8DC8E48DECEA5F99081B07A720262
A07DEBF588E11F4616D115C44DB308DE
524549210ECB60037FD7FFB121E973D2
8412D2C0E3032926AC175B0F43E16F26
649083A63DE151063C604E883B617661
D59CAEA1E0CAB0B4B1BBAFF0D06B2ABF
C827C1613E0334BEAFB3C254F8EBA64C
4B1F6CD56C5EC9D0219A742BA506D3EB
DF659451A040C3E06F00E9628F52C798
E31627E2A45A6314D875A723F5403F58
A2D803AE64FA7C12A5791CE258BABC2C
88133FD4E62985B4F368FE6FAC88B859
A557DD62E06B14EEF898616A81840387
14F43620E5C79B8007301D6B3B5272DF
097E6F34C2EA5A92A66569F237C05055
96FF38A3D0C8D06BD0738160726EE987
E8C8AA3A8B5F0431705A5F30FA21EA72
DE7564C28B890CF4C2787E848A6C0A49
8C6016AA6F54FDD12C5EB02EBD7E1ABF
98BB8D249BF7EFEEE12021F32C6D105F
CC8D7817B9C256A78784504FBD3B5DD4
47D247BD545A5E9384928A3381DEA717
E635B791076C8FEF4CB39855CF7AA0FA
DC7F4075F8B31C95D8F3174CC64DCAA2
A8DAED963F2EBB3DC31751759B54F6A9
62FF26253C499E94BD44B0F5F7434749
2DD462B931C38AE0004479BF55CC3148
FC940DB12FB4CC845CB3F7B2B9963135
5D78421AAE810FDB4455C84BB5296A60
FBFB49A2329209778CB1BF6E7CA5F087
7FE022450CB8B20AB6A9E29414E4D98F
2AC9FABF237F66EE3CD38A3F7F673794
239556BB8932B697D67CD5ED96F8E222
47B93D938CEE304DA0115A0DE8C6B6DA
57CBBB90913661A3C1ADF76B7059502B
1753BB85246914222F93993EBD02969A
31F496B252CCC2DA825BF922F41DD813
08D2E411709E27AEE23F96A0163EF8F6
80FA1EEC1AE014648CD8BE331D385F52
7EA65F4C7659382F3362A4AA6D9520AD
0A4048C4B2F61BA95DF6C896DDC9693E
DA442D4B92C07C5BAA7BB9482AC6B455
B43DA429C3C6F177C6617C6AA14C70A0
A35132813ED233BE7648DF328C9B4947
A6D490BB2B1FB35360732BFCE5236CD9
6BC2C5388B36C58E818DBC9D46F70585
E34C8438C6290D09D8EDE09E4AD3CBEE
B74EDD5D410404576C2BCBAA7830F172
84D939CB19F0FA1D01965368E16058E9
5F3BA4DF7563A14A85CC70A9F67D3967
C9B990F6424E2211E3E170419957A8D5
BB88B96074E65946598B1A85A326031C
52D56056A59FFB8FFFF1130B9D51FB43
95A21ADE6DCBBA2A3176CEABE32B7EB6
D433AA72BA39B2176B541CAFA189C4E0
E7EF9567877DF884C0883F2921D0CF8F
EA72620D7E6D179360F75F595084BC59
E75C7BC71C4DB2C25B94CA25A43A6D18
F5D209ABBBBD73BECE4AAA40EBABDC81
0239E2743513684A953E30F60328DFB3
9A06E0F30BAEACC7124654BBAD4E7614
4C60177B0462ECD8EA073CD8BA6EA79D
C9893A67289D5862FFC6822FC4DCBB59
00BCE6C83754C08F262A0E8EEB4E7E85
F89664D9249783DF46502725E25700DE
AF43BA50339E697B0E50AF659DBBA54B
3C1A732F6EA7EB7DEE539C5882E3CCC5
456EB53F5FEE6A8458DA3CBC10DAAF9B
EF0DE08462FE8E13B42653599D459F02
84B8417716F86459F13FAD0CA2322316
F23A48BBEC7DEE2459020D90152F1E78
1B45C17818C0732EAC7D6C459FCBEB51
E54455994F8E528EEC99CE804D8F40A7
EF4E0F1076119910A7153446681C6400
8C47139E139F4DCAD1C1B77D4DBFF8F8
18556F682A1C9FEF13A66C9AB59083A7
4C213FAEF1059996333507E4E74A84A1
E40FE2B746DCDFED686E97FE89B48C0B
2CFB1CE82FFECE216E012662E078C4C4
CC43485951A6D19275BFE5A0B9BF5A15
A0E31206368D416991B54F4D5372552F
A7A5223730CD3C5993428364AD1390E7
E1823B6D58E8C4D00C0B405094EC52AD
85482F1CD908D8D0640ADBB699DF8884
08BF99D21602C2CC83CDF8671A05E0C0
B7E9A90D9BD512474C113B9430E7221D
33D335E1CD49D825D8076B1CD1D554DE
B43FFF85B36F25B6674AFBC5DBA85713
3929958E684B2F7CA7BCE77EFA302AEC
F3366A392E27443BB20BFD750C0BCFCD
37712A8246B5EFD07C70E1ACD1FD6AE0
D92F18A37AE41417833CDCE7F1D67D90
FA7CAE132B219C831485CE44EAB28421
DB1B3A920AB91E1D1FF2C2832A29CF8D
C39B32344D4AAB339B4CAF134A930A56
87439286F713CF3E55B9B9C7F1178312
F5D931B480B1828A90772585D5A3420E
DAE81F47BE10B6B8695E9D971619E975
130F4B9DE2EEA7346C192C359372189E
03DCD585A74F9B34B1C2FA17FC553C7C
30518EC3ACF46867010E41809D3C4988
3BC0213A80F2AE275D26DD5A57E181D2
E64FEDBB94CA11D77760ECC177AECE86
A46B32C3E1A6D4CFCFD605F08A0FD959
10363A53FC697F5B2D6B2D45DA1D7B4E
7295A1ADF523F78C43F7137867ACACA9
AAFA510CB529A5AAF301AA057AFCCB52
E0DE09FF061F3E75C9006C28150799F9
E452E8AD471A4A9A6A34088885F02F73
A29C2741B6E7868020E619E3BE01B65B
02DE44FD7D73BFF3421C707D8281E66F
2CD7888033D242913A20CE97A4850CBC
1E075421BD8D3CA0FFCC4737CCCC1396
3DD41623D758D2BDBDDD53A33E53B73D
5B1CBD8D45707C0D5261C12D24701933
3FA18B6D3A0C81EDB9D4A29E9A22F921
E3EA71E58F381B3DAB6AECA52E99E4DF
8325398EEC3B3AB694C818D4403BD321
8D6C60A6BF1A4D9A1EF07D3474B02BC8
81C4D25DE207B0FCA0D786658E37D60B
EACF71EE309A5416C5C0EBF794DBBD95
A6051101783FCA695BFB769344556182
EE7AC664707D73722613BE2130BE52A8
7B6A9B0888462888963016BA0665CCF0
6CC03567438766D36C7A882386E28781
339187977F82F678A01098FBEA5E9DF3
F9BB1E8DE2C38FE99386B872C2A675C0
0B557F791D40BFBC140D6CD6B94816CA
7128A1D4E259CD8C73503F9D58F8CD4B
F131B7BCBDAA9BCA022C89E960BC4812
02C5A208172C0993655B4CD34F2F385D
63F1D5EAAE81CE0656C6CAAE71410D52
35FA71EC743C787450C16BD070C383E3
7237E6BFEB647A188D593D7279974DC5
8FA8988F046803E0ED9A90BF11D75237
6F4F4C5F22704F2000CD4C65373BE43A
C39BEFB7BC84CAC11BA75685F45EA6E0
AB24D54A057DB134A5B74C6F8FA50FEC
6D524895B02E7AE719DE62188D18AE18
7382A9467544A6B8AAF393BA261ED355
A29996941C7BDB36CFD4B87B41C03533
3DD98886496B004E3ADE4E3394B01B69
8D3315CCB158EB686B34B25A39172A53
6E26FB596BBB1DF85E5A83152AC4B2C0
0CE468FE53E622864E580354BDDC753B
0A3C95E12CA4592C049296C45F6C58EF
42CABEB474B24813BF0E1354106B59DA
13AA3FDE1578A84F6B5613FBA8B72550
A5064759E233048F5B6FC2070CB842A2
D9912227DCB88D0F710CEB0EADCB5231
B76C20D30EE902D3C71F8F603D530578
8AD13BA6D1C004EE0D56DFB6C3A590A8
B4C4C5EC6507BDF2CCBD74DF70B17FD2
A2554F8EFCE2C600F08636EAEAB2913A
06D0E53E81DD61A1DD0BB2C3D2DC0579
310CE99CDDEFD3CB92A2AB587A826DE1
081B8D988E025FA16B7937B9BC15D388
87A8B55D1C2F1CA99ECBA7D72EFD0B0D
1CAECB60DA530ECF03B4A62719EBF802
498159A67C501697E72D2914BFBB6672
758BD6B981795646B1017259E3C24A3D
063E6576C6A333953540FD9BFEFC68A6
E5B5B955A23E3433FA7AF10C38A09571
ED8011B7EF342EBF24402C1A774F8470
54CFCF71277489D1DDA6D42A8C5FF9E7
A32931D9B10A9BA896E55B640EFC41EC
472637320BFE5C95D79430035F67F1DD
A9A1B2CF3F61B17A7897B85C932AFD63
E130D365F59969087EC72FE7C4E05AC8
9080FB1BE8681574B07D27AD97A08FF6
C96DC8B3A63EABE5FEBFE5D060AFFC0A
16E1D9A567EC793FE830113173629B9A
15461F88E07A21D63E522A095FB7265C
7D34BE92E09DAD57B92C517ACE08D670
DA85DCE76B6975C4A8378CFE85C6F802
A1D99574954C26E22E903CF8A299C77A
5703439AAF02E43FAB118B1231EB2634
6BDEBFBB02A650902D0C37F1EC76D1D1
05291B5CECA714EEADAEB517D114EDD4
FF6552C7580ADD84D580C7114071BE48
A5FD364A1B8788E37893A60F60882285
1EE49E006CDE5BE4BDF2F00DEC545BB3
087CC9976AC7016D61FF16AFA3CE1812
1284D72CA453E0F471A6658D0C8D9F36
0DE94658F36FEF9CB1CBEF2ADF50E72E
8616E72A95D7A30C45FCB24C04F5299C
5F904C5D24E6D15711D7A1475590E350
CF3024005E886C5D368A4FEB0AC2F570
4B62D3BE11F3A68CF3DC87FC441377EB
BD2322FFD431E2E0F511D94DE15E0BBA
BB8050CF8C38168DB389E21D5EBFAA0B
7000427EEF20BE8CE652F9F21918853B
0AEF9BB0BCF62416013E14874EF80B7B
A9B1FA2E4D53965787FE4CD22743A76B
88E84280523815AD01388C4B6C7F8496
44E175CC99B84C9D1EB15A95518938B4
AAA7BCD17DB59AE1EF2D0BE1F9DAB045
986028E49C523502C969DAC7703C2BEA
AED882D0393BD1E4D94925059A1F6933
3CE959C37B1B456574FBC485C018D1C1
B6B424B44627EC5EC0A38EF48ED356C7
56FBE2A77918BF2C1902E61713C9E7CF
E69B9B103CD0DEEFA84D33DE816280E3
7AACF887C1A4C7A855754FE9B10C05CD
3DBAF09E9DE18D72663527A5A78BBD43
1B6D4D915AB810378564C7D363ED904A
64F086F35AC622F7B06FAFFBD4CA6A63
36F5B37E6067EB19B85F30818CA6D774
5AB9CB6E48547CFFF7100967F7C16AA8
713C611841EA8AFC58D1E362C9C3297B
C5FFEAC59C3407604D6FF52663F7D8C2
ED71D568C22FF206939A28145F1DF503
3AD5D5B3518BD9B535D36DC0B3DF8CFC
7057021B04367ED2DDBF10AF0CB1702B
2459E49286336FDD7FFFDEB528A7676C
FF48FC642469DDE57D0BD41E3987EE37
0C1674CBDD7E0320CEB3B1701041E113
45F91AD089E3D352485DB7A6F409013E
FA45472AA5E1E8C3F173734A91E32A95
EF21DBC7A4BAC3A5D2E21A29CFE6BEE9
38A4E9C29A641C3060A9F4A5B7D3CAAF
B5B5710965F66BFFEC8939A9DF809E9B
3B81F472E3AE37ACF9439199C45DED2C
7361F8D14EAFAB2BFB59F68ACB9CD78D
A70F237EA6442D55488FCED7CC8D6B3B
3DE9443D4CF729313003E41415375833
FE9035144F8F0ECB7E3AB6BD21427A0A
8293AA4D0C4887273D942749FA4AC689
73F2338E0FF60CCD423DFCF40EA26E8F
3E9F8F175996D354B3F80735A525179C
F4DB76ADCF69DECB58D94E9020FDD7C8
DE5D2F7BCD37C5BC504769BBF1229242
CDCD82C7D8B234FD9A8BA2389018FE8E
F093494C4183C6E081129C1633A5B28D
99175969D35E6FF06D9C5C312F76D11E
ABAB2DCE3F150D7EE8A02BD2283DAC9D
355C77A8F1DBC1F70C265E6A5DD7CDDD
9D4F19BE8D58CC0CEB3EE1311DAF819A
A9EFD123B123007E1FEA16DC03232A90
AE30A1B05493C80B8F0D6BD6EBE8AD39
19A84882D1C3A20A92EBDFFCDCD052D3
88F8674362C75761F1F959E0C8F5412D
DF78AD56DCFFDD13AE83F0EBDC705FE1
3FD2EA043FD048C13A5DFE46AA9FDB5E
725A58976EBFB08123F3657D9BD5D2FD
DAD7AFD7C3CB32A7E60E502A42041EB1
A7723883EF49250360440D83EAB058B4
8C552B27C6A5E0F248AEDE3653BA794C
571A5B09092735710F57A83D163B591A
19F4183FD072EB74525B486D272A027D
F00309E22A17BA6702DB348CDEDDBB33
8F81ED05C13B0996D4E224AF09798506
0B1FB3044FE014A4FD267820F03685F8
EE4702D5A1FCF7B9FE056EDAB0122FCE
9A2590C912AF2D318CE63F28A9A6E0E4
76620FB578DD542157CADFA20D4942F6
4ADC7018141B521DB9A2D5AFDF8C9E79
68283C8831B1B759EA3F71DC78DEE122
A3A3013E1DFBC73A4B4365C18F96DF7E
09A7080A1E087C98C6C0BFB890370782
F535A3CD09E73BB3F1985BC79E15CBFE
5E1579CB9545916CAAFB54D618F82DDD
C9DF8F7A8D69EC005D3EEDA626E53511
609A1FF5B02FDB20ED37EC72B66A4C07
EE1021B84DDF5C6107EA5F1D70C3FFAD
45DAF8DAF38C9F509406277E4B9F5A29
4B980557001C9ABCCE0DA5DB01242CAB
0AC52C2E4886904830C1E766FD8D4998
A4745D027D4DE5FEE18123CC46C8C56B
8FD07124D870B4315B47D07387851F76
7BBB8176442CDF697F1FF7B9B8057B12
1CED6C91EF801566C8C1B71FA85FB5E8
BB2A96D790ED738B0C04020E63538D77
24FFC23823DF825AE64834781D3B37A8
03A6400E47E5B3A047F3C4F827906458
064148118809FEE659552E90B3B6A0D3
F61BB21F8D56C6FDD3FE2B2527594BC4
BDB37DDDB59476CE7D82D67A88DD47CE
52D283328CD9A866C25C59AAC701A1D9
51598E60EAE8F641242B07419C16DCD7
329C8B44A8C93999F4B83237B8D1C2B6
307BDEDD57B9A62AB30B38CACFCAAAB9
C94FAD0CD5DCF681C822A7E853996332
C18E0DCBFC8E370C3BA3A3FF6A948775
5066A929805891B0A88FC552B5246481
7E45D10F72748A17F524956055D63076
948AE79D496E9ABEA1992A32CB7B27DE
E0850D026654F10588F78136A8C2AD90
B7E4E3E821D9DF1ABFF24239379262F7
CA01E20C50B78149CEAFD413CF2C3143
D36467E09474748748CBF94FF9C656C6
7ADDA81EDA19836C7743082925ADFD96
D616586F31C090BC7CC0C23239E2AEB4
8DD363E3F00BACB5A51D34336725B6AB
5EE26409EBC9A8F6A17100392318D8CF
3B50FB76566808D8AE8B0220F178B07B
95936EE1088D8ECF1C1C3C3C332BB5D1
5BBBF275A950DB445D6CD862582DEC0F
E5B3E4A02E4620E5A3899C6420BBE972
796AD38555701EF5C9E71E5EFBF17A7F
167C9B0D89DBA3A500FE61F59501ED70
CD0436D8D925607F157B737BA7B5A2D5
537C8C39E451F6F5B0C0BC731DF1A017
0C58FA3BB9B7BAE1E25CC1C7A22C700E
1F83425C3FD7E182386E61817B940D96
2F008C614B1D33A06C49597AFD674B1E
C4A88887754845942E1E2C1B95807A41
2ED395DA4025EDE28F82AECD5CAA55A1
7EB0961242F4BF76EE74DCDCA30F33E5
FD0D55EE74717B929B271109A618AE03
58F8401AF467569858771CB0A200FB5B
A2C7435AA2FEB9D027DCFE353C2928E3
0B8E07A082B890CCA65E75D129BAFA04
749D010E9D4D0267E8F688772E7E092A
30EC316E3D9D7F00B6D9EB27052AFCB5
C8F0ECDC6E00E63502B184E966B8F310
836F836C2523674F2B3F1B904A4E17D7
6C9E09283096BC9951B454B002FFDAF2
3B80B65968EBB868D1EDA31898978E4D
9254413992E74C5695B7BC0E4CC96E97
BEF9D9CA8607DBF34D23702C8C9B2031
93024B4518DAF4439C159E2F99AFD2A2
90B4F912B2A5CAB839A19A6EBE2A83CF
1444EF5B30940B4EEC61833B086DAE76
FDE86E65007F335469132B9A24F0BA88
14ED34B55E5A60D43D32BBD665563EE9
C3CBA38946F35351878FFA7BBDF73920
FC20746F4E7B920120FBC73EA718B966
DC8C79B09BE0547E8998A54D46DA165E
4BA1E73E37FDB0CD098FC36BEC9C69F0
D6D3DAE6A751D339FE34472FE397FAB6
B98826FBAA20F46E90F81EB6F1B6A7C7
FE7EECA2B01CDA2B49C021E2841F69E0
3ADE968F4FCA4A8424163DB85D0E3A40
B01E7E34C6FF3ECCCDBB7BAF1C6D4976
CDAE0963C2375404C31FBFD44027E905
559AE037CD2F9EEED95EE864D498CFB8
231A44F4DEE0B0C7FDCDCD383B70C774
53E08866FDD83D3875FA831D71DD6E5E
DA78FFB3A6149E5C86E0ABF7D052E406
FD7CEA87DDBD359F68D08A78306DC1E9
652B4A5311B4D3CAD20F7A59F105EE69
7C9201C4092C780029FCE9423EB4ECD4
4D323E5BF6B450BDBCC212A35FCBD18B
9F03DD2C915AFD0FEE393E66F2FC77B8
DEE882E0A60DF9C0DC5FA7C4E2C55279
A0E0A9380F82C5BBAEC3E4D5A7ABE1A4
0FFAEA214FACA7244BC550C94B845566
E68D42F2B4C7E294892F2FBDD5F3CFA8
70983CC0D8BEA36463912669AC237C95
1AA3754A92C378FA83D00D5BE2BA4298
24F43B886CB7E7E65EFC794B982FCCB2
3C1CF4AEA4AF0BB5A6344240535DADC0
73852C3F6F0BBF70E8F66F13E0B7F218
A2EEE8C479BCF7C797075384CB9D01B5
1E5C856DD86489A08AAE39876D220FD3
B7C0791E81268D5AA82B5FC17929D803
945F27FB96AD24F5D03FBDE9E40DC86B
FE0CEDAFDA0B1A894486AE73A87E819C
6769834FB61BCF766393FCA5F6C2F8E0
C86CE9703303F615EF2D7AC262DBA3BB
4213EA62B9679EC043AFF990A69C15F8
F9E1FB7E373B94488B20DD45DDE6CCE1
F0C9545CD99040681054301A4E514B8A
CBAB11C02A8D0A2D09FA2529A862B5A4
53065E9B7461DFCD9D45311018FE9B1C
7418DBF6D0AB0A9346ED8B0A7F35E673
3B36D9E1637FB4E157E19E7FCA4402C5
6B3CE7AFD9D6F19D9D7BD053619872FE
CEAEF6FCA46EA2DF9FCB28F645AE7B84
4A140AD1E32D666901DAB62A036ED7FD
82F85841390D3F4DC86360890A74A1EB
82D263A7968D646D906AFE5040EAB558
C4AD7550BB77B47476B516F65E8A4D2C
09CAA892EACAD8A0ADADE2838ADA8060
B0C4D6F9EFE687CE4EFB1120333288A7
432D3BA12C56458C12FF79445527AEE4
8070C34142AF84A46F14F8762C0FE9E2
EB94BC95078CB7AF43DE94E1C4360F83
83AAF1C2E02C3770CD68290B4C3A7626
2F2B9E082EF3BCA1EE8F0FAA00A96B73
0EB4DCF5F6C86D873987A12CD0322191
74AB86F3FA9B267020886CBD6DD197B7
9F82E813269F92A152EA390DE8D929F1
BAF0763730170C5BBD06E5465283115D
84BDC1C36AC06D323810A713720EDE8D
2D7B4BC1C532259783F8DA4D481F8395
BDB0F98208598D7BC25E2D42556A6EE4
A7717240367BB0DD5CDDDCF9B6F624B1
106754BBB7A71C6068C2F215B23880FC
2FB867037151A7B37E31D7E06B8D5875
45D9F8678542B9F14D1191AA3C00E6F5
C1C315D646770B2AC748EBDBFDC6E613
86F8BC73D89E45402BFD8477450EDF0F
D2FE88FE9453C08AB529E4E7BE664988
72DC72DFFE483E5B277A8CC7667306B5
8794C4D61E86D1F86F86AECC6A663CF5
4B02E9D6920DAEA5ECE73F686D495C51
0F67441C7412F6107678362FBFACFC54
E286D19593FF34E7F2C108215959CC0A
696F8F0DF29713F2969F01E91481CE33
08895DE6CA825C7D682A77394A1BBEB3
239C9EF87484D514DA8F7DC84D09EDD8
0736CD00F28C353A2A2385F71B338AE7
8F164443D0133E3525B36A3F916B1EDF
BBC14B66343D69FFB444D5007CF4A076
A1B510BEC6FE266166FAB94D05AF7C32
282C344128EF52A204E8B59C37D3B819
4C330E3710B3BEB80ADD7D9BE470D955
0F6878A0F9B408667285F515DBED5412
7918E4C639B7F5931FA25317448CBB0C
BFB20B3A4C4EF33AC5857842F5543A38
15760C979DD448511F3AA2734F3BF188
D48F6B8FE3338AAA76C10079A1FA8CDC
988C5DA77279FF192C762E28591A4068
ACA62484700573DC95CEA53C33CCF4A5
4FC5E5CDCBE9472FEF85E03DF36FA30A
46434ED2CCA29BAD679C146C78C2F80D
C1F96B2165D8891F13AD075F543D4C09
F33A0517F148AE7DAF53F44EF1C190EB
02460ACA7F51A2ED1BA092EF0C5201A8
CE1680576B5AF163A80F3794F1BBF28F
858F7F6006E60C7BDFBE61EEB067E574
48AB891BBE1D7BF8C0C7A2B5B9FA14E4
40AA35702141C0B3C6CA699A971A4A97
12777572B4F0CD3466D7B60B23103418
FE8E7ABA45ED7FE0E0951919892C11B9
2582FD4EC79F21AF099E6A0612CB19B9
E619E85E51DA15C7845FD7C1D0A7D2B6
E16D390B48D1002D02E18D6075A36C1E
2C79371E0A8F7F6B4EB16C69C96A47CA
5E5DE33CBBD86096E1CD0D1347245503
59E29620C1D09C79D3CD9210766DB121
702CC7EFDB40B8A2E971C499605F90A8
2AF33D5BCBC8FBEC39ED0BDCDBAA59CE
778F7B435257527E6CAED7DA5B192535
A129AA3FE7A4F3F069B7014A57226C55
A14C266D1559BC7C8BA1E85E7282A2AD
608DAE082F73BBA263635496DF917F10
9F6160FB2BD6E7F8C507044056A6C27D
05B876D28D17FE2E88EA886F3003AA4F
1DACDAACE802750D0F75684688AE9478
7EE6A5FBCD25BF3A02F42A0DE4D10409
F16514AE0EF6643A9281B57A3B73452A
BDC7D2705EFB57518913CAD6A8145072
D62CA0627FE7586AF78913132F998ABD
7D46BAF9DFD1228A89F15FB8D49F80B5
256081CBA2494222919AE8BD14A3CEB1
52A197B2C938952A692628C7940B89ED
7B354D8C6F404EB42AB7D581035EDC2D
6976C6572DAA367647C47FDD56C1E303
5518B222F71693D5C22D8B3499961B89
64D41612E731666FE315C67A442AE54E
4CA9F187679D0A59DC8508B95C897C9A
6CB3BF5BD358502635A9CFF69FE50D22
B878C9138F0D57293C80A9A032C74D9A
58E281FE117153E8C549602A005674E1
B7932AA4B9C1FDAAC950BB9856A3A3B4
A2BB2E7F95FBDA0047B8C0832A3A1F5C
333220D7350C5BC30459F72C4D9770A6
6819AB60D7CDE3A9531702EEF16D3520
C73EC954EA9E56B16A5B2C9DE4183628
A80A76DED909930B2D65A703256152CE
3E00AB37AE37C5E9F9295AE847889EC7
057DE39463230FDD2CD7548912FAB3F8
27B156280119742233E224AB4A61531D
AFB04A77DB92BAC53B3DCD44191D63E5
76717A445B8901579231EE053D0450DF
253E325AAB3AA9308B7A8246DA71401C
B9277C9DEC22949656E0704F073E389E
200106F14071F0139423C3D4832E0F43
D3FD4A429B69DF6710F9016A1B8805FC
C524A7B7F84378EFBF57D6CB94138D6D
0DB4FC2D83C42B4333A8D9284D6AFDA8
496ABCCE7B1AC4D1D2A48CCCF41283FE
6DC686E876FA1D37BB50130AF5848AA4
401DF89FD6EC3F111E2AA155BF5B18FE
AD1582C69CEB8EAA7399E5A58657F4CE
1FFDF4ADB5239DC597B3CC58B6BEFBBB
41971E25CED708134A63B1664A636501
4D0402CE951AF3384AF2AFA67B24B46B
E57EBBEDA2A5F4B4502362833F18FC6A
B62FAB604A6ED609F2A7B1DE029E26D5
D81E50F83FDD169D3D8231BD9752A368
6994C05175251FA7940E2D8852BD82D2
A11B5990D91BBDBC72428F3832285AD8
446341DD6DF2B9054F62E5F7F191A56D
F74F11E39A04CFC496D40E8EB060BBD0
7230C67781CFD006B9E7120FED51737D
9DFDE4FF112BC40E4FEACECC5F6BA627
3E95084E07780AAAF87E9E5DBE81B00C
FF1254F83F31F066626B6380B89488CB
0607A181D571885D72D41085FE7865FF
006C2F429DED5ADE71A9E80C5331C60E
89DBD342F67C8D270A6B7E5E10396C00
4A498A7697054B75487DADCD82FFCD5F
5CB150771BDB5F39E0A3BD14D4D98C58
D94758B77E3670B4A494D65D680B23BA
0490E3653E57E522B9D66C9DF5A64A2C
9ED9FD4AB3A0E5E136FE260D357B7DE7
B2C306EA7E67F3185662BFBA6232A6EB
5828B7BF5B4030B52E0246C7D26FD5E9
102CD39A48EB521A5D55D26231DC693D
D54AE3E8CE6CB71C2C4655C8D6903035
23AF4A8AA42868710EB9C78C6FF22C5C
15433C78040B7EA233004488385A77D7
2FD7D113AC1B6C7FECF3D0FD813CA074
30D85DD80AB61FF4A6BC2F5F0002B11F
60D6242BDA9B711F032BCF5C4E9B19F6
DE039111B3FC5B7EB0FF580CCD287BAB
FC981B70933B9B9C724113FA7A187E35
6BE45DFFE9C1E3FA5064637569EA4939
0060D4587EF9EB44E5607FFB096D4EFE
A85689085E7C382F766A9F019185C86A
0170F66FDEA450FF5A16739A71624BF4
7AD614F9D208FA5972E5FBF65C46D155
617C3ACB82F9CC9953857F023B50ED63
8DF2E0D78CDB56A3B96DF14401269E1F
421EE29E6528979B00D0C1613B47D315
4FB16B5E503DE564AAD0B5FB3B1E995A
96E061E67215612717979F0F4D09118B
5AB4C67789BF244079992810BD6DCB87
97AD982A6926CFBC8B7510EC909ACD6D
05E64FAB869A62ABB5C27ACE718E5BEB
47C29E8E8F4AB7F349E21E3975254D06
9BE7E8F2C113C9736D097917F71C5BDD
09E6F4836EB5851A9BD60EBA3B37F05D
F58AE104710A330CB0B615259E31B911
7BB5BA43B05017E044D9ECA5D03E4CFE
C8DAB82F83A9FDA0A472AAF72B5302A7
D8E4277F325C4BEE00CAAB404C745A2B
5803E01ABC95199CAC8157A5342C11A1
2CC4D5295385910473673F5C03D9DF15
7BBFF573A308C4B44DD52751C0F4ABFB
ED3B97CED5FBC3C55F04F477B90C45C2
7E31A9F92D90D8A26E6BD06A148600B4
A298CD8A544D747BE41BBC6E4F23DF3B
84BA042389F7DD17EE73E8B8F78A261E
640C321BDF32F99B001765F34D125240
C7BE68EDEAAF523047558C0DF43DEB63
B94BD8A817144FBF2D13878173E266E6
5F6C38891154C25E3A2D57246379211E
195C1A485CCC1623A266BDCEEAE8D88B
1E90D5EAED65EC22AB7AE31840E2BDBD
4DB4C4B46E4F2A24CA5CA0FAFD6E554E
D55FD528AFE371D2E0B410DC38B2BA41
FF015C9FF08D05DCCCC87745D056C15C
2E8D997CCFC8719884536E70BB38A332
FDD3C67A35029D2F9EE558887F7AFCC9
C386F56BAD7894F874683521DEA70994
2D0D51D0473E85BF6C09F1E835B181D5
1FD2356BF5AFE36B98E7136CEC6A6112
04357B228A78716ABA7DCA0EED906229
538809453E58A58FEC217B1DCD440005
57359AA619D24F79C117BABF348EABC3
0855F3E573F3126E9BBB951C360D042A
0C88461FEB14AA5BEC3C106D7F78B7CB
7EA52516DBACC253E30623271DB9F715
BAB7A53275040772F12D53743A8F9E91
D386AD72A4B35CD23A14DB6060BB6766
5C65DA9501B751DD23F3252332C44248
4D0BA06F802AB520C78D2BA9A22261AB
45C3C7B4AF684F12498913ADB826FFB1
7312EDBF4014100F2FD2E481E4D6A127
49C2645D7017AFB61F78E2CD0CC9F354
62152CB387347CEE96868C94566643D5
7EA305EDAF8DD03288E8D5C4B4D36EB8
988695C14B23C43C79B4F96B22C9CB89
11403224363AEBA48D388456207460EF
6ED1D528E98C6875CF8107A9F422A50F
2EF335BB4C3BECD1E786731BDDCCCA32
8B7F7F331A1F6B6B7F064F704A000678
8E949E4C6D9E327CBF5EDBEF6C2064A9
61F4BE61E98FE7D603B46C81EDBEC3C0
89E92D33F9DEF0FAA50F2CA23919E8CA
7882A5E3B3B243108EF5CDBB5928891B
C2D91806ABD3B6E2EF3CAD319FEE063E
7062B07B7AA8A2D4F8277B314BE89652
BC062ACE48B14D37D8A1932F3951E62B
8F852781164E198A14FA927DEC8FE150
B09A5707007708E2C9688DE6903557A7
7861C8320497BA25669528C9E9C15927
3C17CA99AEBB76207A9B541CF14E8398
3CBF673D82D6A5D805FA07ED0B9326DB
9C32BAC6D315A10645DCA7E82154FFB6
754A4BE9C89897698124B6F1D520AF7E
D911B8DE03E414E0234C1B7DDE868FA1
FED30C8A1705335B62A260E179B3A2E7
70390A7255C9620D7ED98B007AB07CD1
2A253A94FED9F55C2343D68C54C4D896
64E4B781B0B0D0CAE69BF4DF8AD508CB
6D37B21FA1CBCAEB9CB7BF6AD9527A93
3CD9BD831E0798C7CD64A1D37E63303B
9565A7DFA579C6ED6483EC5DE48C7490
B55BA7F184132295B734C25197114147
D352D51649F4F23419ED0AA3F393769B
CADEF20912D0DE2191C6DA9FAC0803F9
D5912A33615904C6D79E395B91D759BD
F029D30936FD6F4CBBB0121E09FEB7C1
C6AF9CD5A189BDC698D1806EE8EDC648
FD413461D046ADD6E57682D820351102
D7B6EA805CAAD2475CDF14C05821DA14
C20EB10FC564EBF281D9782A2DF83924
DF69A0D8AEF7086B801055EA7244FF02
1D8463C2E4B92EFCCF7D7B0754AEB7C1
110418ACC1D6C5D25024229D009A0CC8
8CC1C87FB0C7873EAFB51A8CDC99210B
1ACE379927A059C9088C1012CEC79C0D
ADFAABEFE57CB0DA19DAEA2E9CAD35A8
45D0A38DEB70B8E5775C7F356909051F
0F256D7C5BB331F901D8A417C967634B
E58337B3202095A5E6AB271BBDD00387
598C60788AFDE92C4966DA112E9499A2
0CC7586AFBC9A86FCAB83F5D9A18ED4B
FDBC4E7CB75C804035AE5BEC4564CE00
DDC4650D29F0B32E1035C037C0EA7DD1
DE14E22201E318D83BB651F76DD0B80D
FB6A6AFBCAB352E492B093DE8F06B5DB
7ED1E0DE93A98CA9B509CFC50251D873
63D55F8D868EA8FC505F4BA407E24FAF
E357FC789D63E2CFEB8F016A7481E5C2
49174B11F5319583228A1823EBC02A43
8F3E2A0C9AB966956D4F28206D401360
51D14C0F36B7D004326431D2FF75F86E
01750047E48EF2095FFC283D35959E2F
4E0FFC40BAE151EFFEFCEBDAE8AA2740
F545841F5D6097B544D592E4FC82184E
C6B3C920DE3ABB973D9041252D604341
A7C4C8E00D27FD13455C174DC952DBEA
C561AA0A80EB673A769D88AC305D3707
30D2E01A32490D8D47E584876AD513AB
43928968DA8433647F940425E2478356
3421B2A0158A6EEDA729BEAAD02D9CA2
070AEB60128E6D5BB6A7D43E6392027B
5B4BD4682277DC9E7BB07B941A79DA7C
4F47B4736ED05C1279BE606E5C451E69
5A2FA0BE5F6E5ABCC1365AEB8D65AE17
6F42773E41F906868002E3B1EA813E99
FB7AEF4BFBBE3370B46CD0D2333186DB
1467021196E5CE9A4E179A3E4E6A8647
6214D0CF64DDC47698A2CEFB2680DEFF
CFDA050450C591D905462DEF1D659012
29AE898FB35D16076FD5D3C6EF74FFB2
F386D9773C381B8C3ECD1E486BEFA541
0A17300FF70AAA08124FF773E89EC1D5
BF9744940DC794CD43E596A478D3A999
7A598B560F07E8E9C66AA3CA72035734
D3F3B8025965153683624B6BFD700B28
67243AC2639461B78AD6ABA5B1DBBE29
8C540E68776E19CB2AC26264E3C949CB
DC73082643A2F2BD525B8F79CA829DF6
2B9CC5AF65F3B3E047B68826CBCBA34E
64B3C10BF8D9DDD0BCEA32548811A142
E212DAE7CE01A8849045A558CA253A92
7068C8F13D6E8425A2ADCCA011DD11BF
D807AC815DD5FD419F0F41F434AE9DC9
946145678D000F934620722CE802C1CB
5C006C702F581D7D6FF7A8488FBCCF09
749469F778BCEECA06D0B98057109968
ED0DAB00FD6FF90A9F846B80CA4451E1
FD31F10629A1D1533D30A5AE933CBBB0
BCEF9A41ABAF9ADCC916F247F07895AB
4FFAEDD520B3157B56C8EAA097C7B6C5
1E9BEC7B6BCCA0CB1802D7E35D48CC02
499CE99DB36A067FA95195E928DE9A4D
DA79155A1C7F50867B2D398748616899
515A1C253FD9BAA4FB9CE2BE303EB1D8
AD55A8B42511D0BBE78E47FAB76C3E45
FB347A0FD51C94FD0A1059D4FCFCDF56
17088CD933124E117162795AC9086ACE
18697E28C61B3D0463CEE84523E9870F
5F88B35B5D5C72622C910057ACB5FFCD
5F3B3B5524476F275B70A514611AE404
16B1D91D91AA0D9147AC2388BEF82FA2
2D5BDD3F3E5ED3B3DBBED0C63CF5ADA5
7E4EC0E0D26F5B287348E1ADE08D318A
3A3A3102596FB3C5D7E66AF7424EBAD5
5167008FB8DE633EA3FA92F7930E99F1
C9B0ACD18C5C21AA6A3F85FAF82C9BD2
A131A3516DB4D40E90EAF18E804B553E
124FA0540ADF40F3A3AA9713B598F304
79B7D84F73F30E6ABFE0758903EA6E1B
99021E691C30AF32A16340DD9C5B03DD
7F56A2BDAEE4300D39B91DED09930878
3FBA8BE09BA7F0FBDFBA0E44E0AACC62
F2306E87AD887E76CA16A7B34632DBEA
E7B11627E8CD2D0BB3C9340E851EBD75
DCF93BC8052F12E8B22FBA88E001C735
E49378A794C6D7B14C478D6611191A4D
EBB980B8A071077A2DE6DE04625DC9AC
A39FB38F2E051763DB387DE20AFF323A
089524AD1CF9F6B720691133C99C1BAE
0E1FFE37A73AB5FA9E795DC56613FD31
BC994A9D4D7C03E57E6FF5C9AC293477
13167CE4CADDDA9C35874972DB73EF5F
BB4C838156E07D657D8877390047927D
4C99FDD05906D6B4FEAE387C7F8A9432
A63DE39C7DEC9418EC17A5811C50DF99
668ECA4E2EB4C3D9F5382967298819B7
A748536B3D97F4266B8BB74F3F3C07D6
8FE96E373940D46A586502C945D270F9
3658B0DF2655F6E0E4290B55CCA41DB8
918854284DCD69243A718D566BC48357
2E282BB5775A54B91B24011D6BD07616
91170444C7E10001F0829BF118816B02
97884B8E1CB8F329A4E4B3711423618C
3C258D5B223B5933D955647D588CB302
4308DC98E0E8CEC6D358ECCAEBBD4EEA
A52133EDB4CD76AC58E2E85EB90B94C8
3B6DB8F9408B5A5FC15C77B4A26065F5
416E1C4EE6FA64A85CFC1CB4691062F0
A8B21ECD074651C27DFEE281653B8D75
092DE83457D115E38295721773CCE2BC
93170CBA0EC326191645AA57CF582401
A9409C1148033C36578422932C2662E3
8E107BC8970E8C513797EF36F6CBB634
B5EFFE5508A3C0E4E08FEFE3A89AA568
F070443C4E92B8710E54DABB2923E846
7142C7ED40877F39EB3B889D12BB158B
63C2F75ABF0800DD00F91DEC9A190627
F3E343EDF3FBC575EC0B14233BDAC95C
27A1B3AFB7DB4197C0BA5CDA4EAD95CC
C63E01052EBB940853383FB60A1423B6
09A7CC475616E94FEA5A8CF7FA37D0D7
851EACED496742CBE7FC9B954C367A98
FD5BBC73E4C46AF436878090D05F106A
E74A5512A53DCBDE09473FE24F476F2E
8908547BDCE24DB5AAB7E9D95BF9C250
E281643C97575291864534E90115A863
53E213EBCB7B9D020E8813473326457E
BB57B7A552C8EAAE3ADE414A288BE2F1
B244B1D3184F08120720971214BF1585
66A2D9BA2A83B8C2926980A22614574C
F55E9CD3AB66AEED5EC324D8DF61864A
56856181F38D7B1228C88C765944CA52
5AAE679BC17234D1EE72C62458B2B238
233512C446F6CF7024605FC422DE3A94
1A8767655190867F18A10CA5B0E15277
6ED055E97FA68B4C4045CDC0C043E3BC
52F6E8D9E51C64AE63EA8B3259E5AC3C
B3CA4D680F9580E8BC2EAE9EEB85A2A4
D944757EEA744C47260D29BFB3A3A757
1992919A48E6A3FFFC6E4443F9C9CB13
72CB3AB0998208FD05A47CD5D012209C
4D282252ADE8B1B24A86C77D4916639D
3278551A03032944C97FC8635551710D
FBAD39CDAE4A3FD1F96A56CFE4057680
5947E089C97DFC571DE33BDF9F90912B
4CB448C8206B2FC1C3868A02448B61CE
AFD9860AC1F42D0E0ED02499E50211AC
3E7D4EE3E3F791D5BDD1FA468AF2DA20
BEBA60364A776ADDEA0792CE0ED02082
BE54BFE80CEEE3B60A9702725E37EC68
F472D2CE0B0E165E540BAAF6C2D61C3C
630F1CA6614B45004F79E04DA2B994D3
CC75D643DCA1BAB3F2FE8250D0A332E5
C5626692566153B07F77F9BD77B3ACC3
738BEA979D997C5D5423018DE778247C
572D6C2D1B594F1015BD9F8F2ED280C5
2BC8DAAC74C33332BD43B16CA58F3C97
C03762D8EF92214A01E563361F234539
83E933617A21FCF6A444FEB23F3A431C
E8EFF08DCB1C0D85C3B7A5E4ACB984DF
F48BC0A6B11D2B491B7C827B6690BB9D
A39068806BE647E2745DEE699B039CF0
999052493A5A8446104932D1F624CA1E
F2964EA84A5FCBE6B95847A8518039F3
CB9F1B5696DE6F42387681D444984CFC
AE4C3433A4A7D74CF666CC83D0FFBDE5
FE53E6E6581FF05C17A71EB92638D44C
30A11BF72C1AAA79B92A18E88D63A61D
F51F9B3DB3287BFC2D952D7A8FE2FA17
2FFDCB3C40436B4FECDAE3BD610544D6
31501BE94EDAC2C8786A7CF2CFBBE317
E41AEF81EF6AE4CFC43C7E3BDA811F0D
A513CD14922BD5C2AA3774FAB3EA7DB0
32C11ACABA6FFF6EFDFB6223F203299F
6903943F516847ACA3B7C188E9E61D58
FA6565FAE043033F9354112047C9987F
8E9554DA5E0762BF2EE5E7C287C7B1A5
A836C0E4E1C6A79B2B3C0E595F411B99
0DDF6D3DBA5CD1554BCF5D4357A3E4F0
A16E81A134920326BBE2F142817EED8F
BD0837FA0E98B2200A968278CA851872
6335696331C66E807518592FE6CA2802
750B95FAB957EBE04F2D524627E4638D
FF6B5B2AC57049D8E7027353298058F3
DB3C2F382C05BFB7C6AB9C14FB2E0CD6
79AD9D64544E3F85C6E69EF67A941BCF
3388BEC828ED97F80062FA869F72EFA6
0E6807258F3F4F963DB5419816075855
27633AEB9EFEE8CE368C00014C9D8A23
AC1D6231809B72057C919193C40AD069
AE06B505BCE8EF8DEB3E537E84FD5A7B
326415D26B3883C9E7373D90B78509C8
495F6334AAF4722D6021C4B5EC1FBB82
1B4F25F340114D8CC5CF273312F22294
0E70D3D454D3535789E71B808DE54C7A
DF77A4A80E95AD31CF7339276F1E266B
449B04C7F50B68BE7C15514BF5F34750
22693E9DD7A77F67A148E8E33B0BF28E
CDFF9FFC666DE17B49962E73B1410FE2
7227817B634CFBB7C1A571300A7170C1
98806C00641C30977CA9F31E812D31C7
9C6B832A78124CD0B2765FF52A2E36A4
1D3BF8C08116C51774CFE9A9FFD75135
4E8A4EE0FF2E412A8C1FAF57C93E8155
E2B98BBBAA1E8916610E946C1F571B8B
FC7B6436DD08BD09C65AC1A54EB9ECD6
6600CFED632A140FB65A94D07A85AE92
DDA12EADAD81634E2A5E0635E1A28010
BCE7D1989D9ECE42839E85AFA5AC916A
B426D3D507006961B7D8778D45582222
1EEB754E26E3EA83FC32AFF81996A1D6
507B279E7232315966DE23BE4C6C5684
456E36D0964C71DD684284BE047D858F
8810796F77BDEF5D127DABC0B481DEED
79E30379143B04AF892F1877B0962FEB
ED23AD119469B41DC3AF29FEA056C4BF
148426ECF9AA813B27DC67A9676EBCE3
E4093E32B103D0B96503025C21DB1E4C
A263016DA89D8AA1EDF25CA2ABC21B28
68435BCCD07CAD82A94DFBE336A16107
7AC60B1F31A3329C4C1FAE00111176F6
7050988801F2EE653893ADC53AFF2D97
9CC3604801B63F80379BC7A95C904176
ECA6B955FF395625E8E07AA2BF85616A
140A6705046148DB2DB9F5CBC234FF56
D5E3B9A8F8F3DF8292411874A3352736
DFD51240DD24C0DB04E7E712B6C30183
6172282C685DDEDE5746A3BD378AE117
042E14E2894C32E438A32A24A760B0DA
E9FDE83084BDBBB912494295E21708F5
61F439F0D3879D707B155CBD4E23E6D8
56E2BAEAE14321782BFC805EBE17741A
BCEE1D970CC2F89D2CF32F622BAC38C4
8B0E01BA3EE46E2C6E6E0BCE312136C6
E0F99ECA871520BD58CA2513055DC1F0
79A786FECDC4696F86BC52BB42C5EA03
EB687A2D6F67B497BB409541975E336C
E4B78167E134637292BF7AA01FB9F366
DB12CB6073F2B1DE5517183E37F64E8F
66AFD9E28C26B9DD83AAF78AA0610DA2
73F0812464FF137D3007B594C1724447
EFDEBAC04985EB97B9E6C38F84E0AB34
ED33BF7DF581A38D7735F9683EB0B71D
BB7CE2E6F372CE0B679532D7A3726B9D
37016BDE6885789346CC1027A10C572B
BE093C17CCE292D3325B55B44569405C
DA96E1E01925B162E2514E6A07506ECA
15902432BB07A415EE73F2B758A62C18
EE448AFC5BA40D8B1277BCB4CDB537DD
CEC9789C685CA18F8FEA0650229B8230
63042B68DC3FD5E6F80A8BB26157E057
B1963185D3A6D417A521C3588EF4ED59
5034CAEE54E5B750E2B41B583CA24F0C
79E02475B95CCC10ABD51E94D913C662
5E67C431B3E0E152D83D2B32AE9692B2
D26C9D7ED463B13E7C53BA56BDFEA20C
CCA009FCD4F9405A4AB579F7C995D09F
12097EA6E30C17EA1E573FF03664E605
803EA156B92B710594B8F970FF2E1187
DB7ECBCE0C45293671B61CA1E2E2B87F
9B08C759C9EFC8DD9A571E0AA38CCDBD
4B156702DF95D5AB07074A5F8884C8BD
852A8023443A4CFEE7C22BC5A11B760D
285C81FB68B73A4333806B2EBF4ED390
E7BE1A40DD502CA1EBEE7E1C1FF9DD6A
3606B5972B163C9BA42365E6FB27CB11
E86FD1DD7C7A483D55567229A63E00DE
2A4D3E069C7B3E8A31BAA087B4B4FAE0
444456EFF7FFE61045630CC47AC1C110
FDE13C32C7FF632A250B5823CF12E3C3
E1CD0F26FD3250375DEC302A70249641
717268E633DD3168F1711B3840D912AA
8F438DBD98977A6067BAFAA6D23A02BB
316335D8BA6D02D5B88D2D77384B9F9C
FD03A788B4A2C6FBD5FB92BE82F130DA
26D353FF6713DDBDC81334D19CF7DC16
A72AFFBB05F47B7F38BDD9570ED0B174
8045AC470D9B389D84F49300111625BE
2CCCFEDE7E4433DF723E5F7DC76638E0
05388C12C653A5C51E3CCD6A59DE0E21
B242EB918FB163858FFB7613400EEC23
A0C69B98E165D11092C45299EA00C7D0
D9C72FA24ACEF92A074E97CACB241F1F
15B29C05BCD89A3B3A77830122379418
01CF731C02322EDDCC7785DDB315300D
65FB9547658B6802DCEDE63DD4241A50
1A7C6847F8CBDDBF3E340F48F6376F77
5CEB1BAF13A6977485757774CFCFF6E0
61131BBA4221CB42BECCE0D45CDC5A03
D18555412E6694713022898327E633C9
10FD444E9D7B108CADC7F2604882533A
429BD33FE7095811ED47793BC0FEB9B6
E8AFD1F25467EABCEAE7C35A9AD16C44
4830BBD2CF692760B203F64190DA9A2D
E932FBCE6E54EB88C46265CACFB4F0FC
674BC76D96993B343050885588BE46F8
FFCAD24C3B958864E0D765A6AE57AF2B
294C06333E68CECE8086824EC35643E7
52179EFD3D5E16EBB1BF205BD0E629D1
7BFB171831AC42497A74BA911637D022
3E7F24C8C753328114FE10ECA48F9582
6153642407F7C618E3C34826C95AA33A
6039FB17B16D4179ACD92DED8A2A017E
9D149426552AEAF8137C2F60A45A2CB8
BCAA5A61AE634902DCA611DD1A8B2A6E
8A5ABE04EF5BFFC5FDD58058C8D11FB6
F434267179A983647B76AA4B5070934C
7B0C4201A58D74F1C74C29139B7DFB2F
501D303D0F4E6C55F1278BF3DF9D9B40
334A4FEC496597DFC652EDA0E4202484
3ED65A13EE1712BB87DE02ED576DAAB8
EC1B94C6539A023D7BB8D36E88F9CA73
8AB07D6E76621C9BB3C03F57F05D5B4B
E417C070E50EBFBD73CB4D41AA0E81BE
E4E349854A0670E18F69E04C47B2DFD1
E20110525C198BCD4670D4BBED4C9880
1B3CE7C04CB871FD7282F480BD1144DA
5ACBC22590D9FC9FE7455C73FA93774D
8C22FA03A04B9BCA35B94B0175D40803
3764ABF7D87F5A79B72C358AF396B2E6
24CFB6838DAAA557FD6F270F063971E4
C179DBE76C358A3B1FA0DA6F42BEBD0C
183E9CBC26D90199AD6A0FA039E14E77
4B9EF01D8D5216BDB31D83D2EDA4BA8D
B4A38C4A5226EFA131BA73E193BAEB81
A55B0D6D767D7F894986D4A8A7D458EC
9DD8A5E138F39EA1B3F09E5F8C967B30
8A638D681719581057B7A515F772A55E
7479112D754F8FC10B7097E7FAAD8B34
3320E69637F0E165C2AA0C1C495FFFB8
8316B5258915E13A6EBC639A5BF5985B
F826CD4192E4BC4946CFDB7EC5EB0449
87F5F0106D4B522F76CD2ED524981047
037B9DA9CE345D81E652A1AA42C1354A
05C0CFE8C5701AAFDE68D649ED2A97E6
106548AF613A10979B58D85063968D03
57DF8D0F4B82BFE003D978ADC5FAAEB5
BDEDFA115126D756BC799706D2E8AE6A
9B9826B90CD558C0B6CCBE299763B276
6FA26E7A74D68A9E09C221E2C9AE50B2
E4177FF8FED422AE0B10955B23F53E3E
D363633C65F71F1CDA75FD4E20684DF4
919BAD76B75FF07BD9BFD92E7A844221
B33DB11760B2AC222EDA6A57D6465A27
35A69D61758EE4AF48E04F14AA4112E8
818BF6F07BD521592E3384DE2F5CDB62
E7C717F6D4153A671CD8200CD19C1C3D
A57061D74C0AFA5FCD9C29F66A5EA1A1
B6BFA902C1FC339798CA9AE065D76D48
80F59C2E221FEF87D64D04F26B1FAD4D
C38884257EA71B1AAFC8A4B9515E0E2A
FEDCEF767D346A35F3013E97EF3DF6A0
1DFEB9AE7FAE13E4FF2E23EEAD96CCCA
F382B28B32AF5BD6D1A5362F18F0E2FE
90DBB5B00171DABD65C3C91DD61D592A
1807EF21D1DA0C779756C19255FE18EE
BE43A4E69E3ED6303B9C300DE588B33D
988CE566D071141A4D68D92CD3C295DE
40512EEDC705D3F63088EDEEC7609FC3
B63EB38E0431497DB2DFB3EC18EF0781
B77E77E67CEAC5DA39A9E450A2006CE8
C0703C0E200D98DC8E9D34D8F3674EF4
1C9015019EE43C147BFA18861713B7CA
819181D4DF50244303A5E539543C5A01
B3A311BC39E5A5ABD3E174B86023026C
D12F36DE8F894DB63D638987D81A4508
BBB123C9AC9AEC6277F8052558496A15
0BD30CF1FA5B92F01A36B95017B4CEFA
4D0CDCB91EDB2E3A6A72E2A975DD6369
7423131BF6F2370B3E670E0AB11E48C6
F2CC791251EBD6861BB34882C44425F5
DAC85EB4255153CCF043F73348213854
06AF38E1586A7E6E077AB6FDD0C9D3BA
8ECE06B6CB341C5AA8387FA8DA1BC361
5E686832EA5D27BAE159C47522512B59
0BE5CC6AC7AE3D0E6F7AA1885013D6B3
9D515BE36AFEDFC65711DBD839D8A974
B4A2BF225FF2CF02396A0E6257AE840F
99C614B25C1BD64A63DA1A3F9E8E2EC3
197F61DF66C0DF3D43A821B98E7603AA
45D9D06DE5C51E01F218FD4E144D895D
9BF438742B538C97579A7391073E0C7B
6A53FCF2DD0319A84F34BBDB451D0C5B
57A0816B817273BA2C52BCE436652845
CC2A02ADF6D4C0F1284D871786670267
DAFA75F98CEEF7EFE14E420A801537FD
5F96A40555647BC8DE229ED0273C8845
24FBD9931B89902B4D3614A6BB481BF7
E6739C3AACE0E826E81E96613DEC9750
6FA102C81E716EC4B39BC558DA6F3897
EC91931831127F4925B2BBDC30A7E5C7
124A43A09743F78A26CD0ACFE223A5D1
39B19EAA85338508676297262BFEEDF1
5A5024345CF196288857CF4A5F4DE14F
6A2F7378BDEFEDC3933DF9C1BB246CAC
E4D345200CF8064C1251270B09A9A240
F1A64EACC0DBAA01DC6B3510D7D95AA7
5EA9D715200563A73851927419B34FC1
43BD1D8F1BD16A01BDA32A762AFE3A7E
8B45FF9A319C1A62A0AC4C65FCA4DC38
923B20BC73E037AFA303D45E6C891F09
82A3821258874AA30AA026187217A5B8
735105D62DFE124661A041D88C7E2AB2
632FD8EC4F4278FC5709EACAB79C53C1
A54DBDA5A66B40E7330D65E62382336C
95466E5AB18044DA605BF77B36CFCB34
32B89DE80D5FEED0C8983C126C4BC9E2
A3F5CC80E3F9FAC92D2E974E5CF9BC34
9DE63145A00B5A3B45768D51F37E7232
E744E458418A47BCA46165F4FFDC81A2
488391BDAC3924B1A782A581D8ACD7B3
CBEF27DE9DE6BB4D0336C4F6919DA362
7F2A5012EF68FA9067201732BFC5FFD2
5149661356CBFF9FC2A2BEC31AB3487D
844F0BE2CEB0114C3427F368E7DC5D67
F95418C079D7EF0DA1EBA3D7AE752E7E
29451E7712E6AEB5809A69CD32130A50
FB28D302318DBD7943592A9199CD0C06
36C92414D9CAC7DD6FB6D9CA6BE929DF
F6506F991F32FC56AC76B9077DC48E27
07A340290AAFFB0C5EDF549AD5343E67
EB9B2900DED886202CA3AE550F13DC73
28024CA16D4C48EC977408D84DC22E58
A141B1DE9B2D61AD3F87F426C130B3EA
3E22ED1C1594551F3E7717CC26A788F3
7AB1FA40F42BF69C5C0E57EC7CE8E2B6
651DA9ED33D0EC0DFCA57EE3E5855F1A
9336ED8291917718E36A2129EB956B70
A935648275454E68B791E81EF42ED78C
39B5BF704B33020F921FCB54B6314E05
3F576C042ED5D2D4CC2CE9FCA05DDE51
95638E8FB9541951BAE738A11BFD6CF6
85BFCA507A435232CF0E02A7CB183F2C
FF1C13B6C31C9FDB2242D99DCF5E8995
E8A62AE22A4A6E67F593E23D950EAD4B
4A5491FB09E2F65CA38E17C7DA489D20
AEE45816E0FE5C7F008F8B93857336F0
D0D35AEB47A5142F4EC2656D4DFD34EA
FE1E3CD85FF1D15C73A2AB2786892899
70D5878DCC38E19CBE5E3AB98F0FFD52
4B6352CA3586599503F570730DF95FEE
4F75449116F60B0F728901561DD5F63B
A5372E8E787D8B7D7585AC7AE37D53A4
F3316273B44C1DF9EC32591318982C2A
709195179318DD5D94D32E9840A4DCF8
0DFA697FB5A1705EACDE0A9481CF8E10
F752D0BE68DB9F6E76389BBFFF418BEF
8CFAF256EC4836A2A2EABF9E275ED79B
C3F2797639143D9205E365B02764AE94
75243B54EFF68A54E3FB3A678F6E854C
7E867A6F709EFB8F67FEC5A5F68ACE14
1E5F48624D5D983BE1DD5106572DBAA5
2739C6CF5F66A5DB0032C67E56C4DC27
A6EDC3AB390262B50D4579852446B6A5
0534929B8493EDEEA58AF6531C96C516
4AF6F2F56D243E132DCA9D5FA627AAD8
8912E2909A32CEE5ACA8C9C53FA0E0C6
7B201E46A50C8F49B11D68EB460760F4
3FAA6D10710CFE7CEC6B99892F376D99
A862F358E634D4B76AA510C907710073
10071C85B2257382039FFE06567811A5
5E4C13F5DD211C3E152AAAFE8A43282A
A364BD98BECCE14F53A0261C143D95A9
15E3A4A8475C9E70F9F719B3D993D179
B7550CFE41BF6A8F642A583791FEDA6E
588FDA4E99098928A5E8F80065E0E66E
E464C8AECDCEADA965D942FE25DDC5DF
3739B92C491C363A5E100796F95CB4F6
057DE9A2A1DD6233920FD8F6C0206169
2DCD0FFC7F86D1C3FDAD5597D0AE0B81
0AA9B65AC21222922058CB0BB15B2676
5E9AC20A2239829686690896F17EC96D
9B7709F4743CFF941FF7D32C39872C95
26FDA1B8AC6A05FE08904C3C8C50B0AE
D2D060504FDBF27BC2342C7BFA534B6D
E9800B83498DB41B312E5257FC32C14B
F636FDFF363E391320C548BC88462921
D6AA6BDA5901EE1DDBD04A4848C3AB57
3E9EDE348DD5A4432378C1D67DEA94FA
B40EB0D2B596F370F0DAF87426C5967E
D949EBC459F007C37113BBFF353E5DC6
6E2CEF4D375B519FD96007E0162C6EFE
2771D62F4E87668F1740D6017729D9FD
2886C4BB3F2DC1D0933B1F5C3F757F22
61525DE484C397EF2CEAB58F91A61BC7
E70761D21C4DFC3A34A32C1D8F33D5ED
BA7C2E803B39586A0D4B5AA7BD46D1D8
62AB0653F1FC760A532E689B34D823E7
8B0CC154141FCA2F5BE92D490C570077
6550DC40436A9DD77AD5B1582AC07A4B
638B76D0D5658F2D84CAC71747B53180
D077808A4A645CC07CE6BEA9DBEB6229
9D8E9CEED6B293F77B1E292A9EBB452E
67959C27A4FD3DEC041FB441449D429B
66EA35AD6ADD94CEBBF0DB80F7F0666C
270289B99FB4AFB2FBC52E0DD9B7F4EB
60AC1FCCCE6B161C7C9372B24A930985
22B5F7A31E73957C1CE5E8BD9499E481
0A26E6E01C8105ADC44D6D3E28F49029
9FBE8DDFC3B78DC287C5EF14ACCF27D1
BC8853A02F4A1D69EF0006CCE8593F9F
12D07F33C80FA1B0F956E45192B36960
7289B886DC5D3E9CCF7E6491E761922F
DB387FDCF598F4893A798A28FC476561
14A4CC68872C3BB5E48E4D6753C63C75
44C15290A1694E50D7ABB5BDD9DDB24F
787F72DEC0A15D9641492F6234F2ED89
AF3FBEB6666FD13CB818AF12EEB48655
8EFCA8C8522E10567551B1FF9CD16917
38ECDBD0900A94F6802B91BFE5A96FBB
16CF85088A5961C560A081ED360DA621
1C94F49B4D12E94BCF7B161DAFC8B720
133727BDE830427FCAEE22FE277EB807
C15EE7A680E22547D4D4999601639A0C
C5B4BB64D92EB5F96574B6C5B4C7BD32
496129C3E40734BB2A1A70C1F065F0AE
A342BCBD48CC1F66FD5C525496980312
0A23D0B5A77133D178669CBD1613D853
F3E71F116E8AEADFB770423C09C467B0
1E9EA1C1252FF59B4F96445BCFE952AF
C022B61ED32A8BF98767DA5EE2887A05
FE188A1A8A6F87BA29F307FF4BC1502B
1868CAF9A2440B2E71FD81B7107ACDC9
CCE503174A81901CE1006929E7DABD99
D71F56A6FAF19123565511671A119285
BBB5223578B255181F43450F5447F824
E9D365339F0C9C9548F600615438140C
261A6F70689E9B547A03509345048A44
72539D53C290FC644D9BB0447B2C0496
42C696E4A381740B355E280ED31D760C
D287ADC3897408C7D0C0284B49C15FF0
E0290005817C97328E38087866664DC4
E69FD62CFC5FBD6FD65E8D13360664DA
D19904F82F8782167D9FAF4D116B9D82
E3048E9AE33EBA574CBD5AD41B02BE11
7780558849891031953B15371E6777B1
041E3A54F786247DC8E7F6DD984927FD
E9324FFED399E67494A9C774F68C41AA
8E260050A763E2E44B68E1E74E0AA6F8
98BBBAAE5EE182CA76D738E827F5FDD4
D10F295834729295A67CC826B136905D
D4623635A2E63D6A1D39EEFB255C6BC7
5EFB9AE507CBAD58ACC1E3118383D430
83CBBFBF410724012FFD867F5530178C
76EB98DE7B43BB7AFA6E85A85D5DF1FD
5150E9D8E341CA9EB93901CAECEB99D6
DE12AD0565A8D029DAF5363F48071DFD
1A7AB50376E5C9DB29A798F9573EFA1D
2F18B708A869B2278C5CAE6CBD172163
FC91A1A3389684F8F478CB86624D7958
BE4CAC968EE39B0A6886C3AE0265CF91
6DC2CF579D1CB05A687A1F17232AFCF0
9A6605675C68BF4110B1B9E1F8A77A19
7AD1027A4CA5F9517002E5D5B99195C2
D31D6E52D5F6C18A86A41873A1F100F7
E14C4B2DDA7199D9FFC1C276C6424E1A
7EEDABEC106720B0778F15EE9E8B3288
B5272D131E9253B241EB88004CF3C521
9C636F35D83A8188D1F91258AEA0B174
573D33796868A2A4116F7146665F2414
E5E7263784CB9FDBBABDFBF75BFC4F9B
37745C9D4152491993822643CE9F1C5C
24EC7C8B71F446FE1915D74C4A774D99
CEB0B062E9A099D7F7389CABD36564AB
8B9FD3E7CDD6755B11798CEC4900DC52
1B6C918F8E4C86606391971FC3DDD663
A76DF5F26F284AAF4AEEBD195C58D8D3
354A515140A17341120D04CA4F401181
5F06C0788FAF83B92F4114B3A495371B
6FA997F67F93B5F4B5615C34254D66E3
320A93F905D75FBC8B1DDB819E654C4A
4D4EBCC748AC5B61F9E6CC3E1102274E
F2F6673AB61540C470D745897832CD37
5DFE3A7ABCDCBDBE3A669FC137341964
70D4B19682ABDA8D4ADAECE526CB168C
7CA6E6208BCE095D09DDEA47CB30C5E8
3C413AE535FF5BB9343C9185C070AF74
51AA0025F5899E4E9213A6FCCA1CB3B7
78242AC4A8A1B4A4B62B39FD60CDB73B
9E6D37D95004A0EC1283DD2C767AF93C
A2F97630E7EE88D65A17A084583A2A46
4C5EA49697D158AAA52B069E30AB316F
00C7ECB96DFC323B0ED9F1F7B7E66A0A
8B5F18181DA34D4828D145DC50AD564E
C90CD99AC5643441743859A1F61038A3
38D573143823E748B9E17A191ED5D2F7
75AA10E7944E93A7E65E24C5658099CB
7F9835CEBBF937B75040B141A7A86FD4
014324AA9D1987169528C9BF0E3669C9
62D11021DF0FF2308A69672564DEA875
67EF4D3A7F2A37F1968056247FF0343A
F96FACA542D06B91D5E111BB896EE87B
6D05196DA614C4B3C0F1C50667E28059
579681B1BE88B65E93B21B5A04A43EAA
7184975AC477E589AE6932589EB1CFD5
0CB8A8062FCD5CBF39A45DD5DC115267
E332F8B24149FD1275104A05294CB6C9
0D3B7DEAE2330A784568704326071BC2
BF5B1A49FF19EFCA9B277462B110ACF5
45EBB4DB1F83FD6D1F9D8BB87F821647
B7D7F1E7DAFD01AB584ACF16B9B89A71
483E473C0103452DE853A9ECFB7608B6
1613745EC80BE1BB1417B4AE7E8E8A36
F0BDF11BCD404C2C0E25755B03B6D7B4
0DFA8E9AB5F60FEC9B02BE893AFE1E4B
4F5AB30FA10077890D8D5E834292CD9A
320F98F51DAC0FC2D2C670F14C719F29
C090101CCFD44A4A1166205DC4F9F500
FA8C9D004D7C40B853D80F23309F7697
98A1051E012ED2BD3FC959DA7CA3FFC6
63C950D87F89EA0E02263C145761EFD5
D97EA28B4849FDEA4520A39207F05A70
B09A29BF11D7F72885CAC2432CCC9E02
0CFD7308E8937AFD8C81540C91BF727D
74EE9BB91389DC0C42E6CD39058D99D9
5A3705D367E86D772CC153E290364A52
A0B40DDD4D8D98970630767728AD4D4F
A94F3132E917EBF1B58B8EF90FB7EC6F
6384046259FE7DDF7FA4C99356F0E62C
6BABC4998C81F278F2116814C517022B
128FF0BA2F4A70490FD5253A0C3F3AFD
BEAED2227E7331EADBAF2AB994664CDF
60FC9AEA68946D2319E20D2FDBC0A186
A9CFAD9B143EEE9EB32C8799A1AA8B41
F33855A5A0EB9D079E54F0DE0BADC1D8
A862C8B8B516AC3298093C8896B8B2B3
35B185EFC47E8E32DE5F910C406065BA
A2E37285C45178F06E725110B2220048
1D46F13701F885773AEE327C911EFD61
073E269345646A549F04B1BB1C16A8FC
8B397313E8B7045A9E3FD1C9C10392E3
7F9DA15B3474E08F64492C093F4D0EC7
6B75F58F5A49932274FBDC97731180BB
E9EC4BC23415DE818950BDFC396C54C6
D8EC07142D31330A3891F65A619DBE9B
EC55F7B3E23AC3A226C5DD773E29BC15
65236DFA3F194186250E2DF857C65360
63CD3F24AA31EAA8CE5EC997599BD4BB
40B6272860B01C94C843BC59AC00EC35
E18D0C51534ABB97630CF24A3CBA0426
D7BE36D1CB5A46C1609849E0F32B2138
1BECACBDAA4949821EF74238BC634324
FACABD3135BE55811D09B919C2F39567
E0D4727362C65349DC204C8FE7C8DBC1
72BD871F174B1BF17AD37D20D0DA407E
FB82F39DAB41FCE930885EFD4B417093
76665DBF36556BD0279A0C2F40AD0FC6
320C82AA3C865122EF89D5FC07674695
1F1E8FF170B4471C10EACDBBDEC751C4
74E5BE3BD9085346C59197B2631766DC
0D3CFEBC83AB523C6E4FAC5A97E0E8B9
98C2A683D52E1745C4D2944FDDBE9BD3
C359255F018FF1782609AD8DAC02ABF7
E65263DDB78486D142E00C88BDFE3BB5
5512FE4D2017E99C7D52ADA6DAD205B2
56190BEC04B5B8E3F3395B9506D6AD2C
9C4A44EB92C59FD13355248C788918B2
A981943085C481604F36A1C0625AAD90
8E3B0723BD53A1750847837959AA2AFC
5871214E3046C88BA40B12C5CF7E6DAF
3AAB050BC2CDE967790EA4C9EDFB668E
BAE15BD559BA525AD485717CC6B58946
483DBCC665D71F8CAD3FAFD9D42FBB73
F74CA37573BBEB2DFE40DAAA2AE74B73
8C77E6850306CDCBFE665108A18CD2F2
9BFF7B40E2357C52AB7BC90A2F40859F
B54478FC6F9D2105AC462C8E4E058D42
36D37AD43D59866A43EBB9D139E4258C
71D2516FF16165342B1FE5C6FDCEB4CB
5C24A9DA173EE2A7EC73B73E61EAA5DA
29E8795B2B1D1FB48D479B98AFBABA47
BBD0ABB878304183147C37AC8620F0EB
B0EC053D122F64A38106F26F02BADB74
40F24857C89F06C0B2B1DE577D9200CD
5501233AF20CCE16D160355B278E30C1
B02237F529225C780DEFA2B3801D656B
08345B1BC95FAAAF08EAE03B4F71FB4F
A58C718E2C01159E97C5E4BA3ACEEE7D
F5DCD1F66BC099C8B9A38948F4D44ACA
500588232450CF1FE25E7686EAF5B457
73B6914D0D5798048701585E957230F7
DAECE1A7F5D4E67217B20D02F4978B88
C4D9685689DFCBFD2260548D5E68C477
C4A325869EC67480E1526E4970983974
36E86539CD9C2D30E8132580E05FEB8A
734BA0A2679099E8A6D5CF4010DD5E1C
BEBD9262FC085926F437A284D3AD4525
57805499777EF1C59A383A0FAA54B4A8
6BADEB31599FCA976E60FE7F796A834A
DBF4F10166539E400BD2CB36C4DC200B
98A9E58B228DC3BEAF8148613AE7BC65
61FBA79FC3A9E8B8BB3E762909078B0A
718244B54C84B6EE684E88F1993F29FB
9B72E23C85C9D6D02A065C41BA2FEE9F
B7DA3897527A76E5193F6EF586C7CF6F
9218A0CF5D79CE1B8F33640485BD48C8
F8A93690AADCF4C82FF9AB3F70B91F72
83B957F3CA1E596FC952CD237B8423F4
0ECC424176F8D0DC9FE96F76B12270D4
11263DAF3903E66C52BDC6619672E84E
E336A4F3199702D8F0BFCD82637E8748
92F5BC00DA81679FDB05150C5D74820B
8BFC3E7B799E4B53A6FFEBE7DC82C53E
65B005FA6E419271BAC86F0F58422BD8
E7066AD8F1D3DDBA42127A90AC4E2A39
0317D958C88AA1DE8DE7FD2FF5D2ABB9
5F81AC3C18F285FC6B385A5A2C9655BD
F4793FBABB3490ED158F8C326DEACE77
499926C2310CE08F15F392D6041EFE93
E164B816CAD54D928C74EE73850879AE
FD8E866977743AD7B03D35CDB0CC586E
EA5B541A3F7E55A0028392920366F821
9F55EF0BBA12DF05BCB9D9BD4F65D1C4
6915D72D4C1DE453C951A6BFCB4ECA37
826FC20C1FA4E1A6AB9F65FC8514DC92
CC9318E6C0477F2EFFA7155EEA7D6439
C3CD73779141CD2574A91E84C361B5B3
C515672C3496AB6D32785DE5662FAA90
C856DD9D15BB26DB7332757954B80CFE
278EFEE9ACAB60CDA84230F60C0D7B2E
5D673B82CF3315EA291E025A4F3DCB65
7E77A77084732F679DFB31040D7F23BA
B7B9864535F443DF1537C529DC413EDC
927E58BC50B49A08825A06C995CF47C1
AFD1AEDDBBCC7E0F3F6A424FD386BFF2
DCA66BA07CBE44737B9143C96E29C074
8EF2E212E9D7B7DB4E674BD52319FC8E
F34A3DA5594782F38E8697BEB655DDBF
0908DB8C3058E55957388CA1A12F0E6F
5E38CA38DE17BC08B6DED1D21A061D4A
BE2F243B92DA62CC1229E4BEEAA556F2
580F44DB90F80E80A08F73A89BB0DFF7
C953D65F72B015A2EE34F75E86A3EEA5
B58A5A2817A7B2511ABA06C0084F3D2E
132129E68FBF70246A42EA483E92AC5D
3CFD5AB89935872417CBC5FC12612E7E
68B4E0646F8DDC4FED16CC98BA7A4E86
AC0737DC828663C8E6E049C62023937C
51A08ABE7D92CB75712182EDD0F6F5B3
13569F9D009DD5E0AE0BBA5172B54A05
3AD2B2413BA4EEA2B4EFEDCFDA374B07
755D0FE93C17641F9AA8491478E393CC
13245B9801A22ED7E02ACE5C6B34A611
C74B5E84B7E45869E37977576E2BA2EB
447A516652DDFB3379DE36452924A8BB
20C0A82619E276A8DDC455B822B6D71C
FEEAE076CB2C9A5E1310BBCD942C6142
1F748A06E8CB0D6C94716F9ABF861B88
DB98B31A917813A9924B12928AAD1919
2551013C57E412062BDF9EC61E68E723
A010D9E286C6CC0C767725752AD7755D
A4D2EF176733C470171248505957EF78
D2F55B493E74F66B9EE7585CB524E428
33007DCD719F828FF3EF93B76441ED1D
8797E5230D667E02E0ABBAC484397FEC
3F446885FE2631A20D35E7601950BD37
CA1D8EE5CA3BE1E111E7E7961B23F984
15BE9FB308720D3218000C022B024E91
9F621F63068780381B10F2672DC6B8A9
8C802B923F0A6D95792129C25A1E8E7F
016FF7273441FB3D458958C2B9F313A5
784AB6CC7BB8DC92B1FE675CAAF69659
F708598C17F50BDB29E140D9D3830DDF
F90B7A1732C5AB714067E2C6449597FA
8719C2EC307F17AA9C6C3C415744C42A
1A045762A984C2DE86C14CCEF390DD13
7B88F33050DA38ECE88713B96A5F19BE
A034F62D5AA4D0C95BC96F4D396EAF3D
1066698D87BA09EE5330C25DAECAA458
9CDE3F0E106E591E41E755D483E824FF
1EC0F88814BAAB874B9A3045A03F676D
873285D847B12F540FF60BFD1E06053A
68780834936AB4A95C9EE0E29BC36B7A
B55B8385976F46E67CD8A6D093A8B249
56F2CC5B58229BA95E5C394657D63333
FEECA7EF206534686ACF85AAF4890F96
8F7A6B5E4EFAEFB185F813949156695D
606DFB8C153DC259A5C585EC74905AD9
9FFBC22E399B37E88B6056A0544AA64A
D9EA0CD8CBC622AE2DEAA11956500190
817050C81FA837BCBD7C16A4E31805FC
B679A4312160D421362DB545231CE897
ABB2F8C469AB572B1FADBF2862E54750
32B60CDDE793AD5D8A4BA78713628D9B
643DE1DEC28F862EEE838DC6931A9F7A
E047FA4B6E1284E40776611D52D6DA67
7E99633E74993D3E6C933252A8383CC8
684710F55CFEEED18831A3769B5138AD
4922F54B4FCBE203DFC0B396D5FD1329
900B20087B065B1F352C59CEF0190248
5EC3284663AD1EF638EBE1682E1A3F1E
14A1DD8F89D715C1FE8E8DB7E66912A1
9F22B3FEFE1729922734CACD5FA8C979
F8997EC102A0E9836CA435978283AA7D
D6B664EEDD5A8400D97D8E2320EC5A68
F2DE9866A8222247991B01FC352A33A2
4C91D5B09A44F1C66BF5D0F1CCB92ED7
04C1DFA0654FE105780BDE8830BAFA11
96BCC4AAD46FF3ED692B64A7165281C7
FD41795CAF154037B7F88FF4DBD669E9
C8C411220A03CC0E9504224924BD926C
875CFD99451C4AC1005928CEAEE73F24
059162C226BD5563C7C9C34031A13C05
95689F49E6D6892D83A587BD423C8840
26A0A956288B1B2BA6975F236F9675E3
C22D139B221DC933C7E5758C184103B2
DF9F33517D0EE05B2E4355CD06EFCB67
579BB170922A4CBCA290D59E61E20EED
E32BCB4E5AC9CF5C67878D5975F07666
497E6B1855C9B2AB730729E6EC9946DB
4CDC1FD9A52B4D83CF0019A44F92D951
0BB7CB8F1C4E8129FC67EF2512E49473
A8781B18384AD1B307668A4239169F4D
98205992E1649A5AD3E593DE42525E74
86EFA15B0B02030ABBF61BCA581C51F8
EFD2A4BDF9891CB94C60D44C8261CD51
F57C117A5AE006D3DAFC184BD8747C52
75D8AFE7B9161ACFCE09EAB5CF513853
BE10C6DE71C9A6C1BF68A7D38C2B5AAB
A4D203AAB46AFACE8AF887B9C12291BD
66006BD589BCE0F6382B5A86A5EAE8AD
344FE60CBF112FF1CF189FDC3D5490E5
92826F338A00C5BC4C385E40CC90CD1C
1A805B533AEED590F8519B500B1F4243
4F327FBF448C58078E071057B4ECC344
E3B53C7C10ADF75F789D1D9336E315B8
E5D0B32EA622606196235BBDC0C6B9B8
719507B3409629F2B04E39F4F25FDEE4
6B37C59A250FF854563693211F8C6F74
143A12F53E5CDC0124C41AF1C29A22DE
6BC9C78218972F4BA17C37686438C0A9
086FC026CADB6EA61A27AC30FA33B0B9
5AF01A53B03E081937CB14B6E412F75D
C610C50FAC1883F9488D44E36272BA13
D4FDACDBC099A5B12F66141A97BC12E2
C79EB2BFCD0CC54BEAD340FF845E836E
01D2EF5856A301DACB4C4E2D020D73AF
89A627C6F4ACB6783DBEE63368561E19
FAE52779FB0743DE64DA84435C8571EC
AB47DA55E68D9D15014C08CAAA899C2F
22A1E388B2B8185F8F028D920DF168AB
A1F6FA818C3E19E6F066CB92D663B88D
94B284FDB085B4944807B773B0781613
D04A20E312C2F19D82D07221CE3AC1B1
BD0199C1054252907CB734BBF3C743F1
2DF7D95DD8DDCFCA167742861D7C4211
836BA027B84F83891F6FC2CBCAD497B0
1C41C6F14DBCAB2963903319EF9FC146
D7020E599B4012149BD412664579D2BB
6CB886550813CC4202BB85E847001CE9
74D6673C59EC246C6859FEC0EFD58D96
A473C35A6A1DECE9A452D2E9CDDB8DA7
5964706ADCF43B31CAB4BD54F6700F4F
EC84C65008D7CF26DAE1AC1B122C19B5
583A557DBCC3ADD97341DAB7DB4BA657
8CA6763EAEDCAFC12CCAE59BF2AB4FE9
CDF5625C35AADDB0777BF932E13E2BD3
DD535F46C6B9D3A3EE91E53CCCA7F487
81ADABABBC060944C84E0E0FA50521FC
1E4C0200623650E0FA97FED957075FA4
2461E8712CF029AAEFF60A02C3AC72FC
0FAC0D05382BD233CFCCC34D2C9B870B
95B3E4769DF2AC8286F4D1E90CCB9744
CD6A3F05659AB582D22949CB8C32CDB9
B9575039D7F1F77189A70D3989B17C03
B2FA5E2D4FE0919B6D7FC1AB0AC6A93E
E330674C24CCB938A8AC0BBE136BCD9C
337B585AD9C579908DCC820C8CADCCD6
74AD1C18A1CDE5B76FD7A54F2C6F24AE
9A189604D95F6CAC2D797A5514118963
01DE1412FE5D61CFC04805BF77EC7991
D8A96196155460D4347913C2A65D5172
3F082D89B91D71CCAE9955CE3DD2F53E
DE3B44E1F56157404003434F2A8C702A
112EE8BCD6EE45A78D66CB49A0B05DC8
65F67C5D552FC714F0F0AFF5582D7FB8
5C638AB4CD879B5299326B0B9BE8A2B3
45D0AE6B98B8914D6DCCB75E918D321B
1D9364852D4EA810CD1EE9EADE3A62A6
002A61C7EBE0B2F3A469A07418C06D91
AFBF55EF3A58F9B17B2DD09ED25BF258
7657EFB1D84CA12DFFD3DB3707CCF5F3
AD0B8717130D09057D02962A90359A9F
2F4173B126A8FE8B8F5188EC6302CC73
D7FAD505995A20E7004EE9EAB5A10DF8
E08EA8B6A16CF4574510B19CB16D38CC
D18EF5893993F047427A29FC73EDF221
C9C13A8333FD99AA640BDDFAAE5E0CEC
E33DD101212618B16D57D70B99FC2B26
48B7BD1E71ED7BB1BBE6687AB7572D26
6760576F9F5CD90283377117682800A6
6E6858A6016DA7F550A4FC035DED3C76
C7240716E4E6F705A454808278CD4AD6
74E4187274E9BC7193FFBC3001F68C75
9B601608BC29504E24561947EAB2C0AB
2C7863D6CCE4375DD610F3B80D130218
26880CC6F5A98ED491A8157000B6D5CE
72E6FAC2987269E3E9FA2ACB6C39EF03
E0D7A6C89062AD0CEE97CE9A528E8D83
316346D7D6C87648925BE2EB0B894014
FE95B674C374CD593B38B86820F14230
33FD8E9CCD930527DD1768EDB8F2F1C7
AB1078FC909E3DA81FDB7A4871CD64AC
56B71E55E797AB35857897A27EAB8B30
6FCE7143740736579FFA0CCA08A2679C
5D5E08C3DFA09045A24097225F87C52A
5042E2EC626651D832E7F961C6A5C5D2
AD638979645728CD48FAA3F7447FB603
8F79CA4BC3B9C51BFDFF1D23DB922BAB
DB5ABC19857ACBE2BBA9D59280E82965
580676BC5C11ECDF9535777A09F2B561
331604695A12E6144402BC3CD16DFC23
90ACF496555D53B8CAB7F3E5EC77A8CA
7ED0F5F698B50F62C750AF1980A6140D
D59C4DA6D8044E8EF3765A5CAF4187D9
6F589B1F969386BD89D1D593B1313E5C
6CDBEB1A44D1675031379676BD7123F0
EF8D4691A2047D4E0A115C2CE95493B2
34C44FE8A3790597A19A7ACCCC0E6EAD
A75326158B2CA1F2E588117C4C85DA93
902C575F339EB9AD19026A3EA3510CB8
4F7151875D2D1916F0FB52652E98CFC9
84A23414EE704B66D9E443BEE2821298
CD8536A0DD87DAB856AEDE90B937FEC7
BB8222173B78DCD92B0D846BE048F665
864B878D11C3F056F7EE6AB4030A80A7
280363F7BF4EACCD7517CDE310546C8F
A5C9429B4CE2505787B3CCE8D7310461
6246A14A454292304015017DBFA71B97
4496494F6063F9FA182F855E8939AC1C
B85E3AE00C99457A5065A5D86B0B4AA5
751C12707077A9C0AE552CB8B128BADF
C89DC8D08B7696F4C02668D8B5749F61
B29BE23B6F97E70BB66C23A3C0DFAE7E
9D8CAC00BAA1175FFC8E750791F77B25
FB95D210400B937BD470ABB0F0865E34
12E9A65C9CB75BAAE679BC3E9FB9EEBD
0F84005590C0D7275E51678675683EE8
5EE1480232369FBD9313651ADED8CA9D
9610C1E9BDDC9F1AF740F60A08922C84
BC938914E1D67D751F662AFEBCF946B5
479FEADAD3BAF4F1FD66FB11125DED0E
9ACCAE5CD5EC3FA2922C6C8BA80196AA
2F727F455589BDB3DEB019B12B06AF9E
5B24407E6B2FD430DE13D3206B1D50C5
8571CAAAE8F85175CCDFA1E976F0FAE0
5FDD214FFEBEA7AE3AB11A61866DC431
8FF8B63356F46BD0740A150D73D51125
599447E723140C62852CFD67F20EF529
5AC48750331183A85BDCC49ECB71A194
E295E5D6DEE0BFDB92365CA42E665268
29FE0CD6991C85F6E0EB7299E9B0002A
3B915891F6A246636CAB0125A2D90A8C
F9ECBC9F0B7919BB85F17B69D4F211AA
5AFAE510F80E1CF32D809A64A5434A9A
35ADF2FC65F9F0CC278E498ED09445D6
89B032272E5D3451D702B0FD3CD18ACD
DBAC9D2F3448FB640199B1A181B5E3EE
B30FDCF221CB870B17EEACDE66B793DC
EB244D994045EEA9EF615E1BBD24D45D
A2F2A759AA2599C7A8DD856A2745F0A7
3FE8D816A3DC97CFFC9B4CE33505B90F
CC6E1C239BF343FA200641690371F049
54D9C32799CDF20D4A3BB71DE74E2B5F
737E37678AE8CD108DEF529D57329710
98299206359A7CD9F2CE9BA3133A0088
CED8FC4E0AD862C7D4577D8D65B53B6E
2B4ECA2FD9B03FA9BA454F9E132466A9
AC6B72F461F49C9B35ADDA6B607FB42E
82DD6AAC70DA97C63C97380B18347D16
9A632C35343F1F3D5A539AF7E576D0CB
EED7E80BA650BBF8B5ACD04901E4851B
BBBAE641B362460A62BB8B429C072FD5
FA64B6A7E6A441C4FC35A6E5235413B5
9C1A7712FC6CB70DD3A6B0BF3D08E0E7
98320FDCD2C593EE03C933511E9F664E
E57AEBA33EC1D952CFE6D5CCC2A346B9
687978241D73310E9694E8FCC877D9A7
9E3359BFDB51C0CFA5101987162BC9BF
5EB158905803A44C6E7ABB786F7A38F2
A8BB68593BDA01CEF54568531EC7F5A8
C6E3B559997CACA0861357391AE9B181
2A9FAFC4AACDDD0196FF7864A778ECCB
2E1FDEE8E8BEABB315751A21384E58CF
D36E1599ECBDCAAD9F172CA840A64232
E6E947B255BFFB892D218463394766C9
17ADBFD6584CFCC1F17CC5C3865915D1
9D8FE29ABEC4F718AA62C6CCBE6F920F
B3131B3696073501E5AD9B3D083BD881
D98707A7E4C5B943F5A215B797DF330F
4564237DC8619C3E7D9E6C820F3552D4
8B91B067D2EFAA74001742F631B21EE4
C5842E7D55C7C712E1962DA5DA2E7E91
1F1B8652A0DBC1C7CA9F7F4933867DA6
12952388625B328BD0841C796B148C64
B91DE0CCD0CBB2CA60BAA18C969B6474
1AE819B2C2E5BC0DB4A49B7C8DB87E54
2CED0BADF2EDCEF5CEF4A6C0E712FAAF
EC660625BB42D145E760ED94F8817451
FC7765C240DA5BA8B52C344479EEAF38
B165C035AFF28465E980CB51DE1CE9D1
EAA3EE3632F06E52F25E53D233E42F10
41AFD598F5D6DEF4239604AAD843D70F
17E765D2D5726E1DE294384E81C1A94A
F3949B9B2648109ADD6562568E1BE049
A9E35AC1C3BE531044713651AE9064AB
4F0D811A51BA4D8280B2938B3FBD1A6D
E87BD8B8F1570585399F64B3F2886435
F417896988003B70A6658D2E062085DE
8741190DBFF57B702AB02667C499EEB8
12497B7095A22FBC240F1E1B36388D68
6C29D37E17F36C508E928BA6277FE7CF
42D4CA52725F23D00A7F62890DB28877
B887B1F56CC7BBF3ECB701E4E04C7662
97BF33ECA168367E114D050EBA398447
7320365E63DA7B878F53B1DBB218789D
B5BB3B4E9A34D929DC40FD6380E0D58D
5112A2F83C5FBE05A69E58B5D376CE5F
7660425E82CD53527B6D4CD54443DAB6
BBDDAA8CC893FBBA38AD045F7818998E
FF92A93FC9E1425F5DB3F65D92F197CE
B5749C388A60E1E077608B8359406285
BE63726C8E9BD86A3F84069B5FB5E577
EBBC821587C4654B9C00B8C160C47DD6
610C4B818CD3DAD84DC2581EBCE768A2
990DA2A487A8D58C94A510724A591DD3
E06374BC5DA36E0100EA30E6890593B0
99FFCEB8698D0359393ABBB5B4CFCE77
FAE4DE208C9C0435E133906C4A6D9DC4
ADBAA6B599F1FBEDC3CCEB2D83E4BE3B
C1F7F288CABB0462F9D9AE5C7430F4EC
085B119B3BE6F13476819C107A41562B
4269F1B7A80F714C38F851B8B6934964
14F28C1205723CA76A723A461AAC4A81
2179B9FBC400BA8AF82C29384D176F43
199EF7ACBD9F30F2C44C76840B47AF25
AA8E77F36B6B3FAFEB469ACECFC3417C
CEA57F5BE4B65E01D906EA2FA0EB4AD0
5425B68551D973FD6E81663CACEF94FA
823D175242AAE4F07D2E2E606D79DF19
A1EA20A3E8A156B358285DC7E2CC0F73
EF6845E6B0AC4063BD38B1CA541CAF4F
67AA42D09871952850942D127BD6D5EF
B11836773E2B2D0EBE8F7A9B3662FF31
A0E3BB47CF5A7348CE740A01573E0A34
71F02ED2BBB6A2465891C5C197397150
604768877B48058F7974F405624A3969
AC725FEFABD2A107A48E3D52B421F731
CB773CC3386E9237652BED9BB8727DE4
9D340AC903AE6D925CCB653425A2C10F
0618428992978959754BCF48BBEFAAF5
BF185C25E814CC05E1B7DC0B6AB15CEA
58124531465884AFEDDDDC99072AE465
12681628A7777928722BEA017A6B789C
09BF01AC9301F668CD73C0983DCDD818
E9852F24A02CB1B06B4AB83AA5E0234A
F8BBD34583A43FD765FC986A887E9C8A
987DAC5935EB18E77574CC6CE2A90E4F
8E5DF90C283FFB8DF1C3C6D03BC367A3
93A22741574229DF6516D2E52437633C
AF0011AAC4319D36372143EB56EE4DCA
253955F5811B38BBB6912E3A1D8CB47C
5FB041A9564F23542090EA72AD8E82C2
B19A0B96830C4B4AC72584C9FFD851BC
4094305596D8769A3496934FA97A11ED
3DD5EE251379E4156EAD8FCCB118FC04
55B06DB6A7FF2C3C4B3C3A260DF07E25
C61696F7DC7165A84AB8917B103EDDC0
8460B911E06A9570DBB330BE93793C78
1141692CBCC690779B56FCF5E7DC07C7
E2A51F686CE47D8435294546F62BE10A
500C3A07D18CA70D7B0260619B6350FF
5201EC06B46323D1FF342BC7503E67DD
1292B9710CBC227F21478CD2D9627B7F
4647526EEFD36D2DA566ABE68B2C8745
0426D8FECC6BBB7C9FF8AC8A7F718914
A64B145E04DEE9E635BCCED45A6CE219
DA188E06176606EFAE60E9D19F9F9072
3B71E1CA50A0E2D36A34DD08D67C1DAE
E110D211658996363D51837D233508EA
CB4CD97351056249DA193AFF9C9457B0
E382F2213FDCAAFAF254E3A31EF416B4
9BBC46885664AD0CD27511BD1578249F
E9D95E8DC2B591BD1413241A80177212
3D0886FDC912D2AE4B1BC70537346C8A
D23FEEF7BFE22E9D4A65BDFA7A06D702
3AA9A94082E76F9086A84A1572699AAD
4449D8FE9D2E8FE5E892560F18E27CC4
31D9429B52D532CAA6EDA42220B364FD
3BC1B976E12CEE21DA0FAA3B34C859A8
D44688147646A9CE95D20CFDFA39E70F
F9F503E06233975AB526CE762C98AF0A
9F03281550BB0D1687A854B5D768D89D
1F7AA62826EEED788B661BE7F6ADF474
B71CAD56692440AF9E01453485FDFD37
097F321D729B2115990E20BE15F8BCC6
16F482F194D0CDF1ED4678C2B6D9B687
D84E7A8E7B8286E7EA06C69CD0BCD88F
B63714B1AB45095AD37C49BBDCA358E5
2B2188A91738B5B15924B01CB5D3260D
75E4F1651FF73B573AFD02CF65904247
AC4FE5D8AD8BE52F63F3C84EA6C6ECC2
8B092498162A8078845BC1FD9EE86F79
ECECED573425B3702BAEC28941A2DFF7
DC7528085947FFAA69319A2C4BB4B4C3
082FBAD4B582E6873152DB87C6E5941C
F2EB615E96109A794933D68D0C526546
1A060813A8D0B766A51D992390CC5BB8
A3A6FA8DC64A01420B204CA4D3397C6F
9D2A8029E9F5113A8668951890B59EC0
72FBAFECC0DC32D2F653955082C2DFB9
AC136AC387A14D69642C86B3FCA200D3
E9F425E95C92EFCDADE689E8DFE16F87
994CE9CEE776F0542762A51491712C6A
63F99C6E22C183E7E12743617CAF2681
11EACF708EDB96856D8CECF44C94DEED
0A0D9155AD58364D2039BC26BAD892B1
FABEA5F34FF53B61A8F1959A29D5ACF4
5E9896417C8018075AAC281CA7978386
B143E33DB7F8B4F3E84B2E23B9495A0D
EA2612995D049C2400ADA1BEB23358FF
740DA9C945A9EA1CE1E81E490ACA5E19
937A70B7DA28196FD411D9B729B7CB0F
C420C7D69E9202008C93A60C3A5FF739
A22569625057B359A7D200B3A5560100
5537EF7FBED7E3388906639A6D39CF0B
F72E2E339AD3C7DE6715231A971AD45E
8BDFE5BA630BBB5C9872C5DE2B1AA192
FD96190737959B3F25444E9F4B5909C8
1062A2E47A54AF8C923A2F31BC3C8FF1
A4D3640E0A02925FA2ED48604779C2F6
783BC2C7F9E01D6F70C4EC87B075AAFA
3906B6D7D1914CE4CB436947B1AEF945
C7254D0623BC5DF7E0348A3C01D8D121
A2DF8D590ACF29EA73A2C013EA88F04A
24FAD4551AA1D6693F08311FD9D09802
A894EDED151FA6A08EE2E7705A34A5EC
ED6D2D98DC22D3D196F40B0A92A59ECE
97F21A53A9AA9F9317F637A942DD35AC
8A1FA8144CC53568AA316A9EE3C0CF6E
4EAE37E90939F3DD6334F4D5F40BE0EA
E973583C06663722670637D8FBF94468
F956D6E1D0DE1E113D1D9A8277437E34
A2BB6B9C1EF21EEA48973918942E2D9E
A7E8F25715ABFEB67B0ACB651F21AF48
79C9536D947C57D8C3441F5E344C546C
CFC7167D7EE56D649A772E64C379CCD4
EECE6A5B47C6657556F27F44182D923B
87FD509204A7A373C1386E6944C25DA6
D627BF46DA8449F7B3409D508B0C88EB
58C3CB5802B68EC475C39CB45AB5FAF6
59E51895965797C84ADDB72D51864284
002F5706740962C4296909FA78FEA3E1
B5F258A4C1F712FA1348D1F97409696F
15A442C511F21B7F1FBCA562EC106976
BE3D8B1491FBA5ED0558B7DB6CB10B0F
24DDCEE974A8707DAA4F8960E9575D91
E10A687EFFE7C96311E63024DFCEA828
AA6EEA45E744492394670F9D7FE3F8AD
ED7E44E7CA3AAC012D8E06386B71E282
E8B7DA44714BC4019703D73D23550BF0
56DC8F1AADA755299E65A25D7A107C02
8CFEB9AFB5AD4898B7F4B3EC0DC2C4B0
59B93E4E9E17A2B2F49ABF7A115B40FD
9332E622A0ACE58F3D4117F3C5F58BCB
6D670D0EE0296340F51673DAF085A1A1
59C31A7159FBA325B8933509B6EB56B4
5C850997654F8672CB1938BC06672895
9F56B19B912A113E74CA4A991659FAEC
E0F020670928A734AB2932C2B680D75C
C870D032A9DC9B62A4C9E6A997D17CD6
C8661D020116B41E31A8CAC571778FB2
333638420DB74B772BC2A911B05D5730
82A0DF33438E2022B60C79D808AACA0B
D214686BC072206A43340CA82B81C888
F8CA1A1D190A79587E0699E9366A7E5E
7039921E174E95131B490E0C84A97C8A
53CB40DD41AD19890B9761752269D6E2
D4334A14AE0499F8E26F4F0BEDFB9039
A84FE1F933FA386ACDAE1253DB8C10B9
81F62B832351722212E771A284A1D837
1ABF5652B7EAB7A2C1F2F483F7432FB3
145B8165083AA22760841058CEC65F04
49CCDE01AD02DD1B35C4F94F0A4C3E71
FE6E8E2DD62E5383CC09C795DDDEDDEC
E52695476D1AFA40CE730FCE857AABB6
AA27513CD793BA6BB027E23F03291EA9
910BF58C3FC85F076062A661D32E2D81
573D3B3D702E5914902CDB7BE744526D
031FBB5A059CB4E6B1CE16CEF98E4119
312BB811C30F08D731EE7C2687E121D9
25983F560EC88E795C3823949A6E4922
9FA91D7E75BC6FE55989295990566F07
E4580CD1C3A06DD999DDFF06C1055677
7E00E97881F15330F529FFDF499BE71F
F39EA09920C9F9331F0BDC963D269801
61B85DEB16449F2E4C7C5282D281D55D
E1EC63E0B10D3A1F78EA1CC428B38876
CB75F56414EFD30F4EEC64D3A1137706
BCC0A1D1E0C4F1DDAFED64D6D2C647E8
6D47E957C937C500A8BA36B7FC0DB8B9
9C12E70F5269FFE021256849BF5B4AC3
CF4F0E855007C4D56950C534B8C86091
BFB8EE223195DA1946CA7A563F3BE406
4DF8021B98B2F54B885A118466FB9D6E
7A8DA245B5542BFAB2FEC4191D1B34AB
B3B4721518FD19FEA650FD3CF08EB567
3FCA6200E53F8516E98CCF0AD2E15ECF
B58DF777B9F6B102C447A590487A3DF3
C48FD63BCD6F418F06901E11DDACCF4E
EFAE60004ACDB64AF3E00A6203705D15
E20172A9F0E8553D8A35E8DA6F81D019
4A22F77EF282164EC9F924BB8693B2E3
5B7E9C24F2802FDD37677A49B3D98BDD
F1764250317AB5EFB8AF95B94A1A26C2
B61F10E8D017BD4F68A98056406E374F
3979E47D842B8E4E9ED3B6EF215C8ADD
2AC2A1EF84C2B68DD7FEA9DB45A1D293
7074FC78199A53E039FE2FD55858F779
A8083FB018102625A186ED5FBF4E2B42
C509F35538F72A2548F522D51DA407C9
ACEC291E1073B71384DFD97F3BF130E5
2DB8980E43D90E4CA2A97488FB35A92F
F237651BDB2C35F3A1E61978A5CA26F5
79B9F20CB6188A3D25989872280C97D0
0C1737B9F7E140083DA2343F39DB3CCD
92A1EF59A482F2DB99F86857DD395F09
04130ACB14EA245F6B73BBFEEE6D1659
C5B8D053AA2DD8535385379E0C72CF36
4DFA3D51F567D7356EED1709803E9426
5B212FC4E7E9EF1713445E751EEDCA36
021429800047B88DBBA4E32C37E70926
F0EBFF1031CB12F28FF33CCE428CBBD6
29DE391EC027C25957AF1C79855978EC
41AFC7B6E104DE65EAA954F5DB9477F7
5CFB0C6E779422970B70F746906A6897
7DC38EAB8F7420AEC568BECAAEB4B0E9
25488ED84732BA5BC28E799389B2756C
219F3D50BCBFA36890DFE7652D5FC071
9A008E480D54FCD2864415304140CD26
3A9015775B9006C0B0D447D2FC91713B
6E337FBF745088D7774E022925DE87D8
E368F38E73BDCEDD3174F7C65DCF8677
7E5E71BC8A9711AFC4DFC36FDEACE748
6E447EE091DC4B8FC6F7CFB712123871
DB173076E48CAD929EC811186CB50601
DC846C1669184B506A4AC0FC17856BD8
E82E879864FE76EACDC9B90DA907930A
38C82146AF291A19788C863D5236BA31
4AC98AA076C90A5D0F8CC681A7FD47DB
95E635952ADA7B797F595614606F8879
6DEBF8A351E8BF6AFFCD4BEF270BD569
72DDA31ABE527405BBBABACD20C36324
58CEA7869C284181E876CD6120D012E7
BDF35C8BEBEF65B7F6582F86B74F489F
91441259EA4AD112A0914EA6DFD4F3BE
428A8961C905CFAE9C528D64E89DEF32
2F555A6120B20D8F4159317DCB8FEAA3
C45988F394DA7290593F160548474FED
D488847D0D97994C8D2B10E29EE25120
501FDE0C5B0AE88DECE04579787AADCA
A371E9D1A4B724AE13373ED016B0DC5E
4192E62586C49FECB6C4FCE9DAFF2C39
C4D0221A68496723B1FB299673F70967
2FB4357FB7A0302880AEB01ACC982D30
8CF81196257F2D73C3C09EA5CB23DC88
B558E6EB3189B31A9ABF990046BD3E31
F0A1B367D55E9F9FBEB0E81C34E0187E
5B6C0C074C53E6BEA0A4F053E9DD7061
72744FE3339BCB9EB0AB2240204CACF9
C55213F46E9E771426007FDF00F15771
7EE692671B715DD48AEB2D52A13CADD6
4229944932D358F9CE7205D2B395648D
14982B2C151E22831271CFDF5D6FE51A
43B97E6E3DC7BD1D62443036DC586CE0
8A0475A03CE9A4E08CC28E395D4790A3
8A3B04BB2D0ADBB19CA93BF91CD55781
90DAA21ED5C8C8C955C3441AA65D26A6
A746FE2D6AD10AE572D33440D916E1DD
1F61FC7CB07224DACCBE830E8340F666
BC2EBCF30D55A2F6FD396B99FD43BE7B
E345C3EF734BD460BCE86F87CBEFD7C2
978C9847B1ABB86367EF1977E5D85FC7
B986CBACB9E7776ED24D8E6E21014708
7AA66A3579181E38E9E331B945B8E22B
FA25FE7D4C1C9C442F3BC5DA12E8BA93
F309FEB53F4DCBE169A3ADAB15787808
99C101B8D139262F254CABF5B0632367
AC0D9D1D4648415C67AD3D376FF23E32
3C1F0BC9AA9D93631609758E4E42ACB3
E213332D18609E064E41D5651E3FA9E9
A6DF9183C3A72408664407959D9D965F
E39D47505A2ECB760CDAB477D189939C
D488946F7C82C013E6F15CE346758496
E1FAED17425AC10B6263B5B3E267A8CA
11CF4FF18AC1034748C1391B5793723F
24950AB83A97A4CC279C4A6912779779
A8D66C68322E6B216CD0C9C448C94A99
BDE06A3FB080C40004FC886F50C19068
082626AA84E10775C503BA593CA80C6F
5FECAF381FB14D51A2CD9357DB83E7AB
4573F2F58C70506BF004AE130A36AA80
9EB78F8CD44DC0663554E0839E558903
E616564C914B2F91555A5F02EF023D9B
20052EE0C9D14E11A049826AFA16B229
99C98ABB748F33B9C8ABBC9B8F3C8311
C51D93170A1A2C20F820569319F472FD
463C33024CB868FDB14CB1F23663F217
B35911FD27E2F5AE4A8777D28B41BF1C
4C843C4B5D80E6216DDF052C9176B22B
7BD00E20CAAA1C801994DAE6F9A99910
1AD6001CFAA19BD2B949205E436A8D85
28B4C415BB6F8EBCE55991BD2CED35C9
92DB7A1C2392B4396E3A39AC00348513
7D80AB33A6AF2DF0C0743147BD466F71
F859A05C31DF33075F93DB8C22267AAE
F7844BBF88EC8E59044B969B4137C7DB
2CD9C124387A8003A1D4AC530ECBCE11
39356B17990F5B4F191DE5FDA66CAD87
65CD297BDED388AC12ADC0E4C124B53F
42C0A066B817B0955C1C65E4AE31AAF5
788D0C6480D2A04D417125F0C34D5724
FC05C5194F1C52663A7E84DEFB1A7445
1FBAB195C9655B3F8B0BEF23CBEAC1A1
B492274C1F74077C7946F3234DB26280
8EF6634689DDD50F2BA2F07DCBA5B3DE
EA1C28B467A2E748DC48CDA01299A9C1
EDC6BFF220208CACD476E20A7B850229
62621CA03D94993C70EB32F6431DC3D6
93972F9095B04FEB46B44DC071A7E183
73CC0FE7F4F904C3D17DD369FBF0C2CD
FC397E2CA2057DD6F103206897EF5668
41D7B3FD8DA9620A7AD6CD0F338EC54C
1DCC7968E41F9CE571AE30E90C591F44
F094EC103CCAA7DFBA6163169F58A974
7D7750A4F43CA2CF3991217FBA885ACA
DA320656C8F264AE08225F7C6909742E
B033F22F79CC38B50C06FB8EFA8AC083
1813930DF3943922007165B3C5B449AC
D2380A4B3914C95848511CB98DE78123
7108473A6B6CCA4D48687809BA1C6BF1
58261FD17B41E882356C3C261B1C87AF
ABBADED4FB16DBE2AD89F76F5D48E694
047183F468D2946DC20B14C3F5B33C9A
DC74A4A7E029B43BA77CA9B867F34DAB
DBA2219BE89AC1FFBD8E652D76ED2979
ECB6EED7D9E10912FF02CA474C736E7E
3368DCEB7CD303853546836A41BE3D1E
EC562270F63C3DF14B8ECA8EE6DED4EE
ED8BFDDC0F4FE20E08F09D19D285C651
9654AE62521327FC21F4EAA15C709649
1FC6CD946F4D484C7A1657D828C6CAF9
C9C27439032228C8C2AC51C3605D83FB
9D0555826715735528143E42541C6A76
5D26DEFD07EF3D7347734525D32950C7
0E657AC82C821157857E01C0489E80E8
ECA33DA98FE32A91AC4452F379674A05
8320A7543E9222EBD0FBD7BEAF4F2037
A74A02A0501B3C8417697E8E699EBFC5
50E3E40B50F578B3D6BA36E55905622C
873A6DD47EFB01851B6CC822FF8308FD
674779E4CB18F3D46F85B85A9B6A0438
CF541AE78B3D9D7AD4DBC40C8E83EF45
B2FD9D86938119807B3BDA0484599E30
7BBCD671305A13D8512388AD6E789976
AEF4C36FE9A2B0CF52F864824477E3BD
D8E0FDB7EE3EB499807DCA2B1D5326C2
1445F56498DABBB6A70287E002E10CD0
487997B9E59DE5FC11138DC96B035BA7
61B896524ACD853657A51439074676F2
926BF759DB74A37896A189ED88B3B947
30D81FD4455C4273D9D1734386902589
4EB37907171893146EF677262D067B44
C78EF537AA85A9D9D39F4B527D1FCFDC
86F876E3D3CAB7926EC90BA555DBE905
665161FB63DACEBC65888977F923F2ED
5540FA2C6DB33AE622BBF4F332EF6880
39180F89C5AFA9EF8FDF0520DFC9A935
4E141F05047902E91FD7F118F9E0780C
9B3D1AF461F12B2F848E2D1ED115C6C4
622429B1088B8FA1ED254D323BE2CE93
727A184AD2B35CD3A9353D5D4648948B
FD4AA11DD42719038BDD31FB59C336F8
7F466D8C6E6108C51D4690036D86AC8B
F72549C5CEA07FBC0DA59FE82376E6FC
8DC2791C26D3E61204947B4AFB746F81
1079BAC96A9B191CC7C27C08A1AAA51C
D49E6E4E1ADD606103D2150E9E232255
BFDBF34DDF2B0AB441CD3F2D0534DE7C
D6CF4DE8E7A8FB96380EA24B61F72B8E
45DEB8D3D386F454CBA4ED1994B58B40
3966B3DA216701C49BD11869C6956266
1B48033E14C503AC0ED2E10D04A4D8B3
8CDE71056BC6096EAE33B85CE164D8FC
CA637962B3B6D0DCAD60FA7D57028D2F
A5E009EDC509C02F8F65181DF4E49FCF
693811AF8C89918754D5D33AE2485A0C
BACDF310644A09FA419B0F9824A6C50E
F946BF2604AD385993E3373314880D52
1582D2E5E7C8075494951907F7C5D999
CA3D74075257D8852D8D1B8F2A8AD166
6021B796641B05254363DAF1A7609A6A
FF02EEC747AF46C32A4B9C4046582F6F
71324B6358F00C861B215B08FD0EE772
3D335C075C0B8D89D92BE6D234F01FC1
87CDD6FB5A54C7799CAE202B3138EE12
73B8AE67EBC9CD3A554C48E032A992A7
5338248CAFAAD0F843C932026E90933F
39538C1189A37E9B01D23A631BA4F82C
D7BD7C7136BF8B35864E3A16EAB5A832
F4A30BC00B9641543B719AEA3BA3E2EE
B162E414711B1BBFB7D7D1F465CC0B02
BE8D5296EC7D8B26D7C45DF85EF97E19
CA5C3FC4CC2CF050AD52682CF1B0BDDB
BF43953E420F12ADC6165E9976A46E8C
43AD486CD0E4E76DD76AF80C50D34BFD
1F952081AF061E376D9B390FD95FEF35
8C797876B3ABE136A2D525C6DF60416F
178C274BEBB1C4F0E7D247C1624452CF
1FC56715E6EA85D6A8889206E59E32A9
60CCA8B2BD59A5A6B3636F58444764CA
9A5E267872F8E57400FB51AF59633D9E
C7FD9E034647D1DDABDFF6A59EFB14DC
F250907788C35FD8B99C115C01BE30CA
BB75054FC85B2F4487332E1916B10E78
6837B7C8A1810CB103E463DEBB13EDB5
282997ED89A1950409E37A2D6F77C1AB
BAD743E53C503AF130D6741481F1A684
861198E10B8CC3A013BCCCAD57BE8F36
50C34199342AA56D50B93557703B30BD
52A457A3ED7868CA5E588191ACD64913
206C41E4486DD3DF5377E399AE85D83B
E94060FAD74E26AFF98B9C914E2DCC7E
69595E14B2125DA5BF013C575B1DCFE6
2A0D0A2C543E023E68D33ED889967881
18445CC586306C97EF2CD89648A741DD
B4B1739BC321EC46F68443AAF0678F8F
540F7A4B7CF99E199C77B70E9AF3A890
0FC60194C3AF03ED75414A221C7BB148
05EC6B3A0518BCAF528C24ABA3FCFBCD
CEA77F95B42F955199A0288A801562F7
969F1FD039A5725602DC7BC2F5189684
FBDB9CB610BC57F18096F453428DE1ED
8C2B45B0FDA1625BB6884A21183D3324
61782577CCFDB6D9609867175EAE7076
909C0C2EC5B28B79BE76BF0113D092AC
F25F06662BFB6A783BFF850C39A48952
639330118A1E5A392FF559782E8DDA51
15EE76A41E489D43DF70D8B6E90C2F3E
8DAB3F266CA2EA6B596A139E9EE7026F
DB3F490D978B652407E9EAA2DB67CE15
104E16178AF9794C2824EE4A09CDFB4A
D05EF21C058FE578DFF82BE74455BFDF
2D7DC41DF7D6207A83E91C433CB99C59
1A52AB4FCC7CBDDF99AF9FDA3FCB00A4
1B7BAF9AE6B5A24B13CC9FE757DCA7F0
E222960ABE36B4A952B0575D1D7F4AC6
9C82B310AD830135F62AB5E114EB585F
4092CC7961C04BBE2F18901F9511394F
97969282D3245723A0E0AA310971A4A4
D9AC9430B618F199838C68621D2B93B6
E6EAC1A6B3DDB9983BBA27A81067CAD0
534334DAA0671A3902A2EF971457E7D1
7FB4FDD90E87A12E14744EB5EBE861D9
326D71AC8A5931C8B9ACBED26DD122B4
750500E306CC198A6FD49AAFD674612E
DA7E34BFA6685D6E21B7442BF2499CDF
4953769581FFC8CA17A2C86435D61F45
3C8661898E9955BFF955D05FC53901FA
921C5869DB9D194E17A42BB7A8195B9E
44E9A785CA77846EA9388AB109BBC072
2F1A0F0D5F05728A6A66DB0F89FA661F
2BE87D89AC3A5D2600F89DDB0A58918D
A2E4CC490C87C5CC9D1BA5B7908F9890
6BBB4F8B26B7B4E8F820D91B3A884BC5
E1255A3283F54F183C766A8D8E7A5B05
2C0B45AB3AF003B3EE7F6CBB85F6B8E8
DD83EC6E6F44C6FA648CEFAFBEE29FEE
DCEA093543F53C57F44EAC49F9E1CFC0
BC598B0CB743309884AE0C54BD5F98FC
EC8948E4D80C529DFAC69E00E5C92C70
572479CB5E6DD5FDD61E5A20E5EA9BEC
0987667362F245E91BD27575CE19D431
EDCCE50AA19D2248753F1438823D5691
4AA70E05E4FD8F3A54398ACE7087172F
BC7A84BC634D594C32B02C25EDE5E44D
624A52F4E4B7F547AA794347EDE57152
E80E31C75CE0BC23FFA0665E98C4E36B
974F608FAC17D33E36A134DC1CD0F52D
AB7C4966D677A1B36A0676C59FAEB3D9
87C2592038A1DA79ECF4072AECC53AA8
D6AF1D206900E153923A0C5FDE45E030
5680F1669E3E84FFB6A56F7BAA3D6F21
44846664BD42B636F8B6C04041C3C6B5
32FBAA0C8129308FF85AEC121DA1B925
45AFBD620966DB575397F464574ACCB6
25B3532AFFE9F14E67E3E9DA8569D5D2
2FFDA95E19023A90336C8E61730377DC
BA36F7F11AB64A47C5508371443BA53D
6301B200B6F3768884FCD4C4DD9C9438
20A8C516844562F64E8BA4C9BC4F3163
5033646558E28921E4B9402DDB1BA819
3FE5E23A7694F6981D087A62AB2E8154
06D307E36BC76458163CE711CE3506EA
B9D52B3993B4ACA3FB4D5BD291992395
0EE213841A796ED717E5EFCF54A409D8
1784AD49EAC63EC662272C769B9D674D
2C6F939DA4E8DFC32CCF72B3C56D8BED
DE5DDAA53D2F0E2B387D94A4FD6AB3AD
30B3D954D9AC59C1BC2B5A59763CFF3C
434547206769DF42830C5641857B7E92
1965DE3943F9A084D1E28A432962732F
18FC621D7D8A35262549BB09CB1B38EA
E36B8AA7AE30768981A4DC2A8045F220
17054FF5B8E9F3335E7489099E814761
A1BAA511A60F2107AA4E3BD391021BB5
506EA916BA4A6E31C21025FAB240D5A5
A622CD3A278236E167E8E1EC4C0AC69E
69106E933906AE44F4DBEF8A06B449BF
55CC3724F209A854723A3D570E60EB0B
966ACD0A0725A23244C618905BF95F2D
F6289C7209CEEAE417DC8F73235A7838
ED3B0537ED2E02EEEFA3F493A1D55135
00011E0A1771C2867500923D0703C7DF
6F5A7833B3B116778AF8F5CF913FB90C
04BAC5C3B4EADCC5B06105CA932CEB60
737520DE596606DFEDB1C21ED9C7FF4D
3A6786F332F5CB73B5572E7DE19557C1
B6035216BC26431EF442F2FB86E3D2A3
0513AA47BB35DB9D5154FFC1FF1785F3
7F1D60FB0E95B9BBE75533C1BC220032
59C1F036A6472C4A64350AA4F24E6383
23514FE2AFBA632BF24376797B8CB01D
70904701CFEE2C754CBCF36212E2007E
9A732E24AEB3D6E23D8ADB3BC561F0AB
EB46D58FDC2ABBD84351D1177596A761
F7D90E382347F8573E5341949AE75972
04BB13FCDD0173EC259AE4070F586CEF
72950D2E4FE5D4558323A1621D667531
E7B3C5EBF2A154D46CD7BA8E92029D61
9FB784040C47666EEB4DC6BF1B7014E2
E8482B5444DD39AD76C8E0AD8730BAFB
DD59AAD3B7094CCB9F635E535768BAE6
6870DC9EB78732733CBC45AE04641EBD
3550EF3D673DF096ED258624AE09B01B
96C75FF5057919A6C4FEB53AD3939EFD
64FFE1875F979CC73E29F6BE65DA66CA
FD51E0B8B1BB4ABF0FBD16306933BC55
FF09D63732325FF1DBD89EA276589D12
4816443E2FA41FFFF5AF075D63B7329E
A686FB17A7CC52827A37D5B30A27FD36
3F03C26B50B972DFEE1B7FFC2344E37E
01D9BB2DB286085195232C54799C3C21
88D684580A8FFEF4027CFE5FBFD12DA9
C37EBB916AA38572C18D19C3ABE2A42E
6552A6E91266F76758BEB95FB9CFDF8E
41A33B41FEA0C3651966BF65F29CAD63
BC19B2E56EEF64C8F19AD95093078BB7
0507EA8623C4A492C9AD4EE67B489838
A5FFDD6F082278D5A60536283FB2AC2C
1C3064D159151C3E6F9F7D8207BAFA75
89CBD0C5689471A4C29FA91F969A0327
C004E46FAE3662B51A9DE50AC935BA62
F4333CD1BA588E9F7C72F72B81F7B9FA
DC7D77676C7F73FB1158955F8F66B7DB
CC81F359D0EC18460C3B30EA9BF9F0C7
AA894016E5C59A34B9D32C468D6944DB
7B659ABD5347360620401134ACDA56BD
078606D6FE24343329FB4E588D9D5C51
3C81588AFF1BFCC49D6FCD3B24EB1394
C852AD71C686B2624BF6C76F67A7426D
17578E11C83700F3C3310426F6996510
FD1A25A14979559378E6A48FA78C449E
3277E9AE784056A9CF10E08951BB2E20
0B803E958B432A7F74F20D7AA1111741
E620EA7F71DBE1D318D0E107D52B67AD
EC2C43F292358B93192CBEAC1F23E7D1
E0705C8AED3B1F20708466F60C903344
FEA357FA8C5EFD5818C3CAC8C8C5421C
376C3B2E9359541E237222C41E33BBAA
0A8DD7514D5A295C4C920E57B7A1A576
2A603588155D3459315DB0E4E443B632
142B334AD572B3CBD11B470F4F806611
6F5BF817CC80ED8BDDF0B10183CF1898
5B8FAA281C542A8D32C40E57986C84DB
183251E015454D1AE7C03814419DE639
FDBB58509819EC003FACB671EE09BAD5
87D81915D454331695AA0E9613C0710F
E4281324C794073F8FF2A7D0CE3CED9F
1E821714233A281030A4C17599AEA089
7000DC4031F7DECF7AFAB3A1FF6C74E0
20700E53B4E9E8A19BE599FAC4A634D7
C535809048FE8AB33FF94CEB2751D7D2
69176E9E54DB1415AD427285A19C8AAE
537396E49CC90D92511788EA0BF1CDED
25F3F82DC8F6F39F01FC142E66658037
16AE32F42FE889AA95CF50EBBF75B197
920716911027071B4BD2E45474B374F3
0BB98ACE7D921A4B5C79B6A2ED7EB1FB
0F867AEB2E3FDC9E7A97BDF5EA57301F
045A10EA5841730FBCA88BCBF1FE2526
D1AA64677604CBAC0C5B92057683CD83
654727DDEB46C1ADCA6DBBA0B7C730CD
8B3F26613A06AA4AD37FAE22C07DB460
1AD6615A7FC4797B7599229F467F2B75
23183A9A8FC88068081C8C5259D4CDC3
D9708C76C563A802501744B956658E03
7AABC7A901B70F90A549561301DA5CE0
35224E3C55CC9B1DF00D59762D66B026
99F3F60AF91D323DEE86505698F9BD3E
D975C0482339AC8E5834487348BAA93F
C2CE23C23D6801B661A233C1BA4C0FB9
A9FDB900C991FA18134126F59DD2F5BC
5FD5164649467F60ABFE76586A89DF6B
BEE4462F40FFD6B2E1661F4DE68F1070
562D947C95A2399556A125F78CE53EF0
161B093973CA584681491140DB66D839
8930C4AFA1F232AFFA8287AC6F1EEDC8
E5142172033DB7B41FB02834FB29BD2D
6EBABB80E6EB91CE35B494D299125D74
49B775BFFFDD38383AA6A7C674A0B103
F5EC0A24128DA28A40908DD5224158FD
BE9198740EA11F8857F53EFA7EAC4EA5
E8E427A1600F05DEFBA564B6D2813154
0C2A75B92E849091F59855B4D590DBC5
758BE3C289E322B8145F04705BF9853E
2FDA4A02A9277E35A773F82E5EBEB070
44C964C9443F9CCF67DB8D198908F29B
099A68CB62E7D40481B22186AC4E084B
4E29A7FEFD6C6BC4C5A38C93E8EF5DB5
BCD228BCC3B4D3650DA8E431F3F32DB1
F75766B8D5C151B13C82E93D556D53D5
2E2873710A00AB2A62675732B2E1FC50
4B64B6650A8103177A6A629899FC1197
423D26FEA849A50A7D2C50B94AD8A105
2608AAECC7745A4B29750AB6FD4B98D5
8981DE351FD62C2A49A5A027A9028909
691A2B7F87D217CED5822290F1F98A57
D0CBFF4C717795C4B73C9262FC932F5E
60D03111117CB42A04E72B798553AB66
88A922701BB3427BA7C70D180EFE3A22
8AB28C6E56FF416CA7183418F6BC2F4D
F6885F91E4C4526E8273432B02C2E1F8
108C2C90B7073E1D328022A2671BE107
040F998A5A7D0C9B19B9D0B0536A2BD5
77778AFAB535AFB646D931B210F5727A
1BC93B10B25AE1031DD12C8BE0161BDB
8B4E3933FA22BF043C19C4FDD8D64E4B
63B6E98035EE9D9EDC5AFF35F544C2F2
ED7777F22AE924CC6BBC9750D20131E3
CFE7C95ABABEA5AD8C6EBB1A6F49FF4C
FDD97C9C7A1E6AFBFB893945714470FE
C2FC8B32D26EAC209E92F915C0620191
A0CD627C36C736B732D7A48D4E250BCC
D9524DD68E3CF56896963842F543BBA2
ECFEA28DAB234788C17CD5EA10C456F9
3C2B19B5D37AB30369F3E01740B5C541
20441D74075C4516BA11B51EF7BE454F
8F1B08C0BE02D9AC3469C3E90352321E
36D556F33CFB8759031F4CAF73A11455
0C9CFEBC554B17138428052F81D9684B
4AE5D41330BDBB974A6D253C3214CBE7
061BBF8EF7C073F8E77EA5BE2FE20212
F4A03A05750B9FE2BC9C040804455824
9D2CE1AD7FF37CE6F6A8EAE7FC3181D0
9C70B7B316C7F0799470F427224376C5
C5531E7779F2ECFBDBADFDDD1CF7A242
A5D5510099F52458293EBFFBD4A4CDC3
DEDC2027BD7FD3F6BAB9F1292472CF58
A5F14C954DF5647C6D8A9CDCC5F15DB8
A33E96EFFED743554B87245DFA44DD35
447DC84500CE52DA814B439D775EB72A
A0711C7B3936653562E0F99DD8EC515B
008503EE33598BF9CF990892B9C266E9
6747EABFF9CDF73B0A5FBC4F9162590A
0990897D1EAF3B775EFB8A6713096FB6
F6EC9067C69E148851353104B57DF870
10B1B8E17B2880ADA3E55EBD8DCC3B17
905F669F83E7B4DAA02E0EF9CBA73465
B2EC972EC64CDC8FD0FA4A7A014211A9
03CB140F9567853A5F2E46D2D2FD7918
16A53FF7C7EE3C7EFBB355AA344950E0
04577818ACF4BE15E6A110ABEB6E4ECC
E395757129039701081CC41CF5CFF05C
E7B51F677627B23980E3BE336720B212
20AFE1F1A6E1F6544E417185E988FE0B
6C4A61D736279E2A0DDE5A2EE40E04F2
FBFC128E6AD42AD7C0ECD0D70F9A2529
B361CFD3FC3D5F30B738A9641F195CEF
3D8751F9E76B05F3B2933E002C8FD0A7
C0270AF1F874E7B491B45FB4C594C642
47CA5950506900449F8ADA135A433C0A
3A3F23537895552C4916A010F3C69B1A
C5457305ABB7BE1888E057F86EC2A70E
7A87DF22A638D0B25621A964195C6CBB
213953AAF8F92A83E6A7CC47930CD23A
6E1902405983B6F1F79A42ECB272E1EA
672F11B7BE53A3A4CE34129ECC53D9FB
DA546446811501054CEC4265965BC44D
3C8EAB2712F0254E4FF193EA64808ADE
3415C3460D0C628475B78E5D252180BC
2428F8DAC9FF06D4AE6854ABE8778F81
61A419B266118BB6028BDA01DA65724E
A1EB3146E7F547A0AA3B4033E462CDC8
8041764A694A7D41E22938B140DA9AE7
465A73A3AFEE0802A379B7B054D598C4
45B8C9E7C36EEDE6679EA3205DC7E798
8EC34FBCCC2BB2F510D6200F24B72F91
C49FB4C075D422BB4C7E9C522D081822
AA9C95401426D4F2C5C66221313148D4
23AEFEEE7A9140CCBB40AEBB2E2B5F62
EE0C85E0017C694335CADFEA26F8CAA8
D34EBECD22B56CCBACF7FC12F668C9B1
C74A328767FA4C39FA5CAF7AEFC3FE80
9284E2C2FC8B5B2DFA5BC1EF296BFB8F
A03DCCF66CC71B76043B0A45ECDEE719
14345E30DFF808161D2736D3DFCE24A0
D1FD1ECAEE3BE7C7F7AC9F6390F1A0C5
49D2969D7696A8B8A8AF20462F3284FD
6A89DC5F03AF6B4D75DC233B6E370B7E
B4E954BA2E1565DDA908F0D9C50032AB
2058508A18DFC9E4BE0DB2AE789BFCD0
3260D7E282132871951C706DA6C2A05B
10A2DB909957070D2D2BA82F7A869005
8E6394427D54DC3213916F9C438DDB8D
1089A4249F632654B00271A874BC2F98
8067426686F4A7EF537E72FFBDBDA698
9397C5E6FE91E02F32A601FF81F0617C
0E6D3D159F8C3F43E5DC4C710D70C501
C65987CD54A6BF171120472CC4D61DBF
F506F0A0C6521121F41337BC55BEE2F1
F9A354197E0AD8D77AB36076AE538A15
F335E9D2C0274E65024D7B097EB9128D
61AF915998B19C3B31C2A2E8179FDD4C
37C209A686A1E8850A731755499D6B16
0CCDF305B053BDEF1B631A9FEB190D38
D336F67B6479E1BB382BFE93DD6D3B66
75B526276FF554889D1F8B6A8BCEA173
07CC04581C38B670D105AA069C2150E3
FAE192F7BFF52219F0711BE8D56C6226
519B5113E5076F39728026641E0FF96B
086EA650BC928E118F58CDCA993AC1B7
A404A686E1AF2FAEC301DEE6AAC970EA
C425A987E8CC4447C955823735BC3CC8
B481D8B1FB34DB62A3FDE2392E23753B
4EE05428900A371AC2CAA02B6EC279FD
A1AD757A1DB729D52854F3E50D8EF7C1
8A98E6BFC94E3A4CEDC3919D5CA306F9
F508DB8D955DE05B8B128E95E0730127
B68BC79D4A4091E1A6288AD22208C37D
B1AA369803C75AF01276F871CF3754D3
93DC0DAB8CDA6E5D718BED0FC9C3B0F4
5443EC00F22CDC4989BEB6B396EC0E99
04E052CC6A9E9E69F254590D0EFB2FE4
1C1596521D4E1676DDD4055B4B1D8E0A
1D7639065CD2ECABDB394D0F1603D176
B417B1691316D53F1195F2D885ADEB4D
801B5604F3D62EB95CB8E1F6816E1F22
E42E822363A782365FEB03EFC6B73388
3E308BE08E5D5CD2EFD2EB63A2BB2233
64E046FB60E6BE7B84774C85DA4E4ADB
242EF8FED2C06EC4C3FA62A0AA1858D7
705A327D72802B0031B1B7B83748C2AB
FB6CED514D074789C48DE3E92EAFABC5
545E8BF7ECCF2B85BBAEF1A3A54217D9
FADA43E63804AB147C836F1A655D2B68
31D2D5C0CB03536D4792023F081CB6A1
F799A7947F5D9C2AD68180F78BAC2A5D
E83C7C80028F0ABF071444AE62737256
56F5C5ADE757AA9BD40FDEF4EBF3CA40
C43B1E7F1CC080672F8B696ACFF521D3
A9706C4BC6D76AED966A87E26EC19C6F
4A378E504340AAFF03870FFC844C2318
9124388392FC143302EF26FA7052E541
26BA224E252002267146B22C8E42E2F4
DA1D58A1F366E1A7924C58B4FBA5E0D2
9921B4D59721F1152CBF67E7CF7420E6
73949714BC4238FF95FC653AC8D12F5E
CD209010F19B1E5BA012B48E5733A9EB
61C33C8D19B36293F7243BDBB189E1A7
826952145E43FFB1D2ACC1225281B72C
6F262F51FB2C5E41F51D4E40246F9B10
F625C852F9C1C38C516DA2E99977EF8C
99CCF796ADE07A73DE79072CD1C554AF
C7E625E3217E0003DA7502083318ACAC
02B6D5C1A95CD3E349D0F0120B5C20A5
69616F01B980FBFF27EB67491C079641
6A236B7D99B1EA32821D775B8B60AB67
D0775ACA945EBA928158DB56B87ABFD1
642001F35A9ABCE7F50A8E35F6A278B3
636626E2BF32D4CF78BB27B5E53ACCAF
A0B7EB7E01AF0C0A61E35457AE3E73BA
3AA9F1C359222D141C57D6C1FDD8EB96
7E4B08AFB4B04E0F06CB3BC3D2C9669A
0B6EBCA973279FBCB0C0E3C983154F37
3DB4019E7220B1B8C5B3E56843FC0B98
44B60B7DB7F1151EF0D99659DBAD4E62
077413C9C11012D0AF13165CDF737677
22416BA117F96925932810D9CC0BF44C
DA45AC384CBB5179B80610636D9C3789
6118EC16AD3FAA8C91F9D608705BA7D2
D6ABE6C1FEC36872BDEA17686007968C
2232DD919EE15310BCB81FBC284D52B5
DE5311543027F1A16BA8C0DDE291AD20
1DBC116CB17D3CF926A785CDFC930C51
8CE13F0854405C48536E5B6CF71C4FC0
ACE673B08DA23CC68F6270E18A3238DD
BCCD207AF226FF0E6E5D66A8DFDB0109
BFE5B9B99FA11232E42334FE03CB47CE
7C86CC8271F1A4C213843820CD7B7F9E
5D5792FC293CD1B3A2D1DEC97B6BF938
4A6875DA702B784D43DA323A7CE0C7C5
B4D0F342928E9C67A67511E5D5BD5E12
C33F2653D924D9D7B51F1BD4BCCB70C2
51DF4A0592CA53FAF16E5C01DDD23A15
DECF6139D517724E9EBE95CA3D617030
F83C79766DB770457E68D1BF1F48395E
6D8CC00E17D291E23E3BCB59F0BF56ED
69F2C196511EEFFFA932573C9468D47D
04A04B289784B415260A023B86ACE628
0B7B6374062C5DBBA3BD5C63BC67327C
9BD3BBB421B00252512C8E1992FAFFAB
6704E9925D364005A4BB21F199B52B05
EBBB95335FA89A6D50E8DDC55007E549
EF37032CFBC3CB4A3E787A779011EA19
A9D8C218B36B55A8CB75E3017893A059
73D546E5735F4E9EB201ECF711E68C99
5D302E6A897BB5027C807C0AA2407F76
4A1B3081AD11CEA0D145D3FC8D3B98E4
193D9533B61C617DEB952A9DFFD3251A
4A46EE06F8E9578E8528A5627AC906D6
877A7CB2444C1B3F7DC0BF70B4BD19FE
539912EFFAEBA63B066F72FBA459629C
43247AAC79ED968965C6BB5F40C30393
06A13C7AA91B20F32C49FE2C6888A0D7
2C8429F7FA5185467B820F5309F4B0D5
4F5CB76BD314524FC4F8BD3050A88BBD
5E1D9A4732EB23D25F17B866A431EDEF
F8E4ADF6B8111213A3E99FAD2F178C83
500B55B161C02E61C6F272A07B903AD2
646B364D48F1A5556E65F14A726D16A5
F362895B367F99E8749256C7B3508C0B
4C2B80ED6528E004C38748441A2E6948
76E651D2BC16A56DE73539AA93940320
CEBE2EA2DEF3D70C837DA417364EE5D3
179687E48F12C65FC3EECC63B63FA394
787A8F7BD7858C6613B28A392671060E
CF82B5A9ABF6CD5E76DCAC526C77D577
7EF96DC8C81F12BA4CE7DA9CBA42DB9C
F5DBB6616D898568537CF8B9AE07B0B5
8A872A6F22D8BF8A65049EB5BDC8F275
733A3C92B0D946B6F0E1ED1A5DC58EB6
AF57BFEB37C3FE6080655921FC3B4146
5F1D2708023956A93D7EFDA5C2083BED
BF89099A09B5F899E092DA109DA7B297
8613B490B7AF1DD8FEF53F1F1C2A23DB
ACFD2F35182D4B43E94419252171B3A6
6CDFF758AF97061439BFC870555461B2
4EF80570D815B1434FA781B245EA19B0
0F72C77006401513D2831F2F9D857AA4
7AFFB772A9B066482846A0F0637FBB7C
B3F06B86B414275C3AB986FD8978380D
FE4B4ED454B0B051AEC7B47E4AF5C4E0
E75F5E98E31CD748907AA68F615A80BB
26E01D81274B9DA855206DE1094E9CC3
AF512029A2776DA73F6E0E3C91C38167
B6F53B1D8A6F7E33EE3CE14C91546061
4CB499056C2BF952C4959B572FB8B0DF
B4772D91F6201A47F220F37CF1409CCB
607C3F0C6FE0B164631D0E694BCDEE74
684670E72B8A92C6C23F999F920B44A4
29520855C3D580BBBD78E9F559A18357
24A33CD127DA1FA26246ED27924EBFF2
029041BE5EEDC8D8C20885CE25396366
FC975AFBB8727A0CBEBB513F27FF715E
DB4CA865D3A3113CFC2218E386DF52E1
38700ACB996965D3690FFDD28E4F94EE
EB51FDF437E7B0543295E3BC5F80C4BA
F2655FA3289DA65A038946AFEDF2C33B
F225A4BF49D3E1FB198E40CE68006F64
3722D74E495E12E78E63B66C57A1E0E2
669DEBA86912F32611CB100E02DB338B
8B911FCDE92E5EDA11EAFFE895CD1AF6
ABD52B7DB9693142D4DA1D337F0259D5
1C355F2B69E248D05487A62DD9A0FB08
C55EE0BF7A4BD378343A653C63CC87EC
BBFF7352B3BB546BE307BC68052AB86E
AEB3F12CE3194D2941DEBA60389F01E2
12DB7EE0F41A3A6C4B5B6B853D17A341
540BC6597F3744947BC47EBBAA87FFC4
16EE8C78FC9797A20896070175C8B0B1
8EC2EF0F772500C9A46962DBC0B4AFB9
32D7B2E27A45A5D517764B1DAC0BC6BD
0F592400EC5387C4B27645A403C473A9
6DACCAD3C70C235FD99A1C317DE64E39
F31DDF85EF709ABDB74F3B7FFFEC6656
596C33D93CDC443709DF835AA881455E
2C2212FB32A4411B809A7FDCE1F6A0A0
FB9100342BBC6C26BB01601534FE6D06
F5EC7C6EFD6A417A1551DE2048DA7F6B
84AEC90DC0B2C2CF6FD5AA8A121F054A
05AF08E89BEA7C3F717AB1621B031B4D
B48CFE19F14E749ADC7769DA1F5D2EFE
1C07EC7F968D27C31C624A1963D85A15
7B86069BF65FD97979F68F11B0EBFFB7
B74940E9FB53947D55030805FEDFF3BE
D9B80B2B70F8A6D0D07FF21CB15B520F
AEF1EF6AB66E64FBF6E001B8D4FFE674
2B88F607F4ADA5FFF018C32E903C5F0A
C41A30061302C404A2C27D8E876B0E2E
22FC9FF302FD58523F07383435423A74
7418000D1E7BDF421B0BC43996ABFF77
EACF37FCAF2CBCA06E77EA9AFC2AC9B6
4B011B3CB020938305D08153BE8B96F3
3A87532C4FF53F4FBD1C0F5000D76960
75306EADDAC97B4AC1A7AC8452043E18
5EE06C3A82789B139D44A53A51893868
426DC47D097D8E28CFC74FEF78F15D3B
9D4338BA2598B4A04BF3BE3CD37E1466
3D5988BF33BD74EC8604CBD17A568DF6
E7BD13A03D75CA2B908E6E77CA885ADE
700B1F8FFC1B4197EAEB4C43B4BDE11B
C2F55D523EA8D0C4284FB6BF6543459A
B4F4C6A0BEC83DE2615B0D099B968604
5B3463087ED3B71B1674B28247C834BC
86E188E1A4A610E485F54BDC006FB29D
B4B10E6C25FFC5945BF58A0A85EF73D8
49D7A68F7EBB7393257F68D760312969
31574B97EB5936B0409901F6DB2412AC
76369B5EB74326CC629537B7B4A17BFE
4D4BA82E607F34F518A15035D58B3F19
133912C5F35532D1AE364CA2C7418DDB
126D65D302D1520C1126DEB3EDDF9AF8
39E22AF1432BD8EC9036E0FAECF8CDCD
24BA9382EAE5F835BE20FB32304E8DCF
C2C6205AF9BE0722A5B12AAE3F574E11
916E3894AA782A6F93C7DE6758C06A19
F4F6BEA8669A2825443FD433F333A432
6F42A1BA3DD353569962998DF029DFAF
A3E62659C2F9E96CDC9E1BF3F2AA73E1
F1DD29E7A675F3D1F05132228E5A41D0
866F262465D772E57FD489CE0C890DD4
20D5B80E54EA0A3E43D6F210F831EDA7
B3F4EF566C5BA3011B835883B2B3A3A2
0F1D3CC7507F6C340DBD780228489D85
BA8AD977C03A8FAC9EE545B3AFBCA38E
B650810D00F935F15B4450C907E86CF4
6058D5F247CED810B4DA3BC1443B4EB4
B8E0B7DAE5BC7224C1A4B08ED7CFE3D8
6620A1A978674690E4CA0E6EFF1A0537
DCDCC74DDE0053EFC2EAE5D916005705
E19F088711871B2969ADC72669F2DB29
0E5F51B5E35F17F4CB6DE202E1C71763
7C0235FAB14CD09278FEB43CE6E8425B
174B4A1CD10EF0686926F55639CDBA09
ABF33E0A17B9FE2AEFBB1C8559578A78
490000C253543BE8543DFB0E234FE255
27D144E32E8CA7B9413B39CCEEE6924F
269B5E04DB84E5E58DBAEBFF8FC5674D
C19343345B1D669DC0DFEE2ABCC4312D
6CBB05296D1E0EB10D4AA0E1FF0578BB
F658C8F7AAF0B0DEF669A9D866B6E2DA
25CC24DC76805C9F4D79DFA0313E54D6
0C18EB9AC6532E7CE83AA0E3F489FD37
13B43CC150BCDE90325D7ED37D0ED838
4E16B700F413E0F0BC9D9365116F201A
D525735332A65274AE93FB9E74878E61
0B7A10FD9B47077412BE0AE8D95B21C5
2576F950210767F183AF95559B37640A
556F07B367726F94ECF9BE1A2B1C6449
FE75B17C6B30A089A64A28F4032C7108
2F04CA578108F60AEF2101768F65B6F5
AB3C832409BDFB3BED1F5E62C12F37BD
90A4665D97054AB527E328B7CE844661
B7702E6474C109EACC7CAEB4165FCE78
2269B9423096E386EBD0678190C71424
DACD834C41044FFDDA2AB9D8A1648C06
ADFAECB755FEA19053750C7D4CE9D58E
FBF0CA926C728131EC183E331ACE34AC
C1B952C17930244418A00B0CBA64AB0A
BD3EE87F2952B0B07CE59B34B7C88F50
3C91149BCFAB2B9802B848384BCB3803
68AE1AFB7B151E94918184C93A0F6C90
9C7EA32FC9F5916760789F121AEDE359
D6A970715894C755B4A51FAFCD533D03
D6C6F65595E4F605BF313957BF5FAA3B
1CF9836D0FC2FEA88E87242EE5215C4E
5D90BB636065D4D393520428C4F6E269
97C99025C77251DACFA2F1EC740E4ED5
F72C5E4B21FC65458EE65CB187B376C8
7CA4EFA14FC4DD11FE96AAD015F8A3DF
DAD3A8321B1A6DC8CC0C8DAFB505BDE2
8488A7BA2F7D646A22C3F77195AE612E
CD59398B84728B33438FDFA6BC119FCA
05A4FD57DC5279EF73CD96BBE7B652BA
98D3E1E0A1B37E1F952F4621E71937D4
6E20E9289E9B1E2413B97EC87DFAD203
19FBBAE0DC33EDD4E4B7149ADF759193
40D2813DDEBBA0225DA784976833EC6C
EB2ED1E52AF3713B3FDC988EC18ABE3D
B6A959F0F53891235FAE73A4102DA80C
656DA73ABBF1A5F5BC2A612C4D5BE73E
7A298C31B806E8266F24EC21722CF9E2
883C937AE6B633191045DF86F9B4AC8E
98FCA5C7E1E6846F79644AA4A43A926B
3A02EE7B4965FEB9E9856BE62869E54E
D6A9FA0CBA9023626EB980F055CAC99D
BDEA944224CCFC6767D93D902475A926
AC9078415A4E34A572EA9E3A06812C71
A87933C931B8D7EB8A955A1C011E9563
237CBA8D24CAACF47399205D1002D219
D52EDD5274E7DD7D7992BBDFD5247287
E20B24FED552766E1A22DEA1D48B8BBA
FC7E7745401B183A0AAE32676298E521
15A36B3F89DC55876BE724C0D08B3504
5A2C44CF32AB105E605B14DAA68FE07C
5E78BC445F67E12FA249A293527687B0
CBE917E3A2889CD1380A2A9899607502
0B180F69933BEDC51B026615CAC938D7
08277C1D74AAF2E256CAB7C37B57426A
8B1A52F64C74DDDDB68531BD700767B1
A247F683283BEA9C1BC4F71A3E9CF199
8A6D8003505C13C2DC19B9EFB94E3AF9
5028825D4ACACCF5950F9EB23228C040
6282A5E415F8B61B513E77CD82A13415
BAC8F9AFEC14BC41E677F32ADECFF593
F61E3E52CB34FD974B83F4F35FD7D710
0667740C7E44B030A22C8E2093319B76
753672E64AF9159476F70096A5C70494
87C9E0221920CBAEB63E96E3293A64CD
0C72F191B2957CF7753F897A499F5D69
E755AF3EA41E9D2D913A02378585F7FF
73D88584CEAB4090B185F70FF2C3D64D
876C7FC577C2D6D6377CC5F5B84E328D
5AD74718820BCF1F068F5E3277274246
AEC414273A12EE38C9DDC5142066273A
4B3844B259EB3816DA2B20DA7104A69F
6906EE322C86C19F54B656B15712D3BE
AD949A751543E83BB28002DA0F148753
339002FF997CC64BD1AFFFB65AE85618
B55DDC06FCA8CBC06CACB965209217AE
2CF64E0A4E8E468C23EC92B78FF1FCAA
B95248B9FC8A1B50BF1D94F01C3ADB81
EC41EA0F48225B1BD93728224800B00D
E27B2DF3D32A306637A89A152FAE3637
5E1D4682BCB7D2DEC56788B3888715C9
45B59D06D2914305B9EB438A69242ED3
F740C3256B1A81D1ACCBFE1BD7905531
CAC7CE1129D8AB521413E2A8A58A55E7
D7E528DE27516927A2557801E8E1486C
AF73251D2514D20D0F5E50FF6A95F50B
79912F00CF526ECB5DD2717F6AD332AA
008E94705F1DA25299C71582E571F3E0
0B86B8F33D487882E7A74A323B1A279D
12466456750D0AB58FDDDA0B8C9769F1
72244370DF29E309EF949B79B8380D4A
D59083AC4B155131CE7229AA3E4B3D94
0570DCA9F80B5B10217E9810DDB448BC
212701D80F5798A958E4A9144CEAE3BF
6ACFF59FBB4AC11F3E405087BA084AE3
A26880F244AE65AACD58F215AE8834CA
CCDD82465381980C96CD44B1FC7E9400
D35D715D33CD83EA09D55F2BC652A3D2
D460C9E11F9C1FAAC93D43394ACB97EC
9C1C356595AA2C29C0853C1F5B70D067
59A10497681509E065D9BF6BBEC11F66
2B5FF1A9FFB1E9D42BFD644CE6B387AF
982BE2D3FD2AE35D0BEFAB1A75C0DC76
AC783D6E2105C276F3961A9DA14814AA
BEEBC69EBFB4CA6F899FAB11CAB38356
DC30F26F78116C91910043EC23EAD8B4
BA96A4B60B030D27600160452820364E
CE4F60FD70A1C6645B9C169574816819
44EC8B34E4074128BB39F68A8C751293
8E1A1892532513ECC517AA5562FE0F0C
F2939C6C022B43D852AF416174A9C99E
82F9655D38A2D4DBFDFABAC4B88D6931
AC409E82C0BE8099C7509155ECD3555D
E30D6459704E2D3633830F0C7EEFCC4F
181A5CA22F0099D62BABC55E5369655C
CB4FDEAD9A83DB55BF602C0826488C2C
F1578AAD2953C2B5CE9F182D0DFEDDED
3149F80C8098369BE339413F45CA087E
872D604AD429D022EAE66EBDA79C1F30
0965641E672CBF3FD2A304BA46C39EBA
C921E536D5E90D78A3DFEF53D3642FB2
8ED24736D1CB751CD67A83C455FCF514
67348B1DFA29B28B5F34C19DE67222B7
EA7C6292F6E49EBF365A3CE0566F621F
88FC0B4F9816783A80526BF43043A8C5
D525BB2487AA1BA256B91ECED5B76ED3
7E9BF39889C3B6219F4FA5A892B05F15
92426FB16B983AD75B953F28E666C378
831F5E2FE859BDA9124E72FE4E81AA6E
CC83E0D30A4DB35537BD61C0FD807656
218BBD2AC4427A1975E6BD324C701E0C
39A1AB19EC42DBC3C1752C6FBCC06E76
96B95BED2A10E083CA7AC2F5013AC5DD
DB17B90422E0B952D1702FF12F012CF7
C4FE4870A86FB0AA6BC712012B162603
F04A7DBE795AC58051401CDF28E2D0A1
212848A599AB1DAD8CED10C60A1DF1B4
6FDFEC304B3311C52335EB5014464EBE
7A97BDA5B2056A51CDA478F995FC8B7D
3536A5B978F501F02286C6D35358984C
E1D0622274ED95CBC6593CB66B6C6690
34C9F7760768AD09618FA62E2DC04995
24F6F22AB693565CFCCAEE9702ABCC64
2537A64187F96442BCB0582B1CE74857
0D0739EEAA719732D7A1EE5DC1D5A30E
CF104B0FC4578829FBB0D6A068DB7BA2
CDC311BE4D42C46C5BD28DE0A747EE11
5778DBEAFE4B9CE3B10357145BA86136
4A7BE211DFA09722EFA2FFD85515FB32
038FFA680A42C97DA2F0652C5CAA3224
BDD6B429F57AD967B48D1AF205BBA144
2F3414DED94977BD8EA76E566CB68C6A
DDC86128BB648441CCB4121D1493CB8F
D6ACB7EEB758C3B0E3132C3E14A96A9E
F43F72655956029102C1AD1499D4FA54
045765CE2E26372F0A0AA7192F9D07FA
6B2AB3BCA29E69C740248AB0A43E3ED9
5265B0DAE56F8C29C666CD1B65645BD9
F5A24CCD7832C4A3A32CF2286871424C
7FAD35D48431BC93C50F368C8C7AE8E9
6E55C24E0C77A4192FB33FB60F5C7B74
6AE69C288FD315E0C917BBA598EC2337
09D51501526801FBA1A521D8FCE7E84A
8A74C80DA0DD7B58437563D9519862B8
3E8182191B08699675A3F8D7FDBCDE7A
7708B73BBA60D94B5713D3003E4DD1C2
3666BEC2783A89F6DF2BDAB7A56734FA
88FCAB77852FD3F5458E10EF68CB8998
7F614D7E150BA64C6E0B578FAAEDDE18
FE0E3F37AA5629F918AB07836DD60167
84D529620AA0E6A5FC43C678A647B0A6
44031D8631317970C0A5130401E02C8A
F7A2A3FAD9FFCF574A0FAA86BB532CCF
7DF48C00A62B7E536552B094D957C5CB
A4757868D6455A9E20995EDF5ABBB890
31F53881C50D86EFC757E045D55A0CD8
99ADCE039D8759D43D7C485CD857898A
E4AD30A31B21275F36BE1F01D07531BE
0D0F914AED69281BC224724B5A6E8DBF
21279D5F700AD4B0EBD6523EA8549C47
0C282986C455ED910944DB4A9EBB695C
9E7DBCB04231B4F11B69D2DC6A33B3DF
B97993CC4100A5A78A63B99E2FA476DF
D1A8F225135C5AEC244A67D979BC33B4
8F95DA4078C1C53FCDC5BADE40F1AF13
71DD0381242DD1359A869AA3B08A8F6B
62BDDB087A6F5B82FAC7CDC7CDFAB664
FD8469C924043850B6FD9AF799FEE7EE
65933FC701148BB20ADD3B08B55E3F37
C7336414456047DFCA4BA71A24EB9867
2D73D059A9E44CE6CC627EF1B6A201F9
B368C13EC8FEE5DDD6C8C075AC46F54F
BDBC03E1EE5948036A07B1DA6019EB53
31D4166BC978B72CECDE9F6A61E0FD38
A05AA2E6306B0B6EA8D701669B406D46
225B26A658FD88C31A191BDD11B4AD8A
9F5A2C2A29E3CE3174DA19C2B13D0B3E
678EA7DB2FC7DFF494DEDAA425F5493B
885AF939D29ADF7E88A4741938BDEE98
FBC9720E302872A6FEE68D938327902C
62EF11C59A6C50BCC4A98D5DCC5B2144
94BFC3957142BE1F1ACD987E4C948F44
939418693C29278D4D0A8E15FAB5C8FC
392093DE4ED6770C78A071404669CEDA
19912100A499D7BF625EE7B19E72A0E7
1CA54641D36546BD6A6AFDA8FB589CF3
9C39A7F27380DE490EA07B3FA2F10703
F7C502D28C234C70CD041183C80C35DB
D67B920E33DCE52872E6EEE635C9A309
7EF5D39692B0E8A884130FD9478015FA
4B711F25F4B7D02BAF87C263DECA4E30
1733AE07AD2E503959F980936613EA67
BA611B9BD582BA3248682F3C492F42AC
323A18EBA20874B8190AC4C10CBD93EB
BA0CF1CDCA9B3D47777E2307C2F098CF
183AF1A05DD7BC3B84F7DB609ECC7958
45B945B681EC048ADB1AB9FB26EBE6EE
EF2A8D9BA8F7A74CE8047B612E093D58
48AF0AEAAEFF87ED9AF30F38C449E367
F068A80CE62B84A2FCC3340DD5930FC9
9437F756759C631F830E6CDF455EB3AC
C25DF540D9BE1699DB16E5383016DBA9
4C91E6B9F6759198A6878CE7E28D0452
498C7F4FB6E48EDB66BB7B4B840DAD00
0812CDE9081DA1C05D35C9E09B424BC9
F9A08E62182C6072C206F448316D7E97
4F9AE23EBB8C8155C445BA6ADB2DB413
F79D6EA87C5C217EF6D6578E5FDA71B6
D11B84DFDDF3A84A62B5254E76CCAF19
6043E35F8C4CA1894F2BB1DEA9964C94
7800DF7B2262B828D937C1D7DA85FA86
7BD59D509DF7FAE095C6DDC294A63377
A80E2F52824B5B356E143A378F82AE56
C7D39158E8222D1FE106484D4A85E5F9
3E06FF4B73E8983D88FE43E1D7F691A4
2638896143A371176BD2F7AA24B55DD0
C8CA9744C5B7B8F0F2108346D2282D7D
47CE9D8AA588FD1B852D0E5FD880F08A
4A4D85EE32C2F5A59043A8262AAC5C79
374E596BBA0F900817527CE89174F0C4
9EF806C6F09EC8726E173C4E604DFB92
1F2C350D55867BE4EBE6091B526D29E9
95D2BD79AD14F50199DC604FFDA790AE
E0A599D5D7995DE1EEECE128AF5FC8D1
B9B2AC660A36D8E5CC844D98E1DA6213
9EF6F64203DED2BEB87086D9C2A35DA0
CBD1536F6F80E8CD62A4B48F590B23CD
9C3547B26E3C7EA71FDC68DB7C9C5255
A0627706CACFECEDCC2712E29E86AB81
D67B0FE7E11E0108125DE7BC85D969B2
5C91DE4F2D00AFC8E24E9B47E8260156
ACEB67DB6544DF951F8C3A97A41B1234
F662970335018788AB264B4304B0393F
C7E233D88494E89CFFA48D251D6FF880
BACE74D0DFA8EBEE291AE32501151AED
D8322B02CD1CF9D9339D935E173E0D29
34F8E0AD4C74CB5EFD0B915CD13F702B
6C9A730D96B78CECB688BC998B212526
D4B03448D53625DB9838CF8A7FB80D93
EE7395E8E73BC733F8CCDE6FF04DAE78
FCE914AFCBEE12FFC2DB9307AC1F081D
52946C6A377EE58354A457BAFF684F63
D92A1A604318306753986DF8CD69590A
644FE78CEB589F542F74E01BEC2A5F24
5FC52BDAFE5FB93A67A2E2C433340664
C74627D8846E0B4847C0C7B44A54BC0B
73D8827DA8B3D32AEF7902F3BB330F3D
E86793C7C8EA10BBDDAF7E9DF6AEFA74
CFD5F7E8E94FAFD16A33C16C0CCE1097
1D604EDFCC898CEC9634DB0D548705B8
36818A8C79940E52F5ED2DCA2B58428F
3462CD73DC5C03E61ADA7FA482FA6B8E
748DBFF1260D195192E473C79C4A280A
EAA202D9A0F74603D48517CEB12F9687
57CA40820B8454303BD339112479B635
BBECB46A495C8875B4E33A59BB6E9BD6
2BC8E0FCEB8D18CA919D05CEDCA5B6C6
CD6254E84FBED3758E3F71898548F7AA
B013CA3796444867A798EF50A9B086B9
A43EB76FC2331D1E0EF16AF3F7F008C8
927689DB7FF43A696920BBF567A7F3B5
2C94DD3C69BB2BF5F5D546DF65FCCF2B
BC84C8C9628D867F0071980D975D1CE3
4EC9D895DFAE5EAABECB691526339218
43CC1E0B35B0D95795AA4055FD705711
3CA82B53198E03C3FD840934E4209B3C
D62B5DC7512E65A0F4702F0BE520FBB9
B4EF1D6C7E7BA5543C000E502BC37FF3
CEC0951425CB05369194AD3BB7139582
0FF5D3468798665E3663564AE28F5D87
1719C8933EF8373C7C9BC92926C4148C
66480D7F378AB4FE8A156B60203D6C56
EBF04F1CBBDD97AFC00A4897771EE16E
0814932E7463C7047F29A2DACD9F382B
BDC1CE26532D093249398416C1D95EAA
1B1F09F20449FF1561933FD7A7690B1C
12030A7ACAF95EAD34F09E860574B6F1
59FBFCEB05A7CC33B2649A65DF6BFE77
580F47F3DF27C80D6C69B4635D85D058
B5C97B09947DFEDD1DC516EB4752D8E6
ED1AB4E9055AE174906D2E0258B4B96D
2C88F5CAE2D7435313BA4F185FF0D92A
2D6DA573F9EE4F637C5D3E896036B842
467196156352135526195753B125BD8C
5F12C8E39A4E6AE26A2BCA0EB8B12F18
4EE483E852E0636A317DEEB714E6B353
CB1BE6B3B1370E9A940F4210BB37024E
121F05696B5DB8F5024288663275813F
21CBEABBB7CC8BF64D7F719E54DA74DA
2F38670C2C9A0496ABD6CE8EFFC43DCF
D3C48D173AB026F02786FB3AEF48E385
4043B3D4148E2CA49048CFC5D5D3CA1A
B6A5688DB0D7ED49A5CB9B5CFE163469
B60F924548BA1D5CF5B8B65DBA650B0F
46523BD23EFA160710EA1CA597DB1435
6D91BD9EE03181B75DF659AD405E2BB4
28F7BFE824071F58A23691BB6ED97547
AEFFCC7FB48994F66A1D71C018C21971
1C57B6E3D7EC4EC7645283B8CACF6DF1
914680FCB8898609BD37DF9BA3A47C3C
DCAB33A2B19E8D2DAD5C3936BC707BC5
3C05678E0CD8A36869AC66A6FE35C38A
6C8E9B87EC8900463F78C7381AF25B06
061FE180488C980C5C76EF8D41989DC4
AEEB3197C7BE18E2E98688E7BC21E1B8
0BCC66789DF81B70BC723761D7CE2687
1041B3F97BCA33D7EE67025848A7481D
8C87CDDC857301B31A19E12F81391D60
C82CA15C70C2429B5B1196A1B766A989
6802AF1AF04AAA3EDEACD8D5FF409907
9CB030091395E96E9C094A3209FD97AC
3E8A20A0490DE04DAD841A2F69FCA152
A960B4EF189FA5CB77B7E09C4D154765
1AD4D4DF2EA40563DC70C03EE6ACED9C
D26102ADF5C266CD011A393C9CD2B19A
374BA31F056D686369873F4E8781C3F3
314046657C19B5200C8D34BAD1AA8021
32E67CBF14ACD973214E17F05E7A88E9
A47A874E21E9B163397A3CF6070FF66A
80AFD8A171A67C2F90F26C7444A6AE9D
BC12B3E49F878C1DFB320E833B62C568
09A67319E9C213BA0C46E3FCA89CC4D0
E6DC0A876CAF97418035E361998D6144
1473B46696569BC5D8AFFE6121B14496
DADB331E9CC68CF7382979B25401C54F
7A4059DCBE628299AB9DD969152126D2
FD1858D48070A92C7780B99E2EE02EDE
5C8B2AD8053116A2214F23A019312E29
59411D1067E53AD3C004A0DE9CE8CFB2
49C78C3F665564FA9B9A54CE26D8164D
C5D787D36D3026566C44CAFE670B90F2
E27420EA336276968CD319FA2A6B66AF
6048CB540492A3A65D103B27D54B2D9B
4860262E56F59D12DAB391FD4441B9A3
8D97256EC1AA0BE1086CCEAD212299AC
452C9099455B0E918D10CAD6F16517FC
B6C4F4813B79819A5602DC917EE6EDD8
C919E6B1571E90FC680A9AC75000C03F
6E380461BA71EF329D371C61DEC8472F
07E0AF4044A2944BFCAEA5660C889841
99245F2F68B85715059724A179CD76B5
ADF9470B6F503C470C7A3A140F753909
9D9AA9406572A13AA83834C8C5CD3F59
0470B20A7234EAE07927026B596A85E1
70567B74D1BE824907E482F4FBDCFAEE
53D49FC3A34CD18695383100234E3D75
BC91564266A6AFD710AD69D1D4DF450D
BEB561705600FC0A666E85B7FEE4CA1D
DFCE1034272B504FAF36C42A8F3F9F0B
F4FCA5191BB6A5F20B12346C2F96D84A
C3C73687E8E56E912ACA0F39F32E49DD
769C84AE5B11FB9C21FA95E0A9A12FD0
D43621587AFEF360DD74559752C470BF
F6C3F68B27410624F25D457FAD2CEACD
423A0E93E895948C771066B9704857DE
FD58F3778C990812B4C415D0D43B9235
FA65BDDFBD2E8342E9CE642D17B8037F
21C2A306FE4F5979302355F06E423D4F
DA868DDA3758DAD7154687041B06F92F
1C280D2D8BC4088ABE04C89DC89C52F3
30B64AFB12120F7CBBC324FC8D60E897
DCDB0467DD5B75FEA73BDAF64015D0A7
1F4DAB8EF11A81687A6918CF19B97227
740751FAED5981916C69C4026655ECC0
A61182EC7F862D101865A4EDE1BECCBE
0069691E6471D36532B837C8B0217867
8B6BA9A6D3F948D0AFE7C98D246CAC61
5BEA868C7CC455CFACF96D3B0C3C1EA6
186BFD96B986A2C2B3DB2AEBD965AE07
1FEBB5A1411877A772CC045D5DADD31C
84B500BDFD8070A6278E81C3A8E29875
296D6C3AD834598F75E6ABFB12041ED4
C0351ADA1B54726AAEAE165463D512BB
BAD77B627386F9E149663B4A9C8B1778
253E45A3EFFDFD075AF50666B880FA18
F10FE73E2B79A2D25FBBA43B98446527
261A000F864840ED64D3E35153199FAB
DC1B8A9B58627752C368786DAF317AF2
9B4C04BEEF6BF2A55FE495587C2305B0
A048A5D3D80C7D841C281EA32515A3A0
7755EE57894AD2AD70680237CB4C1CCC
8445D98CD5E2D0A69181D6C2E1120ADE
14678F0F1A4360980A1C6A19EE3B42DA
2A4FB9AF3B77D4D0CF7EC07BD17DEEB7
BBB0864FA8657DEC2BA1E7A9F5BCDEA9
33147B51D875496876B153E1254200DA
225785F559ED14401352DEB60B20540A
65654DA5CE103B12429B7FDE391A495A
EC2A88EE938B6D1831F083564B37AD0F
15F1089BEFA634F6D95169038E4CB2DF
F64E9184E552CDDA128D36473FDCA4D7
446B818DF9D2A231226B73DEDA33ACEF
7E98C2F9E60E8A589794B38AC1E5DE2D
DC5E021F5C43D2F510982F8256A52DAC
BC96AE4D4D409E1592E759008B15B7C2
B64363FE08A6D7FC33E4FA209BF3ADB7
25D280E7D0BB4A1C044B403A4DD8C1EA
2CD790C90D8282E8B2B800BB28B90A63
2E013E3D3331AB65D6FC0A3CE17EAD13
294541B7746269B13E8E8584315EC3BB
AB3E4950CC57E39FF305D5F308DAFFCB
4A7BEB80856D6D7EFDC07DF654AA394C
C75D77C26A7ADE2D32799D8122083C53
DB3AA3B851E2193876EC6F8C5495A1A4
75D82DBE5B7A9F4D477F52147EF51661
48A304A2600D5AC77134EBAFAE269B2E
95C539FF0C9511951AB65520CA57556C
D70273F416165B06FD70B8854C796E9C
1BC88E9AA719806F2DF48F85384A30FA
BFFD8C65A2F11C91A3527F94215FE22A
5546655B8F254B036FBF2B3371827273
44282F06D9C26165DA59DDAE11F18CF1
C81863EBE6CF8115CFD874DF8022C07D
930A947EE078E48020AA35A77F00E91D
646C64269BB0870ABF95D73D1F35C5A7
9667702A78AC2729E9B71F25C8EAA041
0A3C622321F005781F035A717391E666
73BC0DD7084FDEC0D92BE1BF46DC1BA7
FB37E24EDE0EDA6F770AA5040CAACD13
66713CE6E3DDCDB0AC47D2DFCB624B57
5B8BBE29E0489ADC9A7A0FCD63EE4DF5
8AAD0BFCC1CE602EB866A3719D257E9E
DF4D48E8F9F7D21FAE1681C9D8D52198
2EC10EF386C9072556815122DFEB8126
D1B357A0F69BD782F1AAE1B6B1C3AE13
03477231735AD68E23F91EC82B9300D9
D667D4F1E9481BE32989840B27FF0E9F
1C8EBE2B8627C666F27DBF9EF2209C53
D00E3FA26CB53FBC76F4FA93A4C373F1
16D762C81ED8D87D61D284C50483731E
ED454F8AB8DD0B829DA9C59FE6DECF88
F6E74C590E26A5BF5E2DDAF952D8DB74
C83F14F420F068BCFDD4D0F922979E2D
CB40397B1378FD5D41FA1665BBFCB2E4
7A7C2C3EE32F84E7157AEAF6B9FD187D
53FA6CF208E4B7A9678898B5317262B0
C16499E4D89960B9ECC6DD6EFB9F534B
6B6F9CEFA71B9D30B655CC50925A62C0
49A0F29E0FD9247FB916625E47D21619
2D281C38ECC0E7EB4A48311A28B80DD3
15B070563025B966024915AE847DCEB0
1EA44DEB41FEC4B4F17924C2631F3CF2
CADF1F6DB0A3598F9303DF1EFBED72B6
62D6165F693EBB114BB41C0E253B7F9E
9E074195588F76B24ECF6967490B0953
0C181EE8FCD48A30F6781FBCA4FFE8E8
B5C62066A6DFD46A4E66C8E18A4E1069
5A8BF037B6F621486F616F1CAFFE3930
77AA04F5AC20500D739BE85491F05AE6
873F04A2114C776F570A2869CA3E8DB9
41D8D0602EBC3A0463909D9D1A0A24A9
BFA90F99A59D92BBB989E6735C25AC91
C0B44818FD222BC5ECA684D9768F2F28
E50CC62F852D2B3879E0C9A04706948A
3999A40041292ECD4F63E2CE7E9D82AD
4CCD37BA56BCAE4D270752BD373D2AEE
ADAB0954EA3706668E45571D7730A69B
15AABE18C6D832E7A1C9681E7C770C40
B39E3667973A60CBAAB5777345A0DB54
CF834C39E5247BD68F478BB53A5B1288
56009DAFE043DC799DAE5FEDE761E665
667DDC6BD4D1E2300DCD9567F94699AD
5A1773221F1447B2DEE4DFE620A5336B
72F9E25DE88E19DAB35A62987AA2F6B1
3F38A2C4A2FE87A97E8D66B5205EA3F5
747ABC03022D96EEB20212764F42685E
44D09EB86F2B0FCB3CF6585CACDF53A6
E26B12071F5EF59537D29DB99B345F36
D88644C657DF69601B8B2C4813246D09
B0B0B826F795C8F4ECE7B47AB30F8DB2
380ECCE9202F0EEDE82686097A7EB666
5F503A03394AB549F61864FC9B18F000
DFCC2A43B557A5F571542C8D51D5EEB1
ABC39374660195E60A0FA0E2694600F1
D066C8FA74274F19D81A87504E26F528
5DC2B26E72AA1CECF30CF08CB3E9A018
8B60C82465EA4A7019815BD9A8982F46
1E3D4142ACCCE7408ECC3051305F993B
046B8C4AFA58971044EC4A9A0245354F
D01D8E759807084E2272AFD6A32CA36B
7EB8BDC9E214D71256E6C204592E505C
7035884ABB15EAE6EA8F330E32BA9C7C
AC7C810D2B30FA2C424CD253D95C6FDE
1CC126E68CDC202268361C829BC861A2
DBC93F0E092C6EE3B102C7F30E32DD22
EE3714622B06DFC7444327BF20A9DE10
46FBA992BDEDBAD53E995F2955366D82
B0DF7FD13CBF9F4667BF10FD67AC82B0
49F15C6D9025B8832E280934F3F7DF7E
296B72FA08DDE61E4CC9BE2588AEBF06
2F64E14977C460D631D87DB9ED1CA3CE
4FA13C74DF29E44B2C6969157CB4E0CC
7A6DE1A1EAA6623DAA7309AE7B279F56
5894B834A9BD7469AB758756864A96EF
6AEC2827588F1369C96A0FFB2BD2EAEE
3CAA587DFCD171D7F9E7F6C8CAFA02C3
79678CD56F7EBCD76EDA8D3003A515CA
94BB8E8EBAD405BC977E12F0B8B66714
CC0BAF1B2B1DDB5F26AC98D3F81E1878
18F136A08E1DC71FA70FCB5B55C5BD77
735D7495397D4B458E08D04F7C7F313A
FCDB9F35C38A5EEDD59189560D126237
4C3D3227599C3BF3896AD1E05940FE0F
FCF2C2919F3C4DBF2595E0FD6AF286D2
66E24735AC1A5AF9FE4F0BADE0B6B793
C874F220DBB76A61B199B665113516E2
017119E2058E6FFCB516DC2D1B10AC23
07815CB6DBA4DA3BCB9574AB6F2D60B4
7DCFF9F2E6B8F3FEED35A3BEC75BF822
3B960A0161A43C48FD220476983D8842
81E3D7668686F483D0FA3410706F8B3D
2CC52B187C802E5F12F537E95523E06E
B96346E9B2014D630391CD429C3F46DC
543F002588A5082C01F8B7603CFAAB4E
5A5C0C881B1F9CC8FD5437C4B0DF1831
84B809177CD12967B91197F50B8269B0
3EBCCD8AA6A295D3D09B0F4542253CEB
DA05CE50CEF956795B4E7BEEB38FE1F9
B6AA9902427BE34DF8282B50ECE41B47
4DE9954B977D2F8CECFBB7EA0AE6416A
DB98DBBA394CA84D80E106F93A75ACA9
158FA599D4176D8D2277ABBEFA05D6ED
E374D3918F681A79E58A18909EDB2033
2AE9AAEE0F5F0CA932B9D519688BCF01
980845702C4A6800EFC0526A7FAA29E9
B4C7E426848FBE29976332FF9309EED6
7B6B8E493741B85BE0369B7F0515175F
B7B96F8FEDB872F4E05769B2DD05F080
9854507C53B26CD910025DCD2E3FC483
E63A453245C526A3352CB76B55A680B1
59C6498230F7AACF4BF341E65186FFE4
F6560D81D14E584E7BB099FA454A2CAE
8C5DC36886F2156F56C358897A59C3E2
DCF0034CE57D9D645694F3C32B4A7EF0
385322B1438A7E598F01A3859CA1A893
A54A4574FF4DA4238EB23B60824DEAEF
4AC4BC2214F7260E77E88343F2C268E5
4CA7BF18A18D730A7B28F632ECF9E81B
50774DA96CE94FF6C13B9220E2E620DB
FCC8AD48FF69D41F4BBFFB00DE72E58E
42F67F1F60C4B03F194C26B50CCC835C
95C63DE391F1A603F986457A56516841
F82E204A45B6A03211A47CB24410521A
F4E509032E6424CBCD9A870313D56A8F
326723F54EC4B5EC5B9C5EF3C925344E
6F629B656C6A8A38C421CFCD915829CA
C9FF5F07F02CE229E5B58683E829E226
5E790A55B50BDF102E09DC8EC176AD30
5E662B448A8A1651DAEAE816114DC1E2
9E26EEFED6554562C089064D1F045821
A446A927E87F8CBA0CB1BF8159B0497B
3F1373F73B1682EEF54907B27A1B9942
227F79938D85743F77C535C2A4CDDC5F
CE3FB459FE0CC8B826B85B2BFE999A6A
A3A5C529389E7219D84C868E946A4D34
E537B2F59C55B236B2031A45B910D3EF
697EEE80E5937DF73AF622E0986CA9D3
4A327DD7B897FF68815F3F562089FB2C
E802085F5E7031D59AFCF360BFD83E8B
C02888C34D45254248EF690FFB59D9B7
2A6CD4B6C32EE50293474EA8824DED67
7A3D36D5AFD40BF4ADA21FBCD902D446
3ED9AE597F72A56F305620881A7BF41B
CF2DBA893A6D393F36E899ED9E3D1402
2ECCDF70D64734F38AB587A255732D6E
BF3A924ACE6560552ED172B2EC930D3E
BC9C7D072172E174A3548811A2DF6BAE
BB0043D5116338094AE2895053E8AD48
26AA0657A7F878613BA31F0D50196C86
E9186783D3ECFC5D6EEDE4DE11F04315
495E53ACF591AED90DB3D5539F3C58BD
B90098D15C043E4EF1942F22ED0FF176
B14D01397710F9E219227799EFB1B58C
E774BF9BA76EAF62F85378C6549398FD
73AE41929FD3E4ED84754B2CF5183D98
A557D4C80A41AD4C92FC5C0F635755A1
660F97D58C71B4C1200862B66A872355
08D1FD87BA992291132EBFBBA37010A9
F2B3D547A9F08C92AE169DBC4A4020DC
EE9A1774884C3B3EFEFE45DE74356B77
AAFCB4E2D90683BA133622E8E4E3FB61
83E1E415880BC0001959146890E61E71
EF49696503D3B41E24981FFD4B9DFAB4
50DE6ED6621141DA128B1B1E6A38183C
37AB7679958BFFDA04C6DEA38BC39C09
6A24D98EB3BA947960845F31276D120E
FD3F16E2BE7328C488111F05F9ED6861
38060DF0571D8AC47A09E6EBA404156B
8A46406184A59E80D91E4A1AC6CE752A
54632FF24F9FBE8D7614155763E2720C
A82C7E8FD071C43525D6AF119A3C0A74
922931209D3D36ECEEE46BCA6A277AEE
49A5A5DE2CFF7E87907411627E3441AE
5A2E4A5196419050ED302ACDE744D383
C99F74BB56A5212A73DE4153706DF62E
A1174440AEAF252682DF0ED64B2FC161
C841D86C4D44F7367D95829E4109EB7A
1A3B39742F698490A67C2E7D1D505BB5
AEBE3290ABC805446559683A10C8F746
D4C6B283FC28CBF755CCA103D48B8701
18106061A473AB2CCB9FA9BDC6C5D8F7
D0831C410E105B9F4B978F7A027F8453
8DA836A839C138CF0C9A39AA88ACED52
AB7F7936E82FA179A7F0ECE4402C2487
A2222A6B877B555A5810B894659FCDFB
A5469A2D87F7239FD4AEA00FB11271B4
0EBCE574C02849BF3B6B2E3826EAD460
59B4082CC359C95049AE0C20455B6DB3
D129260A81464D38D22EB3A6B5843479
5A2AE80AD955B4A6C145DEF6F2310B53
187340ABE90FA46F7964A2A8536B2E1D
E3F7ED3DF17C96D2E59A60298ACFB7D9
DEC24496F827292EC233F6532F08A641
28F944673CDA2F997EEB2EC119944647
F43AA7FC434F52C83B1449033D62CB36
7EFE5A40D5E239C2AA9F28610BF41A10
5A73F596AD5BFE483EC4F3D60ADB6441
558DEF0DE657784275E0B77A7C1B6E3C
7D84BDA83CC7DC78438CF8507F28BFB8
D45FFEA214F74363BD99D869632802F0
72A6AD9500444A1F13FD21508D669B4C
244A87006944FB5CE2FF1EE6844BA6E6
F6ACCBC607DE4FFCC3FF1C3A59223CBE
BA50D3C60506C36F91B271AC2704D063
D0B5351C92BA690860739FC65FD531C8
6B411585FD927A1C1F811DFE8BB55120
E466C9C18748F0ABE09D9F3BEACB4E9E
E979E940819122B4ED5D44EE70766F56
A53F57364C4712113AA21EFECD0A0C69
B810D8CDB5A8688B31ECE2A7E70A742A
5B213DAE9F95C7120CE9288BF2BB7757
9B1B31021C3D9830684FC8A966902472
7E96708E0E77633763FB0B6EC2957FC0
0627D693E32004B8EEEE23D6CC1628C0
EBCC256F734271CB1671E9A10362DE38
73F8B9062044F50A60201801B4584D43
1DF56C846F208AA0AD8ED50C19878FD7
8D7A75926308A8356973B03F694D24A9
94F26F8EC9B9A70AA70C5EF8A7776A83
6DEA5F1F475CA60BF4A8ED0AC0622444
4EE34ADCA9927C32EFA57CE31D4BF4BE
B09ACF1DC9CC529EB7F1DC4715999D2A
2545662693FA32EFCB1D29077AB1F03B
5AB04E8E9EB9DE70D403176521972024
252A6A0525675CA98C5D52D1C0F731C2
FEF1CC05FFCE1C1A48EB77C73C9A1579
FAE3E0BA2748B73926A126D82116BCF9
A571CC3475C3BB3A5BFD4F56B8AB1889
48AC6AF68669872D2CC113D979864642
43CE5B65AFD1EF0BD6E53BCBE88C9959
C485FE6A656579CD94CE42D6E2277F98
9532C1FED398F918B3B7A7DFDFB38250
ACDC98D39F35A38E9D2FEF0BB16B68F8
5915B1123F86584D53AB50004CFBFC92
A2410E677A80CB162674DF52190E151D
C8B8EB166BFBBE8F5E553B2680C55158
8A1752F32F3228DFBA5DE92E77D98120
162F15E1BC85B985DF7DA328D4A6A9A3
E53EA1819E9DD7521AE12D69F2EEB479
81A83EB94F4A31865ADEDC79755EB717
FD6C6B50CABD4F40DFD7C9B83A8D896D
514ED05946355E30ED0BC08001AE433A
203B15ABB916A92FB650C8303A9DBB37
27E639AF0EB4CB14ABBC11B3C2F8A2FB
FAA1C1D6C25C089FD3AC690C9FE53C42
8778415B6DC4E70A801BA27638EF0C40
8503A8944DB186AA2BEEAA19066633E0
252C78081009FAE1CE851DBBFB8C9BF1
DD4601A322F865664A0C503F4311C6D8
26A50741921D95B47066BF7C47351C54
F1A24CE7AC1F98D8F4AEF143426721EA
D23B779BFC709DB2E973D7AEE6053B96
1C7D16AC8A16FA61404D7E542100EFF7
20B3A1E00DF0DD17C6C9D2C6C673436C
BF382FDC6BDF47840B213B7FE6B8CD81
9DA83403894C6FC211B8B38742F1DE2C
59C89618F73B009CAEABEE32C35691B3
571085FB102A8C82A9EDEC313D3E93B1
E51044AA34CBA78685929478D851A97D
6A962D8F096AE4547BBE8ADB416348CF
FDF92C008008B06945687334A6A3F96C
4D73EF1C56A6409A0F8814085B1B734F
6951DDD8EEAF2D3E37E507CDCA7625BA
EA4D3A17DD2D8BAA91F2B5485BD085B2
21DADCF82553D93E33CF1F793178DB08
5DCDBB50DA8D5B848BD1CC9DD089A42D
CA36CFC3EA05BF71EC0791198B56F44D
F283B2CC0318E3E3842207F8D354196F
E37790605F50CDEF613F5C90593FDB60
889767B47875A247E6BDA7D8DFC84ED1
097B248095A56D61B684FF051BC03AB6
81B45F5274B23D231A6D0F318F93F2BF
8DD22A101CD4F144D3EB34B81BDA45E3
44FC3B7477188C6744EC55A7121CB294
362DF615297948010C5D28860C0761D5
5E7D7A340D6DC91D811E1181DD973820
C75C299148E4DC44EA5DD8CC397FF78C
C0CCCC707A61BA7C7817B4AC6AA804ED
760558ABC41FED5C757D859444C21D6F
BECB70797BE4325AB28E799BD1F69986
12F3B3C434089B962BE695495345C2F7
602A320A2989F17A5F2D976357C95F5F
428946A1BD903661EB35ABFC4F6AD050
FD867213FDBD3F48AF31788EC49CB4D1
5A26195A8BEDCCBDE46A99E99E9CED11
B513C475BB584F7000A1D66DB54B4205
1F242773FA9FEDE3AEF8E81A362901A7
157BC61D00CA5DA0FF1C318617C7122D
C3A902E7D203FCFDA9071990EE94DD07
0A15D0BE0889D2E462C85EE5CA4AD2D0
1343F4D22CC52A864081A15A4F1FDF6A
9D7EB49B6144977AC5D2469369D44698
DEE41368944546CF1BC60409AE26F11D
F257D5E11DC0346BF347536D74F7E00D
AB6A29E8996CCF9786AD946BD2C94A23
34E8E9C96BB71B4E656B56665209CFC9
0AFDF5F2A922A784864D3963A864BCE2
6E9575BFFBA33F07444F5CBCE3243CA7
4DAA7E7C91F4BC09724A02B67E8FF76F
778F1F3F5358481B0B19777E33599699
E060BC2E934FBB6DE4C0FCF1F8086350
4904D5F6DCA7F7959F4FC73DAF9F8B03
7853C97D8E26621C97CFE51C94A0C63A
DAAA0FF8638CC2FDEE01D1679892667B
A0E1A5D0B649D326CA1F74226BFDE557
C2628B717E6E8382A1DADD3461CE0974
2247F1B80661A6041FD032591FCDB700
24600176352E22CC274EDF6B99A2472A
CB5092863BDF83D75981CF5D455E900D
9F15B59348318455E1B27ADD2680F00E
BB842174E0EAC30A21BD53C8366AA2FF
C10D1F29140CBE9F3277264964EEE59D
3F6E5A8E18DF12BC18E6004FCA9B9D15
F5807CF1E6F60ACE6D208DC13D051E28
701F24D3F20CD5C04783F39FCAC556EE
B8B6A3D643A34FEF3D61157346F8749B
7D5AC2B65A488E9F172DE5F8832B5BE5
AEBB8ECEDD8F0A625EF57657261E3A3F
D789DA559035A99FD297836382A828ED
9CB77757D784D75D59672CAA0E1FEB6D
48E91DC620F924FA1766786419C84946
D0BCDEE4DB3E374B1DDE5BDFB4915926
A2892DC6E4669DE5C0A75FEB64C30999
9E10F97B2F99AB10E1F912CF47297FA6
47FE01E3A20CAB9706DFA04F3B222356
7B2FB81CB32BF4CB67EA98BDC0434426
0385601D633783571D656B57D9603754
A0C3FEBACD8022A2AC5BA30F4EB2D5F1
AE0E093FDA2BDFAE1E61F14B600276D5
5A92ADA42F2B184375EC41EA935B6C14
B1C71AB912096DEE47221AE8F537EB4A
3FBA647EBE2D4357971234D4273F5867
AEEDE458BE62AA0D2CA68A9CFA0D4831
7C6EF0AF7EBFE494213A5116901BBD2C
1AE02E7F764C808F7A65156F573D8B99
D2EF3C637DBA751DBB1E95A2302807B0
1CE322785A5D966707E6350B423009D0
A8B17B7DF9202540A346B688C575F0AB
8DDA0EF320198D2EC09B88E845D3AD9A
8E49BC63D31946389BF67B8861667AAD
E9B3A222B277785EE6A9A2CF1C2F2701
A26F88E8C0BFEE0B6941B8EE299CA906
87378AD2B619A31A8CECE64E19EC78CF
D294BEBCB9EC31A118E79D7787F5DDBC
26E1213531E7561ADD7CF1700C2DF2D5
261C6566673674800972C2D1D3F6F9BF
4E0798502C4EA2FA4132D3D598742272
BF85B044D9385CAC9F70526D0E87EFBC
B1B4DE68A4591F880611B9B5EF1EBA8F
1F285404FC095DF67956B1551567E3DC
9E184C2151948CE838ABB8FCF93BD6D8
FF0E9F7A107FAD5B09FC1427B28CFCC9
2FBD6909CEBEB310207873FB04FDDCB9
5ED45F6209D7C4C69F6B8A74A5D76404
35CA316A04572E2B4F608BD35540F52F
97CA13BE151AC0CAEBC5C163EF706AF6
10B0E784E0712F5E96215DC214117EE2
96F1ADA3E3A3FF570FC48D89412B72E7
6360FF9B5AEC4633E21D2AB7F81359C8
2F6DF5DA400DED43DE5C1E950B214D8E
0816150B2D7B0B9D0F329681B1E471F3
E5A54E31D4C99F79B11CAC4F3F0714A2
853ED8D960DDEFB2D0EEBCDEF9B95DA2
D5F5236A0F1183ABA20AEF3FD440F321
9A79F930677992CC1C1A3D48B2DAE7A5
8FFCF6A45440DE66C933C5DCEEEF75A1
B055E81B2B5981FA02A67B4B88E8B913
BBA70CBD74273D37CB836B8F815EBE2D
28A42C71418C605C4DDF303E613EDF53
1FA194B8C881C87894DEE6CD4A9DF4EE
50E4750C9DC6D9678B0E96B410A89CB4
7AE4D2C76AF70C95B5D70B3288143577
CC643E828372449B991369F7B84572CD
65EF0BA5E64EFE157F81C2564EF1CB37
858BE342CBBB4B1ED37A9A6D8BA0C116
373365D02DFDFFBA5186B71DBEF3F86A
65B05E371655A05D5F90CBF35AEDCF4D
FC016CC051DFD39F2EB1DB174D550FBC
B09A98EF58C6E3C840573ED9846A8052
F5205B52A01CDCBBC9751FCE12A81653
2BB01F9D05D34AA5028E76AD12B6E77F
F0C2EA117D056F8803DC1F1E6B8081EF
9BDDB46A85AC683DA6C5B605AB2BB57C
A2BBEA220C9A1C27F6A9B0DCC7A9B970
36206E60FD3515A0BA663489F21120A9
AF5B7195C19987D8AA09E9506D5D763D
1BE4B269C1B21C09C2BCB66C34A5EE43
2F62D0A10905BF19D582477384887652
9A641BB4CECD78D102584BE2BDA01F11
B659E8931F8DBB223F9F1DED320CC28A
3357527713BCB0A91F252EE056C6E307
7E043A99B41DF015D50D46271D299625
7BB169754431BC6FFE68F5E96EB3DA1C
0847624F5934A3B8EF998C0D1B8A30E2
E9DEC3B9C7F51D4BB77BD3EC4D184CB7
38E60BE3ECF7D8582DAE5F20C8A00B48
5FE3B75374B78819EBA37A684D295510
B551E5B4797B31DCCACD59A771E60A7D
60A11EFEBF4E9D7BF2D4F9A488689B76
2B693786FF964C18CAC2017900A258BA
CA867E82A324D5A641C813AC65DD2043
8251C8AA81F3ECBA7AF4D36A57DD0EE0
C8D620531F0ADAC9C120332F195DAE2B
BA322C9F97463328598F8D72D7A1B0B5
413586C096DA9DEA06FDFCF842C4BC17
4388121EFDD47204FAB469230D9393A7
77FB84EA6808704B9CC3C9EBA0242C74
CE51DDE5F9174461E4FDD965874BC834
356055A62AC3BB59D9F7CA4BD50670B3
B37DE7304B77D5DDBAB32CAF9BB624FB
D9A9C01485046D1F6E69DA191F0BAE3E
C3ADBDBBEE91A301B0C76187F0B4A792
D7593DCF5CD1AC8477D6C719E78B91F5
6BAE1AFB86D2728A7EFE6CB9F2386228
CD5DFD10841AEE6E48CEF89FE0A8A9DC
2C664874FAE38AEE6F3FEC89DE6F62B1
37D1A2FA5243EBE7F1EE6487832EF437
6BE563C92D15F26B4B73810F8D191037
14AFAB8DE404CC9FB433094DFEE937A8
581E3B54B329741E62DEFC4B542D4D3D
E578CEC314D958E62AD7AF269F15093D
7BC01FA6D27AC0A8B27C78DEE5471922
36A33995638337D5E2C19877CA09C157
1C2A16277920D139A86B6CADEE94BA76
5B0F50C7439BEBAC237EBC7533E9E23A
903ECDE50F5BC306A8D090A6B2F6FD0F
D41AE4BC9AE113072DD6806070024AE1
257C5AE76F7128B614D91FAE99D5AB1E
40A8E6760786902DE7B968BE38756DB2
B1C0A5D843D7EDC24EFE7768EB40722D
09F0176011BE8EFE3BB75D841181085E
10927BDBD3C708C4077E8C8C1C9B15BF
A2E2CFAD08D6778ABE37547FE4C45FA0
4F7CE9903F23D33BA97464E7468EC5E9
C95F9922F15385812C3E160A5D4D1B4D
00EC251813054F2D6F56F0BDA98C6233
2969459EF16A08B512924B1B808FFB21
7BFD84B52AB0DF9491B60379079F4AF4
48A767AD3B59867F80DE3D3C6FE57581
8EA0E3E96357253880B415E14B0D7456
F7EC36F48FD16718CF1FCA65F8CF2AB5
B25AEEAA950FDE739CF054821A881399
17F318788222935F45671E458D7CE85F
421DC96FBFB10A1D4CA6A04CB7209C6B
20E28DA9BD30993AB8AB4A0C34A5B292
AE87DFF7B79D005EFC5F78DFBB797341
3B17CF450F9FEB2A5E1DA3147CBB8919
CEB5EA881071625C2EF345E673AA82B9
7E7E6CB7A8C5DC48085A1B6BD0527A0C
6DD8967EA625F7AA738DCCCD44F3D4D8
9C7EE58B91A9DC641C16625F2748C190
AC419084DF6975E4C5CED5D467510D78
B2FA7153D9B9B95240F5C4BE1C293670
8922F12A8968E435F68771A27C77B08A
73288C0894CC4B91AFA65551A46B441C
3967F9AB794C79A20ED18E3A64E3DFBC
5D14124AF1AB9BE429790EB5FE25EBA9
23F926E0CF5951EE736DF9A3DAA6FC80
B04644CB93D85F3C6555B019575DF4FE
67CADE327CD29032C72451040BE43864
47FAD41BBAC7471FEBF22B1679312F4F
7DA69E5A048E921A84CC266A887F2030
18256255859E620611F1FFC3A6E2F8E9
A79F0165FF80BB4372EBF5B95BE0BF7F
EE056B24C30A4F53505AE0A23A126F00
0BAFFB46778799B4397895922992DB4A
4D20382EA60775ADD2B4C235F6810EF9
D4A0E0C7E2F2D4BE341D79974B7AA67E
2F86864BF397EE5F1881C149DBEEB0BF
111FDD0E8BA54E785C7EC9D6D246A579
2FDDC1D3411EB93D4DBE443036456721
21318931565F14A4960824A9BCBBB51E
520A60EB97D6A5213D6B03034552EF82
C3163657C02C15B5501615B22CF49BB4
F824FAEE55E1031A93517FB3EB7ED626
3FDE3D5BC0282A113D5C73DE5E6EB263
1B0D92BAE8C238D45AF13C4316D292D6
EC114E2A30EB4B4B7460F443CD0D45CD
8719A96CC685EB4560DC837FF2C5AF91
89FAD0E2096B9191D88D21A49D131E9B
678A95F013C7CD9B4D0BD8B98990C82F
91D06109335D8C784FA424E3AE72AE55
F269E95C2F4EBA0E0B1E6B5AAF3926DB
D0F44E3597BB3F913CCE97A455DAAB66
94AD072C5251AE3B41484BE3F12A1C32
FCAD685CB8DC10A225BB51264B716984
DA292F29EF9319288457E4DDB072D012
D26664907F835B348F872A1E50BA0BCF
B4BC1AE23BB6CE2314ECEBCD60A098E1
1DE8DCD29CCD0FB54E6FF779AEA3FDBF
332F69880367FF35F722EAB502AE6323
1E04C3361709CB921840B63CD70A0C35
5F7051A5C48A03E8F5378AD9AF51E645
1F3A7E63FFAA798F1567A97B6410F89E
4AFB70BC92B3E964DB946949E120F2BB
CBDAC4E66285FE9DAD27F2565D358CF5
73A6F4D64E0DDB2C5B0344C5DCD3B60A
B4C6FF19F127DBBF83A2575F36E208C5
3633DDA55A3E64FC5E140EFBF1AB502E
ADECC2FEF98742A9CF3D2E3C76FF8E84
B1A4A5F319464ABF9517400C6679E02C
A9124C2C8D495DBAFF20CE581314D4AC
60575D6C4D95A3D2443030017B5A7C92
2E8585566E4189CB2261EDA4D5062203
F9E7572AB3D178DA0D28DBC5A2C596B3
71A10847A214D683EA7395D64C5B1DEB
E07E80E8B530091EE37B7EB2079AEA6A
AFF3655AFD75A1D5EF3546613873A123
9CD319FF4469F7346AFB151F62C998A7
97B2C78483EF4CBD3219B96AD90488DC
C814EA5F8949EB3C328410D1B9DADBF9
CB803017D7D37A59C75F89FA9C9D159F
D30958F4A0A0134749AB7BF36D04EF23
B991F3E2FE840E28A5AF20FA77B5423A
5509D701322121F7360767FDC76751B9
1AEBA72B514D7680FD733F7FF439C043
4E68D7E88100AD871E18CD6811938A06
AD153CC5C13C1A0638465713F15C6DB9
08E69C3011FE9C07F36EC029E0386265
DDFC4AF8238AC27537F862212761DCF9
CCB3F125E67F42037D5A1AFCC2BA0043
E54318E3C39F7E2F005547BFE6D08781
AFC04B14A96BE53916080D411CC1D98D
CB50A0FAD7769A9190D9E5850FBE2000
161795EC46F6C37EA0EE04AFE06AAD6E
0845FA368872321E397EE080A822F01C
D9030BC9D460B18B09B11476E69B55DD
4729C5DDDFD8866D5A7AE9B9868CD41F
F0782E4DA06DEB6B1327061941E02F03
B6F664022E00C306D338B659A5ECA679
CCC241A2116BEBD8805FC551F66567B7
F1C8DDB883BD804FE899122FDB376114
FD5A3E000CDDB3BFAF12933B83F317BE
C60F92E0B5B2B5BCF8A5A7398EF5EDDF
62BD9EB3A1DC177DD08B80A66B6780AD
0D1BEAB922DDB790601940F5EE0872C3
DE23F18448A94307B43C4F6CC51B1C46
8A38051C5F43D8926F7D7A9127CF95BC
1CBBEAF660AC44117343381D44465188
E8C12376DA2AF6434C99CD3B61BA3F81
66D6D7F8D25BD223C09D7327717B8DC1
6353CAB9745577BAB157F5EC46970A34
4A2A993CFC4B162D1F9E16001FA50C00
F3E9D22E19A1DB7EF4A84003C8CD3F7B
6E8CDC2ED8D0C4A2B0BF95CAA1BC592A
DA0DB64F49B9A6619AEDFD1C0FEB6489
19D401C32E3682BD147A663BEAEF228D
7A407EF626213A47518094CC6ABD2D60
6A1CCC160AE03983D66355B95685293D
55355226E3110E5BDF1D02B7F1BB08CF
1AE55DB3E48998A1AAB0025BC72C6E70
E2F514A83C7C1B70C76974E06F1C8BC7
CD3E6D3A1574FE91BB734F7A62C994A4
C0F530F6CC93D222E7DDD350167AA711
301C688A247CB895A410BFA69DE45606
F81E7CA691883FE58348361FE64ABC01
C157F4E55A65F1CD1D7E7CE006AC6837
88953B72BCF35F397EEB51FE163253EE
452811A96E2FB819322E7C26CB7E6E75
C4A88CF2850594B836057F438A41AA55
7AC47812181642F4F38BE7977BEBA1EC
EAC3DE7A3D898F069BA2FD772C844CA0
0B6BB16CFDF3A2D98012DB66B6CC6154
8183046F78E7B8FF2BB74FE42BE67D71
E8DFBEA9D5B3BF7C3703C6B54D319D7B
64160E66FC36BDF17EF58F5A8DED5852
885002CDAE1B2F5124AD838B0DE2C3DC
26A7CADA3F739067119DDD52649F1B45
937BD66FCAA5455B68323130DBA80FF8
0523BEADE75A51E8BE83A599619ADCB5
B0177B396BCBC4DE7EACC4DF66DC9939
43B46F9769B380D9E5220ED53061CC47
8D949DB6F96809CCE1140DA426B4CDB9
1F6ED6BCD18C0089906EC982ADF2A9F2
E0EE16827B99F7B561ECF8349858083D
39DD702A003FFC6F434D11C1D48C86AF
25C595656EC28DF0285FCF2137C8216D
A1C93AED71895E097D28C604696C0591
D0CFFEA70F184062DFC183E28BE371B8
BFDF1E3178D3CA4F6CD5CFAE6A5F6986
8ADDB39AB14E1C7F78D6C9154BB6A18B
9C93CE00FFCAA3EE1DD701DE434F90C7
EF9C3CA03D13267790F03668E3B523B1
9E50FF76BB9156B1EC0FABECFB7454C2
6C7F1D5A3048B62BD81D6B33D3B23763
13F4D529301DE7C911FE811D9F3AD7FC
2F84DCC33994DD1D4CC64FF608FC8415
C8F687A5DCE3F2DC9C88AEB381892204
3C4C42F4CA14C585C7BC3319916CCD2B
B11461A8651881BE620D8FFB9059427D
9920595D2E80D570E89C2B5D0A21F45A
E02A0903DF93CBA98375C321C492A814
B612C1CD9C1BCD52271E601EB738CA6B
1523323B3EB714042ECD7C0213623031
ECF5CDAEBF5D06CE86ED22EDE45FE355
D824BA25795476A434AC96A7BFB7B58F
A7FC0B741EF3AFF402E35B0705DC4B3B
6613279542D167AE9AF5A4D975800A3F
B87D35E7F58ED585818146E42063132F
974E6ECFC4262E4BD7BFD268E6EBDDE6
0A7F98D53B8333F501549BF83424CBB3
0BD456146C3A332846AFECE8F430570D
18CC65EC5C99C263377289BCEAA73F87
000214C34EA591CD5C89E87B89D5F2FD
8E7584F3D178F0E5F067C8AAD3A510F2
296D4A5BAED2FBA10D90FF8EF9D4BFC3
35BDF1824A8F118289213C19A3CA7BAF
004C542E5F45215876F7C5E8AF11ADE9
F2352290853B7AEDC81079BC8AD45847
EF946E69755F721358A9B71154FAF259
3B1CBDFA9BAE8B88A408029C7FA0E613
8C6844995B63F52C51711F27BDBCCBC3
38552ADD0852F6BBAC13578DA4037031
D1B4FADB08E454064C429C11F86B3E50
C3AB744EB9C7E282BBE2C6D1B962E5BA
661EBC4A8C4D3010A1A58DF8518545EA
6B050D00215B5B75DD128AA32A040836
17515EBD1F74986E4072A4780DF1AFE5
B2777579B4CC6ED77C5113C96D0570C1
60D1EB37425E17E0D473E2282C1AB16C
2C09A422F7B8B8F30C4B0B159F173596
AD2E68C7FC04DB401F5AAFE53D3B2D94
E2CF8A471F5289CD4431E1AFE53C23AD
A856AF1C8F51303A529066F20F10C265
DE1B3E60C2BEDD89BAE3A19758628190
1C098FC0225666C07FD60F465F9F43FF
43B0843356FE46489EAC92E1DC0E361C
3998519BB725124273382EBB2A676CF1
88517B4D07A6A9AEADC5C4AE599E46DF
0BDBEA44C17C7C0C19949BE5FCFA47C4
15FB05A96825B0DD99AB54784A12FE27
9D92529071B802811DD3C7EAA678F7D5
A3B84BFF86F87CD67EE7DBAB2E528239
1BB94DFD2E9464A61C3B4EB68A9E32B5
4B125DE2721FE2CD5AC080A93464C9F3
3EFD394BCBB7A4371CFA08F6C6EE4FAA
0B98766DB7638BDE1ACA6EFC1E19BF69
F1CC5FADEF30F51F163E297D754C9176
92F664E91DE6753EF47779E64B78B0B2
4065763ACCFC097CFA19A74AC85869C9
121CEEA4E5C08418DAFA9A7CBD95DE12
09F08DC995F3200B6609B9B1ACC51F68
E1943CB63715CD496CF285DD2B551D53
A8D978740437DE6BF66FACC04C7D43AE
684FE8E1A281D79EB3666D937E2609AA
4531F3AABE25B2F3F496AAAF714BD455
2ED46915E5DC63B2AFB7E0AA9CA673E6
E02C03B353770453C2A5C818830AB5E7
50EB329B869E0FD296B1254DFAECB6C4
9033BC15A9A366FE01D82519774FAA9B
FDD344EAC41162BFDB64BB94E22C09EC
1AACC49FF93B629C1222D38FA199A27F
67302C7E7810CBF7A19E78483133CACB
20596D22C3B0A63A7932ED3629C727D5
6BE0A492D63D1E83C09D978D242F0F19
960E84CF10982A5CCEEF553964EE78CF
5B115543F8C25561ADF9FE821723F5E2
B593B20E096EB325159A6A4E2C575939
EBE464F613738EC1D5BDC8D237315400
82DD2FBE29566678B2CD041B35E8E3CD
3B2FB0EE20A809C96C8BEF9860D15FA3
149A90564D63C2A8A096475435B47EFB
F993022F199507DE3606DB3D8F2BB05F
CE4050F78B3085BB49B02B405390DD63
41CEE5C608C7D9A98E9F3AF0A2203F4D
0F590AFFAA5C5DBEC21FCC87D8920B23
9345BD3F2877F2759D88F511B17A4A14
1A4E808E02B9AF2882FC634AE68B3223
8939541DC02C395AAF68AC59238D265D
62D7658603D6AB7E89308E67B0F54575
B35568D15BCFDCEDF5AB802A7C49ED64
E839617D1CCD02563A82B2B317834518
A8C379F0F5C1334D4F11C2ADA2EAD1DC
23AFB1873420244042DF66F023E3D91E
1A95EFF5FE07DEE5CE25FC0617942631
DAEE8DE7A0FA0ED99E41D1B6D3DA5A04
C9DF87372DB7EC63705116E48B269FA8
6144D89548DBB44619DD140EBE09ECD0
12025655ECE771C77FCCB18A35A364B3
791F1D1568993D0C014A88EDC49EB8D4
A353021F117AA46A0D65BC5F74CF8966
BE14F160E8C5334DAAD01A5A3783E060
8DD2E0FCF0BDBF2034B5F0B8FA4AA1AC
0656D1C948DE9C6A68C1808366E56FE9
FD0268F95FF875EA32B85BD4DF8865B6
C693EDC966DD29F115EDE8FFD0149F51
CF3D20C0B15ED92C4C941D7E04D5EADF
AFD6EBD65A5F16254E7C9452A3F5EEAB
63526EC82165FDCF3BC6E85A260A5DEA
6582D9485FD808DF01BF256F980CBFD0
F862AE12AAC2A7AD833810C85678722D
717E618791DF1727239D95B7992DD5A2
EE92A9E54455C5E7E675BBD8ED3BE83E
3F4472B1C86FE49035381C69B5B2714C
CE4CDBC89F1FC6F5B4A7142ED4A94FB7
29BF09F659DD8B007F6B1DB98414AFB0
50EFF98DC43AD40205DB1066AD4F531F
E2A2040CAE1411D0049900D971CF102D
B039ED2C9F3A80206F9632849627D489
533DD8D5B7F83E0EF42583C7ECA4F31C
9F1FFE9D79866EA5B41AAEAB2224C929
D4F37CA0A1CFFEAE35BBDCDEC843D749
1991988C2CAE8796330F4C68D62AFAD2
357F2334AB3AB49481ADB289AAF95DE6
D8912C4B9636713D56CEA129A3144824
CF3832D23AA626342E7BBB64D83BF057
508A6D457E136A98E1AFE4FCBB70D741
059248F6A8213795847E41532113BE5D
0F50409DE0B4E863FE1DBAFAF57A330A
85704987F1BD4C3162A87C5A8E2B8F36
0D51D60636665BABF9D690E645F5549F
0E97339FD657A2EF910D9605B68F4566
80EAE3A1A72946DE2408549BB9A738F4
209D8997B304962DAC32D91FD91F5599
3B12822ACB67B502BD3AFE30C63C6FB1
33F278403BAE7A08E3F5345CB7488CC7
97A301FF1E50E6452CE1592D32A7B4FB
F6A9718F9F865B21B24DF4427F1A163A
6070D04DBDF20E57D61963E4EFFAA4F7
74773E41CA146840A037CB556DCADA43
354B1A0A7EF29B14DCD88400AB9E8B31
CCEA476FA0827BADD4DE479802331D21
0EF5FC46F2C2E4FCE5B4D9EFC0532144
DA8EB062076DD00595005E3521615BF1
5F9C4FF0F1F89A32FE10823260F5D61F
C1CA38FD84BC04877D5E2F99F49F53F8
EB141D5CCC49A8BF748850BF30CE45EB
93E4030B1F4EF5A38606FECC7A9FFD69
F5C2A4D18422E49B0A0479AFFB28C069
090A39380C9D4194B5E8D4FB3AB0ED49
3B5CC08C187EA46FF8829701F0400BB0
40516D69BBE3988F5635C790A458F7D9
AC7D3C529C23575EB7A485679704A9B5
6FFFF444A4C9C5B4B2AC87190821E096
2B00BED3A733FC0BD5E10E93D0C62D88
00A489E9E81C81B1DB62AADB27659C64
3E528B820E48A1169020C77DE60647E7
95C1C5172C36491D3C38E434BBF9CF24
3228563298145FCA5B92E7C1843AD883
BEDD19E0E5277B79BC7A257B5C733B3E
C8E114F5AFF049C2F25316DC8E4F8FF3
BA951B2D89F5682EA0B5CE5EBD38B74C
CC58404FE421C674442314F2ED75E97A
8D7DCDB1C3DA1D3525A667E0CD41E8CA
AB6EF546898B9D72446D2A298C404D6F
67CF9A80EA7CE67C0BF7871722EC79AC
2D00B92214159FE7019E44261DBD7652
2EA8C2D1DB700B5B97A06793F2878059
9FB523E0BED5140934F20B0FEF3B137B
4F6FB25A3840AE61D433F12372B8BC3A
390774246EF54C1DD440C61EB19C3C22
09E1B8EB5FE265FCB383E5EA5BEA033B
004DD3794AB6D5F8060E58D0CCE5D145
ACB61261AE707D627299D3EEED1F272C
5E70D4FB6935025CD41042A2B6EF6B4F
CC6561B85A09B72E6D7436DB2F909086
453EC5AF0BE8134587AEC9D1118CBE3B
DFD919B87D5A2175BCC7972F67A71425
84C8262E967FDD6509359A3B4E354D44
77E009244370949540D544BAAB6DE19C
3EA342123ABB7FBBAE4D0E1D58D5A707
6653832335A8624C41FA0984944CD77C
D55EF3D52C6A387980EE343FA7F5226F
0888608B14A97B13A50E1212ACE4FB8D
7FE61BDEB997CDB9B7D1003184500884
A9327384242CD4CD788028CC03A2EC81
E9B5F1900A548BD91890580B88D3368B
5700BDDD0B8271FAAF5AF11E13AF864C
E0C56B40D68DA7FDF5380CEA7329C5C1
84FB8AD8AC77A25DA51E408C89048D51
C886841ABF76F076B7396D9B45F66A73
B72F80457E9C90EFFC11519E52EC534D
BA5944C87958B14ACDC386C28620FF53
61B2C4508A96060F37ACEF2366E6DDD7
818A2F97A9AE66F53CC92B00824A6B6D
D10A9DD37E784E8EE3086792E00A1DB3
9A68F7E835C664F4EE6A93D84B568107
6EDF33EBBFEAAD2D2B471950321C1221
21CB31B278108E2B830AC54AFA9EBC99
2EC073DD6E66C6A69C130F3F98A9EA03
99A646474C7868ACA45E1293041D016C
44DACFEF4ACABE4418C3775F7C807346
19FA31DB3D5F5877ACA1AFF212603E73
686B28C121708832162E946AF79E8149
AF2C00DC45553B02DC66A08AE7B3448E
2EF44380557E816E964527A2B0D479DB
1589B86EF18D47FBAA90887D23E14CF0
15F2D62529A75681C45E5099A5AE4585
D587B59C5716E8399285E4625425F4D4
C85B8A7D10E7D23DB72B0ADD5F1F7795
83A0F750C73A652FF2ABEAC08AF0E642
C4BDB46CB1433E39A0A3D74B4BB18BAA
720CD8FE0818B14355D3A90854DCAC93
71F360D9F2D1FCCD8C11276009C9CBFE
5A61973AEDB03B68650453B2E460B9D6
4B436EC0DD52F63D14AF844C5E8D5B60
0C3901022FB1606A63ED5C7FEC4A82DF
0FEB71BBA91E061019DC9B32F5B43EB5
64E0BA4E5533366D28E154649B4E9790
CD1D1E456AFB050FA056B41345E0A8EF
4D996D93689E3130967A6F0BEE5AF073
A2466221B128EE6D4360E8BCB669E8A4
8016A7A3EB85A0C240A1F0E9A0C739B8
2E111BCA2028CBB4FF5F0CF210456501
9EAB51F2B0EAAB18DEA0205542D8CAFD
DE682334171AE9876DEBA30D01476D15
E166C950B3F6807A3D3C4A23BA2D080B
87AAD6A823641EA65D86DA28152F294F
8C22EBEFFE9A2625CDBE77520F121E50
BAC4B55380EBD98349A47E9E89635E36
B33527C38D2C5DB254FA420F1018A552
39F96589B7DEEF361DA8C18F288FEE44
BDA1E06FC59483C73F793AD34285AAD9
561CC5AD8D82B5FC8525E0804B66503E
4F9637B7D3F7C13D5CCB1C164199CEAF
57E7EDFC48232799F7C00F1567F6E896
55F52D4D20C4EABF6F44C7A981C3776B
255477B0584A4D10A28ECD4ECA885CD4
51F9EFA618403242090EA178A6E3A355
47D59BE3D03FBAFE7318D497F6AAA971
43C246232B658AA31BD324480C9EC11D
E650231172CF2109C6B981A6F0F33AB0
36A309DE33543523B1A5159B90BF9273
991E1E3FB42780BAB053131BDC44C0CD
0A493F3D3B4FFC6E438213126031148C
89C2BC9285FF751EFAA4B9F27FDA5087
F90C0C78E6DFE41A446F78D444FE231D
A4624BDD85D446378809065B6386227D
6B10556C1DE67317EAF4CAE29C260C2E
A48E5CEEB2B2160DBDD51184AD651408
86D6B4FA6459B0CB422C9D934B72835A
452B120B1F52008FC3ADA38F010703A9
A82E0CF03ED2F9CC9452C6032C893843
30AC27E977C39DE0F9904D90FE90229A
DC88786CAF6B3FAC2EE1C4D9B90083F4
7D732C1FF480D1C9E51C727D81608C4F
B656BB3E3F83F22882E975D6A4C29F08
314A622BB428EE5F81158249F0472662
9E99672CF3B3E3F16E72C26494113AA8
C24FB01728FB95FC7A18EE81DF8772A2
97098D4335565812B8064F2C362EEB57
3B63030AD0C6C8509DED51C6120CD19B
47F97614D7AC40D8293D98033F513E0A
693B4494018AF5BF9B56F1949D30427A
98FA0A8397591DC80058C3B5F9F2F12E
B0C0E63270F6F4D4F477727CB9D23C37
E07E5D55DD1512E289A602EAFEFE012B
85900D9A322E4496C6C67DB177D4847E
E50073BD47D3389E4825D6998EA02CA9
533DB0044DBCB1A28268AD1353811C86
4CFA0CA32D24E24882A25CC8FC99C601
0DB9E28BFA127AAA47B677DB4269E398
4962383A236C3AD904F6F3D25A518E32
C51F8A1F60D32D6A3CAC4CC79EC4BE0A
393BF657278FD3B369C5C9184C85E294
0D656757A697BD17E6F36F6541A8A0D1
ADDF667E03FB4098AF0EE8598FDAB766
DF55140EEBD050861873066CD6B42EA9
683031607694A0618A677EE95E174774
86F7689D31E4F1638A69365DA5B8ED17
C9F6EA13CE0A973B1608152D5AEC5B53
64E04DF29C3A14D8C88171458C41D010
1D8F0BE685EE70A6118E17AC217C8EEA
B21D12A90441B0506956A815C70580C2
5698F36C2902ACE6CD475C89322AAB74
54F9B3219CE4CF731419B12A04519E18
3773DCE3AA8FDA21E29B33CF7F81209E
E4F95357FAB2A13FE27C0412991DB9D5
B478864036CF9600A7CACCF0530D6DE3
43B8A5DF2064BE8F8D05F5954B13AF49
2200E3831546AA8CB86AFAE2E245CC67
84D4CDBE4DCA207E0DD0D4056B139FF0
40F93EDBEC74A19A4F88D79225BDB7C0
F758A92DFBA2898AA9A5C687E87C1E4F
36A28B9DA4D5D2F1B96B0D0DD3DA62AA
AC2F4FF2A3D0C2CBCDE6EE40EBA93C7D
83BBF00B9C6BA7E928D6EE901B860FE2
96C92ADFE33261751895EED995DAE214
0FA08169D27C8D27C51571D947B4246D
6E4403DCC064674F4EAFB73248226B00
611E6321A49718966165228530040055
2484C3F56C4723393BBE53CF3DD42560
21E76F75826CE9F501D0D0835E40260C
EFDFA3B395827822165B684A7CCF681A
E36F3B4E3F096997A511680F0ACF87B4
7D7553DC31C4D7AD5CDCCEC0C91AFE99
4505FE604ED1E0DDD7B6973D2E2E09AA
7C3D92943E668C616B5D55F18784B5FE
194B34B52B04F3660596AB958124C6EA
715541F7240794E78D62D7AA7752C79A
F220C3EB93C7A4B30A833993B70A9B03
582F49E6A0C0539E673A3DE32E357F64
4C7A214B8E28820BBDB5B3C6A3BEBA66
205EFAAB7ADF41EFFE04E7411C1CBE3F
A1EAA947A8704539A1C6534AAEE24D2F
0802897316A2EBC910BC762A934B1411
D7474AC55981C18BCCC9452657B360CF
E5DF2CBC0EEC84B7C17521BA87AF5A76
972048123E434FAE6A7E9109789743AC
21C8B2F2AA9B56F215AB3678C8CB4233
83C9B2EB0F1B7792947E9E0381262611
B19E3EB390E1B5FCFC3571A2AB73530A
142BD9E2A228A33926AE14B355A79D21
6579CC860D447E661BC67C55A1A5C05E
557EBA5DB4CC77C2BCEC42B18C6340C1
7CC9FB7F53A01BDC4FCF56E10F42D9DE
C353461A1F3D27764BEE73E6BDA64FAE
1AB9CCDB054CC74776DB19FC1506086D
230C2690D970B3C55A7B91137A7F20C0
9A162144C2258204AF390F33B91FBE45
08B833E3C446923A50578903845AE5E0
F0DF10E9B0A6A0698905948E89935307
C5BA5218DEEDD48C3C990BC20045FB1C
000371691078CFB0D81394FAE8822035
9F55360E52A3A4B40BB67D2B28110E86
0C2186219EFD33BD4A14DD2542E33206
D2AB39B539488D2F68A3EFB13736EA4D
835AE7D6791006B1131A0B25209CBDBC
A00BEBED5D8F006878DF4C90A3E8B5D4
508400A310FB31AF53B4D66CA1975242
E159D1DC9E3732708490C1C3D79D4005
7D42D28AA8A39006175FBC121AA99E4D
E397CF0833A3C700A4E5D4D50C12B1FF
50EB07ED52C4B4C0929AA929572B968E
4336AF2CBF979074DF9974DA9C46BF07
063BC0046D49C93698562906A8287E64
305EA69A939833438A0DB300300B9AF5
DACA1D62024C5CD7BFBD42DF48045534
E6A829FB9DAF6B4F4D4132D245ED7053
13A658861C089FB08950574F28C15A6D
997B2E9AB2A537A12A9ABE0B931283FA
A7D6120B5D3654B9836262DD49669FEF
D0F31BECB3F8A9778580BEDDAD31B2D4
6A789163255B589DF1C43D60A042D07C
DBCACD26D9010084E4DCD41048073D70
B8EB3A8EE6546B2B783771A303CAF8B3
E380CE4E38462FCB21A9DB2CCEA43EBB
B486028159E516333CB2802D48CDE998
7A5458DE7847531EEBEF340A4C256D8D
005344452CA134C0B72A685A314FCC14
2EC4DDC1D016DC0ADFE81F1AE3338F50
2365B34B0B8DDD61440A110F7F6FF349
FD1A3290E5053F0F622C1A9BDA98AA7D
0B833351A658DB5B57A070F5CB78C149
BF776DD74A7B423B366A8D9CAB4F9554
AB67AF681103071B1E51C178CC41BAE2
4726EF62E916B5728D228C9E6BC71DB6
50DF80458191B82F52FE25892B30B68E
EBCEF8F50593D4BEFA62B89DDF74D0CE
A77DE100A938AF093E6C7266B5BC2AF6
7541182FAB3E7022C80E6C593E673BA9
C5E50C1C0DD5384069796D8F78F7093C
E9CAEFF4C91739302C193124B26BDDDD
BFF87C02903AD27ACDD1C774428B8C1D
F32878489D55EBEC7072B789DD129C8D
067D4D2CE57357CEAE98A800ECBEFF3A
87F85DF0F8A4F3DAB203209F8F2130D0
E7275DD27CD3513C7D79F690F4FDE311
CC069A88F8D3D3FA25597D43DC7D9990
F2345C1648625757EBEE685EA290C56E
6C5B9F6DFDB8459A9F4684BECBB31EF6
B3F390FBFD3BB39B2CEB17AB21715164
C7251345E2DAC43F42904813294834F6
27306F2A347650F294D233725C8F60DA
FA15A76DE9E458F6F57462017C1EC15A
153690E528A3C44321933D61C049496D
FB63E4945C580199BB126A3CE5C85A57
9168414CE33BE1387EA618EB1292E380
009816D1DF6C9D4631A324B06BA857E3
FAC30EC83CCC0CD0F72E65FB5213A0C4
3F020B37A4045EC1CA0B73CCC7FD5F93
27CEE400809A39F60E1E6D13CAE89807
7FB2079E78D50B0452DE50723280B13C
BD6E46F6D0321F21F0B7D2511D7DD970
4771D25F233793685FE3D4ED07F6E60A
312C1BF1D186370591893D18DC7D35D0
6E55CC31130EFAA163B2248997E85B25
905B72DFD55AD0DEB4391FE72AEC3258
523DA89A2EDE59D62DE9056639F357C0
F6011884D4011798EBE9BE42F880E8C2
F6B22B0BFFACFB2B2D698A7C313829F1
EB08AA74B492307DF2E8115B7220BD90
DC7F99A6CC7E12016DBD6E9DCD92D950
68CC215588497DF4CAB59360B182CEC6
5DD648FC8D68475E72F9B6048AAA0275
EFA942F414567EE263C3948D958587DB
D7BEBE6C2E346C85CE2B2A9633FFAE21
C7AD88E4EBE1169546D87DD360653C06
8EA12C66A1251C0A3B74FF5CA3A67EA7
C1DDF3C1BADF640620229CC0E1F23672
ED5FB2A4C0F818AD94B436143309476A
F498473253A3065DDBCCBB4A5F934697
92CE4D119997A40D5B1FCA9D28C54360
72FE01C2433C385424E0E941ED023800
64B16080863D5BA354939FA0CF927950
D04A6772DCEA9033BB7F09F834158F7E
9C09BE126E4A5E8ADDCB53F92B37C3C2
41BA1193221CF9D746406AA677BC5658
A85DC9D771F96C99E3806472DCBDEF04
DC77F7A3C769A7E142553975802F39FB
697E9C398D5909F9B3B347AE9943BF15
07166734E26D1F10E19204F59C44ADAE
F767369B4717231804E8D9728762F7B5
497AC9DC5599C032618696186ADB9360
4368BF3354F76C3894B271524F7731EA
70938EEED41035A7F144A9AD9954A6D4
4DB44B1563A79AB88388B16510388A8A
AA130D1FD784992C85EE5001F6085D43
5A4FE7C972962C713FB4F8108544E37E
CFDC1AD2967CACFCF22C2D9824F1BEA1
A08AD7767DC394C063D4C2E0911B41B2
29C7A02C03542299A355D7FC2020C9F8
7CE795EA8D877C5FD6C837DA23445B73
94424F06F0A150424C1AF74CD8217366
AF120E7ECFABCE0EB5824C8AB2D47743
085B6461E9EF7F62095FD59412933E5B
5D34579EDB3C23E3B4E3366BF3836FD2
CC55F17EC54BAFCC3FCFCC25FF989132
1B2D55679100CA0C3BEE2AC958C55287
88D8AEF9ABFF4BAD2C45AA715B04D21F
4C1543DEF5ABCD2004B1F3597F481F31
A35946DFC9145D62E2E43E93F459B15C
1B10CEA8AD623BAF8EB3E04F7C4CD7E2
7F91D91933828E912A58C25903075B3F
8E35244B7B3B7BF7DC9A6FC93D24EF43
F47C4EA4F7E7C89F820BF4D484BB02D5
D2D9D54056A1309195E02435B29722E9
3DE2A61BA03A5A7C45FFEB7062C74E07
292564B40299636774E3486B33E61C55
C59A042EB7CDB675E1EC2E7B454F9A61
A24749ED5815C4BBCEC44137D8D73C22
B5644BD713D2694B842F3738E0212C88
0B6A927DBE60C910EBE8306EE4EC8E1A
C891A54E23BDF4F4FEBE7418AAF7DFA6
5DE7E70843830729ABE52AE4EE09596C
54120585C09B641CDD26CE4A963AFD9E
4F52D3684ACA86CC3DAEF9EAA0FBD1A1
7035C0DB6EF75D70140555D53CBB3DD1
DD7D0EBFE9FD8D0698D7065BD6CAB8A1
8714602073336F5743FA9A88A8A8497F
D867B02046493B37FD5F33921FEAA31B
799540C6F756C45C921A8D25E4C8A2B3
0EDF1BEF3709EB0CD616CF86A5131518
AFAF7465E279E4591D935D905BDEE1F8
56F43F54777EF12A68A7D61E908D213E
6AFF5F91F8F622EB0FF580CD2F01BCB8
6423F094CDA7F7AE50435B494EB5763C
5ECC0FC494648F15D2649D141427F82F
B17AA0DA80387670AEBF299AEACBA4D7
5A11F606DE6C0A670F6E7A1FEA17BABF
7848094E11B634CE829083A4655A7D3B
199B8305CD4673841AC633ED3B53495B
3DC8EBBAD77E9C35197212606D995702
D6D245CE38919858258A9BB5EE875B50
34584D7D2C4C4883467F981929378479
8A382C524F345804C9BC3CEB4791907F
878AA4850EA72E5B92791D8F73C52D9F
C1A2BBBAD4935A616B30898170450C8D
4BDF1D414381A065FEA0C473EFD498A1
61C1A1433EDF9A19916D90946B37039E
8E2D6D3B5D27DBCA17C1E19C3E0502F4
867E80BD7A2D720466B7FF7BA81E4D39
47A705B202D3189941AA8CD57836DE3F
227717FA5FCF97F19AAB17B8D9BAE005
582B1CA4BBCB2A80A6AF56A335C52BC4
F819D660EAEC9841098DEAB1FF054702
DB85462D3AA96E294AA7A29F6AE080A0
31B68412A78DA011D7AD3D3231171CF7
529A6F4E39CFC815434FAEC45BB787FF
E6C60B5777F982908B67A4F955832EBE
1A50E1BDCD1B50341455B4712F22A1E1
1E17FBF3B4AD770C2B0AA8EEB282429A
59815B5F05D1844C4E766A7A109A6D69
5C07BEC200BEB635C20CE1DCFA13AFAF
50CDC456B589573E75CBBDE0EECE8DBF
ED3DE8A95E88BB860D46E6DC932461FB
97C025E938A1C3EBDA41807CEC5CF3C4
659CD090F2EDAB44578EE477EF954432
B970760FF60BF13DFA4FCC407F024B55
19CB1407A717E8CB553469C20BAA1347
7269CF27541701016A50D624328128F1
407BE55E107F56D539314E0E18F8E8D1
190F939CE3D01F49480AA5F6764D41C4
96B65EC660954D729F943DFE0EBF2D33
AA8BA7603A354ECF80E128110B270887
212B9D67393D774519CB056AD9073D5F
E624CD8C3C035A63B702AE8BAF206EDE
C6AF8DE7ECCCEF79E1B463600FF47139
F47EEF0800345022D7B98F9C0A77C379
EE62257B54599D0FAFA2E00CA4164759
54D9EEF1E86C70D2A79BAAD65A249724
69B1553CC12F676062C40BA77815C04F
FBC7727B5204839E7A4C2EC4718B5D42
1082A89D6FA3A484C0EFE1A90245D1D0
C1846C91055FCE640D8057A3AF54E039
1E3B0F5C97D08A7C4F9F436AD97985B1
4604B2E021D5EBE146DB37EA17A376A7
6D550F309F1CCDFE27C5AC156654E15F
4465C407BAE70371CD95584B6208B429
62BA71A235B2C1ACCFA36849B85C5693
616470744E5338D6EB6A92466AD0D48A
673B5CD55854672D2EB4C77CBC863960
E6D0C7CD7A21F97A288A3CAFFABB9FF5
14F9EF51AB37C0A1831518E77E6ED090
0031D9E5564DB82E05F6E055BBECE534
D43FF664BF9B52CD0042B04444B670A6
6AB195015DE40884FAD7E236CA20A5A8
C28FFE4FD03611EA53DC01C7FA87A740
E28462139DBFA94F855A9979BD175AC1
8E1393981F11B7F20FD6CC254B3529B8
7452012357B9B21CA32D54AB32348ED0
E50D75542110E2B6FB8C3BF3DBF54261
4AC0C549419F213C25AFADD2926A89D1
1530C357D44AF3F1305C86E1A411403B
DADE9386A0BC6230A2AE15C0379901E1
3EBF5138FCB104178A79C17CE271361C
48ABFFC3081845C8C124A59D2C3F97B7
0D16876072B8789440A2DAC842127EE0
72CD3B3D074AC5FF97D2377FFE1F2D83
3C12830128C9C1D3A51B465C6B9D49B2
0B31304FE26F93080DD366B8CD0E78FF
61E8386BDCBFCA1CF570E6DBE660681B
5918B6CC0F1B17867F3E62FB633F3B28
76C14BC645FBC3F0E2FBC946983CC518
B01677372D9F95A3C53CE8B35DC2BFC5
F366A93186E00B25B45E670996D16EF2
4459E321E1AA153738440FD611BB7369
17D55001BF69E2CA32E817205BF5B5D3
A7D0532594971CA37BDBA209A34B6C95
32A266F17A8D2E0A475BE838590D50D3
B00EDFE13178D1D55B31F10D0B505741
0AAF6D3646B073DDF2CB1E5CEBD69F13
3B48C2B06F164AF17F6201043D0CCDBC
7B5C75977CC271446984C566937D1307
3195DE4886BD1312EA02BC0F117D77C5
685354A62A79814F39A0A2D28CA73FA6
A0BD18F236731D7A295E4C704D7E338A
9D1964FAA927496622C0665872069E81
9ADAF77B65C2372CF412EF88501C4775
9E0F0CB09B22F72422082C055D592104
E7261B13CBEF261496A796B5D2290205
042DEEFA5D9FB6E302E920C3132022D6
C54FC38A82A965CF12370E0366C6066E
00FE485CAC89626065773601EBFA638E
AE45ECF27D84554A81918B86F98188A4
19B0A5E427DD57BB0FE5FACE62AF0DF4
F1B6BCF072039A5A794386C03973752D
B8E6F5D24B1D04431310CA17E973B3F0
EF8A2B62E6A3FFE043449ECE2A2A3678
A423F01345B0FB51106B56C16D10676F
07BDE2B7CEF14AD7CD31ED7FFF3D0A1F
790928EAF9A6C660149AF9D16DE6B5E9
F095F238C9866772FBFE22B2C4150644
5B602AC75D74E98283E7EFC50EAC55EC
DEA96BF94A7387198B06BC021763AAF5
35D11D5B3E9B1767882FE81EB4127F93
E5BDBFCE717BFAA8BF757F8A19376D84
F2967892A7536EC1AB9A07E87C9A78FB
9896E35C644A8928AF7AD6C860FAA8CB
C40842D2CD38153F6AD842EE55FF588E
48D14CB2554FF0885550F7B356991A3B
1BB101255D3FE20A2A25AFA51749D304
331CBBC7176C23C57F6342D235CFB424
7E44CEA7C05C68B759BA9BFCE26B556D
3CFD317C73C3AB78C25FED53EE13080A
1B82272647E6E3D094644201A18F294C
F0B777C1D37E7B207EF9D319808C72F0
3B3F3B028D990A76BC855DBC213A36B3
812B763615B098D22E93D600B37FE5B2
7983F26D4B3EF5BD150A4FE5505AD20A
52A04D5901D26D7BD414741433E21B32
A96CC1C2183E2DC5F4CFB1E021465B52
C6E4CF6B5B517CEA73266464D341FB12
7F1DFE7824E93D2652F56CF5230E097C
A74FB9719836B7B79494F2703C0E0E33
22C6961C7CE26F11C9F6C7300C474C63
6948874B5664253187EC02BFCFF94DD7
C650182FAE005B0EF8AECBEBD4768E0D
8953D1CC8CC4AB5F3A7C335E9CF94588
9ADEB525EFCD6547A4F9954F30410483
A8734F9432357DD1397DD7447CD20E32
3C8607080CCBF854890ACAFC9ECC01E4
3335FD11EC4723827E3B1E8647BF2A17
C2BFB2D757CD1EFC256B01BEA9CF223A
770AD09CB8EF04B85C1D3BB72455CCE6
9926155BE495095051B554E120B26A9A
17E72F657D834DCE2E552AAA3B50EFF9
66988F90F6DDDC920066A68DE265ADC8
809B7C947344E79640882117389FD9CA
5B8F7C85F66862CD25A682905C55B49B
B349E209960B8ABAA6A39C782E6371D1
A20D8D03C93CE862B324B8E97A738452
42C6B4DBDE773471A866233E2AE7DD03
16027080D0E0DF0EA72E5E4214EE0B3F
4AD2D0652F0279C569E5DEAA86F513AB
6CBBB205B26984E535A7DE380E0089B7
C14F0B5CA280ECCFB52D60B5D20C8726
7FB16795A1097840CFD61B9E5CF76D79
63C01D6858C461EC3FCDB9D97308617A
793675BAF77301422AC6B07757518F20
C92D0333ECAE7E7CC1A91212C5C3D5F7
6EC9F865417CE962779FB96ECDD8C045
710C0568012E320D88DF8FD8F3D5C367
3D32A5DB7C107B2BE512EB983D72824A
5FCDE79C99574FB5165425AE7D4DA893
9A3451D0F055291DD63545724ACF0407
69FA18E05D954599D083CE8CFD037C1B
B8AEEAC09D1FAB270D709A544A405644
F6EAA6C3B4E559F549541360313122EC
240F401766BF26469EE3A495B7F66D1B
C7EF1ADB080426EB3A76B58AFC9C8011
472E5722478A7FDF3A4C3BFBBDEB97FB
E120FECFE472C709CD36C1F5C092D7B0
86CA978C3AB2B964EAB91ABA5B43AB28
7DB757F10F1978E3D892A833CA03E3EA
A6EA9FB16D97BB0C19FC35125D1AF4BE
B8435F92C538C9C61DEE12C25C9E7100
BAAE94E48891B1FA5DB59078DB51C791
BC6D10F04E217FE5365288CE20A03BD2
4B333468E46BAD20D5FC06A91CF2863F
E974703B06A27C49FDEA2C2A4DE0B427
44D959152F150D7CC0E9EA4FC2DF2D9A
B56C0E18CEF64E54D0CA769A3EDABD35
2D05B9B5A59B1B757EEEE83D329E8565
ED491A5070D06C0DE2183E6C794A434D
4D79A81637B17B6394272E804217D378
08EAFB241B83F1399F672D9250960A79
5FC80196F1CB5371CDC7DAAD08301B0B
352FB795F5E31DBE11657446670FF023
F257B265E6BA961451E221CBD2DA843D
00C86F1BDC5207D952A55DD2A4C4A5B0
623F2754C007E59984CE3AD2D0310596
E2D379FFFE3A856F737F0F9E65C70E4A
EF4AAFC80B4673BA39C87DACB931C58B
2A8529812D39EF552D4545092CCAC612
D58A4ED0992361AA6BB63384A102FF4F
20FD778E6868F85F024FD5253E482CF2
913A4CBB52690EFBE6E2D1017DB576D7
195F8FE1CAC4A5B72A917A15E30D23CE
DB087F6509ACB6C21FD71544F4AF15EE
D18EE4D66C282F13978F9E4DC996439C
817F25E27EB9A46F23BC0B205FEB2B8F
2B8BE3ADCF8A8EFB78C3297DD95B92F6
1CD70B96CF840312390AF300E9845798
479C316D1B4ADC2F981913BD544BA776
0746ABC97A485591B7C9E3B0FCD212F3
73844C4484B0E7699D644D2A10CF0252
F6264FD7C210D8BE3AC3B79458133A96
C4ED7E61B09BDA2AFAD41F9EDD5F8E9C
C2D0F70F6C973118339A5CF53BD58B9B
B79F4A8FB8E649410E36B6AB2F9646CD
0C87943858316434F66FAD13CA935F71
C8F31835121E5115598E2AD6FDD8BF40
CB26C351EAF4B2C0722081BB45DEF77B
099AB7D5876923E5E3575B7AECD83A03
E64EC9F81691A0F30F9722588731A73F
2A8F000D7C10BCECA598D0D9697B049F
2FEE89ECF1EB1E06100FE081667A9C87
919709FBA5185CA4A2BF8BA2BA739013
5FDFAEC6458411F47991155DBF80C3D7
B7EEEA3EABA7E183B839D1BFB7C612F0
4BFF07DB77A5A1BA7850A1A1BC479749
02550237E7F8157CB1806BD63D84911F
01F54A22453ECDA78267395672FE75C2
72B4D2F74B82D7D22DFD9D46ABB91378
5A4EF7527C465966B5008C170EA6C43D
094B222A336EB35D85A864B323F0F8A8
F8B37581A52E81A01DC26A6326B4F432
6ED5257EE3CD9CEF3B0E59DA721FF7F3
87D43BCEC243649328185AEBE1D0677E
4096B34650119CE2BFA398EF183C406E
1E9306009A8011FE1F1F8DBF69E60D1F
9093B97818B2CBDAF865195EFAE4E777
65DF6030C3E6FF60E338FEDBF6357544
D4F40F6429B142648A9DFA2FEF236011
19DACFAB23D7505C635FC90AA69E8AB9
7237069A90CB9B17BD922A5766B4E99D
46A9C4B4819C5E49501BFBBE30093351
353E7ECECD9ADEC9A018B49F7D7E63F9
51F0C4A4FECE7F02FDCA8A5CD43BF35A
5F79BEE23D4F09F72BC7C680B177CA25
0C94CFD2386A1DEC7D877F56F9E0181D
B99A7D64A730465FE3F32D9D9FF3A81F
13548E31BC2501ED25015C11DEFA81F1
343AB6EFD9160909817BB21EF0ED1658
99D02C3C7AF8A50C1285B4737E9C3F86
F2FE9B4DF30F660B0E54822A186A9009
44EA5C1FD6BF7D41D591DD98AA31CB00
4A4DEA4432E94DD04411A1060957F693
CFEB0570396F2AB005C491AA71D60177
07ED9615DD36B6485435F07859002719
3887094DB1D551C5950B50F1A9C31EF5
42E372D857F9E3624AE3E4A9BED00C0E
28EF16B833CB6AD4B8ADC170FF9A306D
A17A69B3DF59B3CCF20724CE65F56CCB
04D2B37678866ECED04B67ABE1FC5B4D
4F4374A640F8A93DDC2DC55CF821B037
41677603CB119C8083E1706A01E717AB
8130F454CFD30E2C7973AB26BF5C88DF
39CA5CA05DA9379D18039A71F9F7CB9E
B15EB415609D8FF5E60404A70A905297
F972072A8CCBE73585BF45B44F13626D
B87A50E06910F552260A6025B061DF5B
98F82855D62D501B8E989AE82525C5DA
379DA2F92BCC85A46CF9002036810302
C9E08CB7661ADE914E6CBDC997826C2F
AD6CC072353A6F5951322F4D866CB251
B5167E39EAB43BD81B973DD93B3B0D1A
9D5868CA23E25DAFB7A9C4D2689C6080
CA4BBF01C783F56F29F335413DCA9959
F6241037FB3C55BE57D3C34257FE0224
D08F823DC22B24EE7B195590B3EF8F1E
F28344CF45982A1DFCE954965968AA0C
E8152F6FFC9EEF1B0D3C666D200173F1
EA327EBBA59E60C5ACB598852C4DD49A
9E74DC6D2B20BFF7FF07B01259CD8D52
222FE9619643C72BA1685BAB7BF7A83E
6EC0DFCAC71E25A68A06B740430274E7
7B4E6B963F5101705AC96927A13B79FE
00994455A495DBD52B6BF741AC8B4EDD
25300CC431463CA6974742FD61544B31
419CEA5A711B663660D18C52374C392F
1D5D20744DB62E5A6E0627C95F2F590F
2837BF2D2075E3C3A63393CB53D7ED22
2118507525B3F4FFDDA9BCDE2F08E103
57D93199CEB7DA2075A6964C8EE78D7A
AF5724F5BB2D9101D4F6E3308F81E28C
839B75A8693688A2ABFCC77C8D0246EE
598E82B2D338ABCABF7FA01E51A87E4D
0FB607BCC5481111EB54BD6452059FE2
81DE809731A895FCC3B60E606EC01606
75F7FC7E80145C4A9E407FCC48C7C15F
B421C4B065D72F2D84DD49CAAD376F7B
A4108A8CF9797C5472356F261AD2DC2E
6638E5A1BF846733189D25BE6D0FBA5B
620C429D5B854829D4C48F8DDDC59CD9
6F4CDB4038690C0697C988ED7C85F70B
EB89FD7BC2A0B5C05CD1B5A365858CCF
EA19D448CB94A6B5CAA7A9D6211AA8F5
CB1BEFF9D661BBA601125ED942626DC2
52CEF742EAB9562C2EB0B0C99531CA45
4C1D2AF0D56DD3B392D66BCAD717F38A
14642DE2E70B568DFB47D0FD79F253F1
58EF450101DFE11EE548FA4881F2D789
8F2467484141DFAC73E18D3CA35760BA
9AFA63910DC6825C1C0DC94B55D36983
507D0CE88E19E6A1665B73A8589EFD5D
4E7CA0479364D4BE6E8BDEF14887B544
66243C31319B94F6305F8951097CCFF6
1F324185B37A343ED6FEFB38B5C4A0E4
6782048DE98586834054BB38A99CE6DC
F3FB4F5E3FD5F24D6A8DA20FEFE76B17
94C1072DA339B3820830FC5DE1B2B0AA
1045411FE29DDFAD402C018916830E4B
617C9A6457BB15786DD10ED77CF84970
F950ED7D23CB6198020253DE145409C5
4010556E3950983A28A4A8FC3BD31FB9
B42812A30CF8EA1E579346A14743FEF2
5D3FE707E2AE65888D95EFC1641BF2EA
FE9358D707B3FAD0F6C61C39A391C864
125BAC6EF57FF2C3D2BB48875DE692EA
EC5072FF701528BC5B7986440596BFC4
3D618BF8FCE8A53A3C6A893A6AA660AD
F89182A0BDEBBEE6CD885A0C25A83EEF
A88E49770C42B4D9A6E7A3AACE20656E
917C7526415F6B08598051CA4B615336
C489FAF9913E744CEF6600EA32A0DE97
83B4408B5D0B01C8C67640B2826A61D1
68C8D1D1E04EEC8E872ABAAD2D99C025
7CF8D4FA129CFF1E51C6D1A7C1B8CEC8
5FD310C89569B17E841925E8E48A36CB
54DC418C20BF37DDEB7A4E415652C6CA
707E233E7CB53C9C01B6E9166FCB07F4
9EB1F3BFBE83A2AD95C9AEEF121004F6
5FB2661D939427AA720D8794945C73B2
F9067DD1BEF935E0A21F35F79742362E
C93F53B4FE78475EF8E17F311585701B
9A769EA9FC89633276E0A2538483433F
3CB275896C7A8042A7D23530D91CAB75
372A6A1B665D0F872B305F7B28B82C25
A69E7FD89E4497F91711FA4630D058CF
91BC45CB7386C976F5127A50D88FAD5A
2CC2A71F7953033466E25F999D50CCDD
9A0FCFDDA025E0525695A8673F0D8D69
CB92D50F8AD39F15533E27C32B037A8C
C46DFC7816ACBF4B5AB3B2F547F51D6C
853B05FC1D4F899F565FE9BB7F40401C
48F8260DFDB881EACFB8F1FD6B7B71E3
EE630EC46D5E2A31521CF8B1DE6F9627
6905EE4BEAFF48C300B476006B543E47
34F0732A5E5A6D8E8C16628BEF81FB67
8C76144CA51B8430276A4F304ED45CD8
2F313BBB8E4C8A15A99034CEE02605EE
3118752E9EF91B5E30D86E13B826FB0A
B771DD043B6EB550EA3460AFC7A52766
801539E35C79418A5542D3147C7FD431
11CC9D49E64981B795FE4044B106C68B
F32A00D54E4BEAB49E7013F70107EB03
1699F7DEEF3B875E5C1ECB235D2EB2D2
03E9E2745CEDB15157A57E1F28AF1F6F
7CD510791BC6B04790EDB56C1428100D
4024D78ED729204725B8569A677F7FBA
2F695269E2015CBDA9282C4CA86638E1
87E20AB8BFBB1BB68DF84B8D8299DF0A
546096CFC55C71A212900EC5E9B1876A
EB0A0C8A8C8FFCCF4A4F325D81C97CB4
55F5EF25B06581E4710ABE57FC0CE297
F9F9F642FBEA5912DE893E5C3FFB4C97
B7730255B5873ECC2BA96C52647267E3
D2F2528D6341F34875E32A031656D99D
2324813E6C4C4804B274674871E920A6
694B89A254B3D7E2401962B296B7ED90
BD5218D57DEC6085944CB0C4460EA68B
14B9348BC6121025A8BFE536D1F49120
A6B4999A4314DC2302837EB812E23272
B8776414F4F1A8E517415DF9954B002A
D26B792560629880D305A781FD5B780F
EEAC02FCBEB2918F8ED306C185944FD6
0AC1E4032A0AEAB8B604FAB0DD433CD8
4B0BDC0C084BC314D1F5F809D6BA6EA9
5461907D2022126868D6A5B00B4A8CE0
E03BC18308A69494FFA496DBA08D5212
363231F5B8CA263E8EA4B3FCF2600D9E
F745016920F4FA39ECFCF2C070D6A006
BB2B8A8CF7B4D22E0E5F175A93EACF50
EE310B1342E32FCF43AF4EB75C17BD54
932FAC5805DC368BE5C73F3B9E718D40
EAFC21CF18BC3D883D6CD5503AA70632
637465B64AA508F5812104C1A611BF78
B7A8017DDCCD1038EED03B895E986DDE
2FFE49555B423EE604DEFD77158D42BA
7F2C782D2BC84AADD3C593AA47A0E218
EEDFA5A444C2FA6BF7B04429629DBEC7
DE489717191EC8B35B728DC2BA6AF44F
6BB471F52D59CAE2CC00854E4A7D3231
CA282EF409462498BA3E4C829C41FD8A
5E31690526B9F7E1FD4B83104CE249BE
78B41A651214FC08AA8CEEB08A8895B2
A3D4A99B79A916CFB1FF5FA87C73AAF8
EDB6C17FD1E4316D317ABF4C72F1513C
67C284A58D071AE691B277D8301FBDAC
1D3C64179F78D511A46670A871BF16C3
BDC634321ACEE4A926892E2683435CDF
BC198FD8FC5A813FFBF32DC7FC900A76
D446DAAC7B89C37AB70BBE3AA3D03266
D85FAB20406E9E828B964C7FA2254D5B
CB56BC1984A267551B428027E51C15D9
FCC00D00823A842E42016D09AE679C0E
D7969A4E11004F6811E27740CEBFAA0D
F1B93E363FACB11D65E7DF2540A08DEF
2298B679A68BFC351AAE298F8600FE42
041820F7D9675A6903D49AC98D3A49B9
9C0932A139F62CE9BBE8916656AECA4D
DE1E1A08C93CD991BC7D84514062F9EA
EA9AE84762864AB23383CA636BB27DF3
013CC49BD098DBB7138A35C91FA929B6
1E19E21587AC9FC46960D612367BE432
192FE94F77A3539FDF4242A596C6124B
863504B572690CAB2241FA5F21D9FFD8
CEAB63D741D0A37B5EAC70177098C24E
B414306DCFDC5FF1ACBDF8554DCBB38E
2AAF6F0836D3C0C478238DFF21C041B8
A7B3D5DB2A09F4573440137ECD446E5F
3F51AD6775E3939E12B501E32DD9ACB4
696F07717DED40C082DE1834C1FC5454
29DA5C1A3390A1649797D5CF7F585EF9
73007DE71097194BA8D1885448CFE393
ED64B8CFC586661903D8C0D308386CB9
CFA7B01084C137375221B73B7CD1641F
36C007692110EDF017161F252B82E526
F6A17BFB8BF2C9CB303F61FF3862A59C
95EF1EEBE1175CC343663E297951262C
388C87E0333F1BFA1893BB29C956DA8D
8F3A5CEC52E0F2F336E26A19298E8383
68F3FE8BF68A4F17DCB6F2155C80C8DF
F596C3996A5EB794C1DBC07D5D677A65
D0D99D7A56346CCEED9A2A920E50E03F
85B9CD3DED88EE5933A662F8FA4887ED
6F5C83FA53CD162FC0A2D5CEF5BA4F31
1ADF0AED0B89AC0BE52864605A4E6A25
105B281DB28F10C2E564A41D31376D68
60EE0BDC41961FD4C7E3BEF4123F3C90
8D8607A30B10FDCB2E2F9B99EB752EC7
CF382786EF3B487A2D866C2ACA6302D3
616133D5DDBF72372A9CEACB88516FBF
3610C9EE11AC9A213E5135296B10E49C
E7801B4736D74952334602916A37D1FF
C4EE6D50F8E5ECD2480335D103E9C594
81A51A8D0932FD76F33026F646941FC0
6049564B3B587448C5B9AEF922D28064
B11A64757737EA9F8CBAFD336B185454
07E6F2BFF37AAA000BB95C3E93E237A1
B4E601A1D24D992D3EE87834F33A38C5
04C9EABB4EE9CABF68C9FEC9A7F9947E
F994E1AC8FF3E1537AF2B81964206D64
C44BEB56F6B63F9C86FEE3858B5EAE47
BDE2997D0DDA0195AFD2B82103199726
F9FD53554B349BEA73B9EE3D4B89CE60
CFB8BC1212606F7DDE3603259276833A
9C6F5AF7CBF219EBBE89454C8BCEF533
5EC6AE98BABBAC701A62F706E81290DD
830BB964BCFA8BD44FD3E7BA9CA896BF
D8716539780E128F499CC2E47664CB9C
5FCB8EF10E74A0BD8C7124922A74CF4A
F252A6BC49718BF909614EB01F583C35
69A7387AFF185640FD9095756C460EAA
2D124571AEEB5E14DB3C6EC804612EDB
E038271A61C5777E38F89C3C34FBD74C
D992E1FE916DB1E41E4F224C92EAF5EE
89D8246A4EE5305476C88C2310110690
15398570F8D47E67CC83A87C9062980E
BDD9F8CCB312FFF157B9ABC88F5F997B
FA206835DA6C887A2BCE629C94D55034
C0408B1C44B07662E8E2B88742B7D14C
468EE304E3003FE0F036342B9F8B9DC5
83382DE6F72F02C37590688275929F6F
A91508E07F8F72AB3077E895AD73DAB4
309FACA4FC4E5E4E2DF2F166065D3E20
E3B13F60F20FB37019858611C8293FA4
383F6E7780E0234D176956C11848A002
9F259A951A8BC0BBAEDD7BBCE9AF0BA5
8FFAF34709DD4BA1C4127399B3E18A67
2632A849DD5F055F5050641C606D4C21
2596F2B3618B50F6D57D56BD232BFBFD
174E282BA45297B3D9A3DB57EFBECFB9
DFFA52C5F0477E439E06D553C50F859B
042943E896333482C71AC229F6FC49E1
1F77B026F224890EEB5B3298A4E0AE0E
4C1AE7676DDD827EA2619186F6531B19
CE0E4D389927B40A08C5B2C2F678001D
FCDC94B7865F3A0DC9E4711C2D93C48E
A1F9A37F09437666F7B9D7F49FA8E523
AD43897D73FD0E3E3ED77B9F9CAB17E5
C83F5C204745E98701F9067CB2A03A69
D429A1D928CC073BE51AF4D3D56BB160
67CD86B1D07DCB9ACD706BC137478F2C
F0C6ECE8AFCAE41E2E14301181E2E213
648D14B80B3BA25EEA9929CC6970E192
DA3C1E0952EBADC304B5D82C361A89DA
0C7B9A738FE9735E046C2EF9373F33BC
E98DF5C009213D3503D0E5D0AC9014E9
140C70F415AA65DF44FB31163AEEDDF2
4B9AD403D0EE9BC16A0FA7E61AC5CB1A
C24348205FA0039655182FE33A69905A
7C4A27BE38CD48BF4714575405ED8878
55437C032B57CAB4024F8EDE55FCC85A
1DE6C254736E68095AE3552A19CC0DEA
A98DAB40C6BD16743CC2A61006E7C451
6656C296ACBCA8DB64986FF2CB034BC5
164A329560EF855E649CC7A0AA8D457F
7BE4C6828E7D047A7E9CDBA7731E08E4
561FDCF245ED3BC1F7E2711D26750853
49FFF5F7B9CBF42B243E2B25A6C5B5D6
5D92DD6ACAA0BF62850496B1B1BA9D4E
6BA866EF278D81F5A7375AA235924DEC
5B147F0F95057A7A16E970A3D583C9B3
DE241722DF0E9C898DC47EBD0D8AD4E7
022784605F858CCB240640596599BA02
9923669B25C170CFAA68C4671D0EF18E
8B50AD49EA0A2C07A45FABB7581EEE3D
B8485F5B652141290D78480D0E233976
7047026002579199E0B5377EEAB7D7A2
3214FAB24263DBA7862DC3B3333F07DD
9435DDC0D7D992DD62BE26F58E0782F9
5A73A9CC1723CD584BAFBD72DC97EF32
D44D49A03C67C7DBA05CF92D176AC778
4E9E66EF5A9ADCC89F8E484515C5E44A
04F0A014CD08068421D34D88DA3DECC0
8A1A7069334755A242145486884D5657
C83ED80B0E5584BAC7CDD7820A3FE92C
1C35A6DF22F01322AF711361CBA2DE12
26B35C4B65A0BBC2CEEB7F7FC103697B
D958296E98F2C00B40824B64F33AD088
32D1038EF81475CBE92420D0078B0A90
52B75540D33CBE9CF2BF216FBB4B0659
CA0BDF0BCCF7E2566E44E0287D486418
A1EF88ED6C3EC085A7ECEAF7C9897FFB
4E0F39567D3CCADC8C55A31287FEBCA4
F86FCDB1527DE65A03334C1C34E2E786
AC8B1009A831ECDCB88BB1619D716E6B
430B05FC3AEA36CFC49C8BDB606C3596
32B78D527D33AF3B48639B8D1D748505
46DE302D3C347FF6969401090EBAB790
966A819B8D51300EDA91A6F0265962F5
F396EE1DB510098320E6F0D936EB97F0
548ADF0D70362EAEBDEB4536C414A545
12D01BEF8D11542A6949918A4A10CC57
AFC622089CBC13959AFE28CA927AC096
1A094E67BAF79B3C3353ACC615C55780
DBE799EF76F93BD8F1F574C6A38954C7
719284DAFC64F5F3E7EC4C7720984483
F84A6565C7E563DCD658EEF3D8133E9E
AE8AF641B870DB13174234B2E637AFB1
B7D875CA0094C2D8134C6370D0A99C3E
C0D7A7E0F591FC811853FEDF3B0424C9
D1F89A18CE86B7E7F78B16581873175D
81FCB3E4B8BA59E04B16423BD08F8A52
8B1BBB01D70F9FCCE953B8C7E35DBD6B
80C9A3B04EAACE75AAAEEADA13110367
146067583A5CF8D44EEE1E5C60224030
8904B86255FF5751446A8FA88D9E7977
7A05F06B5A05583F197C03DFC9316710
D9A576B283E4EA854A1419D3B9B42BD2
53627561C31D35BB5474CED6AF4E438C
2A8FB9CCC31B7BB942B08FAA253800BB
82CF500E53865ACE6735F8C222495D21
88E3CBE96BDEB21655772733BFDF7AAB
27E91E474FC48732AA58B76B28518E0A
C9A5733EAE7B20FA52AB0A5AFA969DC7
0531336AA7844C273C1AD5308D638555
40D607DA6247A3AF14B050665C154374
C8AA86669CA4D90F584878C57FBDC99C
E01588FD384CD1D05DA03E84EA2B3936
4E3422BE969F66C7BD101EF5C0E02A0E
41EF44CB2939503BF2A503DB9CE0538E
