#-----------------------------------------------------------
# Vivado v2024.2 (64-bit)
# SW Build 5239630 on Fri Nov 08 22:34:34 MST 2024
# IP Build 5239520 on Sun Nov 10 16:12:51 MST 2024
# SharedData Build 5239561 on Fri Nov 08 14:39:27 MST 2024
# Start of session at: Sat Jul 18 14:42:41 2026
# Process ID         : 2227567
# Current directory  : /home/23EC01052/Desktop/my_branch/LRF/workspace
# Command line       : vivado -mode gui -source ../tests/top_video/run_sim.tcl
# Log file           : /home/23EC01052/Desktop/my_branch/LRF/workspace/vivado.log
# Journal file       : /home/23EC01052/Desktop/my_branch/LRF/workspace/vivado.jou
# Running On         : cdsl17.cdsl.iitbbs.ac.in
# Platform           : unknown
# Operating System   : unknown
# Processor Detail   : Intel(R) Core(TM) i7-14700
# CPU Frequency      : 2669.062 MHz
# CPU Physical cores : 20
# CPU Logical cores  : 28
# Host memory        : 33107 MB
# Swap memory        : 42949 MB
# Total Virtual      : 76057 MB
# Available Virtual  : 67148 MB
#-----------------------------------------------------------
start_gui
source ../tests/top_video/run_sim.tcl
# set TEST_NAME "top_video"
# set SRC_DIR "../src"
# set WORKSPACE_DIR [file normalize "./${TEST_NAME}"]
# set TEST_DIR "../tests/${TEST_NAME}"
# set UTILS_SV_DIR "../utils/sv"
# set IP_DIR "${SRC_DIR}/ips/cordic/cordic_0"
# set FIFO_IP_DIR "${SRC_DIR}/ips/fifo/axis_data_fifo_0"
# set DATA_DIR "../data/"
# if {[file exists $WORKSPACE_DIR]} { file delete -force $WORKSPACE_DIR }
# file mkdir $WORKSPACE_DIR
# set INPUT_VIDEO_DIR     [file normalize "${DATA_DIR}/hex_data"]
# set OUTPUT_VIDEO_DIR    [file normalize "${WORKSPACE_DIR}/outputs"]
# set INPUT_IMG_COUNT     300
# file mkdir $OUTPUT_VIDEO_DIR
# puts "Generating vivado project..."
Generating vivado project...
# create_project -force sim_project ${WORKSPACE_DIR}/sim_project -part xc7z010clg225-1
WARNING: [Board 49-26] cannot add Board Part xilinx.com:vek280_es:part0:1.0 available at /Data/cad/Xilinx/Vivado/2024.2/data/xhub/boards/XilinxBoardStore/boards/Xilinx/vek280/es/rev_a/1.0/board.xml as part xcve2802-vsvh1760-2lp-e-s-es1 specified in board_part file is either invalid or not available
WARNING: [Board 49-26] cannot add Board Part xilinx.com:vek280_es:part0:1.1 available at /Data/cad/Xilinx/Vivado/2024.2/data/xhub/boards/XilinxBoardStore/boards/Xilinx/vek280/es/rev_a/1.1/board.xml as part xcve2802-vsvh1760-2lp-e-s-es1 specified in board_part file is either invalid or not available
WARNING: [Board 49-26] cannot add Board Part xilinx.com:vek280_es_revb:part0:1.0 available at /Data/cad/Xilinx/Vivado/2024.2/data/xhub/boards/XilinxBoardStore/boards/Xilinx/vek280/es/rev_b/1.0/board.xml as part xcve2802-vsvh1760-2mp-e-s-es1 specified in board_part file is either invalid or not available
WARNING: [Board 49-26] cannot add Board Part xilinx.com:vek280_es_revb:part0:1.1 available at /Data/cad/Xilinx/Vivado/2024.2/data/xhub/boards/XilinxBoardStore/boards/Xilinx/vek280/es/rev_b/1.1/board.xml as part xcve2802-vsvh1760-2mp-e-s-es1 specified in board_part file is either invalid or not available
WARNING: [Board 49-26] cannot add Board Part xilinx.com:zcu208ld:part0:2.0 available at /Data/cad/Xilinx/Vivado/2024.2/data/xhub/boards/XilinxBoardStore/boards/Xilinx/zcu208ld/production/2.0/board.xml as part xczu58dr-fsvg1517-2-i specified in board_part file is either invalid or not available
WARNING: [Board 49-26] cannot add Board Part xilinx.com:zcu216ld:part0:2.0 available at /Data/cad/Xilinx/Vivado/2024.2/data/xhub/boards/XilinxBoardStore/boards/Xilinx/zcu216ld/production/2.0/board.xml as part xczu59dr-ffvf1760-2-i specified in board_part file is either invalid or not available
WARNING: [Board 49-26] cannot add Board Part xilinx.com:zcu670ld:part0:1.0 available at /Data/cad/Xilinx/Vivado/2024.2/data/xhub/boards/XilinxBoardStore/boards/Xilinx/zcu670ld/1.0/board.xml as part xczu57dr-fsve1156-2-i specified in board_part file is either invalid or not available
INFO: [IP_Flow 19-234] Refreshing IP repositories
INFO: [IP_Flow 19-1704] No user IP repositories specified
INFO: [IP_Flow 19-2313] Loaded Vivado IP repository '/Data/cad/Xilinx/Vivado/2024.2/data/ip'.
create_project: Time (s): cpu = 00:00:15 ; elapsed = 00:00:07 . Memory (MB): peak = 8324.762 ; gain = 520.832 ; free physical = 17117 ; free virtual = 63012
# set IP_FILE "${IP_DIR}/cordic_0.xci"
# if {[file exists $IP_FILE]} {
#     import_ip -files $IP_FILE -name cordic_0
# 
#     set CORDIC_IP [get_ips cordic_0]
# 
#     report_ip_status
#     if {[catch {upgrade_ip $CORDIC_IP} upgrade_result]} {
#         puts "WARNING: upgrade_ip reported: $upgrade_result"
#     } else {
#         puts $upgrade_result
#     }
# 
#     reset_target all $CORDIC_IP
#     generate_target all $CORDIC_IP
#     export_ip_user_files -of_objects $CORDIC_IP -no_script -sync -force -quiet
# } else {
#     puts "ERROR: CORDIC IP not found at $IP_FILE"
#     return -code error
# }
WARNING: [IP_Flow 19-3664] IP 'cordic_0' generated file not found '/home/23EC01052/Desktop/my_branch/LRF/cordic.gen/sources_1/ip/cordic_0/cmodel/cordic_v6_0_bitacc_cmodel_lin64.zip'. Please regenerate to continue.
WARNING: [IP_Flow 19-3664] IP 'cordic_0' generated file not found '/home/23EC01052/Desktop/my_branch/LRF/cordic.gen/sources_1/ip/cordic_0/cmodel/cordic_v6_0_bitacc_cmodel_nt64.zip'. Please regenerate to continue.
WARNING: [IP_Flow 19-3664] IP 'cordic_0' generated file not found '/home/23EC01052/Desktop/my_branch/LRF/cordic.gen/sources_1/ip/cordic_0/cordic_0.vho'. Please regenerate to continue.
WARNING: [IP_Flow 19-3664] IP 'cordic_0' generated file not found '/home/23EC01052/Desktop/my_branch/LRF/cordic.gen/sources_1/ip/cordic_0/cordic_0.veo'. Please regenerate to continue.
WARNING: [IP_Flow 19-3664] IP 'cordic_0' generated file not found '/home/23EC01052/Desktop/my_branch/LRF/cordic.gen/sources_1/ip/cordic_0/doc/cordic_v6_0_changelog.txt'. Please regenerate to continue.
WARNING: [IP_Flow 19-3664] IP 'cordic_0' generated file not found '/home/23EC01052/Desktop/my_branch/LRF/cordic.gen/sources_1/ip/cordic_0/sim/cordic_0.vhd'. Please regenerate to continue.
WARNING: [IP_Flow 19-3664] IP 'cordic_0' generated file not found '/home/23EC01052/Desktop/my_branch/LRF/cordic.gen/sources_1/ip/cordic_0/demo_tb/tb_cordic_0.vhd'. Please regenerate to continue.
CRITICAL WARNING: [IP_Flow 19-4299] Failed to copy '/home/23EC01052/Desktop/my_branch/LRF/cordic.gen/sources_1/ip/cordic_0/doc/cordic_v6_0_changelog.txt' to '/home/23EC01052/Desktop/my_branch/LRF/workspace/top_video/sim_project/sim_project.gen/sources_1/ip/cordic_0/doc/cordic_v6_0_changelog.txt'
CRITICAL WARNING: [IP_Flow 19-4299] Failed to copy '/home/23EC01052/Desktop/my_branch/LRF/cordic.gen/sources_1/ip/cordic_0/cmodel/cordic_v6_0_bitacc_cmodel_lin64.zip' to '/home/23EC01052/Desktop/my_branch/LRF/workspace/top_video/sim_project/sim_project.gen/sources_1/ip/cordic_0/cmodel/cordic_v6_0_bitacc_cmodel_lin64.zip'
CRITICAL WARNING: [IP_Flow 19-4299] Failed to copy '/home/23EC01052/Desktop/my_branch/LRF/cordic.gen/sources_1/ip/cordic_0/cmodel/cordic_v6_0_bitacc_cmodel_nt64.zip' to '/home/23EC01052/Desktop/my_branch/LRF/workspace/top_video/sim_project/sim_project.gen/sources_1/ip/cordic_0/cmodel/cordic_v6_0_bitacc_cmodel_nt64.zip'
CRITICAL WARNING: [IP_Flow 19-4299] Failed to copy '/home/23EC01052/Desktop/my_branch/LRF/cordic.gen/sources_1/ip/cordic_0/cordic_0.vho' to '/home/23EC01052/Desktop/my_branch/LRF/workspace/top_video/sim_project/sim_project.gen/sources_1/ip/cordic_0/cordic_0.vho'
CRITICAL WARNING: [IP_Flow 19-4299] Failed to copy '/home/23EC01052/Desktop/my_branch/LRF/cordic.gen/sources_1/ip/cordic_0/cordic_0.veo' to '/home/23EC01052/Desktop/my_branch/LRF/workspace/top_video/sim_project/sim_project.gen/sources_1/ip/cordic_0/cordic_0.veo'
CRITICAL WARNING: [IP_Flow 19-4299] Failed to copy '/home/23EC01052/Desktop/my_branch/LRF/cordic.gen/sources_1/ip/cordic_0/sim/cordic_0.vhd' to '/home/23EC01052/Desktop/my_branch/LRF/workspace/top_video/sim_project/sim_project.gen/sources_1/ip/cordic_0/sim/cordic_0.vhd'
CRITICAL WARNING: [IP_Flow 19-4299] Failed to copy '/home/23EC01052/Desktop/my_branch/LRF/cordic.gen/sources_1/ip/cordic_0/demo_tb/tb_cordic_0.vhd' to '/home/23EC01052/Desktop/my_branch/LRF/workspace/top_video/sim_project/sim_project.gen/sources_1/ip/cordic_0/demo_tb/tb_cordic_0.vhd'
WARNING: [IP_Flow 19-2162] IP 'cordic_0' is locked:
* Current project part 'xc7z010clg225-1' and the part 'xczu9eg-ffvb1156-2-e' used to customize the IP 'cordic_0' do not match.
Copyright 1986-2022 Xilinx, Inc. All Rights Reserved. Copyright 2022-2024 Advanced Micro Devices, Inc. All Rights Reserved.
---------------------------------------------------------------------------------------------------------------------------------------------
| Tool Version : Vivado v.2024.2 (lin64) Build 5239630 Fri Nov 08 22:34:34 MST 2024
| Date         : Sat Jul 18 14:42:54 2026
| Host         : cdsl17.cdsl.iitbbs.ac.in running 64-bit unknown
| Command      : report_ip_status
---------------------------------------------------------------------------------------------------------------------------------------------

IP Status Summary

1. Project IP Status
--------------------
Your project uses 1 IP. Some of these IP may have undergone changes in this release of the software. Please review the recommended actions.

More information on the Xilinx versioning policy is available at www.xilinx.com.

Project IP Instances
+---------------+----------------+----------------+-----------+--------------------+---------+---------------+------------+----------------------+
| Instance Name | Status         | Recommendation | Change    | IP Name            | IP      | New Version   | New        | Original Part        |
|               |                |                | Log       |                    | Version |               | License    |                      |
+---------------+----------------+----------------+-----------+--------------------+---------+---------------+------------+----------------------+
| cordic_0      | IP part change | Retarget IP    |  *(1)     | CORDIC             | 6.0     | 6.0 (Rev. 23) | Included   | xczu9eg-ffvb1156-2-e |
|               |                |                |           |                    | (Rev.   |               |            |                      |
|               |                |                |           |                    | 23)     |               |            |                      |
+---------------+----------------+----------------+-----------+--------------------+---------+---------------+------------+----------------------+
*(1) /Data/cad/Xilinx/Vivado/2024.2/data/ip/xilinx/cordic_v6_0/doc/cordic_v6_0_changelog.txt


Upgrading 'cordic_0'
INFO: [IP_Flow 19-3420] Updated cordic_0 to use current project options
INFO: [IP_Flow 19-1686] Generating 'Instantiation Template' target for IP 'cordic_0'...
/home/23EC01052/Desktop/my_branch/LRF/workspace/top_video/sim_project/sim_project.srcs/sources_1/ip/cordic_0/cordic_0.xci
INFO: [IP_Flow 19-1686] Generating 'Instantiation Template' target for IP 'cordic_0'...
INFO: [IP_Flow 19-1686] Generating 'Synthesis' target for IP 'cordic_0'...
INFO: [IP_Flow 19-1686] Generating 'Simulation' target for IP 'cordic_0'...
INFO: [IP_Flow 19-1686] Generating 'C Simulation' target for IP 'cordic_0'...
INFO: [IP_Flow 19-1686] Generating 'Test Bench' target for IP 'cordic_0'...
INFO: [IP_Flow 19-1686] Generating 'Change Log' target for IP 'cordic_0'...
# set FIFO_IP_FILE "${FIFO_IP_DIR}/axis_data_fifo_0.xci"
# if {[file exists $FIFO_IP_FILE]} {
#     import_ip -files $FIFO_IP_FILE -name axis_data_fifo_0
# 
#     set FIFO_IP [get_ips axis_data_fifo_0]
# 
#     report_ip_status
#     if {[catch {upgrade_ip $FIFO_IP} upgrade_result]} {
#         puts "WARNING: upgrade_ip reported: $upgrade_result"
#     } else {
#         puts $upgrade_result
#     }
# 
#     reset_target all $FIFO_IP
#     generate_target all $FIFO_IP
#     export_ip_user_files -of_objects $FIFO_IP -no_script -sync -force -quiet
# } else {
#     puts "ERROR: FIFO IP not found at $FIFO_IP_FILE"
#     return -code error
# }
WARNING: [IP_Flow 19-3664] IP 'axis_data_fifo_0' generated file not found '/home/23EC01052/Desktop/my_branch/LRF/fifo_ip.gen/sources_1/ip/axis_data_fifo_0/axis_data_fifo_0.vho'. Please regenerate to continue.
WARNING: [IP_Flow 19-3664] IP 'axis_data_fifo_0' generated file not found '/home/23EC01052/Desktop/my_branch/LRF/fifo_ip.gen/sources_1/ip/axis_data_fifo_0/axis_data_fifo_0.veo'. Please regenerate to continue.
WARNING: [IP_Flow 19-3664] IP 'axis_data_fifo_0' generated file not found '/home/23EC01052/Desktop/my_branch/LRF/fifo_ip.gen/sources_1/ip/axis_data_fifo_0/sim/axis_data_fifo_0.v'. Please regenerate to continue.
WARNING: [IP_Flow 19-3664] IP 'axis_data_fifo_0' generated file not found '/home/23EC01052/Desktop/my_branch/LRF/fifo_ip.gen/sources_1/ip/axis_data_fifo_0/doc/axis_data_fifo_v2_0_changelog.txt'. Please regenerate to continue.
CRITICAL WARNING: [IP_Flow 19-4299] Failed to copy '/home/23EC01052/Desktop/my_branch/LRF/fifo_ip.gen/sources_1/ip/axis_data_fifo_0/doc/axis_data_fifo_v2_0_changelog.txt' to '/home/23EC01052/Desktop/my_branch/LRF/workspace/top_video/sim_project/sim_project.gen/sources_1/ip/axis_data_fifo_0/doc/axis_data_fifo_v2_0_changelog.txt'
CRITICAL WARNING: [IP_Flow 19-4299] Failed to copy '/home/23EC01052/Desktop/my_branch/LRF/fifo_ip.gen/sources_1/ip/axis_data_fifo_0/axis_data_fifo_0.vho' to '/home/23EC01052/Desktop/my_branch/LRF/workspace/top_video/sim_project/sim_project.gen/sources_1/ip/axis_data_fifo_0/axis_data_fifo_0.vho'
CRITICAL WARNING: [IP_Flow 19-4299] Failed to copy '/home/23EC01052/Desktop/my_branch/LRF/fifo_ip.gen/sources_1/ip/axis_data_fifo_0/axis_data_fifo_0.veo' to '/home/23EC01052/Desktop/my_branch/LRF/workspace/top_video/sim_project/sim_project.gen/sources_1/ip/axis_data_fifo_0/axis_data_fifo_0.veo'
CRITICAL WARNING: [IP_Flow 19-4299] Failed to copy '/home/23EC01052/Desktop/my_branch/LRF/fifo_ip.gen/sources_1/ip/axis_data_fifo_0/sim/axis_data_fifo_0.v' to '/home/23EC01052/Desktop/my_branch/LRF/workspace/top_video/sim_project/sim_project.gen/sources_1/ip/axis_data_fifo_0/sim/axis_data_fifo_0.v'
WARNING: [IP_Flow 19-2162] IP 'axis_data_fifo_0' is locked:
* Current project part 'xc7z010clg225-1' and the part 'xczu9eg-ffvb1156-2-e' used to customize the IP 'axis_data_fifo_0' do not match.
Copyright 1986-2022 Xilinx, Inc. All Rights Reserved. Copyright 2022-2024 Advanced Micro Devices, Inc. All Rights Reserved.
---------------------------------------------------------------------------------------------------------------------------------------------
| Tool Version : Vivado v.2024.2 (lin64) Build 5239630 Fri Nov 08 22:34:34 MST 2024
| Date         : Sat Jul 18 14:42:55 2026
| Host         : cdsl17.cdsl.iitbbs.ac.in running 64-bit unknown
| Command      : report_ip_status
---------------------------------------------------------------------------------------------------------------------------------------------

IP Status Summary

1. Project IP Status
--------------------
Your project uses 2 IP. Some of these IP may have undergone changes in this release of the software. Please review the recommended actions.

More information on the Xilinx versioning policy is available at www.xilinx.com.

Project IP Instances
+------------------+----------------+---------------------+-----------+--------------------+---------+---------------+------------+----------------------+
| Instance Name    | Status         | Recommendation      | Change    | IP Name            | IP      | New Version   | New        | Original Part        |
|                  |                |                     | Log       |                    | Version |               | License    |                      |
+------------------+----------------+---------------------+-----------+--------------------+---------+---------------+------------+----------------------+
| axis_data_fifo_0 | IP part change | Retarget IP         |  *(1)     | AXI4-Stream Data   | 2.0     | 2.0 (Rev. 15) | Included   | xczu9eg-ffvb1156-2-e |
|                  |                |                     |           | FIFO               | (Rev.   |               |            |                      |
|                  |                |                     |           |                    | 15)     |               |            |                      |
+------------------+----------------+---------------------+-----------+--------------------+---------+---------------+------------+----------------------+
| cordic_0         | Up-to-date     | No changes required |  *(2)     | CORDIC             | 6.0     | 6.0 (Rev. 23) | Included   | xc7z010clg225-1      |
|                  |                |                     |           |                    | (Rev.   |               |            |                      |
|                  |                |                     |           |                    | 23)     |               |            |                      |
+------------------+----------------+---------------------+-----------+--------------------+---------+---------------+------------+----------------------+
*(1) /Data/cad/Xilinx/Vivado/2024.2/data/ip/xilinx/axis_data_fifo_v2_0/doc/axis_data_fifo_v2_0_changelog.txt
*(2) /Data/cad/Xilinx/Vivado/2024.2/data/ip/xilinx/cordic_v6_0/doc/cordic_v6_0_changelog.txt


Upgrading 'axis_data_fifo_0'
INFO: [IP_Flow 19-3420] Updated axis_data_fifo_0 to use current project options
INFO: [IP_Flow 19-1686] Generating 'Instantiation Template' target for IP 'axis_data_fifo_0'...
/home/23EC01052/Desktop/my_branch/LRF/workspace/top_video/sim_project/sim_project.srcs/sources_1/ip/axis_data_fifo_0/axis_data_fifo_0.xci
INFO: [IP_Flow 19-1686] Generating 'Instantiation Template' target for IP 'axis_data_fifo_0'...
INFO: [IP_Flow 19-1686] Generating 'Synthesis' target for IP 'axis_data_fifo_0'...
INFO: [IP_Flow 19-1686] Generating 'Simulation' target for IP 'axis_data_fifo_0'...
INFO: [IP_Flow 19-1686] Generating 'Change Log' target for IP 'axis_data_fifo_0'...
# add_files -fileset sources_1 ${SRC_DIR}/multiplier.v
# add_files -fileset sources_1 ${SRC_DIR}/axis_adder.v
# add_files -fileset sources_1 ${SRC_DIR}/axis_sub.v
# add_files -fileset sources_1 ${SRC_DIR}/unsigned_sub.v
# add_files -fileset sources_1 ${SRC_DIR}/axis_buff.v
# add_files -fileset sources_1 ${SRC_DIR}/axis_comparator.v
# add_files -fileset sources_1 ${SRC_DIR}/lsu.v
# add_files -fileset sources_1 ${SRC_DIR}/lsu_valid.v
# add_files -fileset sources_1 ${SRC_DIR}/sig_xy.v
# add_files -fileset sources_1 ${SRC_DIR}/hssim.v
# add_files -fileset sources_1 ${SRC_DIR}/hssim_top.v
# add_files -fileset sources_1 ${SRC_DIR}/conv_gauss.v
# add_files -fileset sources_1 ${SRC_DIR}/conv_sobel.v
# add_files -fileset sources_1 ${SRC_DIR}/sobel_hssim_top.v
# add_files -fileset sources_1 ${SRC_DIR}/fusion.v
# add_files -fileset sources_1 ${SRC_DIR}/fusion_top.v
# add_files -fileset sources_1 ${SRC_DIR}/axis_add_sub.v
# add_files -fileset sources_1 ${SRC_DIR}/top.v
# add_files -fileset sim_1 ${UTILS_SV_DIR}/sim_axis.sv
# set_property file_type SystemVerilog [get_files ${UTILS_SV_DIR}/sim_axis.sv]
# add_files -fileset sim_1 ${TEST_DIR}/tb_top_video.sv
# set_property file_type SystemVerilog [get_files ${TEST_DIR}/tb_top_video.sv]
# set_property include_dirs [list $WORKSPACE_DIR $TEST_DIR] [get_filesets sim_1]
# set_property top tb_top [get_filesets sim_1]
# set_property top_lib xil_defaultlib [get_filesets sim_1]
# set_property -name {xsim.simulate.xsim.more_options} \
#     -value "-testplusarg INPUT_FOLDER=$INPUT_VIDEO_DIR \
#             -testplusarg OUTPUT_FOLDER=$OUTPUT_VIDEO_DIR \
#             -testplusarg FILE_PREFIX=hex_img_ \
#             -testplusarg TOTAL_FRAMES=$INPUT_IMG_COUNT" \
#     -objects [get_filesets sim_1]
# puts "Running Simulation..."
Running Simulation...
# launch_simulation
Command: launch_simulation 
INFO: [Vivado 12-12493] Simulation top is 'tb_top'
INFO: [Vivado 12-5698] Checking validity of IPs in the design for the 'XSim' simulator...
INFO: [Vivado 12-5682] Launching behavioral simulation in '/home/23EC01052/Desktop/my_branch/LRF/workspace/top_video/sim_project/sim_project.sim/sim_1/behav/xsim'
INFO: [Vivado 12-13660] Precompiled IP simulation library mode is enabled (default). The design IP libraries will be referenced from the compiled library path. Please note that if the precompiled version of the library is not found from the path or the IP is in locked state, then the library source files for these IPs will be compiled locally as part of the compile order.
INFO: [Vivado 12-4795] Using compiled simulation libraries for IPs
INFO: [SIM-utils-51] Simulation object is 'sim_1'
INFO: [SIM-utils-72] Using boost library from '/Data/cad/Xilinx/Vivado/2024.2/tps/boost_1_72_0'
INFO: [USF-XSim-7] Finding pre-compiled libraries...
INFO: [USF-XSim-11] File '/Data/cad/Xilinx/Vivado/2024.2/data/xsim/xsim.ini' copied to run dir:'/home/23EC01052/Desktop/my_branch/LRF/workspace/top_video/sim_project/sim_project.sim/sim_1/behav/xsim'
INFO: [SIM-utils-54] Inspecting design source files for 'tb_top' in fileset 'sim_1'...
INFO: [USF-XSim-97] Finding global include files...
INFO: [USF-XSim-98] Fetching design files from 'sim_1'...
INFO: [USF-XSim-2] XSim::Compile design
INFO: [USF-XSim-61] Executing 'COMPILE and ANALYZE' step in '/home/23EC01052/Desktop/my_branch/LRF/workspace/top_video/sim_project/sim_project.sim/sim_1/behav/xsim'
xvlog --incr --relax -L uvm -prj tb_top_vlog.prj
INFO: [VRFC 10-2263] Analyzing Verilog file "/home/23EC01052/Desktop/my_branch/LRF/workspace/top_video/sim_project/sim_project.gen/sources_1/ip/axis_data_fifo_0/sim/axis_data_fifo_0.v" into library xil_defaultlib
INFO: [VRFC 10-311] analyzing module axis_data_fifo_0
INFO: [VRFC 10-2263] Analyzing Verilog file "/home/23EC01052/Desktop/my_branch/LRF/src/axis_add_sub.v" into library xil_defaultlib
INFO: [VRFC 10-311] analyzing module axis_add_sub
INFO: [VRFC 10-2263] Analyzing Verilog file "/home/23EC01052/Desktop/my_branch/LRF/src/axis_adder.v" into library xil_defaultlib
INFO: [VRFC 10-311] analyzing module axis_adder
INFO: [VRFC 10-2263] Analyzing Verilog file "/home/23EC01052/Desktop/my_branch/LRF/src/axis_buff.v" into library xil_defaultlib
INFO: [VRFC 10-311] analyzing module axis_buff
INFO: [VRFC 10-2263] Analyzing Verilog file "/home/23EC01052/Desktop/my_branch/LRF/src/axis_comparator.v" into library xil_defaultlib
INFO: [VRFC 10-311] analyzing module axis_comparator
INFO: [VRFC 10-2263] Analyzing Verilog file "/home/23EC01052/Desktop/my_branch/LRF/src/axis_sub.v" into library xil_defaultlib
INFO: [VRFC 10-311] analyzing module AXIS_SUB
INFO: [VRFC 10-2263] Analyzing Verilog file "/home/23EC01052/Desktop/my_branch/LRF/src/conv_gauss.v" into library xil_defaultlib
INFO: [VRFC 10-311] analyzing module CONV_GAUSS
INFO: [VRFC 10-2263] Analyzing Verilog file "/home/23EC01052/Desktop/my_branch/LRF/src/conv_sobel.v" into library xil_defaultlib
INFO: [VRFC 10-311] analyzing module CONV_SOBEL
INFO: [VRFC 10-2263] Analyzing Verilog file "/home/23EC01052/Desktop/my_branch/LRF/src/fusion.v" into library xil_defaultlib
INFO: [VRFC 10-311] analyzing module FUSION
INFO: [VRFC 10-2263] Analyzing Verilog file "/home/23EC01052/Desktop/my_branch/LRF/src/fusion_top.v" into library xil_defaultlib
INFO: [VRFC 10-311] analyzing module fusionTop
INFO: [VRFC 10-2263] Analyzing Verilog file "/home/23EC01052/Desktop/my_branch/LRF/src/hssim.v" into library xil_defaultlib
INFO: [VRFC 10-311] analyzing module HSSIM
INFO: [VRFC 10-2263] Analyzing Verilog file "/home/23EC01052/Desktop/my_branch/LRF/src/hssim_top.v" into library xil_defaultlib
INFO: [VRFC 10-311] analyzing module HSSIM_TOP
WARNING: [VRFC 10-3380] identifier 'p1_buff_1' is used before its declaration [/home/23EC01052/Desktop/my_branch/LRF/src/hssim_top.v:188]
WARNING: [VRFC 10-3380] identifier 'p2_buff_1' is used before its declaration [/home/23EC01052/Desktop/my_branch/LRF/src/hssim_top.v:189]
WARNING: [VRFC 10-3380] identifier 'p1_buff_1_valid' is used before its declaration [/home/23EC01052/Desktop/my_branch/LRF/src/hssim_top.v:190]
WARNING: [VRFC 10-3380] identifier 'p2_buff_1_valid' is used before its declaration [/home/23EC01052/Desktop/my_branch/LRF/src/hssim_top.v:191]
WARNING: [VRFC 10-3380] identifier 'p1_buff_1' is used before its declaration [/home/23EC01052/Desktop/my_branch/LRF/src/hssim_top.v:197]
WARNING: [VRFC 10-3380] identifier 'p2_buff_1' is used before its declaration [/home/23EC01052/Desktop/my_branch/LRF/src/hssim_top.v:198]
WARNING: [VRFC 10-3380] identifier 'p1_buff_1_valid' is used before its declaration [/home/23EC01052/Desktop/my_branch/LRF/src/hssim_top.v:199]
WARNING: [VRFC 10-3380] identifier 'p2_buff_1_valid' is used before its declaration [/home/23EC01052/Desktop/my_branch/LRF/src/hssim_top.v:200]
INFO: [VRFC 10-2263] Analyzing Verilog file "/home/23EC01052/Desktop/my_branch/LRF/src/lsu.v" into library xil_defaultlib
INFO: [VRFC 10-311] analyzing module LSU
INFO: [VRFC 10-2263] Analyzing Verilog file "/home/23EC01052/Desktop/my_branch/LRF/src/lsu_valid.v" into library xil_defaultlib
INFO: [VRFC 10-311] analyzing module LSU_valid
INFO: [VRFC 10-2263] Analyzing Verilog file "/home/23EC01052/Desktop/my_branch/LRF/src/multiplier.v" into library xil_defaultlib
INFO: [VRFC 10-311] analyzing module MULTIPLIER
INFO: [VRFC 10-2263] Analyzing Verilog file "/home/23EC01052/Desktop/my_branch/LRF/src/sig_xy.v" into library xil_defaultlib
INFO: [VRFC 10-311] analyzing module SIG_XY
INFO: [VRFC 10-2263] Analyzing Verilog file "/home/23EC01052/Desktop/my_branch/LRF/src/sobel_hssim_top.v" into library xil_defaultlib
INFO: [VRFC 10-311] analyzing module SOBEL_HSSIM_TOP
INFO: [VRFC 10-2263] Analyzing Verilog file "/home/23EC01052/Desktop/my_branch/LRF/src/top.v" into library xil_defaultlib
INFO: [VRFC 10-311] analyzing module LRF
WARNING: [VRFC 10-3380] identifier 'out_fused_frame_last' is used before its declaration [/home/23EC01052/Desktop/my_branch/LRF/src/top.v:40]
WARNING: [VRFC 10-3380] identifier 'data_buff_new' is used before its declaration [/home/23EC01052/Desktop/my_branch/LRF/src/top.v:49]
INFO: [VRFC 10-2263] Analyzing SystemVerilog file "/home/23EC01052/Desktop/my_branch/LRF/utils/sv/sim_axis.sv" into library xil_defaultlib
INFO: [VRFC 10-2263] Analyzing SystemVerilog file "/home/23EC01052/Desktop/my_branch/LRF/tests/top_video/tb_top_video.sv" into library xil_defaultlib
INFO: [VRFC 10-311] analyzing module tb_top
INFO: [VRFC 10-2263] Analyzing Verilog file "/home/23EC01052/Desktop/my_branch/LRF/workspace/top_video/sim_project/sim_project.sim/sim_1/behav/xsim/glbl.v" into library xil_defaultlib
INFO: [VRFC 10-311] analyzing module glbl
xvhdl --incr --relax -prj tb_top_vhdl.prj
INFO: [VRFC 10-163] Analyzing VHDL file "/home/23EC01052/Desktop/my_branch/LRF/workspace/top_video/sim_project/sim_project.gen/sources_1/ip/cordic_0/sim/cordic_0.vhd" into library xil_defaultlib
INFO: [VRFC 10-3107] analyzing entity 'cordic_0'
Waiting for jobs to finish...
No pending jobs, compilation finished.
INFO: [USF-XSim-69] 'compile' step finished in '2' seconds
INFO: [USF-XSim-3] XSim::Elaborate design
INFO: [USF-XSim-61] Executing 'ELABORATE' step in '/home/23EC01052/Desktop/my_branch/LRF/workspace/top_video/sim_project/sim_project.sim/sim_1/behav/xsim'
xelab --incr --debug typical --relax --mt 8 -L xil_defaultlib -L axis_infrastructure_v1_1_1 -L axis_data_fifo_v2_0_15 -L xbip_utils_v3_0_14 -L c_reg_fd_v12_0_10 -L xbip_dsp48_wrapper_v3_0_6 -L xbip_pipe_v3_0_10 -L c_addsub_v12_0_19 -L mult_gen_v12_0_22 -L axi_utils_v2_0_10 -L cordic_v6_0_23 -L uvm -L unisims_ver -L unimacro_ver -L secureip -L xpm --snapshot tb_top_behav xil_defaultlib.tb_top xil_defaultlib.glbl -log elaborate.log
Vivado Simulator v2024.2.0
Copyright 1986-2022 Xilinx, Inc. All Rights Reserved.
Copyright 2022-2024 Advanced Micro Devices, Inc. All Rights Reserved.
Running: /Data/cad/Xilinx/Vivado/2024.2/bin/unwrapped/lnx64.o/xelab --incr --debug typical --relax --mt 8 -L xil_defaultlib -L axis_infrastructure_v1_1_1 -L axis_data_fifo_v2_0_15 -L xbip_utils_v3_0_14 -L c_reg_fd_v12_0_10 -L xbip_dsp48_wrapper_v3_0_6 -L xbip_pipe_v3_0_10 -L c_addsub_v12_0_19 -L mult_gen_v12_0_22 -L axi_utils_v2_0_10 -L cordic_v6_0_23 -L uvm -L unisims_ver -L unimacro_ver -L secureip -L xpm --snapshot tb_top_behav xil_defaultlib.tb_top xil_defaultlib.glbl -log elaborate.log 
Using 8 slave threads.
Starting static elaboration
Pass Through NonSizing Optimizer
WARNING: [VRFC 10-9380] size mismatch in mixed-language port association of VHDL port 's_axis_cartesian_tdata' [/home/23EC01052/Desktop/my_branch/LRF/src/conv_sobel.v:176]
WARNING: [VRFC 10-9380] size mismatch in mixed-language port association of VHDL port 's_axis_cartesian_tdata' [/home/23EC01052/Desktop/my_branch/LRF/src/conv_sobel.v:176]
WARNING: [VRFC 10-9380] size mismatch in mixed-language port association of VHDL port 's_axis_cartesian_tdata' [/home/23EC01052/Desktop/my_branch/LRF/src/conv_sobel.v:176]
WARNING: [VRFC 10-9380] size mismatch in mixed-language port association of VHDL port 's_axis_cartesian_tdata' [/home/23EC01052/Desktop/my_branch/LRF/src/conv_sobel.v:176]
WARNING: [VRFC 10-9380] size mismatch in mixed-language port association of VHDL port 's_axis_cartesian_tdata' [/home/23EC01052/Desktop/my_branch/LRF/src/conv_sobel.v:176]
WARNING: [VRFC 10-9380] size mismatch in mixed-language port association of VHDL port 's_axis_cartesian_tdata' [/home/23EC01052/Desktop/my_branch/LRF/src/conv_sobel.v:176]
WARNING: [VRFC 10-9380] size mismatch in mixed-language port association of VHDL port 's_axis_cartesian_tdata' [/home/23EC01052/Desktop/my_branch/LRF/src/conv_sobel.v:176]
WARNING: [VRFC 10-9380] size mismatch in mixed-language port association of VHDL port 's_axis_cartesian_tdata' [/home/23EC01052/Desktop/my_branch/LRF/src/conv_sobel.v:176]
WARNING: [VRFC 10-9380] size mismatch in mixed-language port association of VHDL port 's_axis_cartesian_tdata' [/home/23EC01052/Desktop/my_branch/LRF/src/conv_sobel.v:176]
WARNING: [VRFC 10-9380] size mismatch in mixed-language port association of VHDL port 's_axis_cartesian_tdata' [/home/23EC01052/Desktop/my_branch/LRF/src/conv_sobel.v:176]
WARNING: [VRFC 10-9380] size mismatch in mixed-language port association of VHDL port 's_axis_cartesian_tdata' [/home/23EC01052/Desktop/my_branch/LRF/src/conv_sobel.v:176]
WARNING: [VRFC 10-9380] size mismatch in mixed-language port association of VHDL port 's_axis_cartesian_tdata' [/home/23EC01052/Desktop/my_branch/LRF/src/conv_sobel.v:176]
WARNING: [VRFC 10-9380] size mismatch in mixed-language port association of VHDL port 's_axis_cartesian_tdata' [/home/23EC01052/Desktop/my_branch/LRF/src/conv_sobel.v:176]
WARNING: [VRFC 10-9380] size mismatch in mixed-language port association of VHDL port 's_axis_cartesian_tdata' [/home/23EC01052/Desktop/my_branch/LRF/src/conv_sobel.v:176]
WARNING: [VRFC 10-9380] size mismatch in mixed-language port association of VHDL port 's_axis_cartesian_tdata' [/home/23EC01052/Desktop/my_branch/LRF/src/conv_sobel.v:176]
WARNING: [VRFC 10-9380] size mismatch in mixed-language port association of VHDL port 's_axis_cartesian_tdata' [/home/23EC01052/Desktop/my_branch/LRF/src/conv_sobel.v:176]
WARNING: [VRFC 10-9380] size mismatch in mixed-language port association of VHDL port 's_axis_cartesian_tdata' [/home/23EC01052/Desktop/my_branch/LRF/src/conv_sobel.v:176]
WARNING: [VRFC 10-9380] size mismatch in mixed-language port association of VHDL port 's_axis_cartesian_tdata' [/home/23EC01052/Desktop/my_branch/LRF/src/conv_sobel.v:176]
WARNING: [VRFC 10-9380] size mismatch in mixed-language port association of VHDL port 's_axis_cartesian_tdata' [/home/23EC01052/Desktop/my_branch/LRF/src/conv_sobel.v:176]
WARNING: [VRFC 10-9380] size mismatch in mixed-language port association of VHDL port 's_axis_cartesian_tdata' [/home/23EC01052/Desktop/my_branch/LRF/src/conv_sobel.v:176]
WARNING: [VRFC 10-9380] size mismatch in mixed-language port association of VHDL port 's_axis_cartesian_tdata' [/home/23EC01052/Desktop/my_branch/LRF/src/conv_sobel.v:176]
WARNING: [VRFC 10-9380] size mismatch in mixed-language port association of VHDL port 's_axis_cartesian_tdata' [/home/23EC01052/Desktop/my_branch/LRF/src/conv_sobel.v:176]
WARNING: [VRFC 10-9380] size mismatch in mixed-language port association of VHDL port 's_axis_cartesian_tdata' [/home/23EC01052/Desktop/my_branch/LRF/src/conv_sobel.v:176]
WARNING: [VRFC 10-9380] size mismatch in mixed-language port association of VHDL port 's_axis_cartesian_tdata' [/home/23EC01052/Desktop/my_branch/LRF/src/conv_sobel.v:176]
WARNING: [VRFC 10-9380] size mismatch in mixed-language port association of VHDL port 's_axis_cartesian_tdata' [/home/23EC01052/Desktop/my_branch/LRF/src/conv_sobel.v:176]
WARNING: [VRFC 10-9380] size mismatch in mixed-language port association of VHDL port 's_axis_cartesian_tdata' [/home/23EC01052/Desktop/my_branch/LRF/src/conv_sobel.v:176]
WARNING: [VRFC 10-9380] size mismatch in mixed-language port association of VHDL port 's_axis_cartesian_tdata' [/home/23EC01052/Desktop/my_branch/LRF/src/conv_sobel.v:176]
WARNING: [VRFC 10-9380] size mismatch in mixed-language port association of VHDL port 's_axis_cartesian_tdata' [/home/23EC01052/Desktop/my_branch/LRF/src/conv_sobel.v:176]
WARNING: [VRFC 10-9380] size mismatch in mixed-language port association of VHDL port 's_axis_cartesian_tdata' [/home/23EC01052/Desktop/my_branch/LRF/src/conv_sobel.v:176]
WARNING: [VRFC 10-9380] size mismatch in mixed-language port association of VHDL port 's_axis_cartesian_tdata' [/home/23EC01052/Desktop/my_branch/LRF/src/conv_sobel.v:176]
WARNING: [VRFC 10-9380] size mismatch in mixed-language port association of VHDL port 's_axis_cartesian_tdata' [/home/23EC01052/Desktop/my_branch/LRF/src/conv_sobel.v:176]
WARNING: [VRFC 10-9380] size mismatch in mixed-language port association of VHDL port 's_axis_cartesian_tdata' [/home/23EC01052/Desktop/my_branch/LRF/src/conv_sobel.v:176]
WARNING: [VRFC 10-9380] size mismatch in mixed-language port association of VHDL port 's_axis_cartesian_tdata' [/home/23EC01052/Desktop/my_branch/LRF/src/conv_sobel.v:176]
WARNING: [VRFC 10-9380] size mismatch in mixed-language port association of VHDL port 's_axis_cartesian_tdata' [/home/23EC01052/Desktop/my_branch/LRF/src/conv_sobel.v:176]
WARNING: [VRFC 10-9380] size mismatch in mixed-language port association of VHDL port 's_axis_cartesian_tdata' [/home/23EC01052/Desktop/my_branch/LRF/src/conv_sobel.v:176]
WARNING: [VRFC 10-9380] size mismatch in mixed-language port association of VHDL port 's_axis_cartesian_tdata' [/home/23EC01052/Desktop/my_branch/LRF/src/conv_sobel.v:176]
WARNING: [VRFC 10-9380] size mismatch in mixed-language port association of VHDL port 's_axis_cartesian_tdata' [/home/23EC01052/Desktop/my_branch/LRF/src/conv_sobel.v:176]
WARNING: [VRFC 10-9380] size mismatch in mixed-language port association of VHDL port 's_axis_cartesian_tdata' [/home/23EC01052/Desktop/my_branch/LRF/src/conv_sobel.v:176]
WARNING: [VRFC 10-9380] size mismatch in mixed-language port association of VHDL port 's_axis_cartesian_tdata' [/home/23EC01052/Desktop/my_branch/LRF/src/conv_sobel.v:176]
WARNING: [VRFC 10-9380] size mismatch in mixed-language port association of VHDL port 's_axis_cartesian_tdata' [/home/23EC01052/Desktop/my_branch/LRF/src/conv_sobel.v:176]
WARNING: [VRFC 10-9380] size mismatch in mixed-language port association of VHDL port 's_axis_cartesian_tdata' [/home/23EC01052/Desktop/my_branch/LRF/src/conv_sobel.v:176]
WARNING: [VRFC 10-9380] size mismatch in mixed-language port association of VHDL port 's_axis_cartesian_tdata' [/home/23EC01052/Desktop/my_branch/LRF/src/conv_sobel.v:176]
WARNING: [VRFC 10-9380] size mismatch in mixed-language port association of VHDL port 's_axis_cartesian_tdata' [/home/23EC01052/Desktop/my_branch/LRF/src/conv_sobel.v:176]
WARNING: [VRFC 10-9380] size mismatch in mixed-language port association of VHDL port 's_axis_cartesian_tdata' [/home/23EC01052/Desktop/my_branch/LRF/src/conv_sobel.v:176]
WARNING: [VRFC 10-9380] size mismatch in mixed-language port association of VHDL port 's_axis_cartesian_tdata' [/home/23EC01052/Desktop/my_branch/LRF/src/conv_sobel.v:176]
WARNING: [VRFC 10-9380] size mismatch in mixed-language port association of VHDL port 's_axis_cartesian_tdata' [/home/23EC01052/Desktop/my_branch/LRF/src/conv_sobel.v:176]
WARNING: [VRFC 10-9380] size mismatch in mixed-language port association of VHDL port 's_axis_cartesian_tdata' [/home/23EC01052/Desktop/my_branch/LRF/src/conv_sobel.v:176]
WARNING: [VRFC 10-9380] size mismatch in mixed-language port association of VHDL port 's_axis_cartesian_tdata' [/home/23EC01052/Desktop/my_branch/LRF/src/conv_sobel.v:176]
WARNING: [VRFC 10-3091] actual bit length 32 differs from formal bit length 16 for port 's_axis_tdata_z' [/home/23EC01052/Desktop/my_branch/LRF/src/hssim.v:323]
WARNING: [VRFC 10-3091] actual bit length 17 differs from formal bit length 18 for port 'm_axis_tdata' [/home/23EC01052/Desktop/my_branch/LRF/src/hssim.v:327]
WARNING: [VRFC 10-3091] actual bit length 32 differs from formal bit length 16 for port 's_axis_tdata_y' [/home/23EC01052/Desktop/my_branch/LRF/src/hssim.v:340]
WARNING: [VRFC 10-3091] actual bit length 32 differs from formal bit length 16 for port 's_axis_tdata_z' [/home/23EC01052/Desktop/my_branch/LRF/src/hssim.v:344]
WARNING: [VRFC 10-3091] actual bit length 16 differs from formal bit length 18 for port 'm_axis_tdata' [/home/23EC01052/Desktop/my_branch/LRF/src/hssim.v:348]
WARNING: [VRFC 10-3091] actual bit length 32 differs from formal bit length 17 for port 's_axis_tdata_z' [/home/23EC01052/Desktop/my_branch/LRF/src/hssim.v:372]
WARNING: [VRFC 10-3091] actual bit length 18 differs from formal bit length 19 for port 'm_axis_tdata' [/home/23EC01052/Desktop/my_branch/LRF/src/hssim.v:376]
WARNING: [VRFC 10-3091] actual bit length 32 differs from formal bit length 17 for port 's_axis_tdata_z' [/home/23EC01052/Desktop/my_branch/LRF/src/hssim.v:393]
WARNING: [VRFC 10-3091] actual bit length 18 differs from formal bit length 19 for port 'm_axis_tdata' [/home/23EC01052/Desktop/my_branch/LRF/src/hssim.v:397]
WARNING: [VRFC 10-3091] actual bit length 17 differs from formal bit length 16 for port 's_axis_tdata_z' [/home/23EC01052/Desktop/my_branch/LRF/src/hssim.v:455]
WARNING: [VRFC 10-3091] actual bit length 32 differs from formal bit length 16 for port 's_axis_tdata_z' [/home/23EC01052/Desktop/my_branch/LRF/src/fusion.v:118]
WARNING: [VRFC 10-3091] actual bit length 32 differs from formal bit length 1 for port 's_axis_tvalid_z' [/home/23EC01052/Desktop/my_branch/LRF/src/fusion.v:119]
WARNING: [VRFC 10-3091] actual bit length 32 differs from formal bit length 1 for port 's_axis_tlast_z' [/home/23EC01052/Desktop/my_branch/LRF/src/fusion.v:121]
WARNING: [VRFC 10-3091] actual bit length 32 differs from formal bit length 128 for port 'new_frame' [/home/23EC01052/Desktop/my_branch/LRF/src/fusion_top.v:193]
WARNING: [VRFC 10-3091] actual bit length 32 differs from formal bit length 1 for port 'new_frame_tvalid' [/home/23EC01052/Desktop/my_branch/LRF/src/fusion_top.v:194]
WARNING: [VRFC 10-3091] actual bit length 32 differs from formal bit length 1 for port 'new_frame_tlast' [/home/23EC01052/Desktop/my_branch/LRF/src/fusion_top.v:196]
WARNING: [VRFC 10-3091] actual bit length 32 differs from formal bit length 128 for port 'del_gauss' [/home/23EC01052/Desktop/my_branch/LRF/src/fusion_top.v:197]
WARNING: [VRFC 10-3091] actual bit length 32 differs from formal bit length 1 for port 'del_gauss_tvalid' [/home/23EC01052/Desktop/my_branch/LRF/src/fusion_top.v:198]
WARNING: [VRFC 10-3091] actual bit length 32 differs from formal bit length 1 for port 'del_gauss_tlast' [/home/23EC01052/Desktop/my_branch/LRF/src/fusion_top.v:200]
WARNING: [VRFC 10-3091] actual bit length 32 differs from formal bit length 128 for port 'new_frame' [/home/23EC01052/Desktop/my_branch/LRF/src/fusion_top.v:214]
WARNING: [VRFC 10-3091] actual bit length 32 differs from formal bit length 1 for port 'new_frame_tvalid' [/home/23EC01052/Desktop/my_branch/LRF/src/fusion_top.v:215]
WARNING: [VRFC 10-3091] actual bit length 32 differs from formal bit length 1 for port 'new_frame_tlast' [/home/23EC01052/Desktop/my_branch/LRF/src/fusion_top.v:217]
WARNING: [VRFC 10-3091] actual bit length 32 differs from formal bit length 128 for port 'del_gauss' [/home/23EC01052/Desktop/my_branch/LRF/src/fusion_top.v:218]
WARNING: [VRFC 10-3091] actual bit length 32 differs from formal bit length 1 for port 'del_gauss_tvalid' [/home/23EC01052/Desktop/my_branch/LRF/src/fusion_top.v:219]
WARNING: [VRFC 10-3091] actual bit length 32 differs from formal bit length 1 for port 'del_gauss_tlast' [/home/23EC01052/Desktop/my_branch/LRF/src/fusion_top.v:221]
WARNING: [VRFC 10-3091] actual bit length 13 differs from formal bit length 15 for port 'm_axis_tdata' [/home/23EC01052/Desktop/my_branch/LRF/src/top.v:276]
Completed static elaboration
Starting simulation data flow analysis
WARNING: [XSIM 43-4099] "/home/23EC01052/Desktop/my_branch/LRF/utils/sv/sim_axis.sv" Line 2. Module axis_if_default doesn't have a timescale but at least one module in design has a timescale.
WARNING: [XSIM 43-4099] "/home/23EC01052/Desktop/my_branch/LRF/utils/sv/sim_axis.sv" Line 2. Module axis_if_default doesn't have a timescale but at least one module in design has a timescale.
WARNING: [XSIM 43-4099] "/home/23EC01052/Desktop/my_branch/LRF/utils/sv/sim_axis.sv" Line 2. Module axis_if_default doesn't have a timescale but at least one module in design has a timescale.
WARNING: [XSIM 43-4099] "/home/23EC01052/Desktop/my_branch/LRF/utils/sv/sim_axis.sv" Line 2. Module axis_if_default doesn't have a timescale but at least one module in design has a timescale.
Completed simulation data flow analysis
Time Resolution for simulation is 1ps
Compiling package std.standard
Compiling package std.textio
Compiling package ieee.std_logic_1164
Compiling package ieee.numeric_std
Compiling package cordic_v6_0_23.cordic_v6_0_23_viv_comp
Compiling package xbip_utils_v3_0_14.xbip_utils_v3_0_14_pkg
Compiling package xbip_pipe_v3_0_10.xbip_pipe_v3_0_10_viv_comp
Compiling package axi_utils_v2_0_10.axi_utils_v2_0_10_pkg
Compiling package ieee.math_real
Compiling package axi_utils_v2_0_10.global_util_pkg
Compiling package axi_utils_v2_0_10.axi_utils_comps
Compiling package mult_gen_v12_0_22.mult_gen_v12_0_22_pkg
Compiling package ieee.std_logic_arith
Compiling package ieee.std_logic_signed
Compiling package cordic_v6_0_23.cordic_pack
Compiling package cordic_v6_0_23.cordic_hdl_comps
Compiling package c_addsub_v12_0_19.c_addsub_v12_0_19_viv_comp
Compiling package c_addsub_v12_0_19.c_addsub_v12_0_19_pkg
Compiling package c_addsub_v12_0_19.c_addsub_v12_0_19_pkg_legacy
Compiling package c_reg_fd_v12_0_10.c_reg_fd_v12_0_10_viv_comp
Compiling package unisim.vcomponents
Compiling package xil_defaultlib.$unit_sim_axis_sv_2665549051
Compiling package std.std
Compiling module xil_defaultlib.axis_if_default
Compiling module xil_defaultlib.LSU_valid_default
Compiling module xil_defaultlib.LSU(BIT_WIDTH=13)
Compiling architecture synth of entity xbip_pipe_v3_0_10.xbip_pipe_v3_0_10_viv [\xbip_pipe_v3_0_10_viv(c_latency...]
Compiling architecture synth of entity xbip_pipe_v3_0_10.xbip_pipe_v3_0_10_viv [\xbip_pipe_v3_0_10_viv(c_latency...]
Compiling architecture struct_all of entity cordic_v6_0_23.delay [\delay(delay_len=1,family="zynq"...]
Compiling architecture muxcy_v of entity unisim.MUXCY [muxcy_default]
Compiling architecture xorcy_v of entity unisim.XORCY [xorcy_default]
Compiling architecture rtl of entity c_addsub_v12_0_19.c_addsub_v12_0_19_lut6_legacy [\c_addsub_v12_0_19_lut6_legacy(c...]
Compiling architecture synth of entity c_addsub_v12_0_19.c_addsub_v12_0_19_fabric_legacy [\c_addsub_v12_0_19_fabric_legacy...]
Compiling architecture synth of entity c_addsub_v12_0_19.c_addsub_v12_0_19_legacy [\c_addsub_v12_0_19_legacy(c_fami...]
Compiling architecture synth of entity c_addsub_v12_0_19.c_addsub_v12_0_19_viv [\c_addsub_v12_0_19_viv(c_xdevice...]
Compiling architecture synth of entity cordic_v6_0_23.addsub [\addsub(family="zynq",add_mode=0...]
Compiling architecture struct_all of entity cordic_v6_0_23.delay [\delay(delay_len=1,family="zynq"...]
Compiling architecture struct_all of entity cordic_v6_0_23.delay [\delay(delay_len=3,family="zynq"...]
Compiling architecture synth of entity cordic_v6_0_23.cordic_sqrt_mod [\cordic_sqrt_mod(p_xdevicefamily...]
Compiling architecture struct_all of entity cordic_v6_0_23.delay [\delay(delay_len=1,family="zynq"...]
Compiling architecture rtl of entity c_addsub_v12_0_19.c_addsub_v12_0_19_lut6_legacy [\c_addsub_v12_0_19_lut6_legacy(c...]
Compiling architecture synth of entity c_addsub_v12_0_19.c_addsub_v12_0_19_fabric_legacy [\c_addsub_v12_0_19_fabric_legacy...]
Compiling architecture synth of entity c_addsub_v12_0_19.c_addsub_v12_0_19_legacy [\c_addsub_v12_0_19_legacy(c_fami...]
Compiling architecture synth of entity c_addsub_v12_0_19.c_addsub_v12_0_19_viv [\c_addsub_v12_0_19_viv(c_xdevice...]
Compiling architecture synth of entity cordic_v6_0_23.addsub [\addsub(family="zynq",add_mode=0...]
Compiling architecture struct_all of entity cordic_v6_0_23.delay [\delay(delay_len=4,family="zynq"...]
Compiling architecture synth of entity cordic_v6_0_23.cordic_sqrt_mod [\cordic_sqrt_mod(p_xdevicefamily...]
Compiling architecture rtl of entity c_addsub_v12_0_19.c_addsub_v12_0_19_lut6_legacy [\c_addsub_v12_0_19_lut6_legacy(c...]
Compiling architecture synth of entity c_addsub_v12_0_19.c_addsub_v12_0_19_fabric_legacy [\c_addsub_v12_0_19_fabric_legacy...]
Compiling architecture synth of entity c_addsub_v12_0_19.c_addsub_v12_0_19_legacy [\c_addsub_v12_0_19_legacy(c_fami...]
Compiling architecture synth of entity c_addsub_v12_0_19.c_addsub_v12_0_19_viv [\c_addsub_v12_0_19_viv(c_xdevice...]
Compiling architecture synth of entity cordic_v6_0_23.addsub [\addsub(family="zynq",add_mode=0...]
Compiling architecture struct_all of entity cordic_v6_0_23.delay [\delay(delay_len=1,family="zynq"...]
Compiling architecture struct_all of entity cordic_v6_0_23.delay [\delay(delay_len=2,family="zynq"...]
Compiling architecture synth of entity cordic_v6_0_23.cordic_sqrt_mod [\cordic_sqrt_mod(p_xdevicefamily...]
Compiling architecture struct_all of entity cordic_v6_0_23.delay [\delay(delay_len=1,family="zynq"...]
Compiling architecture rtl of entity c_addsub_v12_0_19.c_addsub_v12_0_19_lut6_legacy [\c_addsub_v12_0_19_lut6_legacy(c...]
Compiling architecture synth of entity c_addsub_v12_0_19.c_addsub_v12_0_19_fabric_legacy [\c_addsub_v12_0_19_fabric_legacy...]
Compiling architecture synth of entity c_addsub_v12_0_19.c_addsub_v12_0_19_legacy [\c_addsub_v12_0_19_legacy(c_fami...]
Compiling architecture synth of entity c_addsub_v12_0_19.c_addsub_v12_0_19_viv [\c_addsub_v12_0_19_viv(c_xdevice...]
Compiling architecture synth of entity cordic_v6_0_23.addsub [\addsub(family="zynq",add_mode=0...]
Compiling architecture struct_all of entity cordic_v6_0_23.delay [\delay(delay_len=5,family="zynq"...]
Compiling architecture synth of entity cordic_v6_0_23.cordic_sqrt_mod [\cordic_sqrt_mod(p_xdevicefamily...]
Compiling architecture rtl of entity c_addsub_v12_0_19.c_addsub_v12_0_19_lut6_legacy [\c_addsub_v12_0_19_lut6_legacy(c...]
Compiling architecture synth of entity c_addsub_v12_0_19.c_addsub_v12_0_19_fabric_legacy [\c_addsub_v12_0_19_fabric_legacy...]
Compiling architecture synth of entity c_addsub_v12_0_19.c_addsub_v12_0_19_legacy [\c_addsub_v12_0_19_legacy(c_fami...]
Compiling architecture synth of entity c_addsub_v12_0_19.c_addsub_v12_0_19_viv [\c_addsub_v12_0_19_viv(c_xdevice...]
Compiling architecture synth of entity cordic_v6_0_23.addsub [\addsub(family="zynq",add_mode=0...]
Compiling architecture struct_all of entity cordic_v6_0_23.delay [\delay(delay_len=1,family="zynq"...]
Compiling architecture struct_all of entity cordic_v6_0_23.delay [\delay(delay_len=1,family="zynq"...]
Compiling architecture synth of entity cordic_v6_0_23.cordic_sqrt_mod [\cordic_sqrt_mod(p_xdevicefamily...]
Compiling architecture struct_all of entity cordic_v6_0_23.delay [\delay(delay_len=1,family="zynq"...]
Compiling architecture rtl of entity c_addsub_v12_0_19.c_addsub_v12_0_19_lut6_legacy [\c_addsub_v12_0_19_lut6_legacy(c...]
Compiling architecture synth of entity c_addsub_v12_0_19.c_addsub_v12_0_19_fabric_legacy [\c_addsub_v12_0_19_fabric_legacy...]
Compiling architecture synth of entity c_addsub_v12_0_19.c_addsub_v12_0_19_legacy [\c_addsub_v12_0_19_legacy(c_fami...]
Compiling architecture synth of entity c_addsub_v12_0_19.c_addsub_v12_0_19_viv [\c_addsub_v12_0_19_viv(c_xdevice...]
Compiling architecture synth of entity cordic_v6_0_23.addsub [\addsub(family="zynq",add_mode=0...]
Compiling architecture struct_all of entity cordic_v6_0_23.delay [\delay(delay_len=6,family="zynq"...]
Compiling architecture synth of entity cordic_v6_0_23.cordic_sqrt_mod [\cordic_sqrt_mod(p_xdevicefamily...]
Compiling architecture rtl of entity c_addsub_v12_0_19.c_addsub_v12_0_19_lut6_legacy [\c_addsub_v12_0_19_lut6_legacy(c...]
Compiling architecture synth of entity c_addsub_v12_0_19.c_addsub_v12_0_19_fabric_legacy [\c_addsub_v12_0_19_fabric_legacy...]
Compiling architecture synth of entity c_addsub_v12_0_19.c_addsub_v12_0_19_legacy [\c_addsub_v12_0_19_legacy(c_fami...]
Compiling architecture synth of entity c_addsub_v12_0_19.c_addsub_v12_0_19_viv [\c_addsub_v12_0_19_viv(c_xdevice...]
Compiling architecture synth of entity cordic_v6_0_23.addsub [\addsub(family="zynq",add_mode=0...]
Compiling architecture struct_all of entity cordic_v6_0_23.delay [\delay(delay_len=1,family="zynq"...]
Compiling architecture struct_all of entity cordic_v6_0_23.delay [\delay(delay_len=0,family="zynq"...]
Compiling architecture synth of entity cordic_v6_0_23.cordic_sqrt_mod [\cordic_sqrt_mod(p_xdevicefamily...]
Compiling architecture struct_all of entity cordic_v6_0_23.delay [\delay(delay_len=1,family="zynq"...]
Compiling architecture rtl of entity c_addsub_v12_0_19.c_addsub_v12_0_19_lut6_legacy [\c_addsub_v12_0_19_lut6_legacy(c...]
Compiling architecture synth of entity c_addsub_v12_0_19.c_addsub_v12_0_19_fabric_legacy [\c_addsub_v12_0_19_fabric_legacy...]
Compiling architecture synth of entity c_addsub_v12_0_19.c_addsub_v12_0_19_legacy [\c_addsub_v12_0_19_legacy(c_fami...]
Compiling architecture synth of entity c_addsub_v12_0_19.c_addsub_v12_0_19_viv [\c_addsub_v12_0_19_viv(c_xdevice...]
Compiling architecture synth of entity cordic_v6_0_23.addsub [\addsub(family="zynq",add_mode=0...]
Compiling architecture struct_all of entity cordic_v6_0_23.delay [\delay(delay_len=7,family="zynq"...]
Compiling architecture synth of entity cordic_v6_0_23.cordic_sqrt_mod [\cordic_sqrt_mod(p_xdevicefamily...]
Compiling architecture rtl of entity c_addsub_v12_0_19.c_addsub_v12_0_19_lut6_legacy [\c_addsub_v12_0_19_lut6_legacy(c...]
Compiling architecture synth of entity c_addsub_v12_0_19.c_addsub_v12_0_19_fabric_legacy [\c_addsub_v12_0_19_fabric_legacy...]
Compiling architecture synth of entity c_addsub_v12_0_19.c_addsub_v12_0_19_legacy [\c_addsub_v12_0_19_legacy(c_fami...]
Compiling architecture synth of entity c_addsub_v12_0_19.c_addsub_v12_0_19_viv [\c_addsub_v12_0_19_viv(c_xdevice...]
Compiling architecture synth of entity cordic_v6_0_23.addsub [\addsub(family="zynq",add_mode=0...]
Compiling architecture struct_all of entity cordic_v6_0_23.delay [\delay(delay_len=8,family="zynq"...]
Compiling architecture synth of entity cordic_v6_0_23.cordic_sqrt_mod [\cordic_sqrt_mod(p_xdevicefamily...]
Compiling architecture struct_all of entity cordic_v6_0_23.delay [\delay(delay_len=1,family="zynq"...]
Compiling architecture struct_all of entity cordic_v6_0_23.delay_bit [\delay_bit(delay_len=1,family="z...]
Compiling architecture struct_all of entity cordic_v6_0_23.delay_bit [\delay_bit(delay_len=9,family="z...]
Compiling architecture synth of entity cordic_v6_0_23.cordic_sqrt [\cordic_sqrt(p_xdevicefamily="zy...]
Compiling architecture synth of entity cordic_v6_0_23.cordic_v6_0_23_synth [\cordic_v6_0_23_synth(c_architec...]
Compiling architecture synth of entity cordic_v6_0_23.cordic_v6_0_23_viv [\cordic_v6_0_23_viv(c_architectu...]
Compiling architecture xilinx of entity cordic_v6_0_23.cordic_v6_0_23 [\cordic_v6_0_23(c_architecture=2...]
Compiling architecture cordic_0_arch of entity xil_defaultlib.cordic_0 [cordic_0_default]
Compiling module xil_defaultlib.CONV_SOBEL(DATA_WIDTH=128)
Compiling module xil_defaultlib.axis_buff(S_AXIS_DATA_WIDTH=128,...
Compiling module xil_defaultlib.CONV_GAUSS_default
Compiling module xil_defaultlib.MULTIPLIER
Compiling module xil_defaultlib.CONV_GAUSS(PIXEL_SIZE=16)
Compiling module xil_defaultlib.AXIS_SUB(DATA_WIDTH=16)
Compiling module xil_defaultlib.SIG_XY_default
Compiling module xil_defaultlib.axis_adder
Compiling module xil_defaultlib.axis_adder(DATA_WIDTH=17)
Compiling module xil_defaultlib.axis_adder(DATA_WIDTH=18)
Compiling module xil_defaultlib.MULTIPLIER(DATA_WIDTH=18)
Compiling module xil_defaultlib.HSSIM_default
Compiling module xil_defaultlib.MULTIPLIER(DATA_WIDTH=36)
Compiling module xil_defaultlib.axis_comparator_default
Compiling module xil_defaultlib.HSSIM_TOP_default
Compiling module xil_defaultlib.SOBEL_HSSIM_TOP_default
Compiling module axis_infrastructure_v1_1_1.axis_infrastructure_v1_1_1_util_...
Compiling module axis_infrastructure_v1_1_1.axis_infrastructure_v1_1_1_util_...
Compiling module axis_infrastructure_v1_1_1.axis_infrastructure_v1_1_1_util_...
Compiling module xpm.xpm_cdc_sync_rst(INIT=0,INIT_SYN...
Compiling module xpm.xpm_fifo_rst(CDC_DEST_SYNC_FF=3)
Compiling module xpm.xpm_fifo_reg_bit
Compiling module xpm.xpm_counter_updn(COUNTER_WIDTH=7...
Compiling module xpm.xpm_counter_updn(COUNTER_WIDTH=6...
Compiling module xpm.xpm_memory_base(MEMORY_TYPE=1,ME...
Compiling module xpm.xpm_counter_updn(COUNTER_WIDTH=2...
Compiling module xpm.xpm_fifo_base(FIFO_WRITE_DEPTH=6...
Compiling module xpm.xpm_fifo_axis(FIFO_DEPTH=64,TDAT...
Compiling module axis_data_fifo_v2_0_15.axis_data_fifo_v2_0_15_top(C_FAM...
Compiling module xil_defaultlib.axis_data_fifo_0
Compiling module xil_defaultlib.FUSION_default
Compiling module xil_defaultlib.fusionTop_default
Compiling module xil_defaultlib.axis_add_sub(DATA_WIDTH=13)
Compiling module xil_defaultlib.LRF_default
Compiling module xil_defaultlib.tb_top
WARNING: [XSIM 43-3373] "/home/23EC01052/Desktop/my_branch/LRF/tests/top_video/tb_top_video.sv" Line 101. System function $value$plusargs is used as system task. This system function should have a LHS e.g. x=$value$plusargs().
WARNING: [XSIM 43-3373] "/home/23EC01052/Desktop/my_branch/LRF/tests/top_video/tb_top_video.sv" Line 102. System function $value$plusargs is used as system task. This system function should have a LHS e.g. x=$value$plusargs().
WARNING: [XSIM 43-3373] "/home/23EC01052/Desktop/my_branch/LRF/tests/top_video/tb_top_video.sv" Line 103. System function $value$plusargs is used as system task. This system function should have a LHS e.g. x=$value$plusargs().
WARNING: [XSIM 43-3373] "/home/23EC01052/Desktop/my_branch/LRF/tests/top_video/tb_top_video.sv" Line 104. System function $value$plusargs is used as system task. This system function should have a LHS e.g. x=$value$plusargs().
Compiling module xil_defaultlib.glbl
Built simulation snapshot tb_top_behav
execute_script: Time (s): cpu = 00:00:12 ; elapsed = 00:00:06 . Memory (MB): peak = 8384.496 ; gain = 0.000 ; free physical = 17004 ; free virtual = 62917
INFO: [USF-XSim-69] 'elaborate' step finished in '6' seconds
INFO: [USF-XSim-4] XSim::Simulate design
INFO: [USF-XSim-61] Executing 'SIMULATE' step in '/home/23EC01052/Desktop/my_branch/LRF/workspace/top_video/sim_project/sim_project.sim/sim_1/behav/xsim'
INFO: [USF-XSim-98] *** Running xsim
   with args "tb_top_behav -key {Behavioral:sim_1:Functional:tb_top} -tclbatch {tb_top.tcl} -log {simulate.log} -testplusarg INPUT_FOLDER=/home/23EC01052/Desktop/my_branch/LRF/data/hex_data  -testplusarg OUTPUT_FOLDER=/home/23EC01052/Desktop/my_branch/LRF/workspace/top_video/outputs  -testplusarg FILE_PREFIX=hex_img_  -testplusarg TOTAL_FRAMES=300"
INFO: [USF-XSim-8] Loading simulator feature
Time resolution is 1 ps
source tb_top.tcl
## set curr_wave [current_wave_config]
## if { [string length $curr_wave] == 0 } {
##   if { [llength [get_objects]] > 0} {
##     add_wave /
##     set_property needs_save false [current_wave_config]
##   } else {
##      send_msg_id Add_Wave-1 WARNING "No top level signals found. Simulator will start without a wave window. If you want to open a wave window go to 'File->New Waveform Configuration' or type 'create_wave_config' in the TCL console."
##   }
## }
WARNING: Simulation object /tb_top/env was not traceable in the design for the following reason:
Vivado Simulator does not support tracing of System Verilog Dynamic Type object.
WARNING: Simulation object /tb_top/input_folder was not traceable in the design for the following reason:
Vivado Simulator does not support tracing of System Verilog Dynamic Type object.
WARNING: Simulation object /tb_top/output_folder was not traceable in the design for the following reason:
Vivado Simulator does not support tracing of System Verilog Dynamic Type object.
WARNING: Simulation object /tb_top/file_prefix was not traceable in the design for the following reason:
Vivado Simulator does not support tracing of System Verilog Dynamic Type object.
## run 1000ns
Info: [XPM_MEMORY 20-1] MEMORY_PRIMITIVE (0) instructs Vivado Synthesis to choose the memory primitive type. Depending on their values, other XPM_MEMORY parameters may preclude the choice of certain memory primitive types. Review XPM_MEMORY documentation and parameter values to understand any limitations, or set MEMORY_PRIMITIVE to a different value. tb_top.dut.fusion_top.old_fifo.inst.gen_fifo.xpm_fifo_axis_inst.xpm_fifo_base_inst.gen_sdpram.xpm_memory_base_inst.config_drc
Time: 1 ps  Iteration: 0  Process: /tb_top/dut/fusion_top/old_fifo/inst/gen_fifo.xpm_fifo_axis_inst/xpm_fifo_base_inst/gen_sdpram.xpm_memory_base_inst/Initial302_901  Scope: tb_top.dut.fusion_top.old_fifo.inst.gen_fifo.xpm_fifo_axis_inst.xpm_fifo_base_inst.gen_sdpram.xpm_memory_base_inst.config_drc  File: /Data/cad/Xilinx/Vivado/2024.2/data/ip/xpm/xpm_memory/hdl/xpm_memory.sv Line: 514
Info: [XPM_MEMORY 20-1] MEMORY_PRIMITIVE (0) instructs Vivado Synthesis to choose the memory primitive type. Depending on their values, other XPM_MEMORY parameters may preclude the choice of certain memory primitive types. Review XPM_MEMORY documentation and parameter values to understand any limitations, or set MEMORY_PRIMITIVE to a different value. tb_top.dut.fusion_top.new_fifo.inst.gen_fifo.xpm_fifo_axis_inst.xpm_fifo_base_inst.gen_sdpram.xpm_memory_base_inst.config_drc
Time: 1 ps  Iteration: 0  Process: /tb_top/dut/fusion_top/new_fifo/inst/gen_fifo.xpm_fifo_axis_inst/xpm_fifo_base_inst/gen_sdpram.xpm_memory_base_inst/Initial302_901  Scope: tb_top.dut.fusion_top.new_fifo.inst.gen_fifo.xpm_fifo_axis_inst.xpm_fifo_base_inst.gen_sdpram.xpm_memory_base_inst.config_drc  File: /Data/cad/Xilinx/Vivado/2024.2/data/ip/xpm/xpm_memory/hdl/xpm_memory.sv Line: 514
[TB] Sending pair 0: new=frame0  old=frame0
[AXIS INPUT 0] Loading input file: /home/23EC01052/Desktop/my_branch/LRF/data/hex_data/hex_img_000
[AXIS INPUT 0] Loading input file: /home/23EC01052/Desktop/my_branch/LRF/data/hex_data/hex_img_000
[TB] Sending pair 1: new=frame1  old=frame0
[AXIS INPUT 0] Loading input file: /home/23EC01052/Desktop/my_branch/LRF/data/hex_data/hex_img_001
[AXIS INPUT 0] Loading input file: /home/23EC01052/Desktop/my_branch/LRF/data/hex_data/hex_img_000
[TB] Sending pair 2: new=frame2  old=frame0
[AXIS INPUT 0] Loading input file: /home/23EC01052/Desktop/my_branch/LRF/data/hex_data/hex_img_002
[AXIS INPUT 0] Loading input file: /home/23EC01052/Desktop/my_branch/LRF/data/hex_data/hex_img_000
[TB] Sending pair 3: new=frame3  old=frame0
[AXIS INPUT 0] Loading input file: /home/23EC01052/Desktop/my_branch/LRF/data/hex_data/hex_img_003
[AXIS INPUT 0] Loading input file: /home/23EC01052/Desktop/my_branch/LRF/data/hex_data/hex_img_000
[TB] Sending pair 4: new=frame4  old=frame0
[AXIS INPUT 0] Loading input file: /home/23EC01052/Desktop/my_branch/LRF/data/hex_data/hex_img_004
[AXIS INPUT 0] Loading input file: /home/23EC01052/Desktop/my_branch/LRF/data/hex_data/hex_img_000
[TB] Sending pair 5: new=frame5  old=frame0
[AXIS INPUT 0] Loading input file: /home/23EC01052/Desktop/my_branch/LRF/data/hex_data/hex_img_005
[AXIS INPUT 0] Loading input file: /home/23EC01052/Desktop/my_branch/LRF/data/hex_data/hex_img_000
[TB] Sending pair 6: new=frame6  old=frame0
[AXIS INPUT 0] Loading input file: /home/23EC01052/Desktop/my_branch/LRF/data/hex_data/hex_img_006
[AXIS INPUT 0] Loading input file: /home/23EC01052/Desktop/my_branch/LRF/data/hex_data/hex_img_000
[TB] Sending pair 7: new=frame7  old=frame0
[AXIS INPUT 0] Loading input file: /home/23EC01052/Desktop/my_branch/LRF/data/hex_data/hex_img_007
[AXIS INPUT 0] Loading input file: /home/23EC01052/Desktop/my_branch/LRF/data/hex_data/hex_img_000
[TB] Sending pair 8: new=frame8  old=frame0
[AXIS INPUT 0] Loading input file: /home/23EC01052/Desktop/my_branch/LRF/data/hex_data/hex_img_008
[AXIS INPUT 0] Loading input file: /home/23EC01052/Desktop/my_branch/LRF/data/hex_data/hex_img_000
[TB] Sending pair 9: new=frame9  old=frame0
[AXIS INPUT 0] Loading input file: /home/23EC01052/Desktop/my_branch/LRF/data/hex_data/hex_img_009
[AXIS INPUT 0] Loading input file: /home/23EC01052/Desktop/my_branch/LRF/data/hex_data/hex_img_000
[TB] Sending pair 10: new=frame10  old=frame0
[AXIS INPUT 0] Loading input file: /home/23EC01052/Desktop/my_branch/LRF/data/hex_data/hex_img_010
[AXIS INPUT 0] Loading input file: /home/23EC01052/Desktop/my_branch/LRF/data/hex_data/hex_img_000
[TB] Sending pair 11: new=frame11  old=frame0
[AXIS INPUT 0] Loading input file: /home/23EC01052/Desktop/my_branch/LRF/data/hex_data/hex_img_011
[AXIS INPUT 0] Loading input file: /home/23EC01052/Desktop/my_branch/LRF/data/hex_data/hex_img_000
[TB] Sending pair 12: new=frame12  old=frame0
[AXIS INPUT 0] Loading input file: /home/23EC01052/Desktop/my_branch/LRF/data/hex_data/hex_img_012
[AXIS INPUT 0] Loading input file: /home/23EC01052/Desktop/my_branch/LRF/data/hex_data/hex_img_000
[TB] Sending pair 13: new=frame13  old=frame0
[AXIS INPUT 0] Loading input file: /home/23EC01052/Desktop/my_branch/LRF/data/hex_data/hex_img_013
[AXIS INPUT 0] Loading input file: /home/23EC01052/Desktop/my_branch/LRF/data/hex_data/hex_img_000
[TB] Sending pair 14: new=frame14  old=frame0
[AXIS INPUT 0] Loading input file: /home/23EC01052/Desktop/my_branch/LRF/data/hex_data/hex_img_014
[AXIS INPUT 0] Loading input file: /home/23EC01052/Desktop/my_branch/LRF/data/hex_data/hex_img_000
[TB] Sending pair 15: new=frame15  old=frame0
[AXIS INPUT 0] Loading input file: /home/23EC01052/Desktop/my_branch/LRF/data/hex_data/hex_img_015
[AXIS INPUT 0] Loading input file: /home/23EC01052/Desktop/my_branch/LRF/data/hex_data/hex_img_000
[TB] Sending pair 16: new=frame16  old=frame0
[AXIS INPUT 0] Loading input file: /home/23EC01052/Desktop/my_branch/LRF/data/hex_data/hex_img_016
[AXIS INPUT 0] Loading input file: /home/23EC01052/Desktop/my_branch/LRF/data/hex_data/hex_img_000
[TB] Sending pair 17: new=frame17  old=frame1
[AXIS INPUT 0] Loading input file: /home/23EC01052/Desktop/my_branch/LRF/data/hex_data/hex_img_017
[AXIS INPUT 0] Loading input file: /home/23EC01052/Desktop/my_branch/LRF/data/hex_data/hex_img_001
[TB] Sending pair 18: new=frame18  old=frame2
[AXIS INPUT 0] Loading input file: /home/23EC01052/Desktop/my_branch/LRF/data/hex_data/hex_img_018
[AXIS INPUT 0] Loading input file: /home/23EC01052/Desktop/my_branch/LRF/data/hex_data/hex_img_002
[TB] Sending pair 19: new=frame19  old=frame3
[AXIS INPUT 0] Loading input file: /home/23EC01052/Desktop/my_branch/LRF/data/hex_data/hex_img_019
[AXIS INPUT 0] Loading input file: /home/23EC01052/Desktop/my_branch/LRF/data/hex_data/hex_img_003
[TB] Sending pair 20: new=frame20  old=frame4
[AXIS INPUT 0] Loading input file: /home/23EC01052/Desktop/my_branch/LRF/data/hex_data/hex_img_020
[AXIS INPUT 0] Loading input file: /home/23EC01052/Desktop/my_branch/LRF/data/hex_data/hex_img_004
[TB] Sending pair 21: new=frame21  old=frame5
[AXIS INPUT 0] Loading input file: /home/23EC01052/Desktop/my_branch/LRF/data/hex_data/hex_img_021
[AXIS INPUT 0] Loading input file: /home/23EC01052/Desktop/my_branch/LRF/data/hex_data/hex_img_005
[TB] Sending pair 22: new=frame22  old=frame6
[AXIS INPUT 0] Loading input file: /home/23EC01052/Desktop/my_branch/LRF/data/hex_data/hex_img_022
[AXIS INPUT 0] Loading input file: /home/23EC01052/Desktop/my_branch/LRF/data/hex_data/hex_img_006
[TB] Sending pair 23: new=frame23  old=frame7
[AXIS INPUT 0] Loading input file: /home/23EC01052/Desktop/my_branch/LRF/data/hex_data/hex_img_023
[AXIS INPUT 0] Loading input file: /home/23EC01052/Desktop/my_branch/LRF/data/hex_data/hex_img_007
[TB] Sending pair 24: new=frame24  old=frame8
[AXIS INPUT 0] Loading input file: /home/23EC01052/Desktop/my_branch/LRF/data/hex_data/hex_img_024
[AXIS INPUT 0] Loading input file: /home/23EC01052/Desktop/my_branch/LRF/data/hex_data/hex_img_008
[TB] Sending pair 25: new=frame25  old=frame9
[AXIS INPUT 0] Loading input file: /home/23EC01052/Desktop/my_branch/LRF/data/hex_data/hex_img_025
[AXIS INPUT 0] Loading input file: /home/23EC01052/Desktop/my_branch/LRF/data/hex_data/hex_img_009
[TB] Sending pair 26: new=frame26  old=frame10
[AXIS INPUT 0] Loading input file: /home/23EC01052/Desktop/my_branch/LRF/data/hex_data/hex_img_026
[AXIS INPUT 0] Loading input file: /home/23EC01052/Desktop/my_branch/LRF/data/hex_data/hex_img_010
[TB] Sending pair 27: new=frame27  old=frame11
[AXIS INPUT 0] Loading input file: /home/23EC01052/Desktop/my_branch/LRF/data/hex_data/hex_img_027
[AXIS INPUT 0] Loading input file: /home/23EC01052/Desktop/my_branch/LRF/data/hex_data/hex_img_011
[TB] Sending pair 28: new=frame28  old=frame12
[AXIS INPUT 0] Loading input file: /home/23EC01052/Desktop/my_branch/LRF/data/hex_data/hex_img_028
[AXIS INPUT 0] Loading input file: /home/23EC01052/Desktop/my_branch/LRF/data/hex_data/hex_img_012
[TB] Sending pair 29: new=frame29  old=frame13
[AXIS INPUT 0] Loading input file: /home/23EC01052/Desktop/my_branch/LRF/data/hex_data/hex_img_029
[AXIS INPUT 0] Loading input file: /home/23EC01052/Desktop/my_branch/LRF/data/hex_data/hex_img_013
[TB] Sending pair 30: new=frame30  old=frame14
[AXIS INPUT 0] Loading input file: /home/23EC01052/Desktop/my_branch/LRF/data/hex_data/hex_img_030
[AXIS INPUT 0] Loading input file: /home/23EC01052/Desktop/my_branch/LRF/data/hex_data/hex_img_014
[TB] Sending pair 31: new=frame31  old=frame15
[AXIS INPUT 0] Loading input file: /home/23EC01052/Desktop/my_branch/LRF/data/hex_data/hex_img_031
[AXIS INPUT 0] Loading input file: /home/23EC01052/Desktop/my_branch/LRF/data/hex_data/hex_img_015
[TB] Sending pair 32: new=frame32  old=frame16
[AXIS INPUT 0] Loading input file: /home/23EC01052/Desktop/my_branch/LRF/data/hex_data/hex_img_032
[AXIS INPUT 0] Loading input file: /home/23EC01052/Desktop/my_branch/LRF/data/hex_data/hex_img_016
[TB] Sending pair 33: new=frame33  old=frame17
[AXIS INPUT 0] Loading input file: /home/23EC01052/Desktop/my_branch/LRF/data/hex_data/hex_img_033
[AXIS INPUT 0] Loading input file: /home/23EC01052/Desktop/my_branch/LRF/data/hex_data/hex_img_017
[TB] Sending pair 34: new=frame34  old=frame18
[AXIS INPUT 0] Loading input file: /home/23EC01052/Desktop/my_branch/LRF/data/hex_data/hex_img_034
[AXIS INPUT 0] Loading input file: /home/23EC01052/Desktop/my_branch/LRF/data/hex_data/hex_img_018
[TB] Sending pair 35: new=frame35  old=frame19
[AXIS INPUT 0] Loading input file: /home/23EC01052/Desktop/my_branch/LRF/data/hex_data/hex_img_035
[AXIS INPUT 0] Loading input file: /home/23EC01052/Desktop/my_branch/LRF/data/hex_data/hex_img_019
[TB] Sending pair 36: new=frame36  old=frame20
[AXIS INPUT 0] Loading input file: /home/23EC01052/Desktop/my_branch/LRF/data/hex_data/hex_img_036
[AXIS INPUT 0] Loading input file: /home/23EC01052/Desktop/my_branch/LRF/data/hex_data/hex_img_020
[TB] Sending pair 37: new=frame37  old=frame21
[AXIS INPUT 0] Loading input file: /home/23EC01052/Desktop/my_branch/LRF/data/hex_data/hex_img_037
[AXIS INPUT 0] Loading input file: /home/23EC01052/Desktop/my_branch/LRF/data/hex_data/hex_img_021
[TB] Sending pair 38: new=frame38  old=frame22
[AXIS INPUT 0] Loading input file: /home/23EC01052/Desktop/my_branch/LRF/data/hex_data/hex_img_038
[AXIS INPUT 0] Loading input file: /home/23EC01052/Desktop/my_branch/LRF/data/hex_data/hex_img_022
[TB] Sending pair 39: new=frame39  old=frame23
[AXIS INPUT 0] Loading input file: /home/23EC01052/Desktop/my_branch/LRF/data/hex_data/hex_img_039
[AXIS INPUT 0] Loading input file: /home/23EC01052/Desktop/my_branch/LRF/data/hex_data/hex_img_023
[TB] Sending pair 40: new=frame40  old=frame24
[AXIS INPUT 0] Loading input file: /home/23EC01052/Desktop/my_branch/LRF/data/hex_data/hex_img_040
[AXIS INPUT 0] Loading input file: /home/23EC01052/Desktop/my_branch/LRF/data/hex_data/hex_img_024
[TB] Sending pair 41: new=frame41  old=frame25
[AXIS INPUT 0] Loading input file: /home/23EC01052/Desktop/my_branch/LRF/data/hex_data/hex_img_041
[AXIS INPUT 0] Loading input file: /home/23EC01052/Desktop/my_branch/LRF/data/hex_data/hex_img_025
[TB] Sending pair 42: new=frame42  old=frame26
[AXIS INPUT 0] Loading input file: /home/23EC01052/Desktop/my_branch/LRF/data/hex_data/hex_img_042
[AXIS INPUT 0] Loading input file: /home/23EC01052/Desktop/my_branch/LRF/data/hex_data/hex_img_026
[TB] Sending pair 43: new=frame43  old=frame27
[AXIS INPUT 0] Loading input file: /home/23EC01052/Desktop/my_branch/LRF/data/hex_data/hex_img_043
[AXIS INPUT 0] Loading input file: /home/23EC01052/Desktop/my_branch/LRF/data/hex_data/hex_img_027
[TB] Sending pair 44: new=frame44  old=frame28
[AXIS INPUT 0] Loading input file: /home/23EC01052/Desktop/my_branch/LRF/data/hex_data/hex_img_044
[AXIS INPUT 0] Loading input file: /home/23EC01052/Desktop/my_branch/LRF/data/hex_data/hex_img_028
[TB] Sending pair 45: new=frame45  old=frame29
[AXIS INPUT 0] Loading input file: /home/23EC01052/Desktop/my_branch/LRF/data/hex_data/hex_img_045
[AXIS INPUT 0] Loading input file: /home/23EC01052/Desktop/my_branch/LRF/data/hex_data/hex_img_029
[TB] Sending pair 46: new=frame46  old=frame30
[AXIS INPUT 0] Loading input file: /home/23EC01052/Desktop/my_branch/LRF/data/hex_data/hex_img_046
[AXIS INPUT 0] Loading input file: /home/23EC01052/Desktop/my_branch/LRF/data/hex_data/hex_img_030
[TB] Sending pair 47: new=frame47  old=frame31
[AXIS INPUT 0] Loading input file: /home/23EC01052/Desktop/my_branch/LRF/data/hex_data/hex_img_047
[AXIS INPUT 0] Loading input file: /home/23EC01052/Desktop/my_branch/LRF/data/hex_data/hex_img_031
[TB] Sending pair 48: new=frame48  old=frame32
[AXIS INPUT 0] Loading input file: /home/23EC01052/Desktop/my_branch/LRF/data/hex_data/hex_img_048
[AXIS INPUT 0] Loading input file: /home/23EC01052/Desktop/my_branch/LRF/data/hex_data/hex_img_032
[TB] Sending pair 49: new=frame49  old=frame33
[AXIS INPUT 0] Loading input file: /home/23EC01052/Desktop/my_branch/LRF/data/hex_data/hex_img_049
[AXIS INPUT 0] Loading input file: /home/23EC01052/Desktop/my_branch/LRF/data/hex_data/hex_img_033
[TB] Sending pair 50: new=frame50  old=frame34
[AXIS INPUT 0] Loading input file: /home/23EC01052/Desktop/my_branch/LRF/data/hex_data/hex_img_050
[AXIS INPUT 0] Loading input file: /home/23EC01052/Desktop/my_branch/LRF/data/hex_data/hex_img_034
[TB] Sending pair 51: new=frame51  old=frame35
[AXIS INPUT 0] Loading input file: /home/23EC01052/Desktop/my_branch/LRF/data/hex_data/hex_img_051
[AXIS INPUT 0] Loading input file: /home/23EC01052/Desktop/my_branch/LRF/data/hex_data/hex_img_035
[TB] Sending pair 52: new=frame52  old=frame36
[AXIS INPUT 0] Loading input file: /home/23EC01052/Desktop/my_branch/LRF/data/hex_data/hex_img_052
[AXIS INPUT 0] Loading input file: /home/23EC01052/Desktop/my_branch/LRF/data/hex_data/hex_img_036
[TB] Sending pair 53: new=frame53  old=frame37
[AXIS INPUT 0] Loading input file: /home/23EC01052/Desktop/my_branch/LRF/data/hex_data/hex_img_053
[AXIS INPUT 0] Loading input file: /home/23EC01052/Desktop/my_branch/LRF/data/hex_data/hex_img_037
[TB] Sending pair 54: new=frame54  old=frame38
[AXIS INPUT 0] Loading input file: /home/23EC01052/Desktop/my_branch/LRF/data/hex_data/hex_img_054
[AXIS INPUT 0] Loading input file: /home/23EC01052/Desktop/my_branch/LRF/data/hex_data/hex_img_038
[TB] Sending pair 55: new=frame55  old=frame39
[AXIS INPUT 0] Loading input file: /home/23EC01052/Desktop/my_branch/LRF/data/hex_data/hex_img_055
[AXIS INPUT 0] Loading input file: /home/23EC01052/Desktop/my_branch/LRF/data/hex_data/hex_img_039
[TB] Sending pair 56: new=frame56  old=frame40
[AXIS INPUT 0] Loading input file: /home/23EC01052/Desktop/my_branch/LRF/data/hex_data/hex_img_056
[AXIS INPUT 0] Loading input file: /home/23EC01052/Desktop/my_branch/LRF/data/hex_data/hex_img_040
[TB] Sending pair 57: new=frame57  old=frame41
[AXIS INPUT 0] Loading input file: /home/23EC01052/Desktop/my_branch/LRF/data/hex_data/hex_img_057
[AXIS INPUT 0] Loading input file: /home/23EC01052/Desktop/my_branch/LRF/data/hex_data/hex_img_041
[TB] Sending pair 58: new=frame58  old=frame42
[AXIS INPUT 0] Loading input file: /home/23EC01052/Desktop/my_branch/LRF/data/hex_data/hex_img_058
[AXIS INPUT 0] Loading input file: /home/23EC01052/Desktop/my_branch/LRF/data/hex_data/hex_img_042
[TB] Sending pair 59: new=frame59  old=frame43
[AXIS INPUT 0] Loading input file: /home/23EC01052/Desktop/my_branch/LRF/data/hex_data/hex_img_059
[AXIS INPUT 0] Loading input file: /home/23EC01052/Desktop/my_branch/LRF/data/hex_data/hex_img_043
[TB] Sending pair 60: new=frame60  old=frame44
[AXIS INPUT 0] Loading input file: /home/23EC01052/Desktop/my_branch/LRF/data/hex_data/hex_img_060
[AXIS INPUT 0] Loading input file: /home/23EC01052/Desktop/my_branch/LRF/data/hex_data/hex_img_044
[TB] Sending pair 61: new=frame61  old=frame45
[AXIS INPUT 0] Loading input file: /home/23EC01052/Desktop/my_branch/LRF/data/hex_data/hex_img_061
[AXIS INPUT 0] Loading input file: /home/23EC01052/Desktop/my_branch/LRF/data/hex_data/hex_img_045
[TB] Sending pair 62: new=frame62  old=frame46
[AXIS INPUT 0] Loading input file: /home/23EC01052/Desktop/my_branch/LRF/data/hex_data/hex_img_062
[AXIS INPUT 0] Loading input file: /home/23EC01052/Desktop/my_branch/LRF/data/hex_data/hex_img_046
[TB] Sending pair 63: new=frame63  old=frame47
[AXIS INPUT 0] Loading input file: /home/23EC01052/Desktop/my_branch/LRF/data/hex_data/hex_img_063
[AXIS INPUT 0] Loading input file: /home/23EC01052/Desktop/my_branch/LRF/data/hex_data/hex_img_047
[TB] Sending pair 64: new=frame64  old=frame48
[AXIS INPUT 0] Loading input file: /home/23EC01052/Desktop/my_branch/LRF/data/hex_data/hex_img_064
[AXIS INPUT 0] Loading input file: /home/23EC01052/Desktop/my_branch/LRF/data/hex_data/hex_img_048
[TB] Sending pair 65: new=frame65  old=frame49
[AXIS INPUT 0] Loading input file: /home/23EC01052/Desktop/my_branch/LRF/data/hex_data/hex_img_065
[AXIS INPUT 0] Loading input file: /home/23EC01052/Desktop/my_branch/LRF/data/hex_data/hex_img_049
[TB] Sending pair 66: new=frame66  old=frame50
[AXIS INPUT 0] Loading input file: /home/23EC01052/Desktop/my_branch/LRF/data/hex_data/hex_img_066
[AXIS INPUT 0] Loading input file: /home/23EC01052/Desktop/my_branch/LRF/data/hex_data/hex_img_050
[TB] Sending pair 67: new=frame67  old=frame51
[AXIS INPUT 0] Loading input file: /home/23EC01052/Desktop/my_branch/LRF/data/hex_data/hex_img_067
[AXIS INPUT 0] Loading input file: /home/23EC01052/Desktop/my_branch/LRF/data/hex_data/hex_img_051
[TB] Sending pair 68: new=frame68  old=frame52
[AXIS INPUT 0] Loading input file: /home/23EC01052/Desktop/my_branch/LRF/data/hex_data/hex_img_068
[AXIS INPUT 0] Loading input file: /home/23EC01052/Desktop/my_branch/LRF/data/hex_data/hex_img_052
[TB] Sending pair 69: new=frame69  old=frame53
[AXIS INPUT 0] Loading input file: /home/23EC01052/Desktop/my_branch/LRF/data/hex_data/hex_img_069
[AXIS INPUT 0] Loading input file: /home/23EC01052/Desktop/my_branch/LRF/data/hex_data/hex_img_053
[TB] Sending pair 70: new=frame70  old=frame54
[AXIS INPUT 0] Loading input file: /home/23EC01052/Desktop/my_branch/LRF/data/hex_data/hex_img_070
[AXIS INPUT 0] Loading input file: /home/23EC01052/Desktop/my_branch/LRF/data/hex_data/hex_img_054
[TB] Sending pair 71: new=frame71  old=frame55
[AXIS INPUT 0] Loading input file: /home/23EC01052/Desktop/my_branch/LRF/data/hex_data/hex_img_071
[AXIS INPUT 0] Loading input file: /home/23EC01052/Desktop/my_branch/LRF/data/hex_data/hex_img_055
[TB] Sending pair 72: new=frame72  old=frame56
[AXIS INPUT 0] Loading input file: /home/23EC01052/Desktop/my_branch/LRF/data/hex_data/hex_img_072
[AXIS INPUT 0] Loading input file: /home/23EC01052/Desktop/my_branch/LRF/data/hex_data/hex_img_056
[TB] Sending pair 73: new=frame73  old=frame57
[AXIS INPUT 0] Loading input file: /home/23EC01052/Desktop/my_branch/LRF/data/hex_data/hex_img_073
[AXIS INPUT 0] Loading input file: /home/23EC01052/Desktop/my_branch/LRF/data/hex_data/hex_img_057
[TB] Sending pair 74: new=frame74  old=frame58
[AXIS INPUT 0] Loading input file: /home/23EC01052/Desktop/my_branch/LRF/data/hex_data/hex_img_074
[AXIS INPUT 0] Loading input file: /home/23EC01052/Desktop/my_branch/LRF/data/hex_data/hex_img_058
[TB] Sending pair 75: new=frame75  old=frame59
[AXIS INPUT 0] Loading input file: /home/23EC01052/Desktop/my_branch/LRF/data/hex_data/hex_img_075
[AXIS INPUT 0] Loading input file: /home/23EC01052/Desktop/my_branch/LRF/data/hex_data/hex_img_059
[TB] Sending pair 76: new=frame76  old=frame60
[AXIS INPUT 0] Loading input file: /home/23EC01052/Desktop/my_branch/LRF/data/hex_data/hex_img_076
[AXIS INPUT 0] Loading input file: /home/23EC01052/Desktop/my_branch/LRF/data/hex_data/hex_img_060
[TB] Sending pair 77: new=frame77  old=frame61
[AXIS INPUT 0] Loading input file: /home/23EC01052/Desktop/my_branch/LRF/data/hex_data/hex_img_077
[AXIS INPUT 0] Loading input file: /home/23EC01052/Desktop/my_branch/LRF/data/hex_data/hex_img_061
[TB] Sending pair 78: new=frame78  old=frame62
[AXIS INPUT 0] Loading input file: /home/23EC01052/Desktop/my_branch/LRF/data/hex_data/hex_img_078
[AXIS INPUT 0] Loading input file: /home/23EC01052/Desktop/my_branch/LRF/data/hex_data/hex_img_062
[TB] Sending pair 79: new=frame79  old=frame63
[AXIS INPUT 0] Loading input file: /home/23EC01052/Desktop/my_branch/LRF/data/hex_data/hex_img_079
[AXIS INPUT 0] Loading input file: /home/23EC01052/Desktop/my_branch/LRF/data/hex_data/hex_img_063
[TB] Sending pair 80: new=frame80  old=frame64
[AXIS INPUT 0] Loading input file: /home/23EC01052/Desktop/my_branch/LRF/data/hex_data/hex_img_080
[AXIS INPUT 0] Loading input file: /home/23EC01052/Desktop/my_branch/LRF/data/hex_data/hex_img_064
[TB] Sending pair 81: new=frame81  old=frame65
[AXIS INPUT 0] Loading input file: /home/23EC01052/Desktop/my_branch/LRF/data/hex_data/hex_img_081
[AXIS INPUT 0] Loading input file: /home/23EC01052/Desktop/my_branch/LRF/data/hex_data/hex_img_065
[TB] Sending pair 82: new=frame82  old=frame66
[AXIS INPUT 0] Loading input file: /home/23EC01052/Desktop/my_branch/LRF/data/hex_data/hex_img_082
[AXIS INPUT 0] Loading input file: /home/23EC01052/Desktop/my_branch/LRF/data/hex_data/hex_img_066
[TB] Sending pair 83: new=frame83  old=frame67
[AXIS INPUT 0] Loading input file: /home/23EC01052/Desktop/my_branch/LRF/data/hex_data/hex_img_083
[AXIS INPUT 0] Loading input file: /home/23EC01052/Desktop/my_branch/LRF/data/hex_data/hex_img_067
[TB] Sending pair 84: new=frame84  old=frame68
[AXIS INPUT 0] Loading input file: /home/23EC01052/Desktop/my_branch/LRF/data/hex_data/hex_img_084
[AXIS INPUT 0] Loading input file: /home/23EC01052/Desktop/my_branch/LRF/data/hex_data/hex_img_068
[TB] Sending pair 85: new=frame85  old=frame69
[AXIS INPUT 0] Loading input file: /home/23EC01052/Desktop/my_branch/LRF/data/hex_data/hex_img_085
[AXIS INPUT 0] Loading input file: /home/23EC01052/Desktop/my_branch/LRF/data/hex_data/hex_img_069
[TB] Sending pair 86: new=frame86  old=frame70
[AXIS INPUT 0] Loading input file: /home/23EC01052/Desktop/my_branch/LRF/data/hex_data/hex_img_086
[AXIS INPUT 0] Loading input file: /home/23EC01052/Desktop/my_branch/LRF/data/hex_data/hex_img_070
[TB] Sending pair 87: new=frame87  old=frame71
[AXIS INPUT 0] Loading input file: /home/23EC01052/Desktop/my_branch/LRF/data/hex_data/hex_img_087
[AXIS INPUT 0] Loading input file: /home/23EC01052/Desktop/my_branch/LRF/data/hex_data/hex_img_071
[TB] Sending pair 88: new=frame88  old=frame72
[AXIS INPUT 0] Loading input file: /home/23EC01052/Desktop/my_branch/LRF/data/hex_data/hex_img_088
[AXIS INPUT 0] Loading input file: /home/23EC01052/Desktop/my_branch/LRF/data/hex_data/hex_img_072
[TB] Sending pair 89: new=frame89  old=frame73
[AXIS INPUT 0] Loading input file: /home/23EC01052/Desktop/my_branch/LRF/data/hex_data/hex_img_089
[AXIS INPUT 0] Loading input file: /home/23EC01052/Desktop/my_branch/LRF/data/hex_data/hex_img_073
[TB] Sending pair 90: new=frame90  old=frame74
[AXIS INPUT 0] Loading input file: /home/23EC01052/Desktop/my_branch/LRF/data/hex_data/hex_img_090
[AXIS INPUT 0] Loading input file: /home/23EC01052/Desktop/my_branch/LRF/data/hex_data/hex_img_074
[TB] Sending pair 91: new=frame91  old=frame75
[AXIS INPUT 0] Loading input file: /home/23EC01052/Desktop/my_branch/LRF/data/hex_data/hex_img_091
[AXIS INPUT 0] Loading input file: /home/23EC01052/Desktop/my_branch/LRF/data/hex_data/hex_img_075
[TB] Sending pair 92: new=frame92  old=frame76
[AXIS INPUT 0] Loading input file: /home/23EC01052/Desktop/my_branch/LRF/data/hex_data/hex_img_092
[AXIS INPUT 0] Loading input file: /home/23EC01052/Desktop/my_branch/LRF/data/hex_data/hex_img_076
[TB] Sending pair 93: new=frame93  old=frame77
[AXIS INPUT 0] Loading input file: /home/23EC01052/Desktop/my_branch/LRF/data/hex_data/hex_img_093
[AXIS INPUT 0] Loading input file: /home/23EC01052/Desktop/my_branch/LRF/data/hex_data/hex_img_077
[TB] Sending pair 94: new=frame94  old=frame78
[AXIS INPUT 0] Loading input file: /home/23EC01052/Desktop/my_branch/LRF/data/hex_data/hex_img_094
[AXIS INPUT 0] Loading input file: /home/23EC01052/Desktop/my_branch/LRF/data/hex_data/hex_img_078
[TB] Sending pair 95: new=frame95  old=frame79
[AXIS INPUT 0] Loading input file: /home/23EC01052/Desktop/my_branch/LRF/data/hex_data/hex_img_095
[AXIS INPUT 0] Loading input file: /home/23EC01052/Desktop/my_branch/LRF/data/hex_data/hex_img_079
[TB] Sending pair 96: new=frame96  old=frame80
[AXIS INPUT 0] Loading input file: /home/23EC01052/Desktop/my_branch/LRF/data/hex_data/hex_img_096
[AXIS INPUT 0] Loading input file: /home/23EC01052/Desktop/my_branch/LRF/data/hex_data/hex_img_080
[TB] Sending pair 97: new=frame97  old=frame81
[AXIS INPUT 0] Loading input file: /home/23EC01052/Desktop/my_branch/LRF/data/hex_data/hex_img_097
[AXIS INPUT 0] Loading input file: /home/23EC01052/Desktop/my_branch/LRF/data/hex_data/hex_img_081
[TB] Sending pair 98: new=frame98  old=frame82
[AXIS INPUT 0] Loading input file: /home/23EC01052/Desktop/my_branch/LRF/data/hex_data/hex_img_098
[AXIS INPUT 0] Loading input file: /home/23EC01052/Desktop/my_branch/LRF/data/hex_data/hex_img_082
[TB] Sending pair 99: new=frame99  old=frame83
[AXIS INPUT 0] Loading input file: /home/23EC01052/Desktop/my_branch/LRF/data/hex_data/hex_img_099
[AXIS INPUT 0] Loading input file: /home/23EC01052/Desktop/my_branch/LRF/data/hex_data/hex_img_083
[TB] Sending pair 100: new=frame100  old=frame84
[AXIS INPUT 0] Loading input file: /home/23EC01052/Desktop/my_branch/LRF/data/hex_data/hex_img_100
[AXIS INPUT 0] Loading input file: /home/23EC01052/Desktop/my_branch/LRF/data/hex_data/hex_img_084
[TB] Sending pair 101: new=frame101  old=frame85
[AXIS INPUT 0] Loading input file: /home/23EC01052/Desktop/my_branch/LRF/data/hex_data/hex_img_101
[AXIS INPUT 0] Loading input file: /home/23EC01052/Desktop/my_branch/LRF/data/hex_data/hex_img_085
[TB] Sending pair 102: new=frame102  old=frame86
[AXIS INPUT 0] Loading input file: /home/23EC01052/Desktop/my_branch/LRF/data/hex_data/hex_img_102
[AXIS INPUT 0] Loading input file: /home/23EC01052/Desktop/my_branch/LRF/data/hex_data/hex_img_086
[TB] Sending pair 103: new=frame103  old=frame87
[AXIS INPUT 0] Loading input file: /home/23EC01052/Desktop/my_branch/LRF/data/hex_data/hex_img_103
[AXIS INPUT 0] Loading input file: /home/23EC01052/Desktop/my_branch/LRF/data/hex_data/hex_img_087
[TB] Sending pair 104: new=frame104  old=frame88
[AXIS INPUT 0] Loading input file: /home/23EC01052/Desktop/my_branch/LRF/data/hex_data/hex_img_104
[AXIS INPUT 0] Loading input file: /home/23EC01052/Desktop/my_branch/LRF/data/hex_data/hex_img_088
[TB] Sending pair 105: new=frame105  old=frame89
[AXIS INPUT 0] Loading input file: /home/23EC01052/Desktop/my_branch/LRF/data/hex_data/hex_img_105
[AXIS INPUT 0] Loading input file: /home/23EC01052/Desktop/my_branch/LRF/data/hex_data/hex_img_089
[TB] Sending pair 106: new=frame106  old=frame90
[AXIS INPUT 0] Loading input file: /home/23EC01052/Desktop/my_branch/LRF/data/hex_data/hex_img_106
[AXIS INPUT 0] Loading input file: /home/23EC01052/Desktop/my_branch/LRF/data/hex_data/hex_img_090
[TB] Sending pair 107: new=frame107  old=frame91
[AXIS INPUT 0] Loading input file: /home/23EC01052/Desktop/my_branch/LRF/data/hex_data/hex_img_107
[AXIS INPUT 0] Loading input file: /home/23EC01052/Desktop/my_branch/LRF/data/hex_data/hex_img_091
[TB] Sending pair 108: new=frame108  old=frame92
[AXIS INPUT 0] Loading input file: /home/23EC01052/Desktop/my_branch/LRF/data/hex_data/hex_img_108
INFO: [Common 17-41] Interrupt caught. Command should exit soon.
[AXIS INPUT 0] Loading input file: /home/23EC01052/Desktop/my_branch/LRF/data/hex_data/hex_img_092
[TB] Sending pair 109: new=frame109  old=frame93
[AXIS INPUT 0] Loading input file: /home/23EC01052/Desktop/my_branch/LRF/data/hex_data/hex_img_109
[AXIS INPUT 0] Loading input file: /home/23EC01052/Desktop/my_branch/LRF/data/hex_data/hex_img_093
[TB] Sending pair 110: new=frame110  old=frame94
[AXIS INPUT 0] Loading input file: /home/23EC01052/Desktop/my_branch/LRF/data/hex_data/hex_img_110
[AXIS INPUT 0] Loading input file: /home/23EC01052/Desktop/my_branch/LRF/data/hex_data/hex_img_094
[TB] Sending pair 111: new=frame111  old=frame95
[AXIS INPUT 0] Loading input file: /home/23EC01052/Desktop/my_branch/LRF/data/hex_data/hex_img_111
[AXIS INPUT 0] Loading input file: /home/23EC01052/Desktop/my_branch/LRF/data/hex_data/hex_img_095
[TB] Sending pair 112: new=frame112  old=frame96
[AXIS INPUT 0] Loading input file: /home/23EC01052/Desktop/my_branch/LRF/data/hex_data/hex_img_112
[AXIS INPUT 0] Loading input file: /home/23EC01052/Desktop/my_branch/LRF/data/hex_data/hex_img_096
[TB] Sending pair 113: new=frame113  old=frame97
[AXIS INPUT 0] Loading input file: /home/23EC01052/Desktop/my_branch/LRF/data/hex_data/hex_img_113
[AXIS INPUT 0] Loading input file: /home/23EC01052/Desktop/my_branch/LRF/data/hex_data/hex_img_097
[TB] Sending pair 114: new=frame114  old=frame98
[AXIS INPUT 0] Loading input file: /home/23EC01052/Desktop/my_branch/LRF/data/hex_data/hex_img_114
[AXIS INPUT 0] Loading input file: /home/23EC01052/Desktop/my_branch/LRF/data/hex_data/hex_img_098
[TB] Sending pair 115: new=frame115  old=frame99
[AXIS INPUT 0] Loading input file: /home/23EC01052/Desktop/my_branch/LRF/data/hex_data/hex_img_115
[AXIS INPUT 0] Loading input file: /home/23EC01052/Desktop/my_branch/LRF/data/hex_data/hex_img_099
[TB] Sending pair 116: new=frame116  old=frame100
[AXIS INPUT 0] Loading input file: /home/23EC01052/Desktop/my_branch/LRF/data/hex_data/hex_img_116
[AXIS INPUT 0] Loading input file: /home/23EC01052/Desktop/my_branch/LRF/data/hex_data/hex_img_100
[TB] Sending pair 117: new=frame117  old=frame101
[AXIS INPUT 0] Loading input file: /home/23EC01052/Desktop/my_branch/LRF/data/hex_data/hex_img_117
[AXIS INPUT 0] Loading input file: /home/23EC01052/Desktop/my_branch/LRF/data/hex_data/hex_img_101
[TB] Sending pair 118: new=frame118  old=frame102
[AXIS INPUT 0] Loading input file: /home/23EC01052/Desktop/my_branch/LRF/data/hex_data/hex_img_118
[AXIS INPUT 0] Loading input file: /home/23EC01052/Desktop/my_branch/LRF/data/hex_data/hex_img_102
[TB] Sending pair 119: new=frame119  old=frame103
[AXIS INPUT 0] Loading input file: /home/23EC01052/Desktop/my_branch/LRF/data/hex_data/hex_img_119
[AXIS INPUT 0] Loading input file: /home/23EC01052/Desktop/my_branch/LRF/data/hex_data/hex_img_103
[TB] Sending pair 120: new=frame120  old=frame104
[AXIS INPUT 0] Loading input file: /home/23EC01052/Desktop/my_branch/LRF/data/hex_data/hex_img_120
[AXIS INPUT 0] Loading input file: /home/23EC01052/Desktop/my_branch/LRF/data/hex_data/hex_img_104
[TB] Sending pair 121: new=frame121  old=frame105
[AXIS INPUT 0] Loading input file: /home/23EC01052/Desktop/my_branch/LRF/data/hex_data/hex_img_121
[AXIS INPUT 0] Loading input file: /home/23EC01052/Desktop/my_branch/LRF/data/hex_data/hex_img_105
[TB] Sending pair 122: new=frame122  old=frame106
[AXIS INPUT 0] Loading input file: /home/23EC01052/Desktop/my_branch/LRF/data/hex_data/hex_img_122
[AXIS INPUT 0] Loading input file: /home/23EC01052/Desktop/my_branch/LRF/data/hex_data/hex_img_106
[TB] Sending pair 123: new=frame123  old=frame107
[AXIS INPUT 0] Loading input file: /home/23EC01052/Desktop/my_branch/LRF/data/hex_data/hex_img_123
[AXIS INPUT 0] Loading input file: /home/23EC01052/Desktop/my_branch/LRF/data/hex_data/hex_img_107
[TB] Sending pair 124: new=frame124  old=frame108
[AXIS INPUT 0] Loading input file: /home/23EC01052/Desktop/my_branch/LRF/data/hex_data/hex_img_124
[AXIS INPUT 0] Loading input file: /home/23EC01052/Desktop/my_branch/LRF/data/hex_data/hex_img_108
[TB] Sending pair 125: new=frame125  old=frame109
[AXIS INPUT 0] Loading input file: /home/23EC01052/Desktop/my_branch/LRF/data/hex_data/hex_img_125
[AXIS INPUT 0] Loading input file: /home/23EC01052/Desktop/my_branch/LRF/data/hex_data/hex_img_109
[TB] Sending pair 126: new=frame126  old=frame110
[AXIS INPUT 0] Loading input file: /home/23EC01052/Desktop/my_branch/LRF/data/hex_data/hex_img_126
[AXIS INPUT 0] Loading input file: /home/23EC01052/Desktop/my_branch/LRF/data/hex_data/hex_img_110
[TB] Sending pair 127: new=frame127  old=frame111
[AXIS INPUT 0] Loading input file: /home/23EC01052/Desktop/my_branch/LRF/data/hex_data/hex_img_127
[AXIS INPUT 0] Loading input file: /home/23EC01052/Desktop/my_branch/LRF/data/hex_data/hex_img_111
[TB] Sending pair 128: new=frame128  old=frame112
[AXIS INPUT 0] Loading input file: /home/23EC01052/Desktop/my_branch/LRF/data/hex_data/hex_img_128
[AXIS INPUT 0] Loading input file: /home/23EC01052/Desktop/my_branch/LRF/data/hex_data/hex_img_112
[TB] Sending pair 129: new=frame129  old=frame113
[AXIS INPUT 0] Loading input file: /home/23EC01052/Desktop/my_branch/LRF/data/hex_data/hex_img_129
[AXIS INPUT 0] Loading input file: /home/23EC01052/Desktop/my_branch/LRF/data/hex_data/hex_img_113
[TB] Sending pair 130: new=frame130  old=frame114
[AXIS INPUT 0] Loading input file: /home/23EC01052/Desktop/my_branch/LRF/data/hex_data/hex_img_130
[AXIS INPUT 0] Loading input file: /home/23EC01052/Desktop/my_branch/LRF/data/hex_data/hex_img_114
[TB] Sending pair 131: new=frame131  old=frame115
[AXIS INPUT 0] Loading input file: /home/23EC01052/Desktop/my_branch/LRF/data/hex_data/hex_img_131
[AXIS INPUT 0] Loading input file: /home/23EC01052/Desktop/my_branch/LRF/data/hex_data/hex_img_115
[TB] Sending pair 132: new=frame132  old=frame116
[AXIS INPUT 0] Loading input file: /home/23EC01052/Desktop/my_branch/LRF/data/hex_data/hex_img_132
[AXIS INPUT 0] Loading input file: /home/23EC01052/Desktop/my_branch/LRF/data/hex_data/hex_img_116
[TB] Sending pair 133: new=frame133  old=frame117
[AXIS INPUT 0] Loading input file: /home/23EC01052/Desktop/my_branch/LRF/data/hex_data/hex_img_133
[AXIS INPUT 0] Loading input file: /home/23EC01052/Desktop/my_branch/LRF/data/hex_data/hex_img_117
[TB] Sending pair 134: new=frame134  old=frame118
[AXIS INPUT 0] Loading input file: /home/23EC01052/Desktop/my_branch/LRF/data/hex_data/hex_img_134
[AXIS INPUT 0] Loading input file: /home/23EC01052/Desktop/my_branch/LRF/data/hex_data/hex_img_118
[TB] Sending pair 135: new=frame135  old=frame119
[AXIS INPUT 0] Loading input file: /home/23EC01052/Desktop/my_branch/LRF/data/hex_data/hex_img_135
[AXIS INPUT 0] Loading input file: /home/23EC01052/Desktop/my_branch/LRF/data/hex_data/hex_img_119
[TB] Sending pair 136: new=frame136  old=frame120
[AXIS INPUT 0] Loading input file: /home/23EC01052/Desktop/my_branch/LRF/data/hex_data/hex_img_136
[AXIS INPUT 0] Loading input file: /home/23EC01052/Desktop/my_branch/LRF/data/hex_data/hex_img_120
[TB] Sending pair 137: new=frame137  old=frame121
[AXIS INPUT 0] Loading input file: /home/23EC01052/Desktop/my_branch/LRF/data/hex_data/hex_img_137
[AXIS INPUT 0] Loading input file: /home/23EC01052/Desktop/my_branch/LRF/data/hex_data/hex_img_121
[TB] Sending pair 138: new=frame138  old=frame122
[AXIS INPUT 0] Loading input file: /home/23EC01052/Desktop/my_branch/LRF/data/hex_data/hex_img_138
[AXIS INPUT 0] Loading input file: /home/23EC01052/Desktop/my_branch/LRF/data/hex_data/hex_img_122
[TB] Sending pair 139: new=frame139  old=frame123
[AXIS INPUT 0] Loading input file: /home/23EC01052/Desktop/my_branch/LRF/data/hex_data/hex_img_139
[AXIS INPUT 0] Loading input file: /home/23EC01052/Desktop/my_branch/LRF/data/hex_data/hex_img_123
[TB] Sending pair 140: new=frame140  old=frame124
[AXIS INPUT 0] Loading input file: /home/23EC01052/Desktop/my_branch/LRF/data/hex_data/hex_img_140
[AXIS INPUT 0] Loading input file: /home/23EC01052/Desktop/my_branch/LRF/data/hex_data/hex_img_124
[TB] Sending pair 141: new=frame141  old=frame125
[AXIS INPUT 0] Loading input file: /home/23EC01052/Desktop/my_branch/LRF/data/hex_data/hex_img_141
[AXIS INPUT 0] Loading input file: /home/23EC01052/Desktop/my_branch/LRF/data/hex_data/hex_img_125
[TB] Sending pair 142: new=frame142  old=frame126
[AXIS INPUT 0] Loading input file: /home/23EC01052/Desktop/my_branch/LRF/data/hex_data/hex_img_142
[AXIS INPUT 0] Loading input file: /home/23EC01052/Desktop/my_branch/LRF/data/hex_data/hex_img_126
[TB] Sending pair 143: new=frame143  old=frame127
[AXIS INPUT 0] Loading input file: /home/23EC01052/Desktop/my_branch/LRF/data/hex_data/hex_img_143
[AXIS INPUT 0] Loading input file: /home/23EC01052/Desktop/my_branch/LRF/data/hex_data/hex_img_127
[TB] Sending pair 144: new=frame144  old=frame128
[AXIS INPUT 0] Loading input file: /home/23EC01052/Desktop/my_branch/LRF/data/hex_data/hex_img_144
[AXIS INPUT 0] Loading input file: /home/23EC01052/Desktop/my_branch/LRF/data/hex_data/hex_img_128
[TB] Sending pair 145: new=frame145  old=frame129
[AXIS INPUT 0] Loading input file: /home/23EC01052/Desktop/my_branch/LRF/data/hex_data/hex_img_145
[AXIS INPUT 0] Loading input file: /home/23EC01052/Desktop/my_branch/LRF/data/hex_data/hex_img_129
[TB] Sending pair 146: new=frame146  old=frame130
[AXIS INPUT 0] Loading input file: /home/23EC01052/Desktop/my_branch/LRF/data/hex_data/hex_img_146
[AXIS INPUT 0] Loading input file: /home/23EC01052/Desktop/my_branch/LRF/data/hex_data/hex_img_130
[TB] Sending pair 147: new=frame147  old=frame131
[AXIS INPUT 0] Loading input file: /home/23EC01052/Desktop/my_branch/LRF/data/hex_data/hex_img_147
[AXIS INPUT 0] Loading input file: /home/23EC01052/Desktop/my_branch/LRF/data/hex_data/hex_img_131
[TB] Sending pair 148: new=frame148  old=frame132
[AXIS INPUT 0] Loading input file: /home/23EC01052/Desktop/my_branch/LRF/data/hex_data/hex_img_148
[AXIS INPUT 0] Loading input file: /home/23EC01052/Desktop/my_branch/LRF/data/hex_data/hex_img_132
[TB] Sending pair 149: new=frame149  old=frame133
[AXIS INPUT 0] Loading input file: /home/23EC01052/Desktop/my_branch/LRF/data/hex_data/hex_img_149
[AXIS INPUT 0] Loading input file: /home/23EC01052/Desktop/my_branch/LRF/data/hex_data/hex_img_133
[TB] Sending pair 150: new=frame150  old=frame134
[AXIS INPUT 0] Loading input file: /home/23EC01052/Desktop/my_branch/LRF/data/hex_data/hex_img_150
[AXIS INPUT 0] Loading input file: /home/23EC01052/Desktop/my_branch/LRF/data/hex_data/hex_img_134
[TB] Sending pair 151: new=frame151  old=frame135
[AXIS INPUT 0] Loading input file: /home/23EC01052/Desktop/my_branch/LRF/data/hex_data/hex_img_151
[AXIS INPUT 0] Loading input file: /home/23EC01052/Desktop/my_branch/LRF/data/hex_data/hex_img_135
[TB] Sending pair 152: new=frame152  old=frame136
[AXIS INPUT 0] Loading input file: /home/23EC01052/Desktop/my_branch/LRF/data/hex_data/hex_img_152
[AXIS INPUT 0] Loading input file: /home/23EC01052/Desktop/my_branch/LRF/data/hex_data/hex_img_136
[TB] Sending pair 153: new=frame153  old=frame137
[AXIS INPUT 0] Loading input file: /home/23EC01052/Desktop/my_branch/LRF/data/hex_data/hex_img_153
[AXIS INPUT 0] Loading input file: /home/23EC01052/Desktop/my_branch/LRF/data/hex_data/hex_img_137
[TB] Sending pair 154: new=frame154  old=frame138
[AXIS INPUT 0] Loading input file: /home/23EC01052/Desktop/my_branch/LRF/data/hex_data/hex_img_154
[AXIS INPUT 0] Loading input file: /home/23EC01052/Desktop/my_branch/LRF/data/hex_data/hex_img_138
INFO: [Common 17-344] 'run' was cancelled
INFO: [Vivado 12-5357] 'simulate' step aborted
launch_simulation: Time (s): cpu = 00:00:20 ; elapsed = 00:00:15 . Memory (MB): peak = 8461.789 ; gain = 85.332 ; free physical = 15953 ; free virtual = 61868
INFO: [Common 17-344] 'source' was cancelled
update_compile_order -fileset sources_1
open_wave_config {/home/23EC01052/Desktop/my_branch/LRF/new_algo.wcfg}
restart
INFO: [Wavedata 42-604] Simulation restarted
run all
Info: [XPM_MEMORY 20-1] MEMORY_PRIMITIVE (0) instructs Vivado Synthesis to choose the memory primitive type. Depending on their values, other XPM_MEMORY parameters may preclude the choice of certain memory primitive types. Review XPM_MEMORY documentation and parameter values to understand any limitations, or set MEMORY_PRIMITIVE to a different value. tb_top.dut.fusion_top.old_fifo.inst.gen_fifo.xpm_fifo_axis_inst.xpm_fifo_base_inst.gen_sdpram.xpm_memory_base_inst.config_drc
Time: 1 ps  Iteration: 0  Process: /tb_top/dut/fusion_top/old_fifo/inst/gen_fifo.xpm_fifo_axis_inst/xpm_fifo_base_inst/gen_sdpram.xpm_memory_base_inst/Initial302_901  Scope: tb_top.dut.fusion_top.old_fifo.inst.gen_fifo.xpm_fifo_axis_inst.xpm_fifo_base_inst.gen_sdpram.xpm_memory_base_inst.config_drc  File: /Data/cad/Xilinx/Vivado/2024.2/data/ip/xpm/xpm_memory/hdl/xpm_memory.sv Line: 514
Info: [XPM_MEMORY 20-1] MEMORY_PRIMITIVE (0) instructs Vivado Synthesis to choose the memory primitive type. Depending on their values, other XPM_MEMORY parameters may preclude the choice of certain memory primitive types. Review XPM_MEMORY documentation and parameter values to understand any limitations, or set MEMORY_PRIMITIVE to a different value. tb_top.dut.fusion_top.new_fifo.inst.gen_fifo.xpm_fifo_axis_inst.xpm_fifo_base_inst.gen_sdpram.xpm_memory_base_inst.config_drc
Time: 1 ps  Iteration: 0  Process: /tb_top/dut/fusion_top/new_fifo/inst/gen_fifo.xpm_fifo_axis_inst/xpm_fifo_base_inst/gen_sdpram.xpm_memory_base_inst/Initial302_901  Scope: tb_top.dut.fusion_top.new_fifo.inst.gen_fifo.xpm_fifo_axis_inst.xpm_fifo_base_inst.gen_sdpram.xpm_memory_base_inst.config_drc  File: /Data/cad/Xilinx/Vivado/2024.2/data/ip/xpm/xpm_memory/hdl/xpm_memory.sv Line: 514
[TB] Sending pair 0: new=frame0  old=frame0
[AXIS INPUT 0] Loading input file: /home/23EC01052/Desktop/my_branch/LRF/data/hex_data/hex_img_000
[AXIS INPUT 0] Loading input file: /home/23EC01052/Desktop/my_branch/LRF/data/hex_data/hex_img_000
[TB] Sending pair 1: new=frame1  old=frame0
[AXIS INPUT 0] Loading input file: /home/23EC01052/Desktop/my_branch/LRF/data/hex_data/hex_img_001
[AXIS INPUT 0] Loading input file: /home/23EC01052/Desktop/my_branch/LRF/data/hex_data/hex_img_000
[TB] Sending pair 2: new=frame2  old=frame0
[AXIS INPUT 0] Loading input file: /home/23EC01052/Desktop/my_branch/LRF/data/hex_data/hex_img_002
[AXIS INPUT 0] Loading input file: /home/23EC01052/Desktop/my_branch/LRF/data/hex_data/hex_img_000
[TB] Sending pair 3: new=frame3  old=frame0
[AXIS INPUT 0] Loading input file: /home/23EC01052/Desktop/my_branch/LRF/data/hex_data/hex_img_003
[AXIS INPUT 0] Loading input file: /home/23EC01052/Desktop/my_branch/LRF/data/hex_data/hex_img_000
[TB] Sending pair 4: new=frame4  old=frame0
[AXIS INPUT 0] Loading input file: /home/23EC01052/Desktop/my_branch/LRF/data/hex_data/hex_img_004
[AXIS INPUT 0] Loading input file: /home/23EC01052/Desktop/my_branch/LRF/data/hex_data/hex_img_000
[TB] Sending pair 5: new=frame5  old=frame0
[AXIS INPUT 0] Loading input file: /home/23EC01052/Desktop/my_branch/LRF/data/hex_data/hex_img_005
[AXIS INPUT 0] Loading input file: /home/23EC01052/Desktop/my_branch/LRF/data/hex_data/hex_img_000
[TB] Sending pair 6: new=frame6  old=frame0
[AXIS INPUT 0] Loading input file: /home/23EC01052/Desktop/my_branch/LRF/data/hex_data/hex_img_006
[AXIS INPUT 0] Loading input file: /home/23EC01052/Desktop/my_branch/LRF/data/hex_data/hex_img_000
[TB] Sending pair 7: new=frame7  old=frame0
[AXIS INPUT 0] Loading input file: /home/23EC01052/Desktop/my_branch/LRF/data/hex_data/hex_img_007
[AXIS INPUT 0] Loading input file: /home/23EC01052/Desktop/my_branch/LRF/data/hex_data/hex_img_000
[TB] Sending pair 8: new=frame8  old=frame0
[AXIS INPUT 0] Loading input file: /home/23EC01052/Desktop/my_branch/LRF/data/hex_data/hex_img_008
[AXIS INPUT 0] Loading input file: /home/23EC01052/Desktop/my_branch/LRF/data/hex_data/hex_img_000
[TB] Sending pair 9: new=frame9  old=frame0
[AXIS INPUT 0] Loading input file: /home/23EC01052/Desktop/my_branch/LRF/data/hex_data/hex_img_009
[AXIS INPUT 0] Loading input file: /home/23EC01052/Desktop/my_branch/LRF/data/hex_data/hex_img_000
[TB] Sending pair 10: new=frame10  old=frame0
[AXIS INPUT 0] Loading input file: /home/23EC01052/Desktop/my_branch/LRF/data/hex_data/hex_img_010
[AXIS INPUT 0] Loading input file: /home/23EC01052/Desktop/my_branch/LRF/data/hex_data/hex_img_000
[TB] Sending pair 11: new=frame11  old=frame0
[AXIS INPUT 0] Loading input file: /home/23EC01052/Desktop/my_branch/LRF/data/hex_data/hex_img_011
[AXIS INPUT 0] Loading input file: /home/23EC01052/Desktop/my_branch/LRF/data/hex_data/hex_img_000
[TB] Sending pair 12: new=frame12  old=frame0
[AXIS INPUT 0] Loading input file: /home/23EC01052/Desktop/my_branch/LRF/data/hex_data/hex_img_012
[AXIS INPUT 0] Loading input file: /home/23EC01052/Desktop/my_branch/LRF/data/hex_data/hex_img_000
[TB] Sending pair 13: new=frame13  old=frame0
[AXIS INPUT 0] Loading input file: /home/23EC01052/Desktop/my_branch/LRF/data/hex_data/hex_img_013
[AXIS INPUT 0] Loading input file: /home/23EC01052/Desktop/my_branch/LRF/data/hex_data/hex_img_000
[TB] Sending pair 14: new=frame14  old=frame0
[AXIS INPUT 0] Loading input file: /home/23EC01052/Desktop/my_branch/LRF/data/hex_data/hex_img_014
[AXIS INPUT 0] Loading input file: /home/23EC01052/Desktop/my_branch/LRF/data/hex_data/hex_img_000
[TB] Sending pair 15: new=frame15  old=frame0
[AXIS INPUT 0] Loading input file: /home/23EC01052/Desktop/my_branch/LRF/data/hex_data/hex_img_015
[AXIS INPUT 0] Loading input file: /home/23EC01052/Desktop/my_branch/LRF/data/hex_data/hex_img_000
[TB] Sending pair 16: new=frame16  old=frame0
[AXIS INPUT 0] Loading input file: /home/23EC01052/Desktop/my_branch/LRF/data/hex_data/hex_img_016
[AXIS INPUT 0] Loading input file: /home/23EC01052/Desktop/my_branch/LRF/data/hex_data/hex_img_000
[TB] Sending pair 17: new=frame17  old=frame1
[AXIS INPUT 0] Loading input file: /home/23EC01052/Desktop/my_branch/LRF/data/hex_data/hex_img_017
[AXIS INPUT 0] Loading input file: /home/23EC01052/Desktop/my_branch/LRF/data/hex_data/hex_img_001
[TB] Sending pair 18: new=frame18  old=frame2
[AXIS INPUT 0] Loading input file: /home/23EC01052/Desktop/my_branch/LRF/data/hex_data/hex_img_018
[AXIS INPUT 0] Loading input file: /home/23EC01052/Desktop/my_branch/LRF/data/hex_data/hex_img_002
[TB] Sending pair 19: new=frame19  old=frame3
[AXIS INPUT 0] Loading input file: /home/23EC01052/Desktop/my_branch/LRF/data/hex_data/hex_img_019
[AXIS INPUT 0] Loading input file: /home/23EC01052/Desktop/my_branch/LRF/data/hex_data/hex_img_003
[TB] Sending pair 20: new=frame20  old=frame4
[AXIS INPUT 0] Loading input file: /home/23EC01052/Desktop/my_branch/LRF/data/hex_data/hex_img_020
[AXIS INPUT 0] Loading input file: /home/23EC01052/Desktop/my_branch/LRF/data/hex_data/hex_img_004
[TB] Sending pair 21: new=frame21  old=frame5
[AXIS INPUT 0] Loading input file: /home/23EC01052/Desktop/my_branch/LRF/data/hex_data/hex_img_021
[AXIS INPUT 0] Loading input file: /home/23EC01052/Desktop/my_branch/LRF/data/hex_data/hex_img_005
[TB] Sending pair 22: new=frame22  old=frame6
[AXIS INPUT 0] Loading input file: /home/23EC01052/Desktop/my_branch/LRF/data/hex_data/hex_img_022
[AXIS INPUT 0] Loading input file: /home/23EC01052/Desktop/my_branch/LRF/data/hex_data/hex_img_006
[TB] Sending pair 23: new=frame23  old=frame7
[AXIS INPUT 0] Loading input file: /home/23EC01052/Desktop/my_branch/LRF/data/hex_data/hex_img_023
[AXIS INPUT 0] Loading input file: /home/23EC01052/Desktop/my_branch/LRF/data/hex_data/hex_img_007
[TB] Sending pair 24: new=frame24  old=frame8
[AXIS INPUT 0] Loading input file: /home/23EC01052/Desktop/my_branch/LRF/data/hex_data/hex_img_024
[AXIS INPUT 0] Loading input file: /home/23EC01052/Desktop/my_branch/LRF/data/hex_data/hex_img_008
[TB] Sending pair 25: new=frame25  old=frame9
[AXIS INPUT 0] Loading input file: /home/23EC01052/Desktop/my_branch/LRF/data/hex_data/hex_img_025
[AXIS INPUT 0] Loading input file: /home/23EC01052/Desktop/my_branch/LRF/data/hex_data/hex_img_009
[TB] Sending pair 26: new=frame26  old=frame10
[AXIS INPUT 0] Loading input file: /home/23EC01052/Desktop/my_branch/LRF/data/hex_data/hex_img_026
[AXIS INPUT 0] Loading input file: /home/23EC01052/Desktop/my_branch/LRF/data/hex_data/hex_img_010
[TB] Sending pair 27: new=frame27  old=frame11
[AXIS INPUT 0] Loading input file: /home/23EC01052/Desktop/my_branch/LRF/data/hex_data/hex_img_027
[AXIS INPUT 0] Loading input file: /home/23EC01052/Desktop/my_branch/LRF/data/hex_data/hex_img_011
[TB] Sending pair 28: new=frame28  old=frame12
[AXIS INPUT 0] Loading input file: /home/23EC01052/Desktop/my_branch/LRF/data/hex_data/hex_img_028
[AXIS INPUT 0] Loading input file: /home/23EC01052/Desktop/my_branch/LRF/data/hex_data/hex_img_012
[TB] Sending pair 29: new=frame29  old=frame13
[AXIS INPUT 0] Loading input file: /home/23EC01052/Desktop/my_branch/LRF/data/hex_data/hex_img_029
[AXIS INPUT 0] Loading input file: /home/23EC01052/Desktop/my_branch/LRF/data/hex_data/hex_img_013
[TB] Sending pair 30: new=frame30  old=frame14
[AXIS INPUT 0] Loading input file: /home/23EC01052/Desktop/my_branch/LRF/data/hex_data/hex_img_030
[AXIS INPUT 0] Loading input file: /home/23EC01052/Desktop/my_branch/LRF/data/hex_data/hex_img_014
[TB] Sending pair 31: new=frame31  old=frame15
[AXIS INPUT 0] Loading input file: /home/23EC01052/Desktop/my_branch/LRF/data/hex_data/hex_img_031
[AXIS INPUT 0] Loading input file: /home/23EC01052/Desktop/my_branch/LRF/data/hex_data/hex_img_015
[TB] Sending pair 32: new=frame32  old=frame16
[AXIS INPUT 0] Loading input file: /home/23EC01052/Desktop/my_branch/LRF/data/hex_data/hex_img_032
[AXIS INPUT 0] Loading input file: /home/23EC01052/Desktop/my_branch/LRF/data/hex_data/hex_img_016
[TB] Sending pair 33: new=frame33  old=frame17
[AXIS INPUT 0] Loading input file: /home/23EC01052/Desktop/my_branch/LRF/data/hex_data/hex_img_033
[AXIS INPUT 0] Loading input file: /home/23EC01052/Desktop/my_branch/LRF/data/hex_data/hex_img_017
[TB] Sending pair 34: new=frame34  old=frame18
[AXIS INPUT 0] Loading input file: /home/23EC01052/Desktop/my_branch/LRF/data/hex_data/hex_img_034
[AXIS INPUT 0] Loading input file: /home/23EC01052/Desktop/my_branch/LRF/data/hex_data/hex_img_018
[TB] Sending pair 35: new=frame35  old=frame19
[AXIS INPUT 0] Loading input file: /home/23EC01052/Desktop/my_branch/LRF/data/hex_data/hex_img_035
[AXIS INPUT 0] Loading input file: /home/23EC01052/Desktop/my_branch/LRF/data/hex_data/hex_img_019
[TB] Sending pair 36: new=frame36  old=frame20
[AXIS INPUT 0] Loading input file: /home/23EC01052/Desktop/my_branch/LRF/data/hex_data/hex_img_036
[AXIS INPUT 0] Loading input file: /home/23EC01052/Desktop/my_branch/LRF/data/hex_data/hex_img_020
[TB] Sending pair 37: new=frame37  old=frame21
[AXIS INPUT 0] Loading input file: /home/23EC01052/Desktop/my_branch/LRF/data/hex_data/hex_img_037
[AXIS INPUT 0] Loading input file: /home/23EC01052/Desktop/my_branch/LRF/data/hex_data/hex_img_021
[TB] Sending pair 38: new=frame38  old=frame22
[AXIS INPUT 0] Loading input file: /home/23EC01052/Desktop/my_branch/LRF/data/hex_data/hex_img_038
[AXIS INPUT 0] Loading input file: /home/23EC01052/Desktop/my_branch/LRF/data/hex_data/hex_img_022
[TB] Sending pair 39: new=frame39  old=frame23
[AXIS INPUT 0] Loading input file: /home/23EC01052/Desktop/my_branch/LRF/data/hex_data/hex_img_039
[AXIS INPUT 0] Loading input file: /home/23EC01052/Desktop/my_branch/LRF/data/hex_data/hex_img_023
[TB] Sending pair 40: new=frame40  old=frame24
[AXIS INPUT 0] Loading input file: /home/23EC01052/Desktop/my_branch/LRF/data/hex_data/hex_img_040
[AXIS INPUT 0] Loading input file: /home/23EC01052/Desktop/my_branch/LRF/data/hex_data/hex_img_024
[TB] Sending pair 41: new=frame41  old=frame25
[AXIS INPUT 0] Loading input file: /home/23EC01052/Desktop/my_branch/LRF/data/hex_data/hex_img_041
[AXIS INPUT 0] Loading input file: /home/23EC01052/Desktop/my_branch/LRF/data/hex_data/hex_img_025
[TB] Sending pair 42: new=frame42  old=frame26
[AXIS INPUT 0] Loading input file: /home/23EC01052/Desktop/my_branch/LRF/data/hex_data/hex_img_042
[AXIS INPUT 0] Loading input file: /home/23EC01052/Desktop/my_branch/LRF/data/hex_data/hex_img_026
[TB] Sending pair 43: new=frame43  old=frame27
[AXIS INPUT 0] Loading input file: /home/23EC01052/Desktop/my_branch/LRF/data/hex_data/hex_img_043
[AXIS INPUT 0] Loading input file: /home/23EC01052/Desktop/my_branch/LRF/data/hex_data/hex_img_027
[TB] Sending pair 44: new=frame44  old=frame28
[AXIS INPUT 0] Loading input file: /home/23EC01052/Desktop/my_branch/LRF/data/hex_data/hex_img_044
[AXIS INPUT 0] Loading input file: /home/23EC01052/Desktop/my_branch/LRF/data/hex_data/hex_img_028
[TB] Sending pair 45: new=frame45  old=frame29
[AXIS INPUT 0] Loading input file: /home/23EC01052/Desktop/my_branch/LRF/data/hex_data/hex_img_045
[AXIS INPUT 0] Loading input file: /home/23EC01052/Desktop/my_branch/LRF/data/hex_data/hex_img_029
[TB] Sending pair 46: new=frame46  old=frame30
[AXIS INPUT 0] Loading input file: /home/23EC01052/Desktop/my_branch/LRF/data/hex_data/hex_img_046
[AXIS INPUT 0] Loading input file: /home/23EC01052/Desktop/my_branch/LRF/data/hex_data/hex_img_030
[TB] Sending pair 47: new=frame47  old=frame31
[AXIS INPUT 0] Loading input file: /home/23EC01052/Desktop/my_branch/LRF/data/hex_data/hex_img_047
[AXIS INPUT 0] Loading input file: /home/23EC01052/Desktop/my_branch/LRF/data/hex_data/hex_img_031
[TB] Sending pair 48: new=frame48  old=frame32
[AXIS INPUT 0] Loading input file: /home/23EC01052/Desktop/my_branch/LRF/data/hex_data/hex_img_048
[AXIS INPUT 0] Loading input file: /home/23EC01052/Desktop/my_branch/LRF/data/hex_data/hex_img_032
[TB] Sending pair 49: new=frame49  old=frame33
[AXIS INPUT 0] Loading input file: /home/23EC01052/Desktop/my_branch/LRF/data/hex_data/hex_img_049
[AXIS INPUT 0] Loading input file: /home/23EC01052/Desktop/my_branch/LRF/data/hex_data/hex_img_033
[TB] Sending pair 50: new=frame50  old=frame34
[AXIS INPUT 0] Loading input file: /home/23EC01052/Desktop/my_branch/LRF/data/hex_data/hex_img_050
[AXIS INPUT 0] Loading input file: /home/23EC01052/Desktop/my_branch/LRF/data/hex_data/hex_img_034
[TB] Sending pair 51: new=frame51  old=frame35
[AXIS INPUT 0] Loading input file: /home/23EC01052/Desktop/my_branch/LRF/data/hex_data/hex_img_051
[AXIS INPUT 0] Loading input file: /home/23EC01052/Desktop/my_branch/LRF/data/hex_data/hex_img_035
[TB] Sending pair 52: new=frame52  old=frame36
[AXIS INPUT 0] Loading input file: /home/23EC01052/Desktop/my_branch/LRF/data/hex_data/hex_img_052
[AXIS INPUT 0] Loading input file: /home/23EC01052/Desktop/my_branch/LRF/data/hex_data/hex_img_036
[TB] Sending pair 53: new=frame53  old=frame37
[AXIS INPUT 0] Loading input file: /home/23EC01052/Desktop/my_branch/LRF/data/hex_data/hex_img_053
[AXIS INPUT 0] Loading input file: /home/23EC01052/Desktop/my_branch/LRF/data/hex_data/hex_img_037
[TB] Sending pair 54: new=frame54  old=frame38
[AXIS INPUT 0] Loading input file: /home/23EC01052/Desktop/my_branch/LRF/data/hex_data/hex_img_054
[AXIS INPUT 0] Loading input file: /home/23EC01052/Desktop/my_branch/LRF/data/hex_data/hex_img_038
[TB] Sending pair 55: new=frame55  old=frame39
[AXIS INPUT 0] Loading input file: /home/23EC01052/Desktop/my_branch/LRF/data/hex_data/hex_img_055
[AXIS INPUT 0] Loading input file: /home/23EC01052/Desktop/my_branch/LRF/data/hex_data/hex_img_039
[TB] Sending pair 56: new=frame56  old=frame40
[AXIS INPUT 0] Loading input file: /home/23EC01052/Desktop/my_branch/LRF/data/hex_data/hex_img_056
[AXIS INPUT 0] Loading input file: /home/23EC01052/Desktop/my_branch/LRF/data/hex_data/hex_img_040
[TB] Sending pair 57: new=frame57  old=frame41
[AXIS INPUT 0] Loading input file: /home/23EC01052/Desktop/my_branch/LRF/data/hex_data/hex_img_057
[AXIS INPUT 0] Loading input file: /home/23EC01052/Desktop/my_branch/LRF/data/hex_data/hex_img_041
[TB] Sending pair 58: new=frame58  old=frame42
[AXIS INPUT 0] Loading input file: /home/23EC01052/Desktop/my_branch/LRF/data/hex_data/hex_img_058
[AXIS INPUT 0] Loading input file: /home/23EC01052/Desktop/my_branch/LRF/data/hex_data/hex_img_042
[TB] Sending pair 59: new=frame59  old=frame43
[AXIS INPUT 0] Loading input file: /home/23EC01052/Desktop/my_branch/LRF/data/hex_data/hex_img_059
[AXIS INPUT 0] Loading input file: /home/23EC01052/Desktop/my_branch/LRF/data/hex_data/hex_img_043
[TB] Sending pair 60: new=frame60  old=frame44
[AXIS INPUT 0] Loading input file: /home/23EC01052/Desktop/my_branch/LRF/data/hex_data/hex_img_060
[AXIS INPUT 0] Loading input file: /home/23EC01052/Desktop/my_branch/LRF/data/hex_data/hex_img_044
[TB] Sending pair 61: new=frame61  old=frame45
[AXIS INPUT 0] Loading input file: /home/23EC01052/Desktop/my_branch/LRF/data/hex_data/hex_img_061
[AXIS INPUT 0] Loading input file: /home/23EC01052/Desktop/my_branch/LRF/data/hex_data/hex_img_045
[TB] Sending pair 62: new=frame62  old=frame46
[AXIS INPUT 0] Loading input file: /home/23EC01052/Desktop/my_branch/LRF/data/hex_data/hex_img_062
[AXIS INPUT 0] Loading input file: /home/23EC01052/Desktop/my_branch/LRF/data/hex_data/hex_img_046
[TB] Sending pair 63: new=frame63  old=frame47
[AXIS INPUT 0] Loading input file: /home/23EC01052/Desktop/my_branch/LRF/data/hex_data/hex_img_063
[AXIS INPUT 0] Loading input file: /home/23EC01052/Desktop/my_branch/LRF/data/hex_data/hex_img_047
[TB] Sending pair 64: new=frame64  old=frame48
[AXIS INPUT 0] Loading input file: /home/23EC01052/Desktop/my_branch/LRF/data/hex_data/hex_img_064
[AXIS INPUT 0] Loading input file: /home/23EC01052/Desktop/my_branch/LRF/data/hex_data/hex_img_048
[TB] Sending pair 65: new=frame65  old=frame49
[AXIS INPUT 0] Loading input file: /home/23EC01052/Desktop/my_branch/LRF/data/hex_data/hex_img_065
[AXIS INPUT 0] Loading input file: /home/23EC01052/Desktop/my_branch/LRF/data/hex_data/hex_img_049
[TB] Sending pair 66: new=frame66  old=frame50
[AXIS INPUT 0] Loading input file: /home/23EC01052/Desktop/my_branch/LRF/data/hex_data/hex_img_066
[AXIS INPUT 0] Loading input file: /home/23EC01052/Desktop/my_branch/LRF/data/hex_data/hex_img_050
[TB] Sending pair 67: new=frame67  old=frame51
[AXIS INPUT 0] Loading input file: /home/23EC01052/Desktop/my_branch/LRF/data/hex_data/hex_img_067
[AXIS INPUT 0] Loading input file: /home/23EC01052/Desktop/my_branch/LRF/data/hex_data/hex_img_051
[TB] Sending pair 68: new=frame68  old=frame52
[AXIS INPUT 0] Loading input file: /home/23EC01052/Desktop/my_branch/LRF/data/hex_data/hex_img_068
[AXIS INPUT 0] Loading input file: /home/23EC01052/Desktop/my_branch/LRF/data/hex_data/hex_img_052
[TB] Sending pair 69: new=frame69  old=frame53
[AXIS INPUT 0] Loading input file: /home/23EC01052/Desktop/my_branch/LRF/data/hex_data/hex_img_069
[AXIS INPUT 0] Loading input file: /home/23EC01052/Desktop/my_branch/LRF/data/hex_data/hex_img_053
[TB] Sending pair 70: new=frame70  old=frame54
[AXIS INPUT 0] Loading input file: /home/23EC01052/Desktop/my_branch/LRF/data/hex_data/hex_img_070
[AXIS INPUT 0] Loading input file: /home/23EC01052/Desktop/my_branch/LRF/data/hex_data/hex_img_054
[TB] Sending pair 71: new=frame71  old=frame55
[AXIS INPUT 0] Loading input file: /home/23EC01052/Desktop/my_branch/LRF/data/hex_data/hex_img_071
[AXIS INPUT 0] Loading input file: /home/23EC01052/Desktop/my_branch/LRF/data/hex_data/hex_img_055
[TB] Sending pair 72: new=frame72  old=frame56
[AXIS INPUT 0] Loading input file: /home/23EC01052/Desktop/my_branch/LRF/data/hex_data/hex_img_072
[AXIS INPUT 0] Loading input file: /home/23EC01052/Desktop/my_branch/LRF/data/hex_data/hex_img_056
[TB] Sending pair 73: new=frame73  old=frame57
[AXIS INPUT 0] Loading input file: /home/23EC01052/Desktop/my_branch/LRF/data/hex_data/hex_img_073
[AXIS INPUT 0] Loading input file: /home/23EC01052/Desktop/my_branch/LRF/data/hex_data/hex_img_057
[TB] Sending pair 74: new=frame74  old=frame58
[AXIS INPUT 0] Loading input file: /home/23EC01052/Desktop/my_branch/LRF/data/hex_data/hex_img_074
[AXIS INPUT 0] Loading input file: /home/23EC01052/Desktop/my_branch/LRF/data/hex_data/hex_img_058
[TB] Sending pair 75: new=frame75  old=frame59
[AXIS INPUT 0] Loading input file: /home/23EC01052/Desktop/my_branch/LRF/data/hex_data/hex_img_075
[AXIS INPUT 0] Loading input file: /home/23EC01052/Desktop/my_branch/LRF/data/hex_data/hex_img_059
[TB] Sending pair 76: new=frame76  old=frame60
[AXIS INPUT 0] Loading input file: /home/23EC01052/Desktop/my_branch/LRF/data/hex_data/hex_img_076
[AXIS INPUT 0] Loading input file: /home/23EC01052/Desktop/my_branch/LRF/data/hex_data/hex_img_060
[TB] Sending pair 77: new=frame77  old=frame61
[AXIS INPUT 0] Loading input file: /home/23EC01052/Desktop/my_branch/LRF/data/hex_data/hex_img_077
[AXIS INPUT 0] Loading input file: /home/23EC01052/Desktop/my_branch/LRF/data/hex_data/hex_img_061
[TB] Sending pair 78: new=frame78  old=frame62
[AXIS INPUT 0] Loading input file: /home/23EC01052/Desktop/my_branch/LRF/data/hex_data/hex_img_078
[AXIS INPUT 0] Loading input file: /home/23EC01052/Desktop/my_branch/LRF/data/hex_data/hex_img_062
[TB] Sending pair 79: new=frame79  old=frame63
[AXIS INPUT 0] Loading input file: /home/23EC01052/Desktop/my_branch/LRF/data/hex_data/hex_img_079
[AXIS INPUT 0] Loading input file: /home/23EC01052/Desktop/my_branch/LRF/data/hex_data/hex_img_063
[TB] Sending pair 80: new=frame80  old=frame64
[AXIS INPUT 0] Loading input file: /home/23EC01052/Desktop/my_branch/LRF/data/hex_data/hex_img_080
[AXIS INPUT 0] Loading input file: /home/23EC01052/Desktop/my_branch/LRF/data/hex_data/hex_img_064
[TB] Sending pair 81: new=frame81  old=frame65
[AXIS INPUT 0] Loading input file: /home/23EC01052/Desktop/my_branch/LRF/data/hex_data/hex_img_081
[AXIS INPUT 0] Loading input file: /home/23EC01052/Desktop/my_branch/LRF/data/hex_data/hex_img_065
[TB] Sending pair 82: new=frame82  old=frame66
[AXIS INPUT 0] Loading input file: /home/23EC01052/Desktop/my_branch/LRF/data/hex_data/hex_img_082
[AXIS INPUT 0] Loading input file: /home/23EC01052/Desktop/my_branch/LRF/data/hex_data/hex_img_066
[TB] Sending pair 83: new=frame83  old=frame67
[AXIS INPUT 0] Loading input file: /home/23EC01052/Desktop/my_branch/LRF/data/hex_data/hex_img_083
[AXIS INPUT 0] Loading input file: /home/23EC01052/Desktop/my_branch/LRF/data/hex_data/hex_img_067
[TB] Sending pair 84: new=frame84  old=frame68
[AXIS INPUT 0] Loading input file: /home/23EC01052/Desktop/my_branch/LRF/data/hex_data/hex_img_084
[AXIS INPUT 0] Loading input file: /home/23EC01052/Desktop/my_branch/LRF/data/hex_data/hex_img_068
[TB] Sending pair 85: new=frame85  old=frame69
[AXIS INPUT 0] Loading input file: /home/23EC01052/Desktop/my_branch/LRF/data/hex_data/hex_img_085
[AXIS INPUT 0] Loading input file: /home/23EC01052/Desktop/my_branch/LRF/data/hex_data/hex_img_069
[TB] Sending pair 86: new=frame86  old=frame70
[AXIS INPUT 0] Loading input file: /home/23EC01052/Desktop/my_branch/LRF/data/hex_data/hex_img_086
[AXIS INPUT 0] Loading input file: /home/23EC01052/Desktop/my_branch/LRF/data/hex_data/hex_img_070
[TB] Sending pair 87: new=frame87  old=frame71
[AXIS INPUT 0] Loading input file: /home/23EC01052/Desktop/my_branch/LRF/data/hex_data/hex_img_087
[AXIS INPUT 0] Loading input file: /home/23EC01052/Desktop/my_branch/LRF/data/hex_data/hex_img_071
[TB] Sending pair 88: new=frame88  old=frame72
[AXIS INPUT 0] Loading input file: /home/23EC01052/Desktop/my_branch/LRF/data/hex_data/hex_img_088
[AXIS INPUT 0] Loading input file: /home/23EC01052/Desktop/my_branch/LRF/data/hex_data/hex_img_072
[TB] Sending pair 89: new=frame89  old=frame73
[AXIS INPUT 0] Loading input file: /home/23EC01052/Desktop/my_branch/LRF/data/hex_data/hex_img_089
[AXIS INPUT 0] Loading input file: /home/23EC01052/Desktop/my_branch/LRF/data/hex_data/hex_img_073
[TB] Sending pair 90: new=frame90  old=frame74
[AXIS INPUT 0] Loading input file: /home/23EC01052/Desktop/my_branch/LRF/data/hex_data/hex_img_090
[AXIS INPUT 0] Loading input file: /home/23EC01052/Desktop/my_branch/LRF/data/hex_data/hex_img_074
[TB] Sending pair 91: new=frame91  old=frame75
[AXIS INPUT 0] Loading input file: /home/23EC01052/Desktop/my_branch/LRF/data/hex_data/hex_img_091
[AXIS INPUT 0] Loading input file: /home/23EC01052/Desktop/my_branch/LRF/data/hex_data/hex_img_075
[TB] Sending pair 92: new=frame92  old=frame76
[AXIS INPUT 0] Loading input file: /home/23EC01052/Desktop/my_branch/LRF/data/hex_data/hex_img_092
[AXIS INPUT 0] Loading input file: /home/23EC01052/Desktop/my_branch/LRF/data/hex_data/hex_img_076
[TB] Sending pair 93: new=frame93  old=frame77
[AXIS INPUT 0] Loading input file: /home/23EC01052/Desktop/my_branch/LRF/data/hex_data/hex_img_093
[AXIS INPUT 0] Loading input file: /home/23EC01052/Desktop/my_branch/LRF/data/hex_data/hex_img_077
[TB] Sending pair 94: new=frame94  old=frame78
[AXIS INPUT 0] Loading input file: /home/23EC01052/Desktop/my_branch/LRF/data/hex_data/hex_img_094
[AXIS INPUT 0] Loading input file: /home/23EC01052/Desktop/my_branch/LRF/data/hex_data/hex_img_078
[TB] Sending pair 95: new=frame95  old=frame79
[AXIS INPUT 0] Loading input file: /home/23EC01052/Desktop/my_branch/LRF/data/hex_data/hex_img_095
[AXIS INPUT 0] Loading input file: /home/23EC01052/Desktop/my_branch/LRF/data/hex_data/hex_img_079
[TB] Sending pair 96: new=frame96  old=frame80
[AXIS INPUT 0] Loading input file: /home/23EC01052/Desktop/my_branch/LRF/data/hex_data/hex_img_096
[AXIS INPUT 0] Loading input file: /home/23EC01052/Desktop/my_branch/LRF/data/hex_data/hex_img_080
[TB] Sending pair 97: new=frame97  old=frame81
[AXIS INPUT 0] Loading input file: /home/23EC01052/Desktop/my_branch/LRF/data/hex_data/hex_img_097
[AXIS INPUT 0] Loading input file: /home/23EC01052/Desktop/my_branch/LRF/data/hex_data/hex_img_081
[TB] Sending pair 98: new=frame98  old=frame82
[AXIS INPUT 0] Loading input file: /home/23EC01052/Desktop/my_branch/LRF/data/hex_data/hex_img_098
[AXIS INPUT 0] Loading input file: /home/23EC01052/Desktop/my_branch/LRF/data/hex_data/hex_img_082
[TB] Sending pair 99: new=frame99  old=frame83
[AXIS INPUT 0] Loading input file: /home/23EC01052/Desktop/my_branch/LRF/data/hex_data/hex_img_099
[AXIS INPUT 0] Loading input file: /home/23EC01052/Desktop/my_branch/LRF/data/hex_data/hex_img_083
[TB] Sending pair 100: new=frame100  old=frame84
[AXIS INPUT 0] Loading input file: /home/23EC01052/Desktop/my_branch/LRF/data/hex_data/hex_img_100
[AXIS INPUT 0] Loading input file: /home/23EC01052/Desktop/my_branch/LRF/data/hex_data/hex_img_084
[TB] Sending pair 101: new=frame101  old=frame85
[AXIS INPUT 0] Loading input file: /home/23EC01052/Desktop/my_branch/LRF/data/hex_data/hex_img_101
[AXIS INPUT 0] Loading input file: /home/23EC01052/Desktop/my_branch/LRF/data/hex_data/hex_img_085
[TB] Sending pair 102: new=frame102  old=frame86
[AXIS INPUT 0] Loading input file: /home/23EC01052/Desktop/my_branch/LRF/data/hex_data/hex_img_102
[AXIS INPUT 0] Loading input file: /home/23EC01052/Desktop/my_branch/LRF/data/hex_data/hex_img_086
[TB] Sending pair 103: new=frame103  old=frame87
[AXIS INPUT 0] Loading input file: /home/23EC01052/Desktop/my_branch/LRF/data/hex_data/hex_img_103
[AXIS INPUT 0] Loading input file: /home/23EC01052/Desktop/my_branch/LRF/data/hex_data/hex_img_087
[TB] Sending pair 104: new=frame104  old=frame88
[AXIS INPUT 0] Loading input file: /home/23EC01052/Desktop/my_branch/LRF/data/hex_data/hex_img_104
[AXIS INPUT 0] Loading input file: /home/23EC01052/Desktop/my_branch/LRF/data/hex_data/hex_img_088
[TB] Sending pair 105: new=frame105  old=frame89
[AXIS INPUT 0] Loading input file: /home/23EC01052/Desktop/my_branch/LRF/data/hex_data/hex_img_105
[AXIS INPUT 0] Loading input file: /home/23EC01052/Desktop/my_branch/LRF/data/hex_data/hex_img_089
[TB] Sending pair 106: new=frame106  old=frame90
[AXIS INPUT 0] Loading input file: /home/23EC01052/Desktop/my_branch/LRF/data/hex_data/hex_img_106
[AXIS INPUT 0] Loading input file: /home/23EC01052/Desktop/my_branch/LRF/data/hex_data/hex_img_090
[TB] Sending pair 107: new=frame107  old=frame91
[AXIS INPUT 0] Loading input file: /home/23EC01052/Desktop/my_branch/LRF/data/hex_data/hex_img_107
[AXIS INPUT 0] Loading input file: /home/23EC01052/Desktop/my_branch/LRF/data/hex_data/hex_img_091
[TB] Sending pair 108: new=frame108  old=frame92
[AXIS INPUT 0] Loading input file: /home/23EC01052/Desktop/my_branch/LRF/data/hex_data/hex_img_108
[AXIS INPUT 0] Loading input file: /home/23EC01052/Desktop/my_branch/LRF/data/hex_data/hex_img_092
[TB] Sending pair 109: new=frame109  old=frame93
[AXIS INPUT 0] Loading input file: /home/23EC01052/Desktop/my_branch/LRF/data/hex_data/hex_img_109
[AXIS INPUT 0] Loading input file: /home/23EC01052/Desktop/my_branch/LRF/data/hex_data/hex_img_093
[TB] Sending pair 110: new=frame110  old=frame94
[AXIS INPUT 0] Loading input file: /home/23EC01052/Desktop/my_branch/LRF/data/hex_data/hex_img_110
[AXIS INPUT 0] Loading input file: /home/23EC01052/Desktop/my_branch/LRF/data/hex_data/hex_img_094
[TB] Sending pair 111: new=frame111  old=frame95
[AXIS INPUT 0] Loading input file: /home/23EC01052/Desktop/my_branch/LRF/data/hex_data/hex_img_111
[AXIS INPUT 0] Loading input file: /home/23EC01052/Desktop/my_branch/LRF/data/hex_data/hex_img_095
[TB] Sending pair 112: new=frame112  old=frame96
[AXIS INPUT 0] Loading input file: /home/23EC01052/Desktop/my_branch/LRF/data/hex_data/hex_img_112
[AXIS INPUT 0] Loading input file: /home/23EC01052/Desktop/my_branch/LRF/data/hex_data/hex_img_096
[TB] Sending pair 113: new=frame113  old=frame97
[AXIS INPUT 0] Loading input file: /home/23EC01052/Desktop/my_branch/LRF/data/hex_data/hex_img_113
[AXIS INPUT 0] Loading input file: /home/23EC01052/Desktop/my_branch/LRF/data/hex_data/hex_img_097
[TB] Sending pair 114: new=frame114  old=frame98
[AXIS INPUT 0] Loading input file: /home/23EC01052/Desktop/my_branch/LRF/data/hex_data/hex_img_114
[AXIS INPUT 0] Loading input file: /home/23EC01052/Desktop/my_branch/LRF/data/hex_data/hex_img_098
[TB] Sending pair 115: new=frame115  old=frame99
[AXIS INPUT 0] Loading input file: /home/23EC01052/Desktop/my_branch/LRF/data/hex_data/hex_img_115
[AXIS INPUT 0] Loading input file: /home/23EC01052/Desktop/my_branch/LRF/data/hex_data/hex_img_099
[TB] Sending pair 116: new=frame116  old=frame100
[AXIS INPUT 0] Loading input file: /home/23EC01052/Desktop/my_branch/LRF/data/hex_data/hex_img_116
[AXIS INPUT 0] Loading input file: /home/23EC01052/Desktop/my_branch/LRF/data/hex_data/hex_img_100
[TB] Sending pair 117: new=frame117  old=frame101
[AXIS INPUT 0] Loading input file: /home/23EC01052/Desktop/my_branch/LRF/data/hex_data/hex_img_117
[AXIS INPUT 0] Loading input file: /home/23EC01052/Desktop/my_branch/LRF/data/hex_data/hex_img_101
[TB] Sending pair 118: new=frame118  old=frame102
[AXIS INPUT 0] Loading input file: /home/23EC01052/Desktop/my_branch/LRF/data/hex_data/hex_img_118
[AXIS INPUT 0] Loading input file: /home/23EC01052/Desktop/my_branch/LRF/data/hex_data/hex_img_102
[TB] Sending pair 119: new=frame119  old=frame103
[AXIS INPUT 0] Loading input file: /home/23EC01052/Desktop/my_branch/LRF/data/hex_data/hex_img_119
[AXIS INPUT 0] Loading input file: /home/23EC01052/Desktop/my_branch/LRF/data/hex_data/hex_img_103
[TB] Sending pair 120: new=frame120  old=frame104
[AXIS INPUT 0] Loading input file: /home/23EC01052/Desktop/my_branch/LRF/data/hex_data/hex_img_120
[AXIS INPUT 0] Loading input file: /home/23EC01052/Desktop/my_branch/LRF/data/hex_data/hex_img_104
[TB] Sending pair 121: new=frame121  old=frame105
[AXIS INPUT 0] Loading input file: /home/23EC01052/Desktop/my_branch/LRF/data/hex_data/hex_img_121
[AXIS INPUT 0] Loading input file: /home/23EC01052/Desktop/my_branch/LRF/data/hex_data/hex_img_105
[TB] Sending pair 122: new=frame122  old=frame106
[AXIS INPUT 0] Loading input file: /home/23EC01052/Desktop/my_branch/LRF/data/hex_data/hex_img_122
[AXIS INPUT 0] Loading input file: /home/23EC01052/Desktop/my_branch/LRF/data/hex_data/hex_img_106
[TB] Sending pair 123: new=frame123  old=frame107
[AXIS INPUT 0] Loading input file: /home/23EC01052/Desktop/my_branch/LRF/data/hex_data/hex_img_123
[AXIS INPUT 0] Loading input file: /home/23EC01052/Desktop/my_branch/LRF/data/hex_data/hex_img_107
[TB] Sending pair 124: new=frame124  old=frame108
[AXIS INPUT 0] Loading input file: /home/23EC01052/Desktop/my_branch/LRF/data/hex_data/hex_img_124
[AXIS INPUT 0] Loading input file: /home/23EC01052/Desktop/my_branch/LRF/data/hex_data/hex_img_108
[TB] Sending pair 125: new=frame125  old=frame109
[AXIS INPUT 0] Loading input file: /home/23EC01052/Desktop/my_branch/LRF/data/hex_data/hex_img_125
[AXIS INPUT 0] Loading input file: /home/23EC01052/Desktop/my_branch/LRF/data/hex_data/hex_img_109
[TB] Sending pair 126: new=frame126  old=frame110
[AXIS INPUT 0] Loading input file: /home/23EC01052/Desktop/my_branch/LRF/data/hex_data/hex_img_126
[AXIS INPUT 0] Loading input file: /home/23EC01052/Desktop/my_branch/LRF/data/hex_data/hex_img_110
[TB] Sending pair 127: new=frame127  old=frame111
[AXIS INPUT 0] Loading input file: /home/23EC01052/Desktop/my_branch/LRF/data/hex_data/hex_img_127
[AXIS INPUT 0] Loading input file: /home/23EC01052/Desktop/my_branch/LRF/data/hex_data/hex_img_111
[TB] Sending pair 128: new=frame128  old=frame112
[AXIS INPUT 0] Loading input file: /home/23EC01052/Desktop/my_branch/LRF/data/hex_data/hex_img_128
[AXIS INPUT 0] Loading input file: /home/23EC01052/Desktop/my_branch/LRF/data/hex_data/hex_img_112
[TB] Sending pair 129: new=frame129  old=frame113
[AXIS INPUT 0] Loading input file: /home/23EC01052/Desktop/my_branch/LRF/data/hex_data/hex_img_129
[AXIS INPUT 0] Loading input file: /home/23EC01052/Desktop/my_branch/LRF/data/hex_data/hex_img_113
[TB] Sending pair 130: new=frame130  old=frame114
[AXIS INPUT 0] Loading input file: /home/23EC01052/Desktop/my_branch/LRF/data/hex_data/hex_img_130
[AXIS INPUT 0] Loading input file: /home/23EC01052/Desktop/my_branch/LRF/data/hex_data/hex_img_114
[TB] Sending pair 131: new=frame131  old=frame115
[AXIS INPUT 0] Loading input file: /home/23EC01052/Desktop/my_branch/LRF/data/hex_data/hex_img_131
[AXIS INPUT 0] Loading input file: /home/23EC01052/Desktop/my_branch/LRF/data/hex_data/hex_img_115
[TB] Sending pair 132: new=frame132  old=frame116
[AXIS INPUT 0] Loading input file: /home/23EC01052/Desktop/my_branch/LRF/data/hex_data/hex_img_132
[AXIS INPUT 0] Loading input file: /home/23EC01052/Desktop/my_branch/LRF/data/hex_data/hex_img_116
[TB] Sending pair 133: new=frame133  old=frame117
[AXIS INPUT 0] Loading input file: /home/23EC01052/Desktop/my_branch/LRF/data/hex_data/hex_img_133
[AXIS INPUT 0] Loading input file: /home/23EC01052/Desktop/my_branch/LRF/data/hex_data/hex_img_117
[TB] Sending pair 134: new=frame134  old=frame118
[AXIS INPUT 0] Loading input file: /home/23EC01052/Desktop/my_branch/LRF/data/hex_data/hex_img_134
[AXIS INPUT 0] Loading input file: /home/23EC01052/Desktop/my_branch/LRF/data/hex_data/hex_img_118
[TB] Sending pair 135: new=frame135  old=frame119
[AXIS INPUT 0] Loading input file: /home/23EC01052/Desktop/my_branch/LRF/data/hex_data/hex_img_135
[AXIS INPUT 0] Loading input file: /home/23EC01052/Desktop/my_branch/LRF/data/hex_data/hex_img_119
[TB] Sending pair 136: new=frame136  old=frame120
[AXIS INPUT 0] Loading input file: /home/23EC01052/Desktop/my_branch/LRF/data/hex_data/hex_img_136
[AXIS INPUT 0] Loading input file: /home/23EC01052/Desktop/my_branch/LRF/data/hex_data/hex_img_120
[TB] Sending pair 137: new=frame137  old=frame121
[AXIS INPUT 0] Loading input file: /home/23EC01052/Desktop/my_branch/LRF/data/hex_data/hex_img_137
[AXIS INPUT 0] Loading input file: /home/23EC01052/Desktop/my_branch/LRF/data/hex_data/hex_img_121
[TB] Sending pair 138: new=frame138  old=frame122
[AXIS INPUT 0] Loading input file: /home/23EC01052/Desktop/my_branch/LRF/data/hex_data/hex_img_138
[AXIS INPUT 0] Loading input file: /home/23EC01052/Desktop/my_branch/LRF/data/hex_data/hex_img_122
[TB] Sending pair 139: new=frame139  old=frame123
[AXIS INPUT 0] Loading input file: /home/23EC01052/Desktop/my_branch/LRF/data/hex_data/hex_img_139
[AXIS INPUT 0] Loading input file: /home/23EC01052/Desktop/my_branch/LRF/data/hex_data/hex_img_123
[TB] Sending pair 140: new=frame140  old=frame124
[AXIS INPUT 0] Loading input file: /home/23EC01052/Desktop/my_branch/LRF/data/hex_data/hex_img_140
[AXIS INPUT 0] Loading input file: /home/23EC01052/Desktop/my_branch/LRF/data/hex_data/hex_img_124
[TB] Sending pair 141: new=frame141  old=frame125
[AXIS INPUT 0] Loading input file: /home/23EC01052/Desktop/my_branch/LRF/data/hex_data/hex_img_141
[AXIS INPUT 0] Loading input file: /home/23EC01052/Desktop/my_branch/LRF/data/hex_data/hex_img_125
[TB] Sending pair 142: new=frame142  old=frame126
[AXIS INPUT 0] Loading input file: /home/23EC01052/Desktop/my_branch/LRF/data/hex_data/hex_img_142
[AXIS INPUT 0] Loading input file: /home/23EC01052/Desktop/my_branch/LRF/data/hex_data/hex_img_126
[TB] Sending pair 143: new=frame143  old=frame127
[AXIS INPUT 0] Loading input file: /home/23EC01052/Desktop/my_branch/LRF/data/hex_data/hex_img_143
[AXIS INPUT 0] Loading input file: /home/23EC01052/Desktop/my_branch/LRF/data/hex_data/hex_img_127
[TB] Sending pair 144: new=frame144  old=frame128
[AXIS INPUT 0] Loading input file: /home/23EC01052/Desktop/my_branch/LRF/data/hex_data/hex_img_144
[AXIS INPUT 0] Loading input file: /home/23EC01052/Desktop/my_branch/LRF/data/hex_data/hex_img_128
[TB] Sending pair 145: new=frame145  old=frame129
[AXIS INPUT 0] Loading input file: /home/23EC01052/Desktop/my_branch/LRF/data/hex_data/hex_img_145
[AXIS INPUT 0] Loading input file: /home/23EC01052/Desktop/my_branch/LRF/data/hex_data/hex_img_129
[TB] Sending pair 146: new=frame146  old=frame130
[AXIS INPUT 0] Loading input file: /home/23EC01052/Desktop/my_branch/LRF/data/hex_data/hex_img_146
[AXIS INPUT 0] Loading input file: /home/23EC01052/Desktop/my_branch/LRF/data/hex_data/hex_img_130
[TB] Sending pair 147: new=frame147  old=frame131
[AXIS INPUT 0] Loading input file: /home/23EC01052/Desktop/my_branch/LRF/data/hex_data/hex_img_147
[AXIS INPUT 0] Loading input file: /home/23EC01052/Desktop/my_branch/LRF/data/hex_data/hex_img_131
[TB] Sending pair 148: new=frame148  old=frame132
[AXIS INPUT 0] Loading input file: /home/23EC01052/Desktop/my_branch/LRF/data/hex_data/hex_img_148
[AXIS INPUT 0] Loading input file: /home/23EC01052/Desktop/my_branch/LRF/data/hex_data/hex_img_132
[TB] Sending pair 149: new=frame149  old=frame133
[AXIS INPUT 0] Loading input file: /home/23EC01052/Desktop/my_branch/LRF/data/hex_data/hex_img_149
[AXIS INPUT 0] Loading input file: /home/23EC01052/Desktop/my_branch/LRF/data/hex_data/hex_img_133
[TB] Sending pair 150: new=frame150  old=frame134
[AXIS INPUT 0] Loading input file: /home/23EC01052/Desktop/my_branch/LRF/data/hex_data/hex_img_150
[AXIS INPUT 0] Loading input file: /home/23EC01052/Desktop/my_branch/LRF/data/hex_data/hex_img_134
[TB] Sending pair 151: new=frame151  old=frame135
[AXIS INPUT 0] Loading input file: /home/23EC01052/Desktop/my_branch/LRF/data/hex_data/hex_img_151
[AXIS INPUT 0] Loading input file: /home/23EC01052/Desktop/my_branch/LRF/data/hex_data/hex_img_135
[TB] Sending pair 152: new=frame152  old=frame136
[AXIS INPUT 0] Loading input file: /home/23EC01052/Desktop/my_branch/LRF/data/hex_data/hex_img_152
[AXIS INPUT 0] Loading input file: /home/23EC01052/Desktop/my_branch/LRF/data/hex_data/hex_img_136
[TB] Sending pair 153: new=frame153  old=frame137
[AXIS INPUT 0] Loading input file: /home/23EC01052/Desktop/my_branch/LRF/data/hex_data/hex_img_153
[AXIS INPUT 0] Loading input file: /home/23EC01052/Desktop/my_branch/LRF/data/hex_data/hex_img_137
[TB] Sending pair 154: new=frame154  old=frame138
[AXIS INPUT 0] Loading input file: /home/23EC01052/Desktop/my_branch/LRF/data/hex_data/hex_img_154
[AXIS INPUT 0] Loading input file: /home/23EC01052/Desktop/my_branch/LRF/data/hex_data/hex_img_138
[TB] Sending pair 155: new=frame155  old=frame139
[AXIS INPUT 0] Loading input file: /home/23EC01052/Desktop/my_branch/LRF/data/hex_data/hex_img_155
[AXIS INPUT 0] Loading input file: /home/23EC01052/Desktop/my_branch/LRF/data/hex_data/hex_img_139
[TB] Sending pair 156: new=frame156  old=frame140
[AXIS INPUT 0] Loading input file: /home/23EC01052/Desktop/my_branch/LRF/data/hex_data/hex_img_156
[AXIS INPUT 0] Loading input file: /home/23EC01052/Desktop/my_branch/LRF/data/hex_data/hex_img_140
[TB] Sending pair 157: new=frame157  old=frame141
[AXIS INPUT 0] Loading input file: /home/23EC01052/Desktop/my_branch/LRF/data/hex_data/hex_img_157
[AXIS INPUT 0] Loading input file: /home/23EC01052/Desktop/my_branch/LRF/data/hex_data/hex_img_141
[TB] Sending pair 158: new=frame158  old=frame142
[AXIS INPUT 0] Loading input file: /home/23EC01052/Desktop/my_branch/LRF/data/hex_data/hex_img_158
[AXIS INPUT 0] Loading input file: /home/23EC01052/Desktop/my_branch/LRF/data/hex_data/hex_img_142
[TB] Sending pair 159: new=frame159  old=frame143
[AXIS INPUT 0] Loading input file: /home/23EC01052/Desktop/my_branch/LRF/data/hex_data/hex_img_159
[AXIS INPUT 0] Loading input file: /home/23EC01052/Desktop/my_branch/LRF/data/hex_data/hex_img_143
[TB] Sending pair 160: new=frame160  old=frame144
[AXIS INPUT 0] Loading input file: /home/23EC01052/Desktop/my_branch/LRF/data/hex_data/hex_img_160
[AXIS INPUT 0] Loading input file: /home/23EC01052/Desktop/my_branch/LRF/data/hex_data/hex_img_144
[TB] Sending pair 161: new=frame161  old=frame145
[AXIS INPUT 0] Loading input file: /home/23EC01052/Desktop/my_branch/LRF/data/hex_data/hex_img_161
[AXIS INPUT 0] Loading input file: /home/23EC01052/Desktop/my_branch/LRF/data/hex_data/hex_img_145
[TB] Sending pair 162: new=frame162  old=frame146
[AXIS INPUT 0] Loading input file: /home/23EC01052/Desktop/my_branch/LRF/data/hex_data/hex_img_162
[AXIS INPUT 0] Loading input file: /home/23EC01052/Desktop/my_branch/LRF/data/hex_data/hex_img_146
[TB] Sending pair 163: new=frame163  old=frame147
[AXIS INPUT 0] Loading input file: /home/23EC01052/Desktop/my_branch/LRF/data/hex_data/hex_img_163
[AXIS INPUT 0] Loading input file: /home/23EC01052/Desktop/my_branch/LRF/data/hex_data/hex_img_147
[TB] Sending pair 164: new=frame164  old=frame148
[AXIS INPUT 0] Loading input file: /home/23EC01052/Desktop/my_branch/LRF/data/hex_data/hex_img_164
[AXIS INPUT 0] Loading input file: /home/23EC01052/Desktop/my_branch/LRF/data/hex_data/hex_img_148
[TB] Sending pair 165: new=frame165  old=frame149
[AXIS INPUT 0] Loading input file: /home/23EC01052/Desktop/my_branch/LRF/data/hex_data/hex_img_165
[AXIS INPUT 0] Loading input file: /home/23EC01052/Desktop/my_branch/LRF/data/hex_data/hex_img_149
[TB] Sending pair 166: new=frame166  old=frame150
[AXIS INPUT 0] Loading input file: /home/23EC01052/Desktop/my_branch/LRF/data/hex_data/hex_img_166
[AXIS INPUT 0] Loading input file: /home/23EC01052/Desktop/my_branch/LRF/data/hex_data/hex_img_150
[TB] Sending pair 167: new=frame167  old=frame151
[AXIS INPUT 0] Loading input file: /home/23EC01052/Desktop/my_branch/LRF/data/hex_data/hex_img_167
[AXIS INPUT 0] Loading input file: /home/23EC01052/Desktop/my_branch/LRF/data/hex_data/hex_img_151
[TB] Sending pair 168: new=frame168  old=frame152
[AXIS INPUT 0] Loading input file: /home/23EC01052/Desktop/my_branch/LRF/data/hex_data/hex_img_168
[AXIS INPUT 0] Loading input file: /home/23EC01052/Desktop/my_branch/LRF/data/hex_data/hex_img_152
[TB] Sending pair 169: new=frame169  old=frame153
[AXIS INPUT 0] Loading input file: /home/23EC01052/Desktop/my_branch/LRF/data/hex_data/hex_img_169
[AXIS INPUT 0] Loading input file: /home/23EC01052/Desktop/my_branch/LRF/data/hex_data/hex_img_153
[TB] Sending pair 170: new=frame170  old=frame154
[AXIS INPUT 0] Loading input file: /home/23EC01052/Desktop/my_branch/LRF/data/hex_data/hex_img_170
[AXIS INPUT 0] Loading input file: /home/23EC01052/Desktop/my_branch/LRF/data/hex_data/hex_img_154
[TB] Sending pair 171: new=frame171  old=frame155
[AXIS INPUT 0] Loading input file: /home/23EC01052/Desktop/my_branch/LRF/data/hex_data/hex_img_171
[AXIS INPUT 0] Loading input file: /home/23EC01052/Desktop/my_branch/LRF/data/hex_data/hex_img_155
[TB] Sending pair 172: new=frame172  old=frame156
[AXIS INPUT 0] Loading input file: /home/23EC01052/Desktop/my_branch/LRF/data/hex_data/hex_img_172
[AXIS INPUT 0] Loading input file: /home/23EC01052/Desktop/my_branch/LRF/data/hex_data/hex_img_156
[TB] Sending pair 173: new=frame173  old=frame157
[AXIS INPUT 0] Loading input file: /home/23EC01052/Desktop/my_branch/LRF/data/hex_data/hex_img_173
[AXIS INPUT 0] Loading input file: /home/23EC01052/Desktop/my_branch/LRF/data/hex_data/hex_img_157
[TB] Sending pair 174: new=frame174  old=frame158
[AXIS INPUT 0] Loading input file: /home/23EC01052/Desktop/my_branch/LRF/data/hex_data/hex_img_174
[AXIS INPUT 0] Loading input file: /home/23EC01052/Desktop/my_branch/LRF/data/hex_data/hex_img_158
[TB] Sending pair 175: new=frame175  old=frame159
[AXIS INPUT 0] Loading input file: /home/23EC01052/Desktop/my_branch/LRF/data/hex_data/hex_img_175
[AXIS INPUT 0] Loading input file: /home/23EC01052/Desktop/my_branch/LRF/data/hex_data/hex_img_159
[TB] Sending pair 176: new=frame176  old=frame160
[AXIS INPUT 0] Loading input file: /home/23EC01052/Desktop/my_branch/LRF/data/hex_data/hex_img_176
[AXIS INPUT 0] Loading input file: /home/23EC01052/Desktop/my_branch/LRF/data/hex_data/hex_img_160
[TB] Sending pair 177: new=frame177  old=frame161
[AXIS INPUT 0] Loading input file: /home/23EC01052/Desktop/my_branch/LRF/data/hex_data/hex_img_177
[AXIS INPUT 0] Loading input file: /home/23EC01052/Desktop/my_branch/LRF/data/hex_data/hex_img_161
[TB] Sending pair 178: new=frame178  old=frame162
[AXIS INPUT 0] Loading input file: /home/23EC01052/Desktop/my_branch/LRF/data/hex_data/hex_img_178
[AXIS INPUT 0] Loading input file: /home/23EC01052/Desktop/my_branch/LRF/data/hex_data/hex_img_162
[TB] Sending pair 179: new=frame179  old=frame163
[AXIS INPUT 0] Loading input file: /home/23EC01052/Desktop/my_branch/LRF/data/hex_data/hex_img_179
[AXIS INPUT 0] Loading input file: /home/23EC01052/Desktop/my_branch/LRF/data/hex_data/hex_img_163
[TB] Sending pair 180: new=frame180  old=frame164
[AXIS INPUT 0] Loading input file: /home/23EC01052/Desktop/my_branch/LRF/data/hex_data/hex_img_180
[AXIS INPUT 0] Loading input file: /home/23EC01052/Desktop/my_branch/LRF/data/hex_data/hex_img_164
[TB] Sending pair 181: new=frame181  old=frame165
[AXIS INPUT 0] Loading input file: /home/23EC01052/Desktop/my_branch/LRF/data/hex_data/hex_img_181
[AXIS INPUT 0] Loading input file: /home/23EC01052/Desktop/my_branch/LRF/data/hex_data/hex_img_165
[TB] Sending pair 182: new=frame182  old=frame166
[AXIS INPUT 0] Loading input file: /home/23EC01052/Desktop/my_branch/LRF/data/hex_data/hex_img_182
[AXIS INPUT 0] Loading input file: /home/23EC01052/Desktop/my_branch/LRF/data/hex_data/hex_img_166
[TB] Sending pair 183: new=frame183  old=frame167
[AXIS INPUT 0] Loading input file: /home/23EC01052/Desktop/my_branch/LRF/data/hex_data/hex_img_183
[AXIS INPUT 0] Loading input file: /home/23EC01052/Desktop/my_branch/LRF/data/hex_data/hex_img_167
[TB] Sending pair 184: new=frame184  old=frame168
[AXIS INPUT 0] Loading input file: /home/23EC01052/Desktop/my_branch/LRF/data/hex_data/hex_img_184
[AXIS INPUT 0] Loading input file: /home/23EC01052/Desktop/my_branch/LRF/data/hex_data/hex_img_168
[TB] Sending pair 185: new=frame185  old=frame169
[AXIS INPUT 0] Loading input file: /home/23EC01052/Desktop/my_branch/LRF/data/hex_data/hex_img_185
[AXIS INPUT 0] Loading input file: /home/23EC01052/Desktop/my_branch/LRF/data/hex_data/hex_img_169
[TB] Sending pair 186: new=frame186  old=frame170
[AXIS INPUT 0] Loading input file: /home/23EC01052/Desktop/my_branch/LRF/data/hex_data/hex_img_186
[AXIS INPUT 0] Loading input file: /home/23EC01052/Desktop/my_branch/LRF/data/hex_data/hex_img_170
[TB] Sending pair 187: new=frame187  old=frame171
[AXIS INPUT 0] Loading input file: /home/23EC01052/Desktop/my_branch/LRF/data/hex_data/hex_img_187
[AXIS INPUT 0] Loading input file: /home/23EC01052/Desktop/my_branch/LRF/data/hex_data/hex_img_171
[TB] Sending pair 188: new=frame188  old=frame172
[AXIS INPUT 0] Loading input file: /home/23EC01052/Desktop/my_branch/LRF/data/hex_data/hex_img_188
[AXIS INPUT 0] Loading input file: /home/23EC01052/Desktop/my_branch/LRF/data/hex_data/hex_img_172
[TB] Sending pair 189: new=frame189  old=frame173
[AXIS INPUT 0] Loading input file: /home/23EC01052/Desktop/my_branch/LRF/data/hex_data/hex_img_189
[AXIS INPUT 0] Loading input file: /home/23EC01052/Desktop/my_branch/LRF/data/hex_data/hex_img_173
[TB] Sending pair 190: new=frame190  old=frame174
[AXIS INPUT 0] Loading input file: /home/23EC01052/Desktop/my_branch/LRF/data/hex_data/hex_img_190
[AXIS INPUT 0] Loading input file: /home/23EC01052/Desktop/my_branch/LRF/data/hex_data/hex_img_174
[TB] Sending pair 191: new=frame191  old=frame175
[AXIS INPUT 0] Loading input file: /home/23EC01052/Desktop/my_branch/LRF/data/hex_data/hex_img_191
[AXIS INPUT 0] Loading input file: /home/23EC01052/Desktop/my_branch/LRF/data/hex_data/hex_img_175
[TB] Sending pair 192: new=frame192  old=frame176
[AXIS INPUT 0] Loading input file: /home/23EC01052/Desktop/my_branch/LRF/data/hex_data/hex_img_192
[AXIS INPUT 0] Loading input file: /home/23EC01052/Desktop/my_branch/LRF/data/hex_data/hex_img_176
[TB] Sending pair 193: new=frame193  old=frame177
[AXIS INPUT 0] Loading input file: /home/23EC01052/Desktop/my_branch/LRF/data/hex_data/hex_img_193
[AXIS INPUT 0] Loading input file: /home/23EC01052/Desktop/my_branch/LRF/data/hex_data/hex_img_177
[TB] Sending pair 194: new=frame194  old=frame178
[AXIS INPUT 0] Loading input file: /home/23EC01052/Desktop/my_branch/LRF/data/hex_data/hex_img_194
[AXIS INPUT 0] Loading input file: /home/23EC01052/Desktop/my_branch/LRF/data/hex_data/hex_img_178
[TB] Sending pair 195: new=frame195  old=frame179
[AXIS INPUT 0] Loading input file: /home/23EC01052/Desktop/my_branch/LRF/data/hex_data/hex_img_195
[AXIS INPUT 0] Loading input file: /home/23EC01052/Desktop/my_branch/LRF/data/hex_data/hex_img_179
[TB] Sending pair 196: new=frame196  old=frame180
[AXIS INPUT 0] Loading input file: /home/23EC01052/Desktop/my_branch/LRF/data/hex_data/hex_img_196
[AXIS INPUT 0] Loading input file: /home/23EC01052/Desktop/my_branch/LRF/data/hex_data/hex_img_180
[TB] Sending pair 197: new=frame197  old=frame181
[AXIS INPUT 0] Loading input file: /home/23EC01052/Desktop/my_branch/LRF/data/hex_data/hex_img_197
[AXIS INPUT 0] Loading input file: /home/23EC01052/Desktop/my_branch/LRF/data/hex_data/hex_img_181
[TB] Sending pair 198: new=frame198  old=frame182
[AXIS INPUT 0] Loading input file: /home/23EC01052/Desktop/my_branch/LRF/data/hex_data/hex_img_198
[AXIS INPUT 0] Loading input file: /home/23EC01052/Desktop/my_branch/LRF/data/hex_data/hex_img_182
[TB] Sending pair 199: new=frame199  old=frame183
[AXIS INPUT 0] Loading input file: /home/23EC01052/Desktop/my_branch/LRF/data/hex_data/hex_img_199
[AXIS INPUT 0] Loading input file: /home/23EC01052/Desktop/my_branch/LRF/data/hex_data/hex_img_183
[TB] Sending pair 200: new=frame200  old=frame184
[AXIS INPUT 0] Loading input file: /home/23EC01052/Desktop/my_branch/LRF/data/hex_data/hex_img_200
[AXIS INPUT 0] Loading input file: /home/23EC01052/Desktop/my_branch/LRF/data/hex_data/hex_img_184
[TB] Sending pair 201: new=frame201  old=frame185
[AXIS INPUT 0] Loading input file: /home/23EC01052/Desktop/my_branch/LRF/data/hex_data/hex_img_201
[AXIS INPUT 0] Loading input file: /home/23EC01052/Desktop/my_branch/LRF/data/hex_data/hex_img_185
[TB] Sending pair 202: new=frame202  old=frame186
[AXIS INPUT 0] Loading input file: /home/23EC01052/Desktop/my_branch/LRF/data/hex_data/hex_img_202
[AXIS INPUT 0] Loading input file: /home/23EC01052/Desktop/my_branch/LRF/data/hex_data/hex_img_186
[TB] Sending pair 203: new=frame203  old=frame187
[AXIS INPUT 0] Loading input file: /home/23EC01052/Desktop/my_branch/LRF/data/hex_data/hex_img_203
[AXIS INPUT 0] Loading input file: /home/23EC01052/Desktop/my_branch/LRF/data/hex_data/hex_img_187
[TB] Sending pair 204: new=frame204  old=frame188
[AXIS INPUT 0] Loading input file: /home/23EC01052/Desktop/my_branch/LRF/data/hex_data/hex_img_204
[AXIS INPUT 0] Loading input file: /home/23EC01052/Desktop/my_branch/LRF/data/hex_data/hex_img_188
[TB] Sending pair 205: new=frame205  old=frame189
[AXIS INPUT 0] Loading input file: /home/23EC01052/Desktop/my_branch/LRF/data/hex_data/hex_img_205
[AXIS INPUT 0] Loading input file: /home/23EC01052/Desktop/my_branch/LRF/data/hex_data/hex_img_189
[TB] Sending pair 206: new=frame206  old=frame190
[AXIS INPUT 0] Loading input file: /home/23EC01052/Desktop/my_branch/LRF/data/hex_data/hex_img_206
[AXIS INPUT 0] Loading input file: /home/23EC01052/Desktop/my_branch/LRF/data/hex_data/hex_img_190
[TB] Sending pair 207: new=frame207  old=frame191
[AXIS INPUT 0] Loading input file: /home/23EC01052/Desktop/my_branch/LRF/data/hex_data/hex_img_207
[AXIS INPUT 0] Loading input file: /home/23EC01052/Desktop/my_branch/LRF/data/hex_data/hex_img_191
[TB] Sending pair 208: new=frame208  old=frame192
[AXIS INPUT 0] Loading input file: /home/23EC01052/Desktop/my_branch/LRF/data/hex_data/hex_img_208
[AXIS INPUT 0] Loading input file: /home/23EC01052/Desktop/my_branch/LRF/data/hex_data/hex_img_192
[TB] Sending pair 209: new=frame209  old=frame193
[AXIS INPUT 0] Loading input file: /home/23EC01052/Desktop/my_branch/LRF/data/hex_data/hex_img_209
[AXIS INPUT 0] Loading input file: /home/23EC01052/Desktop/my_branch/LRF/data/hex_data/hex_img_193
[TB] Sending pair 210: new=frame210  old=frame194
[AXIS INPUT 0] Loading input file: /home/23EC01052/Desktop/my_branch/LRF/data/hex_data/hex_img_210
[AXIS INPUT 0] Loading input file: /home/23EC01052/Desktop/my_branch/LRF/data/hex_data/hex_img_194
[TB] Sending pair 211: new=frame211  old=frame195
[AXIS INPUT 0] Loading input file: /home/23EC01052/Desktop/my_branch/LRF/data/hex_data/hex_img_211
[AXIS INPUT 0] Loading input file: /home/23EC01052/Desktop/my_branch/LRF/data/hex_data/hex_img_195
[TB] Sending pair 212: new=frame212  old=frame196
[AXIS INPUT 0] Loading input file: /home/23EC01052/Desktop/my_branch/LRF/data/hex_data/hex_img_212
[AXIS INPUT 0] Loading input file: /home/23EC01052/Desktop/my_branch/LRF/data/hex_data/hex_img_196
[TB] Sending pair 213: new=frame213  old=frame197
[AXIS INPUT 0] Loading input file: /home/23EC01052/Desktop/my_branch/LRF/data/hex_data/hex_img_213
[AXIS INPUT 0] Loading input file: /home/23EC01052/Desktop/my_branch/LRF/data/hex_data/hex_img_197
[TB] Sending pair 214: new=frame214  old=frame198
[AXIS INPUT 0] Loading input file: /home/23EC01052/Desktop/my_branch/LRF/data/hex_data/hex_img_214
[AXIS INPUT 0] Loading input file: /home/23EC01052/Desktop/my_branch/LRF/data/hex_data/hex_img_198
[TB] Sending pair 215: new=frame215  old=frame199
[AXIS INPUT 0] Loading input file: /home/23EC01052/Desktop/my_branch/LRF/data/hex_data/hex_img_215
[AXIS INPUT 0] Loading input file: /home/23EC01052/Desktop/my_branch/LRF/data/hex_data/hex_img_199
[TB] Sending pair 216: new=frame216  old=frame200
[AXIS INPUT 0] Loading input file: /home/23EC01052/Desktop/my_branch/LRF/data/hex_data/hex_img_216
[AXIS INPUT 0] Loading input file: /home/23EC01052/Desktop/my_branch/LRF/data/hex_data/hex_img_200
[TB] Sending pair 217: new=frame217  old=frame201
[AXIS INPUT 0] Loading input file: /home/23EC01052/Desktop/my_branch/LRF/data/hex_data/hex_img_217
[AXIS INPUT 0] Loading input file: /home/23EC01052/Desktop/my_branch/LRF/data/hex_data/hex_img_201
[TB] Sending pair 218: new=frame218  old=frame202
[AXIS INPUT 0] Loading input file: /home/23EC01052/Desktop/my_branch/LRF/data/hex_data/hex_img_218
[AXIS INPUT 0] Loading input file: /home/23EC01052/Desktop/my_branch/LRF/data/hex_data/hex_img_202
[TB] Sending pair 219: new=frame219  old=frame203
[AXIS INPUT 0] Loading input file: /home/23EC01052/Desktop/my_branch/LRF/data/hex_data/hex_img_219
[AXIS INPUT 0] Loading input file: /home/23EC01052/Desktop/my_branch/LRF/data/hex_data/hex_img_203
[TB] Sending pair 220: new=frame220  old=frame204
[AXIS INPUT 0] Loading input file: /home/23EC01052/Desktop/my_branch/LRF/data/hex_data/hex_img_220
[AXIS INPUT 0] Loading input file: /home/23EC01052/Desktop/my_branch/LRF/data/hex_data/hex_img_204
[TB] Sending pair 221: new=frame221  old=frame205
[AXIS INPUT 0] Loading input file: /home/23EC01052/Desktop/my_branch/LRF/data/hex_data/hex_img_221
[AXIS INPUT 0] Loading input file: /home/23EC01052/Desktop/my_branch/LRF/data/hex_data/hex_img_205
[TB] Sending pair 222: new=frame222  old=frame206
[AXIS INPUT 0] Loading input file: /home/23EC01052/Desktop/my_branch/LRF/data/hex_data/hex_img_222
[AXIS INPUT 0] Loading input file: /home/23EC01052/Desktop/my_branch/LRF/data/hex_data/hex_img_206
[TB] Sending pair 223: new=frame223  old=frame207
[AXIS INPUT 0] Loading input file: /home/23EC01052/Desktop/my_branch/LRF/data/hex_data/hex_img_223
[AXIS INPUT 0] Loading input file: /home/23EC01052/Desktop/my_branch/LRF/data/hex_data/hex_img_207
[TB] Sending pair 224: new=frame224  old=frame208
[AXIS INPUT 0] Loading input file: /home/23EC01052/Desktop/my_branch/LRF/data/hex_data/hex_img_224
[AXIS INPUT 0] Loading input file: /home/23EC01052/Desktop/my_branch/LRF/data/hex_data/hex_img_208
[TB] Sending pair 225: new=frame225  old=frame209
[AXIS INPUT 0] Loading input file: /home/23EC01052/Desktop/my_branch/LRF/data/hex_data/hex_img_225
[AXIS INPUT 0] Loading input file: /home/23EC01052/Desktop/my_branch/LRF/data/hex_data/hex_img_209
[TB] Sending pair 226: new=frame226  old=frame210
[AXIS INPUT 0] Loading input file: /home/23EC01052/Desktop/my_branch/LRF/data/hex_data/hex_img_226
[AXIS INPUT 0] Loading input file: /home/23EC01052/Desktop/my_branch/LRF/data/hex_data/hex_img_210
[TB] Sending pair 227: new=frame227  old=frame211
[AXIS INPUT 0] Loading input file: /home/23EC01052/Desktop/my_branch/LRF/data/hex_data/hex_img_227
[AXIS INPUT 0] Loading input file: /home/23EC01052/Desktop/my_branch/LRF/data/hex_data/hex_img_211
[TB] Sending pair 228: new=frame228  old=frame212
[AXIS INPUT 0] Loading input file: /home/23EC01052/Desktop/my_branch/LRF/data/hex_data/hex_img_228
[AXIS INPUT 0] Loading input file: /home/23EC01052/Desktop/my_branch/LRF/data/hex_data/hex_img_212
[TB] Sending pair 229: new=frame229  old=frame213
[AXIS INPUT 0] Loading input file: /home/23EC01052/Desktop/my_branch/LRF/data/hex_data/hex_img_229
[AXIS INPUT 0] Loading input file: /home/23EC01052/Desktop/my_branch/LRF/data/hex_data/hex_img_213
[TB] Sending pair 230: new=frame230  old=frame214
[AXIS INPUT 0] Loading input file: /home/23EC01052/Desktop/my_branch/LRF/data/hex_data/hex_img_230
[AXIS INPUT 0] Loading input file: /home/23EC01052/Desktop/my_branch/LRF/data/hex_data/hex_img_214
[TB] Sending pair 231: new=frame231  old=frame215
[AXIS INPUT 0] Loading input file: /home/23EC01052/Desktop/my_branch/LRF/data/hex_data/hex_img_231
[AXIS INPUT 0] Loading input file: /home/23EC01052/Desktop/my_branch/LRF/data/hex_data/hex_img_215
[TB] Sending pair 232: new=frame232  old=frame216
[AXIS INPUT 0] Loading input file: /home/23EC01052/Desktop/my_branch/LRF/data/hex_data/hex_img_232
[AXIS INPUT 0] Loading input file: /home/23EC01052/Desktop/my_branch/LRF/data/hex_data/hex_img_216
[TB] Sending pair 233: new=frame233  old=frame217
[AXIS INPUT 0] Loading input file: /home/23EC01052/Desktop/my_branch/LRF/data/hex_data/hex_img_233
[AXIS INPUT 0] Loading input file: /home/23EC01052/Desktop/my_branch/LRF/data/hex_data/hex_img_217
[TB] Sending pair 234: new=frame234  old=frame218
[AXIS INPUT 0] Loading input file: /home/23EC01052/Desktop/my_branch/LRF/data/hex_data/hex_img_234
[AXIS INPUT 0] Loading input file: /home/23EC01052/Desktop/my_branch/LRF/data/hex_data/hex_img_218
[TB] Sending pair 235: new=frame235  old=frame219
[AXIS INPUT 0] Loading input file: /home/23EC01052/Desktop/my_branch/LRF/data/hex_data/hex_img_235
[AXIS INPUT 0] Loading input file: /home/23EC01052/Desktop/my_branch/LRF/data/hex_data/hex_img_219
[TB] Sending pair 236: new=frame236  old=frame220
[AXIS INPUT 0] Loading input file: /home/23EC01052/Desktop/my_branch/LRF/data/hex_data/hex_img_236
[AXIS INPUT 0] Loading input file: /home/23EC01052/Desktop/my_branch/LRF/data/hex_data/hex_img_220
[TB] Sending pair 237: new=frame237  old=frame221
[AXIS INPUT 0] Loading input file: /home/23EC01052/Desktop/my_branch/LRF/data/hex_data/hex_img_237
[AXIS INPUT 0] Loading input file: /home/23EC01052/Desktop/my_branch/LRF/data/hex_data/hex_img_221
[TB] Sending pair 238: new=frame238  old=frame222
[AXIS INPUT 0] Loading input file: /home/23EC01052/Desktop/my_branch/LRF/data/hex_data/hex_img_238
[AXIS INPUT 0] Loading input file: /home/23EC01052/Desktop/my_branch/LRF/data/hex_data/hex_img_222
[TB] Sending pair 239: new=frame239  old=frame223
[AXIS INPUT 0] Loading input file: /home/23EC01052/Desktop/my_branch/LRF/data/hex_data/hex_img_239
[AXIS INPUT 0] Loading input file: /home/23EC01052/Desktop/my_branch/LRF/data/hex_data/hex_img_223
[TB] Sending pair 240: new=frame240  old=frame224
[AXIS INPUT 0] Loading input file: /home/23EC01052/Desktop/my_branch/LRF/data/hex_data/hex_img_240
[AXIS INPUT 0] Loading input file: /home/23EC01052/Desktop/my_branch/LRF/data/hex_data/hex_img_224
[TB] Sending pair 241: new=frame241  old=frame225
[AXIS INPUT 0] Loading input file: /home/23EC01052/Desktop/my_branch/LRF/data/hex_data/hex_img_241
[AXIS INPUT 0] Loading input file: /home/23EC01052/Desktop/my_branch/LRF/data/hex_data/hex_img_225
[TB] Sending pair 242: new=frame242  old=frame226
[AXIS INPUT 0] Loading input file: /home/23EC01052/Desktop/my_branch/LRF/data/hex_data/hex_img_242
[AXIS INPUT 0] Loading input file: /home/23EC01052/Desktop/my_branch/LRF/data/hex_data/hex_img_226
[TB] Sending pair 243: new=frame243  old=frame227
[AXIS INPUT 0] Loading input file: /home/23EC01052/Desktop/my_branch/LRF/data/hex_data/hex_img_243
[AXIS INPUT 0] Loading input file: /home/23EC01052/Desktop/my_branch/LRF/data/hex_data/hex_img_227
[TB] Sending pair 244: new=frame244  old=frame228
[AXIS INPUT 0] Loading input file: /home/23EC01052/Desktop/my_branch/LRF/data/hex_data/hex_img_244
[AXIS INPUT 0] Loading input file: /home/23EC01052/Desktop/my_branch/LRF/data/hex_data/hex_img_228
[TB] Sending pair 245: new=frame245  old=frame229
[AXIS INPUT 0] Loading input file: /home/23EC01052/Desktop/my_branch/LRF/data/hex_data/hex_img_245
[AXIS INPUT 0] Loading input file: /home/23EC01052/Desktop/my_branch/LRF/data/hex_data/hex_img_229
[TB] Sending pair 246: new=frame246  old=frame230
[AXIS INPUT 0] Loading input file: /home/23EC01052/Desktop/my_branch/LRF/data/hex_data/hex_img_246
[AXIS INPUT 0] Loading input file: /home/23EC01052/Desktop/my_branch/LRF/data/hex_data/hex_img_230
[TB] Sending pair 247: new=frame247  old=frame231
[AXIS INPUT 0] Loading input file: /home/23EC01052/Desktop/my_branch/LRF/data/hex_data/hex_img_247
[AXIS INPUT 0] Loading input file: /home/23EC01052/Desktop/my_branch/LRF/data/hex_data/hex_img_231
[TB] Sending pair 248: new=frame248  old=frame232
[AXIS INPUT 0] Loading input file: /home/23EC01052/Desktop/my_branch/LRF/data/hex_data/hex_img_248
[AXIS INPUT 0] Loading input file: /home/23EC01052/Desktop/my_branch/LRF/data/hex_data/hex_img_232
[TB] Sending pair 249: new=frame249  old=frame233
[AXIS INPUT 0] Loading input file: /home/23EC01052/Desktop/my_branch/LRF/data/hex_data/hex_img_249
[AXIS INPUT 0] Loading input file: /home/23EC01052/Desktop/my_branch/LRF/data/hex_data/hex_img_233
[TB] Sending pair 250: new=frame250  old=frame234
[AXIS INPUT 0] Loading input file: /home/23EC01052/Desktop/my_branch/LRF/data/hex_data/hex_img_250
[AXIS INPUT 0] Loading input file: /home/23EC01052/Desktop/my_branch/LRF/data/hex_data/hex_img_234
[TB] Sending pair 251: new=frame251  old=frame235
[AXIS INPUT 0] Loading input file: /home/23EC01052/Desktop/my_branch/LRF/data/hex_data/hex_img_251
[AXIS INPUT 0] Loading input file: /home/23EC01052/Desktop/my_branch/LRF/data/hex_data/hex_img_235
[TB] Sending pair 252: new=frame252  old=frame236
[AXIS INPUT 0] Loading input file: /home/23EC01052/Desktop/my_branch/LRF/data/hex_data/hex_img_252
[AXIS INPUT 0] Loading input file: /home/23EC01052/Desktop/my_branch/LRF/data/hex_data/hex_img_236
[TB] Sending pair 253: new=frame253  old=frame237
[AXIS INPUT 0] Loading input file: /home/23EC01052/Desktop/my_branch/LRF/data/hex_data/hex_img_253
[AXIS INPUT 0] Loading input file: /home/23EC01052/Desktop/my_branch/LRF/data/hex_data/hex_img_237
[TB] Sending pair 254: new=frame254  old=frame238
[AXIS INPUT 0] Loading input file: /home/23EC01052/Desktop/my_branch/LRF/data/hex_data/hex_img_254
[AXIS INPUT 0] Loading input file: /home/23EC01052/Desktop/my_branch/LRF/data/hex_data/hex_img_238
[TB] Sending pair 255: new=frame255  old=frame239
[AXIS INPUT 0] Loading input file: /home/23EC01052/Desktop/my_branch/LRF/data/hex_data/hex_img_255
[AXIS INPUT 0] Loading input file: /home/23EC01052/Desktop/my_branch/LRF/data/hex_data/hex_img_239
[TB] Sending pair 256: new=frame256  old=frame240
[AXIS INPUT 0] Loading input file: /home/23EC01052/Desktop/my_branch/LRF/data/hex_data/hex_img_256
[AXIS INPUT 0] Loading input file: /home/23EC01052/Desktop/my_branch/LRF/data/hex_data/hex_img_240
[TB] Sending pair 257: new=frame257  old=frame241
[AXIS INPUT 0] Loading input file: /home/23EC01052/Desktop/my_branch/LRF/data/hex_data/hex_img_257
[AXIS INPUT 0] Loading input file: /home/23EC01052/Desktop/my_branch/LRF/data/hex_data/hex_img_241
[TB] Sending pair 258: new=frame258  old=frame242
[AXIS INPUT 0] Loading input file: /home/23EC01052/Desktop/my_branch/LRF/data/hex_data/hex_img_258
[AXIS INPUT 0] Loading input file: /home/23EC01052/Desktop/my_branch/LRF/data/hex_data/hex_img_242
[TB] Sending pair 259: new=frame259  old=frame243
[AXIS INPUT 0] Loading input file: /home/23EC01052/Desktop/my_branch/LRF/data/hex_data/hex_img_259
[AXIS INPUT 0] Loading input file: /home/23EC01052/Desktop/my_branch/LRF/data/hex_data/hex_img_243
[TB] Sending pair 260: new=frame260  old=frame244
[AXIS INPUT 0] Loading input file: /home/23EC01052/Desktop/my_branch/LRF/data/hex_data/hex_img_260
[AXIS INPUT 0] Loading input file: /home/23EC01052/Desktop/my_branch/LRF/data/hex_data/hex_img_244
[TB] Sending pair 261: new=frame261  old=frame245
[AXIS INPUT 0] Loading input file: /home/23EC01052/Desktop/my_branch/LRF/data/hex_data/hex_img_261
[AXIS INPUT 0] Loading input file: /home/23EC01052/Desktop/my_branch/LRF/data/hex_data/hex_img_245
[TB] Sending pair 262: new=frame262  old=frame246
[AXIS INPUT 0] Loading input file: /home/23EC01052/Desktop/my_branch/LRF/data/hex_data/hex_img_262
[AXIS INPUT 0] Loading input file: /home/23EC01052/Desktop/my_branch/LRF/data/hex_data/hex_img_246
[TB] Sending pair 263: new=frame263  old=frame247
[AXIS INPUT 0] Loading input file: /home/23EC01052/Desktop/my_branch/LRF/data/hex_data/hex_img_263
[AXIS INPUT 0] Loading input file: /home/23EC01052/Desktop/my_branch/LRF/data/hex_data/hex_img_247
[TB] Sending pair 264: new=frame264  old=frame248
[AXIS INPUT 0] Loading input file: /home/23EC01052/Desktop/my_branch/LRF/data/hex_data/hex_img_264
[AXIS INPUT 0] Loading input file: /home/23EC01052/Desktop/my_branch/LRF/data/hex_data/hex_img_248
[TB] Sending pair 265: new=frame265  old=frame249
[AXIS INPUT 0] Loading input file: /home/23EC01052/Desktop/my_branch/LRF/data/hex_data/hex_img_265
[AXIS INPUT 0] Loading input file: /home/23EC01052/Desktop/my_branch/LRF/data/hex_data/hex_img_249
[TB] Sending pair 266: new=frame266  old=frame250
[AXIS INPUT 0] Loading input file: /home/23EC01052/Desktop/my_branch/LRF/data/hex_data/hex_img_266
[AXIS INPUT 0] Loading input file: /home/23EC01052/Desktop/my_branch/LRF/data/hex_data/hex_img_250
[TB] Sending pair 267: new=frame267  old=frame251
[AXIS INPUT 0] Loading input file: /home/23EC01052/Desktop/my_branch/LRF/data/hex_data/hex_img_267
[AXIS INPUT 0] Loading input file: /home/23EC01052/Desktop/my_branch/LRF/data/hex_data/hex_img_251
[TB] Sending pair 268: new=frame268  old=frame252
[AXIS INPUT 0] Loading input file: /home/23EC01052/Desktop/my_branch/LRF/data/hex_data/hex_img_268
[AXIS INPUT 0] Loading input file: /home/23EC01052/Desktop/my_branch/LRF/data/hex_data/hex_img_252
[TB] Sending pair 269: new=frame269  old=frame253
[AXIS INPUT 0] Loading input file: /home/23EC01052/Desktop/my_branch/LRF/data/hex_data/hex_img_269
[AXIS INPUT 0] Loading input file: /home/23EC01052/Desktop/my_branch/LRF/data/hex_data/hex_img_253
[TB] Sending pair 270: new=frame270  old=frame254
[AXIS INPUT 0] Loading input file: /home/23EC01052/Desktop/my_branch/LRF/data/hex_data/hex_img_270
[AXIS INPUT 0] Loading input file: /home/23EC01052/Desktop/my_branch/LRF/data/hex_data/hex_img_254
[TB] Sending pair 271: new=frame271  old=frame255
[AXIS INPUT 0] Loading input file: /home/23EC01052/Desktop/my_branch/LRF/data/hex_data/hex_img_271
[AXIS INPUT 0] Loading input file: /home/23EC01052/Desktop/my_branch/LRF/data/hex_data/hex_img_255
[TB] Sending pair 272: new=frame272  old=frame256
[AXIS INPUT 0] Loading input file: /home/23EC01052/Desktop/my_branch/LRF/data/hex_data/hex_img_272
[AXIS INPUT 0] Loading input file: /home/23EC01052/Desktop/my_branch/LRF/data/hex_data/hex_img_256
[TB] Sending pair 273: new=frame273  old=frame257
[AXIS INPUT 0] Loading input file: /home/23EC01052/Desktop/my_branch/LRF/data/hex_data/hex_img_273
[AXIS INPUT 0] Loading input file: /home/23EC01052/Desktop/my_branch/LRF/data/hex_data/hex_img_257
[TB] Sending pair 274: new=frame274  old=frame258
[AXIS INPUT 0] Loading input file: /home/23EC01052/Desktop/my_branch/LRF/data/hex_data/hex_img_274
[AXIS INPUT 0] Loading input file: /home/23EC01052/Desktop/my_branch/LRF/data/hex_data/hex_img_258
[TB] Sending pair 275: new=frame275  old=frame259
[AXIS INPUT 0] Loading input file: /home/23EC01052/Desktop/my_branch/LRF/data/hex_data/hex_img_275
[AXIS INPUT 0] Loading input file: /home/23EC01052/Desktop/my_branch/LRF/data/hex_data/hex_img_259
[TB] Sending pair 276: new=frame276  old=frame260
[AXIS INPUT 0] Loading input file: /home/23EC01052/Desktop/my_branch/LRF/data/hex_data/hex_img_276
[AXIS INPUT 0] Loading input file: /home/23EC01052/Desktop/my_branch/LRF/data/hex_data/hex_img_260
[TB] Sending pair 277: new=frame277  old=frame261
[AXIS INPUT 0] Loading input file: /home/23EC01052/Desktop/my_branch/LRF/data/hex_data/hex_img_277
[AXIS INPUT 0] Loading input file: /home/23EC01052/Desktop/my_branch/LRF/data/hex_data/hex_img_261
[TB] Sending pair 278: new=frame278  old=frame262
[AXIS INPUT 0] Loading input file: /home/23EC01052/Desktop/my_branch/LRF/data/hex_data/hex_img_278
[AXIS INPUT 0] Loading input file: /home/23EC01052/Desktop/my_branch/LRF/data/hex_data/hex_img_262
[TB] Sending pair 279: new=frame279  old=frame263
[AXIS INPUT 0] Loading input file: /home/23EC01052/Desktop/my_branch/LRF/data/hex_data/hex_img_279
[AXIS INPUT 0] Loading input file: /home/23EC01052/Desktop/my_branch/LRF/data/hex_data/hex_img_263
[TB] Sending pair 280: new=frame280  old=frame264
[AXIS INPUT 0] Loading input file: /home/23EC01052/Desktop/my_branch/LRF/data/hex_data/hex_img_280
[AXIS INPUT 0] Loading input file: /home/23EC01052/Desktop/my_branch/LRF/data/hex_data/hex_img_264
[TB] Sending pair 281: new=frame281  old=frame265
[AXIS INPUT 0] Loading input file: /home/23EC01052/Desktop/my_branch/LRF/data/hex_data/hex_img_281
[AXIS INPUT 0] Loading input file: /home/23EC01052/Desktop/my_branch/LRF/data/hex_data/hex_img_265
[TB] Sending pair 282: new=frame282  old=frame266
[AXIS INPUT 0] Loading input file: /home/23EC01052/Desktop/my_branch/LRF/data/hex_data/hex_img_282
[AXIS INPUT 0] Loading input file: /home/23EC01052/Desktop/my_branch/LRF/data/hex_data/hex_img_266
[TB] Sending pair 283: new=frame283  old=frame267
[AXIS INPUT 0] Loading input file: /home/23EC01052/Desktop/my_branch/LRF/data/hex_data/hex_img_283
[AXIS INPUT 0] Loading input file: /home/23EC01052/Desktop/my_branch/LRF/data/hex_data/hex_img_267
[TB] Sending pair 284: new=frame284  old=frame268
[AXIS INPUT 0] Loading input file: /home/23EC01052/Desktop/my_branch/LRF/data/hex_data/hex_img_284
[AXIS INPUT 0] Loading input file: /home/23EC01052/Desktop/my_branch/LRF/data/hex_data/hex_img_268
[TB] Sending pair 285: new=frame285  old=frame269
[AXIS INPUT 0] Loading input file: /home/23EC01052/Desktop/my_branch/LRF/data/hex_data/hex_img_285
[AXIS INPUT 0] Loading input file: /home/23EC01052/Desktop/my_branch/LRF/data/hex_data/hex_img_269
[TB] Sending pair 286: new=frame286  old=frame270
[AXIS INPUT 0] Loading input file: /home/23EC01052/Desktop/my_branch/LRF/data/hex_data/hex_img_286
[AXIS INPUT 0] Loading input file: /home/23EC01052/Desktop/my_branch/LRF/data/hex_data/hex_img_270
[TB] Sending pair 287: new=frame287  old=frame271
[AXIS INPUT 0] Loading input file: /home/23EC01052/Desktop/my_branch/LRF/data/hex_data/hex_img_287
[AXIS INPUT 0] Loading input file: /home/23EC01052/Desktop/my_branch/LRF/data/hex_data/hex_img_271
[TB] Sending pair 288: new=frame288  old=frame272
[AXIS INPUT 0] Loading input file: /home/23EC01052/Desktop/my_branch/LRF/data/hex_data/hex_img_288
[AXIS INPUT 0] Loading input file: /home/23EC01052/Desktop/my_branch/LRF/data/hex_data/hex_img_272
[TB] Sending pair 289: new=frame289  old=frame273
[AXIS INPUT 0] Loading input file: /home/23EC01052/Desktop/my_branch/LRF/data/hex_data/hex_img_289
[AXIS INPUT 0] Loading input file: /home/23EC01052/Desktop/my_branch/LRF/data/hex_data/hex_img_273
[TB] Sending pair 290: new=frame290  old=frame274
[AXIS INPUT 0] Loading input file: /home/23EC01052/Desktop/my_branch/LRF/data/hex_data/hex_img_290
[AXIS INPUT 0] Loading input file: /home/23EC01052/Desktop/my_branch/LRF/data/hex_data/hex_img_274
[TB] Sending pair 291: new=frame291  old=frame275
[AXIS INPUT 0] Loading input file: /home/23EC01052/Desktop/my_branch/LRF/data/hex_data/hex_img_291
[AXIS INPUT 0] Loading input file: /home/23EC01052/Desktop/my_branch/LRF/data/hex_data/hex_img_275
[TB] Sending pair 292: new=frame292  old=frame276
[AXIS INPUT 0] Loading input file: /home/23EC01052/Desktop/my_branch/LRF/data/hex_data/hex_img_292
[AXIS INPUT 0] Loading input file: /home/23EC01052/Desktop/my_branch/LRF/data/hex_data/hex_img_276
[TB] Sending pair 293: new=frame293  old=frame277
[AXIS INPUT 0] Loading input file: /home/23EC01052/Desktop/my_branch/LRF/data/hex_data/hex_img_293
[AXIS INPUT 0] Loading input file: /home/23EC01052/Desktop/my_branch/LRF/data/hex_data/hex_img_277
[TB] Sending pair 294: new=frame294  old=frame278
[AXIS INPUT 0] Loading input file: /home/23EC01052/Desktop/my_branch/LRF/data/hex_data/hex_img_294
[AXIS INPUT 0] Loading input file: /home/23EC01052/Desktop/my_branch/LRF/data/hex_data/hex_img_278
[TB] Sending pair 295: new=frame295  old=frame279
[AXIS INPUT 0] Loading input file: /home/23EC01052/Desktop/my_branch/LRF/data/hex_data/hex_img_295
[AXIS INPUT 0] Loading input file: /home/23EC01052/Desktop/my_branch/LRF/data/hex_data/hex_img_279
[TB] Sending pair 296: new=frame296  old=frame280
[AXIS INPUT 0] Loading input file: /home/23EC01052/Desktop/my_branch/LRF/data/hex_data/hex_img_296
[AXIS INPUT 0] Loading input file: /home/23EC01052/Desktop/my_branch/LRF/data/hex_data/hex_img_280
[TB] Sending pair 297: new=frame297  old=frame281
[AXIS INPUT 0] Loading input file: /home/23EC01052/Desktop/my_branch/LRF/data/hex_data/hex_img_297
[AXIS INPUT 0] Loading input file: /home/23EC01052/Desktop/my_branch/LRF/data/hex_data/hex_img_281
[TB] Sending pair 298: new=frame298  old=frame282
[AXIS INPUT 0] Loading input file: /home/23EC01052/Desktop/my_branch/LRF/data/hex_data/hex_img_298
[AXIS INPUT 0] Loading input file: /home/23EC01052/Desktop/my_branch/LRF/data/hex_data/hex_img_282
[TB] Sending pair 299: new=frame299  old=frame283
[AXIS INPUT 0] Loading input file: /home/23EC01052/Desktop/my_branch/LRF/data/hex_data/hex_img_299
[AXIS INPUT 0] Loading input file: /home/23EC01052/Desktop/my_branch/LRF/data/hex_data/hex_img_283
[TB] All 300 pairs enqueued.
[TB] Written output frame 0 → /home/23EC01052/Desktop/my_branch/LRF/workspace/top_video/outputs/out_hex_img_0.hex
[TB] Written output frame 1 → /home/23EC01052/Desktop/my_branch/LRF/workspace/top_video/outputs/out_hex_img_1.hex
run: Time (s): cpu = 00:02:59 ; elapsed = 00:21:10 . Memory (MB): peak = 8726.590 ; gain = 195.789 ; free physical = 11404 ; free virtual = 60248
update_compile_order -fileset sources_1
close_sim
INFO: xsimkernel Simulation Memory Usage: 3075648 KB (Peak: 3141184 KB), Simulation CPU Usage: 1268130 ms
INFO: [Simtcl 6-16] Simulation closed
exit
INFO: [Common 17-206] Exiting Vivado at Sat Jul 18 15:04:30 2026...
